# environment=00253 local_bs=3 gain_scale=1.609941824163e-11
# ue subcarrier serving_bs phi0 phi1 phi2 phi3 phi4 gain0 gain1 gain2 gain3 gain4
0 0 3 2.41556535 2.51236200 3.23345999 2.67980818 2.66419370 2.272070359072e-05 3.366576858949e-06 5.960384895698e-06 2.118303019351e-02 2.789219246196e-06
0 1 3 2.41556535 2.51236200 3.23345999 2.67980818 2.66419370 2.188765092598e-05 3.411099352448e-06 4.698601539925e-06 2.069116351147e-02 2.939413105123e-06
0 2 3 2.41556535 2.51236200 3.23345999 2.67980818 2.66419370 2.108038407005e-05 3.413512857730e-06 4.093176022080e-06 1.992084987005e-02 3.102207986038e-06
0 3 3 2.41556535 2.51236200 3.23345999 2.67980818 2.66419370 2.029890773810e-05 3.376359792639e-06 4.304181414574e-06 1.888915709486e-02 3.256355904065e-06
0 4 3 2.41556535 2.51236200 3.23345999 2.67980818 2.66419370 1.954322649469e-05 3.303880161573e-06 5.062413042976e-06 1.764102129942e-02 3.383126847299e-06
0 5 3 2.41556535 2.51236200 3.23345999 2.67980818 2.66419370 1.881334475369e-05 3.201764010540e-06 5.839272644743e-06 1.624270969161e-02 3.467483980323e-06
0 6 3 2.41556535 2.51236200 3.23345999 2.67980818 2.66419370 1.810926677828e-05 3.076832296217e-06 6.138075696018e-06 1.477361313536e-02 3.498891817874e-06
0 7 3 2.41556535 2.51236200 3.23345999 2.67980818 2.66419370 1.743099668093e-05 2.936667699658e-06 5.747615099627e-06 1.331733760957e-02 3.471727077657e-06
0 8 3 2.41556535 2.51236200 3.23345999 2.67980818 2.66419370 1.677853842338e-05 2.789219038469e-06 4.830149425055e-06 1.195305911672e-02 3.385295106032e-06
0 9 3 2.41556535 2.51236200 3.23345999 2.67980818 2.66419370 1.615189581657e-05 2.642403362006e-06 3.810828821709e-06 1.074800010691e-02 3.243484846654e-06
0 10 3 2.41556535 2.51236200 3.23345999 2.67980818 2.66419370 1.555107252068e-05 2.503728613789e-06 3.140154198799e-06 9.751697196493e-03 3.054120098801e-06
0 11 3 2.41556535 2.51236200 3.23345999 2.67980818 2.66419370 1.497607204507e-05 2.379957090455e-06 3.060837885465e-06 8.992487386861e-03 2.828082725514e-06
0 12 3 2.41556535 2.51236200 3.23345999 2.67980818 2.66419370 1.442689774828e-05 2.276826090990e-06 3.498228150437e-06 8.476374303725e-03 2.578293672449e-06
0 13 3 2.41556535 2.51236200 3.23345999 2.67980818 2.66419370 1.390355283800e-05 2.198837478833e-06 4.121208276217e-06 8.188178134642e-03 2.318640029180e-06
0 14 3 2.41556535 2.51236200 3.23345999 2.67980818 2.66419370 1.340604037104e-05 2.149122760287e-06 4.529870041255e-06 8.094650128228e-03 2.062931471531e-06
0 15 3 2.41556535 2.51236200 3.23345999 2.67980818 2.66419370 1.293436325333e-05 2.129385113446e-06 4.464941701312e-06 8.149065351301e-03 1.823958408843e-06
0 16 3 2.41556535 2.51236200 3.23345999 2.67980818 2.66419370 1.248852423992e-05 2.139914960229e-06 3.930755459622e-06 8.296708155005e-03 1.612708591737e-06
0 17 3 2.41556535 2.51236200 3.23345999 2.67980818 2.66419370 1.206852593490e-05 2.179671489048e-06 3.175448368233e-06 8.480636794311e-03 1.437780628702e-06
0 18 3 2.41556535 2.51236200 3.23345999 2.67980818 2.66419370 1.167437079146e-05 2.246419264792e-06 2.548490494140e-06 8.647151762492e-03 1.305013686617e-06
0 19 3 2.41556535 2.51236200 3.23345999 2.67980818 2.66419370 1.130606111183e-05 2.336906875293e-06 2.316122533421e-06 8.750484605389e-03 1.217334363600e-06
0 20 3 2.41556535 2.51236200 3.23345999 2.67980818 2.66419370 1.096359904728e-05 2.447073531984e-06 2.530777337431e-06 8.756353522766e-03 1.174805800185e-06
0 21 3 2.41556535 2.51236200 3.23345999 2.67980818 2.66419370 1.064698659811e-05 2.572269641783e-06 3.016816191425e-06 8.644180067771e-03 1.174851624480e-06
0 22 3 2.41556535 2.51236200 3.23345999 2.67980818 2.66419370 1.035622561362e-05 2.707478482057e-06 3.472482939358e-06 8.407909284482e-03 1.212618938606e-06
0 23 3 2.41556535 2.51236200 3.23345999 2.67980818 2.66419370 1.009131779212e-05 2.847528049335e-06 3.629931520759e-06 8.055507917772e-03 1.281440401780e-06
0 24 3 2.41556535 2.51236200 3.23345999 2.67980818 2.66419370 9.852264680933e-06 2.987284667913e-06 3.389815632031e-06 7.607320432835e-03 1.373355261671e-06
0 25 3 2.41556535 2.51236200 3.23345999 2.67980818 2.66419370 9.639067676337e-06 3.121822757016e-06 2.864403454269e-06 7.093534198278e-03 1.479652274416e-06
0 26 3 2.41556535 2.51236200 3.23345999 2.67980818 2.66419370 9.451728023604e-06 3.246567978846e-06 2.312097456248e-06 6.551042226482e-03 1.591402920445e-06
0 27 3 2.41556535 2.51236200 3.23345999 2.67980818 2.66419370 9.290246816972e-06 3.357413557827e-06 2.000828066118e-06 6.019997743611e-03 1.699960122597e-06
0 28 3 2.41556535 2.51236200 3.23345999 2.67980818 2.66419370 9.154624999638e-06 3.450811648500e-06 2.071274569612e-06 5.540336234698e-03 1.797404761894e-06
0 29 3 2.41556535 2.51236200 3.23345999 2.67980818 2.66419370 9.044863363762e-06 3.523843071592e-06 2.468198335991e-06 5.148505778434e-03 1.876928747566e-06
0 30 3 2.41556535 2.51236200 3.23345999 2.67980818 2.66419370 8.960962550451e-06 3.574269443583e-06 2.972324221958e-06 4.874603757625e-03 1.933148541270e-06
0 31 3 2.41556535 2.51236200 3.23345999 2.67980818 2.66419370 8.902923049765e-06 3.600571683118e-06 3.314715635757e-06 4.740074285707e-03 1.962346465741e-06
0 32 3 2.41556535 2.51236200 3.23345999 2.67980818 2.66419370 8.870745200707e-06 3.601978154596e-06 3.315160299555e-06 4.756080385186e-03 1.962638774236e-06
0 33 3 2.41556535 2.51236200 3.23345999 2.67980818 2.66419370 8.864429191227e-06 3.578484442118e-06 2.974891279511e-06 4.922629693398e-03 1.934069559981e-06
0 34 3 2.41556535 2.51236200 3.23345999 2.67980818 2.66419370 8.883975058216e-06 3.530865128531e-06 2.476963323825e-06 5.228501177794e-03 1.878628645771e-06
0 35 3 2.41556535 2.51236200 3.23345999 2.67980818 2.66419370 8.929382687506e-06 3.460676213930e-06 2.093503333392e-06 5.651989979705e-03 1.800190292357e-06
0 36 3 2.41556535 2.51236200 3.23345999 2.67980818 2.66419370 9.000651813877e-06 3.370245189006e-06 2.045694049471e-06 6.162454189389e-03 1.704368652142e-06
0 37 3 2.41556535 2.51236200 3.23345999 2.67980818 2.66419370 9.097782021051e-06 3.262644514614e-06 2.386992494679e-06 6.722607652365e-03 1.598286082242e-06
0 38 3 2.41556535 2.51236200 3.23345999 2.67980818 2.66419370 9.220772741696e-06 3.141643550379e-06 2.970122389923e-06 7.291455064706e-03 1.490252276486e-06
0 39 3 2.41556535 2.51236200 3.23345999 2.67980818 2.66419370 9.369623257434e-06 3.011633969358e-06 3.517651549814e-06 7.827710492596e-03 1.389355992544e-06
0 40 3 2.41556535 2.51236200 3.23345999 2.67980818 2.66419370 9.544332698839e-06 2.877524471025e-06 3.763591083500e-06 8.293481964023e-03 1.304976942235e-06
0 41 3 2.41556535 2.51236200 3.23345999 2.67980818 2.66419370 9.744900045448e-06 2.744602160518e-06 3.595289637638e-06 8.657949740008e-03 1.246232847442e-06
0 42 3 2.41556535 2.51236200 3.23345999 2.67980818 2.66419370 9.971324125760e-06 2.618360216106e-06 3.121144960445e-06 8.900723213117e-03 1.221385086264e-06
0 43 3 2.41556535 2.51236200 3.23345999 2.67980818 2.66419370 1.022360361725e-05 2.504294259758e-06 2.624332777112e-06 9.014540852470e-03 1.237234842249e-06
0 44 3 2.41556535 2.51236200 3.23345999 2.67980818 2.66419370 1.050173704637e-05 2.407672952452e-06 2.420418342916e-06 9.006988128578e-03 1.298549128150e-06
0 45 3 2.41556535 2.51236200 3.23345999 2.67980818 2.66419370 1.080572278857e-05 2.333291483325e-06 2.688836924340e-06 8.900956223618e-03 1.407561334703e-06
0 46 3 2.41556535 2.51236200 3.23345999 2.67980818 2.66419370 1.113555906829e-05 2.285219511412e-06 3.366916626640e-06 8.733651707040e-03 1.563592987564e-06
0 47 3 2.41556535 2.51236200 3.23345999 2.67980818 2.66419370 1.149124395897e-05 2.266557452063e-06 4.167852078927e-06 8.554091085990e-03 1.762841334698e-06
0 48 3 2.41556535 2.51236200 3.23345999 2.67980818 2.66419370 1.187277538309e-05 2.279216505710e-06 4.721721942582e-06 8.419165351428e-03 1.998370729949e-06
0 49 3 2.41556535 2.51236200 3.23345999 2.67980818 2.66419370 1.228015111216e-05 2.323738284973e-06 4.771936411497e-06 8.388524121385e-03 2.260334464027e-06
0 50 3 2.41556535 2.51236200 3.23345999 2.67980818 2.66419370 1.271336876672e-05 2.399169162119e-06 4.324138792126e-06 8.518688418734e-03 2.536438155757e-06
0 51 3 2.41556535 2.51236200 3.23345999 2.67980818 2.66419370 1.317242581638e-05 2.503002478337e-06 3.662459587631e-06 8.856935091465e-03 2.812636990581e-06
0 52 3 2.41556535 2.51236200 3.23345999 2.67980818 2.66419370 1.365731957982e-05 2.631198575690e-06 3.213917664668e-06 9.435584397272e-03 3.074038372973e-06
0 53 3 2.41556535 2.51236200 3.23345999 2.67980818 2.66419370 1.416804722481e-05 2.778288381230e-06 3.323660851996e-06 1.026734853836e-02 3.305960695904e-06
0 54 3 2.41556535 2.51236200 3.23345999 2.67980818 2.66419370 1.470460576824e-05 2.937561235646e-06 4.057933947578e-06 1.134235198805e-02 3.495079890192e-06
0 55 3 2.41556535 2.51236200 3.23345999 2.67980818 2.66419370 1.526699207609e-05 3.101332142900e-06 5.145844836940e-06 1.262731129667e-02 3.630580203989e-06
0 56 3 2.41556535 2.51236200 3.23345999 2.67980818 2.66419370 1.585520286353e-05 3.261278008643e-06 6.103229920620e-06 1.406716893140e-02 3.705216125066e-06
0 57 3 2.41556535 2.51236200 3.23345999 2.67980818 2.66419370 1.646923469484e-05 3.408827151866e-06 6.484494330913e-06 1.558922822965e-02 3.716189990305e-06
0 58 3 2.41556535 2.51236200 3.23345999 2.67980818 2.66419370 1.710908398353e-05 3.535581834513e-06 6.132854619901e-06 1.710955873370e-02 3.665755592820e-06
0 59 3 2.41556535 2.51236200 3.23345999 2.67980818 2.66419370 1.777474699226e-05 3.633750143152e-06 5.289811249175e-06 1.854116316902e-02 3.561472294070e-06
0 60 3 2.41556535 2.51236200 3.23345999 2.67980818 2.66419370 1.846621983297e-05 3.696561596419e-06 4.491804700349e-06 1.980315220549e-02 3.416056318615e-06
0 61 3 2.41556535 2.51236200 3.23345999 2.67980818 2.66419370 1.918349846680e-05 3.718640569945e-06 4.294775536273e-06 2.082999303412e-02 3.246804821271e-06
0 62 3 2.41556535 2.51236200 3.23345999 2.67980818 2.66419370 1.992657870419e-05 3.696313140298e-06 4.966511969344e-06 2.157980983129e-02 3.074602015337e-06
0 63 3 2.41556535 2.51236200 3.23345999 2.67980818 2.66419370 2.069545620485e-05 3.627826235318e-06 6.315674545515e-06 2.204073671508e-02 2.922552581016e-06
3 0 3 2.34804282 2.27498225 2.79225340 2.40099104 2.36980696 5.708465570741e-05 2.793872081368e-06 4.416919539119e-06 6.479538368671e-03 2.124091797344e-06
3 1 3 2.34804282 2.27498225 2.79225340 2.40099104 2.36980696 5.501049175650e-05 2.822246968182e-06 3.429270347631e-06 6.514954365194e-03 2.242301018567e-06
3 2 3 2.34804282 2.27498225 2.79225340 2.40099104 2.36980696 5.299887279342e-05 2.816270566019e-06 2.956969170240e-06 6.381336107220e-03 2.370446499084e-06
3 3 3 2.34804282 2.27498225 2.79225340 2.40099104 2.36980696 5.104980944996e-05 2.778238940365e-06 3.128925193967e-06 6.081252095875e-03 2.491980904278e-06
3 4 3 2.34804282 2.27498225 2.79225340 2.40099104 2.36980696 4.916331202723e-05 2.711798648272e-06 3.734817694859e-06 5.634723598118e-03 2.592304720374e-06
3 5 3 2.34804282 2.27498225 2.79225340 2.40099104 2.36980696 4.733939049572e-05 2.621737358145e-06 4.358130217238e-06 5.075812559646e-03 2.659683943085e-06
3 6 3 2.34804282 2.27498225 2.79225340 2.40099104 2.36980696 4.557805449516e-05 2.513719389002e-06 4.605901075969e-06 4.448048258426e-03 2.685882468284e-06
3 7 3 2.34804282 2.27498225 2.79225340 2.40099104 2.36980696 4.387931333453e-05 2.393983727752e-06 4.309542495179e-06 3.799261796715e-03 2.666485303654e-06
3 8 3 2.34804282 2.27498225 2.79225340 2.40099104 2.36980696 4.224317599195e-05 2.269023575017e-06 3.595372262421e-06 3.176411524276e-03 2.600914575706e-06
3 9 3 2.34804282 2.27498225 2.79225340 2.40099104 2.36980696 4.066965111472e-05 2.145266622692e-06 2.798213637284e-06 2.620932908184e-03 2.492163761967e-06
3 10 3 2.34804282 2.27498225 2.79225340 2.40099104 2.36980696 3.915874701917e-05 2.028774141288e-06 2.274150197612e-06 2.165044200653e-03 2.346294922266e-06
3 11 3 2.34804282 2.27498225 2.79225340 2.40099104 2.36980696 3.771047169070e-05 1.924974702506e-06 2.216080821086e-06 1.829300420198e-03 2.171757712713e-06
3 12 3 2.34804282 2.27498225 2.79225340 2.40099104 2.36980696 3.632483278370e-05 1.838445206651e-06 2.566439712291e-06 1.621531247035e-03 1.978596973843e-06
3 13 3 2.34804282 2.27498225 2.79225340 2.40099104 2.36980696 3.500183762151e-05 1.772748103166e-06 3.064565180256e-06 1.537142334834e-03 1.777617593654e-06
3 14 3 2.34804282 2.27498225 2.79225340 2.40099104 2.36980696 3.374149319640e-05 1.730329593573e-06 3.394572294469e-06 1.560621236821e-03 1.579571592771e-06
3 15 3 2.34804282 2.27498225 2.79225340 2.40099104 2.36980696 3.254380616949e-05 1.712479502958e-06 3.350909379830e-06 1.667981905126e-03 1.394423848451e-06
3 16 3 2.34804282 2.27498225 2.79225340 2.40099104 2.36980696 3.140878287078e-05 1.719349693660e-06 2.935980352103e-06 1.829813920209e-03 1.230740785128e-06
3 17 3 2.34804282 2.27498225 2.79225340 2.40099104 2.36980696 3.033642929907e-05 1.750024627640e-06 2.345054181506e-06 2.014577228161e-03 1.095232123258e-06
3 18 3 2.34804282 2.27498225 2.79225340 2.40099104 2.36980696 2.932675112192e-05 1.802635159065e-06 1.854046482446e-06 2.191798021050e-03 9.924608540217e-07
3 19 3 2.34804282 2.27498225 2.79225340 2.40099104 2.36980696 2.837975367566e-05 1.874504982680e-06 1.673698581505e-06 2.334869959375e-03 9.247223604333e-07
3 20 3 2.34804282 2.27498225 2.79225340 2.40099104 2.36980696 2.749544196534e-05 1.962318426825e-06 1.846118237560e-06 2.423237615583e-03 8.920811884115e-07
3 21 3 2.34804282 2.27498225 2.79225340 2.40099104 2.36980696 2.667382066471e-05 2.062298436345e-06 2.233123925338e-06 2.443824695521e-03 8.925442339210e-07
3 22 3 2.34804282 2.27498225 2.79225340 2.40099104 2.36980696 2.591489411616e-05 2.170384543670e-06 2.596527000809e-06 2.391657184480e-03 9.223425477692e-07
3 23 3 2.34804282 2.27498225 2.79225340 2.40099104 2.36980696 2.521866633077e-05 2.282402220747e-06 2.724527994317e-06 2.269711390183e-03 9.762906913581e-07
3 24 3 2.34804282 2.27498225 2.79225340 2.40099104 2.36980696 2.458514098822e-05 2.394217042130e-06 2.538222170104e-06 2.088081681067e-03 1.048192383021e-06
3 25 3 2.34804282 2.27498225 2.79225340 2.40099104 2.36980696 2.401432143679e-05 2.501869348441e-06 2.125913077785e-06 1.862608324898e-03 1.131263547498e-06
3 26 3 2.34804282 2.27498225 2.79225340 2.40099104 2.36980696 2.350621069338e-05 2.601687353419e-06 1.691563753872e-06 1.613131102774e-03 1.218548110554e-06
3 27 3 2.34804282 2.27498225 2.79225340 2.40099104 2.36980696 2.306081144342e-05 2.690378677135e-06 1.446907333049e-06 1.361540926285e-03 1.303307154277e-06
3 28 3 2.34804282 2.27498225 2.79225340 2.40099104 2.36980696 2.267812604095e-05 2.765101936408e-06 1.503289302479e-06 1.129793158459e-03 1.379367554903e-06
3 29 3 2.34804282 2.27498225 2.79225340 2.40099104 2.36980696 2.235815650851e-05 2.823521152979e-06 1.817274696619e-06 9.380274594318e-04 1.441421250482e-06
3 30 3 2.34804282 2.27498225 2.79225340 2.40099104 2.36980696 2.210090453720e-05 2.863846280943e-06 2.215738303582e-06 8.029145903308e-04 1.485270292577e-06
3 31 3 2.34804282 2.27498225 2.79225340 2.40099104 2.36980696 2.190637148664e-05 2.884863099762e-06 2.486217572464e-06 7.363248173780e-04 1.508015516470e-06
3 32 3 2.34804282 2.27498225 2.79225340 2.40099104 2.36980696 2.177455838497e-05 2.885955122563e-06 2.486301019661e-06 7.443881155085e-04 1.508187961545e-06
3 33 3 2.34804282 2.27498225 2.79225340 2.40099104 2.36980696 2.170546592885e-05 2.867119140608e-06 2.216942321999e-06 8.269943992160e-04 1.485822274178e-06
3 34 3 2.34804282 2.27498225 2.79225340 2.40099104 2.36980696 2.169909448345e-05 2.828974717304e-06 1.822767455433e-06 9.777620807221e-04 1.442470618396e-06
3 35 3 2.34804282 2.27498225 2.79225340 2.40099104 2.36980696 2.175544408243e-05 2.772766540743e-06 1.518752946052e-06 1.184483799649e-03 1.381154632352e-06
3 36 3 2.34804282 2.27498225 2.79225340 2.40099104 2.36980696 2.187451442798e-05 2.700357235510e-06 1.479552255446e-06 1.430037109090e-03 1.306252284876e-06
3 37 3 2.34804282 2.27498225 2.79225340 2.40099104 2.36980696 2.205630489080e-05 2.614207207553e-06 1.747231679987e-06 1.693723414131e-03 1.223316657408e-06
3 38 3 2.34804282 2.27498225 2.79225340 2.40099104 2.36980696 2.230081451008e-05 2.517337509614e-06 2.205272710872e-06 1.952969679474e-03 1.138825135367e-06
3 39 3 2.34804282 2.27498225 2.79225340 2.40099104 2.36980696 2.260804199356e-05 2.413271686675e-06 2.634457423089e-06 2.185294996882e-03 1.059860481666e-06
3 40 3 2.34804282 2.27498225 2.79225340 2.40099104 2.36980696 2.297798571748e-05 2.305953154522e-06 2.824825736452e-06 2.370410429988e-03 9.937297853864e-07
3 41 3 2.34804282 2.27498225 2.79225340 2.40099104 2.36980696 2.341064372662e-05 2.199635881229e-06 2.687745281236e-06 2.492289682614e-03 9.475330703305e-07
3 42 3 2.34804282 2.27498225 2.79225340 2.40099104 2.36980696 2.390601373432e-05 2.098747918441e-06 2.309235045684e-06 2.541025295187e-03 9.276999006540e-07
3 43 3 2.34804282 2.27498225 2.79225340 2.40099104 2.36980696 2.446409312245e-05 2.007729542832e-06 1.913173645184e-06 2.514275888016e-03 9.395189161353e-07
3 44 3 2.34804282 2.27498225 2.79225340 2.40099104 2.36980696 2.508487894146e-05 1.930850242080e-06 1.748645273733e-06 2.418119480252e-03 9.866910148899e-07
3 45 3 2.34804282 2.27498225 2.79225340 2.40099104 2.36980696 2.576836791041e-05 1.872011299565e-06 1.956840317776e-06 2.267159538536e-03 1.070940982333e-06
3 46 3 2.34804282 2.27498225 2.79225340 2.40099104 2.36980696 2.651455641692e-05 1.834543062223e-06 2.487592202970e-06 2.083785031123e-03 1.191723912662e-06
3 47 3 2.34804282 2.27498225 2.79225340 2.40099104 2.36980696 2.732344051726e-05 1.821007880067e-06 3.113953861920e-06 1.896561091896e-03 1.346061126045e-06
3 48 3 2.34804282 2.27498225 2.79225340 2.40099104 2.36980696 2.819501593635e-05 1.833020967031e-06 3.543889163958e-06 1.737817256227e-03 1.528535062757e-06
3 49 3 2.34804282 2.27498225 2.79225340 2.40099104 2.36980696 2.912927806774e-05 1.871101874164e-06 3.575468089738e-06 1.640596831829e-03 1.731463789629e-06
3 50 3 2.34804282 2.27498225 2.79225340 2.40099104 2.36980696 3.012622197371e-05 1.934568768045e-06 3.214154783037e-06 1.635222710234e-03 1.945263625731e-06
3 51 3 2.34804282 2.27498225 2.79225340 2.40099104 2.36980696 3.118584238522e-05 2.021486220778e-06 2.685098209245e-06 1.745809625218e-03 2.158993715648e-06
3 52 3 2.34804282 2.27498225 2.79225340 2.40099104 2.36980696 3.230813370201e-05 2.128674772629e-06 2.325545027511e-06 1.987098807525e-03 2.361060237658e-06
3 53 3 2.34804282 2.27498225 2.79225340 2.40099104 2.36980696 3.349308999256e-05 2.251787235013e-06 2.407195741045e-06 2.361998590420e-03 2.540041696157e-06
3 54 3 2.34804282 2.27498225 2.79225340 2.40099104 2.36980696 3.474070499419e-05 2.385452746736e-06 2.980964310282e-06 2.860177907147e-03 2.685581945261e-06
3 55 3 2.34804282 2.27498225 2.79225340 2.40099104 2.36980696 3.605097211301e-05 2.523485232250e-06 3.831728085867e-06 3.457977837557e-03 2.789285784011e-06
3 56 3 2.34804282 2.27498225 2.79225340 2.40099104 2.36980696 3.742388442404e-05 2.659148437918e-06 4.576887147718e-06 4.119784078326e-03 2.845544589911e-06
3 57 3 2.34804282 2.27498225 2.79225340 2.40099104 2.36980696 3.885943467121e-05 2.785465468975e-06 4.865549849119e-06 4.800850736523e-03 2.852217677092e-06
3 58 3 2.34804282 2.27498225 2.79225340 2.40099104 2.36980696 4.035761526737e-05 2.895557047084e-06 4.575768745018e-06 5.451398391020e-03 2.811099625034e-06
3 59 3 2.34804282 2.27498225 2.79225340 2.40099104 2.36980696 4.191841829439e-05 2.982989864570e-06 3.900038654964e-06 6.021645600466e-03 2.728114949056e-06
3 60 3 2.34804282 2.27498225 2.79225340 2.40099104 2.36980696 4.354183550315e-05 3.042114686998e-06 3.262635118808e-06 6.467293059118e-03 2.613198812084e-06
3 61 3 2.34804282 2.27498225 2.79225340 2.40099104 2.36980696 4.522785831360e-05 3.068373441202e-06 3.101553257260e-06 6.754882542581e-03 2.479845042993e-06
3 62 3 2.34804282 2.27498225 2.79225340 2.40099104 2.36980696 4.697647781482e-05 3.058555523249e-06 3.625908617874e-06 6.866414319817e-03 2.344329001854e-06
3 63 3 2.34804282 2.27498225 2.79225340 2.40099104 2.36980696 4.878768476504e-05 3.010985972089e-06 4.682096118651e-06 6.802636796436e-03 2.224640821579e-06
4 0 3 4.09487712 2.17236559 3.71138288 10.92452339 2.69660724 4.304288280612e+00 3.947366110919e-01 2.929226306690e+00 1.215777879247e+02 1.084106365600e+00
4 1 3 4.09487712 2.17236559 3.71138288 10.92452339 2.69660724 4.518720839828e+00 3.818133308069e-01 2.835040280939e+00 1.181589798051e+02 1.117474494409e+00
4 2 3 4.09487712 2.17236559 3.71138288 10.92452339 2.69660724 4.566834765660e+00 3.683280150143e-01 2.749132328983e+00 1.141761303745e+02 1.107824125405e+00
4 3 3 4.09487712 2.17236559 3.71138288 10.92452339 2.69660724 4.384719095362e+00 3.542693019532e-01 2.665313194698e+00 1.102714560953e+02 1.055245013457e+00
4 4 3 4.09487712 2.17236559 3.71138288 10.92452339 2.69660724 4.006481179922e+00 3.397727910371e-01 2.578036701094e+00 1.070182387765e+02 9.644462278762e-01
4 5 3 4.09487712 2.17236559 3.71138288 10.92452339 2.69660724 3.543239050331e+00 3.251113653502e-01 2.490202339159e+00 1.047199416132e+02 8.460137401664e-01
4 6 3 4.09487712 2.17236559 3.71138288 10.92452339 2.69660724 3.133257526294e+00 3.106466004503e-01 2.408940020558e+00 1.035465130626e+02 7.172713536787e-01
4 7 3 4.09487712 2.17236559 3.71138288 10.92452339 2.69660724 2.885464668101e+00 2.967511920829e-01 2.336201542024e+00 1.033871704087e+02 5.979675743434e-01
4 8 3 4.09487712 2.17236559 3.71138288 10.92452339 2.69660724 2.839103645017e+00 2.837236568016e-01 2.266980657672e+00 1.037338833535e+02 5.042025809778e-01
4 9 3 4.09487712 2.17236559 3.71138288 10.92452339 2.69660724 2.953796272424e+00 2.717212552671e-01 2.196668593461e+00 1.038672279741e+02 4.458780689866e-01
4 10 3 4.09487712 2.17236559 3.71138288 10.92452339 2.69660724 3.131218615508e+00 2.607328183558e-01 2.126770440144e+00 1.030767234802e+02 4.264925612560e-01
4 11 3 4.09487712 2.17236559 3.71138288 10.92452339 2.69660724 3.257440679655e+00 2.506009360988e-01 2.061087620191e+00 1.008804361067e+02 4.421135969194e-01
4 12 3 4.09487712 2.17236559 3.71138288 10.92452339 2.69660724 3.248143599679e+00 2.410868848735e-01 1.997911923584e+00 9.714566371921e+01 4.814743341238e-01
4 13 3 4.09487712 2.17236559 3.71138288 10.92452339 2.69660724 3.079292420438e+00 2.319573802603e-01 1.929669883695e+00 9.197571105766e+01 5.301062812579e-01
4 14 3 4.09487712 2.17236559 3.71138288 10.92452339 2.69660724 2.792585859268e+00 2.230648734282e-01 1.851920087843e+00 8.570704364073e+01 5.755479460315e-01
4 15 3 4.09487712 2.17236559 3.71138288 10.92452339 2.69660724 2.475208629273e+00 2.143953336778e-01 1.770880694144e+00 7.900161864114e+01 6.088141680370e-01
4 16 3 4.09487712 2.17236559 3.71138288 10.92452339 2.69660724 2.223180758753e+00 2.060685343579e-01 1.699370838555e+00 7.256511574921e+01 6.231096147700e-01
4 17 3 4.09487712 2.17236559 3.71138288 10.92452339 2.69660724 2.103366435631e+00 1.982919222455e-01 1.644873921887e+00 6.682011286653e+01 6.140651709324e-01
4 18 3 4.09487712 2.17236559 3.71138288 10.92452339 2.69660724 2.128955516899e+00 1.912846531641e-01 1.603175381672e+00 6.203052029939e+01 5.815385815146e-01
4 19 3 4.09487712 2.17236559 3.71138288 10.92452339 2.69660724 2.257253633128e+00 1.851980750865e-01 1.564358550595e+00 5.841531556551e+01 5.297278948836e-01
4 20 3 4.09487712 2.17236559 3.71138288 10.92452339 2.69660724 2.409440900946e+00 1.800597033505e-01 1.523298349424e+00 5.599019949590e+01 4.655297855983e-01
4 21 3 4.09487712 2.17236559 3.71138288 10.92452339 2.69660724 2.503355302275e+00 1.757595345505e-01 1.482582863079e+00 5.461745673177e+01 3.978375492991e-01
4 22 3 4.09487712 2.17236559 3.71138288 10.92452339 2.69660724 2.485754215445e+00 1.720833383256e-01 1.446527643055e+00 5.423623836270e+01 3.374943754994e-01
4 23 3 4.09487712 2.17236559 3.71138288 10.92452339 2.69660724 2.351538732422e+00 1.687821543724e-01 1.415769407812e+00 5.486388221797e+01 2.950600632279e-01
4 24 3 4.09487712 2.17236559 3.71138288 10.92452339 2.69660724 2.143303833717e+00 1.656555927731e-01 1.388937341945e+00 5.649031673161e+01 2.768538749931e-01
4 25 3 4.09487712 2.17236559 3.71138288 10.92452339 2.69660724 1.932596253235e+00 1.626222456980e-01 1.366714038479e+00 5.904554183142e+01 2.831701861906e-01
4 26 3 4.09487712 2.17236559 3.71138288 10.92452339 2.69660724 1.791107035872e+00 1.597546596942e-01 1.350713014840e+00 6.236324356530e+01 3.098934756392e-01
4 27 3 4.09487712 2.17236559 3.71138288 10.92452339 2.69660724 1.763206877579e+00 1.572673377982e-01 1.338789779582e+00 6.618797424170e+01 3.505928537274e-01
4 28 3 4.09487712 2.17236559 3.71138288 10.92452339 2.69660724 1.849956756353e+00 1.554605862180e-01 1.325444733245e+00 7.018530687725e+01 3.973238377571e-01
4 29 3 4.09487712 2.17236559 3.71138288 10.92452339 2.69660724 2.009928903636e+00 1.546363196049e-01 1.309388885771e+00 7.386980434676e+01 4.417057242329e-01
4 30 3 4.09487712 2.17236559 3.71138288 10.92452339 2.69660724 2.175875103600e+00 1.550103177670e-01 1.298728651314e+00 7.669798822280e+01 4.769542938371e-01
4 31 3 4.09487712 2.17236559 3.71138288 10.92452339 2.69660724 2.280714228331e+00 1.566465719361e-01 1.304882491724e+00 7.831642819064e+01 4.987262875042e-01
4 32 3 4.09487712 2.17236559 3.71138288 10.92452339 2.69660724 2.283213830353e+00 1.594330721088e-01 1.330375826677e+00 7.855235582550e+01 5.040048773726e-01
4 33 3 4.09487712 2.17236559 3.71138288 10.92452339 2.69660724 2.183965462409e+00 1.631065424227e-01 1.364861810725e+00 7.729736771572e+01 4.907378953550e-01
4 34 3 4.09487712 2.17236559 3.71138288 10.92452339 2.69660724 2.025669082110e+00 1.673196045627e-01 1.394864621585e+00 7.467117977557e+01 4.598692551994e-01
4 35 3 4.09487712 2.17236559 3.71138288 10.92452339 2.69660724 1.877298241021e+00 1.717315937786e-01 1.416326859735e+00 7.111897591097e+01 4.171393304883e-01
4 36 3 4.09487712 2.17236559 3.71138288 10.92452339 2.69660724 1.807654024630e+00 1.760972524311e-01 1.436028840210e+00 6.716756013767e+01 3.719139481509e-01
4 37 3 4.09487712 2.17236559 3.71138288 10.92452339 2.69660724 1.858071843560e+00 1.803278618846e-01 1.461950947958e+00 6.327009715309e+01 3.344364541272e-01
4 38 3 4.09487712 2.17236559 3.71138288 10.92452339 2.69660724 2.024900348991e+00 1.845071169397e-01 1.495285980296e+00 5.986015660615e+01 3.140575673543e-01
4 39 3 4.09487712 2.17236559 3.71138288 10.92452339 2.69660724 2.259164970477e+00 1.888571544598e-01 1.532460369038e+00 5.729863193163e+01 3.178656846499e-01
4 40 3 4.09487712 2.17236559 3.71138288 10.92452339 2.69660724 2.484436479363e+00 1.936649226570e-01 1.571647353091e+00 5.578298031942e+01 3.483529620529e-01
4 41 3 4.09487712 2.17236559 3.71138288 10.92452339 2.69660724 2.626655077494e+00 1.991911408938e-01 1.613983485700e+00 5.537985671852e+01 4.019934585995e-01
4 42 3 4.09487712 2.17236559 3.71138288 10.92452339 2.69660724 2.644446868556e+00 2.055896573252e-01 1.659389349187e+00 5.608663056311e+01 4.711363485098e-01
4 43 3 4.09487712 2.17236559 3.71138288 10.92452339 2.69660724 2.547638044240e+00 2.128620688377e-01 1.705321751150e+00 5.792745753925e+01 5.472652152990e-01
4 44 3 4.09487712 2.17236559 3.71138288 10.92452339 2.69660724 2.395842894264e+00 2.208616016426e-01 1.751637032216e+00 6.099806201583e+01 6.218802505601e-01
4 45 3 4.09487712 2.17236559 3.71138288 10.92452339 2.69660724 2.276700294721e+00 2.293446232685e-01 1.804064514819e+00 6.530381456723e+01 6.856192801217e-01
4 46 3 4.09487712 2.17236559 3.71138288 10.92452339 2.69660724 2.271546254226e+00 2.380526666417e-01 1.869006517546e+00 7.069111918175e+01 7.292326499226e-01
4 47 3 4.09487712 2.17236559 3.71138288 10.92452339 2.69660724 2.421735763712e+00 2.467976132049e-01 1.944396884496e+00 7.699273439974e+01 7.464528734398e-01
4 48 3 4.09487712 2.17236559 3.71138288 10.92452339 2.69660724 2.709227995555e+00 2.555213150977e-01 2.018608917366e+00 8.392699488902e+01 7.354711550579e-01
4 49 3 4.09487712 2.17236559 3.71138288 10.92452339 2.69660724 3.060111600323e+00 2.643091978032e-01 2.080763544292e+00 9.088915173674e+01 6.987656370279e-01
4 50 3 4.09487712 2.17236559 3.71138288 10.92452339 2.69660724 3.371160655590e+00 2.733527557682e-01 2.131468304568e+00 9.719514779725e+01 6.440829088772e-01
4 51 3 4.09487712 2.17236559 3.71138288 10.92452339 2.69660724 3.550348008965e+00 2.828732507805e-01 2.181616242450e+00 1.023884666462e+02 5.857918404881e-01
4 52 3 4.09487712 2.17236559 3.71138288 10.92452339 2.69660724 3.555932900244e+00 2.930323837236e-01 2.240834265550e+00 1.061489259812e+02 5.422500221980e-01
4 53 3 4.09487712 2.17236559 3.71138288 10.92452339 2.69660724 3.417951916473e+00 3.038604902053e-01 2.309245944339e+00 1.082997903499e+02 5.292820046271e-01
4 54 3 4.09487712 2.17236559 3.71138288 10.92452339 2.69660724 3.231587309550e+00 3.152271313277e-01 2.381416807255e+00 1.090551775359e+02 5.556126265436e-01
4 55 3 4.09487712 2.17236559 3.71138288 10.92452339 2.69660724 3.122504668419e+00 3.268647233711e-01 2.455953856562e+00 1.090003283634e+02 6.229132360212e-01
4 56 3 4.09487712 2.17236559 3.71138288 10.92452339 2.69660724 3.196112799340e+00 3.384380504585e-01 2.537753489771e+00 1.088564897799e+02 7.265620372199e-01
4 57 3 4.09487712 2.17236559 3.71138288 10.92452339 2.69660724 3.490888486863e+00 3.496373896907e-01 2.630363032904e+00 1.092849438519e+02 8.549065268046e-01
4 58 3 4.09487712 2.17236559 3.71138288 10.92452339 2.69660724 3.956291067147e+00 3.602657907846e-01 2.729548241794e+00 1.106879141034e+02 9.906215114649e-01
4 59 3 4.09487712 2.17236559 3.71138288 10.92452339 2.69660724 4.467127638059e+00 3.702940823173e-01 2.827767147453e+00 1.131788702769e+02 1.115593448356e+00
4 60 3 4.09487712 2.17236559 3.71138288 10.92452339 2.69660724 4.871329851230e+00 3.798689454272e-01 2.924157286166e+00 1.166528317943e+02 1.214335178705e+00
4 61 3 4.09487712 2.17236559 3.71138288 10.92452339 2.69660724 5.053104310632e+00 3.892752882663e-01 3.026089137286e+00 1.206469591750e+02 1.273420651173e+00
4 62 3 4.09487712 2.17236559 3.71138288 10.92452339 2.69660724 4.985196239728e+00 3.988682612957e-01 3.139113004158e+00 1.244654680942e+02 1.282346846806e+00
4 63 3 4.09487712 2.17236559 3.71138288 10.92452339 2.69660724 4.746866035507e+00 4.089976872794e-01 3.258773668385e+00 1.277482984872e+02 1.239271513653e+00
5 0 3 3.35735167 2.01285933 3.24388914 10.96198757 2.50819628 2.210499809162e+00 2.553084205617e-01 2.064796021012e+00 1.406409842800e+02 7.314720730187e-01
5 1 3 3.35735167 2.01285933 3.24388914 10.96198757 2.50819628 1.916370766653e+00 2.442438491334e-01 1.940518479580e+00 1.387816911337e+02 7.688731239917e-01
5 2 3 3.35735167 2.01285933 3.24388914 10.96198757 2.50819628 1.659611886928e+00 2.348470985628e-01 1.718331211497e+00 1.359339676027e+02 7.734295294553e-01
5 3 3 3.35735167 2.01285933 3.24388914 10.96198757 2.50819628 1.458905182107e+00 2.263965225659e-01 1.496186371533e+00 1.320698937268e+02 7.434301487720e-01
5 4 3 3.35735167 2.01285933 3.24388914 10.96198757 2.50819628 1.326228514215e+00 2.177000894250e-01 1.368407627306e+00 1.274495189405e+02 6.818270561565e-01
5 5 3 3.35735167 2.01285933 3.24388914 10.96198757 2.50819628 1.265574031406e+00 2.081610674763e-01 1.371205663442e+00 1.221901624873e+02 5.966835869174e-01
5 6 3 3.35735167 2.01285933 3.24388914 10.96198757 2.50819628 1.272306184147e+00 1.983260617171e-01 1.463097465264e+00 1.162963591765e+02 5.017291014568e-01
5 7 3 3.35735167 2.01285933 3.24388914 10.96198757 2.50819628 1.333646160180e+00 1.894731951518e-01 1.552230062334e+00 1.099415890380e+02 4.127638434182e-01
5 8 3 3.35735167 2.01285933 3.24388914 10.96198757 2.50819628 1.430543577595e+00 1.826082996843e-01 1.554333400188e+00 1.034197112029e+02 3.425444425425e-01
5 9 3 3.35735167 2.01285933 3.24388914 10.96198757 2.50819628 1.540732116842e+00 1.776978689366e-01 1.444475878237e+00 9.697323428485e+01 2.990331052341e-01
5 10 3 3.35735167 2.01285933 3.24388914 10.96198757 2.50819628 1.642308465309e+00 1.737281305865e-01 1.269267347535e+00 9.071462584653e+01 2.858384844362e-01
5 11 3 3.35735167 2.01285933 3.24388914 10.96198757 2.50819628 1.716965977412e+00 1.694840986275e-01 1.113176603267e+00 8.473446394082e+01 3.011733512139e-01
5 12 3 3.35735167 2.01285933 3.24388914 10.96198757 2.50819628 1.752161231923e+00 1.643858943208e-01 1.043691730563e+00 7.926931398395e+01 3.368389609986e-01
5 13 3 3.35735167 2.01285933 3.24388914 10.96198757 2.50819628 1.741911166038e+00 1.587375844172e-01 1.072125961984e+00 7.452586526266e+01 3.808951490325e-01
5 14 3 3.35735167 2.01285933 3.24388914 10.96198757 2.50819628 1.686396480411e+00 1.532728744858e-01 1.152608012880e+00 7.047889503818e+01 4.223124817370e-01
5 15 3 3.35735167 2.01285933 3.24388914 10.96198757 2.50819628 1.590859570710e+00 1.484523613705e-01 1.214570204840e+00 6.711930186940e+01 4.529563835631e-01
5 16 3 3.35735167 2.01285933 3.24388914 10.96198757 2.50819628 1.464316083556e+00 1.441159409762e-01 1.204868391407e+00 6.455867206786e+01 4.669345072948e-01
5 17 3 3.35735167 2.01285933 3.24388914 10.96198757 2.50819628 1.318389239931e+00 1.397387399653e-01 1.115185381005e+00 6.274117341834e+01 4.608838704623e-01
5 18 3 3.35735167 2.01285933 3.24388914 10.96198757 2.50819628 1.166284509384e+00 1.350118254401e-01 9.831142731668e-01 6.150678729426e+01 4.353840913761e-01
5 19 3 3.35735167 2.01285933 3.24388914 10.96198757 2.50819628 1.021728512106e+00 1.302143497848e-01 8.695199163008e-01 6.088215352654e+01 3.946306605925e-01
5 20 3 3.35735167 2.01285933 3.24388914 10.96198757 2.50819628 8.977011302302e-01 1.260502181179e-01 8.243346095834e-01 6.092257660321e+01 3.444938156887e-01
5 21 3 3.35735167 2.01285933 3.24388914 10.96198757 2.50819628 8.049696180322e-01 1.230900033428e-01 8.579840983332e-01 6.149594019665e+01 2.918447672257e-01
5 22 3 3.35735167 2.01285933 3.24388914 10.96198757 2.50819628 7.506642167043e-01 1.212893167103e-01 9.349103088907e-01 6.243948841313e+01 2.450309112217e-01
5 23 3 3.35735167 2.01285933 3.24388914 10.96198757 2.50819628 7.372696395924e-01 1.199856094623e-01 9.952033878638e-01 6.367390635252e+01 2.124511546648e-01
5 24 3 3.35735167 2.01285933 3.24388914 10.96198757 2.50819628 7.623584249205e-01 1.183810944593e-01 9.922510346193e-01 6.511211719368e+01 1.991766012550e-01
5 25 3 3.35735167 2.01285933 3.24388914 10.96198757 2.50819628 8.191764910460e-01 1.161311510098e-01 9.214784922619e-01 6.661013548665e+01 2.052392640254e-01
5 26 3 3.35735167 2.01285933 3.24388914 10.96198757 2.50819628 8.979134164185e-01 1.135843295034e-01 8.207380761723e-01 6.800928793462e+01 2.270288175622e-01
5 27 3 3.35735167 2.01285933 3.24388914 10.96198757 2.50819628 9.872846000178e-01 1.115061973521e-01 7.440190985007e-01 6.923718758037e+01 2.592047337663e-01
5 28 3 3.35735167 2.01285933 3.24388914 10.96198757 2.50819628 1.076012732310e+00 1.105239854179e-01 7.285890983617e-01 7.031833276744e+01 2.953988972320e-01
5 29 3 3.35735167 2.01285933 3.24388914 10.96198757 2.50819628 1.153928637495e+00 1.107299783130e-01 7.763177549218e-01 7.121232903831e+01 3.291128471525e-01
5 30 3 3.35735167 2.01285933 3.24388914 10.96198757 2.50819628 1.212638129294e+00 1.117308093557e-01 8.561752494517e-01 7.183343565609e+01 3.554120940139e-01
5 31 3 3.35735167 2.01285933 3.24388914 10.96198757 2.50819628 1.245902304031e+00 1.130612140123e-01 9.220343848980e-01 7.224844390345e+01 3.713913499567e-01
5 32 3 3.35735167 2.01285933 3.24388914 10.96198757 2.50819628 1.249954478333e+00 1.145944005278e-01 9.362794427096e-01 7.253474205237e+01 3.748088815104e-01
5 33 3 3.35735167 2.01285933 3.24388914 10.96198757 2.50819628 1.223897927820e+00 1.166026401238e-01 8.903945745698e-01 7.254802779669e+01 3.636546306494e-01
5 34 3 3.35735167 2.01285933 3.24388914 10.96198757 2.50819628 1.170146927523e+00 1.194266112698e-01 8.127641806469e-01 7.214959529433e+01 3.382290553453e-01
5 35 3 3.35735167 2.01285933 3.24388914 10.96198757 2.50819628 1.094695417643e+00 1.230492376698e-01 7.555054553853e-01 7.141428199575e+01 3.030568000812e-01
5 36 3 3.35735167 2.01285933 3.24388914 10.96198757 2.50819628 1.006928310141e+00 1.269620345277e-01 7.632624237706e-01 7.041694554662e+01 2.659007525883e-01
5 37 3 3.35735167 2.01285933 3.24388914 10.96198757 2.50819628 9.187805289098e-01 1.304778614867e-01 8.425928061819e-01 6.914816796589e+01 2.352400246903e-01
5 38 3 3.35735167 2.01285933 3.24388914 10.96198757 2.50819628 8.432666464131e-01 1.332670186105e-01 9.548749748065e-01 6.769844723566e+01 2.186930197849e-01
5 39 3 3.35735167 2.01285933 3.24388914 10.96198757 2.50819628 7.926491255145e-01 1.356815554817e-01 1.040125274319e+00 6.625409925174e+01 2.218525534545e-01
5 40 3 3.35735167 2.01285933 3.24388914 10.96198757 2.50819628 7.766658967110e-01 1.385717276825e-01 1.055596248499e+00 6.495642542888e+01 2.463084851511e-01
5 41 3 3.35735167 2.01285933 3.24388914 10.96198757 2.50819628 8.012204402819e-01 1.426950546632e-01 1.002521555212e+00 6.388246296420e+01 2.886304138841e-01
5 42 3 3.35735167 2.01285933 3.24388914 10.96198757 2.50819628 8.677564696891e-01 1.481600450514e-01 9.247876420742e-01 6.310809840254e+01 3.422898601182e-01
5 43 3 3.35735167 2.01285933 3.24388914 10.96198757 2.50819628 9.732863475820e-01 1.543465974460e-01 8.829679386124e-01 6.277515473931e+01 4.003941056391e-01
5 44 3 3.35735167 2.01285933 3.24388914 10.96198757 2.50819628 1.110848411528e+00 1.603815894521e-01 9.199692219010e-01 6.301819860322e+01 4.559747249330e-01
5 45 3 3.35735167 2.01285933 3.24388914 10.96198757 2.50819628 1.270133343435e+00 1.658007971065e-01 1.035873211620e+00 6.382595541788e+01 5.010363652164e-01
5 46 3 3.35735167 2.01285933 3.24388914 10.96198757 2.50819628 1.438154290408e+00 1.708652053778e-01 1.184522028522e+00 6.520612851469e+01 5.278648717241e-01
5 47 3 3.35735167 2.01285933 3.24388914 10.96198757 2.50819628 1.600048988096e+00 1.762741733205e-01 1.296180752643e+00 6.736301093890e+01 5.320472117158e-01
5 48 3 3.35735167 2.01285933 3.24388914 10.96198757 2.50819628 1.740248049721e+00 1.825224165415e-01 1.317980109216e+00 7.041822926317e+01 5.136981929121e-01
5 49 3 3.35735167 2.01285933 3.24388914 10.96198757 2.50819628 1.844202004215e+00 1.894641779015e-01 1.250066495563e+00 7.426579586116e+01 4.768014530709e-01
5 50 3 3.35735167 2.01285933 3.24388914 10.96198757 2.50819628 1.900613228327e+00 1.964902390626e-01 1.152021381535e+00 7.888151512524e+01 4.294351679786e-01
5 51 3 3.35735167 2.01285933 3.24388914 10.96198757 2.50819628 1.903776299760e+00 2.031957511457e-01 1.109924936690e+00 8.430643293147e+01 3.841774987914e-01
5 52 3 3.35735167 2.01285933 3.24388914 10.96198757 2.50819628 1.855377826355e+00 2.099555196712e-01 1.181932090633e+00 9.035172761649e+01 3.552089992539e-01
5 53 3 3.35735167 2.01285933 3.24388914 10.96198757 2.50819628 1.765108598715e+00 2.178438129593e-01 1.358256404568e+00 9.676922409981e+01 3.530888428541e-01
5 54 3 3.35735167 2.01285933 3.24388914 10.96198757 2.50819628 1.649740842881e+00 2.278656015026e-01 1.563888814459e+00 1.034850464822e+02 3.823313616374e-01
5 55 3 3.35735167 2.01285933 3.24388914 10.96198757 2.50819628 1.530806799100e+00 2.400847811797e-01 1.703668460174e+00 1.103970824619e+02 4.426260538761e-01
5 56 3 3.35735167 2.01285933 3.24388914 10.96198757 2.50819628 1.431458837053e+00 2.534022014932e-01 1.720990979921e+00 1.172373494065e+02 5.292572642649e-01
5 57 3 3.35735167 2.01285933 3.24388914 10.96198757 2.50819628 1.373281865200e+00 2.662578438413e-01 1.633534508572e+00 1.237158484476e+02 6.317367976035e-01
5 58 3 3.35735167 2.01285933 3.24388914 10.96198757 2.50819628 1.373682363167e+00 2.777633063681e-01 1.525040778501e+00 1.296650376856e+02 7.350683401921e-01
5 59 3 3.35735167 2.01285933 3.24388914 10.96198757 2.50819628 1.444095770773e+00 2.883575189368e-01 1.498348927447e+00 1.350439674362e+02 8.245159065589e-01
5 60 3 3.35735167 2.01285933 3.24388914 10.96198757 2.50819628 1.588869221348e+00 2.994128314731e-01 1.615443281878e+00 1.397140447318e+02 8.886289375981e-01
5 61 3 3.35735167 2.01285933 3.24388914 10.96198757 2.50819628 1.804523036073e+00 3.120727129400e-01 1.857001839165e+00 1.433805597257e+02 9.186906550511e-01
5 62 3 3.35735167 2.01285933 3.24388914 10.96198757 2.50819628 2.079262152287e+00 3.262744834881e-01 2.126106453017e+00 1.459894330833e+02 9.096310426302e-01
5 63 3 3.35735167 2.01285933 3.24388914 10.96198757 2.50819628 2.392979396464e+00 3.408014840337e-01 2.299996772331e+00 1.477223931230e+02 8.641945480620e-01
7 0 3 2.65734029 2.93575868 6.64244143 14.26475616 4.07914209 8.277336036162e-01 1.320436887672e+00 2.503102676370e+01 2.855170847714e+02 5.038327915567e+00
7 1 3 2.65734029 2.93575868 6.64244143 14.26475616 4.07914209 7.962179976655e-01 1.268947468782e+00 2.428674293496e+01 2.848010499622e+02 5.145329853446e+00
7 2 3 2.65734029 2.93575868 6.64244143 14.26475616 4.07914209 7.654169292272e-01 1.221513503738e+00 2.357584639603e+01 2.796833417242e+02 5.099679538227e+00
7 3 3 2.65734029 2.93575868 6.64244143 14.26475616 4.07914209 7.358268929343e-01 1.175674476136e+00 2.284141502447e+01 2.707953228184e+02 4.891596577660e+00
7 4 3 2.65734029 2.93575868 6.64244143 14.26475616 4.07914209 7.078746396821e-01 1.127840006095e+00 2.206674537038e+01 2.592022442784e+02 4.536825574375e+00
7 5 3 2.65734029 2.93575868 6.64244143 14.26475616 4.07914209 6.817141082467e-01 1.076653653370e+00 2.128750844154e+01 2.458478408128e+02 4.078219161705e+00
7 6 3 2.65734029 2.93575868 6.64244143 14.26475616 4.07914209 6.571615680444e-01 1.024493896883e+00 2.055217804346e+01 2.316713792057e+02 3.582448985094e+00
7 7 3 2.65734029 2.93575868 6.64244143 14.26475616 4.07914209 6.338012849583e-01 9.759198708297e-01 1.987750926093e+01 2.178533159260e+02 3.121375496439e+00
7 8 3 2.65734029 2.93575868 6.64244143 14.26475616 4.07914209 6.112065961420e-01 9.344047499082e-01 1.924570483966e+01 2.054321908453e+02 2.751307070714e+00
7 9 3 2.65734029 2.93575868 6.64244143 14.26475616 4.07914209 5.891637250278e-01 8.999954014202e-01 1.863692304782e+01 1.948809397663e+02 2.506576055012e+00
7 10 3 2.65734029 2.93575868 6.64244143 14.26475616 4.07914209 5.677861450797e-01 8.696377045622e-01 1.805215902436e+01 1.862271850038e+02 2.401279111559e+00
7 11 3 2.65734029 2.93575868 6.64244143 14.26475616 4.07914209 5.474638047178e-01 8.396952588882e-01 1.750085639940e+01 1.792479235845e+02 2.426119021378e+00
7 12 3 2.65734029 2.93575868 6.64244143 14.26475616 4.07914209 5.286740757699e-01 8.085309703524e-01 1.697561452988e+01 1.735088808561e+02 2.545790281520e+00
7 13 3 2.65734029 2.93575868 6.64244143 14.26475616 4.07914209 5.117481106949e-01 7.771877932739e-01 1.645200596021e+01 1.685170268829e+02 2.709069503933e+00
7 14 3 2.65734029 2.93575868 6.64244143 14.26475616 4.07914209 4.967051596442e-01 7.479037020256e-01 1.591713237407e+01 1.637975824341e+02 2.865932349883e+00
7 15 3 2.65734029 2.93575868 6.64244143 14.26475616 4.07914209 4.832311295007e-01 7.219358866008e-01 1.539099276608e+01 1.588283760829e+02 2.976700585202e+00
7 16 3 2.65734029 2.93575868 6.64244143 14.26475616 4.07914209 4.708063927163e-01 6.985572950443e-01 1.491076285492e+01 1.532821102470e+02 3.012881474893e+00
7 17 3 2.65734029 2.93575868 6.64244143 14.26475616 4.07914209 4.589176652711e-01 6.759365104590e-01 1.449319937256e+01 1.473284510887e+02 2.959786701021e+00
7 18 3 2.65734029 2.93575868 6.64244143 14.26475616 4.07914209 4.472532285962e-01 6.529833898823e-01 1.411834394403e+01 1.413536472799e+02 2.820541391149e+00
7 19 3 2.65734029 2.93575868 6.64244143 14.26475616 4.07914209 4.357948038689e-01 6.304965444982e-01 1.375287380744e+01 1.356058131027e+02 2.613200536354e+00
7 20 3 2.65734029 2.93575868 6.64244143 14.26475616 4.07914209 4.247733086871e-01 6.106255040276e-01 1.338467990020e+01 1.304471942196e+02 2.363219187653e+00
7 21 3 2.65734029 2.93575868 6.64244143 14.26475616 4.07914209 4.145214903745e-01 5.951147278954e-01 1.303003023075e+01 1.265486015596e+02 2.101117972682e+00
7 22 3 2.65734029 2.93575868 6.64244143 14.26475616 4.07914209 4.053022289628e-01 5.838017669325e-01 1.271157996615e+01 1.244737588311e+02 1.863901521409e+00
7 23 3 2.65734029 2.93575868 6.64244143 14.26475616 4.07914209 3.971968618207e-01 5.746095243674e-01 1.243928240606e+01 1.243817394788e+02 1.689219396816e+00
7 24 3 2.65734029 2.93575868 6.64244143 14.26475616 4.07914209 3.901031647640e-01 5.650490308150e-01 1.221410726842e+01 1.262118226520e+02 1.601999785768e+00
7 25 3 2.65734029 2.93575868 6.64244143 14.26475616 4.07914209 3.838364169191e-01 5.540533755048e-01 1.203832004493e+01 1.297612558905e+02 1.606288956457e+00
7 26 3 2.65734029 2.93575868 6.64244143 14.26475616 4.07914209 3.782768687943e-01 5.427374677883e-01 1.190977576514e+01 1.345980176819e+02 1.688461153712e+00
7 27 3 2.65734029 2.93575868 6.64244143 14.26475616 4.07914209 3.734860380091e-01 5.335547882947e-01 1.180933749548e+01 1.401742421557e+02 1.824349325745e+00
7 28 3 2.65734029 2.93575868 6.64244143 14.26475616 4.07914209 3.697309639471e-01 5.285676532526e-01 1.171017635697e+01 1.458853358567e+02 1.984172899577e+00
7 29 3 2.65734029 2.93575868 6.64244143 14.26475616 4.07914209 3.674006361609e-01 5.281784905926e-01 1.161014079755e+01 1.509764706226e+02 2.138123176938e+00
7 30 3 2.65734029 2.93575868 6.64244143 14.26475616 4.07914209 3.668505630231e-01 5.312269276050e-01 1.154846973352e+01 1.547726371173e+02 2.263202444545e+00
7 31 3 2.65734029 2.93575868 6.64244143 14.26475616 4.07914209 3.682459626717e-01 5.362358197636e-01 1.157617131299e+01 1.570004690412e+02 2.344714219105e+00
7 32 3 2.65734029 2.93575868 6.64244143 14.26475616 4.07914209 3.714758980379e-01 5.426957421047e-01 1.170438059484e+01 1.575536100299e+02 2.371379544809e+00
7 33 3 2.65734029 2.93575868 6.64244143 14.26475616 4.07914209 3.761793639631e-01 5.513093861306e-01 1.188813251675e+01 1.561972983961e+02 2.334066895197e+00
7 34 3 2.65734029 2.93575868 6.64244143 14.26475616 4.07914209 3.818741900489e-01 5.630251856750e-01 1.206694857557e+01 1.529133112942e+02 2.233703398372e+00
7 35 3 2.65734029 2.93575868 6.64244143 14.26475616 4.07914209 3.881332881746e-01 5.777289186688e-01 1.221903660845e+01 1.482244783056e+02 2.089029760317e+00
7 36 3 2.65734029 2.93575868 6.64244143 14.26475616 4.07914209 3.947312468604e-01 5.937852265745e-01 1.237201117496e+01 1.428648021063e+02 1.933705072047e+00
7 37 3 2.65734029 2.93575868 6.64244143 14.26475616 4.07914209 4.016976447159e-01 6.089488528740e-01 1.256564340256e+01 1.374681208206e+02 1.806111335887e+00
7 38 3 2.65734029 2.93575868 6.64244143 14.26475616 4.07914209 4.092562180784e-01 6.220198267567e-01 1.281416367954e+01 1.326908966157e+02 1.740858003970e+00
7 39 3 2.65734029 2.93575868 6.64244143 14.26475616 4.07914209 4.176820957054e-01 6.339241331087e-01 1.310557420470e+01 1.292076308488e+02 1.762426258693e+00
7 40 3 2.65734029 2.93575868 6.64244143 14.26475616 4.07914209 4.271482001479e-01 6.472600031063e-01 1.342457747438e+01 1.275018357210e+02 1.878072720322e+00
7 41 3 2.65734029 2.93575868 6.64244143 14.26475616 4.07914209 4.376377145752e-01 6.645291124626e-01 1.376333647921e+01 1.278550829245e+02 2.075102908218e+00
7 42 3 2.65734029 2.93575868 6.64244143 14.26475616 4.07914209 4.489680884932e-01 6.863542007665e-01 1.411309069376e+01 1.303132545281e+02 2.327998809472e+00
7 43 3 2.65734029 2.93575868 6.64244143 14.26475616 4.07914209 4.609169135946e-01 7.110747196045e-01 1.446125670096e+01 1.345190751206e+02 2.608095628250e+00
7 44 3 2.65734029 2.93575868 6.64244143 14.26475616 4.07914209 4.733869946208e-01 7.360741273823e-01 1.480681347149e+01 1.399235634099e+02 2.884865497930e+00
7 45 3 2.65734029 2.93575868 6.64244143 14.26475616 4.07914209 4.865235591568e-01 7.598129544458e-01 1.517212463196e+01 1.461699643747e+02 3.122665327167e+00
7 46 3 2.65734029 2.93575868 6.64244143 14.26475616 4.07914209 5.007149013024e-01 7.829410114012e-01 1.558647140167e+01 1.529222167340e+02 3.285558309517e+00
7 47 3 2.65734029 2.93575868 6.64244143 14.26475616 4.07914209 5.164625561907e-01 8.075828079680e-01 1.605390236414e+01 1.595945686601e+02 3.349810359908e+00
7 48 3 2.65734029 2.93575868 6.64244143 14.26475616 4.07914209 5.341732125592e-01 8.354005740605e-01 1.654445278777e+01 1.657415024674e+02 3.311547017459e+00
7 49 3 2.65734029 2.93575868 6.64244143 14.26475616 4.07914209 5.539691996282e-01 8.661040949222e-01 1.702370446493e+01 1.714480039856e+02 3.186248692340e+00
7 50 3 2.65734029 2.93575868 6.64244143 14.26475616 4.07914209 5.756131907826e-01 8.977562785214e-01 1.748889802800e+01 1.770442206534e+02 3.008168435968e+00
7 51 3 2.65734029 2.93575868 6.64244143 14.26475616 4.07914209 5.985929874197e-01 9.287021607309e-01 1.797028756393e+01 1.828321883505e+02 2.829640352997e+00
7 52 3 2.65734029 2.93575868 6.64244143 14.26475616 4.07914209 6.223357858451e-01 9.594661610904e-01 1.849760614663e+01 1.892465975592e+02 2.710533176167e+00
7 53 3 2.65734029 2.93575868 6.64244143 14.26475616 4.07914209 6.464553149321e-01 9.928250721875e-01 1.907252461670e+01 1.968624961849e+02 2.699733737649e+00
7 54 3 2.65734029 2.93575868 6.64244143 14.26475616 4.07914209 6.709139260472e-01 1.031714670742e+00 1.967812155035e+01 2.061530431478e+02 2.824296028592e+00
7 55 3 2.65734029 2.93575868 6.64244143 14.26475616 4.07914209 6.960185917335e-01 1.076536496880e+00 2.030861700173e+01 2.173697192826e+02 3.090495921781e+00
7 56 3 2.65734029 2.93575868 6.64244143 14.26475616 4.07914209 7.222491785717e-01 1.124160990855e+00 2.097730093555e+01 2.303865545764e+02 3.483562988279e+00
7 57 3 2.65734029 2.93575868 6.64244143 14.26475616 4.07914209 7.500008884364e-01 1.169716157042e+00 2.169040453409e+01 2.445458429495e+02 3.962018054992e+00
7 58 3 2.65734029 2.93575868 6.64244143 14.26475616 4.07914209 7.793679071362e-01 1.209973640189e+00 2.242273803093e+01 2.589392491690e+02 4.461367510738e+00
7 59 3 2.65734029 2.93575868 6.64244143 14.26475616 4.07914209 8.100773817199e-01 1.245676852856e+00 2.313436408181e+01 2.727066506994e+02 4.912830997299e+00
7 60 3 2.65734029 2.93575868 6.64244143 14.26475616 4.07914209 8.416087642053e-01 1.280840070960e+00 2.381686596263e+01 2.847665468707e+02 5.259917783521e+00
7 61 3 2.65734029 2.93575868 6.64244143 14.26475616 4.07914209 8.734396257147e-01 1.319468140292e+00 2.451437201828e+01 2.936961371680e+02 5.461378746763e+00
7 62 3 2.65734029 2.93575868 6.64244143 14.26475616 4.07914209 9.052932467888e-01 1.362346779262e+00 2.528746188541e+01 2.983760154882e+02 5.493446728192e+00
7 63 3 2.65734029 2.93575868 6.64244143 14.26475616 4.07914209 9.372606011019e-01 1.406616800397e+00 2.615515894463e+01 2.985243582804e+02 5.361492213201e+00
8 0 3 2.36676090 2.47889109 3.13150275 2.59251620 2.60819380 2.023422253800e-05 3.099530516640e-06 5.457549708041e-06 1.969034490136e-02 2.563361666984e-06
8 1 3 2.36676090 2.47889109 3.13150275 2.59251620 2.60819380 1.948995762694e-05 3.143722829723e-06 4.287681323468e-06 1.921718282926e-02 2.704124088740e-06
8 2 3 2.36676090 2.47889109 3.13150275 2.59251620 2.60819380 1.876906984012e-05 3.148730544999e-06 3.726260006620e-06 1.849161965022e-02 2.856630265644e-06
8 3 3 2.36676090 2.47889109 3.13150275 2.59251620 2.60819380 1.807156326968e-05 3.116829451054e-06 3.923015902364e-06 1.752978292979e-02 3.001109031968e-06
8 4 3 2.36676090 2.47889109 3.13150275 2.59251620 2.60819380 1.739744187504e-05 3.051891518912e-06 4.628850967299e-06 1.637303964827e-02 3.120128042325e-06
8 5 3 2.36676090 2.47889109 3.13150275 2.59251620 2.60819380 1.674670948288e-05 2.959157538207e-06 5.353170127726e-06 1.508202637955e-02 3.199688076567e-06
8 6 3 2.36676090 2.47889109 3.13150275 2.59251620 2.60819380 1.611936978711e-05 2.844941579035e-06 5.634338301225e-06 1.372917221501e-02 3.229975993013e-06
8 7 3 2.36676090 2.47889109 3.13150275 2.59251620 2.60819380 1.551542634885e-05 2.716287341533e-06 5.275438725895e-06 1.239059512246e-02 3.205748052317e-06
8 8 3 2.36676090 2.47889109 3.13150275 2.59251620 2.60819380 1.493488259642e-05 2.580598541803e-06 4.426429150755e-06 1.113824763049e-02 3.126346216554e-06
8 9 3 2.36676090 2.47889109 3.13150275 2.59251620 2.60819380 1.437774182528e-05 2.445265973983e-06 3.481814096974e-06 1.003309044391e-02 2.995378024427e-06
8 10 3 2.36676090 2.47889109 3.13150275 2.59251620 2.60819380 1.384400719807e-05 2.317312835920e-06 2.860150864275e-06 9.119901100678e-03 2.820113713560e-06
8 11 3 2.36676090 2.47889109 3.13150275 2.59251620 2.60819380 1.333368174456e-05 2.203077471689e-06 2.787370232968e-06 8.424104082096e-03 2.610670947898e-06
8 12 3 2.36676090 2.47889109 3.13150275 2.59251620 2.60819380 1.284676836163e-05 2.107949122633e-06 3.194699371892e-06 7.950767217560e-03 2.379067020132e-06
8 13 3 2.36676090 2.47889109 3.13150275 2.59251620 2.60819380 1.238326981327e-05 2.036167913216e-06 3.774934411296e-06 7.685674906859e-03 2.138220624925e-06
8 14 3 2.36676090 2.47889109 3.13150275 2.59251620 2.60819380 1.194318873054e-05 1.990695493299e-06 4.156618379618e-06 7.598186310399e-03 1.900980763633e-06
8 15 3 2.36676090 2.47889109 3.13150275 2.59251620 2.60819380 1.152652761158e-05 1.973157890607e-06 4.098625178148e-06 7.645434952429e-03 1.679250106921e-06
8 16 3 2.36676090 2.47889109 3.13150275 2.59251620 2.60819380 1.113328882159e-05 1.983857553725e-06 3.604574486215e-06 7.777336277250e-03 1.483255666463e-06
8 17 3 2.36676090 2.47889109 3.13150275 2.59251620 2.60819380 1.076347459279e-05 2.021847600054e-06 2.904656893354e-06 7.941844581848e-03 1.321002598660e-06
8 18 3 2.36676090 2.47889109 3.13150275 2.59251620 2.60819380 1.041708702447e-05 2.085058170433e-06 2.323422338996e-06 8.089935745002e-03 1.197929124997e-06
8 19 3 2.36676090 2.47889109 3.13150275 2.59251620 2.60819380 1.009412808289e-05 2.170462695729e-06 2.108334302725e-06 8.179876315417e-03 1.116763536070e-06
8 20 3 2.36676090 2.47889109 3.13150275 2.59251620 2.60819380 9.794599601356e-06 2.274270872095e-06 2.308360090915e-06 8.180457566800e-03 1.077569425196e-06
8 21 3 2.36676090 2.47889109 3.13150275 2.59251620 2.60819380 9.518503280144e-06 2.392135200071e-06 2.760573637271e-06 8.073007900767e-03 1.077953685794e-06
8 22 3 2.36676090 2.47889109 3.13150275 2.59251620 2.60819380 9.265840686530e-06 2.519358961737e-06 3.184760456544e-06 7.852131713245e-03 1.113403991383e-06
8 23 3 2.36676090 2.47889109 3.13150275 2.59251620 2.60819380 9.036613254762e-06 2.651095310992e-06 3.332055121310e-06 7.525243210458e-03 1.177718602780e-06
8 24 3 2.36676090 2.47889109 3.13150275 2.59251620 2.60819380 8.830822286059e-06 2.782529502509e-06 3.110025478234e-06 7.111059259534e-03 1.263491146577e-06
8 25 3 2.36676090 2.47889109 3.13150275 2.59251620 2.60819380 8.648468948603e-06 2.909038921797e-06 2.622812969690e-06 6.637280476003e-03 1.362615872863e-06
8 26 3 2.36676090 2.47889109 3.13150275 2.59251620 2.60819380 8.489554277529e-06 3.026328232352e-06 2.110373648074e-06 6.137723410096e-03 1.466783978284e-06
8 27 3 2.36676090 2.47889109 3.13150275 2.59251620 2.60819380 8.354079174923e-06 3.130539373918e-06 1.821597182473e-06 5.649172016374e-03 1.567947900494e-06
8 28 3 2.36676090 2.47889109 3.13150275 2.59251620 2.60819380 8.242044409814e-06 3.218338115342e-06 1.887220139363e-06 5.208199639262e-03 1.658737081753e-06
8 29 3 2.36676090 2.47889109 3.13150275 2.59251620 2.60819380 8.153450618173e-06 3.286980230401e-06 2.255994835736e-06 4.848181074751e-03 1.732814709572e-06
8 30 3 2.36676090 2.47889109 3.13150275 2.59251620 2.60819380 8.088298302906e-06 3.334361038513e-06 2.724274980013e-06 4.596675426903e-03 1.785169728515e-06
8 31 3 2.36676090 2.47889109 3.13150275 2.59251620 2.60819380 8.046587833853e-06 3.359052022528e-06 3.042259492525e-06 4.473320715406e-03 1.812341611889e-06
8 32 3 2.36676090 2.47889109 3.13150275 2.59251620 2.60819380 8.028319447785e-06 3.360327565194e-06 3.042558069440e-06 4.488344547322e-03 1.812576918440e-06
8 33 3 2.36676090 2.47889109 3.13150275 2.59251620 2.60819380 8.033493248403e-06 3.338183662908e-06 2.726333310572e-06 4.641763083107e-03 1.785916761238e-06
8 34 3 2.36676090 2.47889109 3.13150275 2.59251620 2.60819380 8.062109206338e-06 3.293348961519e-06 2.263641831896e-06 4.923312007997e-03 1.734213449663e-06
8 35 3 2.36676090 2.47889109 3.13150275 2.59251620 2.60819380 8.114167159150e-06 3.227286830393e-06 1.907252643031e-06 5.313125489921e-03 1.661073362575e-06
8 36 3 2.36676090 2.47889109 3.13150275 2.59251620 2.60819380 8.189666811330e-06 3.142185676826e-06 1.862564065159e-06 5.783148626751e-03 1.571722270301e-06
8 37 3 2.36676090 2.47889109 3.13150275 2.59251620 2.60819380 8.288607734301e-06 3.040933523422e-06 2.179133619505e-06 6.299232539131e-03 1.472789505461e-06
8 38 3 2.36676090 2.47889109 3.13150275 2.59251620 2.60819380 8.410989366421e-06 2.927072214819e-06 2.720063773262e-06 6.823817469153e-03 1.372009106658e-06
8 39 3 2.36676090 2.47889109 3.13150275 2.59251620 2.60819380 8.556811012986e-06 2.804726625733e-06 3.227625724175e-06 7.319058803781e-03 1.277839615687e-06
8 40 3 2.36676090 2.47889109 3.13150275 2.59251620 2.60819380 8.726071846234e-06 2.678504982604e-06 3.454832593455e-06 7.750197445417e-03 1.199009601344e-06
8 41 3 2.36676090 2.47889109 3.13150275 2.59251620 2.60819380 8.918770905347e-06 2.553367884983e-06 3.297226846893e-06 8.088925629340e-03 1.144002901421e-06
8 42 3 2.36676090 2.47889109 3.13150275 2.59251620 2.60819380 9.134907096463e-06 2.434465741493e-06 2.855692958550e-06 8.316460296880e-03 1.120505409371e-06
8 43 3 2.36676090 2.47889109 3.13150275 2.59251620 2.60819380 9.374479192675e-06 2.326946967539e-06 2.393361104404e-06 8.426017369959e-03 1.134843125824e-06
8 44 3 2.36676090 2.47889109 3.13150275 2.59251620 2.60819380 9.637485834043e-06 2.235742214617e-06 2.203262276699e-06 8.424389860226e-03 1.191448128118e-06
8 45 3 2.36676090 2.47889109 3.13150275 2.59251620 2.60819380 9.923925527599e-06 2.165332855837e-06 2.451804137950e-06 8.332376434497e-03 1.292394013760e-06
8 46 3 2.36676090 2.47889109 3.13150275 2.59251620 2.60819380 1.023379664735e-05 2.119514657280e-06 3.080450235367e-06 8.183886789374e-03 1.437044253961e-06
8 47 3 2.36676090 2.47889109 3.13150275 2.59251620 2.60819380 1.056709743432e-05 2.101169738852e-06 3.822594982472e-06 8.023663078428e-03 1.621854963725e-06
8 48 3 2.36676090 2.47889109 3.13150275 2.59251620 2.60819380 1.092382599649e-05 2.112061316190e-06 4.334695579555e-06 7.903694582134e-03 1.840367389037e-06
8 49 3 2.36676090 2.47889109 3.13150275 2.59251620 2.60819380 1.130398030888e-05 2.152666111458e-06 4.378761549079e-06 7.878552847966e-03 2.083414872599e-06
8 50 3 2.36676090 2.47889109 3.13150275 2.59251620 2.60819380 1.170755821355e-05 2.222058591092e-06 3.960515586902e-06 8.000019957681e-03 2.339554592240e-06
8 51 3 2.36676090 2.47889109 3.13150275 2.59251620 2.60819380 1.213455741954e-05 2.317859284186e-06 3.344234966397e-06 8.311504790676e-03 2.595716843005e-06
8 52 3 2.36676090 2.47889109 3.13150275 2.59251620 2.60819380 1.258497550300e-05 2.436256403565e-06 2.926566822812e-06 8.842822934838e-03 2.838045352041e-06
8 53 3 2.36676090 2.47889109 3.13150275 2.59251620 2.60819380 1.305880990710e-05 2.572105976539e-06 3.027692027252e-06 9.605939959890e-03 3.052882704848e-06
8 54 3 2.36676090 2.47889109 3.13150275 2.59251620 2.60819380 1.355605794210e-05 2.719110928736e-06 3.708478759792e-06 1.059223514306e-02 3.227837252418e-06
8 55 3 2.36676090 2.47889109 3.13150275 2.59251620 2.60819380 1.407671678536e-05 2.870074362993e-06 4.716735951823e-06 1.177173070433e-02 3.352853726231e-06
8 56 3 2.36676090 2.47889109 3.13150275 2.59251620 2.60819380 1.462078348133e-05 3.017217002697e-06 5.602614317071e-06 1.309455585632e-02 3.421200930296e-06
8 57 3 2.36676090 2.47889109 3.13150275 2.59251620 2.60819380 1.518825494160e-05 3.152543820391e-06 5.952677504643e-06 1.449468975076e-02 3.430287695951e-06
8 58 3 2.36676090 2.47889109 3.13150275 2.59251620 2.60819380 1.577912794488e-05 3.268240642269e-06 5.622170560615e-06 1.589577456787e-02 3.382223672375e-06
8 59 3 2.36676090 2.47889109 3.13150275 2.59251620 2.60819380 1.639339913707e-05 3.357078369322e-06 4.836263978114e-06 1.721853698231e-02 3.284054757972e-06
8 60 3 2.36676090 2.47889109 3.13150275 2.59251620 2.60819380 1.703106503124e-05 3.412800686166e-06 4.093567932544e-06 1.838913313903e-02 3.147623627227e-06
8 61 3 2.36676090 2.47889109 3.13150275 2.59251620 2.60819380 1.769212200763e-05 3.430470949524e-06 3.910019493490e-06 1.934756830456e-02 2.989032726337e-06
8 62 3 2.36676090 2.47889109 3.13150275 2.59251620 2.60819380 1.837656631375e-05 3.406755461290e-06 4.533264046622e-06 2.005526217648e-02 2.827718477884e-06
8 63 3 2.36676090 2.47889109 3.13150275 2.59251620 2.60819380 1.908439406431e-05 3.340123514427e-06 5.784380520113e-06 2.050085109097e-02 2.685178870706e-06
10 0 3 3.36163523 2.11813900 3.53951514 15.33090452 2.66756638 2.644721235441e+00 3.236831799105e-01 2.380164872518e+00 2.877861570415e+02 9.365029504336e-01
10 1 3 3.36163523 2.11813900 3.53951514 15.33090452 2.66756638 2.398448262860e+00 3.092918738870e-01 2.310695662505e+00 2.887862178390e+02 9.808247820372e-01
10 2 3 3.36163523 2.11813900 3.53951514 15.33090452 2.66756638 2.122209195855e+00 2.969155841565e-01 2.259286480297e+00 2.896627823515e+02 9.859817420465e-01
10 3 3 3.36163523 2.11813900 3.53951514 15.33090452 2.66756638 1.844810148073e+00 2.855291912806e-01 2.203239163024e+00 2.896855942156e+02 9.500525520970e-01
10 4 3 3.36163523 2.11813900 3.53951514 15.33090452 2.66756638 1.593983566934e+00 2.737450155695e-01 2.128140637414e+00 2.886501935265e+02 8.760317461480e-01
10 5 3 3.36163523 2.11813900 3.53951514 15.33090452 2.66756638 1.393307649777e+00 2.610275299065e-01 2.037581595216e+00 2.861603132567e+02 7.726381507161e-01
10 6 3 3.36163523 2.11813900 3.53951514 15.33090452 2.66756638 1.259158270683e+00 2.481812985159e-01 1.947031851628e+00 2.817449762991e+02 6.556206949734e-01
10 7 3 3.36163523 2.11813900 3.53951514 15.33090452 2.66756638 1.198205093439e+00 2.367371319415e-01 1.870207702293e+00 2.753571405566e+02 5.440106891946e-01
10 8 3 3.36163523 2.11813900 3.53951514 15.33090452 2.66756638 1.206263665569e+00 2.277710987117e-01 1.811025413601e+00 2.672543332331e+02 4.539939946358e-01
10 9 3 3.36163523 2.11813900 3.53951514 15.33090452 2.66756638 1.269141328427e+00 2.211128261068e-01 1.765324774289e+00 2.577073606872e+02 3.962200300677e-01
10 10 3 3.36163523 2.11813900 3.53951514 15.33090452 2.66756638 1.365505071477e+00 2.155296407994e-01 1.726390534230e+00 2.469186211560e+02 3.757059700105e-01
10 11 3 3.36163523 2.11813900 3.53951514 15.33090452 2.66756638 1.471071608134e+00 2.096665044080e-01 1.687861279149e+00 2.351950377728e+02 3.904856618848e-01
10 12 3 3.36163523 2.11813900 3.53951514 15.33090452 2.66756638 1.562966661507e+00 2.029548953867e-01 1.644364636868e+00 2.231437347511e+02 4.307266603443e-01
10 13 3 3.36163523 2.11813900 3.53951514 15.33090452 2.66756638 1.623151159367e+00 1.958065170157e-01 1.593679374451e+00 2.113334912715e+02 4.821932769594e-01
10 14 3 3.36163523 2.11813900 3.53951514 15.33090452 2.66756638 1.640307431733e+00 1.890395382196e-01 1.540069849613e+00 1.999898284989e+02 5.317567898931e-01
10 15 3 3.36163523 2.11813900 3.53951514 15.33090452 2.66756638 1.610224911311e+00 1.830958427507e-01 1.493508004459e+00 1.894264892929e+02 5.695443467970e-01
10 16 3 3.36163523 2.11813900 3.53951514 15.33090452 2.66756638 1.535181658700e+00 1.777122331968e-01 1.462224555373e+00 1.801665610007e+02 5.880090298142e-01
10 17 3 3.36163523 2.11813900 3.53951514 15.33090452 2.66756638 1.422895646204e+00 1.722686180929e-01 1.444500929925e+00 1.723921557296e+02 5.823324559856e-01
10 18 3 3.36163523 2.11813900 3.53951514 15.33090452 2.66756638 1.285369996462e+00 1.664534381940e-01 1.428862315836e+00 1.660335204447e+02 5.524224250109e-01
10 19 3 3.36163523 2.11813900 3.53951514 15.33090452 2.66756638 1.137612616647e+00 1.606443537822e-01 1.403925576699e+00 1.612791212016e+02 5.029488185048e-01
10 20 3 3.36163523 2.11813900 3.53951514 15.33090452 2.66756638 9.960273106390e-01 1.556724908905e-01 1.368329483106e+00 1.583230171220e+02 4.412309553965e-01
10 21 3 3.36163523 2.11813900 3.53951514 15.33090452 2.66756638 8.763698274675e-01 1.521685171966e-01 1.330713027804e+00 1.569943296664e+02 3.761868704957e-01
10 22 3 3.36163523 2.11813900 3.53951514 15.33090452 2.66756638 7.914625708113e-01 1.500339704964e-01 1.300794643694e+00 1.570148698194e+02 3.184085398612e-01
10 23 3 3.36163523 2.11813900 3.53951514 15.33090452 2.66756638 7.491571190634e-01 1.484725275967e-01 1.281860798603e+00 1.581939242321e+02 2.781722311996e-01
10 24 3 3.36163523 2.11813900 3.53951514 15.33090452 2.66756638 7.511194283162e-01 1.465612675537e-01 1.271369153534e+00 1.602846118614e+02 2.614996643390e-01
10 25 3 3.36163523 2.11813900 3.53951514 15.33090452 2.66756638 7.928121049147e-01 1.439174197653e-01 1.265642804912e+00 1.629209232930e+02 2.683724428583e-01
10 26 3 3.36163523 2.11813900 3.53951514 15.33090452 2.66756638 8.646539630050e-01 1.409542774631e-01 1.261310600778e+00 1.657073061758e+02 2.945371723393e-01
10 27 3 3.36163523 2.11813900 3.53951514 15.33090452 2.66756638 9.539507604832e-01 1.385531260417e-01 1.253627398571e+00 1.683951775801e+02 3.337349995191e-01
10 28 3 3.36163523 2.11813900 3.53951514 15.33090452 2.66756638 1.047004225905e+00 1.374296715208e-01 1.238011006004e+00 1.709076809940e+02 3.783739156751e-01
10 29 3 3.36163523 2.11813900 3.53951514 15.33090452 2.66756638 1.130894765642e+00 1.376887025388e-01 1.216129819734e+00 1.730735558886e+02 4.204417110455e-01
10 30 3 3.36163523 2.11813900 3.53951514 15.33090452 2.66756638 1.194720613455e+00 1.388842088852e-01 1.198693490448e+00 1.746508812098e+02 4.535365278206e-01
10 31 3 3.36163523 2.11813900 3.53951514 15.33090452 2.66756638 1.230385805341e+00 1.404886704544e-01 1.198201705494e+00 1.756615395631e+02 4.736755161205e-01
10 32 3 3.36163523 2.11813900 3.53951514 15.33090452 2.66756638 1.233187003904e+00 1.423575321619e-01 1.217067332050e+00 1.761888792206e+02 4.779872596714e-01
10 33 3 3.36163523 2.11813900 3.53951514 15.33090452 2.66756638 1.202380311058e+00 1.448002325526e-01 1.244131692022e+00 1.760103039711e+02 4.642744670931e-01
10 34 3 3.36163523 2.11813900 3.53951514 15.33090452 2.66756638 1.141676974576e+00 1.482092624908e-01 1.264376781265e+00 1.749493704631e+02 4.332551161824e-01
10 35 3 3.36163523 2.11813900 3.53951514 15.33090452 2.66756638 1.059382560903e+00 1.525762463648e-01 1.271810652399e+00 1.731922681461e+02 3.905623369319e-01
10 36 3 3.36163523 2.11813900 3.53951514 15.33090452 2.66756638 9.678230313297e-01 1.573318550944e-01 1.272409058026e+00 1.709399076734e+02 3.455192055911e-01
10 37 3 3.36163523 2.11813900 3.53951514 15.33090452 2.66756638 8.818661980198e-01 1.616904718209e-01 1.276114106366e+00 1.682859303835e+02 3.082966260462e-01
10 38 3 3.36163523 2.11813900 3.53951514 15.33090452 2.66756638 8.166834069718e-01 1.652589187237e-01 1.288509070188e+00 1.655192684892e+02 2.882043252796e-01
10 39 3 3.36163523 2.11813900 3.53951514 15.33090452 2.66756638 7.852330894500e-01 1.684213960414e-01 1.310091347345e+00 1.631028377842e+02 2.923237510337e-01
10 40 3 3.36163523 2.11813900 3.53951514 15.33090452 2.66756638 7.961017841650e-01 1.721542186361e-01 1.339777704226e+00 1.614261311202e+02 3.229775620879e-01
10 41 3 3.36163523 2.11813900 3.53951514 15.33090452 2.66756638 8.522188400655e-01 1.773624339283e-01 1.375402715666e+00 1.607522613745e+02 3.762081605255e-01
10 42 3 3.36163523 2.11813900 3.53951514 15.33090452 2.66756638 9.506269931029e-01 1.842256618087e-01 1.411450083194e+00 1.613019494450e+02 4.438476991998e-01
10 43 3 3.36163523 2.11813900 3.53951514 15.33090452 2.66756638 1.083122268249e+00 1.920655342833e-01 1.440610861466e+00 1.633591623249e+02 5.169145905336e-01
10 44 3 3.36163523 2.11813900 3.53951514 15.33090452 2.66756638 1.237372491516e+00 1.998571731051e-01 1.460809737068e+00 1.671480458847e+02 5.864292523965e-01
10 45 3 3.36163523 2.11813900 3.53951514 15.33090452 2.66756638 1.398183223097e+00 2.069962253433e-01 1.479925766111e+00 1.725968104595e+02 6.426738898683e-01
10 46 3 3.36163523 2.11813900 3.53951514 15.33090452 2.66756638 1.548836441597e+00 2.137148114310e-01 1.510659790848e+00 1.796077580332e+02 6.767035265263e-01
10 47 3 3.36163523 2.11813900 3.53951514 15.33090452 2.66756638 1.672682005825e+00 2.208122392322e-01 1.559140694121e+00 1.883417395456e+02 6.835607575229e-01
10 48 3 3.36163523 2.11813900 3.53951514 15.33090452 2.66756638 1.755204734311e+00 2.289298566993e-01 1.619040500185e+00 1.987385293166e+02 6.634212196664e-01
10 49 3 3.36163523 2.11813900 3.53951514 15.33090452 2.66756638 1.786539015655e+00 2.379949883901e-01 1.677503704540e+00 2.102962868209e+02 6.208064859526e-01
10 50 3 3.36163523 2.11813900 3.53951514 15.33090452 2.66756638 1.763974750340e+00 2.473377764852e-01 1.726515880298e+00 2.226489124006e+02 5.651224737760e-01
10 51 3 3.36163523 2.11813900 3.53951514 15.33090452 2.66756638 1.693656195120e+00 2.564153918629e-01 1.768423330004e+00 2.355761088592e+02 5.114914688264e-01
10 52 3 3.36163523 2.11813900 3.53951514 15.33090452 2.66756638 1.590674761884e+00 2.655220205472e-01 1.811933832330e+00 2.484845692920e+02 4.774533834020e-01
10 53 3 3.36163523 2.11813900 3.53951514 15.33090452 2.66756638 1.477179569048e+00 2.758095665665e-01 1.864873543277e+00 2.606688107891e+02 4.764637574614e-01
10 54 3 3.36163523 2.11813900 3.53951514 15.33090452 2.66756638 1.378809336761e+00 2.884874851020e-01 1.930843095074e+00 2.717636309572e+02 5.144311923757e-01
10 55 3 3.36163523 2.11813900 3.53951514 15.33090452 2.66756638 1.320349320249e+00 3.037910487080e-01 2.009768735497e+00 2.815009514461e+02 5.908482746736e-01
10 56 3 3.36163523 2.11813900 3.53951514 15.33090452 2.66756638 1.321723008749e+00 3.205897867096e-01 2.097808027259e+00 2.894874265748e+02 6.995801570900e-01
10 57 3 3.36163523 2.11813900 3.53951514 15.33090452 2.66756638 1.395142792142e+00 3.370587609126e-01 2.185934427195e+00 2.953929414589e+02 8.277870610487e-01
10 58 3 3.36163523 2.11813900 3.53951514 15.33090452 2.66756638 1.543656583848e+00 3.519714895459e-01 2.262303343124e+00 2.992038574649e+02 9.575984142827e-01
10 59 3 3.36163523 2.11813900 3.53951514 15.33090452 2.66756638 1.760806373116e+00 3.656031453742e-01 2.321199025332e+00 3.012850689722e+02 1.071424798247e+00
10 60 3 3.36163523 2.11813900 3.53951514 15.33090452 2.66756638 2.030974256377e+00 3.794758102761e-01 2.371708694610e+00 3.019904996459e+02 1.155072694035e+00
10 61 3 3.36163523 2.11813900 3.53951514 15.33090452 2.66756638 2.330282162355e+00 3.950956183007e-01 2.434873705535e+00 3.014965829175e+02 1.196929038632e+00
10 62 3 3.36163523 2.11813900 3.53951514 15.33090452 2.66756638 2.628371983568e+00 4.126900975979e-01 2.527767500757e+00 3.004407216953e+02 1.189438118280e+00
10 63 3 3.36163523 2.11813900 3.53951514 15.33090452 2.66756638 2.891610096465e+00 4.310095729695e-01 2.648020956543e+00 2.999066801610e+02 1.134979777166e+00
11 0 3 5.49865236 1.87221907 2.91202519 6.55032383 2.24786215 1.288309835559e+01 2.213814459773e-01 1.194435017812e+00 2.192638342612e+01 5.507153505894e-01
11 1 3 5.49865236 1.87221907 2.91202519 6.55032383 2.24786215 1.244675901048e+01 2.131237686831e-01 1.157205678077e+00 2.026232480371e+01 5.706090711591e-01
11 2 3 5.49865236 1.87221907 2.91202519 6.55032383 2.24786215 1.202529401972e+01 2.045033409544e-01 1.126457010777e+00 1.879118124104e+01 5.663118960473e-01
11 3 3 5.49865236 1.87221907 2.91202519 6.55032383 2.24786215 1.160792858616e+01 1.955783547983e-01 1.098530501361e+00 1.764429443490e+01 5.383530562856e-01
11 4 3 5.49865236 1.87221907 2.91202519 6.55032383 2.24786215 1.119675948250e+01 1.864908092374e-01 1.068355375734e+00 1.698290672929e+01 4.894709623895e-01
11 5 3 5.49865236 1.87221907 2.91202519 6.55032383 2.24786215 1.080331428230e+01 1.774544203814e-01 1.034556134585e+00 1.683768193264e+01 4.250978510033e-01
11 6 3 5.49865236 1.87221907 2.91202519 6.55032383 2.24786215 1.043349626548e+01 1.687206094625e-01 9.990861947077e-01 1.715170524918e+01 3.543655287989e-01
11 7 3 5.49865236 1.87221907 2.91202519 6.55032383 2.24786215 1.008096200988e+01 1.605288219605e-01 9.634995018098e-01 1.781723948224e+01 2.882599087539e-01
11 8 3 5.49865236 1.87221907 2.91202519 6.55032383 2.24786215 9.737009294409e+00 1.530541654766e-01 9.276068264558e-01 1.863850356447e+01 2.362704325910e-01
11 9 3 5.49865236 1.87221907 2.91202519 6.55032383 2.24786215 9.403134107319e+00 1.463681224307e-01 8.916992624293e-01 1.937332520363e+01 2.045692098277e-01
11 10 3 5.49865236 1.87221907 2.91202519 6.55032383 2.24786215 9.089394845924e+00 1.404253938772e-01 8.580529486975e-01 1.980290202740e+01 1.954401251522e-01
11 11 3 5.49865236 1.87221907 2.91202519 6.55032383 2.24786215 8.800766573150e+00 1.350823261995e-01 8.286607342456e-01 1.978907676059e+01 2.065216874521e-01
11 12 3 5.49865236 1.87221907 2.91202519 6.55032383 2.24786215 8.529439998269e+00 1.301423532688e-01 8.020037926852e-01 1.932099455361e+01 2.311067618673e-01
11 13 3 5.49865236 1.87221907 2.91202519 6.55032383 2.24786215 8.263372642629e+00 1.254149614614e-01 7.738287555848e-01 1.846287105792e+01 2.608998116421e-01
11 14 3 5.49865236 1.87221907 2.91202519 6.55032383 2.24786215 8.000732060973e+00 1.207700656255e-01 7.420139359912e-01 1.730326653793e+01 2.890562134387e-01
11 15 3 5.49865236 1.87221907 2.91202519 6.55032383 2.24786215 7.752565499491e+00 1.161710808842e-01 7.098689293036e-01 1.600706689114e+01 3.106291798837e-01
11 16 3 5.49865236 1.87221907 2.91202519 6.55032383 2.24786215 7.530641201111e+00 1.116769633035e-01 6.833675263808e-01 1.476930010221e+01 3.214774867851e-01
11 17 3 5.49865236 1.87221907 2.91202519 6.55032383 2.24786215 7.335043449199e+00 1.074136787452e-01 6.649830227389e-01 1.367517990195e+01 3.185712877203e-01
11 18 3 5.49865236 1.87221907 2.91202519 6.55032383 2.24786215 7.155364795030e+00 1.035254634821e-01 6.511275469908e-01 1.273100857124e+01 3.015204581295e-01
11 19 3 5.49865236 1.87221907 2.91202519 6.55032383 2.24786215 6.982565393118e+00 1.001225425268e-01 6.360379465541e-01 1.196337179579e+01 2.728480558976e-01
11 20 3 5.49865236 1.87221907 2.91202519 6.55032383 2.24786215 6.817067441735e+00 9.724265818713e-02 6.173624647269e-01 1.137695502255e+01 2.367770314312e-01
11 21 3 5.49865236 1.87221907 2.91202519 6.55032383 2.24786215 6.665276607792e+00 9.483876408644e-02 5.971899018679e-01 1.092946274453e+01 1.984905312752e-01
11 22 3 5.49865236 1.87221907 2.91202519 6.55032383 2.24786215 6.531260443144e+00 9.279637518778e-02 5.784323158543e-01 1.060595168979e+01 1.640976771641e-01
11 23 3 5.49865236 1.87221907 2.91202519 6.55032383 2.24786215 6.414337118657e+00 9.097433719260e-02 5.619674235969e-01 1.043275024916e+01 1.395898090007e-01
11 24 3 5.49865236 1.87221907 2.91202519 6.55032383 2.24786215 6.313558446400e+00 8.925533551059e-02 5.477319448407e-01 1.043729150018e+01 1.287258268124e-01
11 25 3 5.49865236 1.87221907 2.91202519 6.55032383 2.24786215 6.230751356930e+00 8.758957262507e-02 5.367745390126e-01 1.063642698988e+01 1.319307282654e-01
11 26 3 5.49865236 1.87221907 2.91202519 6.55032383 2.24786215 6.167017216859e+00 8.601743099550e-02 5.301874263095e-01 1.102325786035e+01 1.470078316137e-01
11 27 3 5.49865236 1.87221907 2.91202519 6.55032383 2.24786215 6.118034986827e+00 8.466366974801e-02 5.263007872948e-01 1.156564281504e+01 1.701885962948e-01
11 28 3 5.49865236 1.87221907 2.91202519 6.55032383 2.24786215 6.076387481916e+00 8.370457168556e-02 5.212256591470e-01 1.221172360517e+01 1.966685253531e-01
11 29 3 5.49865236 1.87221907 2.91202519 6.55032383 2.24786215 6.040026154146e+00 8.331772901338e-02 5.136350178108e-01 1.285797324841e+01 2.215051196901e-01
11 30 3 5.49865236 1.87221907 2.91202519 6.55032383 2.24786215 6.016715081443e+00 8.362939949682e-02 5.079537414756e-01 1.337126112101e+01 2.409865979973e-01
11 31 3 5.49865236 1.87221907 2.91202519 6.55032383 2.24786215 6.017570576295e+00 8.467512230375e-02 5.107821067407e-01 1.367660253720e+01 2.529720153142e-01
11 32 3 5.49865236 1.87221907 2.91202519 6.55032383 2.24786215 6.045622599314e+00 8.638542457642e-02 5.236987783929e-01 1.374470537839e+01 2.558907659209e-01
11 33 3 5.49865236 1.87221907 2.91202519 6.55032383 2.24786215 6.092113658705e+00 8.860114769563e-02 5.408969798482e-01 1.353662154123e+01 2.483957914393e-01
11 34 3 5.49865236 1.87221907 2.91202519 6.55032383 2.24786215 6.145137777215e+00 9.111428904070e-02 5.548560304953e-01 1.306922080902e+01 2.307886240524e-01
11 35 3 5.49865236 1.87221907 2.91202519 6.55032383 2.24786215 6.201338143722e+00 9.372275962569e-02 5.636379655538e-01 1.245786367283e+01 2.063662501624e-01
11 36 3 5.49865236 1.87221907 2.91202519 6.55032383 2.24786215 6.268108249613e+00 9.628326233000e-02 5.716171711193e-01 1.182629405055e+01 1.807119379798e-01
11 37 3 5.49865236 1.87221907 2.91202519 6.55032383 2.24786215 6.354857191923e+00 9.874686726938e-02 5.836398620616e-01 1.126145615745e+01 1.597926332431e-01
11 38 3 5.49865236 1.87221907 2.91202519 6.55032383 2.24786215 6.463996857897e+00 1.011668003815e-01 6.001219073997e-01 1.084621623962e+01 1.487298403487e-01
11 39 3 5.49865236 1.87221907 2.91202519 6.55032383 2.24786215 6.591195865843e+00 1.036761458942e-01 6.182085861021e-01 1.064178144870e+01 1.511286281608e-01
11 40 3 5.49865236 1.87221907 2.91202519 6.55032383 2.24786215 6.732395560969e+00 1.064422530902e-01 6.359220100539e-01 1.066078445643e+01 1.680289380653e-01
11 41 3 5.49865236 1.87221907 2.91202519 6.55032383 2.24786215 6.887574684533e+00 1.096118989138e-01 6.533571003992e-01 1.088307455064e+01 1.972887539112e-01
11 42 3 5.49865236 1.87221907 2.91202519 6.55032383 2.24786215 7.057270482028e+00 1.132643633830e-01 6.704204990346e-01 1.127445295672e+01 2.346415290366e-01
11 43 3 5.49865236 1.87221907 2.91202519 6.55032383 2.24786215 7.238629755839e+00 1.173873601090e-01 6.858341021323e-01 1.182266656078e+01 2.753617131711e-01
11 44 3 5.49865236 1.87221907 2.91202519 6.55032383 2.24786215 7.428386437493e+00 1.218836916952e-01 6.996805153707e-01 1.254834609575e+01 3.146141518337e-01
11 45 3 5.49865236 1.87221907 2.91202519 6.55032383 2.24786215 7.629535454551e+00 1.266066369981e-01 7.156062679668e-01 1.345076909503e+01 3.470701778347e-01
11 46 3 5.49865236 1.87221907 2.91202519 6.55032383 2.24786215 7.851323335290e+00 1.314125360777e-01 7.382802675730e-01 1.451686529040e+01 3.677741839904e-01
11 47 3 5.49865236 1.87221907 2.91202519 6.55032383 2.24786215 8.099631106877e+00 1.362130042556e-01 7.681098179815e-01 1.576558084586e+01 3.738491891621e-01
11 48 3 5.49865236 1.87221907 2.91202519 6.55032383 2.24786215 8.368415996455e+00 1.410088538566e-01 7.997782055008e-01 1.715493300045e+01 3.649251919620e-01
11 49 3 5.49865236 1.87221907 2.91202519 6.55032383 2.24786215 8.644145437943e+00 1.458934770824e-01 8.271798848191e-01 1.851690932300e+01 3.425549069753e-01
11 50 3 5.49865236 1.87221907 2.91202519 6.55032383 2.24786215 8.920141704111e+00 1.510234328268e-01 8.494934177050e-01 1.968266422944e+01 3.108133289191e-01
11 51 3 5.49865236 1.87221907 2.91202519 6.55032383 2.24786215 9.204369647216e+00 1.565650038340e-01 8.714880196967e-01 2.054204194319e+01 2.775737030729e-01
11 52 3 5.49865236 1.87221907 2.91202519 6.55032383 2.24786215 9.510551413096e+00 1.626337908407e-01 8.979374288136e-01 2.097265690177e+01 2.532986475396e-01
11 53 3 5.49865236 1.87221907 2.91202519 6.55032383 2.24786215 9.842490932842e+00 1.692470747467e-01 9.287967327432e-01 2.089139439823e+01 2.470482707679e-01
11 54 3 5.49865236 1.87221907 2.91202519 6.55032383 2.24786215 1.019042458841e+01 1.763047129387e-01 9.603386402412e-01 2.035750287147e+01 2.634511074606e-01
11 55 3 5.49865236 1.87221907 2.91202519 6.55032383 2.24786215 1.054375747370e+01 1.836050745341e-01 9.899604187438e-01 1.954322574046e+01 3.027191650528e-01
11 56 3 5.49865236 1.87221907 2.91202519 6.55032383 2.24786215 1.090402116133e+01 1.908911773926e-01 1.018403032956e+00 1.867472266724e+01 3.615180014627e-01
11 57 3 5.49865236 1.87221907 2.91202519 6.55032383 2.24786215 1.128156380651e+01 1.979127097209e-01 1.047338182559e+00 1.798895678935e+01 4.330239633216e-01
11 58 3 5.49865236 1.87221907 2.91202519 6.55032383 2.24786215 1.168052460341e+01 2.044852232908e-01 1.076690112320e+00 1.767972271427e+01 5.078187786391e-01
11 59 3 5.49865236 1.87221907 2.91202519 6.55032383 2.24786215 1.209217575299e+01 2.105297915213e-01 1.105951590838e+00 1.789404471737e+01 5.762924880700e-01
11 60 3 5.49865236 1.87221907 2.91202519 6.55032383 2.24786215 1.250599037077e+01 2.160837904261e-01 1.137331663877e+00 1.869202571972e+01 6.299635128034e-01
11 61 3 5.49865236 1.87221907 2.91202519 6.55032383 2.24786215 1.292414267713e+01 2.212832354523e-01 1.175062459697e+00 1.997643787061e+01 6.609113895945e-01
11 62 3 5.49865236 1.87221907 2.91202519 6.55032383 2.24786215 1.335981165822e+01 2.263256314706e-01 1.220343455836e+00 2.160842477242e+01 6.627720403639e-01
11 63 3 5.49865236 1.87221907 2.91202519 6.55032383 2.24786215 1.382065604517e+01 2.314266401894e-01 1.268600380691e+00 2.352482782130e+01 6.346939187480e-01
15 0 3 2.81429721 2.56646125 4.95905090 35.64425407 3.42574987 8.337153076912e-01 7.657824002213e-01 6.872821248939e+00 1.322942609312e+03 2.462503909099e+00
15 1 3 2.81429721 2.56646125 4.95905090 35.64425407 3.42574987 8.972142535901e-01 7.293480205259e-01 6.628621553908e+00 1.317040048522e+03 2.526059508052e+00
15 2 3 2.81429721 2.56646125 4.95905090 35.64425407 3.42574987 9.651017497385e-01 6.953783155663e-01 6.438826199710e+00 1.309458446372e+03 2.503941939268e+00
15 3 3 2.81429721 2.56646125 4.95905090 35.64425407 3.42574987 1.029206238832e+00 6.632485308208e-01 6.261954350243e+00 1.299122618201e+03 2.395304336325e+00
15 4 3 2.81429721 2.56646125 4.95905090 35.64425407 3.42574987 1.082504535290e+00 6.308451968194e-01 6.073467382777e+00 1.284344842107e+03 2.209425886867e+00
15 5 3 2.81429721 2.56646125 4.95905090 35.64425407 3.42574987 1.119623192032e+00 5.968720373779e-01 5.881422021662e+00 1.264331676674e+03 1.966779045628e+00
15 6 3 2.81429721 2.56646125 4.95905090 35.64425407 3.42574987 1.137037825484e+00 5.624040914584e-01 5.713090916151e+00 1.239294520040e+03 1.701527285574e+00
15 7 3 2.81429721 2.56646125 4.95905090 35.64425407 3.42574987 1.133024827749e+00 5.303790353445e-01 5.590162341728e+00 1.209505653501e+03 1.454296745810e+00
15 8 3 2.81429721 2.56646125 4.95905090 35.64425407 3.42574987 1.107487190659e+00 5.035033790249e-01 5.515818803656e+00 1.175175440551e+03 1.259941077808e+00
15 9 3 2.81429721 2.56646125 4.95905090 35.64425407 3.42574987 1.061767310153e+00 4.823346802043e-01 5.478575880923e+00 1.136857271704e+03 1.141205238974e+00
15 10 3 2.81429721 2.56646125 4.95905090 35.64425407 3.42574987 9.984911665435e-01 4.650574094824e-01 5.460945749615e+00 1.095729860412e+03 1.107142034715e+00
15 11 3 2.81429721 2.56646125 4.95905090 35.64425407 3.42574987 9.214098802879e-01 4.490098229752e-01 5.443603485083e+00 1.053410862439e+03 1.150082415880e+00
15 12 3 2.81429721 2.56646125 4.95905090 35.64425407 3.42574987 8.351667158100e-01 4.326252779617e-01 5.408595889817e+00 1.011135394684e+03 1.245191923272e+00
15 13 3 2.81429721 2.56646125 4.95905090 35.64425407 3.42574987 7.449411283053e-01 4.162501412058e-01 5.347928833914e+00 9.696175887237e+02 1.359386327438e+00
15 14 3 2.81429721 2.56646125 4.95905090 35.64425407 3.42574987 6.559879528266e-01 4.013527017336e-01 5.272574793830e+00 9.300562322764e+02 1.463742150708e+00
15 15 3 2.81429721 2.56646125 4.95905090 35.64425407 3.42574987 5.731556888363e-01 3.889783118395e-01 5.208664854208e+00 8.941304413803e+02 1.538085267908e+00
15 16 3 2.81429721 2.56646125 4.95905090 35.64425407 3.42574987 5.004922752064e-01 3.788192920653e-01 5.177625125529e+00 8.627384860843e+02 1.568393107568e+00
15 17 3 2.81429721 2.56646125 4.95905090 35.64425407 3.42574987 4.410159060780e-01 3.696104986362e-01 5.176572689534e+00 8.360185144952e+02 1.546244727252e+00
15 18 3 2.81429721 2.56646125 4.95905090 35.64425407 3.42574987 3.966615158786e-01 3.603763694189e-01 5.179733013033e+00 8.143940798145e+02 1.471747558923e+00
15 19 3 2.81429721 2.56646125 4.95905090 35.64425407 3.42574987 3.683491613188e-01 3.513646277298e-01 5.161542730551e+00 7.982932240044e+02 1.353720843381e+00
15 20 3 2.81429721 2.56646125 4.95905090 35.64425407 3.42574987 3.560928180963e-01 3.438400931031e-01 5.118644775750e+00 7.873429570452e+02 1.206635923254e+00
15 21 3 2.81429721 2.56646125 4.95905090 35.64425407 3.42574987 3.590876183016e-01 3.389281055308e-01 5.069289808818e+00 7.808179797057e+02 1.049614022154e+00
15 22 3 2.81429721 2.56646125 4.95905090 35.64425407 3.42574987 3.757632315580e-01 3.365072120453e-01 5.033968078200e+00 7.782604152813e+02 9.066959553870e-01
15 23 3 2.81429721 2.56646125 4.95905090 35.64425407 3.42574987 4.038384919353e-01 3.350961040426e-01 5.019946475768e+00 7.791772979539e+02 8.020255639760e-01
15 24 3 2.81429721 2.56646125 4.95905090 35.64425407 3.42574987 4.404294974088e-01 3.328458428830e-01 5.022936330069e+00 7.827230274585e+02 7.507234509053e-01
15 25 3 2.81429721 2.56646125 4.95905090 35.64425407 3.42574987 4.822422640533e-01 3.288485869068e-01 5.036261615570e+00 7.878654858134e+02 7.542239977115e-01
15 26 3 2.81429721 2.56646125 4.95905090 35.64425407 3.42574987 5.258365054090e-01 3.237379923439e-01 5.052610672436e+00 7.936921208470e+02 8.035078151575e-01
15 27 3 2.81429721 2.56646125 4.95905090 35.64425407 3.42574987 5.679068044942e-01 3.191453807641e-01 5.060433317138e+00 7.996802733725e+02 8.841947504575e-01
15 28 3 2.81429721 2.56646125 4.95905090 35.64425407 3.42574987 6.055150979389e-01 3.164852355200e-01 5.048963179103e+00 8.055196264596e+02 9.790775160919e-01
15 29 3 2.81429721 2.56646125 4.95905090 35.64425407 3.42574987 6.362307565668e-01 3.160383745498e-01 5.022994344389e+00 8.106529098835e+02 1.070737169300e+00
15 30 3 2.81429721 2.56646125 4.95905090 35.64425407 3.42574987 6.581785034370e-01 3.170079666709e-01 5.008548100464e+00 8.145813129265e+02 1.145545491643e+00
15 31 3 2.81429721 2.56646125 4.95905090 35.64425407 3.42574987 6.700351466447e-01 3.184096144860e-01 5.034894921680e+00 8.174251183193e+02 1.194810243225e+00
15 32 3 2.81429721 2.56646125 4.95905090 35.64425407 3.42574987 6.710312514350e-01 3.199928923056e-01 5.106652676895e+00 8.193130869177e+02 1.211878249446e+00
15 33 3 2.81429721 2.56646125 4.95905090 35.64425407 3.42574987 6.609957123500e-01 3.224075722760e-01 5.196158863281e+00 8.196691974028e+02 1.191331873539e+00
15 34 3 2.81429721 2.56646125 4.95905090 35.64425407 3.42574987 6.404405267691e-01 3.264940833312e-01 5.266706062919e+00 8.179782829408e+02 1.133826297900e+00
15 35 3 2.81429721 2.56646125 4.95905090 35.64425407 3.42574987 6.106430862533e-01 3.323390238627e-01 5.303121630433e+00 8.145744927103e+02 1.050641731519e+00
15 36 3 2.81429721 2.56646125 4.95905090 35.64425407 3.42574987 5.736667528128e-01 3.389607604814e-01 5.319031327586e+00 8.100490224799e+02 9.616120365905e-01
15 37 3 2.81429721 2.56646125 4.95905090 35.64425407 3.42574987 5.322772067880e-01 3.449797911256e-01 5.337938356057e+00 8.047598698441e+02 8.890841143640e-01
15 38 3 2.81429721 2.56646125 4.95905090 35.64425407 3.42574987 4.897533546861e-01 3.497888749592e-01 5.372669239388e+00 7.993223924599e+02 8.534247179718e-01
15 39 3 2.81429721 2.56646125 4.95905090 35.64425407 3.42574987 4.496347513362e-01 3.542618758859e-01 5.422749708572e+00 7.948246914161e+02 8.693327163526e-01
15 40 3 2.81429721 2.56646125 4.95905090 35.64425407 3.42574987 4.154682309256e-01 3.603487444501e-01 5.483303288228e+00 7.924023121592e+02 9.407011331782e-01
15 41 3 2.81429721 2.56646125 4.95905090 35.64425407 3.42574987 3.906027822973e-01 3.697847715228e-01 5.548253411653e+00 7.929384783702e+02 1.058257411007e+00
15 42 3 2.81429721 2.56646125 4.95905090 35.64425407 3.42574987 3.780415559062e-01 3.828917748518e-01 5.606115861960e+00 7.970519832505e+02 1.204550274784e+00
15 43 3 2.81429721 2.56646125 4.95905090 35.64425407 3.42574987 3.803175069215e-01 3.984306201930e-01 5.642234227557e+00 8.053561622810e+02 1.361325619846e+00
15 44 3 2.81429721 2.56646125 4.95905090 35.64425407 3.42574987 3.993416905896e-01 4.146468113447e-01 5.652662752081e+00 8.186919817308e+02 1.511140609317e+00
15 45 3 2.81429721 2.56646125 4.95905090 35.64425407 3.42574987 4.361943489827e-01 4.306742562508e-01 5.654318684132e+00 8.376146172288e+02 1.634998645791e+00
15 46 3 2.81429721 2.56646125 4.95905090 35.64425407 3.42574987 4.908793696795e-01 4.471429407335e-01 5.674500286524e+00 8.618972882216e+02 1.714099217067e+00
15 47 3 2.81429721 2.56646125 4.95905090 35.64425407 3.42574987 5.621137326290e-01 4.654827806690e-01 5.726061729912e+00 8.912152076749e+02 1.735909288989e+00
15 48 3 2.81429721 2.56646125 4.95905090 35.64425407 3.42574987 6.472429308197e-01 4.865278615338e-01 5.793790784356e+00 9.255640192591e+02 1.697730451329e+00
15 49 3 2.81429721 2.56646125 4.95905090 35.64425407 3.42574987 7.423449038763e-01 5.096649962817e-01 5.847508176841e+00 9.642903066275e+02 1.607115981002e+00
15 50 3 2.81429721 2.56646125 4.95905090 35.64425407 3.42574987 8.425202706965e-01 5.333453679758e-01 5.869103804749e+00 1.005897552089e+03 1.484138676046e+00
15 51 3 2.81429721 2.56646125 4.95905090 35.64425407 3.42574987 9.423001288518e-01 5.565870510720e-01 5.867158156506e+00 1.049302679976e+03 1.362930284244e+00
15 52 3 2.81429721 2.56646125 4.95905090 35.64425407 3.42574987 1.036072443821e+00 5.801413412652e-01 5.868039938567e+00 1.093915897261e+03 1.283997836423e+00
15 53 3 2.81429721 2.56646125 4.95905090 35.64425407 3.42574987 1.118452060918e+00 6.061558779717e-01 5.896517159676e+00 1.138460784509e+03 1.279474345781e+00
15 54 3 2.81429721 2.56646125 4.95905090 35.64425407 3.42574987 1.184582594492e+00 6.364060784302e-01 5.964702813382e+00 1.181091463936e+03 1.364336386350e+00
15 55 3 2.81429721 2.56646125 4.95905090 35.64425407 3.42574987 1.230419790097e+00 6.704792190469e-01 6.073200016848e+00 1.220454414074e+03 1.537938129372e+00
15 56 3 2.81429721 2.56646125 4.95905090 35.64425407 3.42574987 1.253062650028e+00 7.055145908232e-01 6.214467268744e+00 1.255798253941e+03 1.786612584499e+00
15 57 3 2.81429721 2.56646125 4.95905090 35.64425407 3.42574987 1.251153955977e+00 7.379223919753e-01 6.372486307926e+00 1.286490599130e+03 2.082984228664e+00
15 58 3 2.81429721 2.56646125 4.95905090 35.64425407 3.42574987 1.225288630380e+00 7.658329892089e-01 6.525922525277e+00 1.311812426510e+03 2.389468990582e+00
15 59 3 2.81429721 2.56646125 4.95905090 35.64425407 3.42574987 1.178298058432e+00 7.902954991694e-01 6.662423515385e+00 1.331217099573e+03 2.667945463093e+00
15 60 3 2.81429721 2.56646125 4.95905090 35.64425407 3.42574987 1.115270489499e+00 8.141753580837e-01 6.795132465053e+00 1.345097104206e+03 2.885567544044e+00
15 61 3 2.81429721 2.56646125 4.95905090 35.64425407 3.42574987 1.043237232266e+00 8.396110206484e-01 6.960799224525e+00 1.354759881607e+03 3.013844275998e+00
15 62 3 2.81429721 2.56646125 4.95905090 35.64425407 3.42574987 9.705695857682e-01 8.661756580632e-01 7.193046658561e+00 1.361135450979e+03 3.032752845658e+00
15 63 3 2.81429721 2.56646125 4.95905090 35.64425407 3.42574987 9.062293303977e-01 8.913745005057e-01 7.493085412653e+00 1.364873413162e+03 2.943840536140e+00
16 0 3 2.45952274 3.28485335 8.69488817 9.47625688 4.78392741 5.838408173589e-01 1.999470268264e+00 6.059978661137e+01 7.926976447034e+01 8.854002392792e+00
16 1 3 2.45952274 3.28485335 8.69488817 9.47625688 4.78392741 5.621175467120e-01 1.925229510629e+00 5.884686110480e+01 7.676889281058e+01 8.993132198472e+00
16 2 3 2.45952274 3.28485335 8.69488817 9.47625688 4.78392741 5.416795439279e-01 1.857442499218e+00 5.713676395653e+01 7.442827096108e+01 8.886140219560e+00
16 3 3 2.45952274 3.28485335 8.69488817 9.47625688 4.78392741 5.226103859472e-01 1.793381038599e+00 5.540778226499e+01 7.209086062626e+01 8.535981601116e+00
16 4 3 2.45952274 3.28485335 8.69488817 9.47625688 4.78392741 5.048373180674e-01 1.727857783416e+00 5.363987983017e+01 6.970988510415e+01 7.973533505824e+00
16 5 3 2.45952274 3.28485335 8.69488817 9.47625688 4.78392741 4.881419586999e-01 1.658035832702e+00 5.187456822981e+01 6.741142868468e+01 7.257011292693e+00
16 6 3 2.45952274 3.28485335 8.69488817 9.47625688 4.78392741 4.722384338976e-01 1.586214834475e+00 5.017573267495e+01 6.528760161318e+01 6.477406264516e+00
16 7 3 2.45952274 3.28485335 8.69488817 9.47625688 4.78392741 4.568811454011e-01 1.518308982672e+00 4.857740550228e+01 6.327643390343e+01 5.742865991322e+00
16 8 3 2.45952274 3.28485335 8.69488817 9.47625688 4.78392741 4.419511205382e-01 1.459394135976e+00 4.707233944720e+01 6.130907403432e+01 5.148897173053e+00
16 9 3 2.45952274 3.28485335 8.69488817 9.47625688 4.78392741 4.274814064650e-01 1.410016022639e+00 4.564030261333e+01 5.942646205494e+01 4.757706696635e+00
16 10 3 2.45952274 3.28485335 8.69488817 9.47625688 4.78392741 4.136117848731e-01 1.366121502014e+00 4.427192841647e+01 5.769104423337e+01 4.589564675338e+00
16 11 3 2.45952274 3.28485335 8.69488817 9.47625688 4.78392741 4.004964527787e-01 1.322398575490e+00 4.296235082023e+01 5.610511551200e+01 4.618924840401e+00
16 12 3 2.45952274 3.28485335 8.69488817 9.47625688 4.78392741 3.882095326372e-01 1.276143656533e+00 4.169616701554e+01 5.463743161138e+01 4.782151524892e+00
16 13 3 2.45952274 3.28485335 8.69488817 9.47625688 4.78392741 3.766929990275e-01 1.228631062283e+00 4.045628316268e+01 5.323185399092e+01 5.002189049385e+00
16 14 3 2.45952274 3.28485335 8.69488817 9.47625688 4.78392741 3.657708269847e-01 1.183241186766e+00 3.925091621038e+01 5.182255440763e+01 5.212213701868e+00
16 15 3 2.45952274 3.28485335 8.69488817 9.47625688 4.78392741 3.552221876670e-01 1.142261432416e+00 3.811930923297e+01 5.042965826974e+01 5.359390399237e+00
16 16 3 2.45952274 3.28485335 8.69488817 9.47625688 4.78392741 3.448797791338e-01 1.105130993133e+00 3.709729857195e+01 4.916038699755e+01 5.399180093192e+00
16 17 3 2.45952274 3.28485335 8.69488817 9.47625688 4.78392741 3.347087143226e-01 1.069424793706e+00 3.617682896932e+01 4.803439429069e+01 5.301540273956e+00
16 18 3 2.45952274 3.28485335 8.69488817 9.47625688 4.78392741 3.248308771554e-01 1.033467199057e+00 3.530907629280e+01 4.692736618643e+01 5.064974010571e+00
16 19 3 2.45952274 3.28485335 8.69488817 9.47625688 4.78392741 3.154842766330e-01 9.981744427342e-01 3.445227071137e+01 4.576698437463e+01 4.717842188178e+00
16 20 3 2.45952274 3.28485335 8.69488817 9.47625688 4.78392741 3.069352944613e-01 9.665211204841e-01 3.361047230483e+01 4.464260819897e+01 4.305495105865e+00
16 21 3 2.45952274 3.28485335 8.69488817 9.47625688 4.78392741 2.993814268683e-01 9.411137664516e-01 3.282038003294e+01 4.364495401724e+01 3.880383759973e+00
16 22 3 2.45952274 3.28485335 8.69488817 9.47625688 4.78392741 2.928851330047e-01 9.219422153408e-01 3.210851181331e+01 4.274482799636e+01 3.499628171220e+00
16 23 3 2.45952274 3.28485335 8.69488817 9.47625688 4.78392741 2.873651980291e-01 9.061966758950e-01 3.147545130580e+01 4.189642272871e+01 3.217555817797e+00
16 24 3 2.45952274 3.28485335 8.69488817 9.47625688 4.78392741 2.826473175816e-01 8.903204193481e-01 3.092106103375e+01 4.112196318250e+01 3.070297052507e+00
16 25 3 2.45952274 3.28485335 8.69488817 9.47625688 4.78392741 2.785511077925e-01 8.726694487773e-01 3.046411734444e+01 4.044886780891e+01 3.065834942475e+00
16 26 3 2.45952274 3.28485335 8.69488817 9.47625688 4.78392741 2.749764699775e-01 8.547120147685e-01 3.011861127880e+01 3.988265709809e+01 3.186546959523e+00
16 27 3 2.45952274 3.28485335 8.69488817 9.47625688 4.78392741 2.719535429090e-01 8.399088480507e-01 2.985814485640e+01 3.944942193206e+01 3.396311129088e+00
16 28 3 2.45952274 3.28485335 8.69488817 9.47625688 4.78392741 2.696361984208e-01 8.312420174191e-01 2.963018661549e+01 3.915784330923e+01 3.647107457571e+00
16 29 3 2.45952274 3.28485335 8.69488817 9.47625688 4.78392741 2.682423670738e-01 8.293432735181e-01 2.942045872696e+01 3.895533315551e+01 3.889687379949e+00
16 30 3 2.45952274 3.28485335 8.69488817 9.47625688 4.78392741 2.679659314447e-01 8.325809472037e-01 2.929039615475e+01 3.882805611394e+01 4.086320128855e+00
16 31 3 2.45952274 3.28485335 8.69488817 9.47625688 4.78392741 2.688961117986e-01 8.388365522459e-01 2.932780510409e+01 3.887052347014e+01 4.213575490440e+00
16 32 3 2.45952274 3.28485335 8.69488817 9.47625688 4.78392741 2.709770442807e-01 8.473707478662e-01 2.955427485488e+01 3.914159818416e+01 4.254114514243e+00
16 33 3 2.45952274 3.28485335 8.69488817 9.47625688 4.78392741 2.740241029185e-01 8.591956000571e-01 2.989432965801e+01 3.954492103538e+01 4.194195075913e+00
16 34 3 2.45952274 3.28485335 8.69488817 9.47625688 4.78392741 2.777908532764e-01 8.756868512941e-01 3.024615101310e+01 3.996712792093e+01 4.036004663203e+00
16 35 3 2.45952274 3.28485335 8.69488817 9.47625688 4.78392741 2.820602045939e-01 8.966943160699e-01 3.057652499104e+01 4.043108179233e+01 3.809902756710e+00
16 36 3 2.45952274 3.28485335 8.69488817 9.47625688 4.78392741 2.867233295996e-01 9.198841923484e-01 3.093694375579e+01 4.100629806043e+01 3.569379305918e+00
16 37 3 2.45952274 3.28485335 8.69488817 9.47625688 4.78392741 2.918143408580e-01 9.420603894029e-01 3.139329662074e+01 4.167856207451e+01 3.373778185336e+00
16 38 3 2.45952274 3.28485335 8.69488817 9.47625688 4.78392741 2.974861174554e-01 9.615393453181e-01 3.195785615258e+01 4.240153336696e+01 3.274464064049e+00
16 39 3 2.45952274 3.28485335 8.69488817 9.47625688 4.78392741 3.039364742394e-01 9.796624147133e-01 3.259473946969e+01 4.317036617183e+01 3.307034132323e+00
16 40 3 2.45952274 3.28485335 8.69488817 9.47625688 4.78392741 3.113146531743e-01 1.000086635007e+00 3.327269315779e+01 4.398120527885e+01 3.483758927198e+00
16 41 3 2.45952274 3.28485335 8.69488817 9.47625688 4.78392741 3.196472619822e-01 1.026227162998e+00 3.399042766885e+01 4.482416703144e+01 3.789838098880e+00
16 42 3 2.45952274 3.28485335 8.69488817 9.47625688 4.78392741 3.288159703877e-01 1.058765079387e+00 3.475237813952e+01 4.573638068163e+01 4.190201427445e+00
16 43 3 2.45952274 3.28485335 8.69488817 9.47625688 4.78392741 3.385985608730e-01 1.095191316429e+00 3.554417119132e+01 4.674463373199e+01 4.639866527899e+00
16 44 3 2.45952274 3.28485335 8.69488817 9.47625688 4.78392741 3.487583577042e-01 1.131794421993e+00 3.635033223034e+01 4.777897489709e+01 5.086661451501e+00
16 45 3 2.45952274 3.28485335 8.69488817 9.47625688 4.78392741 3.591456715484e-01 1.166524495190e+00 3.718923997532e+01 4.878208294187e+01 5.471987517904e+00
16 46 3 2.45952274 3.28485335 8.69488817 9.47625688 4.78392741 3.697682177053e-01 1.200407202749e+00 3.811041687476e+01 4.985081579294e+01 5.742620262715e+00
16 47 3 2.45952274 3.28485335 8.69488817 9.47625688 4.78392741 3.807992114009e-01 1.236344542531e+00 3.914813357085e+01 5.111166348240e+01 5.867666116611e+00
16 48 3 2.45952274 3.28485335 8.69488817 9.47625688 4.78392741 3.925178416264e-01 1.276338630800e+00 4.028515510012e+01 5.252323821363e+01 5.843118988952e+00
16 49 3 2.45952274 3.28485335 8.69488817 9.47625688 4.78392741 4.052062865974e-01 1.319580704920e+00 4.147086996355e+01 5.396178768730e+01 5.685954373368e+00
16 50 3 2.45952274 3.28485335 8.69488817 9.47625688 4.78392741 4.190473398166e-01 1.363190276001e+00 4.267256774972e+01 5.542736409290e+01 5.436083227707e+00
16 51 3 2.45952274 3.28485335 8.69488817 9.47625688 4.78392741 4.340675926177e-01 1.405105056755e+00 4.390169028496e+01 5.701999939070e+01 5.165069672867e+00
16 52 3 2.45952274 3.28485335 8.69488817 9.47625688 4.78392741 4.501516428010e-01 1.446608054159e+00 4.519171371296e+01 5.878907251690e+01 4.968099032560e+00
16 53 3 2.45952274 3.28485335 8.69488817 9.47625688 4.78392741 4.671209585242e-01 1.492048397278e+00 4.656214319773e+01 6.071577134146e+01 4.933162706940e+00
16 54 3 2.45952274 3.28485335 8.69488817 9.47625688 4.78392741 4.848410024546e-01 1.545592521310e+00 4.801149416937e+01 6.275908416694e+01 5.112464715103e+00
16 55 3 2.45952274 3.28485335 8.69488817 9.47625688 4.78392741 5.033061094838e-01 1.607508401529e+00 4.953671756605e+01 6.485656575303e+01 5.514900639663e+00
16 56 3 2.45952274 3.28485335 8.69488817 9.47625688 4.78392741 5.226607464231e-01 1.673202912209e+00 5.114110875796e+01 6.697784005571e+01 6.110019170020e+00
16 57 3 2.45952274 3.28485335 8.69488817 9.47625688 4.78392741 5.431448391459e-01 1.736176502462e+00 5.281437843118e+01 6.918649665256e+01 6.832625134306e+00
16 58 3 2.45952274 3.28485335 8.69488817 9.47625688 4.78392741 5.649868196948e-01 1.792782647634e+00 5.451660183854e+01 7.153175413923e+01 7.594878001091e+00
16 59 3 2.45952274 3.28485335 8.69488817 9.47625688 4.78392741 5.882939428805e-01 1.844950687286e+00 5.620307360111e+01 7.392196593356e+01 8.306238484510e+00
16 60 3 2.45952274 3.28485335 8.69488817 9.47625688 4.78392741 6.129923076524e-01 1.898494146221e+00 5.787448157605e+01 7.625526461823e+01 8.883951084823e+00
16 61 3 2.45952274 3.28485335 8.69488817 9.47625688 4.78392741 6.388465201176e-01 1.958254762749e+00 5.959287369063e+01 7.861149609903e+01 9.252380013129e+00
16 62 3 2.45952274 3.28485335 8.69488817 9.47625688 4.78392741 6.655509919542e-01 2.024112869635e+00 6.143457885747e+01 8.114727762483e+01 9.356639041128e+00
16 63 3 2.45952274 3.28485335 8.69488817 9.47625688 4.78392741 6.928495164662e-01 2.091332757667e+00 6.342712308644e+01 8.385441013437e+01 9.196533700150e+00
18 0 3 3.42499147 2.35684138 4.29842239 21.56550950 3.01636332 1.737191221974e+00 5.492123996083e-01 5.349691742502e+00 6.240021542293e+02 1.664722387798e+00
18 1 3 3.42499147 2.35684138 4.29842239 21.56550950 3.01636332 1.783978632891e+00 5.282621621679e-01 5.182515293766e+00 5.804223232266e+02 1.715398298563e+00
18 2 3 3.42499147 2.35684138 4.29842239 21.56550950 3.01636332 1.906738243159e+00 5.084297865608e-01 5.029805918279e+00 5.429968556500e+02 1.705072337431e+00
18 3 3 3.42499147 2.35684138 4.29842239 21.56550950 3.01636332 2.054553173339e+00 4.878399368803e-01 4.876921209788e+00 5.143124471690e+02 1.632772155379e+00
18 4 3 3.42499147 2.35684138 4.29842239 21.56550950 3.01636332 2.174643622113e+00 4.654488796866e-01 4.711071107130e+00 4.953563821860e+02 1.504495152080e+00
18 5 3 3.42499147 2.35684138 4.29842239 21.56550950 3.01636332 2.224944345947e+00 4.419962968392e-01 4.534890391941e+00 4.855913699136e+02 1.334439875256e+00
18 6 3 3.42499147 2.35684138 4.29842239 21.56550950 3.01636332 2.183314107394e+00 4.195736888617e-01 4.361366286445e+00 4.839341161269e+02 1.146393906822e+00
18 7 3 3.42499147 2.35684138 4.29842239 21.56550950 3.01636332 2.051305501307e+00 4.001923983784e-01 4.199272055667e+00 4.886763756962e+02 9.682071806724e-01
18 8 3 3.42499147 2.35684138 4.29842239 21.56550950 3.01636332 1.851967896502e+00 3.844658944241e-01 4.047538876187e+00 4.972202811986e+02 8.234505183919e-01
18 9 3 3.42499147 2.35684138 4.29842239 21.56550950 3.01636332 1.622738685036e+00 3.713572627709e-01 3.902491121375e+00 5.065777741746e+02 7.276786569879e-01
18 10 3 3.42499147 2.35684138 4.29842239 21.56550950 3.01636332 1.405613215576e+00 3.590777064237e-01 3.765080055472e+00 5.139671077153e+02 6.878937769984e-01
18 11 3 3.42499147 2.35684138 4.29842239 21.56550950 3.01636332 1.237191435064e+00 3.463669030416e-01 3.637651251587e+00 5.172284309695e+02 7.006099154967e-01
18 12 3 3.42499147 2.35684138 4.29842239 21.56550950 3.01636332 1.140884657601e+00 3.331855850417e-01 3.516093720400e+00 5.149344640849e+02 7.511884707355e-01
18 13 3 3.42499147 2.35684138 4.29842239 21.56550950 3.01636332 1.122761035334e+00 3.203968007504e-01 3.390630874720e+00 5.062117739939e+02 8.190761022041e-01
18 14 3 3.42499147 2.35684138 4.29842239 21.56550950 3.01636332 1.171527322115e+00 3.088222629384e-01 3.256952538770e+00 4.910497597091e+02 8.853203696826e-01
18 15 3 3.42499147 2.35684138 4.29842239 21.56550950 3.01636332 1.262245349891e+00 2.984937597622e-01 3.124157199579e+00 4.706591717345e+02 9.353790202138e-01
18 16 3 3.42499147 2.35684138 4.29842239 21.56550950 3.01636332 1.362703940526e+00 2.886801949655e-01 3.007808137956e+00 4.467518089264e+02 9.579962775415e-01
18 17 3 3.42499147 2.35684138 4.29842239 21.56550950 3.01636332 1.440954502490e+00 2.786017442888e-01 2.914348729369e+00 4.208820914784e+02 9.459227122117e-01
18 18 3 3.42499147 2.35684138 4.29842239 21.56550950 3.01636332 1.472379728221e+00 2.681958080177e-01 2.834743447430e+00 3.949339167301e+02 8.986398345146e-01
18 19 3 3.42499147 2.35684138 4.29842239 21.56550950 3.01636332 1.444811671027e+00 2.582892795058e-01 2.754974128305e+00 3.711922061103e+02 8.224981590284e-01
18 20 3 3.42499147 2.35684138 4.29842239 21.56550950 3.01636332 1.360651859658e+00 2.500302016365e-01 2.671040802092e+00 3.514302626168e+02 7.280807781944e-01
18 21 3 3.42499147 2.35684138 4.29842239 21.56550950 3.01636332 1.235622688563e+00 2.440237837920e-01 2.591423959893e+00 3.366463157212e+02 6.287559504767e-01
18 22 3 3.42499147 2.35684138 4.29842239 21.56550950 3.01636332 1.094561867596e+00 2.398432199880e-01 2.526107151688e+00 3.275056483388e+02 5.403356945335e-01
18 23 3 3.42499147 2.35684138 4.29842239 21.56550950 3.01636332 9.653596785724e-01 2.362907008656e-01 2.476945347806e+00 3.242701028202e+02 4.779108037760e-01
18 24 3 3.42499147 2.35684138 4.29842239 21.56550950 3.01636332 8.725347700979e-01 2.322153104216e-01 2.439642117498e+00 3.264874507296e+02 4.503481987235e-01
18 25 3 3.42499147 2.35684138 4.29842239 21.56550950 3.01636332 8.319376134008e-01 2.272898153289e-01 2.410859796798e+00 3.330805689046e+02 4.578582215187e-01
18 26 3 3.42499147 2.35684138 4.29842239 21.56550950 3.01636332 8.476868478001e-01 2.221995813444e-01 2.388872393815e+00 3.426413495877e+02 4.944147820026e-01
18 27 3 3.42499147 2.35684138 4.29842239 21.56550950 3.01636332 9.118297180094e-01 2.181438172815e-01 2.368755152031e+00 3.537559965755e+02 5.508824111659e-01
18 28 3 3.42499147 2.35684138 4.29842239 21.56550950 3.01636332 1.006573941656e+00 2.160449401021e-01 2.343513813143e+00 3.650999287198e+02 6.162042999423e-01
18 29 3 3.42499147 2.35684138 4.29842239 21.56550950 3.01636332 1.108433624890e+00 2.160421443821e-01 2.314059138313e+00 3.752421202118e+02 6.788054128887e-01
18 30 3 3.42499147 2.35684138 4.29842239 21.56550950 3.01636332 1.193348061951e+00 2.175956839792e-01 2.295060664665e+00 3.828821503204e+02 7.292753865483e-01
18 31 3 3.42499147 2.35684138 4.29842239 21.56550950 3.01636332 1.241760637871e+00 2.200545278079e-01 2.304785496853e+00 3.873632737673e+02 7.614291453503e-01
18 32 3 3.42499147 2.35684138 4.29842239 21.56550950 3.01636332 1.242727312066e+00 2.232031550313e-01 2.346822453922e+00 3.883905925736e+02 7.706965336597e-01
18 33 3 3.42499147 2.35684138 4.29842239 21.56550950 3.01636332 1.196306008329e+00 2.273497875863e-01 2.404442893985e+00 3.855762265273e+02 7.536742653329e-01
18 34 3 3.42499147 2.35684138 4.29842239 21.56550950 3.01636332 1.113740471873e+00 2.329021370681e-01 2.455452826110e+00 3.789641830111e+02 7.111629962735e-01
18 35 3 3.42499147 2.35684138 4.29842239 21.56550950 3.01636332 1.015302218822e+00 2.397986724353e-01 2.491629437613e+00 3.695031259348e+02 6.509449595587e-01
18 36 3 3.42499147 2.35684138 4.29842239 21.56550950 3.01636332 9.260879124734e-01 2.472962277363e-01 2.522188757608e+00 3.585414697046e+02 5.863287557375e-01
18 37 3 3.42499147 2.35684138 4.29842239 21.56550950 3.01636332 8.705323379965e-01 2.543485518302e-01 2.560601639867e+00 3.474678829505e+02 5.323187139358e-01
18 38 3 3.42499147 2.35684138 4.29842239 21.56550950 3.01636332 8.667758273330e-01 2.603396793880e-01 2.612426615347e+00 3.379394114389e+02 5.029626964386e-01
18 39 3 3.42499147 2.35684138 4.29842239 21.56550950 3.01636332 9.221820740929e-01 2.656211390594e-01 2.676314682116e+00 3.317784636034e+02 5.091057853441e-01
18 40 3 3.42499147 2.35684138 4.29842239 21.56550950 3.01636332 1.031139715869e+00 2.714005297012e-01 2.751238997220e+00 3.305131807890e+02 5.547569864555e-01
18 41 3 3.42499147 2.35684138 4.29842239 21.56550950 3.01636332 1.175798227148e+00 2.789922651949e-01 2.837136879824e+00 3.350918579292e+02 6.348610559101e-01
18 42 3 3.42499147 2.35684138 4.29842239 21.56550950 3.01636332 1.329699916298e+00 2.889337594421e-01 2.929511198274e+00 3.458156507205e+02 7.379253491187e-01
18 43 3 3.42499147 2.35684138 4.29842239 21.56550950 3.01636332 1.463567286062e+00 3.006106489543e-01 3.019661084803e+00 3.625119861783e+02 8.507489838706e-01
18 44 3 3.42499147 2.35684138 4.29842239 21.56550950 3.01636332 1.551983604644e+00 3.126890788889e-01 3.104095265692e+00 3.845767628383e+02 9.599929261084e-01
18 45 3 3.42499147 2.35684138 4.29842239 21.56550950 3.01636332 1.579488745486e+00 3.240577756443e-01 3.191189344410e+00 4.105695130128e+02 1.051436733111e+00
18 46 3 3.42499147 2.35684138 4.29842239 21.56550950 3.01636332 1.544723512960e+00 3.345856547222e-01 3.293748519268e+00 4.383329800260e+02 1.111817273185e+00
18 47 3 3.42499147 2.35684138 4.29842239 21.56550950 3.01636332 1.461632498278e+00 3.451244976947e-01 3.414022276582e+00 4.658504234477e+02 1.133030808650e+00
18 48 3 3.42499147 2.35684138 4.29842239 21.56550950 3.01636332 1.357286470026e+00 3.567625665584e-01 3.539172840863e+00 4.912921851040e+02 1.113998747766e+00
18 49 3 3.42499147 2.35684138 4.29842239 21.56550950 3.01636332 1.266531307280e+00 3.699303040157e-01 3.653838578858e+00 5.124871713974e+02 1.059996167491e+00
18 50 3 3.42499147 2.35684138 4.29842239 21.56550950 3.01636332 1.224346578764e+00 3.840953926518e-01 3.755834646155e+00 5.275637380824e+02 9.835066685383e-01
18 51 3 3.42499147 2.35684138 4.29842239 21.56550950 3.01636332 1.257416495237e+00 3.983224067062e-01 3.857221838952e+00 5.358849757920e+02 9.055646665799e-01
18 52 3 3.42499147 2.35684138 4.29842239 21.56550950 3.01636332 1.376836689943e+00 4.122522485872e-01 3.970650297474e+00 5.377284686570e+02 8.517146914996e-01
18 53 3 3.42499147 2.35684138 4.29842239 21.56550950 3.01636332 1.573917949292e+00 4.266577926233e-01 4.097771923854e+00 5.338693979001e+02 8.430729170969e-01
18 54 3 3.42499147 2.35684138 4.29842239 21.56550950 3.01636332 1.820555796916e+00 4.430152413325e-01 4.232102048711e+00 5.259206499841e+02 8.905842148064e-01
18 55 3 3.42499147 2.35684138 4.29842239 21.56550950 3.01636332 2.074612523754e+00 4.623195191090e-01 4.369767296222e+00 5.163678475154e+02 9.955934925853e-01
18 56 3 3.42499147 2.35684138 4.29842239 21.56550950 3.01636332 2.289420726554e+00 4.840518307280e-01 4.512700373610e+00 5.080931822022e+02 1.150901023851e+00
18 57 3 3.42499147 2.35684138 4.29842239 21.56550950 3.01636332 2.425260531314e+00 5.061965317066e-01 4.660922949010e+00 5.038996386995e+02 1.339488402713e+00
18 58 3 3.42499147 2.35684138 4.29842239 21.56550950 3.01636332 2.459921022755e+00 5.264418508524e-01 4.806935225325e+00 5.061294068500e+02 1.536299752713e+00
18 59 3 3.42499147 2.35684138 4.29842239 21.56550950 3.01636332 2.395516896922e+00 5.437442699021e-01 4.943153910631e+00 5.167342320850e+02 1.715032807598e+00
18 60 3 3.42499147 2.35684138 4.29842239 21.56550950 3.01636332 2.259602830113e+00 5.590612825976e-01 5.074366143591e+00 5.372659212594e+02 1.852972294339e+00
18 61 3 3.42499147 2.35684138 4.29842239 21.56550950 3.01636332 2.100040593011e+00 5.746238550859e-01 5.217054326874e+00 5.679099927046e+02 1.930719622757e+00
18 62 3 3.42499147 2.35684138 4.29842239 21.56550950 3.01636332 1.974606133867e+00 5.922435897085e-01 5.382600625352e+00 6.071291124948e+02 1.934298586015e+00
18 63 3 3.42499147 2.35684138 4.29842239 21.56550950 3.01636332 1.937579967749e+00 6.119535593167e-01 5.564040708233e+00 6.528156847694e+02 1.863539662782e+00
21 0 3 2.17422730 2.19841414 2.57942417 2.19461698 2.24583150 5.987727115125e-04 2.161183250556e-06 3.444136575091e-06 6.040762017301e-03 1.665405602687e-06
21 1 3 2.17422730 2.19841414 2.57942417 2.19461698 2.24583150 6.913363303228e-04 2.192244275893e-06 2.650156327665e-06 5.993352124699e-03 1.763702049594e-06
21 2 3 2.17422730 2.19841414 2.57942417 2.19461698 2.24583150 6.206727052277e-04 2.195620017071e-06 2.269938065626e-06 5.819314968048e-03 1.870102768709e-06
21 3 3 2.17422730 2.19841414 2.57942417 2.19461698 2.24583150 4.274764238456e-04 2.172901433562e-06 2.409390328737e-06 5.522633051421e-03 1.971137480579e-06
21 4 3 2.17422730 2.19841414 2.57942417 2.19461698 2.24583150 2.403607539437e-04 2.126814157176e-06 2.900478762204e-06 5.120204789108e-03 2.054914757914e-06
21 5 3 2.17422730 2.19841414 2.57942417 2.19461698 2.24583150 1.697090519095e-04 2.061058340352e-06 3.407759362112e-06 4.639149365750e-03 2.111870336586e-06
21 6 3 2.17422730 2.19841414 2.57942417 2.19461698 2.24583150 2.261419092810e-04 1.980099726944e-06 3.613578504712e-06 4.113279490911e-03 2.135283460431e-06
21 7 3 2.17422730 2.19841414 2.57942417 2.19461698 2.24583150 3.239146867506e-04 1.888926166888e-06 3.380565277506e-06 3.579172380746e-03 2.121541669248e-06
21 8 3 2.17422730 2.19841414 2.57942417 2.19461698 2.24583150 3.581717375930e-04 1.792785309441e-06 2.809317512818e-06 3.072275868181e-03 2.070155492652e-06
21 9 3 2.17422730 2.19841414 2.57942417 2.19461698 2.24583150 2.887679622921e-04 1.696919586174e-06 2.169346811083e-06 2.623445950068e-03 1.983543622734e-06
21 10 3 2.17422730 2.19841414 2.57942417 2.19461698 2.24583150 1.647252363923e-04 1.606313869784e-06 1.748220898434e-06 2.256232805495e-03 1.866624910422e-06
21 11 3 2.17422730 2.19841414 2.57942417 2.19461698 2.24583150 7.606102131236e-05 1.525469481634e-06 1.702479959521e-06 1.985126440778e-03 1.726264965355e-06
21 12 3 2.17422730 2.19841414 2.57942417 2.19461698 2.24583150 7.792389522392e-05 1.458215700055e-06 1.986669403261e-06 1.814854618362e-03 1.570631690908e-06
21 13 3 2.17422730 2.19841414 2.57942417 2.19461698 2.24583150 1.496321896481e-04 1.407566822701e-06 2.391050015634e-06 1.740708725211e-03 1.408515672878e-06
21 14 3 2.17422730 2.19841414 2.57942417 2.19461698 2.24583150 2.180542316757e-04 1.375629419255e-06 2.660687503361e-06 1.749770334823e-03 1.248668314665e-06
21 15 3 2.17422730 2.19841414 2.57942417 2.19461698 2.24583150 2.212384818806e-04 1.363560943681e-06 2.629165394544e-06 1.822832183308e-03 1.099203692444e-06
21 16 3 2.17422730 2.19841414 2.57942417 2.19461698 2.24583150 1.581454511831e-04 1.371577613542e-06 2.297716591841e-06 1.936758179102e-03 9.671002813866e-07
21 17 3 2.17422730 2.19841414 2.57942417 2.19461698 2.24583150 8.553031157338e-05 1.399006631350e-06 1.823421687777e-06 2.067009919354e-03 8.578271267045e-07
21 18 3 2.17422730 2.19841414 2.57942417 2.19461698 2.24583150 6.796462476592e-05 1.444375595804e-06 1.428857717337e-06 2.190080155174e-03 7.751068883886e-07
21 19 3 2.17422730 2.19841414 2.57942417 2.19461698 2.24583150 1.240183798582e-04 1.505530446125e-06 1.284386282102e-06 2.285611673541e-03 7.208165881106e-07
21 20 3 2.17422730 2.19841414 2.57942417 2.19461698 2.24583150 2.121275050141e-04 1.579772552646e-06 1.424445077112e-06 2.338035839941e-03 6.950167699956e-07
21 21 3 2.17422730 2.19841414 2.57942417 2.19461698 2.24583150 2.656926703805e-04 1.664005597401e-06 1.737885813155e-06 2.337630175990e-03 6.960918468512e-07
21 22 3 2.17422730 2.19841414 2.57942417 2.19461698 2.24583150 2.473478133163e-04 1.754883604518e-06 2.032604233589e-06 2.280960510093e-03 7.209790429657e-07
21 23 3 2.17422730 2.19841414 2.57942417 2.19461698 2.24583150 1.784570649417e-04 1.848952754968e-06 2.137543121603e-06 2.170733220378e-03 7.654606657360e-07
21 24 3 2.17422730 2.19841414 2.57942417 2.19461698 2.24583150 1.211682433798e-04 1.942781288428e-06 1.988768244636e-06 2.015131536166e-03 8.244942622562e-07
21 25 3 2.17422730 2.19841414 2.57942417 2.19461698 2.24583150 1.284270468724e-04 2.033073669327e-06 1.657316799528e-06 1.826743708167e-03 8.925571314266e-07
21 26 3 2.17422730 2.19841414 2.57942417 2.19461698 2.24583150 2.019427191255e-04 2.116767082257e-06 1.307695558757e-06 1.621209362047e-03 9.639850902608e-07
21 27 3 2.17422730 2.19841414 2.57942417 2.19461698 2.24583150 2.908095452720e-04 2.191110043917e-06 1.110814271237e-06 1.415714822687e-03 1.033289674382e-06
21 28 3 2.17422730 2.19841414 2.57942417 2.19461698 2.24583150 3.311905012465e-04 2.253724322654e-06 1.156630480783e-06 1.227461439068e-03 1.095442427431e-06
21 29 3 2.17422730 2.19841414 2.57942417 2.19461698 2.24583150 2.957687098546e-04 2.302652330873e-06 1.410173730616e-06 1.072216543890e-03 1.146119021529e-06
21 30 3 2.17422730 2.19841414 2.57942417 2.19461698 2.24583150 2.147184452459e-04 2.336392638028e-06 1.731758666777e-06 9.630382960504e-04 1.181899213452e-06
21 31 3 2.17422730 2.19841414 2.57942417 2.19461698 2.24583150 1.523426226478e-04 2.353926233874e-06 1.949923992015e-06 9.092463402692e-04 1.200420827671e-06
21 32 3 2.17422730 2.19841414 2.57942417 2.19461698 2.24583150 1.576102464444e-04 2.354735697342e-06 1.949759101926e-06 9.156919995442e-04 1.200487021542e-06
21 33 3 2.17422730 2.19841414 2.57942417 2.19461698 2.24583150 2.265937251015e-04 2.338818587202e-06 1.732093766430e-06 9.823653748937e-04 1.182126180802e-06
21 34 3 2.17422730 2.19841414 2.57942417 2.19461698 2.24583150 3.055081227259e-04 2.306695296028e-06 1.413715803749e-06 1.104361874894e-03 1.146603230954e-06
21 35 3 2.17422730 2.19841414 2.57942417 2.19461698 2.24583150 3.319873959572e-04 2.259410452563e-06 1.168129455745e-06 1.272216089957e-03 1.096380360514e-06
21 36 3 2.17422730 2.19841414 2.57942417 2.19461698 2.24583150 2.830061906971e-04 2.198525882991e-06 1.136182952239e-06 1.472594953481e-03 1.035024609671e-06
21 37 3 2.17422730 2.19841414 2.57942417 2.19461698 2.24583150 1.926510884189e-04 2.126102305429e-06 1.351620968618e-06 1.689323391522e-03 9.670599304400e-07
21 38 3 2.17422730 2.19841414 2.57942417 2.19461698 2.24583150 1.258751338865e-04 2.044666468648e-06 1.720200227968e-06 1.904693502114e-03 8.977625232776e-07
21 39 3 2.17422730 2.19841414 2.57942417 2.19461698 2.24583150 1.282173368534e-04 1.957160454022e-06 2.064928735728e-06 2.100983230080e-03 8.329006966820e-07
21 40 3 2.17422730 2.19841414 2.57942417 2.19461698 2.24583150 1.903889542274e-04 1.866870390945e-06 2.216513810458e-06 2.262084362861e-03 7.784241810797e-07
21 41 3 2.17422730 2.19841414 2.57942417 2.19461698 2.24583150 2.556626308787e-04 1.777332888998e-06 2.103780593170e-06 2.375115578326e-03 7.401125439443e-07
21 42 3 2.17422730 2.19841414 2.57942417 2.19461698 2.24583150 2.649031785312e-04 1.692219008803e-06 1.796543584951e-06 2.431878238970e-03 7.231976835081e-07
21 43 3 2.17422730 2.19841414 2.57942417 2.19461698 2.24583150 2.041353741266e-04 1.615197469533e-06 1.475684380523e-06 2.430004967290e-03 7.319807391943e-07
21 44 3 2.17422730 2.19841414 2.57942417 2.19461698 2.24583150 1.165524771778e-04 1.549780872125e-06 1.342067137920e-06 2.373657632178e-03 7.694684539313e-07
21 45 3 2.17422730 2.19841414 2.57942417 2.19461698 2.24583150 6.830397884701e-05 1.499160819081e-06 1.509134484470e-06 2.273654876167e-03 8.370573295436e-07
21 46 3 2.17422730 2.19841414 2.57942417 2.19461698 2.24583150 9.456982976351e-05 1.466039733382e-06 1.935774846048e-06 2.146950444105e-03 9.342951573952e-07
21 47 3 2.17422730 2.19841414 2.57942417 2.19461698 2.24583150 1.696752344325e-04 1.452468720083e-06 2.438432540216e-06 2.015440653377e-03 1.058748148834e-06
21 48 3 2.17422730 2.19841414 2.57942417 2.19461698 2.24583150 2.271462407428e-04 1.459701793045e-06 2.781529695385e-06 1.904148116685e-03 1.205997619216e-06
21 49 3 2.17422730 2.19841414 2.57942417 2.19461698 2.24583150 2.152982711516e-04 1.488077060110e-06 2.802751225748e-06 1.838902664971e-03 1.369782960441e-06
21 50 3 2.17422730 2.19841414 2.57942417 2.19461698 2.24583150 1.432252827902e-04 1.536934927557e-06 2.507422191635e-06 1.843710919630e-03 1.542297749581e-06
21 51 3 2.17422730 2.19841414 2.57942417 2.19461698 2.24583150 7.725863408429e-05 1.604582015499e-06 2.077940318915e-06 1.938063883940e-03 1.714633883358e-06
21 52 3 2.17422730 2.19841414 2.57942417 2.19461698 2.24583150 8.734145155412e-05 1.688307304432e-06 1.786505456953e-06 2.134468340232e-03 1.877355486480e-06
21 53 3 2.17422730 2.19841414 2.57942417 2.19461698 2.24583150 1.856595250142e-04 1.784454163414e-06 1.851623216963e-06 2.436495410121e-03 2.021171129060e-06
21 54 3 2.17422730 2.19841414 2.57942417 2.19461698 2.24583150 3.101122546727e-04 1.888548510439e-06 2.313132728204e-06 2.837613784246e-03 2.137660852039e-06
21 55 3 2.17422730 2.19841414 2.57942417 2.19461698 2.24583150 3.712376985784e-04 1.995479648239e-06 2.996335356107e-06 3.321014979552e-03 2.220004910000e-06
21 56 3 2.17422730 2.19841414 2.57942417 2.19461698 2.24583150 3.281031120153e-04 2.099726565730e-06 3.592193245861e-06 3.860546894109e-03 2.263655166404e-06
21 57 3 2.17422730 2.19841414 2.57942417 2.19461698 2.24583150 2.301701192597e-04 2.195618978796e-06 3.818364220592e-06 4.422757516734e-03 2.266888660155e-06
21 58 3 2.17422730 2.19841414 2.57942417 2.19461698 2.24583150 1.850652394389e-04 2.277619385080e-06 3.578065460697e-06 4.969924246363e-03 2.231186610085e-06
21 59 3 2.17422730 2.19841414 2.57942417 2.19461698 2.24583150 2.719130273759e-04 2.340610183356e-06 3.028252796699e-06 5.463819867352e-03 2.161391216044e-06
21 60 3 2.17422730 2.19841414 2.57942417 2.19461698 2.24583150 4.688610387030e-04 2.380168671608e-06 2.511981748989e-06 5.869858927379e-03 2.065606753476e-06
21 61 3 2.17422730 2.19841414 2.57942417 2.19461698 2.24583150 6.586126453504e-04 2.392812637748e-06 2.381911911629e-06 6.161192530022e-03 1.954829853421e-06
21 62 3 2.17422730 2.19841414 2.57942417 2.19461698 2.24583150 7.159007584777e-04 2.376200363338e-06 2.804781710143e-06 6.322287314047e-03 1.842315264570e-06
21 63 3 2.17422730 2.19841414 2.57942417 2.19461698 2.24583150 6.114813632248e-04 2.329271156247e-06 3.654387841312e-06 6.351543350503e-03 1.742706181904e-06
24 0 3 2.38504121 2.86343585 3.89391298 2.97477814 3.09760668 6.601182822558e-06 1.725766273968e-06 5.342007044962e-08 8.731711513631e-01 5.287494695548e-08
24 1 3 2.38504121 2.86343585 3.89391298 2.97477814 3.09760668 6.358376501671e-06 1.653422185812e-06 5.165410063112e-08 8.426939819393e-01 5.110777884483e-08
24 2 3 2.38504121 2.86343585 3.89391298 2.97477814 3.09760668 6.123153243544e-06 1.574687393309e-06 4.994796160132e-08 8.124772335861e-01 4.940039374291e-08
24 3 3 2.38504121 2.86343585 3.89391298 2.97477814 3.09760668 5.895514548402e-06 1.491187928045e-06 4.830168207046e-08 7.824662842171e-01 4.775281494915e-08
24 4 3 2.38504121 2.86343585 3.89391298 2.97477814 3.09760668 5.675461868094e-06 1.404695301972e-06 4.671528974153e-08 7.527747235107e-01 4.616506494684e-08
24 5 3 2.38504121 2.86343585 3.89391298 2.97477814 3.09760668 5.462996606088e-06 1.317075559266e-06 4.518881130972e-08 7.237379822934e-01 4.463716540284e-08
24 6 3 2.38504121 2.86343585 3.89391298 2.97477814 3.09760668 5.258120117460e-06 1.230233950326e-06 4.372227246204e-08 6.958762176763e-01 4.316913716725e-08
24 7 3 2.38504121 2.86343585 3.89391298 2.97477814 3.09760668 5.060833708887e-06 1.146056469165e-06 4.231569787685e-08 6.697774030935e-01 4.176100027318e-08
24 8 3 2.38504121 2.86343585 3.89391298 2.97477814 3.09760668 4.871138638636e-06 1.066350127540e-06 4.096911122344e-08 6.459409763261e-01 4.041277393643e-08
24 9 3 2.38504121 2.86343585 3.89391298 2.97477814 3.09760668 4.689036116556e-06 9.927843263553e-07 3.968253516167e-08 6.246359052572e-01 3.912447655525e-08
24 10 3 2.38504121 2.86343585 3.89391298 2.97477814 3.09760668 4.514527304076e-06 9.268359690708e-07 3.845599134156e-08 6.058208623365e-01 3.789612571008e-08
24 11 3 2.38504121 2.86343585 3.89391298 2.97477814 3.09760668 4.347613314188e-06 8.697410083386e-07 3.728950040290e-08 5.891517794587e-01 3.672773816332e-08
24 12 3 2.38504121 2.86343585 3.89391298 2.97477814 3.09760668 4.188295211451e-06 8.224549171324e-07 3.618308197498e-08 5.740722374271e-01 3.561932985909e-08
24 13 3 2.38504121 2.86343585 3.89391298 2.97477814 3.09760668 4.036574011973e-06 7.856241465602e-07 3.513675467618e-08 5.599556724024e-01 3.457091592302e-08
24 14 3 2.38504121 2.86343585 3.89391298 2.97477814 3.09760668 3.892450683414e-06 7.595700148355e-07 3.415053611370e-08 5.462539984725e-01 3.358251066203e-08
24 15 3 2.38504121 2.86343585 3.89391298 2.97477814 3.09760668 3.755926144972e-06 7.442857244309e-07 3.322444288325e-08 5.326088416598e-01 3.265412756418e-08
24 16 3 2.38504121 2.86343585 3.89391298 2.97477814 3.09760668 3.627001267385e-06 7.394463979747e-07 3.235849056878e-08 5.188972879053e-01 3.178577929841e-08
24 17 3 2.38504121 2.86343585 3.89391298 2.97477814 3.09760668 3.505676872919e-06 7.444312330682e-07 3.155269374220e-08 5.052074026543e-01 3.097747771443e-08
24 18 3 2.38504121 2.86343585 3.89391298 2.97477814 3.09760668 3.391953735364e-06 7.583561736384e-07 3.080706596315e-08 4.917613524432e-01 3.022923384254e-08
24 19 3 2.38504121 2.86343585 3.89391298 2.97477814 3.09760668 3.285832580033e-06 7.801149420075e-07 3.012161977878e-08 4.788183874346e-01 2.954105789347e-08
24 20 3 2.38504121 2.86343585 3.89391298 2.97477814 3.09760668 3.187314083752e-06 8.084259165065e-07 2.949636672352e-08 4.665922946131e-01 2.891295925824e-08
24 21 3 2.38504121 2.86343585 3.89391298 2.97477814 3.09760668 3.096398874859e-06 8.418821987304e-07 2.893131731888e-08 4.552086557188e-01 2.834494650807e-08
24 22 3 2.38504121 2.86343585 3.89391298 2.97477814 3.09760668 3.013087533202e-06 8.790022945938e-07 2.842648107331e-08 4.447105683071e-01 2.783702739418e-08
24 23 3 2.38504121 2.86343585 3.89391298 2.97477814 3.09760668 2.937380590127e-06 9.182791143364e-07 2.798186648199e-08 4.351036258445e-01 2.738920884779e-08
24 24 3 2.38504121 2.86343585 3.89391298 2.97477814 3.09760668 2.869278528485e-06 9.582254392342e-07 2.759748102673e-08 4.264178726442e-01 2.700149697994e-08
24 25 3 2.38504121 2.86343585 3.89391298 2.97477814 3.09760668 2.808781782622e-06 9.974145526672e-07 2.727333117583e-08 4.187599872099e-01 2.667389708145e-08
24 26 3 2.38504121 2.86343585 3.89391298 2.97477814 3.09760668 2.755890738378e-06 1.034515326988e-06 2.700942238395e-08 4.123338201600e-01 2.640641362284e-08
24 27 3 2.38504121 2.86343585 3.89391298 2.97477814 3.09760668 2.710605733085e-06 1.068321629594e-06 2.680575909205e-08 4.074193279333e-01 2.619905025424e-08
24 28 3 2.38504121 2.86343585 3.89391298 2.97477814 3.09760668 2.672927055565e-06 1.097776400568e-06 2.666234472730e-08 4.043146170166e-01 2.605180980541e-08
24 29 3 2.38504121 2.86343585 3.89391298 2.97477814 3.09760668 2.642854946129e-06 1.121991109999e-06 2.657918170302e-08 4.032584609190e-01 2.596469428561e-08
24 30 3 2.38504121 2.86343585 3.89391298 2.97477814 3.09760668 2.620389596572e-06 1.140261491509e-06 2.655627141865e-08 4.043574484973e-01 2.593770488365e-08
24 31 3 2.38504121 2.86343585 3.89391298 2.97477814 3.09760668 2.605531150175e-06 1.152080455134e-06 2.659361425972e-08 4.075410240076e-01 2.597084196783e-08
24 32 3 2.38504121 2.86343585 3.89391298 2.97477814 3.09760668 2.598279701704e-06 1.157148914210e-06 2.669120959783e-08 4.125595938760e-01 2.606410508597e-08
24 33 3 2.38504121 2.86343585 3.89391298 2.97477814 3.09760668 2.598635297406e-06 1.155384944306e-06 2.684905579068e-08 4.190281692475e-01 2.621749296535e-08
24 34 3 2.38504121 2.86343585 3.89391298 2.97477814 3.09760668 2.606597935016e-06 1.146931272334e-06 2.706715018210e-08 4.265045094848e-01 2.643100351282e-08
24 35 3 2.38504121 2.86343585 3.89391298 2.97477814 3.09760668 2.622167563747e-06 1.132160628198e-06 2.734548910208e-08 4.345804309104e-01 2.670463381475e-08
24 36 3 2.38504121 2.86343585 3.89391298 2.97477814 3.09760668 2.645344084298e-06 1.111678044532e-06 2.768406786684e-08 4.429609354733e-01 2.703838013712e-08
24 37 3 2.38504121 2.86343585 3.89391298 2.97477814 3.09760668 2.676127348854e-06 1.086318826605e-06 2.808288077890e-08 4.515094115050e-01 2.743223792552e-08
24 38 3 2.38504121 2.86343585 3.89391298 2.97477814 3.09760668 2.714517161081e-06 1.057140692296e-06 2.854192112720e-08 4.602474802569e-01 2.788620180528e-08
24 39 3 2.38504121 2.86343585 3.89391298 2.97477814 3.09760668 2.760513276135e-06 1.025408545510e-06 2.906118118716e-08 4.693121641810e-01 2.840026558149e-08
24 40 3 2.38504121 2.86343585 3.89391298 2.97477814 3.09760668 2.814115400659e-06 9.925705215609e-07 2.964065222090e-08 4.788866600969e-01 2.897442223909e-08
24 41 3 2.38504121 2.86343585 3.89391298 2.97477814 3.09760668 2.875323192785e-06 9.602243339635e-07 3.028032447727e-08 4.891296987490e-01 2.960866394300e-08
24 42 3 2.38504121 2.86343585 3.89391298 2.97477814 3.09760668 2.944136262137e-06 9.300735395807e-07 3.098018719213e-08 5.001290895223e-01 3.030298203819e-08
24 43 3 2.38504121 2.86343585 3.89391298 2.97477814 3.09760668 3.020554169835e-06 9.038740817428e-07 3.174022858844e-08 5.118968164381e-01 3.105736704981e-08
24 44 3 2.38504121 2.86343585 3.89391298 2.97477814 3.09760668 3.104576428495e-06 8.833723083383e-07 3.256043587653e-08 5.244081292360e-01 3.187180868332e-08
24 45 3 2.38504121 2.86343585 3.89391298 2.97477814 3.09760668 3.196202502234e-06 8.702365196536e-07 3.344079525425e-08 5.376701528194e-01 3.274629582465e-08
24 46 3 2.38504121 2.86343585 3.89391298 2.97477814 3.09760668 3.295431806672e-06 8.659848975710e-07 3.438129190725e-08 5.517925062520e-01 3.368081654031e-08
24 47 3 2.38504121 2.86343585 3.89391298 2.97477814 3.09760668 3.402263708939e-06 8.719133228397e-07 3.538191000922e-08 5.670284135040e-01 3.467535807759e-08
24 48 3 2.38504121 2.86343585 3.89391298 2.97477814 3.09760668 3.516697527673e-06 8.890270282362e-07 3.644263272211e-08 5.837622413676e-01 3.572990686471e-08
24 49 3 2.38504121 2.86343585 3.89391298 2.97477814 3.09760668 3.638732533030e-06 9.179802060550e-07 3.756344219651e-08 6.024368394015e-01 3.684444851103e-08
24 50 3 2.38504121 2.86343585 3.89391298 2.97477814 3.09760668 3.768367946688e-06 9.590275539266e-07 3.874431957185e-08 6.234361584796e-01 3.801896780723e-08
24 51 3 2.38504121 2.86343585 3.89391298 2.97477814 3.09760668 3.905602941847e-06 1.011991294940e-06 3.998524497678e-08 6.469577274308e-01 3.925344872549e-08
24 52 3 2.38504121 2.86343585 3.89391298 2.97477814 3.09760668 4.050436643242e-06 1.076246465873e-06 4.128619752948e-08 6.729182513681e-01 4.054787441978e-08
24 53 3 2.38504121 2.86343585 3.89391298 2.97477814 3.09760668 4.202868127140e-06 1.150726277643e-06 4.264715533800e-08 7.009294847184e-01 4.190222722602e-08
24 54 3 2.38504121 2.86343585 3.89391298 2.97477814 3.09760668 4.362896421354e-06 1.233948185401e-06 4.406809550067e-08 7.303612791317e-01 4.331648866236e-08
24 55 3 2.38504121 2.86343585 3.89391298 2.97477814 3.09760668 4.530520505245e-06 1.324060050828e-06 4.554899410645e-08 7.604802967998e-01 4.479063942942e-08
24 56 3 2.38504121 2.86343585 3.89391298 2.97477814 3.09760668 4.705739309725e-06 1.418904535454e-06 4.708982623534e-08 7.906259424607e-01 4.632465941055e-08
24 57 3 2.38504121 2.86343585 3.89391298 2.97477814 3.09760668 4.888551717274e-06 1.516098732698e-06 4.869056595879e-08 8.203696162884e-01 4.791852767212e-08
24 58 3 2.38504121 2.86343585 3.89391298 2.97477814 3.09760668 5.078956561937e-06 1.613125121420e-06 5.035118634018e-08 8.496060782882e-01 4.957222246378e-08
24 59 3 2.38504121 2.86343585 3.89391298 2.97477814 3.09760668 5.276952629336e-06 1.707429282964e-06 5.207165943520e-08 8.785469972427e-01 5.128572121878e-08
24 60 3 2.38504121 2.86343585 3.89391298 2.97477814 3.09760668 5.482538656678e-06 1.796519520380e-06 5.385195629240e-08 9.076201463460e-01 5.305900055427e-08
24 61 3 2.38504121 2.86343585 3.89391298 2.97477814 3.09760668 5.695713332761e-06 1.878063577111e-06 5.569204695361e-08 9.373116211355e-01 5.489203627161e-08
24 62 3 2.38504121 2.86343585 3.89391298 2.97477814 3.09760668 5.916475297987e-06 1.949978064455e-06 5.759190045448e-08 9.680101886880e-01 5.678480335672e-08
24 63 3 2.38504121 2.86343585 3.89391298 2.97477814 3.09760668 6.144823144361e-06 2.010506931626e-06 5.955148482501e-08 9.999133649934e-01 5.873727598041e-08
25 0 3 2.79951470 3.09392216 6.40299562 5.53883208 3.93404271 3.442215116961e-06 7.056944699638e-06 9.499983229050e-05 1.250830361562e+01 2.795891239522e-05
25 1 3 2.79951470 3.09392216 6.40299562 5.53883208 3.93404271 3.241261123038e-06 8.561351978292e-06 9.003504372045e-05 1.208613744978e+01 3.004604278838e-05
25 2 3 2.79951470 3.09392216 6.40299562 5.53883208 3.93404271 3.076850923481e-06 1.017504077275e-05 9.347642194702e-05 1.166717032888e+01 3.410666228536e-05
25 3 3 2.79951470 3.09392216 6.40299562 5.53883208 3.93404271 2.946888251212e-06 1.179250268251e-05 1.047981546078e-04 1.125321475684e+01 3.986746553133e-05
25 4 3 2.79951470 3.09392216 6.40299562 5.53883208 3.93404271 2.848934082277e-06 1.331921705101e-05 1.191848813700e-04 1.084680413963e+01 4.687577694228e-05
25 5 3 2.79951470 3.09392216 6.40299562 5.53883208 3.93404271 2.780280039189e-06 1.467866895871e-05 1.297881940557e-04 1.045093723322e+01 5.455223146066e-05
25 6 3 2.79951470 3.09392216 6.40299562 5.53883208 3.93404271 2.738022319093e-06 1.581791545839e-05 1.312398249515e-04 1.006879402415e+01 6.225471422602e-05
25 7 3 2.79951470 3.09392216 6.40299562 5.53883208 3.93404271 2.719134459573e-06 1.671120236105e-05 1.225801564285e-04 9.703445357484e+00 6.934614077789e-05
25 8 3 2.79951470 3.09392216 6.40299562 5.53883208 3.93404271 2.720537354124e-06 1.736132208405e-05 1.079738690553e-04 9.357577264802e+00 7.525869652632e-05
25 9 3 2.79951470 3.09392216 6.40299562 5.53883208 3.93404271 2.739165062414e-06 1.779861720093e-05 9.472043054322e-05 9.033250130520e+00 7.954799709498e-05
25 10 3 2.79951470 3.09392216 6.40299562 5.53883208 3.93404271 2.772025123465e-06 1.807775139765e-05 8.952655569259e-05 8.731712053555e+00 8.193212845968e-05
25 11 3 2.79951470 3.09392216 6.40299562 5.53883208 3.93404271 2.816252268376e-06 1.827256727775e-05 9.498585980300e-05 8.453284037650e+00 8.231246223794e-05
25 12 3 2.79951470 3.09392216 6.40299562 5.53883208 3.93404271 2.869154638208e-06 1.846950973550e-05 1.081509081945e-04 8.197330970688e+00 8.077526765562e-05
25 13 3 2.79951470 3.09392216 6.40299562 5.53883208 3.93404271 2.928251836724e-06 1.876020035730e-05 1.219958426111e-04 7.962326114217e+00 7.757520620770e-05
25 14 3 2.79951470 3.09392216 6.40299562 5.53883208 3.93404271 2.991304381228e-06 1.923379477614e-05 1.290335837120e-04 7.746008092954e+00 7.310357430075e-05
25 15 3 2.79951470 3.09392216 6.40299562 5.53883208 3.93404271 3.056334351970e-06 1.996974016938e-05 1.251998076131e-04 7.545619006831e+00 6.784548182139e-05
25 16 3 2.79951470 3.09392216 6.40299562 5.53883208 3.93404271 3.121637275742e-06 2.103147974556e-05 1.119683765216e-04 7.358201788472e+00 6.233091734986e-05
25 17 3 2.79951470 3.09392216 6.40299562 5.53883208 3.93404271 3.185785506703e-06 2.246153618295e-05 9.559545808445e-05 7.180926122974e+00 5.708482475538e-05
25 18 3 2.79951470 3.09392216 6.40299562 5.53883208 3.93404271 3.247623581824e-06 2.427826151602e-05 8.389756287994e-05 7.011406860962e+00 5.258094318250e-05
25 19 3 2.79951470 3.09392216 6.40299562 5.53883208 3.93404271 3.306256224574e-06 2.647438381194e-05 8.224860606487e-05 6.847978106670e+00 4.920334376311e-05
25 20 3 2.79951470 3.09392216 6.40299562 5.53883208 3.93404271 3.361029844166e-06 2.901732791966e-05 9.086541422937e-05 6.689890464502e+00 4.721847291565e-05
25 21 3 2.79951470 3.09392216 6.40299562 5.53883208 3.93404271 3.411508524849e-06 3.185115337534e-05 1.047575800100e-04 6.537407785304e+00 4.675924346095e-05
25 22 3 2.79951470 3.09392216 6.40299562 5.53883208 3.93404271 3.457445617245e-06 3.489984841992e-05 1.163295617869e-04 6.391791864614e+00 4.782145702733e-05
25 23 3 2.79951470 3.09392216 6.40299562 5.53883208 3.93404271 3.498752129047e-06 3.807165166972e-05 1.192708125956e-04 6.255177072837e+00 5.027172743096e-05
25 24 3 2.79951470 3.09392216 6.40299562 5.53883208 3.93404271 3.535463163829e-06 4.126404397321e-05 1.117420775863e-04 6.130349846190e+00 5.386520086793e-05
25 25 3 2.79951470 3.09392216 6.40299562 5.53883208 3.93404271 3.567703673557e-06 4.436905938870e-05 9.726022283480e-05 6.020458564530e+00 5.827078617773e-05
25 26 3 2.79951470 3.09392216 6.40299562 5.53883208 3.93404271 3.595654772403e-06 4.727859916481e-05 8.287230556467e-05 5.928686337032e+00 6.310132346838e-05
25 27 3 2.79951470 3.09392216 6.40299562 5.53883208 3.93404271 3.619521807800e-06 4.988948664447e-05 7.557534826519e-05 5.857922037719e+00 6.794609954696e-05
25 28 3 2.79951470 3.09392216 6.40299562 5.53883208 3.93404271 3.639505300710e-06 5.210806361274e-05 7.879787538982e-05 5.810463683019e+00 7.240330379865e-05
25 29 3 2.79951470 3.09392216 6.40299562 5.53883208 3.93404271 3.655775753458e-06 5.385418973350e-05 9.070086914037e-05 5.787783556635e+00 7.611033483977e-05
25 30 3 2.79951470 3.09392216 6.40299562 5.53883208 3.93404271 3.668453183280e-06 5.506455822247e-05 1.051293488201e-04 5.790377301875e+00 7.877024392138e-05
25 31 3 2.79951470 3.09392216 6.40299562 5.53883208 3.93404271 3.677592076708e-06 5.569527757549e-05 1.147224951193e-04 5.817710525293e+00 8.017297678980e-05
25 32 3 2.79951470 3.09392216 6.40299562 5.53883208 3.93404271 3.683172278513e-06 5.572368931516e-05 1.146232251866e-04 5.868267181018e+00 8.021041492662e-05
25 33 3 2.79951470 3.09392216 6.40299562 5.53883208 3.93404271 3.685096133755e-06 5.514939717490e-05 1.049354760617e-04 5.939694824184e+00 7.888450904951e-05
25 34 3 2.79951470 3.09392216 6.40299562 5.53883208 3.93404271 3.683191997862e-06 5.399447878053e-05 9.069761608614e-05 6.029033238214e+00 7.630805563884e-05
25 35 3 2.79951470 3.09392216 6.40299562 5.53883208 3.93404271 3.677224022692e-06 5.230284365676e-05 7.937006836751e-05 6.133005358884e+00 7.269792137079e-05
25 36 3 2.79951470 3.09392216 6.40299562 5.53883208 3.93404271 3.666907921745e-06 5.013869902397e-05 7.707500047724e-05 6.248343252431e+00 6.836080781067e-05
25 37 3 2.79951470 3.09392216 6.40299562 5.53883208 3.93404271 3.651932220382e-06 4.758409449618e-05 8.546573920634e-05 6.372117656885e+00 6.367200167075e-05
25 38 3 2.79951470 3.09392216 6.40299562 5.53883208 3.93404271 3.631984312262e-06 4.473554365416e-05 1.008169261510e-04 6.502037850272e+00 5.904799034910e-05
25 39 3 2.79951470 3.09392216 6.40299562 5.53883208 3.93404271 3.606780476052e-06 4.169976675644e-05 1.158360103151e-04 6.636689939616e+00 5.491432991595e-05
25 40 3 2.79951470 3.09392216 6.40299562 5.53883208 3.93404271 3.576098861394e-06 3.858866313625e-05 1.233279679738e-04 6.775686460141e+00 5.167069661700e-05
25 41 3 2.79951470 3.09392216 6.40299562 5.53883208 3.93404271 3.539814333851e-06 3.551369893211e-05 1.198806060604e-04 6.919708443236e+00 4.965557035037e-05
25 42 3 2.79951470 3.09392216 6.40299562 5.53883208 3.93404271 3.497933978686e-06 3.257997722121e-05 1.076809451767e-04 7.070432324570e+00 4.911340743731e-05
25 43 3 2.79951470 3.09392216 6.40299562 5.53883208 3.93404271 3.450632005247e-06 2.988033254368e-05 9.348462835904e-05 7.230347097908e+00 5.016737138015e-05
25 44 3 2.79951470 3.09392216 6.40299562 5.53883208 3.93404271 3.398282769501e-06 2.748984843566e-05 8.520492366676e-05 7.402480349435e+00 5.280062335531e-05
25 45 3 2.79951470 3.09392216 6.40299562 5.53883208 3.93404271 3.341490642766e-06 2.546122380927e-05 8.783517977784e-05 7.590063337086e+00 5.684877204829e-05
25 46 3 2.79951470 3.09392216 6.40299562 5.53883208 3.93404271 3.281115500308e-06 2.382140302032e-05 1.008098226055e-04 7.796173286824e+00 6.200532613896e-05
25 47 3 2.79951470 3.09392216 6.40299562 5.53883208 3.93404271 3.218292683432e-06 2.256983022014e-05 1.182084253044e-04 8.023394186282e+00 6.784091086894e-05
25 48 3 2.79951470 3.09392216 6.40299562 5.53883208 3.93404271 3.154446401619e-06 2.167859091168e-05 1.317483435190e-04 8.273534948933e+00 7.383568213818e-05
25 49 3 2.79951470 3.09392216 6.40299562 5.53883208 3.93404271 3.091295684763e-06 2.109456769579e-05 1.350442191344e-04 8.547436214057e+00 7.942292374005e-05
25 50 3 2.79951470 3.09392216 6.40299562 5.53883208 3.93404271 3.030852166690e-06 2.074357338592e-05 1.269186825062e-04 8.844885460414e+00 8.404040705757e-05
25 51 3 2.79951470 3.09392216 6.40299562 5.53883208 3.93404271 2.975409175978e-06 2.053624776471e-05 1.120183472081e-04 9.164646443746e+00 8.718490619208e-05
25 52 3 2.79951470 3.09392216 6.40299562 5.53883208 3.93404271 2.927521824431e-06 2.037533198753e-05 9.839584054919e-05 9.504595409805e+00 8.846446781059e-05
25 53 3 2.79951470 3.09392216 6.40299562 5.53883208 3.93404271 2.889978012257e-06 2.016378579634e-05 9.332225205657e-05 9.861945111176e+00 8.764277681396e-05
25 54 3 2.79951470 3.09392216 6.40299562 5.53883208 3.93404271 2.865760506978e-06 1.981310498156e-05 9.953369190112e-05 1.023352981483e+01 8.467032665605e-05
25 55 3 2.79951470 3.09392216 6.40299562 5.53883208 3.93404271 2.858000494435e-06 1.925114434241e-05 1.138785675951e-04 1.061612082975e+01 7.969811724175e-05
25 56 3 2.79951470 3.09392216 6.40299562 5.53883208 3.93404271 2.869923239395e-06 1.842876399299e-05 1.290437501565e-04 1.100674231465e+01 7.307120466112e-05
25 57 3 2.79951470 3.09392216 6.40299562 5.53883208 3.93404271 2.904786724181e-06 1.732469690713e-05 1.373980161202e-04 1.140296023093e+01 6.530147700409e-05
25 58 3 2.79951470 3.09392216 6.40299562 5.53883208 3.93404271 2.965814350787e-06 1.594817846117e-05 1.348906347478e-04 1.180312191774e+01 5.702132188643e-05
25 59 3 2.79951470 3.09392216 6.40299562 5.53883208 3.93404271 3.056122989482e-06 1.433907261167e-05 1.229692882224e-04 1.220652860597e+01 4.892212882641e-05
25 60 3 2.79951470 3.09392216 6.40299562 5.53883208 3.93404271 3.178647829873e-06 1.256545619795e-05 1.075955139368e-04 1.261352747166e+01 4.168355853873e-05
25 61 3 2.79951470 3.09392216 6.40299562 5.53883208 3.93404271 3.336065634020e-06 1.071886015718e-05 9.600246296903e-05 1.302551350370e+01 3.590095069722e-05
25 62 3 2.79951470 3.09392216 6.40299562 5.53883208 3.93404271 3.530718101392e-06 8.907589496416e-06 9.299408527027e-05 1.344483519097e+01 3.201891868688e-05
25 63 3 2.79951470 3.09392216 6.40299562 5.53883208 3.93404271 3.764537128834e-06 7.248728542700e-06 9.872064144551e-05 1.387460293840e+01 3.027895924016e-05
26 0 3 5.52697286 1.99932699 3.16738498 5.85033789 2.38604940 1.184701826226e+01 2.981569258825e-01 1.541922982735e+00 1.467778752771e+01 5.269777274838e-01
26 1 3 5.52697286 1.99932699 3.16738498 5.85033789 2.38604940 1.131871737626e+01 2.954934141345e-01 1.493551624164e+00 1.374713103817e+01 5.093374663475e-01
26 2 3 5.52697286 1.99932699 3.16738498 5.85033789 2.38604940 1.139942942150e+01 2.923082739524e-01 1.447086785693e+00 1.278667731295e+01 4.940066475671e-01
26 3 3 5.52697286 1.99932699 3.16738498 5.85033789 2.38604940 1.168726970935e+01 2.887898497353e-01 1.398069542997e+00 1.193852744245e+01 4.813116158518e-01
26 4 3 5.52697286 1.99932699 3.16738498 5.85033789 2.38604940 1.165657683110e+01 2.848897644074e-01 1.348183082623e+00 1.126703021988e+01 4.693808206562e-01
26 5 3 5.52697286 1.99932699 3.16738498 5.85033789 2.38604940 1.106309008959e+01 2.803226439368e-01 1.302256084267e+00 1.082034431412e+01 4.563413282359e-01
26 6 3 5.52697286 1.99932699 3.16738498 5.85033789 2.38604940 1.011870388507e+01 2.749460858342e-01 1.263067088993e+00 1.067820965570e+01 4.421687702447e-01
26 7 3 5.52697286 1.99932699 3.16738498 5.85033789 2.38604940 9.305968752080e+00 2.690534989700e-01 1.229210943822e+00 1.088003299383e+01 4.276320524204e-01
26 8 3 5.52697286 1.99932699 3.16738498 5.85033789 2.38604940 8.987560563652e+00 2.632126242902e-01 1.197400536601e+00 1.136253452067e+01 4.128175708003e-01
26 9 3 5.52697286 1.99932699 3.16738498 5.85033789 2.38604940 9.129458300948e+00 2.578041015858e-01 1.165938711080e+00 1.202095852894e+01 3.976112876638e-01
26 10 3 5.52697286 1.99932699 3.16738498 5.85033789 2.38604940 9.354129300315e+00 2.527480205872e-01 1.135580692487e+00 1.277995493112e+01 3.824621890010e-01
26 11 3 5.52697286 1.99932699 3.16738498 5.85033789 2.38604940 9.259578039639e+00 2.476866242092e-01 1.107471555473e+00 1.355487698357e+01 3.676662615625e-01
26 12 3 5.52697286 1.99932699 3.16738498 5.85033789 2.38604940 8.730372767699e+00 2.423919582197e-01 1.080987257649e+00 1.420328766239e+01 3.528073129995e-01
26 13 3 5.52697286 1.99932699 3.16738498 5.85033789 2.38604940 8.000083679703e+00 2.369549904042e-01 1.053900093362e+00 1.458943356489e+01 3.378531934072e-01
26 14 3 5.52697286 1.99932699 3.16738498 5.85033789 2.38604940 7.444788997857e+00 2.315976923196e-01 1.024420471109e+00 1.467064299654e+01 3.239960801163e-01
26 15 3 5.52697286 1.99932699 3.16738498 5.85033789 2.38604940 7.291393031890e+00 2.263780363250e-01 9.927988033222e-01 1.446896925325e+01 3.123916918300e-01
26 16 3 5.52697286 1.99932699 3.16738498 5.85033789 2.38604940 7.461877772950e+00 2.211456136410e-01 9.610071181219e-01 1.399626853555e+01 3.026622511226e-01
26 17 3 5.52697286 1.99932699 3.16738498 5.85033789 2.38604940 7.651509490360e+00 2.157837686593e-01 9.310994828307e-01 1.327251804804e+01 2.936003853471e-01
26 18 3 5.52697286 1.99932699 3.16738498 5.85033789 2.38604940 7.567142743364e+00 2.104342684489e-01 9.038377424736e-01 1.239074098404e+01 2.848336921354e-01
26 19 3 5.52697286 1.99932699 3.16738498 5.85033789 2.38604940 7.146004399095e+00 2.054265873086e-01 8.785015006506e-01 1.149135847999e+01 2.767960480163e-01
26 20 3 5.52697286 1.99932699 3.16738498 5.85033789 2.38604940 6.595424046431e+00 2.009769150974e-01 8.536973009731e-01 1.067650655223e+01 2.694641797701e-01
26 21 3 5.52697286 1.99932699 3.16738498 5.85033789 2.38604940 6.226225894999e+00 1.969829394564e-01 8.285196845867e-01 1.000189282776e+01 2.622467362153e-01
26 22 3 5.52697286 1.99932699 3.16738498 5.85033789 2.38604940 6.209266602294e+00 1.931330786364e-01 8.034631751291e-01 9.536083690900e+00 2.550368302421e-01
26 23 3 5.52697286 1.99932699 3.16738498 5.85033789 2.38604940 6.446507125789e+00 1.892075687024e-01 7.805200634106e-01 9.356237964488e+00 2.483915821904e-01
26 24 3 5.52697286 1.99932699 3.16738498 5.85033789 2.38604940 6.656901258387e+00 1.852559229469e-01 7.620873677471e-01 9.476079175859e+00 2.426001656449e-01
26 25 3 5.52697286 1.99932699 3.16738498 5.85033789 2.38604940 6.602705767114e+00 1.814895433402e-01 7.491155518204e-01 9.833744314900e+00 2.374038513650e-01
26 26 3 5.52697286 1.99932699 3.16738498 5.85033789 2.38604940 6.271463986300e+00 1.780410822646e-01 7.399591802409e-01 1.036061432641e+01 2.327409112839e-01
26 27 3 5.52697286 1.99932699 3.16738498 5.85033789 2.38604940 5.874394299044e+00 1.748662030023e-01 7.313540357514e-01 1.100977664954e+01 2.289901951882e-01
26 28 3 5.52697286 1.99932699 3.16738498 5.85033789 2.38604940 5.675010340231e+00 1.718779074590e-01 7.212543880129e-01 1.170665515782e+01 2.263333720366e-01
26 29 3 5.52697286 1.99932699 3.16738498 5.85033789 2.38604940 5.788833463535e+00 1.691312253187e-01 7.112313068128e-01 1.233329719118e+01 2.246611176929e-01
26 30 3 5.52697286 1.99932699 3.16738498 5.85033789 2.38604940 6.102804109175e+00 1.668221640981e-01 7.059723608175e-01 1.279468776790e+01 2.243456226616e-01
26 31 3 5.52697286 1.99932699 3.16738498 5.85033789 2.38604940 6.364935040163e+00 1.650814341884e-01 7.097928727124e-01 1.306034385366e+01 2.262793087740e-01
26 32 3 5.52697286 1.99932699 3.16738498 5.85033789 2.38604940 6.373614929721e+00 1.637831180275e-01 7.229521998937e-01 1.311694071272e+01 2.306682249835e-01
26 33 3 5.52697286 1.99932699 3.16738498 5.85033789 2.38604940 6.130150012593e+00 1.625841676712e-01 7.410704778465e-01 1.292988762492e+01 2.364253388556e-01
26 34 3 5.52697286 1.99932699 3.16738498 5.85033789 2.38604940 5.842756112940e+00 1.611676959848e-01 7.583154339394e-01 1.249329479587e+01 2.422875396680e-01
26 35 3 5.52697286 1.99932699 3.16738498 5.85033789 2.38604940 5.772125543369e+00 1.594479116863e-01 7.716576724512e-01 1.188119060721e+01 2.480138686561e-01
26 36 3 5.52697286 1.99932699 3.16738498 5.85033789 2.38604940 6.027831977283e+00 1.575406266922e-01 7.825976324876e-01 1.120473063481e+01 2.539800593605e-01
26 37 3 5.52697286 1.99932699 3.16738498 5.85033789 2.38604940 6.473965401773e+00 1.555570822002e-01 7.951603237158e-01 1.054627158618e+01 2.601836044394e-01
26 38 3 5.52697286 1.99932699 3.16738498 5.85033789 2.38604940 6.828079267583e+00 1.534611127429e-01 8.122500975022e-01 9.976027968277e+00 2.663726114461e-01
26 39 3 5.52697286 1.99932699 3.16738498 5.85033789 2.38604940 6.883734626726e+00 1.511424898270e-01 8.335585760546e-01 9.597304282560e+00 2.727208073779e-01
26 40 3 5.52697286 1.99932699 3.16738498 5.85033789 2.38604940 6.679384362242e+00 1.486037194939e-01 8.563914342288e-01 9.510116427350e+00 2.795536025760e-01
26 41 3 5.52697286 1.99932699 3.16738498 5.85033789 2.38604940 6.474108919396e+00 1.460222582136e-01 8.781212173838e-01 9.737604239846e+00 2.866651168626e-01
26 42 3 5.52697286 1.99932699 3.16738498 5.85033789 2.38604940 6.546745359686e+00 1.435904844262e-01 8.979957488173e-01 1.023693434373e+01 2.937072602078e-01
26 43 3 5.52697286 1.99932699 3.16738498 5.85033789 2.38604940 6.976561451674e+00 1.412969974818e-01 9.171718957396e-01 1.096694643219e+01 3.010489709410e-01
26 44 3 5.52697286 1.99932699 3.16738498 5.85033789 2.38604940 7.575721239711e+00 1.388978927243e-01 9.374977770741e-01 1.188455075662e+01 3.094031085409e-01
26 45 3 5.52697286 1.99932699 3.16738498 5.85033789 2.38604940 8.025838445241e+00 1.361298574423e-01 9.601863653628e-01 1.288253713826e+01 3.187672151202e-01
26 46 3 5.52697286 1.99932699 3.16738498 5.85033789 2.38604940 8.119774462980e+00 1.329507101284e-01 9.851186065567e-01 1.380268791694e+01 3.286827870706e-01
26 47 3 5.52697286 1.99932699 3.16738498 5.85033789 2.38604940 7.931291248919e+00 1.295568075712e-01 1.011007500746e+00 1.452634651147e+01 3.394276796041e-01
26 48 3 5.52697286 1.99932699 3.16738498 5.85033789 2.38604940 7.778357131573e+00 1.261681507346e-01 1.036394802997e+00 1.500055465670e+01 3.517700246442e-01
26 49 3 5.52697286 1.99932699 3.16738498 5.85033789 2.38604940 7.988713264542e+00 1.228241667653e-01 1.061027250598e+00 1.517621285454e+01 3.653639863179e-01
26 50 3 5.52697286 1.99932699 3.16738498 5.85033789 2.38604940 8.632798142948e+00 1.194109484226e-01 1.086564191869e+00 1.499911449477e+01 3.786041350378e-01
26 51 3 5.52697286 1.99932699 3.16738498 5.85033789 2.38604940 9.440486784711e+00 1.158680217360e-01 1.115699165298e+00 1.449117277771e+01 3.905324709975e-01
26 52 3 5.52697286 1.99932699 3.16738498 5.85033789 2.38604940 9.994942661261e+00 1.123127729947e-01 1.150160588366e+00 1.377533917275e+01 4.018250264346e-01
26 53 3 5.52697286 1.99932699 3.16738498 5.85033789 2.38604940 1.006946182068e+01 1.089199019364e-01 1.189509064434e+00 1.298517329398e+01 4.133911814400e-01
26 54 3 5.52697286 1.99932699 3.16738498 5.85033789 2.38604940 9.831785451037e+00 1.056912397304e-01 1.232210453570e+00 1.220539357976e+01 4.251234267880e-01
26 55 3 5.52697286 1.99932699 3.16738498 5.85033789 2.38604940 9.730450101063e+00 1.023992695182e-01 1.278012211487e+00 1.152719533287e+01 4.367045231608e-01
26 56 3 5.52697286 1.99932699 3.16738498 5.85033789 2.38604940 1.014052115448e+01 9.880198540128e-02 1.328791434942e+00 1.108415575736e+01 4.485227270244e-01
26 57 3 5.52697286 1.99932699 3.16738498 5.85033789 2.38604940 1.105350482254e+01 9.491202610087e-02 1.386386050018e+00 1.097309857732e+01 4.609523831811e-01
26 58 3 5.52697286 1.99932699 3.16738498 5.85033789 2.38604940 1.206558011404e+01 9.102515942359e-02 1.449538583616e+00 1.118941352965e+01 4.738542956493e-01
26 59 3 5.52697286 1.99932699 3.16738498 5.85033789 2.38604940 1.268077991233e+01 8.747284887414e-02 1.513831915585e+00 1.168754981464e+01 4.877731652870e-01
26 60 3 5.52697286 1.99932699 3.16738498 5.85033789 2.38604940 1.270066058686e+01 8.436853078742e-02 1.575688829503e+00 1.244463713937e+01 5.044169201282e-01
26 61 3 5.52697286 1.99932699 3.16738498 5.85033789 2.38604940 1.240262165204e+01 8.161485285874e-02 1.636677281030e+00 1.340442334196e+01 5.245978169687e-01
26 62 3 5.52697286 1.99932699 3.16738498 5.85033789 2.38604940 1.235571704663e+01 7.913060335750e-02 1.703069896125e+00 1.441873083023e+01 5.467049307319e-01
26 63 3 5.52697286 1.99932699 3.16738498 5.85033789 2.38604940 1.298646309796e+01 7.700236563113e-02 1.780051266024e+00 1.532347083544e+01 5.686702604181e-01
