# environment=00191 local_bs=2 gain_scale=5.032818010932e-13
# ue subcarrier serving_bs phi0 phi1 phi2 phi3 phi4 gain0 gain1 gain2 gain3 gain4
1 0 2 1.43968808 0.85153972 1.69669492 1.20510377 0.68650668 2.457732079989e+00 1.786566550388e-01 7.072345420371e+00 1.224782256624e+00 1.559607077690e-04
1 1 2 1.43968808 0.85153972 1.69669492 1.20510377 0.68650668 2.476865364999e+00 2.064874095483e-01 6.854031739743e+00 1.183049280868e+00 1.420616486527e-04
1 2 2 1.43968808 0.85153972 1.69669492 1.20510377 0.68650668 2.454879285432e+00 1.941108511526e-01 6.186970464930e+00 1.135893180853e+00 9.608187151953e-05
1 3 2 1.43968808 0.85153972 1.69669492 1.20510377 0.68650668 2.360118648411e+00 1.580383843653e-01 5.246769087355e+00 1.083850398224e+00 4.210649310717e-05
1 4 2 1.43968808 0.85153972 1.69669492 1.20510377 0.68650668 2.210968786025e+00 1.476823328863e-01 4.348177753715e+00 1.034745096978e+00 6.466522869944e-06
1 5 2 1.43968808 0.85153972 1.69669492 1.20510377 0.68650668 2.052938521180e+00 1.654911538534e-01 3.630850695823e+00 9.956884193195e-01 1.937965986875e-06
1 6 2 1.43968808 0.85153972 1.69669492 1.20510377 0.68650668 1.964935553680e+00 1.685509796356e-01 3.055487446040e+00 9.664115056895e-01 2.174202983096e-05
1 7 2 1.43968808 0.85153972 1.69669492 1.20510377 0.68650668 1.957148630342e+00 1.418448167585e-01 2.595867523927e+00 9.409768087183e-01 4.612919978553e-05
1 8 2 1.43968808 0.85153972 1.69669492 1.20510377 0.68650668 1.950231331255e+00 1.212719549768e-01 2.297142699404e+00 9.139225735287e-01 5.637379262183e-05
1 9 2 1.43968808 0.85153972 1.69669492 1.20510377 0.68650668 1.893317666080e+00 1.334442289972e-01 2.243589392371e+00 8.835656287258e-01 4.685548354256e-05
1 10 2 1.43968808 0.85153972 1.69669492 1.20510377 0.68650668 1.795171351924e+00 1.532800525813e-01 2.486729038170e+00 8.512082378584e-01 2.779439192991e-05
1 11 2 1.43968808 0.85153972 1.69669492 1.20510377 0.68650668 1.685386496072e+00 1.453217828963e-01 2.926245888243e+00 8.191944368771e-01 1.752833336695e-05
1 12 2 1.43968808 0.85153972 1.69669492 1.20510377 0.68650668 1.606590882422e+00 1.185299407022e-01 3.353751418757e+00 7.890566401160e-01 2.979697956838e-05
1 13 2 1.43968808 0.85153972 1.69669492 1.20510377 0.68650668 1.568724849421e+00 1.082609112806e-01 3.666948739051e+00 7.599310807491e-01 6.430058070252e-05
1 14 2 1.43968808 0.85153972 1.69669492 1.20510377 0.68650668 1.530962584342e+00 1.193652790738e-01 3.892281307220e+00 7.293299088896e-01 1.063702430411e-04
1 15 2 1.43968808 0.85153972 1.69669492 1.20510377 0.68650668 1.478819470904e+00 1.224352604996e-01 4.010859833049e+00 6.971890126209e-01 1.357193518937e-04
1 16 2 1.43968808 0.85153972 1.69669492 1.20510377 0.68650668 1.433979720977e+00 1.047202165104e-01 3.959681705404e+00 6.687362419247e-01 1.386861321956e-04
1 17 2 1.43968808 0.85153972 1.69669492 1.20510377 0.68650668 1.392459403804e+00 9.077621072161e-02 3.755065287865e+00 6.508908484881e-01 1.164475773804e-04
1 18 2 1.43968808 0.85153972 1.69669492 1.20510377 0.68650668 1.348997156382e+00 1.013259591167e-01 3.438625063446e+00 6.447283845619e-01 8.434199404149e-05
1 19 2 1.43968808 0.85153972 1.69669492 1.20510377 0.68650668 1.327137974688e+00 1.190765938069e-01 2.997558430564e+00 6.429960913676e-01 6.286881809848e-05
1 20 2 1.43968808 0.85153972 1.69669492 1.20510377 0.68650668 1.326768888458e+00 1.161110364978e-01 2.468279599610e+00 6.364338083574e-01 6.580677730663e-05
1 21 2 1.43968808 0.85153972 1.69669492 1.20510377 0.68650668 1.315195391206e+00 9.722950277444e-02 1.988792924391e+00 6.218481744466e-01 9.239261220939e-05
1 22 2 1.43968808 0.85153972 1.69669492 1.20510377 0.68650668 1.275118948134e+00 9.017104899826e-02 1.668155698757e+00 6.031968808169e-01 1.279326141628e-04
1 23 2 1.43968808 0.85153972 1.69669492 1.20510377 0.68650668 1.213950152613e+00 1.006674825525e-01 1.518756359258e+00 5.861739815571e-01 1.522542855761e-04
1 24 2 1.43968808 0.85153972 1.69669492 1.20510377 0.68650668 1.159733685149e+00 1.051607036314e-01 1.513846278282e+00 5.736318266173e-01 1.509894989971e-04
1 25 2 1.43968808 0.85153972 1.69669492 1.20510377 0.68650668 1.147407791407e+00 9.103100072279e-02 1.612068797032e+00 5.653359281735e-01 1.232816729383e-04
1 26 2 1.43968808 0.85153972 1.69669492 1.20510377 0.68650668 1.171369387316e+00 7.786632363254e-02 1.784339135225e+00 5.590094585644e-01 8.176637711151e-05
1 27 2 1.43968808 0.85153972 1.69669492 1.20510377 0.68650668 1.189014731254e+00 8.567700648816e-02 2.058550441971e+00 5.505785470260e-01 4.515341164569e-05
1 28 2 1.43968808 0.85153972 1.69669492 1.20510377 0.68650668 1.173718608539e+00 1.022028070698e-01 2.425887976366e+00 5.363091785396e-01 2.784662926132e-05
1 29 2 1.43968808 0.85153972 1.69669492 1.20510377 0.68650668 1.120660796463e+00 1.022443300044e-01 2.743146293748e+00 5.178701664511e-01 3.251355388258e-05
1 30 2 1.43968808 0.85153972 1.69669492 1.20510377 0.68650668 1.051448682516e+00 8.758732615231e-02 2.899661117757e+00 5.045697896560e-01 4.964694626503e-05
1 31 2 1.43968808 0.85153972 1.69669492 1.20510377 0.68650668 1.032506596564e+00 8.321237448665e-02 2.979687219280e+00 5.070906484758e-01 6.409614754682e-05
1 32 2 1.43968808 0.85153972 1.69669492 1.20510377 0.68650668 1.099740971797e+00 9.639541105315e-02 3.063576067361e+00 5.271392263179e-01 6.460305491299e-05
1 33 2 1.43968808 0.85153972 1.69669492 1.20510377 0.68650668 1.187778174738e+00 1.051547477097e-01 3.032376984543e+00 5.544739096998e-01 5.074304571574e-05
1 34 2 1.43968808 0.85153972 1.69669492 1.20510377 0.68650668 1.219969301575e+00 9.480029163126e-02 2.779129405702e+00 5.755792238227e-01 3.322172179554e-05
1 35 2 1.43968808 0.85153972 1.69669492 1.20510377 0.68650668 1.200540508916e+00 8.307826324011e-02 2.420397618573e+00 5.848664523266e-01 2.732515979514e-05
1 36 2 1.43968808 0.85153972 1.69669492 1.20510377 0.68650668 1.169393904312e+00 9.227181593976e-02 2.111263779538e+00 5.869400966873e-01 4.330529141436e-05
1 37 2 1.43968808 0.85153972 1.69669492 1.20510377 0.68650668 1.158349559045e+00 1.126755142584e-01 1.852478388101e+00 5.896959709125e-01 7.935124826563e-05
1 38 2 1.43968808 0.85153972 1.69669492 1.20510377 0.68650668 1.192591260843e+00 1.170652778738e-01 1.618236968715e+00 5.975079915469e-01 1.214475801104e-04
1 39 2 1.43968808 0.85153972 1.69669492 1.20510377 0.68650668 1.259063860827e+00 1.038918676494e-01 1.481227329486e+00 6.103421226260e-01 1.505350011569e-04
1 40 2 1.43968808 0.85153972 1.69669492 1.20510377 0.68650668 1.310125666944e+00 9.940941118041e-02 1.526223881022e+00 6.258619512979e-01 1.531161852193e-04
1 41 2 1.43968808 0.85153972 1.69669492 1.20510377 0.68650668 1.325154461362e+00 1.144729218580e-01 1.778054331888e+00 6.404813218161e-01 1.292446406460e-04
1 42 2 1.43968808 0.85153972 1.69669492 1.20510377 0.68650668 1.320804081006e+00 1.261869500680e-01 2.207777454733e+00 6.507631894733e-01 9.307651817000e-05
1 43 2 1.43968808 0.85153972 1.69669492 1.20510377 0.68650668 1.324389408457e+00 1.158057865623e-01 2.715856929572e+00 6.572190855402e-01 6.529895529629e-05
1 44 2 1.43968808 0.85153972 1.69669492 1.20510377 0.68650668 1.361246642539e+00 1.019794594934e-01 3.186487520297e+00 6.666345309632e-01 6.149542851626e-05
1 45 2 1.43968808 0.85153972 1.69669492 1.20510377 0.68650668 1.424123825589e+00 1.130938153715e-01 3.597786423794e+00 6.875944123155e-01 8.309458721478e-05
1 46 2 1.43968808 0.85153972 1.69669492 1.20510377 0.68650668 1.479658589001e+00 1.410078330871e-01 3.965573094916e+00 7.220833508478e-01 1.163162578303e-04
1 47 2 1.43968808 0.85153972 1.69669492 1.20510377 0.68650668 1.527339739238e+00 1.520768819918e-01 4.221726917829e+00 7.628242899923e-01 1.400020973598e-04
1 48 2 1.43968808 0.85153972 1.69669492 1.20510377 0.68650668 1.583318002944e+00 1.404800221511e-01 4.290516951170e+00 8.001723502934e-01 1.379424774208e-04
1 49 2 1.43968808 0.85153972 1.69669492 1.20510377 0.68650668 1.635699984995e+00 1.376461719128e-01 4.185209873598e+00 8.307099248050e-01 1.084438895867e-04
1 50 2 1.43968808 0.85153972 1.69669492 1.20510377 0.68650668 1.690959684251e+00 1.599532082616e-01 3.914841510229e+00 8.581086844720e-01 6.530483531832e-05
1 51 2 1.43968808 0.85153972 1.69669492 1.20510377 0.68650668 1.780304655549e+00 1.793214494623e-01 3.465465275288e+00 8.870512447554e-01 2.943780958684e-05
1 52 2 1.43968808 0.85153972 1.69669492 1.20510377 0.68650668 1.883415949292e+00 1.683416837629e-01 2.954279793062e+00 9.185273337526e-01 1.614067527184e-05
1 53 2 1.43968808 0.85153972 1.69669492 1.20510377 0.68650668 1.950052652444e+00 1.489900954307e-01 2.595965311524e+00 9.507267804859e-01 2.591146017758e-05
1 54 2 1.43968808 0.85153972 1.69669492 1.20510377 0.68650668 1.974145712220e+00 1.617541830094e-01 2.475988523647e+00 9.822673539524e-01 4.473189961610e-05
1 55 2 1.43968808 0.85153972 1.69669492 1.20510377 0.68650668 1.984157561485e+00 1.998032882435e-01 2.537567880502e+00 1.013980063697e+00 5.389250549014e-05
1 56 2 1.43968808 0.85153972 1.69669492 1.20510377 0.68650668 2.031157201931e+00 2.162762197834e-01 2.758050421693e+00 1.049141836409e+00 4.322245791141e-05
1 57 2 1.43968808 0.85153972 1.69669492 1.20510377 0.68650668 2.162577807374e+00 1.987580423030e-01 3.192473653597e+00 1.092257721051e+00 1.901943244969e-05
1 58 2 1.43968808 0.85153972 1.69669492 1.20510377 0.68650668 2.334121979523e+00 1.910445820799e-01 3.905210108131e+00 1.145311311982e+00 9.665631018569e-07
1 59 2 1.43968808 0.85153972 1.69669492 1.20510377 0.68650668 2.446731589505e+00 2.216044451808e-01 4.889611152618e+00 1.203857701323e+00 9.307659953775e-06
1 60 2 1.43968808 0.85153972 1.69669492 1.20510377 0.68650668 2.481754238839e+00 2.532379982246e-01 5.951070477881e+00 1.258946616135e+00 5.022018488907e-05
1 61 2 1.43968808 0.85153972 1.69669492 1.20510377 0.68650668 2.484863951177e+00 2.421016877497e-01 6.763784611124e+00 1.305456554305e+00 1.092342068195e-04
1 62 2 1.43968808 0.85153972 1.69669492 1.20510377 0.68650668 2.509186480982e+00 2.147686202679e-01 7.180772502885e+00 1.347765235071e+00 1.580263388368e-04
1 63 2 1.43968808 0.85153972 1.69669492 1.20510377 0.68650668 2.632091239937e+00 2.320107831488e-01 7.320926410632e+00 1.395087525431e+00 1.714160758989e-04
2 0 2 2.07592283 1.01479886 2.36591794 1.58069184 0.81052728 1.002404645687e+01 4.841404874539e-01 2.089945210234e+01 3.667665717043e+00 2.437911146921e-04
2 1 2 2.07592283 1.01479886 2.36591794 1.58069184 0.81052728 9.975232166626e+00 3.951402822000e-01 2.200972464332e+01 3.508715283532e+00 2.339894807206e-04
2 2 2 2.07592283 1.01479886 2.36591794 1.58069184 0.81052728 1.009466471030e+01 3.786859776757e-01 2.214808842507e+01 3.393324153953e+00 2.230120011655e-04
2 3 2 2.07592283 1.01479886 2.36591794 1.58069184 0.81052728 9.956913443462e+00 4.392865430939e-01 2.123557195124e+01 3.267465503829e+00 2.191355123263e-04
2 4 2 2.07592283 1.01479886 2.36591794 1.58069184 0.81052728 9.404148429332e+00 4.732230375681e-01 1.955190880041e+01 3.134988419622e+00 2.216687474152e-04
2 5 2 2.07592283 1.01479886 2.36591794 1.58069184 0.81052728 8.740050567116e+00 4.194721443217e-01 1.740032811146e+01 3.031975878349e+00 2.250924118787e-04
2 6 2 2.07592283 1.01479886 2.36591794 1.58069184 0.81052728 8.221043874399e+00 3.417127111957e-01 1.483862647749e+01 2.938722764001e+00 2.262085612390e-04
2 7 2 2.07592283 1.01479886 2.36591794 1.58069184 0.81052728 8.032802839148e+00 3.313974363348e-01 1.226393868324e+01 2.834176000842e+00 2.284166033208e-04
2 8 2 2.07592283 1.01479886 2.36591794 1.58069184 0.81052728 8.057119307905e+00 3.792492056343e-01 1.025104386781e+01 2.739030647395e+00 2.397878988076e-04
2 9 2 2.07592283 1.01479886 2.36591794 1.58069184 0.81052728 7.965488721587e+00 3.961569460706e-01 9.068048049959e+00 2.654203590819e+00 2.663698766416e-04
2 10 2 2.07592283 1.01479886 2.36591794 1.58069184 0.81052728 7.633275698895e+00 3.433004596694e-01 8.684672914530e+00 2.557067555788e+00 3.057017241247e-04
2 11 2 2.07592283 1.01479886 2.36591794 1.58069184 0.81052728 7.121646368732e+00 2.822089172444e-01 8.899074289325e+00 2.452012212748e+00 3.454755903882e-04
2 12 2 2.07592283 1.01479886 2.36591794 1.58069184 0.81052728 6.697224623906e+00 2.810454797057e-01 9.673047280340e+00 2.352052468237e+00 3.687990345570e-04
2 13 2 2.07592283 1.01479886 2.36591794 1.58069184 0.81052728 6.488582478146e+00 3.186833321940e-01 1.092201402972e+01 2.252635722815e+00 3.630698575562e-04
2 14 2 2.07592283 1.01479886 2.36591794 1.58069184 0.81052728 6.448444008489e+00 3.210907245975e-01 1.215499240469e+01 2.155850318579e+00 3.270527422916e-04
2 15 2 2.07592283 1.01479886 2.36591794 1.58069184 0.81052728 6.445413259212e+00 2.700742244378e-01 1.298437799973e+01 2.072258993876e+00 2.718638554263e-04
2 16 2 2.07592283 1.01479886 2.36591794 1.58069184 0.81052728 6.250345933810e+00 2.269344316652e-01 1.333783097721e+01 2.005580432418e+00 2.153649634333e-04
2 17 2 2.07592283 1.01479886 2.36591794 1.58069184 0.81052728 5.895412435136e+00 2.425916946213e-01 1.321324943321e+01 1.962575165888e+00 1.734115287443e-04
2 18 2 2.07592283 1.01479886 2.36591794 1.58069184 0.81052728 5.560881404421e+00 2.864101940115e-01 1.264763718116e+01 1.941325408463e+00 1.530199957399e-04
2 19 2 2.07592283 1.01479886 2.36591794 1.58069184 0.81052728 5.403849639651e+00 2.922496163637e-01 1.160323862886e+01 1.914256767410e+00 1.509757074244e-04
2 20 2 2.07592283 1.01479886 2.36591794 1.58069184 0.81052728 5.446023529486e+00 2.512067709284e-01 1.013925645051e+01 1.867659421436e+00 1.578893261769e-04
2 21 2 2.07592283 1.01479886 2.36591794 1.58069184 0.81052728 5.502262938069e+00 2.195345275110e-01 8.581436764135e+00 1.821545432499e+00 1.645464415536e-04
2 22 2 2.07592283 1.01479886 2.36591794 1.58069184 0.81052728 5.432456330884e+00 2.356953589621e-01 7.241316894436e+00 1.781429652076e+00 1.664843390501e-04
2 23 2 2.07592283 1.01479886 2.36591794 1.58069184 0.81052728 5.173826380550e+00 2.673017641998e-01 6.343684522815e+00 1.734328474598e+00 1.644067980480e-04
2 24 2 2.07592283 1.01479886 2.36591794 1.58069184 0.81052728 4.883556523085e+00 2.605528267609e-01 5.949704011611e+00 1.694070610766e+00 1.610101993029e-04
2 25 2 2.07592283 1.01479886 2.36591794 1.58069184 0.81052728 4.797777657776e+00 2.179134605461e-01 5.938108702276e+00 1.675753283712e+00 1.570577344386e-04
2 26 2 2.07592283 1.01479886 2.36591794 1.58069184 0.81052728 4.903024927950e+00 1.934876079434e-01 6.368058539544e+00 1.654283362535e+00 1.497314190766e-04
2 27 2 2.07592283 1.01479886 2.36591794 1.58069184 0.81052728 5.043700617023e+00 2.153730135824e-01 7.326917196817e+00 1.611707199232e+00 1.344597462860e-04
2 28 2 2.07592283 1.01479886 2.36591794 1.58069184 0.81052728 5.008712710245e+00 2.466918270151e-01 8.536964605502e+00 1.567733184183e+00 1.088874886120e-04
2 29 2 2.07592283 1.01479886 2.36591794 1.58069184 0.81052728 4.770440041035e+00 2.394607818672e-01 9.545711854933e+00 1.529867784092e+00 7.611014002018e-05
2 30 2 2.07592283 1.01479886 2.36591794 1.58069184 0.81052728 4.514252758953e+00 2.032975465277e-01 1.011610863280e+01 1.494766565217e+00 4.471007358885e-05
2 31 2 2.07592283 1.01479886 2.36591794 1.58069184 0.81052728 4.450690873738e+00 1.912821477418e-01 1.043270717375e+01 1.495845458935e+00 2.519059872085e-05
2 32 2 2.07592283 1.01479886 2.36591794 1.58069184 0.81052728 4.682538489629e+00 2.237013300068e-01 1.067182327503e+01 1.557476674723e+00 2.475838466600e-05
2 33 2 2.07592283 1.01479886 2.36591794 1.58069184 0.81052728 4.990501375764e+00 2.585061044947e-01 1.050213512090e+01 1.636633656877e+00 4.354392759671e-05
2 34 2 2.07592283 1.01479886 2.36591794 1.58069184 0.81052728 5.124037319995e+00 2.509422310615e-01 9.652796713501e+00 1.687880604922e+00 7.454671995285e-05
2 35 2 2.07592283 1.01479886 2.36591794 1.58069184 0.81052728 5.036375523515e+00 2.178438298801e-01 8.434087643379e+00 1.721248667937e+00 1.073448903737e-04
2 36 2 2.07592283 1.01479886 2.36591794 1.58069184 0.81052728 4.856331265268e+00 2.143127270379e-01 7.331647804324e+00 1.747768832258e+00 1.333263113199e-04
2 37 2 2.07592283 1.01479886 2.36591794 1.58069184 0.81052728 4.833079357560e+00 2.545269699601e-01 6.589321780856e+00 1.757342043611e+00 1.493203784826e-04
2 38 2 2.07592283 1.01479886 2.36591794 1.58069184 0.81052728 5.034305600003e+00 2.895856817168e-01 6.161016028794e+00 1.767917955909e+00 1.576047496291e-04
2 39 2 2.07592283 1.01479886 2.36591794 1.58069184 0.81052728 5.343963832329e+00 2.762299216086e-01 6.061378764878e+00 1.805439321038e+00 1.626459338747e-04
2 40 2 2.07592283 1.01479886 2.36591794 1.58069184 0.81052728 5.534689381725e+00 2.398460603586e-01 6.544623911438e+00 1.852401240591e+00 1.670726014303e-04
2 41 2 2.07592283 1.01479886 2.36591794 1.58069184 0.81052728 5.498895598470e+00 2.398235975131e-01 7.651489688928e+00 1.887962748424e+00 1.698513348997e-04
2 42 2 2.07592283 1.01479886 2.36591794 1.58069184 0.81052728 5.430563604227e+00 2.838625273223e-01 9.138524172729e+00 1.926108664432e+00 1.680599076702e-04
2 43 2 2.07592283 1.01479886 2.36591794 1.58069184 0.81052728 5.499239779782e+00 3.147866060583e-01 1.074054809543e+01 1.970689906236e+00 1.610142041085e-04
2 44 2 2.07592283 1.01479886 2.36591794 1.58069184 0.81052728 5.784322277543e+00 2.932106607073e-01 1.217791194270e+01 2.007256233423e+00 1.535724152010e-04
2 45 2 2.07592283 1.01479886 2.36591794 1.58069184 0.81052728 6.182358237462e+00 2.590733917326e-01 1.332620522791e+01 2.050890121388e+00 1.556346266136e-04
2 46 2 2.07592283 1.01479886 2.36591794 1.58069184 0.81052728 6.468059833565e+00 2.787635424109e-01 1.412621347313e+01 2.128187515544e+00 1.772479304622e-04
2 47 2 2.07592283 1.01479886 2.36591794 1.58069184 0.81052728 6.564957455626e+00 3.480794051030e-01 1.435681209325e+01 2.230812908288e+00 2.218662311831e-04
2 48 2 2.07592283 1.01479886 2.36591794 1.58069184 0.81052728 6.545758896996e+00 3.921577465725e-01 1.388939021665e+01 2.337959105764e+00 2.820821033429e-04
2 49 2 2.07592283 1.01479886 2.36591794 1.58069184 0.81052728 6.672763901369e+00 3.699140360076e-01 1.280021167308e+01 2.442726381721e+00 3.411557462721e-04
2 50 2 2.07592283 1.01479886 2.36591794 1.58069184 0.81052728 7.042316898410e+00 3.357548243865e-01 1.142041093246e+01 2.538889310850e+00 3.802833995424e-04
2 51 2 2.07592283 1.01479886 2.36591794 1.58069184 0.81052728 7.521352101404e+00 3.640236422079e-01 1.023729699719e+01 2.627087694590e+00 3.878228864536e-04
2 52 2 2.07592283 1.01479886 2.36591794 1.58069184 0.81052728 7.952897977625e+00 4.391240032863e-01 9.415849496876e+00 2.717332219354e+00 3.651049834986e-04
2 53 2 2.07592283 1.01479886 2.36591794 1.58069184 0.81052728 8.127087461921e+00 4.729916011236e-01 9.067786683091e+00 2.803800847688e+00 3.252502977579e-04
2 54 2 2.07592283 1.01479886 2.36591794 1.58069184 0.81052728 8.120332552799e+00 4.330157958578e-01 9.579656641187e+00 2.882927899588e+00 2.856331865454e-04
2 55 2 2.07592283 1.01479886 2.36591794 1.58069184 0.81052728 8.190265614567e+00 3.964149376346e-01 1.110748908114e+01 2.977848084837e+00 2.586207314571e-04
2 56 2 2.07592283 1.01479886 2.36591794 1.58069184 0.81052728 8.561159996770e+00 4.430700771927e-01 1.342447338812e+01 3.091785033556e+00 2.462883556266e-04
2 57 2 2.07592283 1.01479886 2.36591794 1.58069184 0.81052728 9.224646005861e+00 5.350231867465e-01 1.608986850305e+01 3.200366236373e+00 2.421315427765e-04
2 58 2 2.07592283 1.01479886 2.36591794 1.58069184 0.81052728 9.821791908561e+00 5.634307170957e-01 1.872825352862e+01 3.317156663135e+00 2.380500079942e-04
2 59 2 2.07592283 1.01479886 2.36591794 1.58069184 0.81052728 1.013969584056e+01 5.066809532425e-01 2.121606538915e+01 3.465301780009e+00 2.312847219817e-04
2 60 2 2.07592283 1.01479886 2.36591794 1.58069184 0.81052728 1.012809990812e+01 4.710958326584e-01 2.313461631949e+01 3.610944337960e+00 2.261017372984e-04
2 61 2 2.07592283 1.01479886 2.36591794 1.58069184 0.81052728 1.006961583224e+01 5.430794134927e-01 2.392470251655e+01 3.739328046615e+00 2.289071688623e-04
2 62 2 2.07592283 1.01479886 2.36591794 1.58069184 0.81052728 1.043593217652e+01 6.591882561511e-01 2.353657402960e+01 3.899762947240e+00 2.405151457540e-04
2 63 2 2.07592283 1.01479886 2.36591794 1.58069184 0.81052728 1.125178530053e+01 6.903839264032e-01 2.213777765552e+01 4.084797337639e+00 2.518565461538e-04
5 0 2 1.50856404 0.86138375 1.70855883 1.23479666 0.70573217 2.903939988931e+00 3.680818563337e-01 6.609645246935e+00 1.379580669766e+00 1.282527268738e-04
5 1 2 1.50856404 0.86138375 1.70855883 1.23479666 0.70573217 2.923758147636e+00 2.202388205663e-01 6.917978629546e+00 1.320620894897e+00 1.596283688271e-04
5 2 2 1.50856404 0.86138375 1.70855883 1.23479666 0.70573217 2.937875155222e+00 1.179246703302e-01 6.755133226556e+00 1.266098202030e+00 1.844237411644e-04
5 3 2 1.50856404 0.86138375 1.70855883 1.23479666 0.70573217 2.860902560902e+00 1.945289119235e-01 6.166947936395e+00 1.216252357568e+00 1.985626574676e-04
5 4 2 1.50856404 0.86138375 1.70855883 1.23479666 0.70573217 2.710449658521e+00 3.219802443493e-01 5.415030034132e+00 1.171022857310e+00 2.025492300055e-04
5 5 2 1.50856404 0.86138375 1.70855883 1.23479666 0.70573217 2.500045893291e+00 3.079777439628e-01 4.648521907449e+00 1.129768394297e+00 2.005550950570e-04
5 6 2 1.50856404 0.86138375 1.70855883 1.23479666 0.70573217 2.334459678392e+00 1.709975244236e-01 3.881881933041e+00 1.092162768753e+00 1.977793603428e-04
5 7 2 1.50856404 0.86138375 1.70855883 1.23479666 0.70573217 2.297674121661e+00 1.004364491683e-01 3.147195870290e+00 1.057996873249e+00 1.975812101538e-04
5 8 2 1.50856404 0.86138375 1.70855883 1.23479666 0.70573217 2.316391400709e+00 1.795645458369e-01 2.555837684393e+00 1.025723458450e+00 1.999108940548e-04
5 9 2 1.50856404 0.86138375 1.70855883 1.23479666 0.70573217 2.291625547839e+00 2.768117598100e-01 2.258077812801e+00 9.925412159846e-01 2.017755691390e-04
5 10 2 1.50856404 0.86138375 1.70855883 1.23479666 0.70573217 2.189087300902e+00 2.455424983691e-01 2.287665796858e+00 9.567569335692e-01 1.993433044451e-04
5 11 2 1.50856404 0.86138375 1.70855883 1.23479666 0.70573217 2.044772301909e+00 1.300323861991e-01 2.522447700465e+00 9.191777705160e-01 1.904363819623e-04
5 12 2 1.50856404 0.86138375 1.70855883 1.23479666 0.70573217 1.924119956084e+00 8.917747034100e-02 2.866622201039e+00 8.813607035317e-01 1.760288311485e-04
5 13 2 1.50856404 0.86138375 1.70855883 1.23479666 0.70573217 1.852141448276e+00 1.656456434167e-01 3.279394969961e+00 8.435491312355e-01 1.599696745228e-04
5 14 2 1.50856404 0.86138375 1.70855883 1.23479666 0.70573217 1.839915534760e+00 2.346162460734e-01 3.655399486458e+00 8.059687126182e-01 1.471353603723e-04
5 15 2 1.50856404 0.86138375 1.70855883 1.23479666 0.70573217 1.850327555662e+00 1.908592692011e-01 3.905107343727e+00 7.717765983942e-01 1.410326049849e-04
5 16 2 1.50856404 0.86138375 1.70855883 1.23479666 0.70573217 1.786978669351e+00 9.576843326637e-02 4.024928659352e+00 7.463933271595e-01 1.421099958580e-04
5 17 2 1.50856404 0.86138375 1.70855883 1.23479666 0.70573217 1.662326197379e+00 8.111401595299e-02 3.975687678658e+00 7.323542799760e-01 1.476085339045e-04
5 18 2 1.50856404 0.86138375 1.70855883 1.23479666 0.70573217 1.573419173784e+00 1.595760430835e-01 3.705992318626e+00 7.255519459317e-01 1.529537048211e-04
5 19 2 1.50856404 0.86138375 1.70855883 1.23479666 0.70573217 1.542129789988e+00 2.129168545697e-01 3.280262934033e+00 7.180108611141e-01 1.539165996415e-04
5 20 2 1.50856404 0.86138375 1.70855883 1.23479666 0.70573217 1.558356878403e+00 1.643434637536e-01 2.799297253320e+00 7.045299263180e-01 1.484400890896e-04
5 21 2 1.50856404 0.86138375 1.70855883 1.23479666 0.70573217 1.593738548601e+00 8.392281646156e-02 2.311521311296e+00 6.860026792943e-01 1.372733338041e-04
5 22 2 1.50856404 0.86138375 1.70855883 1.23479666 0.70573217 1.571634663670e+00 8.289200627081e-02 1.885116687301e+00 6.667567855859e-01 1.232156245229e-04
5 23 2 1.50856404 0.86138375 1.70855883 1.23479666 0.70573217 1.476242722875e+00 1.552037140644e-01 1.609126667438e+00 6.502198333239e-01 1.094768566019e-04
5 24 2 1.50856404 0.86138375 1.70855883 1.23479666 0.70573217 1.379825062987e+00 1.911295002310e-01 1.510201932569e+00 6.374880812430e-01 9.805930871745e-05
5 25 2 1.50856404 0.86138375 1.70855883 1.23479666 0.70573217 1.352435518453e+00 1.366985519850e-01 1.561885723156e+00 6.280560136990e-01 8.897874140299e-05
5 26 2 1.50856404 0.86138375 1.70855883 1.23479666 0.70573217 1.400229105363e+00 6.875379775022e-02 1.745253868690e+00 6.197206901375e-01 8.065155000615e-05
5 27 2 1.50856404 0.86138375 1.70855883 1.23479666 0.70573217 1.450486764523e+00 8.221456726137e-02 2.060058474845e+00 6.083400131868e-01 7.115309818615e-05
5 28 2 1.50856404 0.86138375 1.70855883 1.23479666 0.70573217 1.436615527648e+00 1.544006822122e-01 2.457535479011e+00 5.907203720292e-01 5.961981842645e-05
5 29 2 1.50856404 0.86138375 1.70855883 1.23479666 0.70573217 1.360638528865e+00 1.795882143887e-01 2.789807681683e+00 5.698195028381e-01 4.702915342685e-05
5 30 2 1.50856404 0.86138375 1.70855883 1.23479666 0.70573217 1.263749922245e+00 1.215530119909e-01 2.956256063230e+00 5.559147751629e-01 3.594527432328e-05
5 31 2 1.50856404 0.86138375 1.70855883 1.23479666 0.70573217 1.234176214056e+00 6.496166579747e-02 3.048589953582e+00 5.596602078986e-01 2.936975198737e-05
5 32 2 1.50856404 0.86138375 1.70855883 1.23479666 0.70573217 1.325081307782e+00 9.299970911454e-02 3.147988129274e+00 5.823063269443e-01 2.930118392066e-05
5 33 2 1.50856404 0.86138375 1.70855883 1.23479666 0.70573217 1.442698839903e+00 1.672030263923e-01 3.119177995556e+00 6.132861330170e-01 3.575473560926e-05
5 34 2 1.50856404 0.86138375 1.70855883 1.23479666 0.70573217 1.480991566979e+00 1.821367169643e-01 2.840073081348e+00 6.384789699733e-01 4.675291649484e-05
5 35 2 1.50856404 0.86138375 1.70855883 1.23479666 0.70573217 1.444669230243e+00 1.174746652504e-01 2.429165182807e+00 6.511063758566e-01 5.929668590745e-05
5 36 2 1.50856404 0.86138375 1.70855883 1.23479666 0.70573217 1.382734806770e+00 6.924044116205e-02 2.061273202613e+00 6.548431139245e-01 7.081582868388e-05
5 37 2 1.50856404 0.86138375 1.70855883 1.23479666 0.70573217 1.362610984348e+00 1.127975657177e-01 1.780574506643e+00 6.578173615088e-01 8.034033067600e-05
5 38 2 1.50856404 0.86138375 1.70855883 1.23479666 0.70573217 1.429900484812e+00 1.921496975959e-01 1.588845338930e+00 6.653185117259e-01 8.876834484144e-05
5 39 2 1.50856404 0.86138375 1.70855883 1.23479666 0.70573217 1.537171945073e+00 1.970260936292e-01 1.536012573443e+00 6.779201841141e-01 9.807407793468e-05
5 40 2 1.50856404 0.86138375 1.70855883 1.23479666 0.70573217 1.600501267832e+00 1.218906804434e-01 1.678497424092e+00 6.938248130583e-01 1.098690250617e-04
5 41 2 1.50856404 0.86138375 1.70855883 1.23479666 0.70573217 1.583850841372e+00 7.819826182474e-02 2.012322416315e+00 7.106348160411e-01 1.241059808747e-04
5 42 2 1.50856404 0.86138375 1.70855883 1.23479666 0.70573217 1.537327888596e+00 1.358633317448e-01 2.466958443686e+00 7.256690706399e-01 1.386851155781e-04
5 43 2 1.50856404 0.86138375 1.70855883 1.23479666 0.70573217 1.552080066390e+00 2.184624014521e-01 2.978170650952e+00 7.375765689735e-01 1.502742158956e-04
5 44 2 1.50856404 0.86138375 1.70855883 1.23479666 0.70573217 1.638023891984e+00 2.091501509054e-01 3.501403906665e+00 7.492208733846e-01 1.560022755909e-04
5 45 2 1.50856404 0.86138375 1.70855883 1.23479666 0.70573217 1.750719996808e+00 1.227179457142e-01 3.936620290793e+00 7.674903535272e-01 1.551658955394e-04
5 46 2 1.50856404 0.86138375 1.70855883 1.23479666 0.70573217 1.857085321123e+00 9.261220901386e-02 4.188119385699e+00 7.979350633528e-01 1.499964075257e-04
5 47 2 1.50856404 0.86138375 1.70855883 1.23479666 0.70573217 1.894908474811e+00 1.795945111481e-01 4.267516181164e+00 8.391582203525e-01 1.449593082334e-04
5 48 2 1.50856404 0.86138375 1.70855883 1.23479666 0.70573217 1.872806084996e+00 2.746846785017e-01 4.187765067482e+00 8.836224663664e-01 1.448090484527e-04
5 49 2 1.50856404 0.86138375 1.70855883 1.23479666 0.70573217 1.908003940290e+00 2.487546554960e-01 3.908058522339e+00 9.243520011050e-01 1.523172663659e-04
5 50 2 1.50856404 0.86138375 1.70855883 1.23479666 0.70573217 2.027221695843e+00 1.440495520110e-01 3.477944443618e+00 9.599809564051e-01 1.668442187226e-04
5 51 2 1.50856404 0.86138375 1.70855883 1.23479666 0.70573217 2.164053235157e+00 1.237931139034e-01 3.019398045154e+00 9.931658487140e-01 1.845560169523e-04
5 52 2 1.50856404 0.86138375 1.70855883 1.23479666 0.70573217 2.278765074386e+00 2.363618824682e-01 2.609449671979e+00 1.025913157085e+00 2.002570498579e-04
5 53 2 1.50856404 0.86138375 1.70855883 1.23479666 0.70573217 2.333441651869e+00 3.339542664325e-01 2.363274597146e+00 1.058254545879e+00 2.099321689079e-04
5 54 2 1.50856404 0.86138375 1.70855883 1.23479666 0.70573217 2.329388727439e+00 2.805630548562e-01 2.430902236118e+00 1.090798678669e+00 2.126586543720e-04
5 55 2 1.50856404 0.86138375 1.70855883 1.23479666 0.70573217 2.340233327883e+00 1.585485574317e-01 2.811279260978e+00 1.126210732333e+00 2.108269210943e-04
5 56 2 1.50856404 0.86138375 1.70855883 1.23479666 0.70573217 2.443631492821e+00 1.615796487656e-01 3.394087279942e+00 1.167164571252e+00 2.084951017808e-04
5 57 2 1.50856404 0.86138375 1.70855883 1.23479666 0.70573217 2.653675569758e+00 3.105400839671e-01 4.137434603354e+00 1.214000887153e+00 2.087402947792e-04
5 58 2 1.50856404 0.86138375 1.70855883 1.23479666 0.70573217 2.853911694882e+00 4.078102104358e-01 5.040339674563e+00 1.265359489300e+00 2.114843710195e-04
5 59 2 1.50856404 0.86138375 1.70855883 1.23479666 0.70573217 2.930839465613e+00 3.181743131717e-01 6.027406329877e+00 1.320183655184e+00 2.130896301185e-04
5 60 2 1.50856404 0.86138375 1.70855883 1.23479666 0.70573217 2.934252796182e+00 1.778970355985e-01 6.881057944209e+00 1.377933375807e+00 2.080909690777e-04
5 61 2 1.50856404 0.86138375 1.70855883 1.23479666 0.70573217 2.931958782557e+00 2.108121078540e-01 7.317051997824e+00 1.437562413150e+00 1.922359855632e-04
5 62 2 1.50856404 0.86138375 1.70855883 1.23479666 0.70573217 2.987137628923e+00 3.984958908519e-01 7.271669083497e+00 1.497797264128e+00 1.652053942442e-04
5 63 2 1.50856404 0.86138375 1.70855883 1.23479666 0.70573217 3.198732011086e+00 4.903375998807e-01 6.944282386156e+00 1.558037298220e+00 1.314624910822e-04
10 0 2 2.15454526 1.03440712 2.48079541 1.62830963 0.82114435 1.162248713795e+01 5.344666202562e-01 2.498310417745e+01 4.121746987554e+00 1.791297588271e-04
10 1 2 2.15454526 1.03440712 2.48079541 1.62830963 0.82114435 1.155682284249e+01 4.533145145540e-01 2.623842555713e+01 3.944531900771e+00 1.656069247800e-04
10 2 2 2.15454526 1.03440712 2.48079541 1.62830963 0.82114435 1.164664006178e+01 4.138258505596e-01 2.636275096917e+01 3.810690653595e+00 1.554447560622e-04
10 3 2 2.15454526 1.03440712 2.48079541 1.62830963 0.82114435 1.146918935830e+01 4.544769843027e-01 2.529215626673e+01 3.664474007110e+00 1.556331241985e-04
10 4 2 2.15454526 1.03440712 2.48079541 1.62830963 0.82114435 1.084786493794e+01 4.971031075945e-01 2.327977307514e+01 3.515029087363e+00 1.644484044612e-04
10 5 2 2.15454526 1.03440712 2.48079541 1.62830963 0.82114435 1.010995775844e+01 4.642029997991e-01 2.073032146128e+01 3.400929739371e+00 1.759204479103e-04
10 6 2 2.15454526 1.03440712 2.48079541 1.62830963 0.82114435 9.536310818693e+00 3.886058501330e-01 1.775347613547e+01 3.297311775682e+00 1.866843025795e-04
10 7 2 2.15454526 1.03440712 2.48079541 1.62830963 0.82114435 9.301793727246e+00 3.599390760347e-01 1.474904138304e+01 3.180370121171e+00 1.996647345932e-04
10 8 2 2.15454526 1.03440712 2.48079541 1.62830963 0.82114435 9.300085689772e+00 3.946937680199e-01 1.239496904381e+01 3.073154081150e+00 2.217775087789e-04
10 9 2 2.15454526 1.03440712 2.48079541 1.62830963 0.82114435 9.169163076273e+00 4.189868354984e-01 1.100793846262e+01 2.977080488047e+00 2.574076930778e-04
10 10 2 2.15454526 1.03440712 2.48079541 1.62830963 0.82114435 8.790128005658e+00 3.799952449492e-01 1.055297362664e+01 2.868268083946e+00 3.025811385470e-04
10 11 2 2.15454526 1.03440712 2.48079541 1.62830963 0.82114435 8.235360523636e+00 3.187987806996e-01 1.080975850229e+01 2.751828848023e+00 3.443644423726e-04
10 12 2 2.15454526 1.03440712 2.48079541 1.62830963 0.82114435 7.766505079346e+00 3.045329452733e-01 1.169750388802e+01 2.641459814855e+00 3.664905867347e-04
10 13 2 2.15454526 1.03440712 2.48079541 1.62830963 0.82114435 7.525156598085e+00 3.338694246791e-01 1.313186454396e+01 2.531641264356e+00 3.579941142133e-04
10 14 2 2.15454526 1.03440712 2.48079541 1.62830963 0.82114435 7.452513196012e+00 3.415063895080e-01 1.456531458422e+01 2.423832276931e+00 3.195751256456e-04
10 15 2 2.15454526 1.03440712 2.48079541 1.62830963 0.82114435 7.423769378267e+00 2.990576241643e-01 1.551671713008e+01 2.328920395421e+00 2.637846641571e-04
10 16 2 2.15454526 1.03440712 2.48079541 1.62830963 0.82114435 7.201908741733e+00 2.551015384096e-01 1.591064373537e+01 2.252014565369e+00 2.089337080777e-04
10 17 2 2.15454526 1.03440712 2.48079541 1.62830963 0.82114435 6.814323768234e+00 2.622586629032e-01 1.575048903285e+01 2.202388788110e+00 1.703616298703e-04
10 18 2 2.15454526 1.03440712 2.48079541 1.62830963 0.82114435 6.453714986153e+00 3.015055128960e-01 1.506916115273e+01 2.178495601381e+00 1.540351323399e-04
10 19 2 2.15454526 1.03440712 2.48079541 1.62830963 0.82114435 6.271845588034e+00 3.117006630758e-01 1.384077468881e+01 2.149413791484e+00 1.557136431919e-04
10 20 2 2.15454526 1.03440712 2.48079541 1.62830963 0.82114435 6.298675217915e+00 2.769250488713e-01 1.213147777686e+01 2.098931601032e+00 1.653971304337e-04
10 21 2 2.15454526 1.03440712 2.48079541 1.62830963 0.82114435 6.344306081068e+00 2.450222245047e-01 1.031441134730e+01 2.047725633089e+00 1.737580518261e-04
10 22 2 2.15454526 1.03440712 2.48079541 1.62830963 0.82114435 6.260930313406e+00 2.552427633012e-01 8.754394519198e+00 2.001838860359e+00 1.765410824721e-04
10 23 2 2.15454526 1.03440712 2.48079541 1.62830963 0.82114435 5.982624908637e+00 2.827449468882e-01 7.701041976144e+00 1.948443753767e+00 1.747128825772e-04
10 24 2 2.15454526 1.03440712 2.48079541 1.62830963 0.82114435 5.667345976707e+00 2.778893970617e-01 7.235373343384e+00 1.903353863626e+00 1.711062427082e-04
10 25 2 2.15454526 1.03440712 2.48079541 1.62830963 0.82114435 5.568330639457e+00 2.395399587018e-01 7.225980671999e+00 1.882571544185e+00 1.664727768567e-04
10 26 2 2.15454526 1.03440712 2.48079541 1.62830963 0.82114435 5.670938572200e+00 2.158732233478e-01 7.726699863733e+00 1.858581756698e+00 1.579391475688e-04
10 27 2 2.15454526 1.03440712 2.48079541 1.62830963 0.82114435 5.812202312190e+00 2.340135288632e-01 8.835389888678e+00 1.812045277990e+00 1.409669388998e-04
10 28 2 2.15454526 1.03440712 2.48079541 1.62830963 0.82114435 5.770759590493e+00 2.616686100490e-01 1.023682625029e+01 1.764042615847e+00 1.133936836454e-04
10 29 2 2.15454526 1.03440712 2.48079541 1.62830963 0.82114435 5.514279657633e+00 2.551826196057e-01 1.141214856580e+01 1.722337613789e+00 7.864445674838e-05
10 30 2 2.15454526 1.03440712 2.48079541 1.62830963 0.82114435 5.240357427921e+00 2.231354446704e-01 1.208558234470e+01 1.683653595012e+00 4.567605123325e-05
10 31 2 2.15454526 1.03440712 2.48079541 1.62830963 0.82114435 5.172684021920e+00 2.134875086442e-01 1.245838163219e+01 1.684807790868e+00 2.530191945269e-05
10 32 2 2.15454526 1.03440712 2.48079541 1.62830963 0.82114435 5.422346032824e+00 2.434987591192e-01 1.272860882088e+01 1.752325532721e+00 2.489231898589e-05
10 33 2 2.15454526 1.03440712 2.48079541 1.62830963 0.82114435 5.754211710143e+00 2.741698418739e-01 1.252192681858e+01 1.839191221663e+00 4.455886319892e-05
10 34 2 2.15454526 1.03440712 2.48079541 1.62830963 0.82114435 5.901181760816e+00 2.665119991370e-01 1.153647868550e+01 1.895584848616e+00 7.711029164152e-05
10 35 2 2.15454526 1.03440712 2.48079541 1.62830963 0.82114435 5.813869619470e+00 2.384430112584e-01 1.012925497667e+01 1.932204696267e+00 1.118126363638e-04
10 36 2 2.15454526 1.03440712 2.48079541 1.62830963 0.82114435 5.629976367351e+00 2.392649911047e-01 8.853651891612e+00 1.961538268617e+00 1.397018882326e-04
10 37 2 2.15454526 1.03440712 2.48079541 1.62830963 0.82114435 5.613728344702e+00 2.774785372749e-01 7.989743558055e+00 1.973036104596e+00 1.573102911519e-04
10 38 2 2.15454526 1.03440712 2.48079541 1.62830963 0.82114435 5.832983109839e+00 3.067289524922e-01 7.488413270200e+00 1.985930145758e+00 1.667467663376e-04
10 39 2 2.15454526 1.03440712 2.48079541 1.62830963 0.82114435 6.167972021853e+00 2.922563948145e-01 7.378834128293e+00 2.028316721171e+00 1.724498637791e-04
10 40 2 2.15454526 1.03440712 2.48079541 1.62830963 0.82114435 6.376283801589e+00 2.624895534902e-01 7.950691992168e+00 2.081355557741e+00 1.770920803082e-04
10 41 2 2.15454526 1.03440712 2.48079541 1.62830963 0.82114435 6.349089022250e+00 2.689189784780e-01 9.237155383429e+00 2.121731044665e+00 1.796339618343e-04
10 42 2 2.15454526 1.03440712 2.48079541 1.62830963 0.82114435 6.293837493625e+00 3.102272699006e-01 1.096939357039e+01 2.163771967529e+00 1.770026406758e-04
10 43 2 2.15454526 1.03440712 2.48079541 1.62830963 0.82114435 6.382855099833e+00 3.324653545308e-01 1.284344965412e+01 2.212280418826e+00 1.682418473930e-04
10 44 2 2.15454526 1.03440712 2.48079541 1.62830963 0.82114435 6.699833273409e+00 3.090843854665e-01 1.452919325382e+01 2.253098062463e+00 1.579927300594e-04
10 45 2 2.15454526 1.03440712 2.48079541 1.62830963 0.82114435 7.129294011843e+00 2.847846358198e-01 1.588746808855e+01 2.303488843165e+00 1.562536071748e-04
10 46 2 2.15454526 1.03440712 2.48079541 1.62830963 0.82114435 7.446442749867e+00 3.140685224284e-01 1.683334740871e+01 2.392151349506e+00 1.736647865932e-04
10 47 2 2.15454526 1.03440712 2.48079541 1.62830963 0.82114435 7.573096262299e+00 3.795370489136e-01 1.711328414331e+01 2.508667621039e+00 2.146962998004e-04
10 48 2 2.15454526 1.03440712 2.48079541 1.62830963 0.82114435 7.579268678677e+00 4.118345287460e-01 1.658780264609e+01 2.628576509176e+00 2.729983240602e-04
10 49 2 2.15454526 1.03440712 2.48079541 1.62830963 0.82114435 7.744253622570e+00 3.887609351077e-01 1.532893887013e+01 2.744081487680e+00 3.323723517419e-04
10 50 2 2.15454526 1.03440712 2.48079541 1.62830963 0.82114435 8.153075887964e+00 3.700182422673e-01 1.374206244339e+01 2.849956906677e+00 3.735940012207e-04
10 51 2 2.15454526 1.03440712 2.48079541 1.62830963 0.82114435 8.677060860239e+00 4.109975262105e-01 1.238715471383e+01 2.948126108769e+00 3.835981891490e-04
10 52 2 2.15454526 1.03440712 2.48079541 1.62830963 0.82114435 9.153647875331e+00 4.779925671478e-01 1.142688137527e+01 3.049655107143e+00 3.617640589919e-04
10 53 2 2.15454526 1.03440712 2.48079541 1.62830963 0.82114435 9.365580455275e+00 4.938383602420e-01 1.102932405251e+01 3.148075887635e+00 3.195388495242e-04
10 54 2 2.15454526 1.03440712 2.48079541 1.62830963 0.82114435 9.398374362094e+00 4.538881656607e-01 1.163991408415e+01 3.238842374580e+00 2.736393335367e-04
10 55 2 2.15454526 1.03440712 2.48079541 1.62830963 0.82114435 9.498429498350e+00 4.400550698321e-01 1.341864963149e+01 3.346295834234e+00 2.370562668934e-04
10 56 2 2.15454526 1.03440712 2.48079541 1.62830963 0.82114435 9.922165232782e+00 5.027377402079e-01 1.612001180276e+01 3.473968783372e+00 2.134135254690e-04
10 57 2 2.15454526 1.03440712 2.48079541 1.62830963 0.82114435 1.065223742923e+01 5.805068688829e-01 1.922084015547e+01 3.595657086425e+00 1.979197281988e-04
10 58 2 2.15454526 1.03440712 2.48079541 1.62830963 0.82114435 1.131180191559e+01 5.841727093811e-01 2.232339147503e+01 3.726953609794e+00 1.836587810412e-04
10 59 2 2.15454526 1.03440712 2.48079541 1.62830963 0.82114435 1.168729096328e+01 5.309544410438e-01 2.527318725751e+01 3.895092815335e+00 1.683260320190e-04
10 60 2 2.15454526 1.03440712 2.48079541 1.62830963 0.82114435 1.169985513059e+01 5.279956661638e-01 2.751028742711e+01 4.062680354374e+00 1.562962004115e-04
10 61 2 2.15454526 1.03440712 2.48079541 1.62830963 0.82114435 1.167166812273e+01 6.178157359110e-01 2.845756406805e+01 4.208542305997e+00 1.543827736573e-04
10 62 2 2.15454526 1.03440712 2.48079541 1.62830963 0.82114435 1.208264146689e+01 7.100781343986e-01 2.806787217138e+01 4.384212389294e+00 1.644727382625e-04
10 63 2 2.15454526 1.03440712 2.48079541 1.62830963 0.82114435 1.297947051669e+01 7.101686699882e-01 2.647503415714e+01 4.586059549918e+00 1.789478191687e-04
11 0 2 1.94724635 0.97544894 2.07075321 1.48800720 0.80166561 7.571499835362e+00 3.744298475847e-01 1.253043690538e+01 2.897760233975e+00 1.564751850925e-04
11 1 2 1.94724635 0.97544894 2.07075321 1.48800720 0.80166561 7.667027879225e+00 3.619248812561e-01 1.321820224607e+01 2.787166140565e+00 1.990456282114e-04
11 2 2 1.94724635 0.97544894 2.07075321 1.48800720 0.80166561 8.005808627204e+00 3.524865281949e-01 1.335117670046e+01 2.720594544476e+00 2.273930365738e-04
11 3 2 1.94724635 0.97544894 2.07075321 1.48800720 0.80166561 7.994789814779e+00 3.378977882976e-01 1.299408649599e+01 2.647187975291e+00 2.399562781972e-04
11 4 2 1.94724635 0.97544894 2.07075321 1.48800720 0.80166561 7.433177121682e+00 3.193511019793e-01 1.207460990085e+01 2.547019664517e+00 2.415118433166e-04
11 5 2 1.94724635 0.97544894 2.07075321 1.48800720 0.80166561 6.599807407036e+00 3.048746700939e-01 1.068775650934e+01 2.454794928975e+00 2.358319649485e-04
11 6 2 1.94724635 0.97544894 2.07075321 1.48800720 0.80166561 6.097347778514e+00 2.979553397471e-01 9.020878105213e+00 2.370468281670e+00 2.217716523995e-04
11 7 2 1.94724635 0.97544894 2.07075321 1.48800720 0.80166561 6.112859119047e+00 2.927975013813e-01 7.366083225506e+00 2.275066263144e+00 1.958467006937e-04
11 8 2 1.94724635 0.97544894 2.07075321 1.48800720 0.80166561 6.413480187559e+00 2.819970280380e-01 6.089096896543e+00 2.183623496171e+00 1.585215207936e-04
11 9 2 1.94724635 0.97544894 2.07075321 1.48800720 0.80166561 6.528705286121e+00 2.660092683327e-01 5.292980524748e+00 2.104493078081e+00 1.182043376873e-04
11 10 2 1.94724635 0.97544894 2.07075321 1.48800720 0.80166561 6.154199352404e+00 2.521228316280e-01 4.975713365913e+00 2.020920085087e+00 8.878721217950e-05
11 11 2 1.94724635 0.97544894 2.07075321 1.48800720 0.80166561 5.495435227947e+00 2.448333844401e-01 5.119077081693e+00 1.931873576887e+00 8.181210867803e-05
11 12 2 1.94724635 0.97544894 2.07075321 1.48800720 0.80166561 4.966396604210e+00 2.403734379776e-01 5.625293199692e+00 1.846160621117e+00 9.876137833424e-05
11 13 2 1.94724635 0.97544894 2.07075321 1.48800720 0.80166561 4.885748273493e+00 2.320854089619e-01 6.406370853894e+00 1.763202659075e+00 1.291540709796e-04
11 14 2 1.94724635 0.97544894 2.07075321 1.48800720 0.80166561 5.095821875184e+00 2.191618024155e-01 7.230470060985e+00 1.693187035949e+00 1.560447430536e-04
11 15 2 1.94724635 0.97544894 2.07075321 1.48800720 0.80166561 5.235540898387e+00 2.074989109009e-01 7.840502390310e+00 1.649058805642e+00 1.653409082094e-04
11 16 2 1.94724635 0.97544894 2.07075321 1.48800720 0.80166561 5.048615711351e+00 2.020808000943e-01 8.141399033143e+00 1.621839307696e+00 1.528938849777e-04
11 17 2 1.94724635 0.97544894 2.07075321 1.48800720 0.80166561 4.565291935454e+00 2.009817759887e-01 8.074172331113e+00 1.600402648735e+00 1.251746913037e-04
11 18 2 1.94724635 0.97544894 2.07075321 1.48800720 0.80166561 4.150864688781e+00 1.983315895846e-01 7.683984595246e+00 1.580221385163e+00 9.389964517528e-05
11 19 2 1.94724635 0.97544894 2.07075321 1.48800720 0.80166561 4.055589768837e+00 1.918398557123e-01 7.035440401662e+00 1.545234238226e+00 6.881234190509e-05
11 20 2 1.94724635 0.97544894 2.07075321 1.48800720 0.80166561 4.260162353744e+00 1.851197031358e-01 6.134390658713e+00 1.492071543492e+00 5.337752149938e-05
11 21 2 1.94724635 0.97544894 2.07075321 1.48800720 0.80166561 4.454075557527e+00 1.823418457067e-01 5.144234102092e+00 1.446823426480e+00 4.540960604237e-05
11 22 2 1.94724635 0.97544894 2.07075321 1.48800720 0.80166561 4.370496430565e+00 1.826157504247e-01 4.285139577750e+00 1.417033307252e+00 4.097182553664e-05
11 23 2 1.94724635 0.97544894 2.07075321 1.48800720 0.80166561 4.019812282530e+00 1.813264381826e-01 3.695089658829e+00 1.382557580076e+00 3.796578654688e-05
11 24 2 1.94724635 0.97544894 2.07075321 1.48800720 0.80166561 3.641589644092e+00 1.763195219366e-01 3.416937786238e+00 1.346985721393e+00 3.680681174084e-05
11 25 2 1.94724635 0.97544894 2.07075321 1.48800720 0.80166561 3.568851723399e+00 1.707033755742e-01 3.392640857638e+00 1.324901730538e+00 3.833550754012e-05
11 26 2 1.94724635 0.97544894 2.07075321 1.48800720 0.80166561 3.806963801690e+00 1.687396418149e-01 3.676947783598e+00 1.297985105675e+00 4.136267325415e-05
11 27 2 1.94724635 0.97544894 2.07075321 1.48800720 0.80166561 4.087896113851e+00 1.703335381806e-01 4.324177036759e+00 1.252859256856e+00 4.232213151164e-05
11 28 2 1.94724635 0.97544894 2.07075321 1.48800720 0.80166561 4.095745870386e+00 1.713073440650e-01 5.116298478460e+00 1.212218041959e+00 3.755017750583e-05
11 29 2 1.94724635 0.97544894 2.07075321 1.48800720 0.80166561 3.769062415099e+00 1.690347599512e-01 5.758340997898e+00 1.185592990923e+00 2.639834456520e-05
11 30 2 1.94724635 0.97544894 2.07075321 1.48800720 0.80166561 3.390586232957e+00 1.660772913756e-01 6.123864167240e+00 1.163926383099e+00 1.256583914611e-05
11 31 2 1.94724635 0.97544894 2.07075321 1.48800720 0.80166561 3.285798618947e+00 1.670612777437e-01 6.331921362869e+00 1.168573677129e+00 2.326171862525e-06
11 32 2 1.94724635 0.97544894 2.07075321 1.48800720 0.80166561 3.585530883135e+00 1.727471872829e-01 6.491206697983e+00 1.219556933883e+00 6.967793167650e-07
11 33 2 1.94724635 0.97544894 2.07075321 1.48800720 0.80166561 4.007611082464e+00 1.788993003213e-01 6.385661008502e+00 1.284059615076e+00 8.225050302717e-06
11 34 2 1.94724635 0.97544894 2.07075321 1.48800720 0.80166561 4.191009201442e+00 1.814818917935e-01 5.838033793880e+00 1.329682609053e+00 2.069078535690e-05
11 35 2 1.94724635 0.97544894 2.07075321 1.48800720 0.80166561 4.019863528304e+00 1.816165525451e-01 5.034337094898e+00 1.367991758913e+00 3.192401042552e-05
11 36 2 1.94724635 0.97544894 2.07075321 1.48800720 0.80166561 3.689168804800e+00 1.839748052065e-01 4.290777062974e+00 1.402036957422e+00 3.768590042360e-05
11 37 2 1.94724635 0.97544894 2.07075321 1.48800720 0.80166561 3.568347781184e+00 1.906460591734e-01 3.805149751326e+00 1.415321066157e+00 3.785721161170e-05
11 38 2 1.94724635 0.97544894 2.07075321 1.48800720 0.80166561 3.795625696787e+00 1.983828642360e-01 3.547926249302e+00 1.422885452658e+00 3.555531246241e-05
11 39 2 1.94724635 0.97544894 2.07075321 1.48800720 0.80166561 4.220291207793e+00 2.028639937145e-01 3.498628257907e+00 1.448599076672e+00 3.419861082018e-05
11 40 2 1.94724635 0.97544894 2.07075321 1.48800720 0.80166561 4.484314768167e+00 2.045124626565e-01 3.810266917381e+00 1.478747158979e+00 3.508387723043e-05
11 41 2 1.94724635 0.97544894 2.07075321 1.48800720 0.80166561 4.422947662162e+00 2.081975437618e-01 4.510907715024e+00 1.502626091275e+00 3.748814357414e-05
11 42 2 1.94724635 0.97544894 2.07075321 1.48800720 0.80166561 4.204203707125e+00 2.169869785302e-01 5.462002919117e+00 1.537978852131e+00 4.104455340357e-05
11 43 2 1.94724635 0.97544894 2.07075321 1.48800720 0.80166561 4.109771528730e+00 2.280698214321e-01 6.482851110449e+00 1.580899707015e+00 4.798586848954e-05
11 44 2 1.94724635 0.97544894 2.07075321 1.48800720 0.80166561 4.368642960487e+00 2.364688367018e-01 7.403416266559e+00 1.607446361610e+00 6.266391797034e-05
11 45 2 1.94724635 0.97544894 2.07075321 1.48800720 0.80166561 4.850649098517e+00 2.419530198709e-01 8.170887505868e+00 1.626601452817e+00 8.791894847909e-05
11 46 2 1.94724635 0.97544894 2.07075321 1.48800720 0.80166561 5.243557180438e+00 2.498772412837e-01 8.667877318692e+00 1.663545401521e+00 1.208182871667e-04
11 47 2 1.94724635 0.97544894 2.07075321 1.48800720 0.80166561 5.295357429684e+00 2.642388123548e-01 8.724451794402e+00 1.721066050940e+00 1.515688483032e-04
11 48 2 1.94724635 0.97544894 2.07075321 1.48800720 0.80166561 5.093689431887e+00 2.817575589039e-01 8.345786590065e+00 1.797748534635e+00 1.676481657163e-04
11 49 2 1.94724635 0.97544894 2.07075321 1.48800720 0.80166561 5.005077989444e+00 2.952273496758e-01 7.613892061075e+00 1.893098365144e+00 1.613529858528e-04
11 50 2 1.94724635 0.97544894 2.07075321 1.48800720 0.80166561 5.266698064674e+00 3.025512615793e-01 6.732679869378e+00 1.988939845260e+00 1.358569676291e-04
11 51 2 1.94724635 0.97544894 2.07075321 1.48800720 0.80166561 5.878064094768e+00 3.098251904215e-01 5.957802365894e+00 2.072574690200e+00 1.051214101449e-04
11 52 2 1.94724635 0.97544894 2.07075321 1.48800720 0.80166561 6.438008755229e+00 3.238195427764e-01 5.400004167124e+00 2.150740006825e+00 8.687981131456e-05
11 53 2 1.94724635 0.97544894 2.07075321 1.48800720 0.80166561 6.591677827703e+00 3.430813108429e-01 5.222782731397e+00 2.222932495562e+00 9.283159630153e-05
11 54 2 1.94724635 0.97544894 2.07075321 1.48800720 0.80166561 6.363545929218e+00 3.594657593049e-01 5.589875106898e+00 2.290357908562e+00 1.224506198616e-04
11 55 2 1.94724635 0.97544894 2.07075321 1.48800720 0.80166561 6.139349912327e+00 3.687796608102e-01 6.554825004713e+00 2.369765606395e+00 1.644867588477e-04
11 56 2 1.94724635 0.97544894 2.07075321 1.48800720 0.80166561 6.368441286447e+00 3.768594745729e-01 8.074697360739e+00 2.456022592213e+00 2.047988691891e-04
11 57 2 1.94724635 0.97544894 2.07075321 1.48800720 0.80166561 7.047779208157e+00 3.925900630429e-01 9.835444536474e+00 2.530504085874e+00 2.346281183960e-04
11 58 2 1.94724635 0.97544894 2.07075321 1.48800720 0.80166561 7.846154677642e+00 4.164074180589e-01 1.153093523298e+01 2.609712882064e+00 2.533465507399e-04
11 59 2 1.94724635 0.97544894 2.07075321 1.48800720 0.80166561 8.225303627946e+00 4.395003905640e-01 1.300886199264e+01 2.703922798970e+00 2.642925230656e-04
11 60 2 1.94724635 0.97544894 2.07075321 1.48800720 0.80166561 8.060993593208e+00 4.554007977025e-01 1.406336483157e+01 2.784643397640e+00 2.680068934911e-04
11 61 2 1.94724635 0.97544894 2.07075321 1.48800720 0.80166561 7.792623810274e+00 4.688703064480e-01 1.457226193147e+01 2.865059633790e+00 2.593918332245e-04
11 62 2 1.94724635 0.97544894 2.07075321 1.48800720 0.80166561 7.937773541090e+00 4.896517286139e-01 1.436621837989e+01 2.993466832082e+00 2.320225534460e-04
11 63 2 1.94724635 0.97544894 2.07075321 1.48800720 0.80166561 8.736038457007e+00 5.186071106791e-01 1.335289195516e+01 3.142378246187e+00 1.864869924250e-04
12 0 2 1.16442456 0.76457695 1.37788776 1.02279153 0.61717927 1.087473942839e+00 2.465116902010e-04 2.103756444118e+00 6.583725211592e-01 8.174731347491e-05
12 1 2 1.16442456 0.76457695 1.37788776 1.02279153 0.61717927 1.051102686837e+00 4.097280214104e-04 2.751466950188e+00 6.405545459509e-01 1.089738942966e-04
12 2 2 1.16442456 0.76457695 1.37788776 1.02279153 0.61717927 1.022320778305e+00 2.545459829277e-04 2.880156630992e+00 6.213665251801e-01 1.335292862808e-04
12 3 2 1.16442456 0.76457695 1.37788776 1.02279153 0.61717927 9.999154930499e-01 2.925798843507e-05 2.335511981815e+00 5.972178918106e-01 1.498630617125e-04
12 4 2 1.16442456 0.76457695 1.37788776 1.02279153 0.61717927 9.700162733680e-01 5.231097648670e-05 1.539065224987e+00 5.691986513101e-01 1.546230679423e-04
12 5 2 1.16442456 0.76457695 1.37788776 1.02279153 0.61717927 9.273282078060e-01 1.992120893218e-04 1.105773836921e+00 5.430076004516e-01 1.473164657930e-04
12 6 2 1.16442456 0.76457695 1.37788776 1.02279153 0.61717927 8.850500777517e-01 1.751432705026e-04 1.301466873197e+00 5.232052663060e-01 1.301798432976e-04
12 7 2 1.16442456 0.76457695 1.37788776 1.02279153 0.61717927 8.510355758891e-01 3.016397588720e-05 1.862913641074e+00 5.085128522721e-01 1.073513720008e-04
12 8 2 1.16442456 0.76457695 1.37788776 1.02279153 0.61717927 8.159149410760e-01 3.052633077159e-05 2.260694539371e+00 4.939850277692e-01 8.363108631716e-05
12 9 2 1.16442456 0.76457695 1.37788776 1.02279153 0.61717927 7.761661236699e-01 1.713420966172e-04 2.138102920440e+00 4.766626170161e-01 6.321023913348e-05
12 10 2 1.16442456 0.76457695 1.37788776 1.02279153 0.61717927 7.460875262921e-01 1.981068210509e-04 1.593094268990e+00 4.577800833211e-01 4.872590790422e-05
12 11 2 1.16442456 0.76457695 1.37788776 1.02279153 0.61717927 7.338037640929e-01 6.505722859014e-05 1.063662810699e+00 4.404360827211e-01 4.086927809235e-05
12 12 2 1.16442456 0.76457695 1.37788776 1.02279153 0.61717927 7.248312475131e-01 1.081774106084e-05 9.298504354026e-01 4.265696459808e-01 3.859207104688e-05
12 13 2 1.16442456 0.76457695 1.37788776 1.02279153 0.61717927 7.029126944288e-01 1.361191350500e-04 1.224012130627e+00 4.155634281016e-01 3.977547489600e-05
12 14 2 1.16442456 0.76457695 1.37788776 1.02279153 0.61717927 6.726190983183e-01 2.312096810133e-04 1.647393099664e+00 4.044616676910e-01 4.210351224897e-05
12 15 2 1.16442456 0.76457695 1.37788776 1.02279153 0.61717927 6.486170389727e-01 1.412897763405e-04 1.807382679742e+00 3.901564177948e-01 4.384967966211e-05
12 16 2 1.16442456 0.76457695 1.37788776 1.02279153 0.61717927 6.325655357156e-01 2.885247343572e-05 1.532527662691e+00 3.728487598941e-01 4.434366314926e-05
12 17 2 1.16442456 0.76457695 1.37788776 1.02279153 0.61717927 6.134201914606e-01 9.203062104869e-05 1.037334472920e+00 3.569798915021e-01 4.400800030964e-05
12 18 2 1.16442456 0.76457695 1.37788776 1.02279153 0.61717927 5.865293116655e-01 2.319216059444e-04 7.265417733602e-01 3.471041574999e-01 4.399950580455e-05
12 19 2 1.16442456 0.76457695 1.37788776 1.02279153 0.61717927 5.609181600745e-01 2.231547068237e-04 8.160944068609e-01 3.427656940700e-01 4.561134401242e-05
12 20 2 1.16442456 0.76457695 1.37788776 1.02279153 0.61717927 5.461971707215e-01 7.883428366002e-05 1.175446294161e+00 3.388807567358e-01 4.965451714840e-05
12 21 2 1.16442456 0.76457695 1.37788776 1.02279153 0.61717927 5.407357015056e-01 4.198946187734e-06 1.480379590491e+00 3.313578684032e-01 5.602849264125e-05
12 22 2 1.16442456 0.76457695 1.37788776 1.02279153 0.61717927 5.367190180629e-01 5.404314093738e-05 1.470900703729e+00 3.209138500764e-01 6.361853070346e-05
12 23 2 1.16442456 0.76457695 1.37788776 1.02279153 0.61717927 5.301843482418e-01 8.086982545246e-05 1.147475952729e+00 3.111126421889e-01 7.054847976263e-05
12 24 2 1.16442456 0.76457695 1.37788776 1.02279153 0.61717927 5.212748467399e-01 2.312052547711e-05 7.765695609182e-01 3.044626994693e-01 7.470706442197e-05
12 25 2 1.16442456 0.76457695 1.37788776 1.02279153 0.61717927 5.111227652186e-01 9.159690397076e-06 6.547418268271e-01 3.013366293168e-01 7.438513039223e-05
12 26 2 1.16442456 0.76457695 1.37788776 1.02279153 0.61717927 5.034733296355e-01 1.081065583617e-04 8.500711692198e-01 3.008339945620e-01 6.883177077981e-05
12 27 2 1.16442456 0.76457695 1.37788776 1.02279153 0.61717927 5.017823248786e-01 1.831834160039e-04 1.177409597907e+00 3.007694519326e-01 5.856371797753e-05
12 28 2 1.16442456 0.76457695 1.37788776 1.02279153 0.61717927 5.000500563071e-01 1.151632437986e-04 1.362436695601e+00 2.979818460858e-01 4.533424752695e-05
12 29 2 1.16442456 0.76457695 1.37788776 1.02279153 0.61717927 4.873342220311e-01 1.117515674957e-05 1.235032524520e+00 2.912935982078e-01 3.176326271638e-05
12 30 2 1.16442456 0.76457695 1.37788776 1.02279153 0.61717927 4.676893712187e-01 3.228055395786e-05 8.794646459048e-01 2.843200526505e-01 2.072277893129e-05
12 31 2 1.16442456 0.76457695 1.37788776 1.02279153 0.61717927 4.620133262566e-01 1.273135511657e-04 6.043429439054e-01 2.829826421197e-01 1.463765866211e-05
12 32 2 1.16442456 0.76457695 1.37788776 1.02279153 0.61717927 4.801419032530e-01 1.252713366603e-04 6.606802117376e-01 2.890802281700e-01 1.488412323032e-05
12 33 2 1.16442456 0.76457695 1.37788776 1.02279153 0.61717927 5.044792646784e-01 2.965532057358e-05 9.930727904924e-01 2.977973509432e-01 2.144349499933e-05
12 34 2 1.16442456 0.76457695 1.37788776 1.02279153 0.61717927 5.133978838571e-01 1.324341526075e-05 1.320416257993e+00 3.028123141847e-01 3.290278696149e-05
12 35 2 1.16442456 0.76457695 1.37788776 1.02279153 0.61717927 5.086963090133e-01 1.207725176742e-04 1.398043984381e+00 3.027895130561e-01 4.680393434547e-05
12 36 2 1.16442456 0.76457695 1.37788776 1.02279153 0.61717927 5.069188910294e-01 1.858768647021e-04 1.177864119658e+00 3.016212014646e-01 6.025229768172e-05
12 37 2 1.16442456 0.76457695 1.37788776 1.02279153 0.61717927 5.143705586784e-01 1.057534453567e-04 8.332549233662e-01 3.034730675888e-01 7.062591523509e-05
12 38 2 1.16442456 0.76457695 1.37788776 1.02279153 0.61717927 5.245380086781e-01 7.459274903818e-06 6.603199129226e-01 3.094828814571e-01 7.619843666217e-05
12 39 2 1.16442456 0.76457695 1.37788776 1.02279153 0.61717927 5.324585323191e-01 2.634879788378e-05 8.355454532614e-01 3.185767290719e-01 7.650977391893e-05
12 40 2 1.16442456 0.76457695 1.37788776 1.02279153 0.61717927 5.393036746071e-01 8.436052144397e-05 1.231520695917e+00 3.289066706799e-01 7.238577826074e-05
12 41 2 1.16442456 0.76457695 1.37788776 1.02279153 0.61717927 5.476990249533e-01 5.255851072697e-05 1.525361765131e+00 3.380038281819e-01 6.560549771903e-05
12 42 2 1.16442456 0.76457695 1.37788776 1.02279153 0.61717927 5.612985795824e-01 3.833382307238e-06 1.482967652842e+00 3.440124335011e-01 5.831602418908e-05
12 43 2 1.16442456 0.76457695 1.37788776 1.02279153 0.61717927 5.841767409771e-01 9.031940037106e-05 1.145365205674e+00 3.484392243098e-01 5.237150358111e-05
12 44 2 1.16442456 0.76457695 1.37788776 1.02279153 0.61717927 6.137654211165e-01 2.438669098364e-04 8.111312464418e-01 3.561216747569e-01 4.880019621064e-05
12 45 2 1.16442456 0.76457695 1.37788776 1.02279153 0.61717927 6.394214849082e-01 2.466323650165e-04 8.133956365037e-01 3.703832748807e-01 4.756972440070e-05
12 46 2 1.16442456 0.76457695 1.37788776 1.02279153 0.61717927 6.548125891563e-01 9.475586473846e-05 1.211705373568e+00 3.887582913908e-01 4.773161634213e-05
12 47 2 1.16442456 0.76457695 1.37788776 1.02279153 0.61717927 6.675520682495e-01 3.119691511348e-05 1.709426739793e+00 4.052838511956e-01 4.790555691962e-05
12 48 2 1.16442456 0.76457695 1.37788776 1.02279153 0.61717927 6.887942775935e-01 1.522037962983e-04 1.923421740492e+00 4.169004657435e-01 4.694736514361e-05
12 49 2 1.16442456 0.76457695 1.37788776 1.02279153 0.61717927 7.158412686272e-01 2.417492866475e-04 1.711126528191e+00 4.261422079903e-01 4.457080010383e-05
12 50 2 1.16442456 0.76457695 1.37788776 1.02279153 0.61717927 7.356994242205e-01 1.362653230511e-04 1.266191556298e+00 4.376481735826e-01 4.169001138505e-05
12 51 2 1.16442456 0.76457695 1.37788776 1.02279153 0.61717927 7.476751186968e-01 9.629324668607e-06 9.828401958789e-01 4.535955768292e-01 4.032456568988e-05
12 52 2 1.16442456 0.76457695 1.37788776 1.02279153 0.61717927 7.691255856690e-01 7.698419313968e-05 1.165813929150e+00 4.726737079892e-01 4.304507175283e-05
12 53 2 1.16442456 0.76457695 1.37788776 1.02279153 0.61717927 8.103687556665e-01 2.172143056383e-04 1.740319014522e+00 4.919132763349e-01 5.209496737527e-05
12 54 2 1.16442456 0.76457695 1.37788776 1.02279153 0.61717927 8.574933761140e-01 1.797352583638e-04 2.266254955296e+00 5.090861219036e-01 6.845231278621e-05
12 55 2 1.16442456 0.76457695 1.37788776 1.02279153 0.61717927 8.937967501332e-01 2.884099229205e-05 2.319629264307e+00 5.248154775762e-01 9.114843102052e-05
12 56 2 1.16442456 0.76457695 1.37788776 1.02279153 0.61717927 9.242730827773e-01 3.641536825352e-05 1.875173883301e+00 5.428489489301e-01 1.171125783200e-04
12 57 2 1.16442456 0.76457695 1.37788776 1.02279153 0.61717927 9.605452205948e-01 1.919647427617e-04 1.346206256669e+00 5.665983517389e-01 1.416693756606e-04
12 58 2 1.16442456 0.76457695 1.37788776 1.02279153 0.61717927 9.963214868151e-01 2.081611869773e-04 1.262395707445e+00 5.945415119548e-01 1.596165926928e-04
12 59 2 1.16442456 0.76457695 1.37788776 1.02279153 0.61717927 1.020863701142e+00 4.897910385673e-05 1.809095596741e+00 6.206942346075e-01 1.666155700122e-04
12 60 2 1.16442456 0.76457695 1.37788776 1.02279153 0.61717927 1.043395218576e+00 3.733809667508e-05 2.620803559496e+00 6.409302165852e-01 1.604997067868e-04
12 61 2 1.16442456 0.76457695 1.37788776 1.02279153 0.61717927 1.079995010921e+00 2.883053134467e-04 3.079391877783e+00 6.575608994976e-01 1.420954180620e-04
12 62 2 1.16442456 0.76457695 1.37788776 1.02279153 0.61717927 1.128917974163e+00 4.464048624294e-04 2.842631974283e+00 6.765445508771e-01 1.152676808065e-04
12 63 2 1.16442456 0.76457695 1.37788776 1.02279153 0.61717927 1.180351834813e+00 2.598517674752e-04 2.123913807814e+00 7.016817320271e-01 8.612016464024e-05
13 0 2 1.04383973 0.67966446 1.07249385 0.89310639 0.60339788 7.618272639445e-01 1.210074165120e-01 8.090961288656e-01 3.878393060432e-01 3.733768076457e-05
13 1 2 1.04383973 0.67966446 1.07249385 0.89310639 0.60339788 6.907203018609e-01 1.167886320015e-01 7.520167308784e-01 3.754020743970e-01 5.207562602351e-05
13 2 2 1.04383973 0.67966446 1.07249385 0.89310639 0.60339788 6.240163787774e-01 1.138619128512e-01 7.115192736662e-01 3.657357421120e-01 7.268141653048e-05
13 3 2 1.04383973 0.67966446 1.07249385 0.89310639 0.60339788 5.976686276333e-01 1.126082667515e-01 7.003041449255e-01 3.579325507841e-01 9.013130982525e-05
13 4 2 1.04383973 0.67966446 1.07249385 0.89310639 0.60339788 6.092490753811e-01 1.118788979093e-01 6.945315384853e-01 3.466517093188e-01 9.715093737754e-05
13 5 2 1.04383973 0.67966446 1.07249385 0.89310639 0.60339788 6.233569575612e-01 1.102327972653e-01 6.698933123898e-01 3.328215093939e-01 9.156569504322e-05
13 6 2 1.04383973 0.67966446 1.07249385 0.89310639 0.60339788 6.065215954812e-01 1.073898134465e-01 6.321941068325e-01 3.205074769905e-01 7.711791001480e-05
13 7 2 1.04383973 0.67966446 1.07249385 0.89310639 0.60339788 5.577517364130e-01 1.043603642177e-01 6.041148264732e-01 3.080070849653e-01 6.149366303739e-05
13 8 2 1.04383973 0.67966446 1.07249385 0.89310639 0.60339788 5.071543584186e-01 1.022163806814e-01 5.936909985191e-01 2.929826992736e-01 5.261248886483e-05
13 9 2 1.04383973 0.67966446 1.07249385 0.89310639 0.60339788 4.857996603803e-01 1.009062215420e-01 5.871493720530e-01 2.788451841531e-01 5.497749283802e-05
13 10 2 1.04383973 0.67966446 1.07249385 0.89310639 0.60339788 4.961999089652e-01 9.937099186565e-02 5.691876353874e-01 2.676122472100e-01 6.775551032274e-05
13 11 2 1.04383973 0.67966446 1.07249385 0.89310639 0.60339788 5.108530604408e-01 9.675389712374e-02 5.408204332235e-01 2.556512367368e-01 8.537309315380e-05
13 12 2 1.04383973 0.67966446 1.07249385 0.89310639 0.60339788 4.991285529154e-01 9.334765602385e-02 5.147520854833e-01 2.421806249939e-01 1.002277717672e-04
13 13 2 1.04383973 0.67966446 1.07249385 0.89310639 0.60339788 4.563037864316e-01 9.028550135636e-02 4.978110240268e-01 2.319934344127e-01 1.061831764913e-04
13 14 2 1.04383973 0.67966446 1.07249385 0.89310639 0.60339788 4.074446782616e-01 8.836642839432e-02 4.833067832348e-01 2.266681081059e-01 1.012427682028e-04
13 15 2 1.04383973 0.67966446 1.07249385 0.89310639 0.60339788 3.833569662988e-01 8.728990464003e-02 4.623387272386e-01 2.227459581123e-01 8.825699818446e-05
13 16 2 1.04383973 0.67966446 1.07249385 0.89310639 0.60339788 3.920938840696e-01 8.606639476222e-02 4.385264614633e-01 2.188786273492e-01 7.345676821076e-05
13 17 2 1.04383973 0.67966446 1.07249385 0.89310639 0.60339788 4.126449081960e-01 8.409539734600e-02 4.246242879799e-01 2.157834149396e-01 6.357433005806e-05
13 18 2 1.04383973 0.67966446 1.07249385 0.89310639 0.60339788 4.154768755425e-01 8.174423345149e-02 4.237471381178e-01 2.113454392273e-01 6.288491332660e-05
13 19 2 1.04383973 0.67966446 1.07249385 0.89310639 0.60339788 3.895073539209e-01 7.986094556874e-02 4.225118852075e-01 2.039252951904e-01 7.145802068530e-05
13 20 2 1.04383973 0.67966446 1.07249385 0.89310639 0.60339788 3.505845276593e-01 7.880308823861e-02 4.091217246830e-01 1.967321427396e-01 8.530992827966e-05
13 21 2 1.04383973 0.67966446 1.07249385 0.89310639 0.60339788 3.253500784817e-01 7.803244765151e-02 3.911664915423e-01 1.924426628492e-01 9.829393652341e-05
13 22 2 1.04383973 0.67966446 1.07249385 0.89310639 0.60339788 3.271080612946e-01 7.667427734042e-02 3.844947041674e-01 1.887116828148e-01 1.048338449178e-04
13 23 2 1.04383973 0.67966446 1.07249385 0.89310639 0.60339788 3.457534178759e-01 7.441466648219e-02 3.879431860978e-01 1.836447446685e-01 1.022982552911e-04
13 24 2 1.04383973 0.67966446 1.07249385 0.89310639 0.60339788 3.588995775558e-01 7.179222866431e-02 3.837874928234e-01 1.791979477190e-01 9.202808746659e-05
13 25 2 1.04383973 0.67966446 1.07249385 0.89310639 0.60339788 3.520003504289e-01 6.961400626030e-02 3.658667040733e-01 1.758970744260e-01 7.864307228335e-05
13 26 2 1.04383973 0.67966446 1.07249385 0.89310639 0.60339788 3.292359146219e-01 6.813954859923e-02 3.515921750974e-01 1.710999712841e-01 6.798715020547e-05
13 27 2 1.04383973 0.67966446 1.07249385 0.89310639 0.60339788 3.074446792619e-01 6.688045047558e-02 3.558780916461e-01 1.643485157238e-01 6.462088637771e-05
13 28 2 1.04383973 0.67966446 1.07249385 0.89310639 0.60339788 3.006677507370e-01 6.518609014873e-02 3.657804798298e-01 1.580320002303e-01 6.992000745991e-05
13 29 2 1.04383973 0.67966446 1.07249385 0.89310639 0.60339788 3.092711317895e-01 6.296842129723e-02 3.578980664858e-01 1.529995346156e-01 8.155310402482e-05
13 30 2 1.04383973 0.67966446 1.07249385 0.89310639 0.60339788 3.216364223262e-01 6.080372375698e-02 3.352679385220e-01 1.496541927775e-01 9.452315317834e-05
13 31 2 1.04383973 0.67966446 1.07249385 0.89310639 0.60339788 3.252960458208e-01 5.932353597013e-02 3.266662989973e-01 1.511152271455e-01 1.033129237346e-04
13 32 2 1.04383973 0.67966446 1.07249385 0.89310639 0.60339788 3.176037940351e-01 5.854734756008e-02 3.458758002601e-01 1.590296634602e-01 1.042308287211e-04
13 33 2 1.04383973 0.67966446 1.07249385 0.89310639 0.60339788 3.075695921628e-01 5.785343998031e-02 3.706509525286e-01 1.693597529873e-01 9.698186486223e-05
13 34 2 1.04383973 0.67966446 1.07249385 0.89310639 0.60339788 3.077996978299e-01 5.660756393404e-02 3.736492139814e-01 1.775110262923e-01 8.481042503845e-05
13 35 2 1.04383973 0.67966446 1.07249385 0.89310639 0.60339788 3.230524640260e-01 5.478737779037e-02 3.600864154161e-01 1.834255894347e-01 7.314755531747e-05
13 36 2 1.04383973 0.67966446 1.07249385 0.89310639 0.60339788 3.448227931927e-01 5.295760249743e-02 3.573241293413e-01 1.879501352601e-01 6.731214417863e-05
13 37 2 1.04383973 0.67966446 1.07249385 0.89310639 0.60339788 3.573323922944e-01 5.163740048374e-02 3.741297771116e-01 1.900848219148e-01 7.021695567827e-05
13 38 2 1.04383973 0.67966446 1.07249385 0.89310639 0.60339788 3.512464636933e-01 5.073621818160e-02 3.907487493966e-01 1.908027473579e-01 8.104988755987e-05
13 39 2 1.04383973 0.67966446 1.07249385 0.89310639 0.60339788 3.337741019685e-01 4.965567830478e-02 3.912894354285e-01 1.931528709280e-01 9.551903276767e-05
13 40 2 1.04383973 0.67966446 1.07249385 0.89310639 0.60339788 3.248887647336e-01 4.794778168152e-02 3.867069806301e-01 1.969717591764e-01 1.076087278922e-04
13 41 2 1.04383973 0.67966446 1.07249385 0.89310639 0.60339788 3.406096473881e-01 4.582729297598e-02 3.954241999372e-01 1.999862204291e-01 1.121474334012e-04
13 42 2 1.04383973 0.67966446 1.07249385 0.89310639 0.60339788 3.771574965339e-01 4.398571335066e-02 4.148977716201e-01 2.034543727000e-01 1.071082309938e-04
13 43 2 1.04383973 0.67966446 1.07249385 0.89310639 0.60339788 4.116534969531e-01 4.289404164254e-02 4.277145561168e-01 2.095678032270e-01 9.462577000987e-05
13 44 2 1.04383973 0.67966446 1.07249385 0.89310639 0.60339788 4.214145819962e-01 4.233054473128e-02 4.297586805587e-01 2.157932997644e-01 8.022036750086e-05
13 45 2 1.04383973 0.67966446 1.07249385 0.89310639 0.60339788 4.056581808292e-01 4.163762589509e-02 4.361396479128e-01 2.191715499574e-01 7.048027000587e-05
13 46 2 1.04383973 0.67966446 1.07249385 0.89310639 0.60339788 3.885739499873e-01 4.043451149065e-02 4.580114581480e-01 2.222944370920e-01 7.015108228290e-05
13 47 2 1.04383973 0.67966446 1.07249385 0.89310639 0.60339788 3.984934671931e-01 3.901796059684e-02 4.868823660248e-01 2.285195559017e-01 7.990332176299e-05
13 48 2 1.04383973 0.67966446 1.07249385 0.89310639 0.60339788 4.410791756720e-01 3.801278096577e-02 5.080183090410e-01 2.369444971126e-01 9.582293662755e-05
13 49 2 1.04383973 0.67966446 1.07249385 0.89310639 0.60339788 4.922513110360e-01 3.764714693024e-02 5.206139886776e-01 2.471072764005e-01 1.109557469057e-04
13 50 2 1.04383973 0.67966446 1.07249385 0.89310639 0.60339788 5.193328403611e-01 3.744787367020e-02 5.360955321652e-01 2.608610226474e-01 1.183222568621e-04
13 51 2 1.04383973 0.67966446 1.07249385 0.89310639 0.60339788 5.117157917727e-01 3.670751379026e-02 5.598190013194e-01 2.760954311275e-01 1.141077093898e-04
13 52 2 1.04383973 0.67966446 1.07249385 0.89310639 0.60339788 4.917911301887e-01 3.523292869315e-02 5.830222541453e-01 2.878823640291e-01 9.956779312229e-05
13 53 2 1.04383973 0.67966446 1.07249385 0.89310639 0.60339788 4.945974633899e-01 3.356118588464e-02 5.954870785813e-01 2.972656977088e-01 8.069181875351e-05
13 54 2 1.04383973 0.67966446 1.07249385 0.89310639 0.60339788 5.346115408600e-01 3.239495481300e-02 6.016732701878e-01 3.088270174593e-01 6.564919930065e-05
13 55 2 1.04383973 0.67966446 1.07249385 0.89310639 0.60339788 5.913578501854e-01 3.186347009397e-02 6.182171979295e-01 3.210878021577e-01 6.108559900696e-05
13 56 2 1.04383973 0.67966446 1.07249385 0.89310639 0.60339788 6.284456289221e-01 3.141786025726e-02 6.530845210647e-01 3.301323721814e-01 6.894413390217e-05
13 57 2 1.04383973 0.67966446 1.07249385 0.89310639 0.60339788 6.288099910889e-01 3.047972489733e-02 6.920844372236e-01 3.383001072378e-01 8.534261813012e-05
13 58 2 1.04383973 0.67966446 1.07249385 0.89310639 0.60339788 6.125932008568e-01 2.912522999544e-02 7.146941028711e-01 3.486513399193e-01 1.021536077448e-04
13 59 2 1.04383973 0.67966446 1.07249385 0.89310639 0.60339788 6.194292626417e-01 2.803352937005e-02 7.235508151150e-01 3.581708240384e-01 1.106810683055e-04
13 60 2 1.04383973 0.67966446 1.07249385 0.89310639 0.60339788 6.703926597087e-01 2.773704774463e-02 7.457738293145e-01 3.658230033680e-01 1.057844506669e-04
13 61 2 1.04383973 0.67966446 1.07249385 0.89310639 0.60339788 7.454207502314e-01 2.799748312477e-02 7.964774624040e-01 3.770635378402e-01 8.848856211110e-05
13 62 2 1.04383973 0.67966446 1.07249385 0.89310639 0.60339788 7.993987912643e-01 2.801274614588e-02 8.527431058637e-01 3.932412719260e-01 6.573885538796e-05
13 63 2 1.04383973 0.67966446 1.07249385 0.89310639 0.60339788 8.042559588836e-01 2.724747190092e-02 8.812867410811e-01 4.093389438920e-01 4.727648053630e-05
15 0 2 4.44384616 1.46836538 9.64670891 2.96105526 1.02132884 1.921476183429e+02 2.039227662144e+00 2.886846744473e+03 4.064342921805e+01 3.049739752351e-04
15 1 2 4.44384616 1.46836538 9.64670891 2.96105526 1.02132884 1.858584270970e+02 1.987194194971e+00 2.848224068992e+03 3.910371759950e+01 2.823429080641e-04
15 2 2 4.44384616 1.46836538 9.64670891 2.96105526 1.02132884 1.784119655832e+02 1.936737610120e+00 2.768069691032e+03 3.765767915488e+01 2.875584928591e-04
15 3 2 4.44384616 1.46836538 9.64670891 2.96105526 1.02132884 1.710049398606e+02 1.883711908088e+00 2.644168789269e+03 3.627873382967e+01 3.065322529713e-04
15 4 2 4.44384616 1.46836538 9.64670891 2.96105526 1.02132884 1.640719423392e+02 1.824855244670e+00 2.489252473632e+03 3.492411407862e+01 3.317518442015e-04
15 5 2 4.44384616 1.46836538 9.64670891 2.96105526 1.02132884 1.579548246694e+02 1.758441824295e+00 2.321425161419e+03 3.360499611011e+01 3.627521944378e-04
15 6 2 4.44384616 1.46836538 9.64670891 2.96105526 1.02132884 1.530986136104e+02 1.689724573674e+00 2.158368701425e+03 3.240264264811e+01 4.014140956483e-04
15 7 2 4.44384616 1.46836538 9.64670891 2.96105526 1.02132884 1.489569669725e+02 1.626825743376e+00 2.014246241460e+03 3.136667369338e+01 4.458405982273e-04
15 8 2 4.44384616 1.46836538 9.64670891 2.96105526 1.02132884 1.446389043297e+02 1.571634322342e+00 1.899581772275e+03 3.043554138210e+01 4.870606026584e-04
15 9 2 4.44384616 1.46836538 9.64670891 2.96105526 1.02132884 1.394837240936e+02 1.521111235623e+00 1.822078632036e+03 2.949887697705e+01 5.108497691098e-04
15 10 2 4.44384616 1.46836538 9.64670891 2.96105526 1.02132884 1.344122364955e+02 1.474557383023e+00 1.781316046106e+03 2.851047957828e+01 5.038130718136e-04
15 11 2 4.44384616 1.46836538 9.64670891 2.96105526 1.02132884 1.297477590476e+02 1.431739790932e+00 1.773065569091e+03 2.750728240972e+01 4.603622902042e-04
15 12 2 4.44384616 1.46836538 9.64670891 2.96105526 1.02132884 1.257809120650e+02 1.386778557698e+00 1.785366374975e+03 2.654321433346e+01 3.866892365420e-04
15 13 2 4.44384616 1.46836538 9.64670891 2.96105526 1.02132884 1.222469584740e+02 1.333397054866e+00 1.805907224047e+03 2.563774950434e+01 2.994608487252e-04
15 14 2 4.44384616 1.46836538 9.64670891 2.96105526 1.02132884 1.189348849082e+02 1.275876298648e+00 1.823819882837e+03 2.477472074437e+01 2.197526212783e-04
15 15 2 4.44384616 1.46836538 9.64670891 2.96105526 1.02132884 1.154046675331e+02 1.226645399739e+00 1.827275707774e+03 2.393029998656e+01 1.651457189902e-04
15 16 2 4.44384616 1.46836538 9.64670891 2.96105526 1.02132884 1.117665109458e+02 1.192479106400e+00 1.807213481131e+03 2.311741516002e+01 1.437022312345e-04
15 17 2 4.44384616 1.46836538 9.64670891 2.96105526 1.02132884 1.087152247070e+02 1.169629880678e+00 1.760622981188e+03 2.241201029089e+01 1.524000738222e-04
15 18 2 4.44384616 1.46836538 9.64670891 2.96105526 1.02132884 1.061837131509e+02 1.152178543524e+00 1.693944660066e+03 2.190118273925e+01 1.802710941931e-04
15 19 2 4.44384616 1.46836538 9.64670891 2.96105526 1.02132884 1.039415290756e+02 1.137657129599e+00 1.612480755280e+03 2.157773263653e+01 2.142234977619e-04
15 20 2 4.44384616 1.46836538 9.64670891 2.96105526 1.02132884 1.016797019743e+02 1.123473877696e+00 1.522445011229e+03 2.131237628615e+01 2.444784441739e-04
15 21 2 4.44384616 1.46836538 9.64670891 2.96105526 1.02132884 9.969813969297e+01 1.105142715878e+00 1.433772944853e+03 2.096439152540e+01 2.671312091778e-04
15 22 2 4.44384616 1.46836538 9.64670891 2.96105526 1.02132884 9.759711605094e+01 1.081129856909e+00 1.357820102134e+03 2.050726883753e+01 2.831138153823e-04
15 23 2 4.44384616 1.46836538 9.64670891 2.96105526 1.02132884 9.532023451840e+01 1.054944694626e+00 1.304031694807e+03 2.002399315235e+01 2.947805171497e-04
15 24 2 4.44384616 1.46836538 9.64670891 2.96105526 1.02132884 9.321518516651e+01 1.030600281224e+00 1.274665728479e+03 1.960334132859e+01 3.024510846692e-04
15 25 2 4.44384616 1.46836538 9.64670891 2.96105526 1.02132884 9.184210282757e+01 1.009921847109e+00 1.268882339322e+03 1.927294140091e+01 3.030295136056e-04
15 26 2 4.44384616 1.46836538 9.64670891 2.96105526 1.02132884 9.117901105030e+01 9.949657329253e-01 1.283896299617e+03 1.900785944380e+01 2.914849012681e-04
15 27 2 4.44384616 1.46836538 9.64670891 2.96105526 1.02132884 9.065484238817e+01 9.879533862733e-01 1.318732022897e+03 1.875510950916e+01 2.643039327793e-04
15 28 2 4.44384616 1.46836538 9.64670891 2.96105526 1.02132884 8.988874936581e+01 9.871138519561e-01 1.366482748624e+03 1.846255416696e+01 2.228924725836e-04
15 29 2 4.44384616 1.46836538 9.64670891 2.96105526 1.02132884 8.852324673828e+01 9.873449737182e-01 1.411020830387e+03 1.814477051372e+01 1.748812214024e-04
15 30 2 4.44384616 1.46836538 9.64670891 2.96105526 1.02132884 8.725069305359e+01 9.870822191033e-01 1.441342564634e+03 1.793018515047e+01 1.323547272139e-04
15 31 2 4.44384616 1.46836538 9.64670891 2.96105526 1.02132884 8.700164276662e+01 9.901565324820e-01 1.458517561540e+03 1.798184744241e+01 1.076074309142e-04
15 32 2 4.44384616 1.46836538 9.64670891 2.96105526 1.02132884 8.834052905072e+01 9.988584171481e-01 1.466117915103e+03 1.833132635150e+01 1.083253284859e-04
15 33 2 4.44384616 1.46836538 9.64670891 2.96105526 1.02132884 9.019548229232e+01 1.010056081850e+00 1.455950787545e+03 1.882103525523e+01 1.344477768667e-04
15 34 2 4.44384616 1.46836538 9.64670891 2.96105526 1.02132884 9.143962832909e+01 1.021207709590e+00 1.423321094820e+03 1.924415468651e+01 1.782030747333e-04
15 35 2 4.44384616 1.46836538 9.64670891 2.96105526 1.02132884 9.190953072730e+01 1.035556091857e+00 1.379481964299e+03 1.952238641946e+01 2.273068665127e-04
15 36 2 4.44384616 1.46836538 9.64670891 2.96105526 1.02132884 9.228061173463e+01 1.057205135638e+00 1.340111937413e+03 1.972698696925e+01 2.698047074091e-04
15 37 2 4.44384616 1.46836538 9.64670891 2.96105526 1.02132884 9.327357574066e+01 1.084523136596e+00 1.312832503487e+03 1.996454366019e+01 2.982781220759e-04
15 38 2 4.44384616 1.46836538 9.64670891 2.96105526 1.02132884 9.499298886425e+01 1.112524952037e+00 1.299350233531e+03 2.028744706214e+01 3.115064609241e-04
15 39 2 4.44384616 1.46836538 9.64670891 2.96105526 1.02132884 9.733531755934e+01 1.138819727198e+00 1.306953917398e+03 2.068853762518e+01 3.130120701076e-04
15 40 2 4.44384616 1.46836538 9.64670891 2.96105526 1.02132884 9.949301324758e+01 1.163341407830e+00 1.341829196320e+03 2.111978809950e+01 3.075459423421e-04
15 41 2 4.44384616 1.46836538 9.64670891 2.96105526 1.02132884 1.013492757898e+02 1.185535757344e+00 1.404633181834e+03 2.151616240673e+01 2.976503676459e-04
15 42 2 4.44384616 1.46836538 9.64670891 2.96105526 1.02132884 1.031443952190e+02 1.206627321075e+00 1.489180140347e+03 2.186044348045e+01 2.823697980579e-04
15 43 2 4.44384616 1.46836538 9.64670891 2.96105526 1.02132884 1.054296409629e+02 1.232206774647e+00 1.585155349232e+03 2.224358316398e+01 2.589547697077e-04
15 44 2 4.44384616 1.46836538 9.64670891 2.96105526 1.02132884 1.080209776767e+02 1.267908857980e+00 1.683624196827e+03 2.281339684266e+01 2.266272137533e-04
15 45 2 4.44384616 1.46836538 9.64670891 2.96105526 1.02132884 1.109163925677e+02 1.314524421950e+00 1.775251930236e+03 2.363210532212e+01 1.901061240667e-04
15 46 2 4.44384616 1.46836538 9.64670891 2.96105526 1.02132884 1.143890996584e+02 1.370853268203e+00 1.851092447933e+03 2.461063826289e+01 1.604403090172e-04
15 47 2 4.44384616 1.46836538 9.64670891 2.96105526 1.02132884 1.181706275478e+02 1.437135904629e+00 1.900257108545e+03 2.560364046007e+01 1.519621896306e-04
15 48 2 4.44384616 1.46836538 9.64670891 2.96105526 1.02132884 1.218648639169e+02 1.510083255076e+00 1.920297055873e+03 2.654211259176e+01 1.762876506478e-04
15 49 2 4.44384616 1.46836538 9.64670891 2.96105526 1.02132884 1.252890823754e+02 1.579083172645e+00 1.917430727132e+03 2.745539377547e+01 2.361335964139e-04
15 50 2 4.44384616 1.46836538 9.64670891 2.96105526 1.02132884 1.292620533998e+02 1.635746318601e+00 1.899518225850e+03 2.839891575932e+01 3.222355887473e-04
15 51 2 4.44384616 1.46836538 9.64670891 2.96105526 1.02132884 1.337770386234e+02 1.685303591656e+00 1.877163757635e+03 2.939477634063e+01 4.153952744608e-04
15 52 2 4.44384616 1.46836538 9.64670891 2.96105526 1.02132884 1.388389155384e+02 1.740843408421e+00 1.863226025172e+03 3.042512188458e+01 4.931931739737e-04
15 53 2 4.44384616 1.46836538 9.64670891 2.96105526 1.02132884 1.439743107009e+02 1.807975863135e+00 1.874087482438e+03 3.145882311984e+01 5.384354707748e-04
15 54 2 4.44384616 1.46836538 9.64670891 2.96105526 1.02132884 1.489114251811e+02 1.882828216732e+00 1.919563855269e+03 3.249992974028e+01 5.453312346845e-04
15 55 2 4.44384616 1.46836538 9.64670891 2.96105526 1.02132884 1.533603118111e+02 1.962468618690e+00 2.005353644410e+03 3.362056040809e+01 5.204183862839e-04
15 56 2 4.44384616 1.46836538 9.64670891 2.96105526 1.02132884 1.579812906005e+02 2.047156163292e+00 2.131456870286e+03 3.491076120003e+01 4.779471733577e-04
15 57 2 4.44384616 1.46836538 9.64670891 2.96105526 1.02132884 1.639352925827e+02 2.133093104351e+00 2.290477432339e+03 3.637276301589e+01 4.323861262754e-04
15 58 2 4.44384616 1.46836538 9.64670891 2.96105526 1.02132884 1.709308832144e+02 2.213786562708e+00 2.470782080205e+03 3.790292265624e+01 3.922810974260e-04
15 59 2 4.44384616 1.46836538 9.64670891 2.96105526 1.02132884 1.782763050776e+02 2.290269646694e+00 2.652330097767e+03 3.940901315114e+01 3.588974372857e-04
15 60 2 4.44384616 1.46836538 9.64670891 2.96105526 1.02132884 1.850802286060e+02 2.371555680062e+00 2.814488619205e+03 4.090607219384e+01 3.302335931581e-04
15 61 2 4.44384616 1.46836538 9.64670891 2.96105526 1.02132884 1.914834171656e+02 2.464740187405e+00 2.939259101225e+03 4.246272747926e+01 3.076526860000e-04
15 62 2 4.44384616 1.46836538 9.64670891 2.96105526 1.02132884 1.968582899310e+02 2.572761600249e+00 3.020736212769e+03 4.410255020501e+01 3.004920458680e-04
15 63 2 4.44384616 1.46836538 9.64670891 2.96105526 1.02132884 2.020247367415e+02 2.699167661646e+00 3.056884147996e+03 4.580481288417e+01 3.248340888424e-04
17 0 2 1.59360851 0.89422949 1.85883639 1.29968485 0.72116337 3.658599104224e+00 3.017921533685e-01 9.354451495490e+00 1.677549841700e+00 2.120590157170e-05
17 1 2 1.59360851 0.89422949 1.85883639 1.29968485 0.72116337 3.628459978310e+00 2.909373958880e-01 9.516587180879e+00 1.611138989775e+00 2.226236499305e-05
17 2 2 1.59360851 0.89422949 1.85883639 1.29968485 0.72116337 3.593257260531e+00 2.383429378547e-01 9.131795320472e+00 1.542685123951e+00 2.690090223637e-05
17 3 2 1.59360851 0.89422949 1.85883639 1.29968485 0.72116337 3.523070937027e+00 2.168507264725e-01 8.285579382269e+00 1.475264417950e+00 3.259755724041e-05
17 4 2 1.59360851 0.89422949 1.85883639 1.29968485 0.72116337 3.357363030019e+00 2.467070917470e-01 7.205287549250e+00 1.415217222531e+00 3.917002939618e-05
17 5 2 1.59360851 0.89422949 1.85883639 1.29968485 0.72116337 3.104293977775e+00 2.681127358653e-01 6.064767986120e+00 1.365450328515e+00 4.832288306771e-05
17 6 2 1.59360851 0.89422949 1.85883639 1.29968485 0.72116337 2.919272263594e+00 2.370763729755e-01 5.023323260038e+00 1.323400613898e+00 6.192620297630e-05
17 7 2 1.59360851 0.89422949 1.85883639 1.29968485 0.72116337 2.864149850084e+00 1.910354864574e-01 4.168342708984e+00 1.284442228539e+00 8.015557734037e-05
17 8 2 1.59360851 0.89422949 1.85883639 1.29968485 0.72116337 2.861043637502e+00 1.876186345586e-01 3.527196181521e+00 1.245124401191e+00 1.006554367259e-04
17 9 2 1.59360851 0.89422949 1.85883639 1.29968485 0.72116337 2.823751904980e+00 2.175499466436e-01 3.213113152110e+00 1.203719998901e+00 1.192572856642e-04
17 10 2 1.59360851 0.89422949 1.85883639 1.29968485 0.72116337 2.704947173893e+00 2.236156774350e-01 3.305720811450e+00 1.160161235302e+00 1.318738837702e-04
17 11 2 1.59360851 0.89422949 1.85883639 1.29968485 0.72116337 2.539457852012e+00 1.891304753235e-01 3.691270152661e+00 1.116042338836e+00 1.365199479614e-04
17 12 2 1.59360851 0.89422949 1.85883639 1.29968485 0.72116337 2.395664348607e+00 1.589759750375e-01 4.213069621368e+00 1.072972780329e+00 1.343412653347e-04
17 13 2 1.59360851 0.89422949 1.85883639 1.29968485 0.72116337 2.309814732389e+00 1.676037690723e-01 4.758665542861e+00 1.030351362208e+00 1.290817225734e-04
17 14 2 1.59360851 0.89422949 1.85883639 1.29968485 0.72116337 2.293161305324e+00 1.885932925359e-01 5.191809829936e+00 9.866039972708e-01 1.252603353890e-04
17 15 2 1.59360851 0.89422949 1.85883639 1.29968485 0.72116337 2.274486409567e+00 1.792272370942e-01 5.442413804630e+00 9.437767918075e-01 1.260032595278e-04
17 16 2 1.59360851 0.89422949 1.85883639 1.29968485 0.72116337 2.173119135871e+00 1.465506160871e-01 5.536871208839e+00 9.089696917002e-01 1.316284994757e-04
17 17 2 1.59360851 0.89422949 1.85883639 1.29968485 0.72116337 2.050710370003e+00 1.344650414492e-01 5.434579215286e+00 8.884462629285e-01 1.396571243763e-04
17 18 2 1.59360851 0.89422949 1.85883639 1.29968485 0.72116337 1.981992227228e+00 1.557429656108e-01 5.055727570531e+00 8.801740718674e-01 1.461737238342e-04
17 19 2 1.59360851 0.89422949 1.85883639 1.29968485 0.72116337 1.949411985973e+00 1.737577082651e-01 4.450075010835e+00 8.741812073178e-01 1.477859998407e-04
17 20 2 1.59360851 0.89422949 1.85883639 1.29968485 0.72116337 1.949001790224e+00 1.588933376153e-01 3.758435977051e+00 8.611600672004e-01 1.431791665266e-04
17 21 2 1.59360851 0.89422949 1.85883639 1.29968485 0.72116337 1.963559224937e+00 1.318975751585e-01 3.106058614820e+00 8.397789201415e-01 1.335292941724e-04
17 22 2 1.59360851 0.89422949 1.85883639 1.29968485 0.72116337 1.926486837444e+00 1.300925326724e-01 2.595402550098e+00 8.154533052371e-01 1.216617467690e-04
17 23 2 1.59360851 0.89422949 1.85883639 1.29968485 0.72116337 1.829494915655e+00 1.504816940478e-01 2.282650906324e+00 7.939874349625e-01 1.104794360278e-04
17 24 2 1.59360851 0.89422949 1.85883639 1.29968485 0.72116337 1.732314659722e+00 1.561190668179e-01 2.163722755095e+00 7.778053176568e-01 1.015181399474e-04
17 25 2 1.59360851 0.89422949 1.85883639 1.29968485 0.72116337 1.695997447180e+00 1.337997952369e-01 2.225579005418e+00 7.663782739575e-01 9.436515070331e-05
17 26 2 1.59360851 0.89422949 1.85883639 1.29968485 0.72116337 1.733895652747e+00 1.141003238874e-01 2.475004368843e+00 7.569045891815e-01 8.719168023122e-05
17 27 2 1.59360851 0.89422949 1.85883639 1.29968485 0.72116337 1.780905997177e+00 1.241403026579e-01 2.913728600733e+00 7.443300405841e-01 7.806318049404e-05
17 28 2 1.59360851 0.89422949 1.85883639 1.29968485 0.72116337 1.768633040098e+00 1.462078059834e-01 3.451792221845e+00 7.244320734528e-01 6.630337580201e-05
17 29 2 1.59360851 0.89422949 1.85883639 1.29968485 0.72116337 1.687828409533e+00 1.453094704338e-01 3.872021273556e+00 7.000980848055e-01 5.318165957962e-05
17 30 2 1.59360851 0.89422949 1.85883639 1.29968485 0.72116337 1.577701069482e+00 1.228776858494e-01 4.056399123450e+00 6.833655097837e-01 4.155692886665e-05
17 31 2 1.59360851 0.89422949 1.85883639 1.29968485 0.72116337 1.543290388057e+00 1.142631997932e-01 4.164242520257e+00 6.873050448591e-01 3.465072589988e-05
17 32 2 1.59360851 0.89422949 1.85883639 1.29968485 0.72116337 1.647497340711e+00 1.340814986374e-01 4.317462096881e+00 7.137167832723e-01 3.456614905305e-05
17 33 2 1.59360851 0.89422949 1.85883639 1.29968485 0.72116337 1.781957651856e+00 1.534811582785e-01 4.311560463157e+00 7.498500303183e-01 4.129823540878e-05
17 34 2 1.59360851 0.89422949 1.85883639 1.29968485 0.72116337 1.823787631544e+00 1.445445111275e-01 3.951067839304e+00 7.787486351038e-01 5.273587220170e-05
17 35 2 1.59360851 0.89422949 1.85883639 1.29968485 0.72116337 1.783547443573e+00 1.237892538994e-01 3.391624040246e+00 7.927713359579e-01 6.565824339180e-05
17 36 2 1.59360851 0.89422949 1.85883639 1.29968485 0.72116337 1.724775853734e+00 1.273548328616e-01 2.893890048753e+00 7.969361971844e-01 7.722720327342e-05
17 37 2 1.59360851 0.89422949 1.85883639 1.29968485 0.72116337 1.714350091194e+00 1.551072867619e-01 2.532733843208e+00 8.010679795109e-01 8.622200043611e-05
17 38 2 1.59360851 0.89422949 1.85883639 1.29968485 0.72116337 1.788820714845e+00 1.697400960231e-01 2.291968930001e+00 8.111402758974e-01 9.338748308302e-05
17 39 2 1.59360851 0.89422949 1.85883639 1.29968485 0.72116337 1.897080950384e+00 1.535926206890e-01 2.205579699997e+00 8.275365681118e-01 1.007175100662e-04
17 40 2 1.59360851 0.89422949 1.85883639 1.29968485 0.72116337 1.963601084579e+00 1.364293273574e-01 2.341078226711e+00 8.477440180916e-01 1.100511813970e-04
17 41 2 1.59360851 0.89422949 1.85883639 1.29968485 0.72116337 1.962535375492e+00 1.501750781652e-01 2.735779795558e+00 8.680309990446e-01 1.217368784197e-04
17 42 2 1.59360851 0.89422949 1.85883639 1.29968485 0.72116337 1.933401597698e+00 1.789742350666e-01 3.344921027652e+00 8.844633073619e-01 1.341122948109e-04
17 43 2 1.59360851 0.89422949 1.85883639 1.29968485 0.72116337 1.954075963179e+00 1.826288031061e-01 4.059560237431e+00 8.963671536080e-01 1.441410042254e-04
17 44 2 1.59360851 0.89422949 1.85883639 1.29968485 0.72116337 2.036115289909e+00 1.597191338346e-01 4.760252606316e+00 9.098205027782e-01 1.489313040299e-04
17 45 2 1.59360851 0.89422949 1.85883639 1.29968485 0.72116337 2.139157984968e+00 1.528162212183e-01 5.325913499245e+00 9.348419135487e-01 1.473578233014e-04
17 46 2 1.59360851 0.89422949 1.85883639 1.29968485 0.72116337 2.256490222550e+00 1.841653517231e-01 5.689481619240e+00 9.764806870072e-01 1.408908748256e-04
17 47 2 1.59360851 0.89422949 1.85883639 1.29968485 0.72116337 2.341774746950e+00 2.190973158240e-01 5.875895733488e+00 1.029204549104e+00 1.331029225886e-04
17 48 2 1.59360851 0.89422949 1.85883639 1.29968485 0.72116337 2.353463006315e+00 2.167107734593e-01 5.867505738184e+00 1.081749549445e+00 1.280021215677e-04
17 49 2 1.59360851 0.89422949 1.85883639 1.29968485 0.72116337 2.387023428214e+00 1.934623551889e-01 5.573460421595e+00 1.127240256695e+00 1.279912716624e-04
17 50 2 1.59360851 0.89422949 1.85883639 1.29968485 0.72116337 2.516230754610e+00 1.999293413682e-01 5.026390764109e+00 1.167252159732e+00 1.325102273335e-04
17 51 2 1.59360851 0.89422949 1.85883639 1.29968485 0.72116337 2.679913135863e+00 2.418238244735e-01 4.392866277873e+00 1.206764675669e+00 1.381222057456e-04
17 52 2 1.59360851 0.89422949 1.85883639 1.29968485 0.72116337 2.813546478520e+00 2.674582086557e-01 3.820918397886e+00 1.247911107436e+00 1.400764244764e-04
17 53 2 1.59360851 0.89422949 1.85883639 1.29968485 0.72116337 2.882046024568e+00 2.470725914866e-01 3.467220388813e+00 1.289706287052e+00 1.345945002387e-04
17 54 2 1.59360851 0.89422949 1.85883639 1.29968485 0.72116337 2.891238920317e+00 2.237838675599e-01 3.471723707922e+00 1.331690573806e+00 1.207147335481e-04
17 55 2 1.59360851 0.89422949 1.85883639 1.29968485 0.72116337 2.924024845264e+00 2.509436359987e-01 3.815757645491e+00 1.375636316905e+00 1.007338850579e-04
17 56 2 1.59360851 0.89422949 1.85883639 1.29968485 0.72116337 3.052437653764e+00 3.065952605662e-01 4.447010962203e+00 1.424401221609e+00 7.902477368901e-05
17 57 2 1.59360851 0.89422949 1.85883639 1.29968485 0.72116337 3.281776028958e+00 3.215396879163e-01 5.410259910778e+00 1.480741686194e+00 5.988964896134e-05
17 58 2 1.59360851 0.89422949 1.85883639 1.29968485 0.72116337 3.518158294493e+00 2.863818968439e-01 6.652732566436e+00 1.546333024771e+00 4.564276752572e-05
17 59 2 1.59360851 0.89422949 1.85883639 1.29968485 0.72116337 3.619295019040e+00 2.715643134332e-01 7.959421201818e+00 1.619561365512e+00 3.598457044478e-05
17 60 2 1.59360851 0.89422949 1.85883639 1.29968485 0.72116337 3.618393896717e+00 3.203168720381e-01 9.105376589805e+00 1.694463426584e+00 2.898474465869e-05
17 61 2 1.59360851 0.89422949 1.85883639 1.29968485 0.72116337 3.658239679611e+00 3.772558579276e-01 9.867236327559e+00 1.764732036004e+00 2.304086995270e-05
17 62 2 1.59360851 0.89422949 1.85883639 1.29968485 0.72116337 3.771397768042e+00 3.715997721210e-01 1.011774013848e+01 1.829946582796e+00 1.857217436322e-05
17 63 2 1.59360851 0.89422949 1.85883639 1.29968485 0.72116337 3.987247693951e+00 3.322842142355e-01 9.965029241662e+00 1.895680992867e+00 1.831976737973e-05
21 0 2 1.15207429 0.73302993 1.27469072 0.98610918 0.61693123 1.020491707592e+00 1.326044916146e-01 2.283497355214e+00 5.717100909835e-01 8.439698930789e-05
21 1 2 1.15207429 0.73302993 1.27469072 0.98610918 0.61693123 1.020671249813e+00 1.319368747168e-01 2.336886761136e+00 5.488332079170e-01 1.212179398723e-04
21 2 2 1.15207429 0.73302993 1.27469072 0.98610918 0.61693123 1.005437025616e+00 1.314627557653e-01 2.225521889799e+00 5.259601184063e-01 1.266491382019e-04
21 3 2 1.15207429 0.73302993 1.27469072 0.98610918 0.61693123 9.704724610535e-01 1.298223937363e-01 1.979689973970e+00 5.034861177906e-01 9.939004317819e-05
21 4 2 1.15207429 0.73302993 1.27469072 0.98610918 0.61693123 9.240393799555e-01 1.260826557601e-01 1.676185904611e+00 4.821156322831e-01 5.860880798064e-05
21 5 2 1.15207429 0.73302993 1.27469072 0.98610918 0.61693123 8.682564786437e-01 1.200832188323e-01 1.376122204138e+00 4.625318363794e-01 3.115952638743e-05
21 6 2 1.15207429 0.73302993 1.27469072 0.98610918 0.61693123 8.261532324702e-01 1.130819748306e-01 1.108588695923e+00 4.453239194686e-01 3.425089650647e-05
21 7 2 1.15207429 0.73302993 1.27469072 0.98610918 0.61693123 8.100636845245e-01 1.069203629210e-01 8.850993935980e-01 4.304481041509e-01 6.495357587988e-05
21 8 2 1.15207429 0.73302993 1.27469072 0.98610918 0.61693123 7.996945585541e-01 1.024849445168e-01 7.247192476443e-01 4.167245283794e-01 1.029565370648e-04
21 9 2 1.15207429 0.73302993 1.27469072 0.98610918 0.61693123 7.785608997067e-01 9.959665804669e-02 6.623335224413e-01 4.026033699090e-01 1.241386448928e-04
21 10 2 1.15207429 0.73302993 1.27469072 0.98610918 0.61693123 7.445774642960e-01 9.787158220560e-02 7.102968114369e-01 3.877370092213e-01 1.157652356544e-04
21 11 2 1.15207429 0.73302993 1.27469072 0.98610918 0.61693123 7.029206883740e-01 9.666446574099e-02 8.278287173247e-01 3.732633756249e-01 8.365836390697e-05
21 12 2 1.15207429 0.73302993 1.27469072 0.98610918 0.61693123 6.715983196851e-01 9.461026370128e-02 9.626197364878e-01 3.601552478353e-01 4.739004460285e-05
21 13 2 1.15207429 0.73302993 1.27469072 0.98610918 0.61693123 6.575716431228e-01 9.055161805612e-02 1.098105789855e+00 3.478101078215e-01 2.734253186061e-05
21 14 2 1.15207429 0.73302993 1.27469072 0.98610918 0.61693123 6.432584136235e-01 8.502625116555e-02 1.228345563632e+00 3.349688628490e-01 3.227372774526e-05
21 15 2 1.15207429 0.73302993 1.27469072 0.98610918 0.61693123 6.213257398173e-01 7.992299415616e-02 1.324529456152e+00 3.218084013043e-01 5.502899858723e-05
21 16 2 1.15207429 0.73302993 1.27469072 0.98610918 0.61693123 5.994452394128e-01 7.660128401070e-02 1.357337020318e+00 3.102178824304e-01 7.835089661597e-05
21 17 2 1.15207429 0.73302993 1.27469072 0.98610918 0.61693123 5.746469287508e-01 7.506047171146e-02 1.317873483997e+00 3.016414078614e-01 8.631692080616e-05
21 18 2 1.15207429 0.73302993 1.27469072 0.98610918 0.61693123 5.480165400354e-01 7.476538593524e-02 1.206032150196e+00 2.952389765009e-01 7.385862565128e-05
21 19 2 1.15207429 0.73302993 1.27469072 0.98610918 0.61693123 5.355254139083e-01 7.524816936797e-02 1.036605306163e+00 2.887642452233e-01 4.870103564946e-05
21 20 2 1.15207429 0.73302993 1.27469072 0.98610918 0.61693123 5.396373340301e-01 7.575165350715e-02 8.512354273179e-01 2.809933193215e-01 2.528037161621e-05
21 21 2 1.15207429 0.73302993 1.27469072 0.98610918 0.61693123 5.447473652570e-01 7.524209662742e-02 6.879996771421e-01 2.727032178572e-01 1.519563770987e-05
21 22 2 1.15207429 0.73302993 1.27469072 0.98610918 0.61693123 5.374266864592e-01 7.325573735836e-02 5.570445444273e-01 2.654032382926e-01 2.044328452871e-05
21 23 2 1.15207429 0.73302993 1.27469072 0.98610918 0.61693123 5.127650446249e-01 7.028223709256e-02 4.675394212630e-01 2.598897134651e-01 3.333655914235e-05
21 24 2 1.15207429 0.73302993 1.27469072 0.98610918 0.61693123 4.825747731357e-01 6.715376726772e-02 4.390890042094e-01 2.562776271136e-01 4.246421394733e-05
21 25 2 1.15207429 0.73302993 1.27469072 0.98610918 0.61693123 4.704546798907e-01 6.453777351631e-02 4.711575898203e-01 2.545632234616e-01 4.033213745043e-05
21 26 2 1.15207429 0.73302993 1.27469072 0.98610918 0.61693123 4.792449136813e-01 6.303289657274e-02 5.464705287088e-01 2.541717182604e-01 2.769358236325e-05
21 27 2 1.15207429 0.73302993 1.27469072 0.98610918 0.61693123 4.895468790519e-01 6.300948631203e-02 6.609455532770e-01 2.532051954038e-01 1.213577242228e-05
21 28 2 1.15207429 0.73302993 1.27469072 0.98610918 0.61693123 4.881397460722e-01 6.404375390794e-02 7.989486314712e-01 2.494597937931e-01 2.374015650226e-06
21 29 2 1.15207429 0.73302993 1.27469072 0.98610918 0.61693123 4.691637971611e-01 6.507386390266e-02 9.072273584529e-01 2.430637050928e-01 2.353720434287e-06
21 30 2 1.15207429 0.73302993 1.27469072 0.98610918 0.61693123 4.381056958551e-01 6.544226368964e-02 9.569331347931e-01 2.375980904792e-01 9.081431951209e-06
21 31 2 1.15207429 0.73302993 1.27469072 0.98610918 0.61693123 4.272634079082e-01 6.535947204587e-02 9.889338600180e-01 2.374394119220e-01 1.539077364703e-05
21 32 2 1.15207429 0.73302993 1.27469072 0.98610918 0.61693123 4.567521719823e-01 6.518917482044e-02 1.031714057448e+00 2.434964082887e-01 1.548241408924e-05
21 33 2 1.15207429 0.73302993 1.27469072 0.98610918 0.61693123 4.943556497730e-01 6.492746291777e-02 1.032806101436e+00 2.519937111351e-01 9.274814078781e-06
21 34 2 1.15207429 0.73302993 1.27469072 0.98610918 0.61693123 5.035651377957e-01 6.475007672722e-02 9.411845273818e-01 2.579001171443e-01 2.502344108255e-06
21 35 2 1.15207429 0.73302993 1.27469072 0.98610918 0.61693123 4.912744476345e-01 6.542084393452e-02 7.938082610167e-01 2.594161054271e-01 2.464440903484e-06
21 36 2 1.15207429 0.73302993 1.27469072 0.98610918 0.61693123 4.788226525163e-01 6.752335209033e-02 6.570702640161e-01 2.589077079109e-01 1.238283515415e-05
21 37 2 1.15207429 0.73302993 1.27469072 0.98610918 0.61693123 4.784721398238e-01 7.061696923799e-02 5.489538758794e-01 2.599282080585e-01 2.840946977248e-05
21 38 2 1.15207429 0.73302993 1.27469072 0.98610918 0.61693123 4.988116598999e-01 7.364181530549e-02 4.703672267289e-01 2.641126593036e-01 4.165091528339e-05
21 39 2 1.15207429 0.73302993 1.27469072 0.98610918 0.61693123 5.296163719134e-01 7.585961764016e-02 4.452429590127e-01 2.709335128019e-01 4.415901849389e-05
21 40 2 1.15207429 0.73302993 1.27469072 0.98610918 0.61693123 5.451618396022e-01 7.702486540022e-02 4.883216757201e-01 2.793339267950e-01 3.492675680450e-05
21 41 2 1.15207429 0.73302993 1.27469072 0.98610918 0.61693123 5.405982218888e-01 7.714244458300e-02 5.886387365147e-01 2.885624605666e-01 2.156336077165e-05
21 42 2 1.15207429 0.73302993 1.27469072 0.98610918 0.61693123 5.333268775866e-01 7.671561320123e-02 7.394093406564e-01 2.977517551810e-01 1.595813456148e-05
21 43 2 1.15207429 0.73302993 1.27469072 0.98610918 0.61693123 5.387237633762e-01 7.691276625645e-02 9.323528647877e-01 3.060031948419e-01 2.631669260717e-05
21 44 2 1.15207429 0.73302993 1.27469072 0.98610918 0.61693123 5.638956322875e-01 7.880269406329e-02 1.128799534421e+00 3.135838890805e-01 5.077657627676e-05
21 45 2 1.15207429 0.73302993 1.27469072 0.98610918 0.61693123 6.000770986599e-01 8.253489776854e-02 1.283646696600e+00 3.223833596526e-01 7.729451707298e-05
21 46 2 1.15207429 0.73302993 1.27469072 0.98610918 0.61693123 6.273972537544e-01 8.763417273776e-02 1.381243101136e+00 3.342153278285e-01 9.065196519149e-05
21 47 2 1.15207429 0.73302993 1.27469072 0.98610918 0.61693123 6.445048775140e-01 9.359614389874e-02 1.419654650019e+00 3.486640412881e-01 8.256068484605e-05
21 48 2 1.15207429 0.73302993 1.27469072 0.98610918 0.61693123 6.627397803044e-01 9.956197510841e-02 1.393961062435e+00 3.633556043160e-01 5.823131114918e-05
21 49 2 1.15207429 0.73302993 1.27469072 0.98610918 0.61693123 6.801780442444e-01 1.040591988400e-01 1.311635252272e+00 3.766004852691e-01 3.445715077068e-05
21 50 2 1.15207429 0.73302993 1.27469072 0.98610918 0.61693123 6.996766075449e-01 1.062332427980e-01 1.186992790126e+00 3.891392127973e-01 2.956326216494e-05
21 51 2 1.15207429 0.73302993 1.27469072 0.98610918 0.61693123 7.346159352417e-01 1.072000080754e-01 1.025039246536e+00 4.028267526053e-01 5.120075218971e-05
21 52 2 1.15207429 0.73302993 1.27469072 0.98610918 0.61693123 7.754020989899e-01 1.091877487843e-01 8.506423155013e-01 4.181515359964e-01 9.007314767454e-05
21 53 2 1.15207429 0.73302993 1.27469072 0.98610918 0.61693123 8.010280387276e-01 1.133778093186e-01 7.283940374622e-01 4.339098324612e-01 1.244477721954e-04
21 54 2 1.15207429 0.73302993 1.27469072 0.98610918 0.61693123 8.139658419755e-01 1.193645920706e-01 7.098488141404e-01 4.492472210660e-01 1.334242493536e-04
21 55 2 1.15207429 0.73302993 1.27469072 0.98610918 0.61693123 8.281184573943e-01 1.263357098225e-01 7.912940077321e-01 4.651005247621e-01 1.107895950991e-04
21 56 2 1.15207429 0.73302993 1.27469072 0.98610918 0.61693123 8.566244989795e-01 1.335316975913e-01 9.527470747886e-01 4.831645859896e-01 7.017948089697e-05
21 57 2 1.15207429 0.73302993 1.27469072 0.98610918 0.61693123 9.086784363161e-01 1.397087627908e-01 1.195936264322e+00 5.039757679106e-01 3.739969484651e-05
21 58 2 1.15207429 0.73302993 1.27469072 0.98610918 0.61693123 9.655028132296e-01 1.436640577908e-01 1.517421398718e+00 5.265530071417e-01 3.414289885249e-05
21 59 2 1.15207429 0.73302993 1.27469072 0.98610918 0.61693123 1.000084506950e+00 1.457263080981e-01 1.875062485561e+00 5.495491162788e-01 6.346634978364e-05
21 60 2 1.15207429 0.73302993 1.27469072 0.98610918 0.61693123 1.018840910118e+00 1.477825323983e-01 2.192801996602e+00 5.721131189741e-01 1.068890232551e-04
21 61 2 1.15207429 0.73302993 1.27469072 0.98610918 0.61693123 1.034253724789e+00 1.516992164425e-01 2.393060843855e+00 5.938820032443e-01 1.356882515874e-04
21 62 2 1.15207429 0.73302993 1.27469072 0.98610918 0.61693123 1.053053013953e+00 1.585365143267e-01 2.447256029861e+00 6.149990652607e-01 1.294754602168e-04
21 63 2 1.15207429 0.73302993 1.27469072 0.98610918 0.61693123 1.108077109864e+00 1.688068109702e-01 2.393767360186e+00 6.362287999126e-01 8.982104373378e-05
22 0 2 1.99558916 1.10138564 2.95866375 1.68867470 0.80465121 9.199191279723e+00 3.919625800970e-03 4.022869594831e+01 4.426967142457e+00 1.743026028212e-05
22 1 2 1.99558916 1.10138564 2.95866375 1.68867470 0.80465121 8.788358544206e+00 3.035047995829e-03 3.929201363032e+01 4.249878831973e+00 2.183734132764e-05
22 2 2 1.99558916 1.10138564 2.95866375 1.68867470 0.80465121 8.372001638946e+00 2.371722835002e-03 3.905832575008e+01 4.068954252936e+00 2.650690704965e-05
22 3 2 1.99558916 1.10138564 2.95866375 1.68867470 0.80465121 7.954766048590e+00 2.021623938611e-03 3.841663125558e+01 3.904585547308e+00 3.123102159623e-05
22 4 2 1.99558916 1.10138564 2.95866375 1.68867470 0.80465121 7.534244686126e+00 1.986685499809e-03 3.674021590490e+01 3.762938123232e+00 3.581758348208e-05
22 5 2 1.99558916 1.10138564 2.95866375 1.68867470 0.80465121 7.241515009209e+00 2.186969085427e-03 3.447798704102e+01 3.629876151251e+00 4.009529709484e-05
22 6 2 1.99558916 1.10138564 2.95866375 1.68867470 0.80465121 7.123877898768e+00 2.490278067135e-03 3.247859215862e+01 3.496356282770e+00 4.391751929514e-05
22 7 2 1.99558916 1.10138564 2.95866375 1.68867470 0.80465121 7.025724977238e+00 2.753092251017e-03 3.120335050133e+01 3.372486864387e+00 4.716493458313e-05
22 8 2 1.99558916 1.10138564 2.95866375 1.68867470 0.80465121 6.832040514570e+00 2.860572697358e-03 3.068598919381e+01 3.268984073952e+00 4.974706099174e-05
22 9 2 1.99558916 1.10138564 2.95866375 1.68867470 0.80465121 6.575283132424e+00 2.754826070187e-03 3.051307504486e+01 3.179204940734e+00 5.160263407262e-05
22 10 2 1.99558916 1.10138564 2.95866375 1.68867470 0.80465121 6.312708460075e+00 2.444877951019e-03 2.997148125808e+01 3.087610539675e+00 5.269895642080e-05
22 11 2 1.99558916 1.10138564 2.95866375 1.68867470 0.80465121 6.096732844291e+00 1.997438477481e-03 2.873433004914e+01 2.986208754360e+00 5.303033377987e-05
22 12 2 1.99558916 1.10138564 2.95866375 1.68867470 0.80465121 5.958117604664e+00 1.512869952942e-03 2.710692691755e+01 2.877313432242e+00 5.261574486239e-05
22 13 2 1.99558916 1.10138564 2.95866375 1.68867470 0.80465121 5.844917538069e+00 1.094357682961e-03 2.564310338119e+01 2.768086977980e+00 5.149590996259e-05
22 14 2 1.99558916 1.10138564 2.95866375 1.68867470 0.80465121 5.702192264753e+00 8.193374555038e-04 2.485111700049e+01 2.666026899309e+00 4.972993295268e-05
22 15 2 1.99558916 1.10138564 2.95866375 1.68867470 0.80465121 5.543474253706e+00 7.207196563840e-04 2.474081582223e+01 2.574004310555e+00 4.739169244864e-05
22 16 2 1.99558916 1.10138564 2.95866375 1.68867470 0.80465121 5.366824940562e+00 7.820474766919e-04 2.458073129262e+01 2.489244498527e+00 4.456615126404e-05
22 17 2 1.99558916 1.10138564 2.95866375 1.68867470 0.80465121 5.160061324161e+00 9.465525862348e-04 2.382102192222e+01 2.412447889767e+00 4.134573952612e-05
22 18 2 1.99558916 1.10138564 2.95866375 1.68867470 0.80465121 4.980785580027e+00 1.136331385223e-03 2.280027088112e+01 2.353920803926e+00 3.782694707101e-05
22 19 2 1.99558916 1.10138564 2.95866375 1.68867470 0.80465121 4.863384850498e+00 1.275515217630e-03 2.192800151518e+01 2.320880249971e+00 3.410723624553e-05
22 20 2 1.99558916 1.10138564 2.95866375 1.68867470 0.80465121 4.745838723812e+00 1.310827853211e-03 2.117706572478e+01 2.301360085869e+00 3.028235846503e-05
22 21 2 1.99558916 1.10138564 2.95866375 1.68867470 0.80465121 4.597942442312e+00 1.224242604731e-03 2.071174990326e+01 2.272475524779e+00 2.644412833723e-05
22 22 2 1.99558916 1.10138564 2.95866375 1.68867470 0.80465121 4.464458720793e+00 1.035033740287e-03 2.077392588766e+01 2.224909188302e+00 2.267867940651e-05
22 23 2 1.99558916 1.10138564 2.95866375 1.68867470 0.80465121 4.357548488592e+00 7.915580084213e-04 2.098880701834e+01 2.169299439167e+00 1.906519709365e-05
22 24 2 1.99558916 1.10138564 2.95866375 1.68867470 0.80465121 4.263493123360e+00 5.557705979585e-04 2.079005124874e+01 2.119079614094e+00 1.567509857266e-05
22 25 2 1.99558916 1.10138564 2.95866375 1.68867470 0.80465121 4.202369890942e+00 3.851326312038e-04 2.011609343847e+01 2.077942612771e+00 1.257160733200e-05
22 26 2 1.99558916 1.10138564 2.95866375 1.68867470 0.80465121 4.176014419899e+00 3.168873814764e-04 1.924914984276e+01 2.043842277142e+00 9.809652971833e-06
22 27 2 1.99558916 1.10138564 2.95866375 1.68867470 0.80465121 4.144750545503e+00 3.587158337621e-04 1.861363124486e+01 2.012723456028e+00 7.436015086194e-06
22 28 2 1.99558916 1.10138564 2.95866375 1.68867470 0.80465121 4.077966857916e+00 4.878813646052e-04 1.855773966705e+01 1.976969854391e+00 5.489624262532e-06
22 29 2 1.99558916 1.10138564 2.95866375 1.68867470 0.80465121 3.963647336061e+00 6.586766012608e-04 1.880831933023e+01 1.934115130820e+00 4.001933391111e-06
22 30 2 1.99558916 1.10138564 2.95866375 1.68867470 0.80465121 3.839293234797e+00 8.158725838519e-04 1.882363354032e+01 1.901306790318e+00 2.997278391014e-06
22 31 2 1.99558916 1.10138564 2.95866375 1.68867470 0.80465121 3.821819007281e+00 9.104295703846e-04 1.872911450756e+01 1.906651798389e+00 2.493158616891e-06
22 32 2 1.99558916 1.10138564 2.95866375 1.68867470 0.80465121 3.970319203306e+00 9.132622519267e-04 1.887649893426e+01 1.957107633423e+00 2.500382834499e-06
22 33 2 1.99558916 1.10138564 2.95866375 1.68867470 0.80465121 4.168717453799e+00 8.234292318195e-04 1.901376725715e+01 2.025255238322e+00 3.023045743291e-06
22 34 2 1.99558916 1.10138564 2.95866375 1.68867470 0.80465121 4.278667595657e+00 6.685760368622e-04 1.898098876635e+01 2.077145285587e+00 4.058321407059e-06
22 35 2 1.99558916 1.10138564 2.95866375 1.68867470 0.80465121 4.301471621212e+00 4.974528647566e-04 1.926114745609e+01 2.105025983393e+00 5.596082339094e-06
22 36 2 1.99558916 1.10138564 2.95866375 1.68867470 0.80465121 4.305266293758e+00 3.663870098185e-04 2.002875948771e+01 2.124546504628e+00 7.618375033687e-06
22 37 2 1.99558916 1.10138564 2.95866375 1.68867470 0.80465121 4.334289694579e+00 3.232260024369e-04 2.075197223035e+01 2.149893766351e+00 1.009880311104e-05
22 38 2 1.99558916 1.10138564 2.95866375 1.68867470 0.80465121 4.413507985554e+00 3.930680964879e-04 2.102160708643e+01 2.183716659665e+00 1.300188669509e-05
22 39 2 1.99558916 1.10138564 2.95866375 1.68867470 0.80465121 4.529684913634e+00 5.698198196756e-04 2.087914614856e+01 2.223747542742e+00 1.628248006025e-05
22 40 2 1.99558916 1.10138564 2.95866375 1.68867470 0.80465121 4.646501553262e+00 8.162649456185e-04 2.063336735639e+01 2.265016161933e+00 1.988533804496e-05
22 41 2 1.99558916 1.10138564 2.95866375 1.68867470 0.80465121 4.767329115825e+00 1.073162325887e-03 2.081668250187e+01 2.299376624935e+00 2.374492456154e-05
22 42 2 1.99558916 1.10138564 2.95866375 1.68867470 0.80465121 4.896068310705e+00 1.275413161887e-03 2.165811589758e+01 2.326485704339e+00 2.778555333498e-05
22 43 2 1.99558916 1.10138564 2.95866375 1.68867470 0.80465121 5.001731278082e+00 1.371189786526e-03 2.270965060033e+01 2.363502319455e+00 3.192194168344e-05
22 44 2 1.99558916 1.10138564 2.95866375 1.68867470 0.80465121 5.106464156557e+00 1.338721534872e-03 2.359769578881e+01 2.431005381210e+00 3.606024292913e-05
22 45 2 1.99558916 1.10138564 2.95866375 1.68867470 0.80465121 5.267221566607e+00 1.195624612721e-03 2.438468914972e+01 2.529168681489e+00 4.009960242892e-05
22 46 2 1.99558916 1.10138564 2.95866375 1.68867470 0.80465121 5.446504774712e+00 9.973406274882e-04 2.492299516631e+01 2.638752901137e+00 4.393425705921e-05
22 47 2 1.99558916 1.10138564 2.95866375 1.68867470 0.80465121 5.576702339352e+00 8.240977752918e-04 2.508115448252e+01 2.745011677616e+00 4.745616936414e-05
22 48 2 1.99558916 1.10138564 2.95866375 1.68867470 0.80465121 5.686119483446e+00 7.591347285744e-04 2.546954211366e+01 2.849148125242e+00 5.055815677717e-05
22 49 2 1.99558916 1.10138564 2.95866375 1.68867470 0.80465121 5.815398121686e+00 8.638075148415e-04 2.669724985933e+01 2.956147139367e+00 5.313744481836e-05
22 50 2 1.99558916 1.10138564 2.95866375 1.68867470 0.80465121 5.958661113403e+00 1.156728114929e-03 2.840677912851e+01 3.063691987256e+00 5.509954251567e-05
22 51 2 1.99558916 1.10138564 2.95866375 1.68867470 0.80465121 6.149233177350e+00 1.603645641621e-03 2.983973802011e+01 3.166679333807e+00 5.636231009193e-05
22 52 2 1.99558916 1.10138564 2.95866375 1.68867470 0.80465121 6.418713950777e+00 2.122278530572e-03 3.063683147809e+01 3.264863031662e+00 5.686006475397e-05
22 53 2 1.99558916 1.10138564 2.95866375 1.68867470 0.80465121 6.708165495757e+00 2.602253914714e-03 3.091465658061e+01 3.364464172471e+00 5.654755165414e-05
22 54 2 1.99558916 1.10138564 2.95866375 1.68867470 0.80465121 6.954479882357e+00 2.935756218010e-03 3.125771543067e+01 3.477211049428e+00 5.540359502553e-05
22 55 2 1.99558916 1.10138564 2.95866375 1.68867470 0.80465121 7.152662180633e+00 3.050756791659e-03 3.235341982064e+01 3.614005770228e+00 5.343424012811e-05
22 56 2 1.99558916 1.10138564 2.95866375 1.68867470 0.80465121 7.329745003096e+00 2.937019728874e-03 3.427900719605e+01 3.772091372670e+00 5.067520069360e-05
22 57 2 1.99558916 1.10138564 2.95866375 1.68867470 0.80465121 7.590499398251e+00 2.656198867633e-03 3.651723193969e+01 3.934394994282e+00 4.719343938423e-05
22 58 2 1.99558916 1.10138564 2.95866375 1.68867470 0.80465121 8.036282335306e+00 2.331227738713e-03 3.842754784146e+01 4.090875444121e+00 4.308773037490e-05
22 59 2 1.99558916 1.10138564 2.95866375 1.68867470 0.80465121 8.561495466119e+00 2.115975882137e-03 3.947943129594e+01 4.252117728148e+00 3.848808312653e-05
22 60 2 1.99558916 1.10138564 2.95866375 1.68867470 0.80465121 8.985935129907e+00 2.152243546251e-03 3.975330115410e+01 4.429372307606e+00 3.355394395230e-05
22 61 2 1.99558916 1.10138564 2.95866375 1.68867470 0.80465121 9.322724308695e+00 2.525764331210e-03 4.022763048499e+01 4.611437130132e+00 2.847113592770e-05
22 62 2 1.99558916 1.10138564 2.95866375 1.68867470 0.80465121 9.639953215292e+00 3.234418388466e-03 4.186451222624e+01 4.778483201984e+00 2.344754655927e-05
22 63 2 1.99558916 1.10138564 2.95866375 1.68867470 0.80465121 9.893709412886e+00 4.179538369789e-03 4.461013397333e+01 4.929984154859e+00 1.870762462366e-05
24 0 2 1.33266034 1.40941678 1.06997283 1.37291000 2.27476995 1.336731425126e+00 3.755805479244e-04 1.602066184401e+00 2.247239239449e-03 1.609828852219e-02
24 1 2 1.33266034 1.40941678 1.06997283 1.37291000 2.27476995 1.289932224489e+00 3.856937147502e-04 1.564582115274e+00 2.916084021798e-03 1.604981396649e-02
24 2 2 1.33266034 1.40941678 1.06997283 1.37291000 2.27476995 1.244674187773e+00 3.971788937835e-04 1.527852677777e+00 3.627282629744e-03 1.591219013735e-02
24 3 2 1.33266034 1.40941678 1.06997283 1.37291000 2.27476995 1.200959434280e+00 4.019480430951e-04 1.491878057861e+00 4.199898254230e-03 1.560042660409e-02
24 4 2 1.33266034 1.40941678 1.06997283 1.37291000 2.27476995 1.158790074857e+00 3.947213008392e-04 1.456658437658e+00 4.496777133006e-03 1.512600359485e-02
24 5 2 1.33266034 1.40941678 1.06997283 1.37291000 2.27476995 1.118168211869e+00 3.744625229923e-04 1.422193995478e+00 4.450587884237e-03 1.458571844569e-02
24 6 2 1.33266034 1.40941678 1.06997283 1.37291000 2.27476995 1.079095939174e+00 3.443924136574e-04 1.388484905805e+00 4.072962202556e-03 1.410504084518e-02
24 7 2 1.33266034 1.40941678 1.06997283 1.37291000 2.27476995 1.041575342088e+00 3.106812926668e-04 1.355531339302e+00 3.446089352666e-03 1.376935764884e-02
24 8 2 1.33266034 1.40941678 1.06997283 1.37291000 2.27476995 1.005608497356e+00 2.803259213755e-04 1.323333462804e+00 2.699930682825e-03 1.358098806632e-02
24 9 2 1.33266034 1.40941678 1.06997283 1.37291000 2.27476995 9.711974731298e-01 2.589290631117e-04 1.291891439323e+00 1.981041098359e-03 1.346357208328e-02
24 10 2 1.33266034 1.40941678 1.06997283 1.37291000 2.27476995 9.383443289282e-01 2.490749032756e-04 1.261205428042e+00 1.420286998283e-03 1.330853271836e-02
24 11 2 1.33266034 1.40941678 1.06997283 1.37291000 2.27476995 9.070511156155e-01 2.497554523474e-04 1.231275584317e+00 1.106384817290e-03 1.303600581583e-02
24 12 2 1.33266034 1.40941678 1.06997283 1.37291000 2.27476995 8.773198753691e-01 2.569437529508e-04 1.202102059677e+00 1.070375677892e-03 1.263662564726e-02
24 13 2 1.33266034 1.40941678 1.06997283 1.37291000 2.27476995 8.491526416508e-01 2.650501150495e-04 1.173685001821e+00 1.283415347297e-03 1.217297750403e-02
24 14 2 1.33266034 1.40941678 1.06997283 1.37291000 2.27476995 8.225514391777e-01 2.687483319987e-04 1.146024554617e+00 1.667261609064e-03 1.174246846015e-02
24 15 2 1.33266034 1.40941678 1.06997283 1.37291000 2.27476995 7.975182838930e-01 2.645868120264e-04 1.119120858105e+00 2.114242194687e-03 1.142384502494e-02
24 16 2 1.33266034 1.40941678 1.06997283 1.37291000 2.27476995 7.740551829366e-01 2.519114284598e-04 1.092974048491e+00 2.511794974854e-03 1.123686188794e-02
24 17 2 1.33266034 1.40941678 1.06997283 1.37291000 2.27476995 7.521641346162e-01 2.328726348173e-04 1.067584258151e+00 2.766154033931e-03 1.113573054983e-02
24 18 2 1.33266034 1.40941678 1.06997283 1.37291000 2.27476995 7.318471283782e-01 2.115830582726e-04 1.042951615628e+00 2.820402014536e-03 1.103776919865e-02
24 19 2 1.33266034 1.40941678 1.06997283 1.37291000 2.27476995 7.131061447782e-01 1.927410744843e-04 1.019076245631e+00 2.663669968180e-03 1.086998297321e-02
24 20 2 1.33266034 1.40941678 1.06997283 1.37291000 2.27476995 6.959431554524e-01 1.801705280164e-04 9.959582690357e-01 2.330328581989e-03 1.060791520649e-02
24 21 2 1.33266034 1.40941678 1.06997283 1.37291000 2.27476995 6.803601230884e-01 1.757172874965e-04 9.735978028836e-01 1.890110696972e-03 1.028671523163e-02
24 22 2 1.33266034 1.40941678 1.06997283 1.37291000 2.27476995 6.663590013960e-01 1.788053951524e-04 9.519949603804e-01 1.431813948952e-03 9.980105467933e-03
24 23 2 1.33266034 1.40941678 1.06997283 1.37291000 2.27476995 6.539417350783e-01 1.867406505687e-04 9.311498508966e-01 1.044261240416e-03 9.759961953987e-03
24 24 2 1.33266034 1.40941678 1.06997283 1.37291000 2.27476995 6.431102598027e-01 1.956260704195e-04 9.110625799660e-01 7.984220818010e-04 9.658657337373e-03
24 25 2 1.33266034 1.40941678 1.06997283 1.37291000 2.27476995 6.338665021722e-01 2.015859861081e-04 8.917332492860e-01 7.340660145425e-04 9.653760314657e-03
24 26 2 1.33266034 1.40941678 1.06997283 1.37291000 2.27476995 6.262123796958e-01 2.019259730334e-04 8.731619567167e-01 8.532125086029e-04 9.682151986484e-03
24 27 2 1.33266034 1.40941678 1.06997283 1.37291000 2.27476995 6.201498007606e-01 1.958957117403e-04 8.553487962803e-01 1.121222486042e-03 9.675060505248e-03
24 28 2 1.33266034 1.40941678 1.06997283 1.37291000 2.27476995 6.156806646018e-01 1.848519547001e-04 8.382938581608e-01 1.474927089079e-03 9.595008005143e-03
24 29 2 1.33266034 1.40941678 1.06997283 1.37291000 2.27476995 6.128068612746e-01 1.717974198523e-04 8.219972287036e-01 1.835958660040e-03 9.455311578628e-03
24 30 2 1.33266034 1.40941678 1.06997283 1.37291000 2.27476995 6.115302716254e-01 1.604477581465e-04 8.064589904147e-01 2.126617981134e-03 9.312351720258e-03
24 31 2 1.33266034 1.40941678 1.06997283 1.37291000 2.27476995 6.118527672623e-01 1.541061814362e-04 7.916792219608e-01 2.285277537723e-03 9.235136898907e-03
24 32 2 1.33266034 1.40941678 1.06997283 1.37291000 2.27476995 6.137762105273e-01 1.546726295082e-04 7.776579981685e-01 2.278497161715e-03 9.268385391261e-03
24 33 2 1.33266034 1.40941678 1.06997283 1.37291000 2.27476995 6.173024544667e-01 1.620718616182e-04 7.643953900241e-01 2.107659585347e-03 9.408553502842e-03
24 34 2 1.33266034 1.40941678 1.06997283 1.37291000 2.27476995 6.224333428029e-01 1.742655808668e-04 7.518914646731e-01 1.808908809073e-03 9.605440188870e-03
24 35 2 1.33266034 1.40941678 1.06997283 1.37291000 2.27476995 6.291707099054e-01 1.878494437641e-04 7.401462854201e-01 1.446345514576e-03 9.788686357859e-03
24 36 2 1.33266034 1.40941678 1.06997283 1.37291000 2.27476995 6.375163807627e-01 1.990695647809e-04 7.291599117284e-01 1.099629509271e-03 9.905426372481e-03
24 37 2 1.33266034 1.40941678 1.06997283 1.37291000 2.27476995 6.474721709528e-01 2.049691328958e-04 7.189323992193e-01 8.481790264721e-04 9.949241140783e-03
24 38 2 1.33266034 1.40941678 1.06997283 1.37291000 2.27476995 6.590398866154e-01 2.043289399179e-04 7.094637996726e-01 7.548686823821e-04 9.964703021493e-03
24 39 2 1.33266034 1.40941678 1.06997283 1.37291000 2.27476995 6.722213244229e-01 1.981124162121e-04 7.007541610256e-01 8.523705323532e-04 1.002433314598e-02
24 40 2 1.33266034 1.40941678 1.06997283 1.37291000 2.27476995 6.870182715521e-01 1.892584687562e-04 6.928035273731e-01 1.134971205921e-03 1.018945166727e-02
24 41 2 1.33266034 1.40941678 1.06997283 1.37291000 2.27476995 7.034325056554e-01 1.818519391901e-04 6.856119389676e-01 1.557830523372e-03 1.047554481457e-02
24 42 2 1.33266034 1.40941678 1.06997283 1.37291000 2.27476995 7.214657948328e-01 1.798916578427e-04 6.791794322183e-01 2.044322452203e-03 1.084126623682e-02
24 43 2 1.33266034 1.40941678 1.06997283 1.37291000 2.27476995 7.411198976029e-01 1.860138135490e-04 6.735060396916e-01 2.500520262041e-03 1.120826557318e-02
24 44 2 1.33266034 1.40941678 1.06997283 1.37291000 2.27476995 7.623965628750e-01 2.005675567564e-04 6.685917901106e-01 2.834339569680e-03 1.150252767296e-02
24 45 2 1.33266034 1.40941678 1.06997283 1.37291000 2.27476995 7.852975299205e-01 2.213593473120e-04 6.644367083551e-01 2.975658598239e-03 1.169551555376e-02
24 46 2 1.33266034 1.40941678 1.06997283 1.37291000 2.27476995 8.098245283444e-01 2.441962037043e-04 6.610408154612e-01 2.893190602703e-03 1.182220909621e-02
24 47 2 1.33266034 1.40941678 1.06997283 1.37291000 2.27476995 8.359792780574e-01 2.641141277846e-04 6.584041286216e-01 2.604186795578e-03 1.196455499006e-02
24 48 2 1.33266034 1.40941678 1.06997283 1.37291000 2.27476995 8.637634892473e-01 2.769486063348e-04 6.565266611853e-01 2.174236680534e-03 1.220744246617e-02
24 49 2 1.33266034 1.40941678 1.06997283 1.37291000 2.27476995 8.931788623508e-01 2.807644689251e-04 6.554084226574e-01 1.706349424418e-03 1.259022303755e-02
24 50 2 1.33266034 1.40941678 1.06997283 1.37291000 2.27476995 9.242270880255e-01 2.766667293070e-04 6.550494186994e-01 1.320800666983e-03 1.308086778853e-02
24 51 2 1.33266034 1.40941678 1.06997283 1.37291000 2.27476995 9.569098471217e-01 2.686751781514e-04 6.554496511288e-01 1.129437084808e-03 1.358891620673e-02
24 52 2 1.33266034 1.40941678 1.06997283 1.37291000 2.27476995 9.912288106538e-01 2.626258119841e-04 6.566091179193e-01 1.209731229618e-03 1.401248184212e-02
24 53 2 1.33266034 1.40941678 1.06997283 1.37291000 2.27476995 1.027185639773e+00 2.643805119770e-04 6.585278132008e-01 1.584436386331e-03 1.429486930036e-02
24 54 2 1.33266034 1.40941678 1.06997283 1.37291000 2.27476995 1.064781985739e+00 2.778805014928e-04 6.612057272594e-01 2.211963715272e-03 1.445915958798e-02
24 55 2 1.33266034 1.40941678 1.06997283 1.37291000 2.27476995 1.104019489891e+00 3.036779723765e-04 6.646428465373e-01 2.990624850385e-03 1.459949739290e-02
24 56 2 1.33266034 1.40941678 1.06997283 1.37291000 2.27476995 1.144899783622e+00 3.384760385489e-04 6.688391536333e-01 3.776984482202e-03 1.483112762855e-02
24 57 2 1.33266034 1.40941678 1.06997283 1.37291000 2.27476995 1.187424488347e+00 3.759159041260e-04 6.737946273024e-01 4.415334303587e-03 1.522503753992e-02
24 58 2 1.33266034 1.40941678 1.06997283 1.37291000 2.27476995 1.231595215480e+00 4.084527151553e-04 6.795092424562e-01 4.772457158653e-03 1.576368895665e-02
24 59 2 1.33266034 1.40941678 1.06997283 1.37291000 2.27476995 1.277413566402e+00 4.297825103097e-04 6.859829701628e-01 4.770104125137e-03 1.634468540414e-02
24 60 2 1.33266034 1.40941678 1.06997283 1.37291000 2.27476995 1.324881132436e+00 4.370517973197e-04 6.932157776472e-01 4.407472555323e-03 1.683342792768e-02
24 61 2 1.33266034 1.40941678 1.06997283 1.37291000 2.27476995 1.373999494818e+00 4.320897847099e-04 7.012076282913e-01 3.767631261520e-03 1.713764722599e-02
24 62 2 1.33266034 1.40941678 1.06997283 1.37291000 2.27476995 1.424770224668e+00 4.211691066941e-04 7.099584816343e-01 3.005062159337e-03 1.726229765170e-02
24 63 2 1.33266034 1.40941678 1.06997283 1.37291000 2.27476995 1.477194882964e+00 4.132558827371e-04 7.194682933725e-01 2.315654649617e-03 1.731194418805e-02
25 0 2 1.54741028 0.88430436 1.82644179 1.27514282 0.71050359 3.237212682898e+00 2.476495283661e-01 9.038835856162e+00 1.542182115097e+00 5.348332593449e-05
25 1 2 1.54741028 0.88430436 1.82644179 1.27514282 0.71050359 3.213042958609e+00 2.682132540766e-01 8.902709380431e+00 1.486260209446e+00 4.036662829647e-05
25 2 2 1.54741028 0.88430436 1.82644179 1.27514282 0.71050359 3.246811304061e+00 2.398778763305e-01 8.344460157773e+00 1.425087267893e+00 2.978614070599e-05
25 3 2 1.54741028 0.88430436 1.82644179 1.27514282 0.71050359 3.173636781956e+00 2.014758734605e-01 7.460931608194e+00 1.360576304159e+00 2.069474603829e-05
25 4 2 1.54741028 0.88430436 1.82644179 1.27514282 0.71050359 2.957548414108e+00 2.039453271687e-01 6.370749625403e+00 1.301341762318e+00 1.383325035644e-05
25 5 2 1.54741028 0.88430436 1.82644179 1.27514282 0.71050359 2.735798424200e+00 2.297045066305e-01 5.274740957816e+00 1.253789596496e+00 1.139786760206e-05
25 6 2 1.54741028 0.88430436 1.82644179 1.27514282 0.71050359 2.605509729538e+00 2.253013534360e-01 4.355311045954e+00 1.216421616270e+00 1.554879538071e-05
25 7 2 1.54741028 0.88430436 1.82644179 1.27514282 0.71050359 2.568848229032e+00 1.876437870929e-01 3.643569373713e+00 1.182828146305e+00 2.674016604454e-05
25 8 2 1.54741028 0.88430436 1.82644179 1.27514282 0.71050359 2.568218194231e+00 1.658289520782e-01 3.160442996528e+00 1.147724791273e+00 4.293043279617e-05
25 9 2 1.54741028 0.88430436 1.82644179 1.27514282 0.71050359 2.516106977896e+00 1.819399525597e-01 3.011997904264e+00 1.109433333279e+00 6.019235681112e-05
25 10 2 1.54741028 0.88430436 1.82644179 1.27514282 0.71050359 2.395509926055e+00 1.990507343672e-01 3.224792033121e+00 1.068996479209e+00 7.442091963175e-05
25 11 2 1.54741028 0.88430436 1.82644179 1.27514282 0.71050359 2.255297481288e+00 1.820872383406e-01 3.666446597402e+00 1.028702052601e+00 8.321137049613e-05
25 12 2 1.54741028 0.88430436 1.82644179 1.27514282 0.71050359 2.134291330013e+00 1.509797365912e-01 4.167881818828e+00 9.902192986304e-01 8.688985943966e-05
25 13 2 1.54741028 0.88430436 1.82644179 1.27514282 0.71050359 2.069002681554e+00 1.453275130652e-01 4.619945288722e+00 9.526564253741e-01 8.815319327722e-05
25 14 2 1.54741028 0.88430436 1.82644179 1.27514282 0.71050359 2.047574368668e+00 1.619517057324e-01 4.978837552419e+00 9.135674024361e-01 9.052935811813e-05
25 15 2 1.54741028 0.88430436 1.82644179 1.27514282 0.71050359 1.995339484483e+00 1.635934005457e-01 5.216179102615e+00 8.736486515728e-01 9.648594066521e-05
25 16 2 1.54741028 0.88430436 1.82644179 1.27514282 0.71050359 1.907169737551e+00 1.400473792671e-01 5.263393406759e+00 8.394172092686e-01 1.061665227172e-04
25 17 2 1.54741028 0.88430436 1.82644179 1.27514282 0.71050359 1.838222471713e+00 1.231866799992e-01 5.057761713912e+00 8.183524188686e-01 1.173673368357e-04
25 18 2 1.54741028 0.88430436 1.82644179 1.27514282 0.71050359 1.786839490520e+00 1.349900743169e-01 4.622520104900e+00 8.105184964922e-01 1.266987149652e-04
25 19 2 1.54741028 0.88430436 1.82644179 1.27514282 0.71050359 1.747635072620e+00 1.530210369088e-01 4.037280880800e+00 8.068486748125e-01 1.312732067047e-04
25 20 2 1.54741028 0.88430436 1.82644179 1.27514282 0.71050359 1.744988671274e+00 1.464847865317e-01 3.392579686360e+00 7.970293293030e-01 1.300332151194e-04
25 21 2 1.54741028 0.88430436 1.82644179 1.27514282 0.71050359 1.749531851032e+00 1.238283327021e-01 2.801604334778e+00 7.781931506156e-01 1.240709884609e-04
25 22 2 1.54741028 0.88430436 1.82644179 1.27514282 0.71050359 1.708636685280e+00 1.175002381402e-01 2.360442714816e+00 7.552627579382e-01 1.158506070035e-04
25 23 2 1.54741028 0.88430436 1.82644179 1.27514282 0.71050359 1.624839319935e+00 1.322760352484e-01 2.097648643417e+00 7.345914550157e-01 1.078107874422e-04
25 24 2 1.54741028 0.88430436 1.82644179 1.27514282 0.71050359 1.542648801400e+00 1.391665046119e-01 2.011672500145e+00 7.191848865614e-01 1.011178958646e-04
25 25 2 1.54741028 0.88430436 1.82644179 1.27514282 0.71050359 1.514383268470e+00 1.227140048195e-01 2.099647300378e+00 7.086763539934e-01 9.521907375778e-05
25 26 2 1.54741028 0.88430436 1.82644179 1.27514282 0.71050359 1.547586266452e+00 1.056180807188e-01 2.350942514366e+00 7.003587759607e-01 8.839898021486e-05
25 27 2 1.54741028 0.88430436 1.82644179 1.27514282 0.71050359 1.583282478513e+00 1.123296411598e-01 2.758779945774e+00 6.893910187822e-01 7.901241711367e-05
25 28 2 1.54741028 0.88430436 1.82644179 1.27514282 0.71050359 1.569471122416e+00 1.302531035140e-01 3.250443909350e+00 6.715027875368e-01 6.672030462205e-05
25 29 2 1.54741028 0.88430436 1.82644179 1.27514282 0.71050359 1.498049396306e+00 1.300153382384e-01 3.630657641415e+00 6.489940715380e-01 5.306368595930e-05
25 30 2 1.54741028 0.88430436 1.82644179 1.27514282 0.71050359 1.401896786553e+00 1.121319165490e-01 3.793376969423e+00 6.331018968352e-01 4.105454171508e-05
25 31 2 1.54741028 0.88430436 1.82644179 1.27514282 0.71050359 1.373471208415e+00 1.058986803084e-01 3.890811949726e+00 6.364340251620e-01 3.396336714302e-05
25 32 2 1.54741028 0.88430436 1.82644179 1.27514282 0.71050359 1.465012292809e+00 1.224805067523e-01 4.036700473074e+00 6.608948795140e-01 3.389056578770e-05
25 33 2 1.54741028 0.88430436 1.82644179 1.27514282 0.71050359 1.583936659740e+00 1.369389991041e-01 4.040426214593e+00 6.943134066128e-01 4.082211648013e-05
25 34 2 1.54741028 0.88430436 1.82644179 1.27514282 0.71050359 1.623344182972e+00 1.280319057114e-01 3.716869415677e+00 7.205722418735e-01 5.263589209613e-05
25 35 2 1.54741028 0.88430436 1.82644179 1.27514282 0.71050359 1.590692202646e+00 1.125791492464e-01 3.205627587778e+00 7.327550259421e-01 6.605909632379e-05
25 36 2 1.54741028 0.88430436 1.82644179 1.27514282 0.71050359 1.542357178214e+00 1.191482728482e-01 2.744539611003e+00 7.360478703900e-01 7.810832447183e-05
25 37 2 1.54741028 0.88430436 1.82644179 1.27514282 0.71050359 1.531583173697e+00 1.421931222162e-01 2.396050291082e+00 7.398298334251e-01 8.730398719019e-05
25 38 2 1.54741028 0.88430436 1.82644179 1.27514282 0.71050359 1.591656661881e+00 1.499581867784e-01 2.149156347737e+00 7.495096433642e-01 9.406327479368e-05
25 39 2 1.54741028 0.88430436 1.82644179 1.27514282 0.71050359 1.685903530183e+00 1.347367106083e-01 2.048743166403e+00 7.652181219819e-01 1.000912871396e-04
25 40 2 1.54741028 0.88430436 1.82644179 1.27514282 0.71050359 1.746719165489e+00 1.256559249603e-01 2.149109207916e+00 7.843196655234e-01 1.071055227386e-04
25 41 2 1.54741028 0.88430436 1.82644179 1.27514282 0.71050359 1.753208365944e+00 1.423538546931e-01 2.477439726565e+00 8.027955692276e-01 1.155832467582e-04
25 42 2 1.54741028 0.88430436 1.82644179 1.27514282 0.71050359 1.734443824559e+00 1.627601172674e-01 3.017275486469e+00 8.166577548956e-01 1.242243029169e-04
25 43 2 1.54741028 0.88430436 1.82644179 1.27514282 0.71050359 1.747782377267e+00 1.579242604927e-01 3.677375637399e+00 8.260401307602e-01 1.304567639087e-04
25 44 2 1.54741028 0.88430436 1.82644179 1.27514282 0.71050359 1.817145575154e+00 1.399402894335e-01 4.340111793117e+00 8.382143602605e-01 1.317551485798e-04
25 45 2 1.54741028 0.88430436 1.82644179 1.27514282 0.71050359 1.899746508773e+00 1.451057293950e-01 4.917738974298e+00 8.632472866556e-01 1.270793237068e-04
25 46 2 1.54741028 0.88430436 1.82644179 1.27514282 0.71050359 1.976032841390e+00 1.761686661696e-01 5.332533948049e+00 9.044789269579e-01 1.176320939461e-04
25 47 2 1.54741028 0.88430436 1.82644179 1.27514282 0.71050359 2.057793408297e+00 1.957221456226e-01 5.534471824647e+00 9.544555960521e-01 1.064571314766e-04
25 48 2 1.54741028 0.88430436 1.82644179 1.27514282 0.71050359 2.113421127293e+00 1.845767757817e-01 5.535273706029e+00 1.001837893270e+00 9.700762373270e-05
25 49 2 1.54741028 0.88430436 1.82644179 1.27514282 0.71050359 2.149239815657e+00 1.734863021980e-01 5.345319086864e+00 1.041547737206e+00 9.139402983844e-05
25 50 2 1.54741028 0.88430436 1.82644179 1.27514282 0.71050359 2.239313963596e+00 1.946478142144e-01 4.944534618803e+00 1.076918408564e+00 8.924522226290e-05
25 51 2 1.54741028 0.88430436 1.82644179 1.27514282 0.71050359 2.380118995074e+00 2.278872099334e-01 4.373002483910e+00 1.113291990383e+00 8.784214471390e-05
25 52 2 1.54741028 0.88430436 1.82644179 1.27514282 0.71050359 2.501414475108e+00 2.304537316181e-01 3.777540688636e+00 1.152208989029e+00 8.352678031929e-05
25 53 2 1.54741028 0.88430436 1.82644179 1.27514282 0.71050359 2.574856648219e+00 2.073811220745e-01 3.351549007442e+00 1.191983166199e+00 7.369294534554e-05
25 54 2 1.54741028 0.88430436 1.82644179 1.27514282 0.71050359 2.598406260514e+00 2.082325465689e-01 3.234886639725e+00 1.231405630959e+00 5.831536396241e-05
25 55 2 1.54741028 0.88430436 1.82644179 1.27514282 0.71050359 2.614161188235e+00 2.487817101270e-01 3.436518612009e+00 1.271635581155e+00 4.018495416448e-05
25 56 2 1.54741028 0.88430436 1.82644179 1.27514282 0.71050359 2.708998401994e+00 2.814100289973e-01 3.910013376915e+00 1.316026785872e+00 2.370140045499e-05
25 57 2 1.54741028 0.88430436 1.82644179 1.27514282 0.71050359 2.897953466272e+00 2.682207552160e-01 4.690507875172e+00 1.369011118714e+00 1.286507585833e-05
25 58 2 1.54741028 0.88430436 1.82644179 1.27514282 0.71050359 3.113271655034e+00 2.444178701320e-01 5.787486544855e+00 1.432997311148e+00 9.563175426584e-06
25 59 2 1.54741028 0.88430436 1.82644179 1.27514282 0.71050359 3.262171064564e+00 2.654667654322e-01 7.015059958160e+00 1.504301744231e+00 1.308441376068e-05
25 60 2 1.54741028 0.88430436 1.82644179 1.27514282 0.71050359 3.272924949892e+00 3.163040088368e-01 8.133750561870e+00 1.573823920350e+00 2.108969878403e-05
25 61 2 1.54741028 0.88430436 1.82644179 1.27514282 0.71050359 3.231603668044e+00 3.315379251599e-01 9.012621367391e+00 1.634911173173e+00 3.140408889569e-05
25 62 2 1.54741028 0.88430436 1.82644179 1.27514282 0.71050359 3.323021358864e+00 3.024820366441e-01 9.544195542419e+00 1.690460600810e+00 4.348361168855e-05
25 63 2 1.54741028 0.88430436 1.82644179 1.27514282 0.71050359 3.562188520563e+00 2.981061314563e-01 9.654859944367e+00 1.749702036756e+00 5.857631471322e-05
27 0 2 1.21849914 0.75069032 1.28585388 1.02166752 0.64700668 1.054625588644e+00 1.291576972922e-01 2.074801649512e+00 6.589998055974e-01 1.308377265262e-03
27 1 2 1.21849914 0.75069032 1.28585388 1.02166752 0.64700668 1.114430695664e+00 1.249893187810e-01 2.217361430376e+00 6.325049359142e-01 1.256309042058e-03
27 2 2 1.21849914 0.75069032 1.28585388 1.02166752 0.64700668 1.322166378104e+00 1.206661504869e-01 2.253094244285e+00 6.182733052386e-01 1.227992847081e-03
27 3 2 1.21849914 0.75069032 1.28585388 1.02166752 0.64700668 1.430064387339e+00 1.151736363867e-01 2.184839500690e+00 6.000939437481e-01 1.241115271959e-03
27 4 2 1.21849914 0.75069032 1.28585388 1.02166752 0.64700668 1.300120360501e+00 1.097776882016e-01 2.022897432129e+00 5.743834682644e-01 1.261005486386e-03
27 5 2 1.21849914 0.75069032 1.28585388 1.02166752 0.64700668 1.045458141098e+00 1.063203920983e-01 1.757243100045e+00 5.537082716065e-01 1.235894300692e-03
27 6 2 1.21849914 0.75069032 1.28585388 1.02166752 0.64700668 8.614237592711e-01 1.044243649031e-01 1.415725539239e+00 5.362189590733e-01 1.161726918793e-03
27 7 2 1.21849914 0.75069032 1.28585388 1.02166752 0.64700668 8.754372994967e-01 1.016888136355e-01 1.098626180792e+00 5.141577501541e-01 1.080506820485e-03
27 8 2 1.21849914 0.75069032 1.28585388 1.02166752 0.64700668 1.036731422605e+00 9.691356124153e-02 8.720604172680e-01 4.926668691153e-01 1.016236916938e-03
27 9 2 1.21849914 0.75069032 1.28585388 1.02166752 0.64700668 1.146724819743e+00 9.177423293297e-02 7.327479843510e-01 4.750564856290e-01 9.439260069918e-04
27 10 2 1.21849914 0.75069032 1.28585388 1.02166752 0.64700668 1.080603000750e+00 8.844330452396e-02 6.795045442407e-01 4.559302657322e-01 8.374701435302e-04
27 11 2 1.21849914 0.75069032 1.28585388 1.02166752 0.64700668 8.800071100895e-01 8.659082575998e-02 7.165834065609e-01 4.348649681520e-01 7.261852878378e-04
27 12 2 1.21849914 0.75069032 1.28585388 1.02166752 0.64700668 7.037470440447e-01 8.403506996509e-02 8.322411713493e-01 4.147828285109e-01 6.744773454859e-04
27 13 2 1.21849914 0.75069032 1.28585388 1.02166752 0.64700668 6.902805118522e-01 7.989169561949e-02 1.000498178557e+00 3.954926793290e-01 7.053302222538e-04
27 14 2 1.21849914 0.75069032 1.28585388 1.02166752 0.64700668 8.076598866810e-01 7.566788939423e-02 1.165397585208e+00 3.798816543950e-01 7.668576177764e-04
27 15 2 1.21849914 0.75069032 1.28585388 1.02166752 0.64700668 9.142852492560e-01 7.308228978714e-02 1.276834719443e+00 3.714157389649e-01 7.855528105951e-04
27 16 2 1.21849914 0.75069032 1.28585388 1.02166752 0.64700668 8.926491350499e-01 7.195616448714e-02 1.337457520344e+00 3.667052215319e-01 7.390907426109e-04
27 17 2 1.21849914 0.75069032 1.28585388 1.02166752 0.64700668 7.374681791019e-01 7.082841565693e-02 1.351955587564e+00 3.622917016651e-01 6.633061869401e-04
27 18 2 1.21849914 0.75069032 1.28585388 1.02166752 0.64700668 5.859138112519e-01 6.893029492977e-02 1.296435519896e+00 3.575634246639e-01 5.977875352480e-04
27 19 2 1.21849914 0.75069032 1.28585388 1.02166752 0.64700668 5.645771161585e-01 6.684694483475e-02 1.166849229456e+00 3.486673270500e-01 5.465137644263e-04
27 20 2 1.21849914 0.75069032 1.28585388 1.02166752 0.64700668 6.624879982380e-01 6.550456120841e-02 9.842104742179e-01 3.353440842443e-01 4.954055525489e-04
27 21 2 1.21849914 0.75069032 1.28585388 1.02166752 0.64700668 7.734197977587e-01 6.505710989975e-02 7.813045930234e-01 3.254338958544e-01 4.476869255498e-04
27 22 2 1.21849914 0.75069032 1.28585388 1.02166752 0.64700668 7.763904549202e-01 6.476429424861e-02 6.135308971988e-01 3.201318198244e-01 4.229194938624e-04
27 23 2 1.21849914 0.75069032 1.28585388 1.02166752 0.64700668 6.549780850646e-01 6.373465271975e-02 5.150779738329e-01 3.124960532104e-01 4.262128372085e-04
27 24 2 1.21849914 0.75069032 1.28585388 1.02166752 0.64700668 5.225603296970e-01 6.186956568456e-02 4.675634249622e-01 3.040238907101e-01 4.371070154453e-04
27 25 2 1.21849914 0.75069032 1.28585388 1.02166752 0.64700668 4.930273648096e-01 6.014990700122e-02 4.610155349584e-01 2.996192102222e-01 4.349193400639e-04
27 26 2 1.21849914 0.75069032 1.28585388 1.02166752 0.64700668 5.860063489313e-01 5.969119111017e-02 5.201776526793e-01 2.933617505275e-01 4.223838900036e-04
27 27 2 1.21849914 0.75069032 1.28585388 1.02166752 0.64700668 7.049360157419e-01 6.034005080468e-02 6.511821592986e-01 2.810632183679e-01 4.130621783547e-04
27 28 2 1.21849914 0.75069032 1.28585388 1.02166752 0.64700668 7.234807057038e-01 6.064458181800e-02 8.125883493297e-01 2.700691943394e-01 4.027917599752e-04
27 29 2 1.21849914 0.75069032 1.28585388 1.02166752 0.64700668 6.224242291653e-01 5.965769901500e-02 9.383411874147e-01 2.631066150987e-01 3.703485144673e-04
27 30 2 1.21849914 0.75069032 1.28585388 1.02166752 0.64700668 4.894580107631e-01 5.839069780699e-02 9.982538584865e-01 2.567607260764e-01 3.105828145881e-04
27 31 2 1.21849914 0.75069032 1.28585388 1.02166752 0.64700668 4.439732873471e-01 5.873900218545e-02 1.033750011697e+00 2.575951475313e-01 2.538301545994e-04
27 32 2 1.21849914 0.75069032 1.28585388 1.02166752 0.64700668 5.373489891303e-01 6.103291551725e-02 1.075302002140e+00 2.720821726125e-01 2.397277630488e-04
27 33 2 1.21849914 0.75069032 1.28585388 1.02166752 0.64700668 6.802075940712e-01 6.349306078348e-02 1.066979751756e+00 2.900562408017e-01 2.744290650587e-04
27 34 2 1.21849914 0.75069032 1.28585388 1.02166752 0.64700668 7.436636461854e-01 6.443836786838e-02 9.567830091623e-01 3.017163573134e-01 3.246563706431e-04
27 35 2 1.21849914 0.75069032 1.28585388 1.02166752 0.64700668 6.821847683313e-01 6.432879203543e-02 7.878525878578e-01 3.113042289555e-01 3.556119099586e-04
27 36 2 1.21849914 0.75069032 1.28585388 1.02166752 0.64700668 5.546624108622e-01 6.499031944501e-02 6.373472744500e-01 3.198948144250e-01 3.643238893305e-04
27 37 2 1.21849914 0.75069032 1.28585388 1.02166752 0.64700668 4.902163076058e-01 6.723338982129e-02 5.394050312664e-01 3.218754521266e-01 3.694289547157e-04
27 38 2 1.21849914 0.75069032 1.28585388 1.02166752 0.64700668 5.592741631094e-01 7.002268885525e-02 4.874442264025e-01 3.218135519226e-01 3.779758430614e-04
27 39 2 1.21849914 0.75069032 1.28585388 1.02166752 0.64700668 6.995391516197e-01 7.196913956876e-02 4.725007110989e-01 3.273746687085e-01 3.774521773688e-04
27 40 2 1.21849914 0.75069032 1.28585388 1.02166752 0.64700668 7.911415901061e-01 7.295999517291e-02 5.195559553964e-01 3.340808182342e-01 3.610656720377e-04
27 41 2 1.21849914 0.75069032 1.28585388 1.02166752 0.64700668 7.547751298400e-01 7.408132987809e-02 6.577035683087e-01 3.383828697513e-01 3.455723906867e-04
27 42 2 1.21849914 0.75069032 1.28585388 1.02166752 0.64700668 6.375706112082e-01 7.635105208995e-02 8.557484375158e-01 3.464476226345e-01 3.533994810391e-04
27 43 2 1.21849914 0.75069032 1.28585388 1.02166752 0.64700668 5.729671273089e-01 7.978300115085e-02 1.053666630291e+00 3.578118202819e-01 3.851770901063e-04
27 44 2 1.21849914 0.75069032 1.28585388 1.02166752 0.64700668 6.361995914578e-01 8.349285352880e-02 1.224400454998e+00 3.646072595279e-01 4.240880930341e-04
27 45 2 1.21849914 0.75069032 1.28585388 1.02166752 0.64700668 7.951905247725e-01 8.664203420526e-02 1.353816404007e+00 3.683250129535e-01 4.651093235332e-04
27 46 2 1.21849914 0.75069032 1.28585388 1.02166752 0.64700668 9.239955359253e-01 8.946614157630e-02 1.428538540157e+00 3.758065427162e-01 5.215519055911e-04
27 47 2 1.21849914 0.75069032 1.28585388 1.02166752 0.64700668 9.097163263782e-01 9.322075098197e-02 1.446470777275e+00 3.878755911138e-01 5.933610648519e-04
27 48 2 1.21849914 0.75069032 1.28585388 1.02166752 0.64700668 7.943571944870e-01 9.862990483609e-02 1.387303081598e+00 4.049054049405e-01 6.445517123367e-04
27 49 2 1.21849914 0.75069032 1.28585388 1.02166752 0.64700668 7.123274066119e-01 1.045333689503e-01 1.236645169758e+00 4.277452645955e-01 6.349999998521e-04
27 50 2 1.21849914 0.75069032 1.28585388 1.02166752 0.64700668 7.662339235690e-01 1.089611718012e-01 1.043943019101e+00 4.512147448384e-01 5.760314733672e-04
27 51 2 1.21849914 0.75069032 1.28585388 1.02166752 0.64700668 9.509729732344e-01 1.117924190448e-01 8.743852235241e-01 4.713363101865e-01 5.339239343100e-04
27 52 2 1.21849914 0.75069032 1.28585388 1.02166752 0.64700668 1.120490618243e+00 1.152748139886e-01 7.557068155809e-01 4.899982673891e-01 5.647148990835e-04
27 53 2 1.21849914 0.75069032 1.28585388 1.02166752 0.64700668 1.138480738781e+00 1.210955368879e-01 7.107343342363e-01 5.067236384989e-01 6.563418624335e-04
27 54 2 1.21849914 0.75069032 1.28585388 1.02166752 0.64700668 1.015672635041e+00 1.278784365719e-01 7.646882820216e-01 5.218125789805e-01 7.510422495316e-04
27 55 2 1.21849914 0.75069032 1.28585388 1.02166752 0.64700668 8.882081961585e-01 1.329800759873e-01 9.345578220920e-01 5.406584850987e-01 8.176708042805e-04
27 56 2 1.21849914 0.75069032 1.28585388 1.02166752 0.64700668 9.218623289834e-01 1.363269107729e-01 1.225901051681e+00 5.612620348855e-01 8.782403205619e-04
27 57 2 1.21849914 0.75069032 1.28585388 1.02166752 0.64700668 1.130329586204e+00 1.407289151962e-01 1.581866606224e+00 5.775027734629e-01 9.581052268667e-04
27 58 2 1.21849914 0.75069032 1.28585388 1.02166752 0.64700668 1.355688597923e+00 1.480740837210e-01 1.906001708755e+00 5.959322789221e-01 1.036159757423e-03
27 59 2 1.21849914 0.75069032 1.28585388 1.02166752 0.64700668 1.434540397649e+00 1.568512810821e-01 2.168254824456e+00 6.208602643313e-01 1.069069437960e-03
27 60 2 1.21849914 0.75069032 1.28585388 1.02166752 0.64700668 1.310361517100e+00 1.644317105686e-01 2.371279020312e+00 6.410720692036e-01 1.054217548826e-03
27 61 2 1.21849914 0.75069032 1.28585388 1.02166752 0.64700668 1.132097315695e+00 1.706271476530e-01 2.467179999518e+00 6.579831185046e-01 1.037943918920e-03
27 62 2 1.21849914 0.75069032 1.28585388 1.02166752 0.64700668 1.134722620056e+00 1.775946822360e-01 2.410683647081e+00 6.879234932322e-01 1.056026672193e-03
27 63 2 1.21849914 0.75069032 1.28585388 1.02166752 0.64700668 1.364891059941e+00 1.866741022652e-01 2.199920849783e+00 7.243222407231e-01 1.095564254486e-03
