# environment=00109 local_bs=4 gain_scale=1.984159437439e-13
# ue subcarrier serving_bs phi0 phi1 phi2 phi3 phi4 gain0 gain1 gain2 gain3 gain4
1 0 4 0.97458800 0.80529690 1.02750234 0.92254708 1.21748107 1.289529490022e+00 5.229723652896e-01 2.074158933510e-06 1.098773044089e+00 4.560154892443e+00
1 1 4 0.97458800 0.80529690 1.02750234 0.92254708 1.21748107 1.128091261558e+00 4.605495942954e-01 6.381599705243e-07 1.070983258997e+00 4.146290233721e+00
1 2 4 0.97458800 0.80529690 1.02750234 0.92254708 1.21748107 9.940652658047e-01 4.112963402051e-01 3.045336144351e-08 1.045243280418e+00 3.734500918327e+00
1 3 4 0.97458800 0.80529690 1.02750234 0.92254708 1.21748107 8.984995896572e-01 3.724183541574e-01 1.739905792600e-07 9.922169812671e-01 3.324602404510e+00
1 4 4 0.97458800 0.80529690 1.02750234 0.92254708 1.21748107 8.162224317749e-01 3.413772044584e-01 8.766109977927e-07 9.361610887009e-01 2.944230236728e+00
1 5 4 0.97458800 0.80529690 1.02750234 0.92254708 1.21748107 7.445286117641e-01 3.166858546107e-01 1.885837691445e-06 9.163237445448e-01 2.589052126590e+00
1 6 4 0.97458800 0.80529690 1.02750234 0.92254708 1.21748107 6.799145348019e-01 3.011209205710e-01 2.947963699543e-06 9.074872130667e-01 2.250637226902e+00
1 7 4 0.97458800 0.80529690 1.02750234 0.92254708 1.21748107 6.217587772920e-01 2.923318077511e-01 3.857809622571e-06 8.712598199397e-01 1.961372965809e+00
1 8 4 0.97458800 0.80529690 1.02750234 0.92254708 1.21748107 5.863868265720e-01 2.870489750373e-01 4.489367490187e-06 8.265479615724e-01 1.701558677627e+00
1 9 4 0.97458800 0.80529690 1.02750234 0.92254708 1.21748107 5.591572292025e-01 2.802072511180e-01 4.803285251904e-06 7.776632496620e-01 1.480966968822e+00
1 10 4 0.97458800 0.80529690 1.02750234 0.92254708 1.21748107 5.324997084126e-01 2.741514080581e-01 4.833188944609e-06 7.594121631466e-01 1.314073013441e+00
1 11 4 0.97458800 0.80529690 1.02750234 0.92254708 1.21748107 5.175494928984e-01 2.707314815838e-01 4.657670420204e-06 7.462740610993e-01 1.176657884866e+00
1 12 4 0.97458800 0.80529690 1.02750234 0.92254708 1.21748107 5.149668000084e-01 2.728636787615e-01 4.367330651290e-06 7.111113646309e-01 1.098607231357e+00
1 13 4 0.97458800 0.80529690 1.02750234 0.92254708 1.21748107 5.215185982135e-01 2.767488325826e-01 4.036182333283e-06 6.749573985458e-01 1.044838020141e+00
1 14 4 0.97458800 0.80529690 1.02750234 0.92254708 1.21748107 5.427351362557e-01 2.821653684587e-01 3.704303087181e-06 6.532428247385e-01 1.049280117535e+00
1 15 4 0.97458800 0.80529690 1.02750234 0.92254708 1.21748107 5.658962468231e-01 2.880983280880e-01 3.374760903945e-06 6.279019823342e-01 1.064216316936e+00
1 16 4 0.97458800 0.80529690 1.02750234 0.92254708 1.21748107 5.869502198752e-01 2.988537703880e-01 3.023644651619e-06 6.096443318383e-01 1.131731532878e+00
1 17 4 0.97458800 0.80529690 1.02750234 0.92254708 1.21748107 6.211000420232e-01 3.124065691762e-01 2.618616737663e-06 6.018907431194e-01 1.203377500698e+00
1 18 4 0.97458800 0.80529690 1.02750234 0.92254708 1.21748107 6.627385902041e-01 3.284651595075e-01 2.139540603908e-06 5.909328411143e-01 1.299681984063e+00
1 19 4 0.97458800 0.80529690 1.02750234 0.92254708 1.21748107 7.049464079201e-01 3.426417080934e-01 1.594728451577e-06 5.619565794191e-01 1.413088216885e+00
1 20 4 0.97458800 0.80529690 1.02750234 0.92254708 1.21748107 7.443229994063e-01 3.583688224824e-01 1.028016447488e-06 5.455077053063e-01 1.520448725361e+00
1 21 4 0.97458800 0.80529690 1.02750234 0.92254708 1.21748107 7.755190365442e-01 3.748691070972e-01 5.146278486948e-07 5.390269281482e-01 1.636189047258e+00
1 22 4 0.97458800 0.80529690 1.02750234 0.92254708 1.21748107 8.074995959463e-01 3.941532000390e-01 1.468485930065e-07 5.384770509542e-01 1.762209117881e+00
1 23 4 0.97458800 0.80529690 1.02750234 0.92254708 1.21748107 8.498146401977e-01 4.094053202290e-01 1.314435777329e-08 5.280660655616e-01 1.849983370978e+00
1 24 4 0.97458800 0.80529690 1.02750234 0.92254708 1.21748107 8.816868348041e-01 4.201174380481e-01 1.759136691869e-07 5.048289683147e-01 1.975413407697e+00
1 25 4 0.97458800 0.80529690 1.02750234 0.92254708 1.21748107 8.905658490846e-01 4.233347073596e-01 6.533212114941e-07 4.947053631100e-01 2.056282467657e+00
1 26 4 0.97458800 0.80529690 1.02750234 0.92254708 1.21748107 8.993784005825e-01 4.248649670172e-01 1.409638217087e-06 4.950159162976e-01 2.141213210559e+00
1 27 4 0.97458800 0.80529690 1.02750234 0.92254708 1.21748107 9.127746725544e-01 4.237341927556e-01 2.356554558125e-06 4.850993643905e-01 2.224427473482e+00
1 28 4 0.97458800 0.80529690 1.02750234 0.92254708 1.21748107 9.312326062374e-01 4.228780377013e-01 3.365509163242e-06 4.812450701651e-01 2.285725359209e+00
1 29 4 0.97458800 0.80529690 1.02750234 0.92254708 1.21748107 9.405558336398e-01 4.196871900637e-01 4.288745036363e-06 4.848473289882e-01 2.325635453024e+00
1 30 4 0.97458800 0.80529690 1.02750234 0.92254708 1.21748107 9.398332004604e-01 4.193663739297e-01 4.984999159528e-06 4.787058219119e-01 2.398992508299e+00
1 31 4 0.97458800 0.80529690 1.02750234 0.92254708 1.21748107 9.366370715598e-01 4.227435667213e-01 5.344807663256e-06 4.637089756566e-01 2.387820023071e+00
1 32 4 0.97458800 0.80529690 1.02750234 0.92254708 1.21748107 9.588164361104e-01 4.326514726480e-01 5.310481078667e-06 4.824723333548e-01 2.434124927019e+00
1 33 4 0.97458800 0.80529690 1.02750234 0.92254708 1.21748107 9.744299120588e-01 4.431225316970e-01 4.886835457486e-06 4.972052698834e-01 2.423716884919e+00
1 34 4 0.97458800 0.80529690 1.02750234 0.92254708 1.21748107 9.734930838070e-01 4.512371757777e-01 4.140542909436e-06 4.921190157060e-01 2.397459191167e+00
1 35 4 0.97458800 0.80529690 1.02750234 0.92254708 1.21748107 9.593151945891e-01 4.529899512920e-01 3.188158713539e-06 4.964017139817e-01 2.383813778790e+00
1 36 4 0.97458800 0.80529690 1.02750234 0.92254708 1.21748107 9.531559739497e-01 4.508150219051e-01 2.175090291365e-06 5.091469925109e-01 2.320723415450e+00
1 37 4 0.97458800 0.80529690 1.02750234 0.92254708 1.21748107 9.421120491449e-01 4.445547660279e-01 1.249582301008e-06 5.148637396176e-01 2.249894578791e+00
1 38 4 0.97458800 0.80529690 1.02750234 0.92254708 1.21748107 9.284665521503e-01 4.344017329260e-01 5.368396111601e-07 5.238735292283e-01 2.180039603709e+00
1 39 4 0.97458800 0.80529690 1.02750234 0.92254708 1.21748107 8.903667703149e-01 4.190253853699e-01 1.184508285073e-07 5.466728404611e-01 2.062935504063e+00
1 40 4 0.97458800 0.80529690 1.02750234 0.92254708 1.21748107 8.460158382221e-01 4.006516405205e-01 2.124058864260e-08 5.562966401997e-01 1.955586895560e+00
1 41 4 0.97458800 0.80529690 1.02750234 0.92254708 1.21748107 8.127480739121e-01 3.836156744971e-01 2.177148873517e-07 5.549474233137e-01 1.838718717912e+00
1 42 4 0.97458800 0.80529690 1.02750234 0.92254708 1.21748107 7.858862577313e-01 3.703526074396e-01 6.377323612394e-07 5.670967967325e-01 1.694317457010e+00
1 43 4 0.97458800 0.80529690 1.02750234 0.92254708 1.21748107 7.464442113660e-01 3.603353526067e-01 1.188466002624e-06 5.894932277488e-01 1.577682550113e+00
1 44 4 0.97458800 0.80529690 1.02750234 0.92254708 1.21748107 7.064968345773e-01 3.496824257970e-01 1.777714322382e-06 6.192179280187e-01 1.447198409866e+00
1 45 4 0.97458800 0.80529690 1.02750234 0.92254708 1.21748107 6.714150035180e-01 3.385886375798e-01 2.334711971036e-06 6.343380084226e-01 1.327825072927e+00
1 46 4 0.97458800 0.80529690 1.02750234 0.92254708 1.21748107 6.417928598254e-01 3.278124440384e-01 2.823099681627e-06 6.420025495196e-01 1.239598475883e+00
1 47 4 0.97458800 0.80529690 1.02750234 0.92254708 1.21748107 6.234369260308e-01 3.206961461389e-01 3.242639086808e-06 6.684903961530e-01 1.152942860516e+00
1 48 4 0.97458800 0.80529690 1.02750234 0.92254708 1.21748107 6.004800965620e-01 3.143941742037e-01 3.619225662748e-06 7.016649672971e-01 1.110744527871e+00
1 49 4 0.97458800 0.80529690 1.02750234 0.92254708 1.21748107 5.774118714758e-01 3.082371786487e-01 3.986067414023e-06 7.303862098628e-01 1.090874696470e+00
1 50 4 0.97458800 0.80529690 1.02750234 0.92254708 1.21748107 5.648177068197e-01 2.998804683348e-01 4.361687315310e-06 7.623216351408e-01 1.109147876785e+00
1 51 4 0.97458800 0.80529690 1.02750234 0.92254708 1.21748107 5.648418150790e-01 2.940564353363e-01 4.731845053357e-06 7.975701642774e-01 1.167465525749e+00
1 52 4 0.97458800 0.80529690 1.02750234 0.92254708 1.21748107 5.655503137974e-01 2.903059841526e-01 5.042007113313e-06 8.113092227138e-01 1.263924055901e+00
1 53 4 0.97458800 0.80529690 1.02750234 0.92254708 1.21748107 5.792119037237e-01 2.898546175638e-01 5.204540123213e-06 8.312279890435e-01 1.407383712885e+00
1 54 4 0.97458800 0.80529690 1.02750234 0.92254708 1.21748107 5.904417402629e-01 2.880521411899e-01 5.120826750116e-06 8.822416329128e-01 1.586090743519e+00
1 55 4 0.97458800 0.80529690 1.02750234 0.92254708 1.21748107 6.127817999606e-01 2.891591065299e-01 4.713958579041e-06 9.274994948797e-01 1.822479835086e+00
1 56 4 0.97458800 0.80529690 1.02750234 0.92254708 1.21748107 6.569732976359e-01 2.955621826922e-01 3.963774588891e-06 9.495043751778e-01 2.086040699856e+00
1 57 4 0.97458800 0.80529690 1.02750234 0.92254708 1.21748107 7.173770478623e-01 3.144246106246e-01 2.933977045072e-06 9.641334800509e-01 2.405534498456e+00
1 58 4 0.97458800 0.80529690 1.02750234 0.92254708 1.21748107 7.816686555277e-01 3.420134008273e-01 1.781679607860e-06 9.861173044932e-01 2.766451168491e+00
1 59 4 0.97458800 0.80529690 1.02750234 0.92254708 1.21748107 8.705103108346e-01 3.787138230046e-01 7.431839064691e-07 1.053406023672e+00 3.151688820784e+00
1 60 4 0.97458800 0.80529690 1.02750234 0.92254708 1.21748107 9.789090738525e-01 4.202571206740e-01 9.542843937250e-08 1.107426026278e+00 3.596195186175e+00
1 61 4 0.97458800 0.80529690 1.02750234 0.92254708 1.21748107 1.124690552772e+00 4.727353253440e-01 9.910990849983e-08 1.133399848966e+00 4.052504408913e+00
1 62 4 0.97458800 0.80529690 1.02750234 0.92254708 1.21748107 1.292048861235e+00 5.315306261345e-01 9.352472724713e-07 1.157808505714e+00 4.534530689425e+00
1 63 4 0.97458800 0.80529690 1.02750234 0.92254708 1.21748107 1.452363045585e+00 5.962780530102e-01 2.650280552317e-06 1.219747990170e+00 5.040055277164e+00
7 0 4 0.79773779 0.67334220 1.11711075 0.68244537 1.04068748 6.326989520878e-01 3.261675177032e-01 3.895949438679e-03 3.434210454873e-01 1.709632998942e+00
7 1 4 0.79773779 0.67334220 1.11711075 0.68244537 1.04068748 6.136980101276e-01 3.120340232087e-01 3.146407124948e-02 3.213251703332e-01 1.813350885831e+00
7 2 4 0.79773779 0.67334220 1.11711075 0.68244537 1.04068748 5.887076367022e-01 2.966264504209e-01 4.666614928496e-03 3.022783196694e-01 1.587398172720e+00
7 3 4 0.79773779 0.67334220 1.11711075 0.68244537 1.04068748 5.621804584811e-01 2.834311436370e-01 2.809989116547e-02 2.837309674875e-01 1.616351718247e+00
7 4 4 0.79773779 0.67334220 1.11711075 0.68244537 1.04068748 5.407301513840e-01 2.729853903462e-01 5.448749696529e-03 2.700855887790e-01 1.561551791005e+00
7 5 4 0.79773779 0.67334220 1.11711075 0.68244537 1.04068748 5.157029590515e-01 2.630028039117e-01 2.491974080555e-02 2.647577074925e-01 1.436455332470e+00
7 6 4 0.79773779 0.67334220 1.11711075 0.68244537 1.04068748 4.942785757548e-01 2.524144960962e-01 6.214525793989e-03 2.615202610573e-01 1.522353669884e+00
7 7 4 0.79773779 0.67334220 1.11711075 0.68244537 1.04068748 4.785815994921e-01 2.430031704332e-01 2.194786305318e-02 2.571092934812e-01 1.333493498134e+00
7 8 4 0.79773779 0.67334220 1.11711075 0.68244537 1.04068748 4.607317996954e-01 2.363936266987e-01 6.943351736814e-03 2.540728821520e-01 1.390195193241e+00
7 9 4 0.79773779 0.67334220 1.11711075 0.68244537 1.04068748 4.475097056683e-01 2.312270586220e-01 1.920130419462e-02 2.494440164615e-01 1.290212290539e+00
7 10 4 0.79773779 0.67334220 1.11711075 0.68244537 1.04068748 4.365443456081e-01 2.247836282886e-01 7.621738168060e-03 2.397108451410e-01 1.211604217870e+00
7 11 4 0.79773779 0.67334220 1.11711075 0.68244537 1.04068748 4.217949706912e-01 2.165053015515e-01 1.669014465471e-02 2.293191231151e-01 1.244642906874e+00
7 12 4 0.79773779 0.67334220 1.11711075 0.68244537 1.04068748 4.098883034743e-01 2.082532589114e-01 8.242973961676e-03 2.210423928865e-01 1.091650473721e+00
7 13 4 0.79773779 0.67334220 1.11711075 0.68244537 1.04068748 3.968503910400e-01 2.012444481619e-01 1.441791232042e-02 2.120279490775e-01 1.159980951566e+00
7 14 4 0.79773779 0.67334220 1.11711075 0.68244537 1.04068748 3.803705259023e-01 1.944148818633e-01 8.806627671058e-03 2.036189357748e-01 1.063450109917e+00
7 15 4 0.79773779 0.67334220 1.11711075 0.68244537 1.04068748 3.672581267379e-01 1.864634779260e-01 1.238216167485e-02 1.989628666941e-01 1.046657582679e+00
7 16 4 0.79773779 0.67334220 1.11711075 0.68244537 1.04068748 3.533231315604e-01 1.782313912635e-01 9.317892870426e-03 1.949048059383e-01 1.063009370779e+00
7 17 4 0.79773779 0.67334220 1.11711075 0.68244537 1.04068748 3.391848651049e-01 1.717882489222e-01 1.057519853535e-02 1.889386066445e-01 9.479604026106e-01
7 18 4 0.79773779 0.67334220 1.11711075 0.68244537 1.04068748 3.300386930341e-01 1.676718492963e-01 9.786799133212e-03 1.838519439155e-01 1.011945710398e+00
7 19 4 0.79773779 0.67334220 1.11711075 0.68244537 1.04068748 3.207682851480e-01 1.643691399947e-01 8.984927240429e-03 1.794496140826e-01 9.014109125490e-01
7 20 4 0.79773779 0.67334220 1.11711075 0.68244537 1.04068748 3.130130057120e-01 1.606286464503e-01 1.022731308120e-02 1.729642126005e-01 9.107955317122e-01
7 21 4 0.79773779 0.67334220 1.11711075 0.68244537 1.04068748 3.091789136467e-01 1.570605050158e-01 7.595794712653e-03 1.665886701614e-01 8.982903496428e-01
7 22 4 0.79773779 0.67334220 1.11711075 0.68244537 1.04068748 3.036021402868e-01 1.547796545789e-01 1.065635607140e-02 1.627106705566e-01 8.251762670785e-01
7 23 4 0.79773779 0.67334220 1.11711075 0.68244537 1.04068748 2.988489291861e-01 1.533397067045e-01 6.389803984816e-03 1.588208433359e-01 8.942580525518e-01
7 24 4 0.79773779 0.67334220 1.11711075 0.68244537 1.04068748 2.955959750332e-01 1.511306187272e-01 1.109276662721e-02 1.543779621217e-01 8.009727275120e-01
7 25 4 0.79773779 0.67334220 1.11711075 0.68244537 1.04068748 2.893714427482e-01 1.476154429165e-01 5.347568544276e-03 1.519185584921e-01 8.523704702603e-01
7 26 4 0.79773779 0.67334220 1.11711075 0.68244537 1.04068748 2.843024899371e-01 1.440681778364e-01 1.155623664001e-02 1.501058210835e-01 8.219026588282e-01
7 27 4 0.79773779 0.67334220 1.11711075 0.68244537 1.04068748 2.803072650484e-01 1.417781518922e-01 4.449378247236e-03 1.467433702407e-01 7.857410189241e-01
7 28 4 0.79773779 0.67334220 1.11711075 0.68244537 1.04068748 2.746742658392e-01 1.404211470618e-01 1.206625065196e-02 1.441823660903e-01 8.352209238107e-01
7 29 4 0.79773779 0.67334220 1.11711075 0.68244537 1.04068748 2.722419351511e-01 1.389337286402e-01 3.676247588807e-03 1.436123550670e-01 7.485404891682e-01
7 30 4 0.79773779 0.67334220 1.11711075 0.68244537 1.04068748 2.715192673914e-01 1.374452964899e-01 1.264105717912e-02 1.427557256005e-01 8.140700568621e-01
7 31 4 0.79773779 0.67334220 1.11711075 0.68244537 1.04068748 2.706735511769e-01 1.372934716128e-01 3.010917781801e-03 1.424159570019e-01 7.719578520174e-01
7 32 4 0.79773779 0.67334220 1.11711075 0.68244537 1.04068748 2.737898038735e-01 1.390743710207e-01 1.329670005541e-02 1.448400672638e-01 7.796661362276e-01
7 33 4 0.79773779 0.67334220 1.11711075 0.68244537 1.04068748 2.774134672588e-01 1.416467820226e-01 2.438785381463e-03 1.478829674023e-01 8.281021765176e-01
7 34 4 0.79773779 0.67334220 1.11711075 0.68244537 1.04068748 2.804367768042e-01 1.436073270500e-01 1.404613619494e-02 1.498623552279e-01 7.701128086701e-01
7 35 4 0.79773779 0.67334220 1.11711075 0.68244537 1.04068748 2.861173902821e-01 1.450827563910e-01 1.948732066792e-03 1.530089166958e-01 8.574387290093e-01
7 36 4 0.79773779 0.67334220 1.11711075 0.68244537 1.04068748 2.900573447555e-01 1.472142738184e-01 1.489846401638e-02 1.569835886007e-01 8.053437598558e-01
7 37 4 0.79773779 0.67334220 1.11711075 0.68244537 1.04068748 2.929994333392e-01 1.501613411290e-01 1.533832612522e-03 1.592308479389e-01 8.386974678249e-01
7 38 4 0.79773779 0.67334220 1.11711075 0.68244537 1.04068748 2.980983271973e-01 1.526943511069e-01 1.585828409212e-02 1.615630133183e-01 8.684749851289e-01
7 39 4 0.79773779 0.67334220 1.11711075 0.68244537 1.04068748 3.011859669613e-01 1.540769122921e-01 1.191921009622e-03 1.660428242902e-01 8.210597312443e-01
7 40 4 0.79773779 0.67334220 1.11711075 0.68244537 1.04068748 3.052646540775e-01 1.554309078525e-01 1.692521043353e-02 1.701363974977e-01 9.241630093635e-01
7 41 4 0.79773779 0.67334220 1.11711075 0.68244537 1.04068748 3.127599406444e-01 1.584277847901e-01 9.259980568698e-04 1.733490125164e-01 8.656637947481e-01
7 42 4 0.79773779 0.67334220 1.11711075 0.68244537 1.04068748 3.193743487128e-01 1.631279474249e-01 1.809354726240e-02 1.784213371913e-01 9.509243144642e-01
7 43 4 0.79773779 0.67334220 1.11711075 0.68244537 1.04068748 3.292121451653e-01 1.681632759083e-01 7.444674840029e-04 1.837934521947e-01 9.730263297506e-01
7 44 4 0.79773779 0.67334220 1.11711075 0.68244537 1.04068748 3.423076448161e-01 1.730056376508e-01 1.935214222294e-02 1.868678584325e-01 9.604717170325e-01
7 45 4 0.79773779 0.67334220 1.11711075 0.68244537 1.04068748 3.537373347940e-01 1.788537432232e-01 6.611917028251e-04 1.905292053720e-01 1.076222294213e+00
7 46 4 0.79773779 0.67334220 1.11711075 0.68244537 1.04068748 3.680930612694e-01 1.866635082269e-01 2.068442283287e-02 1.963221079318e-01 9.983531541116e-01
7 47 4 0.79773779 0.67334220 1.11711075 0.68244537 1.04068748 3.828733821132e-01 1.952528878500e-01 6.953625356070e-04 2.013524229028e-01 1.117941587901e+00
7 48 4 0.79773779 0.67334220 1.11711075 0.68244537 1.04068748 3.940507525856e-01 2.025306808646e-01 2.206861864338e-02 2.068630128773e-01 1.098802750858e+00
7 49 4 0.79773779 0.67334220 1.11711075 0.68244537 1.04068748 4.076979367594e-01 2.082547558783e-01 8.711866546265e-04 2.160303041471e-01 1.125488289848e+00
7 50 4 0.79773779 0.67334220 1.11711075 0.68244537 1.04068748 4.200521343394e-01 2.142274013838e-01 2.347816715977e-02 2.255160613093e-01 1.239747019204e+00
7 51 4 0.79773779 0.67334220 1.11711075 0.68244537 1.04068748 4.299474599680e-01 2.215325651425e-01 1.217389894409e-03 2.324704529535e-01 1.176880642908e+00
7 52 4 0.79773779 0.67334220 1.11711075 0.68244537 1.04068748 4.448030188454e-01 2.289755875801e-01 2.488229715935e-02 2.399862594899e-01 1.352919210772e+00
7 53 4 0.79773779 0.67334220 1.11711075 0.68244537 1.04068748 4.592585501945e-01 2.352346826410e-01 1.766548979739e-03 2.474054376350e-01 1.311550620143e+00
7 54 4 0.79773779 0.67334220 1.11711075 0.68244537 1.04068748 4.746492116093e-01 2.415192750074e-01 2.624677871781e-02 2.511180315620e-01 1.394140978606e+00
7 55 4 0.79773779 0.67334220 1.11711075 0.68244537 1.04068748 4.970261688672e-01 2.504439227224e-01 2.554263458496e-03 2.552588736792e-01 1.483119777127e+00
7 56 4 0.79773779 0.67334220 1.11711075 0.68244537 1.04068748 5.178586066364e-01 2.624479130116e-01 2.753482511035e-02 2.646774806903e-01 1.417614778157e+00
7 57 4 0.79773779 0.67334220 1.11711075 0.68244537 1.04068748 5.401910228664e-01 2.750917527357e-01 3.618184651877e-03 2.765431361941e-01 1.610433583542e+00
7 58 4 0.79773779 0.67334220 1.11711075 0.68244537 1.04068748 5.669695134552e-01 2.865017890046e-01 2.870812787287e-02 2.910833231807e-01 1.527029467929e+00
7 59 4 0.79773779 0.67334220 1.11711075 0.68244537 1.04068748 5.877789551450e-01 2.978693656710e-01 4.996922152016e-03 3.125876695334e-01 1.673706238911e+00
7 60 4 0.79773779 0.67334220 1.11711075 0.68244537 1.04068748 6.092368177368e-01 3.110892568868e-01 2.972800277390e-02 3.361004834256e-01 1.746018646176e+00
7 61 4 0.79773779 0.67334220 1.11711075 0.68244537 1.04068748 6.322190683284e-01 3.250601113372e-01 6.728851730363e-03 3.542936341421e-01 1.728137199797e+00
7 62 4 0.79773779 0.67334220 1.11711075 0.68244537 1.04068748 6.480444071584e-01 3.365893807325e-01 3.055662133415e-02 3.695939006068e-01 1.968907294971e+00
7 63 4 0.79773779 0.67334220 1.11711075 0.68244537 1.04068748 6.683154380940e-01 3.450093369509e-01 8.850851397513e-03 3.823146863228e-01 1.850263973088e+00
8 0 4 0.97572370 0.80763436 1.00718824 0.93679342 1.20655359 1.405782312328e+00 6.671660790845e-01 4.248944103519e-06 1.173309498547e+00 1.439673633369e+00
8 1 4 0.97572370 0.80763436 1.00718824 0.93679342 1.20655359 1.323727447019e+00 6.322351036156e-01 3.230996334187e-06 1.111860160430e+00 1.401506752225e+00
8 2 4 0.97572370 0.80763436 1.00718824 0.93679342 1.20655359 1.266517055232e+00 6.047207233624e-01 2.341363420330e-06 1.077613603388e+00 1.382116579812e+00
8 3 4 0.97572370 0.80763436 1.00718824 0.93679342 1.20655359 1.226447794118e+00 5.767437749216e-01 1.604993276182e-06 1.042902229288e+00 1.372136691060e+00
8 4 4 0.97572370 0.80763436 1.00718824 0.93679342 1.20655359 1.190308329130e+00 5.517784251212e-01 1.039427298049e-06 1.003087569316e+00 1.397019437346e+00
8 5 4 0.97572370 0.80763436 1.00718824 0.93679342 1.20655359 1.150742289479e+00 5.278139195284e-01 6.626203873724e-07 9.538231090770e-01 1.414637254055e+00
8 6 4 0.97572370 0.80763436 1.00718824 0.93679342 1.20655359 1.108188790238e+00 5.130676680141e-01 4.948872051077e-07 9.139451122142e-01 1.455015674701e+00
8 7 4 0.97572370 0.80763436 1.00718824 0.93679342 1.20655359 1.065139311236e+00 5.019109102100e-01 5.546245176876e-07 8.948759698003e-01 1.497364189806e+00
8 8 4 0.97572370 0.80763436 1.00718824 0.93679342 1.20655359 1.044003760781e+00 4.931625408461e-01 8.495521749316e-07 8.833958957375e-01 1.549152766079e+00
8 9 4 0.97572370 0.80763436 1.00718824 0.93679342 1.20655359 1.014766589354e+00 4.784772136948e-01 1.366662119631e-06 8.430409768772e-01 1.598916709445e+00
8 10 4 0.97572370 0.80763436 1.00718824 0.93679342 1.20655359 9.753091442447e-01 4.627987117286e-01 2.064537218786e-06 7.964523761394e-01 1.667045752288e+00
8 11 4 0.97572370 0.80763436 1.00718824 0.93679342 1.20655359 9.360183956805e-01 4.455056842892e-01 2.871138917605e-06 7.778041809710e-01 1.719299060922e+00
8 12 4 0.97572370 0.80763436 1.00718824 0.93679342 1.20655359 8.989419083224e-01 4.310717158979e-01 3.688764059560e-06 7.583979250483e-01 1.794935891264e+00
8 13 4 0.97572370 0.80763436 1.00718824 0.93679342 1.20655359 8.600214382913e-01 4.135040411867e-01 4.406027198139e-06 7.295445881447e-01 1.851546737260e+00
8 14 4 0.97572370 0.80763436 1.00718824 0.93679342 1.20655359 8.312888245813e-01 3.946927986197e-01 4.914909035557e-06 7.068134582514e-01 1.931063163367e+00
8 15 4 0.97572370 0.80763436 1.00718824 0.93679342 1.20655359 7.976603836222e-01 3.736024233232e-01 5.129562841438e-06 6.702814673667e-01 1.981169158458e+00
8 16 4 0.97572370 0.80763436 1.00718824 0.93679342 1.20655359 7.591414219958e-01 3.572233415813e-01 5.002992412777e-06 6.409242517961e-01 2.061495278124e+00
8 17 4 0.97572370 0.80763436 1.00718824 0.93679342 1.20655359 7.333067545282e-01 3.440425414950e-01 4.538016033712e-06 6.302031161317e-01 2.107281689897e+00
8 18 4 0.97572370 0.80763436 1.00718824 0.93679342 1.20655359 7.179876556324e-01 3.351697138273e-01 3.790015027615e-06 6.284513591288e-01 2.163966288777e+00
8 19 4 0.97572370 0.80763436 1.00718824 0.93679342 1.20655359 7.070015217072e-01 3.262308407043e-01 2.860569971132e-06 6.039847203903e-01 2.216895912900e+00
8 20 4 0.97572370 0.80763436 1.00718824 0.93679342 1.20655359 6.970349904510e-01 3.207537869034e-01 1.882854320974e-06 5.772638144427e-01 2.246380358967e+00
8 21 4 0.97572370 0.80763436 1.00718824 0.93679342 1.20655359 6.817558821657e-01 3.180170055795e-01 1.001216420876e-06 5.657393760726e-01 2.281054462561e+00
8 22 4 0.97572370 0.80763436 1.00718824 0.93679342 1.20655359 6.681055816081e-01 3.197515386911e-01 3.484381633508e-07 5.686422246638e-01 2.317496345387e+00
8 23 4 0.97572370 0.80763436 1.00718824 0.93679342 1.20655359 6.681816402845e-01 3.197560168994e-01 2.453768846379e-08 5.663894675755e-01 2.312393836281e+00
8 24 4 0.97572370 0.80763436 1.00718824 0.93679342 1.20655359 6.628755028346e-01 3.168157555730e-01 8.065618532036e-08 5.416548630245e-01 2.353022081297e+00
8 25 4 0.97572370 0.80763436 1.00718824 0.93679342 1.20655359 6.407994178105e-01 3.084565160709e-01 5.106415596508e-07 5.276406611170e-01 2.346994788087e+00
8 26 4 0.97572370 0.80763436 1.00718824 0.93679342 1.20655359 6.196615574403e-01 2.993072027848e-01 1.251618295681e-06 5.284296965107e-01 2.357835412947e+00
8 27 4 0.97572370 0.80763436 1.00718824 0.93679342 1.20655359 6.068692861837e-01 2.893502916225e-01 2.193363735167e-06 5.183414221068e-01 2.373948598965e+00
8 28 4 0.97572370 0.80763436 1.00718824 0.93679342 1.20655359 6.025414386100e-01 2.809207058902e-01 3.194942249819e-06 5.129016400691e-01 2.380289237967e+00
8 29 4 0.97572370 0.80763436 1.00718824 0.93679342 1.20655359 5.966117689063e-01 2.725469549539e-01 4.105981545975e-06 5.166901673444e-01 2.378309887596e+00
8 30 4 0.97572370 0.80763436 1.00718824 0.93679342 1.20655359 5.868821813232e-01 2.684113586659e-01 4.789342060603e-06 5.105173857016e-01 2.423080392136e+00
8 31 4 0.97572370 0.80763436 1.00718824 0.93679342 1.20655359 5.804052579309e-01 2.696893754578e-01 5.141788192296e-06 4.943239887509e-01 2.398663615694e+00
8 32 4 0.97572370 0.80763436 1.00718824 0.93679342 1.20655359 5.995123745296e-01 2.785105970821e-01 5.109607384985e-06 5.137154529661e-01 2.446023376812e+00
8 33 4 0.97572370 0.80763436 1.00718824 0.93679342 1.20655359 6.179744878043e-01 2.897574433784e-01 4.696873382262e-06 5.285137101838e-01 2.452281350577e+00
8 34 4 0.97572370 0.80763436 1.00718824 0.93679342 1.20655359 6.277800113279e-01 3.007928723417e-01 3.965106942232e-06 5.227347409055e-01 2.457282275657e+00
8 35 4 0.97572370 0.80763436 1.00718824 0.93679342 1.20655359 6.314943254201e-01 3.078362011974e-01 3.024317245455e-06 5.274859711121e-01 2.488803536978e+00
8 36 4 0.97572370 0.80763436 1.00718824 0.93679342 1.20655359 6.469313461101e-01 3.132931964065e-01 2.016658715145e-06 5.406912308420e-01 2.484972095371e+00
8 37 4 0.97572370 0.80763436 1.00718824 0.93679342 1.20655359 6.612554631198e-01 3.163312245356e-01 1.095050840029e-06 5.449382281002e-01 2.483154910864e+00
8 38 4 0.97572370 0.80763436 1.00718824 0.93679342 1.20655359 6.769477795198e-01 3.180324046161e-01 3.999258232781e-07 5.558004952008e-01 2.494382805502e+00
8 39 4 0.97572370 0.80763436 1.00718824 0.93679342 1.20655359 6.747577986756e-01 3.164725147639e-01 3.765397475427e-08 5.788989337595e-01 2.464727624197e+00
8 40 4 0.97572370 0.80763436 1.00718824 0.93679342 1.20655359 6.745492849135e-01 3.154193851864e-01 6.405658267598e-08 5.821543080035e-01 2.446853364783e+00
8 41 4 0.97572370 0.80763436 1.00718824 0.93679342 1.20655359 6.889751781429e-01 3.175232179197e-01 4.757254451092e-07 5.787617676011e-01 2.427883339676e+00
8 42 4 0.97572370 0.80763436 1.00718824 0.93679342 1.20655359 7.132576683427e-01 3.266805580771e-01 1.210690031167e-06 5.999848588438e-01 2.368949316070e+00
8 43 4 0.97572370 0.80763436 1.00718824 0.93679342 1.20655359 7.282748467784e-01 3.399662731803e-01 2.158464828459e-06 6.298321461172e-01 2.339945978846e+00
8 44 4 0.97572370 0.80763436 1.00718824 0.93679342 1.20655359 7.494004551194e-01 3.555372891363e-01 3.177910464216e-06 6.567601562933e-01 2.282998395271e+00
8 45 4 0.97572370 0.80763436 1.00718824 0.93679342 1.20655359 7.777044301093e-01 3.706072311508e-01 4.119940035616e-06 6.605311284041e-01 2.219007055196e+00
8 46 4 0.97572370 0.80763436 1.00718824 0.93679342 1.20655359 8.137052984448e-01 3.879380904411e-01 4.851178904905e-06 6.766854657022e-01 2.171440190499e+00
8 47 4 0.97572370 0.80763436 1.00718824 0.93679342 1.20655359 8.572683834912e-01 4.068580160047e-01 5.274457153917e-06 7.142453446469e-01 2.098828980046e+00
8 48 4 0.97572370 0.80763436 1.00718824 0.93679342 1.20655359 8.924603284585e-01 4.264523019383e-01 5.342570617643e-06 7.545339542677e-01 2.037811391939e+00
8 49 4 0.97572370 0.80763436 1.00718824 0.93679342 1.20655359 9.188399576926e-01 4.418917141588e-01 5.063021343835e-06 7.745480380487e-01 1.975741345792e+00
8 50 4 0.97572370 0.80763436 1.00718824 0.93679342 1.20655359 9.515582106773e-01 4.539618054055e-01 4.493211992817e-06 7.965805541746e-01 1.905411468086e+00
8 51 4 0.97572370 0.80763436 1.00718824 0.93679342 1.20655359 9.883619644665e-01 4.645679964985e-01 3.727465812326e-06 8.218083806242e-01 1.844906158575e+00
8 52 4 0.97572370 0.80763436 1.00718824 0.93679342 1.20655359 1.018178719770e+00 4.777542275195e-01 2.878864144089e-06 8.438336805640e-01 1.774743632348e+00
8 53 4 0.97572370 0.80763436 1.00718824 0.93679342 1.20655359 1.052729976870e+00 4.917173329749e-01 2.059863827030e-06 8.874551435421e-01 1.717632258390e+00
8 54 4 0.97572370 0.80763436 1.00718824 0.93679342 1.20655359 1.079005991359e+00 5.050886728598e-01 1.365733910110e-06 9.313747079298e-01 1.644937782647e+00
8 55 4 0.97572370 0.80763436 1.00718824 0.93679342 1.20655359 1.104559672746e+00 5.176693641105e-01 8.639905262198e-07 9.420815500761e-01 1.596456689415e+00
8 56 4 0.97572370 0.80763436 1.00718824 0.93679342 1.20655359 1.150155020489e+00 5.350739734179e-01 5.913919649215e-07 9.680567101190e-01 1.533848433414e+00
8 57 4 0.97572370 0.80763436 1.00718824 0.93679342 1.20655359 1.205093592373e+00 5.602158620453e-01 5.580620275404e-07 1.019022768194e+00 1.491495692518e+00
8 58 4 0.97572370 0.80763436 1.00718824 0.93679342 1.20655359 1.247065928197e+00 5.918690252522e-01 7.564351399397e-07 1.077581368854e+00 1.456445457380e+00
8 59 4 0.97572370 0.80763436 1.00718824 0.93679342 1.20655359 1.292591871114e+00 6.235610101501e-01 1.171457882563e-06 1.117326381114e+00 1.437669623956e+00
8 60 4 0.97572370 0.80763436 1.00718824 0.93679342 1.20655359 1.344922487326e+00 6.526649124262e-01 1.788207141407e-06 1.155227068602e+00 1.431268037649e+00
8 61 4 0.97572370 0.80763436 1.00718824 0.93679342 1.20655359 1.411076678226e+00 6.804923882767e-01 2.593929325422e-06 1.193133488769e+00 1.465305052834e+00
8 62 4 0.97572370 0.80763436 1.00718824 0.93679342 1.20655359 1.489379864346e+00 7.095310085233e-01 3.573312734240e-06 1.254185993935e+00 1.498236623495e+00
8 63 4 0.97572370 0.80763436 1.00718824 0.93679342 1.20655359 1.545329566299e+00 7.371120165625e-01 4.698145927911e-06 1.307797421203e+00 1.587410307484e+00
10 0 4 1.44740012 1.10917483 1.24222183 1.29379114 1.87610446 6.623356146270e+00 2.366691007345e+00 8.272989745525e-05 4.205753570742e+00 1.827135382799e+01
10 1 4 1.44740012 1.10917483 1.24222183 1.29379114 1.87610446 6.376261295581e+00 2.248284291037e+00 7.138203241453e-05 4.093118521358e+00 1.764758815584e+01
10 2 4 1.44740012 1.10917483 1.24222183 1.29379114 1.87610446 6.058374093636e+00 2.114418253359e+00 5.861282559672e-05 3.934165345373e+00 1.696794526806e+01
10 3 4 1.44740012 1.10917483 1.24222183 1.29379114 1.87610446 5.783899539065e+00 2.022304898742e+00 4.595776633363e-05 3.799984515895e+00 1.645790495757e+01
10 4 4 1.44740012 1.10917483 1.24222183 1.29379114 1.87610446 5.640319871283e+00 1.962465966020e+00 3.470767045982e-05 3.650897723598e+00 1.584851854364e+01
10 5 4 1.44740012 1.10917483 1.24222183 1.29379114 1.87610446 5.537591846970e+00 1.883327048563e+00 2.568895739471e-05 3.511027238001e+00 1.524249455740e+01
10 6 4 1.44740012 1.10917483 1.24222183 1.29379114 1.87610446 5.344995941886e+00 1.822093729674e+00 1.919555322255e-05 3.395573696993e+00 1.462327269550e+01
10 7 4 1.44740012 1.10917483 1.24222183 1.29379114 1.87610446 5.080014010520e+00 1.791791426355e+00 1.506281136287e-05 3.284601895121e+00 1.401333003505e+01
10 8 4 1.44740012 1.10917483 1.24222183 1.29379114 1.87610446 4.898709672454e+00 1.757390569345e+00 1.283602666699e-05 3.157852370824e+00 1.356978250881e+01
10 9 4 1.44740012 1.10917483 1.24222183 1.29379114 1.87610446 4.768064264082e+00 1.687008957588e+00 1.196745499976e-05 3.039134252219e+00 1.305342230536e+01
10 10 4 1.44740012 1.10917483 1.24222183 1.29379114 1.87610446 4.628290199338e+00 1.618068505432e+00 1.197926510353e-05 2.946677228159e+00 1.253211555703e+01
10 11 4 1.44740012 1.10917483 1.24222183 1.29379114 1.87610446 4.405908183953e+00 1.552728591582e+00 1.255156599616e-05 2.838898682103e+00 1.208361408922e+01
10 12 4 1.44740012 1.10917483 1.24222183 1.29379114 1.87610446 4.166918353317e+00 1.483093531047e+00 1.352557328670e-05 2.732623052728e+00 1.165545921345e+01
10 13 4 1.44740012 1.10917483 1.24222183 1.29379114 1.87610446 4.050932262380e+00 1.424673503888e+00 1.484138123250e-05 2.648419044672e+00 1.135646640769e+01
10 14 4 1.44740012 1.10917483 1.24222183 1.29379114 1.87610446 4.061459292981e+00 1.398337600116e+00 1.644871896119e-05 2.585625357499e+00 1.103206341339e+01
10 15 4 1.44740012 1.10917483 1.24222183 1.29379114 1.87610446 3.949003491653e+00 1.360211879535e+00 1.823281379331e-05 2.482201799881e+00 1.065226132383e+01
10 16 4 1.44740012 1.10917483 1.24222183 1.29379114 1.87610446 3.717973564697e+00 1.307076411531e+00 1.998664308467e-05 2.388044963457e+00 1.038396224527e+01
10 17 4 1.44740012 1.10917483 1.24222183 1.29379114 1.87610446 3.588818735293e+00 1.263476034323e+00 2.144050559566e-05 2.338657502109e+00 1.009397297452e+01
10 18 4 1.44740012 1.10917483 1.24222183 1.29379114 1.87610446 3.594653617831e+00 1.246141772080e+00 2.233750437256e-05 2.282337947705e+00 9.918619372728e+00
10 19 4 1.44740012 1.10917483 1.24222183 1.29379114 1.87610446 3.506208094357e+00 1.202559825689e+00 2.252659695829e-05 2.210608004572e+00 9.668116597016e+00
10 20 4 1.44740012 1.10917483 1.24222183 1.29379114 1.87610446 3.324340230040e+00 1.148033791489e+00 2.203835032204e-05 2.154648818039e+00 9.353023640705e+00
10 21 4 1.44740012 1.10917483 1.24222183 1.29379114 1.87610446 3.189643962765e+00 1.115072653238e+00 2.111379551999e-05 2.099356006824e+00 9.184527368291e+00
10 22 4 1.44740012 1.10917483 1.24222183 1.29379114 1.87610446 3.177954434073e+00 1.112532487559e+00 2.017147052876e-05 2.046102793046e+00 9.013920994748e+00
10 23 4 1.44740012 1.10917483 1.24222183 1.29379114 1.87610446 3.184547534262e+00 1.107454831389e+00 1.971688805848e-05 2.024743636707e+00 8.736973123405e+00
10 24 4 1.44740012 1.10917483 1.24222183 1.29379114 1.87610446 3.117546084601e+00 1.098219146123e+00 2.021635568729e-05 1.990139132407e+00 8.645371592331e+00
10 25 4 1.44740012 1.10917483 1.24222183 1.29379114 1.87610446 3.029462283158e+00 1.090950509759e+00 2.196824309617e-05 1.952406053646e+00 8.446110790192e+00
10 26 4 1.44740012 1.10917483 1.24222183 1.29379114 1.87610446 2.997178259548e+00 1.069167930441e+00 2.500655088546e-05 1.923852465323e+00 8.278770764665e+00
10 27 4 1.44740012 1.10917483 1.24222183 1.29379114 1.87610446 2.995240357373e+00 1.040717117587e+00 2.906386007383e-05 1.883111729105e+00 8.202592708824e+00
10 28 4 1.44740012 1.10917483 1.24222183 1.29379114 1.87610446 2.970108094049e+00 1.022802393822e+00 3.360583361351e-05 1.885529311606e+00 8.100978310138e+00
10 29 4 1.44740012 1.10917483 1.24222183 1.29379114 1.87610446 2.925425436808e+00 1.008009467606e+00 3.793148348595e-05 1.922355780191e+00 8.093121549162e+00
10 30 4 1.44740012 1.10917483 1.24222183 1.29379114 1.87610446 2.876574043768e+00 9.830011479975e-01 4.131701032507e-05 1.880445760542e+00 8.087926411904e+00
10 31 4 1.44740012 1.10917483 1.24222183 1.29379114 1.87610446 2.873099939996e+00 9.715462907303e-01 4.317014534871e-05 1.814048058217e+00 7.950897203455e+00
10 32 4 1.44740012 1.10917483 1.24222183 1.29379114 1.87610446 2.946329253988e+00 1.006283844043e+00 4.315906567142e-05 1.883335833407e+00 8.121024827531e+00
10 33 4 1.44740012 1.10917483 1.24222183 1.29379114 1.87610446 2.972323202043e+00 1.043941577127e+00 4.128566043308e-05 1.939519905251e+00 8.225518279307e+00
10 34 4 1.44740012 1.10917483 1.24222183 1.29379114 1.87610446 2.964063551398e+00 1.062224464998e+00 3.788578548965e-05 1.900457153994e+00 8.226652571835e+00
10 35 4 1.44740012 1.10917483 1.24222183 1.29379114 1.87610446 3.000512335272e+00 1.066284627706e+00 3.355615721832e-05 1.887815697930e+00 8.356771124404e+00
10 36 4 1.44740012 1.10917483 1.24222183 1.29379114 1.87610446 3.077031305289e+00 1.086531576824e+00 2.902476385366e-05 1.953171052628e+00 8.497442546321e+00
10 37 4 1.44740012 1.10917483 1.24222183 1.29379114 1.87610446 3.091392454885e+00 1.095068460275e+00 2.499507091021e-05 1.987239066885e+00 8.632591067619e+00
10 38 4 1.44740012 1.10917483 1.24222183 1.29379114 1.87610446 3.110619219644e+00 1.094192742697e+00 2.200059029542e-05 2.021764055476e+00 8.855135360175e+00
10 39 4 1.44740012 1.10917483 1.24222183 1.29379114 1.87610446 3.183169403373e+00 1.100184858075e+00 2.030384335763e-05 2.058190684013e+00 8.942044180234e+00
10 40 4 1.44740012 1.10917483 1.24222183 1.29379114 1.87610446 3.265001462672e+00 1.116436454962e+00 1.986271240865e-05 2.087490232066e+00 9.148686024206e+00
10 41 4 1.44740012 1.10917483 1.24222183 1.29379114 1.87610446 3.323690373700e+00 1.140175645298e+00 2.037013527570e-05 2.144227630060e+00 9.378320493901e+00
10 42 4 1.44740012 1.10917483 1.24222183 1.29379114 1.87610446 3.405422846668e+00 1.183962942796e+00 2.135426710410e-05 2.211180229343e+00 9.493942653349e+00
10 43 4 1.44740012 1.10917483 1.24222183 1.29379114 1.87610446 3.563712412189e+00 1.247996337649e+00 2.231059863229e-05 2.270637364176e+00 9.802321212499e+00
10 44 4 1.44740012 1.10917483 1.24222183 1.29379114 1.87610446 3.706481351821e+00 1.288247580922e+00 2.282953866506e-05 2.334298918094e+00 1.006937461758e+01
10 45 4 1.44740012 1.10917483 1.24222183 1.29379114 1.87610446 3.748773681542e+00 1.305303967247e+00 2.268524016178e-05 2.407564486465e+00 1.025012712684e+01
10 46 4 1.44740012 1.10917483 1.24222183 1.29379114 1.87610446 3.806457038540e+00 1.343291054398e+00 2.186375363181e-05 2.455333144773e+00 1.056221205130e+01
10 47 4 1.44740012 1.10917483 1.24222183 1.29379114 1.87610446 3.981458998069e+00 1.400909448466e+00 2.052765990856e-05 2.561516339979e+00 1.092367019561e+01
10 48 4 1.44740012 1.10917483 1.24222183 1.29379114 1.87610446 4.154283204899e+00 1.443923778805e+00 1.893454930248e-05 2.662658940325e+00 1.130847112285e+01
10 49 4 1.44740012 1.10917483 1.24222183 1.29379114 1.87610446 4.226234194585e+00 1.474976068378e+00 1.734164950361e-05 2.738918415987e+00 1.173151517411e+01
10 50 4 1.44740012 1.10917483 1.24222183 1.29379114 1.87610446 4.328607548879e+00 1.541186004749e+00 1.593332287720e-05 2.810574983671e+00 1.206231840615e+01
10 51 4 1.44740012 1.10917483 1.24222183 1.29379114 1.87610446 4.527197419136e+00 1.616860948631e+00 1.479985662735e-05 2.937276062414e+00 1.258451025363e+01
10 52 4 1.44740012 1.10917483 1.24222183 1.29379114 1.87610446 4.781502435615e+00 1.677402315684e+00 1.397685683072e-05 3.044012895617e+00 1.308996337610e+01
10 53 4 1.44740012 1.10917483 1.24222183 1.29379114 1.87610446 4.999825370057e+00 1.728981469416e+00 1.353043065359e-05 3.146715764736e+00 1.364871452573e+01
10 54 4 1.44740012 1.10917483 1.24222183 1.29379114 1.87610446 5.110516250160e+00 1.785560023326e+00 1.365235223401e-05 3.262448551696e+00 1.415325004994e+01
10 55 4 1.44740012 1.10917483 1.24222183 1.29379114 1.87610446 5.187877205189e+00 1.821814361756e+00 1.471951801141e-05 3.394749279206e+00 1.464748039150e+01
10 56 4 1.44740012 1.10917483 1.24222183 1.29379114 1.87610446 5.429032708158e+00 1.861645998159e+00 1.727819557805e-05 3.514116235922e+00 1.518251571746e+01
10 57 4 1.44740012 1.10917483 1.24222183 1.29379114 1.87610446 5.739062182508e+00 1.945920174314e+00 2.193578221471e-05 3.628653023968e+00 1.585402702108e+01
10 58 4 1.44740012 1.10917483 1.24222183 1.29379114 1.87610446 5.892622797358e+00 2.052965043310e+00 2.917528429581e-05 3.783146792103e+00 1.633899321146e+01
10 59 4 1.44740012 1.10917483 1.24222183 1.29379114 1.87610446 5.952491971010e+00 2.137405273743e+00 3.914040702667e-05 3.929044502831e+00 1.692918762762e+01
10 60 4 1.44740012 1.10917483 1.24222183 1.29379114 1.87610446 6.217068334316e+00 2.234965719172e+00 5.146048481520e-05 4.074565735604e+00 1.740261641274e+01
10 61 4 1.44740012 1.10917483 1.24222183 1.29379114 1.87610446 6.658255117665e+00 2.360573613376e+00 6.518533167677e-05 4.217718006706e+00 1.802744926354e+01
10 62 4 1.44740012 1.10917483 1.24222183 1.29379114 1.87610446 6.987901836601e+00 2.457738829054e+00 7.887708522382e-05 4.365412851222e+00 1.870473036360e+01
10 63 4 1.44740012 1.10917483 1.24222183 1.29379114 1.87610446 7.054916651641e+00 2.500182423889e+00 9.086353619877e-05 4.520430632774e+00 1.923916634836e+01
11 0 4 0.93148849 1.10389498 0.72193206 0.71790177 0.78574205 4.217389702778e-03 3.627836109778e-06 4.277131614084e-01 3.208195904354e-05 4.519419133939e-01
11 1 4 0.93148849 1.10389498 0.72193206 0.71790177 0.78574205 4.346741916930e-03 1.579805972897e-06 4.104370777803e-01 3.128141524322e-05 4.359313144364e-01
11 2 4 0.93148849 1.10389498 0.72193206 0.71790177 0.78574205 4.376062033077e-03 4.846599516502e-07 3.957964139606e-01 3.047974313103e-05 4.222020077729e-01
11 3 4 0.93148849 1.10389498 0.72193206 0.71790177 0.78574205 4.154560836377e-03 5.186196640246e-07 3.800507194829e-01 2.967870971221e-05 4.099724531306e-01
11 4 4 0.93148849 1.10389498 0.72193206 0.71790177 0.78574205 3.894384488560e-03 1.570627303921e-06 3.651086849370e-01 2.888007226571e-05 3.981427852580e-01
11 5 4 0.93148849 1.10389498 0.72193206 0.71790177 0.78574205 3.538178003529e-03 3.283012943555e-06 3.512595231152e-01 2.808557408099e-05 3.857402455631e-01
11 6 4 0.93148849 1.10389498 0.72193206 0.71790177 0.78574205 3.774095647041e-03 5.149286561310e-06 3.356879462127e-01 2.729694026850e-05 3.722836037272e-01
11 7 4 0.93148849 1.10389498 0.72193206 0.71790177 0.78574205 3.807689892399e-03 6.645380686448e-06 3.227640518094e-01 2.651587365129e-05 3.579326945749e-01
11 8 4 0.93148849 1.10389498 0.72193206 0.71790177 0.78574205 3.077185410307e-03 7.362797085437e-06 3.095349570271e-01 2.574405074457e-05 3.433816131575e-01
11 9 4 0.93148849 1.10389498 0.72193206 0.71790177 0.78574205 3.120557187690e-03 7.110920394449e-06 2.969099210644e-01 2.498311782994e-05 3.295553824198e-01
11 10 4 0.93148849 1.10389498 0.72193206 0.71790177 0.78574205 3.497718580686e-03 5.962414517080e-06 2.865807245022e-01 2.423468713075e-05 3.172405097955e-01
11 11 4 0.93148849 1.10389498 0.72193206 0.71790177 0.78574205 2.983433790338e-03 4.229375926499e-06 2.751752962627e-01 2.350033309514e-05 3.067951877096e-01
11 12 4 0.93148849 1.10389498 0.72193206 0.71790177 0.78574205 2.713200989340e-03 2.375829158939e-06 2.653884739780e-01 2.278158879271e-05 2.980435100742e-01
11 13 4 0.93148849 1.10389498 0.72193206 0.71790177 0.78574205 2.901626740864e-03 8.895525778568e-07 2.554962533868e-01 2.207994243104e-05 2.903802707646e-01
11 14 4 0.93148849 1.10389498 0.72193206 0.71790177 0.78574205 2.782852422879e-03 1.480315257675e-07 2.452084975494e-01 2.139683399754e-05 2.830311432438e-01
11 15 4 0.93148849 1.10389498 0.72193206 0.71790177 0.78574205 2.674814661148e-03 3.156990218467e-07 2.360359145389e-01 2.073365203243e-05 2.753585504954e-01
11 16 4 0.93148849 1.10389498 0.72193206 0.71790177 0.78574205 2.472077201214e-03 1.301338818406e-06 2.266122191099e-01 2.009173053783e-05 2.670946141014e-01
11 17 4 0.93148849 1.10389498 0.72193206 0.71790177 0.78574205 2.340337961248e-03 2.787646189809e-06 2.184549829952e-01 1.947234602839e-05 2.584188234460e-01
11 18 4 0.93148849 1.10389498 0.72193206 0.71790177 0.78574205 2.621811411927e-03 4.324291210878e-06 2.113586377193e-01 1.887671472794e-05 2.498622353039e-01
11 19 4 0.93148849 1.10389498 0.72193206 0.71790177 0.78574205 2.392256810990e-03 5.457539419755e-06 2.055237215183e-01 1.830598991692e-05 2.420859606017e-01
11 20 4 0.93148849 1.10389498 0.72193206 0.71790177 0.78574205 1.990083628549e-03 5.859055286001e-06 2.009849476060e-01 1.776125943487e-05 2.356249032043e-01
11 21 4 0.93148849 1.10389498 0.72193206 0.71790177 0.78574205 2.327749437469e-03 5.417058613908e-06 1.973906884176e-01 1.724354334195e-05 2.306941657790e-01
11 22 4 0.93148849 1.10389498 0.72193206 0.71790177 0.78574205 2.352667400937e-03 4.264281849216e-06 1.945553145384e-01 1.675379174331e-05 2.271258407811e-01
11 23 4 0.93148849 1.10389498 0.72193206 0.71790177 0.78574205 1.953815526854e-03 2.735715404609e-06 1.915295694392e-01 1.629288277985e-05 2.244516980996e-01
11 24 4 0.93148849 1.10389498 0.72193206 0.71790177 0.78574205 2.037063417998e-03 1.269366227868e-06 1.888873875065e-01 1.586162078853e-05 2.220931067861e-01
11 25 4 0.93148849 1.10389498 0.72193206 0.71790177 0.78574205 2.106778040801e-03 2.792826596530e-07 1.854650833411e-01 1.546073463512e-05 2.195828924332e-01
11 26 4 0.93148849 1.10389498 0.72193206 0.71790177 0.78574205 2.034592826534e-03 3.742441615449e-08 1.820549403454e-01 1.509087622221e-05 2.167364575415e-01
11 27 4 0.93148849 1.10389498 0.72193206 0.71790177 0.78574205 2.027807714109e-03 5.977484100276e-07 1.790284269511e-01 1.475261917459e-05 2.137119700866e-01
11 28 4 0.93148849 1.10389498 0.72193206 0.71790177 0.78574205 1.832571248660e-03 1.783357032073e-06 1.758545930333e-01 1.444645770433e-05 2.109419984228e-01
11 29 4 0.93148849 1.10389498 0.72193206 0.71790177 0.78574205 1.965149490274e-03 3.239481562215e-06 1.745240463616e-01 1.417280565704e-05 2.089657020937e-01
11 30 4 0.93148849 1.10389498 0.72193206 0.71790177 0.78574205 2.181126589400e-03 4.536594857662e-06 1.738536917223e-01 1.393199574105e-05 2.082252550811e-01
11 31 4 0.93148849 1.10389498 0.72193206 0.71790177 0.78574205 1.809610289187e-03 5.294134171975e-06 1.747555819534e-01 1.372427894043e-05 2.089012607013e-01
11 32 4 0.93148849 1.10389498 0.72193206 0.71790177 0.78574205 1.813037742984e-03 5.289826945414e-06 1.774315138330e-01 1.354982411283e-05 2.108465596315e-01
11 33 4 0.93148849 1.10389498 0.72193206 0.71790177 0.78574205 2.194285252888e-03 4.523806802564e-06 1.802342653765e-01 1.340871777275e-05 2.136419603139e-01
11 34 4 0.93148849 1.10389498 0.72193206 0.71790177 0.78574205 1.988056239878e-03 3.219361166517e-06 1.844850674383e-01 1.330096406025e-05 2.167536053435e-01
11 35 4 0.93148849 1.10389498 0.72193206 0.71790177 0.78574205 1.862336904234e-03 1.759824209248e-06 1.882715917473e-01 1.322648489538e-05 2.197349760538e-01
11 36 4 0.93148849 1.10389498 0.72193206 0.71790177 0.78574205 2.065153727324e-03 5.790477866181e-07 1.918256835659e-01 1.318512031756e-05 2.223996202510e-01
11 37 4 0.93148849 1.10389498 0.72193206 0.71790177 0.78574205 2.082798070219e-03 3.615940199928e-08 1.955476372309e-01 1.317662900970e-05 2.248997815066e-01
11 38 4 0.93148849 1.10389498 0.72193206 0.71790177 0.78574205 2.167398745779e-03 3.102110793278e-07 1.982755258833e-01 1.320068900558e-05 2.276787581788e-01
11 39 4 0.93148849 1.10389498 0.72193206 0.71790177 0.78574205 2.100119876595e-03 1.345276821379e-06 2.018077116833e-01 1.325689857970e-05 2.313103573618e-01
11 40 4 0.93148849 1.10389498 0.72193206 0.71790177 0.78574205 2.021330970496e-03 2.862708601571e-06 2.055451373735e-01 1.334477731762e-05 2.362815078504e-01
11 41 4 0.93148849 1.10389498 0.72193206 0.71790177 0.78574205 2.442591017040e-03 4.438275463712e-06 2.102745706501e-01 1.346376736519e-05 2.427982748774e-01
11 42 4 0.93148849 1.10389498 0.72193206 0.71790177 0.78574205 2.424597222444e-03 5.623079993671e-06 2.165817709272e-01 1.361323485433e-05 2.506910922635e-01
11 43 4 0.93148849 1.10389498 0.72193206 0.71790177 0.78574205 2.078879795498e-03 6.073953369926e-06 2.239702153871e-01 1.379247150297e-05 2.594616414596e-01
11 44 4 0.93148849 1.10389498 0.72193206 0.71790177 0.78574205 2.500744417477e-03 5.655534053706e-06 2.328721920973e-01 1.400069638640e-05 2.684618894851e-01
11 45 4 0.93148849 1.10389498 0.72193206 0.71790177 0.78574205 2.750489810405e-03 4.483769747992e-06 2.424502607782e-01 1.423705787692e-05 2.771437147472e-01
11 46 4 0.93148849 1.10389498 0.72193206 0.71790177 0.78574205 2.463318399517e-03 2.897206122916e-06 2.528192828286e-01 1.450063574858e-05 2.852854152979e-01
11 47 4 0.93148849 1.10389498 0.72193206 0.71790177 0.78574205 2.599307878731e-03 1.363372597906e-06 2.628646718539e-01 1.479044344332e-05 2.931034714184e-01
11 48 4 0.93148849 1.10389498 0.72193206 0.71790177 0.78574205 2.819645578381e-03 3.466333025622e-07 2.731953539177e-01 1.510543049467e-05 3.011964259930e-01
11 49 4 0.93148849 1.10389498 0.72193206 0.71790177 0.78574205 2.941330845737e-03 1.752922551962e-07 2.833031637668e-01 1.544448510490e-05 3.103306359584e-01
11 50 4 0.93148849 1.10389498 0.72193206 0.71790177 0.78574205 3.065545374130e-03 9.460659640228e-07 2.929380879721e-01 1.580643687123e-05 3.211419939671e-01
11 51 4 0.93148849 1.10389498 0.72193206 0.71790177 0.78574205 2.871148717842e-03 2.493208741915e-06 3.040915045411e-01 1.619005965637e-05 3.338677465746e-01
11 52 4 0.93148849 1.10389498 0.72193206 0.71790177 0.78574205 3.158239451145e-03 4.430954474186e-06 3.144857098975e-01 1.659407459872e-05 3.482198043334e-01
11 53 4 0.93148849 1.10389498 0.72193206 0.71790177 0.78574205 3.704851556120e-03 6.257182107919e-06 3.267194866925e-01 1.701715325679e-05 3.634626387680e-01
11 54 4 0.93148849 1.10389498 0.72193206 0.71790177 0.78574205 3.312629658244e-03 7.489431152968e-06 3.399198759314e-01 1.745792088272e-05 3.786805632356e-01
11 55 4 0.93148849 1.10389498 0.72193206 0.71790177 0.78574205 3.259421671300e-03 7.796219425190e-06 3.524305869751e-01 1.791495981927e-05 3.931402913397e-01
11 56 4 0.93148849 1.10389498 0.72193206 0.71790177 0.78574205 4.036172104984e-03 7.088859266268e-06 3.675431980622e-01 1.838681301440e-05 4.066075834786e-01
11 57 4 0.93148849 1.10389498 0.72193206 0.71790177 0.78574205 4.011220999932e-03 5.550301672871e-06 3.808845584349e-01 1.887198764748e-05 4.194838268218e-01
11 58 4 0.93148849 1.10389498 0.72193206 0.71790177 0.78574205 3.750238398683e-03 3.594224195934e-06 3.950019015435e-01 1.936895886101e-05 4.326914608163e-01
11 59 4 0.93148849 1.10389498 0.72193206 0.71790177 0.78574205 4.128748973695e-03 1.764894338651e-06 4.102289191227e-01 1.987617359124e-05 4.473350580745e-01
11 60 4 0.93148849 1.10389498 0.72193206 0.71790177 0.78574205 4.411985365450e-03 6.020847535889e-07 4.237790908800e-01 2.039205449133e-05 4.642599817485e-01
11 61 4 0.93148849 1.10389498 0.72193206 0.71790177 0.78574205 4.637828821679e-03 5.028523922507e-07 4.403234363725e-01 2.091500394014e-05 4.836830611285e-01
11 62 4 0.93148849 1.10389498 0.72193206 0.71790177 0.78574205 4.610803909504e-03 1.612523942298e-06 4.568420527571e-01 2.144340813005e-05 5.050541395180e-01
11 63 4 0.93148849 1.10389498 0.72193206 0.71790177 0.78574205 4.470949071805e-03 3.771395252119e-06 4.741669911150e-01 2.197564122611e-05 5.272243877179e-01
14 0 4 1.03058776 0.86182203 0.90745806 1.11204953 1.17983122 1.759774086055e+00 8.513482315837e-01 9.241552035983e-06 2.345676152776e+00 2.952728696498e+00
14 1 4 1.03058776 0.86182203 0.90745806 1.11204953 1.17983122 1.689378537046e+00 8.346280230626e-01 1.042704015262e-05 2.239246550166e+00 2.840150965887e+00
14 2 4 1.03058776 0.86182203 0.90745806 1.11204953 1.17983122 1.619094857302e+00 8.113214118087e-01 1.114701801051e-05 2.141767533938e+00 2.759436015814e+00
14 3 4 1.03058776 0.86182203 0.90745806 1.11204953 1.17983122 1.558259858961e+00 7.726883077807e-01 1.085275501280e-05 2.090382607219e+00 2.657383782976e+00
14 4 4 1.03058776 0.86182203 0.90745806 1.11204953 1.17983122 1.486314986955e+00 7.339900716246e-01 9.488887043480e-06 2.012909803414e+00 2.568205992654e+00
14 5 4 1.03058776 0.86182203 0.90745806 1.11204953 1.17983122 1.399149520774e+00 6.974375273816e-01 7.402851574442e-06 1.926323984222e+00 2.493091128239e+00
14 6 4 1.03058776 0.86182203 0.90745806 1.11204953 1.17983122 1.338126043536e+00 6.677332153503e-01 5.129987866558e-06 1.879855789320e+00 2.401724443268e+00
14 7 4 1.03058776 0.86182203 0.90745806 1.11204953 1.17983122 1.320959781704e+00 6.446726669742e-01 3.156122427688e-06 1.811320368881e+00 2.300380690636e+00
14 8 4 1.03058776 0.86182203 0.90745806 1.11204953 1.17983122 1.294390633321e+00 6.235476984856e-01 1.751739381530e-06 1.734560015406e+00 2.213681160795e+00
14 9 4 1.03058776 0.86182203 0.90745806 1.11204953 1.17983122 1.260441095903e+00 6.112519211409e-01 9.292037785821e-07 1.679259841865e+00 2.102925575692e+00
14 10 4 1.03058776 0.86182203 0.90745806 1.11204953 1.17983122 1.220092456080e+00 5.982329935844e-01 5.177259599927e-07 1.619236129725e+00 2.012682410927e+00
14 11 4 1.03058776 0.86182203 0.90745806 1.11204953 1.17983122 1.167152696536e+00 5.840833564926e-01 3.036618392067e-07 1.567613651683e+00 1.923077104517e+00
14 12 4 1.03058776 0.86182203 0.90745806 1.11204953 1.17983122 1.116634040695e+00 5.620956112131e-01 1.637318050583e-07 1.509573750164e+00 1.855520623032e+00
14 13 4 1.03058776 0.86182203 0.90745806 1.11204953 1.17983122 1.073811449578e+00 5.343095157895e-01 1.307172167219e-07 1.447785414966e+00 1.797840275872e+00
14 14 4 1.03058776 0.86182203 0.90745806 1.11204953 1.17983122 1.039034136365e+00 5.092631959536e-01 3.669722057223e-07 1.407581774355e+00 1.744883242236e+00
14 15 4 1.03058776 0.86182203 0.90745806 1.11204953 1.17983122 1.001851837190e+00 4.892388278521e-01 1.063904188598e-06 1.364357412014e+00 1.720623100510e+00
14 16 4 1.03058776 0.86182203 0.90745806 1.11204953 1.17983122 9.746828917449e-01 4.777831194681e-01 2.317459513983e-06 1.319145778225e+00 1.671612689914e+00
14 17 4 1.03058776 0.86182203 0.90745806 1.11204953 1.17983122 9.512071055538e-01 4.681234888660e-01 4.038538685706e-06 1.284548719633e+00 1.637280719459e+00
14 18 4 1.03058776 0.86182203 0.90745806 1.11204953 1.17983122 9.280556849257e-01 4.564561431022e-01 5.941150296686e-06 1.261789323925e+00 1.605310257366e+00
14 19 4 1.03058776 0.86182203 0.90745806 1.11204953 1.17983122 9.065621187702e-01 4.407158123644e-01 7.617937464536e-06 1.228149036511e+00 1.558550807295e+00
14 20 4 1.03058776 0.86182203 0.90745806 1.11204953 1.17983122 8.760071580067e-01 4.241964182571e-01 8.676486819335e-06 1.175399932314e+00 1.514455998338e+00
14 21 4 1.03058776 0.86182203 0.90745806 1.11204953 1.17983122 8.378353161964e-01 4.113569679903e-01 8.884821741798e-06 1.151268459799e+00 1.495055106179e+00
14 22 4 1.03058776 0.86182203 0.90745806 1.11204953 1.17983122 8.172995132953e-01 4.054231820690e-01 8.269826895120e-06 1.126887867196e+00 1.444990346243e+00
14 23 4 1.03058776 0.86182203 0.90745806 1.11204953 1.17983122 8.208259842085e-01 4.037277270708e-01 7.129067950145e-06 1.091168505663e+00 1.417146318902e+00
14 24 4 1.03058776 0.86182203 0.90745806 1.11204953 1.17983122 8.200571937429e-01 4.034721018434e-01 5.947689682060e-06 1.084663518433e+00 1.403578047910e+00
14 25 4 1.03058776 0.86182203 0.90745806 1.11204953 1.17983122 8.055312295075e-01 4.021919697498e-01 5.246079141002e-06 1.074503973830e+00 1.353808838440e+00
14 26 4 1.03058776 0.86182203 0.90745806 1.11204953 1.17983122 7.888437885919e-01 3.973281209268e-01 5.408669138995e-06 1.072265375632e+00 1.333987571185e+00
14 27 4 1.03058776 0.86182203 0.90745806 1.11204953 1.17983122 7.798047599419e-01 3.904123636405e-01 6.551345637577e-06 1.061934352917e+00 1.315520011331e+00
14 28 4 1.03058776 0.86182203 0.90745806 1.11204953 1.17983122 7.711098581682e-01 3.772224960843e-01 8.472472074731e-06 1.025474781412e+00 1.274513138678e+00
14 29 4 1.03058776 0.86182203 0.90745806 1.11204953 1.17983122 7.610261621764e-01 3.634955862765e-01 1.070518255131e-05 1.035748136330e+00 1.265475938409e+00
14 30 4 1.03058776 0.86182203 0.90745806 1.11204953 1.17983122 7.396081233041e-01 3.530837531213e-01 1.265561543615e-05 1.029421126208e+00 1.272927748055e+00
14 31 4 1.03058776 0.86182203 0.90745806 1.11204953 1.17983122 7.297164339560e-01 3.533153080779e-01 1.378390952388e-05 9.948910908856e-01 1.252121575605e+00
14 32 4 1.03058776 0.86182203 0.90745806 1.11204953 1.17983122 7.546726887364e-01 3.662976806565e-01 1.377086907753e-05 1.032722926910e+00 1.289411492347e+00
14 33 4 1.03058776 0.86182203 0.90745806 1.11204953 1.17983122 7.823029991689e-01 3.825131517744e-01 1.261747449937e-05 1.057008509153e+00 1.311763314222e+00
14 34 4 1.03058776 0.86182203 0.90745806 1.11204953 1.17983122 7.922738973136e-01 3.972662706741e-01 1.064543609332e-05 1.041305345821e+00 1.323194705406e+00
14 35 4 1.03058776 0.86182203 0.90745806 1.11204953 1.17983122 7.916217074503e-01 4.021647771671e-01 8.398172901258e-06 1.067588475885e+00 1.366670413816e+00
14 36 4 1.03058776 0.86182203 0.90745806 1.11204953 1.17983122 7.991373797014e-01 4.019477349305e-01 6.473207712318e-06 1.084944058518e+00 1.390726814318e+00
14 37 4 1.03058776 0.86182203 0.90745806 1.11204953 1.17983122 8.097533011802e-01 3.996700835840e-01 5.339014482181e-06 1.079526953622e+00 1.396389373801e+00
14 38 4 1.03058776 0.86182203 0.90745806 1.11204953 1.17983122 8.199144193870e-01 3.980791087688e-01 5.194635667116e-06 1.093225691766e+00 1.433614332233e+00
14 39 4 1.03058776 0.86182203 0.90745806 1.11204953 1.17983122 8.242826017876e-01 4.008673145067e-01 5.916826344575e-06 1.114800609379e+00 1.452828898876e+00
14 40 4 1.03058776 0.86182203 0.90745806 1.11204953 1.17983122 8.294706596108e-01 4.072130056092e-01 7.111024148436e-06 1.151151310472e+00 1.460119043219e+00
14 41 4 1.03058776 0.86182203 0.90745806 1.11204953 1.17983122 8.609524271014e-01 4.207296477895e-01 8.248117324638e-06 1.188400045679e+00 1.511566823510e+00
14 42 4 1.03058776 0.86182203 0.90745806 1.11204953 1.17983122 9.056966966512e-01 4.383117149744e-01 8.840219040164e-06 1.212502344756e+00 1.533271666514e+00
14 43 4 1.03058776 0.86182203 0.90745806 1.11204953 1.17983122 9.354782559000e-01 4.566076472803e-01 8.595551552276e-06 1.256464759674e+00 1.563165578015e+00
14 44 4 1.03058776 0.86182203 0.90745806 1.11204953 1.17983122 9.520870592335e-01 4.712000398539e-01 7.500229136744e-06 1.296110556442e+00 1.616924863043e+00
14 45 4 1.03058776 0.86182203 0.90745806 1.11204953 1.17983122 9.746729925087e-01 4.820832427431e-01 5.801153173306e-06 1.311874163595e+00 1.645031322131e+00
14 46 4 1.03058776 0.86182203 0.90745806 1.11204953 1.17983122 1.002019136984e+00 4.927447465258e-01 3.900365597688e-06 1.349547741772e+00 1.686204973777e+00
14 47 4 1.03058776 0.86182203 0.90745806 1.11204953 1.17983122 1.036531254673e+00 5.094104791553e-01 2.203877471360e-06 1.404082607062e+00 1.741402385762e+00
14 48 4 1.03058776 0.86182203 0.90745806 1.11204953 1.17983122 1.076385912142e+00 5.323815400989e-01 9.845951237677e-07 1.451045585241e+00 1.793965205648e+00
14 49 4 1.03058776 0.86182203 0.90745806 1.11204953 1.17983122 1.120183367033e+00 5.585409927145e-01 3.124209506400e-07 1.499737261816e+00 1.859517155138e+00
14 50 4 1.03058776 0.86182203 0.90745806 1.11204953 1.17983122 1.160792772217e+00 5.818941856620e-01 7.658200249744e-08 1.559722277342e+00 1.950667395895e+00
14 51 4 1.03058776 0.86182203 0.90745806 1.11204953 1.17983122 1.206620395820e+00 5.958266893973e-01 8.619870083163e-08 1.623111018942e+00 2.036777792617e+00
14 52 4 1.03058776 0.86182203 0.90745806 1.11204953 1.17983122 1.253409756539e+00 6.073519915864e-01 2.007465732280e-07 1.674235035051e+00 2.137518776248e+00
14 53 4 1.03058776 0.86182203 0.90745806 1.11204953 1.17983122 1.282206701317e+00 6.180889940286e-01 4.272597670673e-07 1.731568371891e+00 2.233438617749e+00
14 54 4 1.03058776 0.86182203 0.90745806 1.11204953 1.17983122 1.315936553766e+00 6.391860854496e-01 9.336142421190e-07 1.796524526375e+00 2.327294935697e+00
14 55 4 1.03058776 0.86182203 0.90745806 1.11204953 1.17983122 1.348918464047e+00 6.675590180455e-01 1.963678165797e-06 1.866023175918e+00 2.407603164225e+00
14 56 4 1.03058776 0.86182203 0.90745806 1.11204953 1.17983122 1.393616675697e+00 6.997783624343e-01 3.686488743947e-06 1.941037650219e+00 2.476726791226e+00
14 57 4 1.03058776 0.86182203 0.90745806 1.11204953 1.17983122 1.471342894422e+00 7.369477646751e-01 6.048139275462e-06 1.993490793435e+00 2.562823052614e+00
14 58 4 1.03058776 0.86182203 0.90745806 1.11204953 1.17983122 1.571512068856e+00 7.713145020929e-01 8.704196557265e-06 2.072424220180e+00 2.624460240605e+00
14 59 4 1.03058776 0.86182203 0.90745806 1.11204953 1.17983122 1.642357637907e+00 8.081309767789e-01 1.108476244850e-05 2.169214508287e+00 2.713098515806e+00
14 60 4 1.03058776 0.86182203 0.90745806 1.11204953 1.17983122 1.682663936280e+00 8.338303922420e-01 1.259075105291e-05 2.226825226821e+00 2.814243314119e+00
14 61 4 1.03058776 0.86182203 0.90745806 1.11204953 1.17983122 1.742014504758e+00 8.514900229080e-01 1.285867142109e-05 2.321860468184e+00 2.916803474567e+00
14 62 4 1.03058776 0.86182203 0.90745806 1.11204953 1.17983122 1.799411799851e+00 8.672828412709e-01 1.198821077237e-05 2.438227407567e+00 3.009752704916e+00
14 63 4 1.03058776 0.86182203 0.90745806 1.11204953 1.17983122 1.848931276882e+00 8.919794691642e-01 1.062363848263e-05 2.516086352640e+00 3.160808296751e+00
16 0 4 1.69136299 1.21522218 1.98752159 1.12908772 3.17140522 1.216864747764e+01 3.332635508554e+00 5.542551164259e-03 2.458532412772e+00 1.359275378688e+02
16 1 4 1.69136299 1.21522218 1.98752159 1.12908772 3.17140522 1.172275965794e+01 3.171677720674e+00 5.349972364140e-03 2.423821472834e+00 1.309718730858e+02
16 2 4 1.69136299 1.21522218 1.98752159 1.12908772 3.17140522 1.125750344892e+01 3.002617518655e+00 5.175100893609e-03 2.314669274401e+00 1.265682652811e+02
16 3 4 1.69136299 1.21522218 1.98752159 1.12908772 3.17140522 1.087822900856e+01 2.899517102760e+00 5.015816785777e-03 2.209438183241e+00 1.230555682203e+02
16 4 4 1.69136299 1.21522218 1.98752159 1.12908772 3.17140522 1.048276205896e+01 2.793400461040e+00 4.869868986981e-03 2.141148962105e+00 1.182335160262e+02
16 5 4 1.69136299 1.21522218 1.98752159 1.12908772 3.17140522 9.940226689154e+00 2.691123719001e+00 4.734968801907e-03 2.072053295032e+00 1.149478229458e+02
16 6 4 1.69136299 1.21522218 1.98752159 1.12908772 3.17140522 9.592232284991e+00 2.628425338185e+00 4.608877011983e-03 1.988576052343e+00 1.111635087780e+02
16 7 4 1.69136299 1.21522218 1.98752159 1.12908772 3.17140522 9.351660399460e+00 2.529570077563e+00 4.489481657123e-03 1.896711906606e+00 1.071303316214e+02
16 8 4 1.69136299 1.21522218 1.98752159 1.12908772 3.17140522 8.914176946272e+00 2.439520318753e+00 4.374864116910e-03 1.823073243436e+00 1.042839990166e+02
16 9 4 1.69136299 1.21522218 1.98752159 1.12908772 3.17140522 8.612369932309e+00 2.392286712924e+00 4.263351830982e-03 1.757761316634e+00 1.003168289903e+02
16 10 4 1.69136299 1.21522218 1.98752159 1.12908772 3.17140522 8.361417085503e+00 2.307539004731e+00 4.153556723233e-03 1.718964543026e+00 9.742515334736e+01
16 11 4 1.69136299 1.21522218 1.98752159 1.12908772 3.17140522 8.077243794409e+00 2.214223479816e+00 4.044399105564e-03 1.672161609541e+00 9.411083232647e+01
16 12 4 1.69136299 1.21522218 1.98752159 1.12908772 3.17140522 7.846526067107e+00 2.141983434421e+00 3.935117501396e-03 1.599755199911e+00 9.105198961600e+01
16 13 4 1.69136299 1.21522218 1.98752159 1.12908772 3.17140522 7.594532741262e+00 2.079044753173e+00 3.825265418754e-03 1.547568289736e+00 8.828270021484e+01
16 14 4 1.69136299 1.21522218 1.98752159 1.12908772 3.17140522 7.368381340757e+00 2.016697109009e+00 3.714696594025e-03 1.520411587928e+00 8.520446570247e+01
16 15 4 1.69136299 1.21522218 1.98752159 1.12908772 3.17140522 7.197897609495e+00 1.949024204910e+00 3.603540603175e-03 1.490299813716e+00 8.287239806503e+01
16 16 4 1.69136299 1.21522218 1.98752159 1.12908772 3.17140522 7.018874312105e+00 1.896420382092e+00 3.492170987081e-03 1.405517660042e+00 8.003928452657e+01
16 17 4 1.69136299 1.21522218 1.98752159 1.12908772 3.17140522 6.758162046120e+00 1.823187220296e+00 3.381168157622e-03 1.331470847534e+00 7.777696440573e+01
16 18 4 1.69136299 1.21522218 1.98752159 1.12908772 3.17140522 6.573388235656e+00 1.776914416714e+00 3.271279344717e-03 1.316530666811e+00 7.561587393104e+01
16 19 4 1.69136299 1.21522218 1.98752159 1.12908772 3.17140522 6.464231566241e+00 1.739283209654e+00 3.163377720864e-03 1.287817093842e+00 7.327623316817e+01
16 20 4 1.69136299 1.21522218 1.98752159 1.12908772 3.17140522 6.308023379202e+00 1.691045545180e+00 3.058422613922e-03 1.242729002980e+00 7.165438747676e+01
16 21 4 1.69136299 1.21522218 1.98752159 1.12908772 3.17140522 6.094669028918e+00 1.647564834565e+00 2.957422410524e-03 1.207923665087e+00 6.965222504124e+01
16 22 4 1.69136299 1.21522218 1.98752159 1.12908772 3.17140522 5.908016994394e+00 1.624482067823e+00 2.861401384565e-03 1.194012336527e+00 6.819274451668e+01
16 23 4 1.69136299 1.21522218 1.98752159 1.12908772 3.17140522 5.813569601296e+00 1.601850152854e+00 2.771371282674e-03 1.186910729656e+00 6.680576794149e+01
16 24 4 1.69136299 1.21522218 1.98752159 1.12908772 3.17140522 5.765835571347e+00 1.581070716560e+00 2.688308087252e-03 1.179751944625e+00 6.541243877603e+01
16 25 4 1.69136299 1.21522218 1.98752159 1.12908772 3.17140522 5.604281653649e+00 1.538435430008e+00 2.613133982548e-03 1.169151782487e+00 6.468761812994e+01
16 26 4 1.69136299 1.21522218 1.98752159 1.12908772 3.17140522 5.454742894767e+00 1.503726540831e+00 2.546704193293e-03 1.125834257468e+00 6.342169982887e+01
16 27 4 1.69136299 1.21522218 1.98752159 1.12908772 3.17140522 5.409198928763e+00 1.471343883547e+00 2.489798068509e-03 1.093148653578e+00 6.312799734479e+01
16 28 4 1.69136299 1.21522218 1.98752159 1.12908772 3.17140522 5.399455434282e+00 1.434176298070e+00 2.443113560777e-03 1.101639363731e+00 6.248561400409e+01
16 29 4 1.69136299 1.21522218 1.98752159 1.12908772 3.17140522 5.400825828367e+00 1.415535682043e+00 2.407264114160e-03 1.110273928001e+00 6.200289752007e+01
16 30 4 1.69136299 1.21522218 1.98752159 1.12908772 3.17140522 5.351458874609e+00 1.411562703480e+00 2.382776927377e-03 1.074424602190e+00 6.240182562995e+01
16 31 4 1.69136299 1.21522218 1.98752159 1.12908772 3.17140522 5.252345112029e+00 1.394675293643e+00 2.370091602204e-03 1.039547419857e+00 6.183359253930e+01
16 32 4 1.69136299 1.21522218 1.98752159 1.12908772 3.17140522 5.385427727065e+00 1.439172367670e+00 2.369558314645e-03 1.087606625309e+00 6.257063019656e+01
16 33 4 1.69136299 1.21522218 1.98752159 1.12908772 3.17140522 5.496246333531e+00 1.478176648679e+00 2.381434846978e-03 1.136898666378e+00 6.287005334526e+01
16 34 4 1.69136299 1.21522218 1.98752159 1.12908772 3.17140522 5.481678633285e+00 1.499662125351e+00 2.405882076992e-03 1.123533470906e+00 6.322448735715e+01
16 35 4 1.69136299 1.21522218 1.98752159 1.12908772 3.17140522 5.523048716545e+00 1.540153834952e+00 2.442957817480e-03 1.113663410856e+00 6.444671143836e+01
16 36 4 1.69136299 1.21522218 1.98752159 1.12908772 3.17140522 5.618628033941e+00 1.568685005374e+00 2.492609212892e-03 1.145041161232e+00 6.496628521968e+01
16 37 4 1.69136299 1.21522218 1.98752159 1.12908772 3.17140522 5.768054875276e+00 1.585641254431e+00 2.554664208381e-03 1.185933261128e+00 6.626806200100e+01
16 38 4 1.69136299 1.21522218 1.98752159 1.12908772 3.17140522 5.929568429310e+00 1.613133335865e+00 2.628822886598e-03 1.187026982737e+00 6.756341013930e+01
16 39 4 1.69136299 1.21522218 1.98752159 1.12908772 3.17140522 5.971666280457e+00 1.624455573783e+00 2.714649698327e-03 1.183988292530e+00 6.873595629698e+01
16 40 4 1.69136299 1.21522218 1.98752159 1.12908772 3.17140522 6.056794337989e+00 1.640004646721e+00 2.811567775860e-03 1.202377364187e+00 7.059826095335e+01
16 41 4 1.69136299 1.21522218 1.98752159 1.12908772 3.17140522 6.251969301177e+00 1.670692336771e+00 2.918856597904e-03 1.229241755371e+00 7.195649613845e+01
16 42 4 1.69136299 1.21522218 1.98752159 1.12908772 3.17140522 6.446795143268e+00 1.717369597275e+00 3.035654261646e-03 1.276140275443e+00 7.405175068840e+01
16 43 4 1.69136299 1.21522218 1.98752159 1.12908772 3.17140522 6.571842789128e+00 1.771483236961e+00 3.160965506464e-03 1.327267677594e+00 7.585081554240e+01
16 44 4 1.69136299 1.21522218 1.98752159 1.12908772 3.17140522 6.679196382071e+00 1.816117096598e+00 3.293676425515e-03 1.365693185555e+00 7.788190518727e+01
16 45 4 1.69136299 1.21522218 1.98752159 1.12908772 3.17140522 6.854686644770e+00 1.862541835674e+00 3.432576502815e-03 1.390988244230e+00 8.035123161005e+01
16 46 4 1.69136299 1.21522218 1.98752159 1.12908772 3.17140522 7.123628937027e+00 1.938492903097e+00 3.576388236967e-03 1.458349194745e+00 8.224866950793e+01
16 47 4 1.69136299 1.21522218 1.98752159 1.12908772 3.17140522 7.309455977111e+00 1.997099096019e+00 3.723804175897e-03 1.543652470317e+00 8.512997748880e+01
16 48 4 1.69136299 1.21522218 1.98752159 1.12908772 3.17140522 7.483034914133e+00 2.055145353789e+00 3.873530712048e-03 1.561706151893e+00 8.739485293159e+01
16 49 4 1.69136299 1.21522218 1.98752159 1.12908772 3.17140522 7.742336721138e+00 2.126914131679e+00 4.024337499790e-03 1.577812024038e+00 9.017655190338e+01
16 50 4 1.69136299 1.21522218 1.98752159 1.12908772 3.17140522 8.040869109701e+00 2.191816422779e+00 4.175110884049e-03 1.636625648489e+00 9.310446729474e+01
16 51 4 1.69136299 1.21522218 1.98752159 1.12908772 3.17140522 8.311861411433e+00 2.273005444274e+00 4.324909299581e-03 1.713144764126e+00 9.580455536582e+01
16 52 4 1.69136299 1.21522218 1.98752159 1.12908772 3.17140522 8.623649263303e+00 2.363099193322e+00 4.473018241648e-03 1.770253145732e+00 9.926394961958e+01
16 53 4 1.69136299 1.21522218 1.98752159 1.12908772 3.17140522 8.966832356586e+00 2.452580450689e+00 4.619002146473e-03 1.811888860918e+00 1.020721632426e+02
16 54 4 1.69136299 1.21522218 1.98752159 1.12908772 3.17140522 9.294896799992e+00 2.511157871869e+00 4.762750375477e-03 1.892601393875e+00 1.059029568928e+02
16 55 4 1.69136299 1.21522218 1.98752159 1.12908772 3.17140522 9.755910487233e+00 2.601173542941e+00 4.904514487941e-03 1.982511966718e+00 1.092367760350e+02
16 56 4 1.69136299 1.21522218 1.98752159 1.12908772 3.17140522 1.009157639128e+01 2.730102743550e+00 5.044934122844e-03 2.072221086684e+00 1.128726613405e+02
16 57 4 1.69136299 1.21522218 1.98752159 1.12908772 3.17140522 1.041678678960e+01 2.814431922084e+00 5.185049096413e-03 2.153773555678e+00 1.173290507133e+02
16 58 4 1.69136299 1.21522218 1.98752159 1.12908772 3.17140522 1.099456708955e+01 2.931773023548e+00 5.326295753563e-03 2.216770130402e+00 1.207929113357e+02
16 59 4 1.69136299 1.21522218 1.98752159 1.12908772 3.17140522 1.141043093296e+01 3.078636351633e+00 5.470486177810e-03 2.289484088019e+00 1.255999012965e+02
16 60 4 1.69136299 1.21522218 1.98752159 1.12908772 3.17140522 1.171489016760e+01 3.204557243458e+00 5.619769546861e-03 2.384867469104e+00 1.302946991198e+02
16 61 4 1.69136299 1.21522218 1.98752159 1.12908772 3.17140522 1.219065029622e+01 3.369302676953e+00 5.776575694129e-03 2.492534421097e+00 1.343394804075e+02
16 62 4 1.69136299 1.21522218 1.98752159 1.12908772 3.17140522 1.263533623539e+01 3.535462306991e+00 5.943541768681e-03 2.539292895812e+00 1.404087221230e+02
16 63 4 1.69136299 1.21522218 1.98752159 1.12908772 3.17140522 1.313422547006e+01 3.637348046248e+00 6.123423740912e-03 2.612349260334e+00 1.447739537011e+02
17 0 4 0.62355368 0.69439284 0.54648878 0.52127299 0.56157539 6.063638538692e-03 8.527282557656e-07 1.342537657447e-01 2.349682909200e-06 1.382036102968e-01
17 1 4 0.62355368 0.69439284 0.54648878 0.52127299 0.56157539 6.016977423108e-03 5.052011550585e-07 1.294875243307e-01 2.506723055225e-06 1.326778036582e-01
17 2 4 0.62355368 0.69439284 0.54648878 0.52127299 0.56157539 5.761897990152e-03 1.510220209804e-06 1.243338186319e-01 1.167187097423e-06 1.301352126487e-01
17 3 4 0.62355368 0.69439284 0.54648878 0.52127299 0.56157539 5.185826956590e-03 3.627277340958e-06 1.202709296312e-01 3.179753849620e-07 1.244835433835e-01
17 4 4 0.62355368 0.69439284 0.54648878 0.52127299 0.56157539 5.185156534258e-03 1.569098045855e-06 1.164546413589e-01 3.217071883672e-07 1.206290213933e-01
17 5 4 0.62355368 0.69439284 0.54648878 0.52127299 0.56157539 5.307696738715e-03 4.330779035592e-06 1.125534590399e-01 7.183163318681e-07 1.157310909227e-01
17 6 4 0.62355368 0.69439284 0.54648878 0.52127299 0.56157539 4.896819990861e-03 3.870016040949e-06 1.094107112089e-01 2.957159208045e-07 1.100166850087e-01
17 7 4 0.62355368 0.69439284 0.54648878 0.52127299 0.56157539 4.452087019900e-03 2.653139440345e-06 1.058880308966e-01 4.174708925460e-07 1.066432611816e-01
17 8 4 0.62355368 0.69439284 0.54648878 0.52127299 0.56157539 4.483989332764e-03 2.990618453479e-06 1.031162780495e-01 1.547778179977e-06 1.006990900826e-01
17 9 4 0.62355368 0.69439284 0.54648878 0.52127299 0.56157539 4.598900230934e-03 3.039959522544e-06 1.003088968115e-01 6.489687125419e-07 9.860834166773e-02
17 10 4 0.62355368 0.69439284 0.54648878 0.52127299 0.56157539 4.155178080317e-03 5.930201152450e-07 9.781052492143e-02 4.488207889243e-07 9.413282422929e-02
17 11 4 0.62355368 0.69439284 0.54648878 0.52127299 0.56157539 3.841620175519e-03 1.572121058882e-06 9.549467722866e-02 3.967631992866e-06 9.235361078083e-02
17 12 4 0.62355368 0.69439284 0.54648878 0.52127299 0.56157539 3.999455454056e-03 7.322448236811e-07 9.293973783262e-02 3.918823573342e-06 8.933396454456e-02
17 13 4 0.62355368 0.69439284 0.54648878 0.52127299 0.56157539 3.804946838521e-03 8.221883469330e-07 9.047595219769e-02 1.425956138905e-07 8.714294373548e-02
17 14 4 0.62355368 0.69439284 0.54648878 0.52127299 0.56157539 3.612320898800e-03 6.102282665989e-07 8.749735190412e-02 2.958287304915e-06 8.436260228089e-02
17 15 4 0.62355368 0.69439284 0.54648878 0.52127299 0.56157539 3.568779248995e-03 1.533083122178e-06 8.453322793979e-02 7.164430643975e-06 8.181324837875e-02
17 16 4 0.62355368 0.69439284 0.54648878 0.52127299 0.56157539 3.240996639770e-03 3.484287810286e-06 8.127600206360e-02 2.867582395184e-06 7.862333377313e-02
17 17 4 0.62355368 0.69439284 0.54648878 0.52127299 0.56157539 3.334329642814e-03 4.019411666103e-07 7.813891571929e-02 4.584681143005e-07 7.623209113913e-02
17 18 4 0.62355368 0.69439284 0.54648878 0.52127299 0.56157539 3.442837072343e-03 5.684685808385e-06 7.525911511347e-02 5.491846478691e-06 7.326187110480e-02
17 19 4 0.62355368 0.69439284 0.54648878 0.52127299 0.56157539 2.901655155660e-03 2.347201575303e-06 7.258313306366e-02 5.434823273556e-06 7.141802308484e-02
17 20 4 0.62355368 0.69439284 0.54648878 0.52127299 0.56157539 2.890078924054e-03 2.776702281762e-06 7.056209473839e-02 1.212861058499e-06 6.954718476891e-02
17 21 4 0.62355368 0.69439284 0.54648878 0.52127299 0.56157539 3.196309956065e-03 3.647781488003e-06 6.862826688878e-02 3.008404448668e-06 6.828695455993e-02
17 22 4 0.62355368 0.69439284 0.54648878 0.52127299 0.56157539 2.875376369268e-03 1.007954115905e-06 6.721326532239e-02 4.623498250028e-06 6.740213604088e-02
17 23 4 0.62355368 0.69439284 0.54648878 0.52127299 0.56157539 2.664510383242e-03 1.544381840561e-06 6.576741661599e-02 2.323155861097e-06 6.657697605706e-02
17 24 4 0.62355368 0.69439284 0.54648878 0.52127299 0.56157539 2.779066437645e-03 1.164407088287e-07 6.429839361942e-02 3.794284458283e-06 6.570914716713e-02
17 25 4 0.62355368 0.69439284 0.54648878 0.52127299 0.56157539 2.772579292110e-03 3.354420650528e-07 6.295032602275e-02 5.007504872862e-06 6.517876983005e-02
17 26 4 0.62355368 0.69439284 0.54648878 0.52127299 0.56157539 2.709579631236e-03 5.046147281007e-07 6.124372146467e-02 1.695284075309e-06 6.377059030127e-02
17 27 4 0.62355368 0.69439284 0.54648878 0.52127299 0.56157539 2.584560854430e-03 8.611768199829e-07 5.997065525279e-02 3.651540562457e-06 6.342264229802e-02
17 28 4 0.62355368 0.69439284 0.54648878 0.52127299 0.56157539 2.541679300875e-03 7.385166130247e-07 5.866556875986e-02 8.029620278878e-06 6.210866559573e-02
17 29 4 0.62355368 0.69439284 0.54648878 0.52127299 0.56157539 2.673608952370e-03 4.961894148202e-06 5.790173411555e-02 3.664845801124e-06 6.182936047818e-02
17 30 4 0.62355368 0.69439284 0.54648878 0.52127299 0.56157539 2.653219270810e-03 7.317579433669e-07 5.781871344303e-02 1.087199864558e-06 6.176646522136e-02
17 31 4 0.62355368 0.69439284 0.54648878 0.52127299 0.56157539 2.518874353293e-03 4.983287923997e-06 5.803132922672e-02 7.712640673388e-06 6.150330426513e-02
17 32 4 0.62355368 0.69439284 0.54648878 0.52127299 0.56157539 2.517195810304e-03 5.015095526957e-06 5.924565240906e-02 7.878738274255e-06 6.303565172440e-02
17 33 4 0.62355368 0.69439284 0.54648878 0.52127299 0.56157539 2.662492559377e-03 7.133925159023e-07 6.045572809143e-02 1.176281400455e-06 6.288161477986e-02
17 34 4 0.62355368 0.69439284 0.54648878 0.52127299 0.56157539 2.698874912733e-03 4.969583831734e-06 6.213284045968e-02 3.499058429167e-06 6.510045452273e-02
17 35 4 0.62355368 0.69439284 0.54648878 0.52127299 0.56157539 2.567133725425e-03 7.415037669524e-07 6.384609390695e-02 8.074144332643e-06 6.525737312087e-02
17 36 4 0.62355368 0.69439284 0.54648878 0.52127299 0.56157539 2.614701286991e-03 8.623978175926e-07 6.510875517376e-02 3.805475192060e-06 6.698416638410e-02
17 37 4 0.62355368 0.69439284 0.54648878 0.52127299 0.56157539 2.752972044568e-03 4.965607917686e-07 6.670072625776e-02 1.630259548860e-06 6.763074128733e-02
17 38 4 0.62355368 0.69439284 0.54648878 0.52127299 0.56157539 2.824684834549e-03 3.639636912170e-07 6.757008587190e-02 4.977886561425e-06 6.871157115216e-02
17 39 4 0.62355368 0.69439284 0.54648878 0.52127299 0.56157539 2.837033725911e-03 1.272122402765e-07 6.882418541141e-02 3.864698830559e-06 6.993566116410e-02
17 40 4 0.62355368 0.69439284 0.54648878 0.52127299 0.56157539 2.724799872201e-03 1.614751253345e-06 7.010328114104e-02 2.273779926911e-06 7.134918210676e-02
17 41 4 0.62355368 0.69439284 0.54648878 0.52127299 0.56157539 2.946402302890e-03 1.049834409065e-06 7.138717547697e-02 4.623025115396e-06 7.318810437800e-02
17 42 4 0.62355368 0.69439284 0.54648878 0.52127299 0.56157539 3.284631249288e-03 3.784227407086e-06 7.361571254867e-02 3.085654161354e-06 7.582739968780e-02
17 43 4 0.62355368 0.69439284 0.54648878 0.52127299 0.56157539 2.975818054351e-03 2.891584306183e-06 7.545981315010e-02 1.114566666833e-06 7.827190980003e-02
17 44 4 0.62355368 0.69439284 0.54648878 0.52127299 0.56157539 2.989005263810e-03 2.427478457376e-06 7.818053082434e-02 5.376845457321e-06 8.185693098463e-02
17 45 4 0.62355368 0.69439284 0.54648878 0.52127299 0.56157539 3.551082585643e-03 5.939450803983e-06 8.068795164765e-02 5.668193041906e-06 8.474327925927e-02
17 46 4 0.62355368 0.69439284 0.54648878 0.52127299 0.56157539 3.448775939318e-03 4.045564778126e-07 8.295247828828e-02 4.946541738837e-07 8.823052758501e-02
17 47 4 0.62355368 0.69439284 0.54648878 0.52127299 0.56157539 3.356470760242e-03 3.702827021843e-06 8.565791844730e-02 2.712879543493e-06 9.122435753176e-02
17 48 4 0.62355368 0.69439284 0.54648878 0.52127299 0.56157539 3.692227262889e-03 1.600103575640e-06 8.724510728850e-02 7.221840417728e-06 9.424580268848e-02
17 49 4 0.62355368 0.69439284 0.54648878 0.52127299 0.56157539 3.743776885974e-03 6.799923510585e-07 8.961262831195e-02 3.143813335211e-06 9.715098889758e-02
17 50 4 0.62355368 0.69439284 0.54648878 0.52127299 0.56157539 3.951513853115e-03 9.109061723828e-07 9.142189931981e-02 1.003448574229e-07 1.005978195635e-01
17 51 4 0.62355368 0.69439284 0.54648878 0.52127299 0.56157539 4.151286101393e-03 7.517797831838e-07 9.350671914712e-02 3.774626471989e-06 1.037809479907e-01
17 52 4 0.62355368 0.69439284 0.54648878 0.52127299 0.56157539 3.989182578957e-03 1.662299227046e-06 9.654465167349e-02 3.984774005516e-06 1.085918360581e-01
17 53 4 0.62355368 0.69439284 0.54648878 0.52127299 0.56157539 4.316280765893e-03 6.036576094951e-07 9.906174393463e-02 4.939606088518e-07 1.129215397996e-01
17 54 4 0.62355368 0.69439284 0.54648878 0.52127299 0.56157539 4.779858246113e-03 3.194611640774e-06 1.032865382681e-01 5.306781526380e-07 1.185246955921e-01
17 55 4 0.62355368 0.69439284 0.54648878 0.52127299 0.56157539 4.668249893637e-03 3.151171588605e-06 1.070059687941e-01 1.410830678514e-06 1.246032566708e-01
17 56 4 0.62355368 0.69439284 0.54648878 0.52127299 0.56157539 4.625937897064e-03 2.823572941228e-06 1.115325050373e-01 3.772956352287e-07 1.292357848423e-01
17 57 4 0.62355368 0.69439284 0.54648878 0.52127299 0.56157539 5.085598776697e-03 4.177620094502e-06 1.166817160591e-01 2.004023704027e-07 1.366403677258e-01
17 58 4 0.62355368 0.69439284 0.54648878 0.52127299 0.56157539 5.530208857462e-03 4.691166500445e-06 1.211401184923e-01 6.497250811398e-07 1.395451316957e-01
17 59 4 0.62355368 0.69439284 0.54648878 0.52127299 0.56157539 5.393634890430e-03 1.737538185177e-06 1.273427123796e-01 4.608475616976e-07 1.470841262226e-01
17 60 4 0.62355368 0.69439284 0.54648878 0.52127299 0.56157539 5.383238026488e-03 3.993462583260e-06 1.325653292454e-01 3.332360481279e-07 1.499150185761e-01
17 61 4 0.62355368 0.69439284 0.54648878 0.52127299 0.56157539 5.996576596896e-03 1.685269040264e-06 1.392044839405e-01 1.019471056652e-06 1.568402500588e-01
17 62 4 0.62355368 0.69439284 0.54648878 0.52127299 0.56157539 6.257139762206e-03 5.417566780770e-07 1.461087601340e-01 2.856711017957e-06 1.621492266222e-01
17 63 4 0.62355368 0.69439284 0.54648878 0.52127299 0.56157539 6.299820994131e-03 9.213663219447e-07 1.526434176028e-01 2.949248885483e-06 1.689517363000e-01
22 0 4 0.59454812 0.65216475 0.54142379 0.49301593 0.54502568 1.079209449505e-01 9.429361198028e-07 1.361133677802e-01 1.266480328384e-05 1.394927668578e-01
22 1 4 0.59454812 0.65216475 0.54142379 0.49301593 0.54502568 1.031434014024e-01 3.583445244487e-06 1.328063815253e-01 1.100274814816e-05 1.330252294578e-01
22 2 4 0.59454812 0.65216475 0.54142379 0.49301593 0.54502568 1.011491737457e-01 2.147526428866e-06 1.278201482324e-01 1.708028928805e-06 1.291260203396e-01
22 3 4 0.59454812 0.65216475 0.54142379 0.49301593 0.54502568 9.865066155479e-02 3.927344484023e-06 1.238082851049e-01 4.661603237588e-06 1.217956883973e-01
22 4 4 0.59454812 0.65216475 0.54142379 0.49301593 0.54502568 9.389711304295e-02 5.283656242975e-06 1.187674370916e-01 6.879210092193e-06 1.173675467069e-01
22 5 4 0.59454812 0.65216475 0.54142379 0.49301593 0.54502568 9.021207539480e-02 1.995886744238e-06 1.137570480077e-01 2.394967965424e-06 1.110570276257e-01
22 6 4 0.59454812 0.65216475 0.54142379 0.49301593 0.54502568 8.805374444236e-02 4.673637923883e-06 1.086075372646e-01 2.687738385497e-06 1.057932986579e-01
22 7 4 0.59454812 0.65216475 0.54142379 0.49301593 0.54502568 8.621774851911e-02 2.581362620245e-06 1.034451428952e-01 3.217715733550e-06 1.019169628961e-01
22 8 4 0.59454812 0.65216475 0.54142379 0.49301593 0.54502568 8.255734382175e-02 1.287786513315e-06 9.870263201429e-02 5.180414183267e-07 9.656215310499e-02
22 9 4 0.59454812 0.65216475 0.54142379 0.49301593 0.54502568 7.874028929877e-02 2.116399873413e-06 9.435934772193e-02 1.971832428301e-06 9.452469517050e-02
22 10 4 0.59454812 0.65216475 0.54142379 0.49301593 0.54502568 7.754590826440e-02 4.803250165886e-07 9.076481004742e-02 3.273809945325e-06 9.003437125485e-02
22 11 4 0.59454812 0.65216475 0.54142379 0.49301593 0.54502568 7.543332564575e-02 4.848088367742e-07 8.739716650485e-02 7.050542161218e-07 8.812343804879e-02
22 12 4 0.59454812 0.65216475 0.54142379 0.49301593 0.54502568 7.249802149857e-02 4.952571122105e-07 8.502835719833e-02 1.034681013006e-06 8.461811477368e-02
22 13 4 0.59454812 0.65216475 0.54142379 0.49301593 0.54502568 7.072444099276e-02 7.447033386669e-07 8.220301903306e-02 2.580559822515e-06 8.190108836712e-02
22 14 4 0.59454812 0.65216475 0.54142379 0.49301593 0.54502568 6.793410636717e-02 1.613168790323e-06 8.032995282293e-02 1.543012598092e-06 7.874397959342e-02
22 15 4 0.59454812 0.65216475 0.54142379 0.49301593 0.54502568 6.637659535717e-02 4.313043821659e-07 7.782760012387e-02 1.736048504309e-06 7.570009766439e-02
22 16 4 0.59454812 0.65216475 0.54142379 0.49301593 0.54502568 6.603979040645e-02 4.603461213474e-06 7.577574358581e-02 1.901332749738e-06 7.251057228992e-02
22 17 4 0.59454812 0.65216475 0.54142379 0.49301593 0.54502568 6.297314439442e-02 1.027735926238e-06 7.380938245664e-02 5.300545060668e-07 7.006070524168e-02
22 18 4 0.59454812 0.65216475 0.54142379 0.49301593 0.54502568 6.059068359387e-02 4.037129452245e-06 7.166668619995e-02 1.609904172487e-06 6.725639106860e-02
22 19 4 0.59454812 0.65216475 0.54142379 0.49301593 0.54502568 6.086960449204e-02 3.901844514278e-06 7.037477658008e-02 2.347104028494e-06 6.569184899043e-02
22 20 4 0.59454812 0.65216475 0.54142379 0.49301593 0.54502568 5.981867822908e-02 1.549736869469e-06 6.862555523791e-02 3.362919045020e-07 6.386013556577e-02
22 21 4 0.59454812 0.65216475 0.54142379 0.49301593 0.54502568 5.743451906357e-02 3.450865247700e-06 6.766090661990e-02 8.734826532823e-07 6.283077730132e-02
22 22 4 0.59454812 0.65216475 0.54142379 0.49301593 0.54502568 5.645469845764e-02 8.681009613121e-07 6.634792433190e-02 2.216281914772e-06 6.183036583279e-02
22 23 4 0.59454812 0.65216475 0.54142379 0.49301593 0.54502568 5.642892025667e-02 1.159732128003e-06 6.512715664507e-02 9.271901858712e-07 6.100511482698e-02
22 24 4 0.59454812 0.65216475 0.54142379 0.49301593 0.54502568 5.539439986601e-02 6.734930878595e-08 6.375367354037e-02 1.936870196735e-06 6.004324857329e-02
22 25 4 0.59454812 0.65216475 0.54142379 0.49301593 0.54502568 5.452246794864e-02 2.001431973713e-07 6.206288302315e-02 3.301899333953e-06 5.943035076575e-02
22 26 4 0.59454812 0.65216475 0.54142379 0.49301593 0.54502568 5.446134042685e-02 5.299195532083e-07 6.037807978663e-02 9.203750470919e-07 5.806355709261e-02
22 27 4 0.59454812 0.65216475 0.54142379 0.49301593 0.54502568 5.326691078175e-02 1.159552905815e-06 5.865283767889e-02 2.285773432476e-06 5.774190345005e-02
22 28 4 0.59454812 0.65216475 0.54142379 0.49301593 0.54502568 5.326547478169e-02 5.722277744131e-07 5.723957999040e-02 6.188772752247e-06 5.653493263619e-02
22 29 4 0.59454812 0.65216475 0.54142379 0.49301593 0.54502568 5.463669885013e-02 5.094345462254e-06 5.623741134633e-02 2.885181487488e-06 5.638244232676e-02
22 30 4 0.59454812 0.65216475 0.54142379 0.49301593 0.54502568 5.306832776850e-02 9.154381343560e-07 5.603282177488e-02 6.141740041083e-07 5.635387934970e-02
22 31 4 0.59454812 0.65216475 0.54142379 0.49301593 0.54502568 5.237505121159e-02 4.909594316439e-06 5.623044831018e-02 6.196788593221e-06 5.620154015890e-02
22 32 4 0.59454812 0.65216475 0.54142379 0.49301593 0.54502568 5.483280634124e-02 4.940885532001e-06 5.745706677700e-02 6.304574223669e-06 5.766156547094e-02
22 33 4 0.59454812 0.65216475 0.54142379 0.49301593 0.54502568 5.479111265126e-02 8.961093260720e-07 5.869680481027e-02 6.653395468182e-07 5.758854070765e-02
22 34 4 0.59454812 0.65216475 0.54142379 0.49301593 0.54502568 5.390019810174e-02 5.106808055150e-06 6.048786949067e-02 2.766197684044e-06 5.973181270555e-02
22 35 4 0.59454812 0.65216475 0.54142379 0.49301593 0.54502568 5.547034449420e-02 5.728217446207e-07 6.211529665565e-02 6.198893701264e-06 6.002051334881e-02
22 36 4 0.59454812 0.65216475 0.54142379 0.49301593 0.54502568 5.648885809083e-02 1.159973827642e-06 6.335738847812e-02 2.354869220269e-06 6.177757576976e-02
22 37 4 0.59454812 0.65216475 0.54142379 0.49301593 0.54502568 5.700361961499e-02 5.232412652776e-07 6.471886932910e-02 8.532369882986e-07 6.258587790002e-02
22 38 4 0.59454812 0.65216475 0.54142379 0.49301593 0.54502568 5.843002423924e-02 2.217756148670e-07 6.517966294874e-02 3.245175117640e-06 6.376810835497e-02
22 39 4 0.59454812 0.65216475 0.54142379 0.49301593 0.54502568 5.934768154075e-02 7.200422029198e-08 6.611575128529e-02 1.927439225028e-06 6.502092744574e-02
22 40 4 0.59454812 0.65216475 0.54142379 0.49301593 0.54502568 6.003014242727e-02 1.217290190360e-06 6.656412503366e-02 8.599382223570e-07 6.643880183502e-02
22 41 4 0.59454812 0.65216475 0.54142379 0.49301593 0.54502568 6.225263250182e-02 8.993292479067e-07 6.748934237022e-02 2.155747585402e-06 6.811282099354e-02
22 42 4 0.59454812 0.65216475 0.54142379 0.49301593 0.54502568 6.468821163272e-02 3.588403523127e-06 6.874006648863e-02 8.563053364765e-07 7.055308121307e-02
22 43 4 0.59454812 0.65216475 0.54142379 0.49301593 0.54502568 6.480465661909e-02 1.605645150371e-06 7.019153958458e-02 2.971350128236e-07 7.287267478051e-02
22 44 4 0.59454812 0.65216475 0.54142379 0.49301593 0.54502568 6.606116314396e-02 4.054314985201e-06 7.229407483614e-02 2.279826093622e-06 7.618480148273e-02
22 45 4 0.59454812 0.65216475 0.54142379 0.49301593 0.54502568 7.023874484796e-02 4.208486492664e-06 7.439236314596e-02 1.608202870782e-06 7.928469793135e-02
22 46 4 0.59454812 0.65216475 0.54142379 0.49301593 0.54502568 7.188104815519e-02 1.072587605033e-06 7.690293857993e-02 6.695072136603e-07 8.268061949270e-02
22 47 4 0.59454812 0.65216475 0.54142379 0.49301593 0.54502568 7.242823720883e-02 4.859577280617e-06 7.936112196539e-02 1.985386504376e-06 8.613922377051e-02
22 48 4 0.59454812 0.65216475 0.54142379 0.49301593 0.54502568 7.579751746029e-02 4.405805431717e-07 8.217750154398e-02 1.667973531567e-06 8.927194950604e-02
22 49 4 0.59454812 0.65216475 0.54142379 0.49301593 0.54502568 7.861164771691e-02 1.766408783631e-06 8.487255542877e-02 1.728783880605e-06 9.238527537532e-02
22 50 4 0.59454812 0.65216475 0.54142379 0.49301593 0.54502568 8.102962874313e-02 8.047750698955e-07 8.839506997167e-02 2.992473679997e-06 9.576093059760e-02
22 51 4 0.59454812 0.65216475 0.54142379 0.49301593 0.54502568 8.404997632702e-02 5.244163778529e-07 9.172828021257e-02 1.103562718090e-06 9.855404588974e-02
22 52 4 0.59454812 0.65216475 0.54142379 0.49301593 0.54502568 8.599768770565e-02 5.315187470903e-07 9.610283117815e-02 7.319190407744e-07 1.027120100685e-01
22 53 4 0.59454812 0.65216475 0.54142379 0.49301593 0.54502568 8.918909100068e-02 4.865324008253e-07 1.005292831004e-01 3.756772615183e-06 1.063997351223e-01
22 54 4 0.59454812 0.65216475 0.54142379 0.49301593 0.54502568 9.341461919611e-02 2.210514766922e-06 1.051028229907e-01 2.347999743130e-06 1.109829301173e-01
22 55 4 0.59454812 0.65216475 0.54142379 0.49301593 0.54502568 9.656579594460e-02 1.338203165713e-06 1.103200331930e-01 6.414636941457e-07 1.168573891846e-01
22 56 4 0.59454812 0.65216475 0.54142379 0.49301593 0.54502568 9.906605459646e-02 2.758080764435e-06 1.142326744394e-01 3.652690036017e-06 1.209137353315e-01
22 57 4 0.59454812 0.65216475 0.54142379 0.49301593 0.54502568 1.018560685923e-01 5.010931610947e-06 1.191912772803e-01 3.123139700845e-06 1.286412955311e-01
22 58 4 0.59454812 0.65216475 0.54142379 0.49301593 0.54502568 1.074099361001e-01 2.169987887981e-06 1.224063660840e-01 2.683556212298e-06 1.318526850202e-01
22 59 4 0.59454812 0.65216475 0.54142379 0.49301593 0.54502568 1.121595231134e-01 5.775134019053e-06 1.263861728927e-01 7.614368205578e-06 1.394021119854e-01
22 60 4 0.59454812 0.65216475 0.54142379 0.49301593 0.54502568 1.130945256992e-01 4.305462650768e-06 1.297473005815e-01 5.306793512837e-06 1.426293995015e-01
22 61 4 0.59454812 0.65216475 0.54142379 0.49301593 0.54502568 1.174799054586e-01 2.376051837182e-06 1.331965868722e-01 1.834456743332e-06 1.483836147130e-01
22 62 4 0.59454812 0.65216475 0.54142379 0.49301593 0.54502568 1.242420787973e-01 3.932217744359e-06 1.374522556914e-01 1.177096281270e-05 1.527912619724e-01
22 63 4 0.59454812 0.65216475 0.54142379 0.49301593 0.54502568 1.275992416526e-01 1.047016844637e-06 1.414035584741e-01 1.389708792956e-05 1.574625699838e-01
25 0 4 1.20339630 0.96339727 1.10035031 1.15673399 1.49249137 3.105159705840e+00 1.309365400111e+00 3.796355713694e-05 2.739696596491e+00 7.538176632443e+00
25 1 4 1.20339630 0.96339727 1.10035031 1.15673399 1.49249137 3.060072613127e+00 1.261612853937e+00 2.884381972256e-05 2.604750021548e+00 7.278337267730e+00
25 2 4 1.20339630 0.96339727 1.10035031 1.15673399 1.49249137 2.990237803541e+00 1.225706183427e+00 2.154786139748e-05 2.536899553320e+00 6.935244589248e+00
25 3 4 1.20339630 0.96339727 1.10035031 1.15673399 1.49249137 2.851786260982e+00 1.183896552037e+00 1.631624321371e-05 2.454588955576e+00 6.692790720271e+00
25 4 4 1.20339630 0.96339727 1.10035031 1.15673399 1.49249137 2.743698738526e+00 1.126415354448e+00 1.301771156994e-05 2.348313517350e+00 6.359729117553e+00
25 5 4 1.20339630 0.96339727 1.10035031 1.15673399 1.49249137 2.687156497468e+00 1.075727035775e+00 1.125903009682e-05 2.272526212309e+00 6.119774865036e+00
25 6 4 1.20339630 0.96339727 1.10035031 1.15673399 1.49249137 2.589525192796e+00 1.050280150580e+00 1.052978160704e-05 2.175264368414e+00 5.898213940943e+00
25 7 4 1.20339630 0.96339727 1.10035031 1.15673399 1.49249137 2.443130065017e+00 1.032873136879e+00 1.034240273128e-05 2.082715044212e+00 5.676609347348e+00
25 8 4 1.20339630 0.96339727 1.10035031 1.15673399 1.49249137 2.349177308523e+00 1.008866388081e+00 1.033465275076e-05 2.025830612483e+00 5.480105519177e+00
25 9 4 1.20339630 0.96339727 1.10035031 1.15673399 1.49249137 2.288798936907e+00 9.604538743632e-01 1.031597892473e-05 1.958812414586e+00 5.293214437002e+00
25 10 4 1.20339630 0.96339727 1.10035031 1.15673399 1.49249137 2.223091472875e+00 9.138406055064e-01 1.025635528692e-05 1.895794256372e+00 5.110583679527e+00
25 11 4 1.20339630 0.96339727 1.10035031 1.15673399 1.49249137 2.115901823957e+00 8.780597889192e-01 1.023142450751e-05 1.855079004200e+00 4.968493290065e+00
25 12 4 1.20339630 0.96339727 1.10035031 1.15673399 1.49249137 2.022475105034e+00 8.572902979406e-01 1.034744220547e-05 1.769666350198e+00 4.779529386291e+00
25 13 4 1.20339630 0.96339727 1.10035031 1.15673399 1.49249137 1.992981944114e+00 8.332444966508e-01 1.067174224454e-05 1.672902358457e+00 4.629861599347e+00
25 14 4 1.20339630 0.96339727 1.10035031 1.15673399 1.49249137 1.973958015303e+00 7.990821447981e-01 1.118948185886e-05 1.639699869081e+00 4.465627355402e+00
25 15 4 1.20339630 0.96339727 1.10035031 1.15673399 1.49249137 1.886491612052e+00 7.665286498115e-01 1.179739774497e-05 1.599398879416e+00 4.348147093997e+00
25 16 4 1.20339630 0.96339727 1.10035031 1.15673399 1.49249137 1.773536124908e+00 7.450534890882e-01 1.233341151076e-05 1.542370828004e+00 4.289086888367e+00
25 17 4 1.20339630 0.96339727 1.10035031 1.15673399 1.49249137 1.742578752211e+00 7.346870902256e-01 1.263051116175e-05 1.502929658660e+00 4.180204921822e+00
25 18 4 1.20339630 0.96339727 1.10035031 1.15673399 1.49249137 1.747157701832e+00 7.173157015577e-01 1.257701310834e-05 1.466402390686e+00 4.075334526698e+00
25 19 4 1.20339630 0.96339727 1.10035031 1.15673399 1.49249137 1.695625365526e+00 6.864994074142e-01 1.216435693927e-05 1.422837945584e+00 3.947856568722e+00
25 20 4 1.20339630 0.96339727 1.10035031 1.15673399 1.49249137 1.590683633454e+00 6.521779538186e-01 1.150777438626e-05 1.393199368773e+00 3.794295301881e+00
25 21 4 1.20339630 0.96339727 1.10035031 1.15673399 1.49249137 1.519170732523e+00 6.325405525607e-01 1.083299252045e-05 1.343400406768e+00 3.719407768855e+00
25 22 4 1.20339630 0.96339727 1.10035031 1.15673399 1.49249137 1.526121412782e+00 6.316022884427e-01 1.043130671205e-05 1.299286892372e+00 3.655369275425e+00
25 23 4 1.20339630 0.96339727 1.10035031 1.15673399 1.49249137 1.553267485588e+00 6.372247793857e-01 1.059350605818e-05 1.302439676461e+00 3.543759493767e+00
25 24 4 1.20339630 0.96339727 1.10035031 1.15673399 1.49249137 1.512784056053e+00 6.330272119665e-01 1.153834737375e-05 1.279576232292e+00 3.505009965748e+00
25 25 4 1.20339630 0.96339727 1.10035031 1.15673399 1.49249137 1.446754056048e+00 6.219511965095e-01 1.335252480243e-05 1.243740415504e+00 3.400298568178e+00
25 26 4 1.20339630 0.96339727 1.10035031 1.15673399 1.49249137 1.437663189007e+00 6.093498398859e-01 1.595635276938e-05 1.235366985538e+00 3.349144690949e+00
25 27 4 1.20339630 0.96339727 1.10035031 1.15673399 1.49249137 1.464871870854e+00 6.031345644852e-01 1.910354405421e-05 1.227292021205e+00 3.359661215650e+00
25 28 4 1.20339630 0.96339727 1.10035031 1.15673399 1.49249137 1.446524737628e+00 5.914155976886e-01 2.241598644904e-05 1.214526967776e+00 3.300168689156e+00
25 29 4 1.20339630 0.96339727 1.10035031 1.15673399 1.49249137 1.396358603282e+00 5.721860461703e-01 2.544697458106e-05 1.227987640183e+00 3.260639440734e+00
25 30 4 1.20339630 0.96339727 1.10035031 1.15673399 1.49249137 1.364204146128e+00 5.530816029052e-01 2.776045956283e-05 1.198034608796e+00 3.252380065867e+00
25 31 4 1.20339630 0.96339727 1.10035031 1.15673399 1.49249137 1.377147855404e+00 5.504415299625e-01 2.901063571685e-05 1.156894862979e+00 3.196915081442e+00
25 32 4 1.20339630 0.96339727 1.10035031 1.15673399 1.49249137 1.417780519026e+00 5.717800235440e-01 2.900611440598e-05 1.205279097896e+00 3.283498519231e+00
25 33 4 1.20339630 0.96339727 1.10035031 1.15673399 1.49249137 1.431682852766e+00 5.982808817599e-01 2.774595845129e-05 1.247133940541e+00 3.342858424475e+00
25 34 4 1.20339630 0.96339727 1.10035031 1.15673399 1.49249137 1.439544125798e+00 6.170598813025e-01 2.542034217496e-05 1.228516866357e+00 3.365999998858e+00
25 35 4 1.20339630 0.96339727 1.10035031 1.15673399 1.49249137 1.462627776500e+00 6.179672236358e-01 2.237552040579e-05 1.226226491400e+00 3.427313956844e+00
25 36 4 1.20339630 0.96339727 1.10035031 1.15673399 1.49249137 1.482605595962e+00 6.177365014443e-01 1.904984425736e-05 1.252229924771e+00 3.441263452902e+00
25 37 4 1.20339630 0.96339727 1.10035031 1.15673399 1.49249137 1.478788178610e+00 6.213552495216e-01 1.589340841321e-05 1.260053472743e+00 3.476981596488e+00
25 38 4 1.20339630 0.96339727 1.10035031 1.15673399 1.49249137 1.498005797037e+00 6.283886779448e-01 1.328737251773e-05 1.296138740474e+00 3.604200218873e+00
25 39 4 1.20339630 0.96339727 1.10035031 1.15673399 1.49249137 1.539786289332e+00 6.309176922357e-01 1.147926759442e-05 1.327205563025e+00 3.652616988636e+00
25 40 4 1.20339630 0.96339727 1.10035031 1.15673399 1.49249137 1.569214308815e+00 6.318762381103e-01 1.054744942529e-05 1.330141518458e+00 3.728870341998e+00
25 41 4 1.20339630 0.96339727 1.10035031 1.15673399 1.49249137 1.590975009496e+00 6.463035883747e-01 1.040175843957e-05 1.375271971352e+00 3.825008714694e+00
25 42 4 1.20339630 0.96339727 1.10035031 1.15673399 1.49249137 1.634076566295e+00 6.779198051871e-01 1.081954170287e-05 1.434135475525e+00 3.879972037514e+00
25 43 4 1.20339630 0.96339727 1.10035031 1.15673399 1.49249137 1.719029438714e+00 7.168187573657e-01 1.150816449123e-05 1.464589008309e+00 4.024525164764e+00
25 44 4 1.20339630 0.96339727 1.10035031 1.15673399 1.49249137 1.806079604142e+00 7.434369574874e-01 1.217886782700e-05 1.496257361388e+00 4.146455883883e+00
25 45 4 1.20339630 0.96339727 1.10035031 1.15673399 1.49249137 1.827028049755e+00 7.545983272529e-01 1.261396507359e-05 1.544552986124e+00 4.212717751119e+00
25 46 4 1.20339630 0.96339727 1.10035031 1.15673399 1.49249137 1.821254337754e+00 7.649531669816e-01 1.271088437825e-05 1.581068676333e+00 4.316682268668e+00
25 47 4 1.20339630 0.96339727 1.10035031 1.15673399 1.49249137 1.893827946518e+00 7.899791727238e-01 1.249239693352e-05 1.642680328375e+00 4.403824398987e+00
25 48 4 1.20339630 0.96339727 1.10035031 1.15673399 1.49249137 2.020754500292e+00 8.265993418619e-01 1.208132004328e-05 1.696693951754e+00 4.544434855313e+00
25 49 4 1.20339630 0.96339727 1.10035031 1.15673399 1.49249137 2.090586215898e+00 8.619882385569e-01 1.164787971453e-05 1.738933758724e+00 4.759306411979e+00
25 50 4 1.20339630 0.96339727 1.10035031 1.15673399 1.49249137 2.092729929855e+00 8.845652283145e-01 1.134610429906e-05 1.832843868765e+00 4.929669727562e+00
25 51 4 1.20339630 0.96339727 1.10035031 1.15673399 1.49249137 2.144795175502e+00 9.104616280390e-01 1.125964102725e-05 1.921659586254e+00 5.131525558114e+00
25 52 4 1.20339630 0.96339727 1.10035031 1.15673399 1.49249137 2.275437591895e+00 9.458041581095e-01 1.137570246635e-05 1.955066670932e+00 5.295213949265e+00
25 53 4 1.20339630 0.96339727 1.10035031 1.15673399 1.49249137 2.423426031204e+00 9.943934048538e-01 1.159839075912e-05 2.004961086614e+00 5.494153606274e+00
25 54 4 1.20339630 0.96339727 1.10035031 1.15673399 1.49249137 2.480266553750e+00 1.031683989644e+00 1.180100897787e-05 2.092569538721e+00 5.714276556923e+00
25 55 4 1.20339630 0.96339727 1.10035031 1.15673399 1.49249137 2.505873741039e+00 1.052809086566e+00 1.190414504797e-05 2.159650048283e+00 5.940923393254e+00
25 56 4 1.20339630 0.96339727 1.10035031 1.15673399 1.49249137 2.627962013017e+00 1.072642499178e+00 1.195599119337e-05 2.256524109965e+00 6.184091633498e+00
25 57 4 1.20339630 0.96339727 1.10035031 1.15673399 1.49249137 2.803784600232e+00 1.110716684133e+00 1.218692632880e-05 2.363978462199e+00 6.440877683666e+00
25 58 4 1.20339630 0.96339727 1.10035031 1.15673399 1.49249137 2.888797597382e+00 1.176370600766e+00 1.301390085181e-05 2.437090559555e+00 6.686992330873e+00
25 59 4 1.20339630 0.96339727 1.10035031 1.15673399 1.49249137 2.902226620222e+00 1.235975083566e+00 1.498160201096e-05 2.530357071527e+00 7.006861610517e+00
25 60 4 1.20339630 0.96339727 1.10035031 1.15673399 1.49249137 2.997136055225e+00 1.283500095703e+00 1.864440474987e-05 2.624777976550e+00 7.250246180856e+00
25 61 4 1.20339630 0.96339727 1.10035031 1.15673399 1.49249137 3.153417628905e+00 1.317566483200e+00 2.441148238997e-05 2.692979071901e+00 7.499904621324e+00
25 62 4 1.20339630 0.96339727 1.10035031 1.15673399 1.49249137 3.300442989441e+00 1.373151933147e+00 3.239202183743e-05 2.817215915058e+00 7.761400912467e+00
25 63 4 1.20339630 0.96339727 1.10035031 1.15673399 1.49249137 3.395625435491e+00 1.445336450528e+00 4.228359971609e-05 2.938821378733e+00 7.945931699131e+00
28 0 4 0.59198005 0.65868257 0.51684586 0.50403384 0.53308941 1.946592703976e-03 9.270232704241e-07 1.070522401803e-01 1.594022320755e-07 1.075320163719e-01
28 1 4 0.59198005 0.65868257 0.51684586 0.50403384 0.53308941 1.900303964487e-03 6.666917271645e-08 1.040991844791e-01 1.616697093280e-06 1.037752665337e-01
28 2 4 0.59198005 0.65868257 0.51684586 0.50403384 0.53308941 1.916017229682e-03 1.550938217587e-06 1.010925851952e-01 4.171035711374e-06 1.013021077579e-01
28 3 4 0.59198005 0.65868257 0.51684586 0.50403384 0.53308941 1.735226378704e-03 1.392113991298e-06 9.775560783308e-02 2.222377168024e-06 9.792187000284e-02
28 4 4 0.59198005 0.65868257 0.51684586 0.50403384 0.53308941 1.579911032072e-03 2.115242152513e-06 9.574896800518e-02 1.221999285489e-07 9.461833635871e-02
28 5 4 0.59198005 0.65868257 0.51684586 0.50403384 0.53308941 1.678489903760e-03 2.571314227258e-06 9.268407928026e-02 2.080485146062e-06 9.128095436177e-02
28 6 4 0.59198005 0.65868257 0.51684586 0.50403384 0.53308941 1.718973402269e-03 4.087457110429e-06 8.985458569422e-02 3.074755252065e-06 8.696805493775e-02
28 7 4 0.59198005 0.65868257 0.51684586 0.50403384 0.53308941 1.421950462235e-03 1.731514642328e-06 8.776098687422e-02 1.794498586033e-06 8.408002814334e-02
28 8 4 0.59198005 0.65868257 0.51684586 0.50403384 0.53308941 1.330795435336e-03 3.585262398941e-06 8.464046143718e-02 1.842181026648e-06 7.967411824885e-02
28 9 4 0.59198005 0.65868257 0.51684586 0.50403384 0.53308941 1.566779442859e-03 3.083287839697e-06 8.244080428849e-02 1.866456278421e-06 7.775583419721e-02
28 10 4 0.59198005 0.65868257 0.51684586 0.50403384 0.53308941 1.402306884761e-03 3.993953021400e-07 8.028694179373e-02 1.901789179670e-06 7.415545921463e-02
28 11 4 0.59198005 0.65868257 0.51684586 0.50403384 0.53308941 1.162673405081e-03 2.583653021703e-06 7.760864465803e-02 4.107847543469e-06 7.301070176417e-02
28 12 4 0.59198005 0.65868257 0.51684586 0.50403384 0.53308941 1.302078543604e-03 3.316405795913e-07 7.558775628217e-02 3.958001576925e-06 7.027340393456e-02
28 13 4 0.59198005 0.65868257 0.51684586 0.50403384 0.53308941 1.261118929187e-03 9.178262258044e-07 7.306456059232e-02 1.026776311170e-06 6.906964978168e-02
28 14 4 0.59198005 0.65868257 0.51684586 0.50403384 0.53308941 1.148833268445e-03 1.770108397583e-07 7.029605807537e-02 3.064673424592e-06 6.668870344249e-02
28 15 4 0.59198005 0.65868257 0.51684586 0.50403384 0.53308941 1.178114197112e-03 1.681180211380e-06 6.769114906166e-02 6.750661754751e-06 6.484310364835e-02
28 16 4 0.59198005 0.65868257 0.51684586 0.50403384 0.53308941 1.030020962566e-03 1.532219373005e-06 6.485400149769e-02 3.706391143640e-06 6.254137847209e-02
28 17 4 0.59198005 0.65868257 0.51684586 0.50403384 0.53308941 1.058027299776e-03 9.828371856947e-07 6.205233536614e-02 1.030648082436e-06 6.032889689666e-02
28 18 4 0.59198005 0.65868257 0.51684586 0.50403384 0.53308941 1.167428441317e-03 3.866908754364e-06 5.966358845000e-02 4.834029852081e-06 5.833436382633e-02
28 19 4 0.59198005 0.65868257 0.51684586 0.50403384 0.53308941 9.318093829331e-04 1.812926175355e-06 5.757337298954e-02 6.107918970554e-06 5.653802055448e-02
28 20 4 0.59198005 0.65868257 0.51684586 0.50403384 0.53308941 8.991231311883e-04 2.452667333611e-06 5.564484413509e-02 2.656846379782e-06 5.513261069253e-02
28 21 4 0.59198005 0.65868257 0.51684586 0.50403384 0.53308941 1.065255322197e-03 2.489888015358e-06 5.440771755560e-02 2.513283323269e-06 5.420235111107e-02
28 22 4 0.59198005 0.65868257 0.51684586 0.50403384 0.53308941 9.487157888071e-04 1.457894120298e-06 5.319321175767e-02 4.426823236001e-06 5.324965410842e-02
28 23 4 0.59198005 0.65868257 0.51684586 0.50403384 0.53308941 8.505506453957e-04 7.632833861512e-07 5.196076136576e-02 4.013574095796e-06 5.292105285970e-02
28 24 4 0.59198005 0.65868257 0.51684586 0.50403384 0.53308941 8.965670716205e-04 4.045940203610e-07 5.117612899718e-02 3.870961647388e-06 5.200196582973e-02
28 25 4 0.59198005 0.65868257 0.51684586 0.50403384 0.53308941 8.997629853197e-04 2.074180089480e-07 4.985173881341e-02 3.741074965313e-06 5.170098256375e-02
28 26 4 0.59198005 0.65868257 0.51684586 0.50403384 0.53308941 9.005801787189e-04 3.561143818410e-07 4.870028677250e-02 2.553670883330e-06 5.066582294321e-02
28 27 4 0.59198005 0.65868257 0.51684586 0.50403384 0.53308941 8.422061849820e-04 2.692555770717e-07 4.781213397664e-02 4.260977471543e-06 5.014207510495e-02
28 28 4 0.59198005 0.65868257 0.51684586 0.50403384 0.53308941 7.984035128321e-04 9.633203727824e-07 4.662467986941e-02 6.213219320800e-06 4.937839680714e-02
28 29 4 0.59198005 0.65868257 0.51684586 0.50403384 0.53308941 8.851325194722e-04 3.182304002602e-06 4.622229937942e-02 3.169554214895e-06 4.886080049525e-02
28 30 4 0.59198005 0.65868257 0.51684586 0.50403384 0.53308941 8.965994241844e-04 7.718316641671e-07 4.611164193717e-02 1.939956577128e-06 4.892933891285e-02
28 31 4 0.59198005 0.65868257 0.51684586 0.50403384 0.53308941 8.013456326274e-04 3.627120772365e-06 4.627336670100e-02 6.197414985182e-06 4.872931521496e-02
28 32 4 0.59198005 0.65868257 0.51684586 0.50403384 0.53308941 8.026423592244e-04 3.645041595763e-06 4.726207342620e-02 6.314224451710e-06 4.976008558138e-02
28 33 4 0.59198005 0.65868257 0.51684586 0.50403384 0.53308941 9.020845716707e-04 7.599684974094e-07 4.827477072885e-02 2.016557123708e-06 4.987009911620e-02
28 34 4 0.59198005 0.65868257 0.51684586 0.50403384 0.53308941 8.955709627164e-04 3.179003171280e-06 4.950986930821e-02 3.063772773387e-06 5.138996353979e-02
28 35 4 0.59198005 0.65868257 0.51684586 0.50403384 0.53308941 8.111825448471e-04 9.628612547411e-07 5.091129364073e-02 6.227248012278e-06 5.156720169304e-02
28 36 4 0.59198005 0.65868257 0.51684586 0.50403384 0.53308941 8.580066350017e-04 2.662581712453e-07 5.204037676273e-02 4.380925290728e-06 5.296282484940e-02
28 37 4 0.59198005 0.65868257 0.51684586 0.50403384 0.53308941 9.219215630165e-04 3.495234566880e-07 5.306145559186e-02 2.563655254079e-06 5.317048789622e-02
28 38 4 0.59198005 0.65868257 0.51684586 0.50403384 0.53308941 9.255549270734e-04 2.201752763442e-07 5.406452667946e-02 3.730323241972e-06 5.429579749476e-02
28 39 4 0.59198005 0.65868257 0.51684586 0.50403384 0.53308941 9.246466692681e-04 4.346416783038e-07 5.502231463145e-02 3.896969600132e-06 5.491564150844e-02
28 40 4 0.59198005 0.65868257 0.51684586 0.50403384 0.53308941 8.800577002276e-04 7.976930275855e-07 5.596598300389e-02 4.032203800294e-06 5.618548511378e-02
28 41 4 0.59198005 0.65868257 0.51684586 0.50403384 0.53308941 9.852497271765e-04 1.515158187599e-06 5.746619096348e-02 4.511932565024e-06 5.765565531362e-02
28 42 4 0.59198005 0.65868257 0.51684586 0.50403384 0.53308941 1.109273009345e-03 2.582890483950e-06 5.904679161459e-02 2.563937123528e-06 5.953159932005e-02
28 43 4 0.59198005 0.65868257 0.51684586 0.50403384 0.53308941 9.394443820996e-04 2.546626438411e-06 6.084961401975e-02 2.568635507117e-06 6.177296503267e-02
28 44 4 0.59198005 0.65868257 0.51684586 0.50403384 0.53308941 9.752277998763e-04 1.871275711969e-06 6.334145232208e-02 6.150960895830e-06 6.424395591082e-02
28 45 4 0.59198005 0.65868257 0.51684586 0.50403384 0.53308941 1.223662129254e-03 4.033919247283e-06 6.530549329540e-02 5.035451633581e-06 6.659933145562e-02
28 46 4 0.59198005 0.65868257 0.51684586 0.50403384 0.53308941 1.113385065121e-03 1.011016789407e-06 6.755711447458e-02 1.014323733935e-06 6.927784198338e-02
28 47 4 0.59198005 0.65868257 0.51684586 0.50403384 0.53308941 1.085302077743e-03 1.633930829290e-06 6.985945258939e-02 3.573537662902e-06 7.118047281937e-02
28 48 4 0.59198005 0.65868257 0.51684586 0.50403384 0.53308941 1.240738701350e-03 1.773799529455e-06 7.125523162212e-02 6.864962030257e-06 7.388330541143e-02
28 49 4 0.59198005 0.65868257 0.51684586 0.50403384 0.53308941 1.213946564200e-03 1.907314205427e-07 7.326123323055e-02 3.204928089094e-06 7.557366354342e-02
28 50 4 0.59198005 0.65868257 0.51684586 0.50403384 0.53308941 1.334428030035e-03 1.018929308522e-06 7.488742720724e-02 9.169959392888e-07 7.860264992498e-02
28 51 4 0.59198005 0.65868257 0.51684586 0.50403384 0.53308941 1.376893677735e-03 3.347132400573e-07 7.629147356356e-02 3.842475200352e-06 8.101060719920e-02
28 52 4 0.59198005 0.65868257 0.51684586 0.50403384 0.53308941 1.231781216167e-03 2.724195655557e-06 7.863688563975e-02 4.124315269998e-06 8.467566090587e-02
28 53 4 0.59198005 0.65868257 0.51684586 0.50403384 0.53308941 1.485926085503e-03 4.092668910407e-07 8.064352760369e-02 1.863475419427e-06 8.848276075531e-02
28 54 4 0.59198005 0.65868257 0.51684586 0.50403384 0.53308941 1.661108408492e-03 3.255456787084e-06 8.309206004373e-02 1.755029234093e-06 9.243917928342e-02
28 55 4 0.59198005 0.65868257 0.51684586 0.50403384 0.53308941 1.413204054647e-03 3.783896897459e-06 8.618375749621e-02 1.733893921677e-06 9.736632878317e-02
28 56 4 0.59198005 0.65868257 0.51684586 0.50403384 0.53308941 1.506903302139e-03 1.848118152540e-06 8.898904857571e-02 1.641886896717e-06 1.007612583480e-01
28 57 4 0.59198005 0.65868257 0.51684586 0.50403384 0.53308941 1.823572540823e-03 4.405724298684e-06 9.216540169944e-02 2.954968414531e-06 1.059593618330e-01
28 58 4 0.59198005 0.65868257 0.51684586 0.50403384 0.53308941 1.784285160326e-03 2.793122725992e-06 9.578758648204e-02 2.101091180654e-06 1.084583728148e-01
28 59 4 0.59198005 0.65868257 0.51684586 0.50403384 0.53308941 1.674682378384e-03 2.328626753160e-06 9.928798336204e-02 7.705987122890e-08 1.135490982212e-01
28 60 4 0.59198005 0.65868257 0.51684586 0.50403384 0.53308941 1.840198062433e-03 1.550986831744e-06 1.031903355003e-01 1.988496435905e-06 1.160446046225e-01
28 61 4 0.59198005 0.65868257 0.51684586 0.50403384 0.53308941 2.035268037702e-03 1.722031246798e-06 1.080827281475e-01 4.103652867821e-06 1.214802432239e-01
28 62 4 0.59198005 0.65868257 0.51684586 0.50403384 0.53308941 2.013575905243e-03 8.398981855062e-08 1.126817534191e-01 1.836383686095e-06 1.253923423468e-01
28 63 4 0.59198005 0.65868257 0.51684586 0.50403384 0.53308941 2.064410536659e-03 9.578909423407e-07 1.180519824159e-01 1.731099260477e-07 1.316321078426e-01
