# environment=00051 local_bs=4 gain_scale=9.954451210150e-14
# ue subcarrier serving_bs phi0 phi1 phi2 phi3 phi4 gain0 gain1 gain2 gain3 gain4
0 0 4 0.72128393 0.47609724 0.72826486 0.47511079 1.42958240 6.715540625674e-03 9.074849566246e-06 4.061697972162e-04 1.485412870742e-01 1.300994785744e+01
0 1 4 0.72128393 0.47609724 0.72826486 0.47511079 1.42958240 6.878200295913e-03 1.156395215432e-05 2.311491421597e-04 1.414698831913e-01 1.197299429095e+01
0 2 4 0.72128393 0.47609724 0.72826486 0.47511079 1.42958240 6.283556649765e-03 1.321862766228e-05 1.108498453112e-04 1.368461386621e-01 1.097688662124e+01
0 3 4 0.72128393 0.47609724 0.72826486 0.47511079 1.42958240 7.388448120692e-03 1.289379034698e-05 6.926302282332e-05 1.299819455958e-01 1.119580057139e+01
0 4 4 0.72128393 0.47609724 0.72826486 0.47511079 1.42958240 6.651825164740e-03 1.052530146202e-05 1.091866623872e-04 1.237047064373e-01 1.129335338997e+01
0 5 4 0.72128393 0.47609724 0.72826486 0.47511079 1.42958240 5.325810121634e-03 7.223102766128e-06 2.039769530920e-04 1.176042873728e-01 1.031005376488e+01
0 6 4 0.72128393 0.47609724 0.72826486 0.47511079 1.42958240 5.639597679020e-03 4.571560021628e-06 2.542035584372e-04 1.132317980648e-01 9.513540288626e+00
0 7 4 0.72128393 0.47609724 0.72826486 0.47511079 1.42958240 5.160065211714e-03 3.634222524899e-06 2.372181623010e-04 1.088909711093e-01 9.900884846785e+00
0 8 4 0.72128393 0.47609724 0.72826486 0.47511079 1.42958240 4.334387009917e-03 4.355062548263e-06 2.127554424203e-04 1.055045388050e-01 9.949718890660e+00
0 9 4 0.72128393 0.47609724 0.72826486 0.47511079 1.42958240 5.206932301156e-03 5.746108578556e-06 1.811299846316e-04 1.028189654050e-01 9.004381616809e+00
0 10 4 0.72128393 0.47609724 0.72826486 0.47511079 1.42958240 5.208479127137e-03 6.683921824568e-06 1.844238756938e-04 9.908979171430e-02 8.249920095620e+00
0 11 4 0.72128393 0.47609724 0.72826486 0.47511079 1.42958240 4.863337125536e-03 6.718763640372e-06 2.269083310490e-04 9.628097605335e-02 8.509944731509e+00
0 12 4 0.72128393 0.47609724 0.72826486 0.47511079 1.42958240 4.870188727138e-03 6.322729343609e-06 2.266184785889e-04 9.365616648090e-02 8.504962291648e+00
0 13 4 0.72128393 0.47609724 0.72826486 0.47511079 1.42958240 4.455576995871e-03 6.432021869271e-06 1.813405329576e-04 9.207563097173e-02 7.644204974272e+00
0 14 4 0.72128393 0.47609724 0.72826486 0.47511079 1.42958240 4.128045651286e-03 7.651075755286e-06 1.302876726990e-04 8.870585581467e-02 7.157298333518e+00
0 15 4 0.72128393 0.47609724 0.72826486 0.47511079 1.42958240 3.476376663530e-03 9.714341576620e-06 6.962764016196e-05 8.594354871490e-02 7.488322916055e+00
0 16 4 0.72128393 0.47609724 0.72826486 0.47511079 1.42958240 3.678326927612e-03 1.159574064010e-05 3.788696455472e-05 8.132684330700e-02 7.414205925358e+00
0 17 4 0.72128393 0.47609724 0.72826486 0.47511079 1.42958240 3.972227455317e-03 1.218076329046e-05 5.178728203042e-05 7.695744675622e-02 6.678931247666e+00
0 18 4 0.72128393 0.47609724 0.72826486 0.47511079 1.42958240 3.543727663043e-03 1.101892115613e-05 9.965458281534e-05 7.276498448775e-02 6.334226721749e+00
0 19 4 0.72128393 0.47609724 0.72826486 0.47511079 1.42958240 3.958743857025e-03 8.630712727420e-06 1.391751421824e-04 7.097407225534e-02 6.698422793693e+00
0 20 4 0.72128393 0.47609724 0.72826486 0.47511079 1.42958240 4.048004962611e-03 6.168523614670e-06 1.687928838103e-04 6.984083194784e-02 6.726164494429e+00
0 21 4 0.72128393 0.47609724 0.72826486 0.47511079 1.42958240 3.236766835641e-03 4.682298863513e-06 1.551597162925e-04 6.980353689352e-02 6.120775268157e+00
0 22 4 0.72128393 0.47609724 0.72826486 0.47511079 1.42958240 3.261660540666e-03 4.500161496943e-06 1.046168981883e-04 7.035287270132e-02 5.886459706071e+00
0 23 4 0.72128393 0.47609724 0.72826486 0.47511079 1.42958240 2.997633964675e-03 5.131625943758e-06 6.422458168123e-05 7.042138277403e-02 6.180617017248e+00
0 24 4 0.72128393 0.47609724 0.72826486 0.47511079 1.42958240 2.993048444894e-03 5.724188612060e-06 4.576914905122e-05 7.008468801571e-02 6.141243413533e+00
0 25 4 0.72128393 0.47609724 0.72826486 0.47511079 1.42958240 2.937386028452e-03 5.724016039362e-06 6.306218884582e-05 6.908077835846e-02 5.584752502910e+00
0 26 4 0.72128393 0.47609724 0.72826486 0.47511079 1.42958240 3.209471531070e-03 5.268381887051e-06 1.253356562233e-04 6.821393837962e-02 5.485576621047e+00
0 27 4 0.72128393 0.47609724 0.72826486 0.47511079 1.42958240 3.541758378959e-03 5.044423687840e-06 2.032432117315e-04 6.559513778704e-02 5.821074061047e+00
0 28 4 0.72128393 0.47609724 0.72826486 0.47511079 1.42958240 3.130754074047e-03 5.731121781573e-06 2.308996573112e-04 6.349413692320e-02 5.785638410372e+00
0 29 4 0.72128393 0.47609724 0.72826486 0.47511079 1.42958240 3.015585972989e-03 7.431572164775e-06 2.154677828386e-04 6.119669547282e-02 5.341201801769e+00
0 30 4 0.72128393 0.47609724 0.72826486 0.47511079 1.42958240 3.189151483428e-03 9.504813843463e-06 1.468642195298e-04 6.053045494199e-02 5.287144264030e+00
0 31 4 0.72128393 0.47609724 0.72826486 0.47511079 1.42958240 2.624891073458e-03 1.092563693666e-05 7.933047805651e-05 6.068706759638e-02 5.644335068234e+00
0 32 4 0.72128393 0.47609724 0.72826486 0.47511079 1.42958240 2.638279278437e-03 1.093339051280e-05 2.845671937476e-05 6.342679887935e-02 5.729260768433e+00
0 33 4 0.72128393 0.47609724 0.72826486 0.47511079 1.42958240 3.203633444002e-03 9.528630608381e-06 4.348920147280e-06 6.632936517828e-02 5.395522066721e+00
0 34 4 0.72128393 0.47609724 0.72826486 0.47511079 1.42958240 3.049402985468e-03 7.476907177822e-06 4.329415060892e-05 6.912109342477e-02 5.496462910619e+00
0 35 4 0.72128393 0.47609724 0.72826486 0.47511079 1.42958240 3.184565832241e-03 5.813842873112e-06 1.200914768218e-04 7.099292082161e-02 5.960903884965e+00
0 36 4 0.72128393 0.47609724 0.72826486 0.47511079 1.42958240 3.608897640453e-03 5.187188595282e-06 1.894241073187e-04 7.201369218726e-02 5.976224247102e+00
0 37 4 0.72128393 0.47609724 0.72826486 0.47511079 1.42958240 3.292137980668e-03 5.485345602458e-06 2.041981801643e-04 7.206061257341e-02 5.638214599386e+00
0 38 4 0.72128393 0.47609724 0.72826486 0.47511079 1.42958240 3.025530203453e-03 6.005837165554e-06 2.013353905010e-04 7.160769441344e-02 5.824837296703e+00
0 39 4 0.72128393 0.47609724 0.72826486 0.47511079 1.42958240 3.085413606817e-03 6.040937935182e-06 1.582394701882e-04 7.221965102181e-02 6.399955147699e+00
0 40 4 0.72128393 0.47609724 0.72826486 0.47511079 1.42958240 3.107611499387e-03 5.459285452864e-06 1.016690791631e-04 7.235107599956e-02 6.386643656192e+00
0 41 4 0.72128393 0.47609724 0.72826486 0.47511079 1.42958240 3.390560137897e-03 4.854332856364e-06 9.908318807793e-05 7.381214085603e-02 6.084292829388e+00
0 42 4 0.72128393 0.47609724 0.72826486 0.47511079 1.42958240 3.370095629291e-03 5.129638791576e-06 1.502000272374e-04 7.593156818424e-02 6.359300585764e+00
0 43 4 0.72128393 0.47609724 0.72826486 0.47511079 1.42958240 4.233909693688e-03 6.797117378521e-06 2.107199781948e-04 8.034332175554e-02 6.951890303652e+00
0 44 4 0.72128393 0.47609724 0.72826486 0.47511079 1.42958240 4.153943808520e-03 9.491103445391e-06 2.659587773468e-04 8.455188962143e-02 6.905590428125e+00
0 45 4 0.72128393 0.47609724 0.72826486 0.47511079 1.42958240 3.721645337557e-03 1.207527934617e-05 2.669073881929e-04 9.044420112065e-02 6.679507711966e+00
0 46 4 0.72128393 0.47609724 0.72826486 0.47511079 1.42958240 4.182962883174e-03 1.331230527658e-05 1.907463569321e-04 9.512861212870e-02 7.205131906516e+00
0 47 4 0.72128393 0.47609724 0.72826486 0.47511079 1.42958240 3.882580459662e-03 1.265650289012e-05 1.278227587135e-04 9.878207320403e-02 8.001826635963e+00
0 48 4 0.72128393 0.47609724 0.72826486 0.47511079 1.42958240 3.665933903001e-03 1.061572732721e-05 8.808629521521e-05 1.006646930176e-01 7.902197152211e+00
0 49 4 0.72128393 0.47609724 0.72826486 0.47511079 1.42958240 4.369393978960e-03 8.409813502122e-06 7.861338248773e-05 1.029941340368e-01 7.674933481253e+00
0 50 4 0.72128393 0.47609724 0.72826486 0.47511079 1.42958240 4.711104146452e-03 7.146574416070e-06 1.151690826505e-04 1.055262663478e-01 8.321949333477e+00
0 51 4 0.72128393 0.47609724 0.72826486 0.47511079 1.42958240 5.172839078530e-03 7.092561755990e-06 1.685292854593e-04 1.085578056209e-01 9.210777619657e+00
0 52 4 0.72128393 0.47609724 0.72826486 0.47511079 1.42958240 5.151223272613e-03 7.566001928435e-06 1.759052698805e-04 1.135546903992e-01 9.106485779737e+00
0 53 4 0.72128393 0.47609724 0.72826486 0.47511079 1.42958240 5.536114156084e-03 7.539612137922e-06 1.760231257257e-04 1.182559318036e-01 8.882317063408e+00
0 54 4 0.72128393 0.47609724 0.72826486 0.47511079 1.42958240 5.536822263953e-03 6.517266103282e-06 2.061938170009e-04 1.235185164059e-01 9.712778147796e+00
0 55 4 0.72128393 0.47609724 0.72826486 0.47511079 1.42958240 4.594795240886e-03 5.025521266919e-06 2.380823621626e-04 1.282849276808e-01 1.054818631982e+01
0 56 4 0.72128393 0.47609724 0.72826486 0.47511079 1.42958240 5.488826091868e-03 4.319933271244e-06 2.974331674936e-04 1.357631601692e-01 1.029147394038e+01
0 57 4 0.72128393 0.47609724 0.72826486 0.47511079 1.42958240 5.995512568903e-03 5.477661388130e-06 3.711180966908e-04 1.419082744065e-01 1.004567612352e+01
0 58 4 0.72128393 0.47609724 0.72826486 0.47511079 1.42958240 5.648233651932e-03 8.520554664693e-06 3.649526634810e-04 1.498644044070e-01 1.107816007801e+01
0 59 4 0.72128393 0.47609724 0.72826486 0.47511079 1.42958240 7.089146838386e-03 1.222866295479e-05 3.232835811448e-04 1.566563582177e-01 1.215632602326e+01
0 60 4 0.72128393 0.47609724 0.72826486 0.47511079 1.42958240 7.845690669005e-03 1.482940755223e-05 2.582370269736e-04 1.637133169553e-01 1.194426935196e+01
0 61 4 0.72128393 0.47609724 0.72826486 0.47511079 1.42958240 6.677031881550e-03 1.511376494316e-05 1.361874457219e-04 1.685280012005e-01 1.173220032372e+01
0 62 4 0.72128393 0.47609724 0.72826486 0.47511079 1.42958240 7.321338649728e-03 1.320172230632e-05 7.427934310406e-05 1.752452599438e-01 1.296769393634e+01
0 63 4 0.72128393 0.47609724 0.72826486 0.47511079 1.42958240 7.114280331288e-03 1.040965651401e-05 1.339079684887e-04 1.822183037303e-01 1.408698522937e+01
2 0 4 1.01618268 0.71512286 1.53620142 0.69114853 5.02300000 3.106566077195e+00 1.034075618889e+00 1.029725080472e+01 6.925902075163e-01 1.649957249477e+03
2 1 4 1.01618268 0.71512286 1.53620142 0.69114853 5.02300000 3.063871474068e+00 1.004798615120e+00 1.147707336037e+01 6.769498589632e-01 1.482441292923e+03
2 2 4 1.01618268 0.71512286 1.53620142 0.69114853 5.02300000 3.110559896759e+00 9.777777126676e-01 1.021456194871e+01 6.459436954203e-01 1.326009811939e+03
2 3 4 1.01618268 0.71512286 1.53620142 0.69114853 5.02300000 3.042214200411e+00 9.347627300593e-01 7.513423273081e+00 6.222637477614e-01 1.188006740008e+03
2 4 4 1.01618268 0.71512286 1.53620142 0.69114853 5.02300000 2.862243941129e+00 9.046827299146e-01 5.606776002677e+00 6.079890103076e-01 1.080445124496e+03
2 5 4 1.01618268 0.71512286 1.53620142 0.69114853 5.02300000 2.632562581622e+00 8.834422991694e-01 5.850745046251e+00 5.865089172540e-01 1.011565272875e+03
2 6 4 1.01618268 0.71512286 1.53620142 0.69114853 5.02300000 2.447825426326e+00 8.448175104372e-01 7.512251633223e+00 5.575607634150e-01 9.805588559379e+02
2 7 4 1.01618268 0.71512286 1.53620142 0.69114853 5.02300000 2.413019807810e+00 8.033248280439e-01 8.552448022446e+00 5.319946511305e-01 9.797529486231e+02
2 8 4 1.01618268 0.71512286 1.53620142 0.69114853 5.02300000 2.471337555800e+00 7.730654613765e-01 7.754060262435e+00 5.207624352891e-01 1.006067939164e+03
2 9 4 1.01618268 0.71512286 1.53620142 0.69114853 5.02300000 2.434342817037e+00 7.410669142562e-01 5.688190898659e+00 5.005923540271e-01 1.048402611675e+03
2 10 4 1.01618268 0.71512286 1.53620142 0.69114853 5.02300000 2.225303250184e+00 7.017707975871e-01 4.135736328352e+00 4.738789147558e-01 1.097702550690e+03
2 11 4 1.01618268 0.71512286 1.53620142 0.69114853 5.02300000 2.025796984963e+00 6.715548655522e-01 4.282481667611e+00 4.612843118326e-01 1.141111286212e+03
2 12 4 1.01618268 0.71512286 1.53620142 0.69114853 5.02300000 1.993206148132e+00 6.450318581644e-01 5.604163520243e+00 4.535975876079e-01 1.166924469690e+03
2 13 4 1.01618268 0.71512286 1.53620142 0.69114853 5.02300000 2.062007464226e+00 6.141350750131e-01 6.463623628746e+00 4.400703019170e-01 1.167556181307e+03
2 14 4 1.01618268 0.71512286 1.53620142 0.69114853 5.02300000 2.057557179187e+00 5.907092960611e-01 5.950178097265e+00 4.220382088561e-01 1.148947467176e+03
2 15 4 1.01618268 0.71512286 1.53620142 0.69114853 5.02300000 1.964573830211e+00 5.634831326494e-01 4.452538328295e+00 4.143264602173e-01 1.107378567392e+03
2 16 4 1.01618268 0.71512286 1.53620142 0.69114853 5.02300000 1.820525739048e+00 5.312832994998e-01 3.169655969024e+00 4.130191399554e-01 1.043914245896e+03
2 17 4 1.01618268 0.71512286 1.53620142 0.69114853 5.02300000 1.749602069204e+00 5.079893990248e-01 3.220180566909e+00 4.068613562517e-01 9.651944408283e+02
2 18 4 1.01618268 0.71512286 1.53620142 0.69114853 5.02300000 1.775535118307e+00 4.849635322516e-01 4.322037206809e+00 4.009220485192e-01 8.783165464550e+02
2 19 4 1.01618268 0.71512286 1.53620142 0.69114853 5.02300000 1.806745547848e+00 4.648022488674e-01 5.150696341121e+00 3.868197657903e-01 7.951024230323e+02
2 20 4 1.01618268 0.71512286 1.53620142 0.69114853 5.02300000 1.761221657389e+00 4.496487908394e-01 4.801494061590e+00 3.725538391536e-01 7.217978061666e+02
2 21 4 1.01618268 0.71512286 1.53620142 0.69114853 5.02300000 1.644429743736e+00 4.275625040544e-01 3.566447923833e+00 3.586858085183e-01 6.632336584431e+02
2 22 4 1.01618268 0.71512286 1.53620142 0.69114853 5.02300000 1.523762817062e+00 4.030316346149e-01 2.584639608282e+00 3.446444378467e-01 6.245946005832e+02
2 23 4 1.01618268 0.71512286 1.53620142 0.69114853 5.02300000 1.479928802493e+00 3.826638150038e-01 2.664214033851e+00 3.334187328630e-01 6.084189922074e+02
2 24 4 1.01618268 0.71512286 1.53620142 0.69114853 5.02300000 1.528075676854e+00 3.644700398843e-01 3.547905466090e+00 3.241207371600e-01 6.137400771863e+02
2 25 4 1.01618268 0.71512286 1.53620142 0.69114853 5.02300000 1.560707090750e+00 3.479019620251e-01 4.295930371380e+00 3.220332610194e-01 6.366286460799e+02
2 26 4 1.01618268 0.71512286 1.53620142 0.69114853 5.02300000 1.507696188111e+00 3.349919131417e-01 4.124807752641e+00 3.128080141960e-01 6.739733204584e+02
2 27 4 1.01618268 0.71512286 1.53620142 0.69114853 5.02300000 1.393258839066e+00 3.231152254108e-01 3.187273453384e+00 3.026003174151e-01 7.206846679441e+02
2 28 4 1.01618268 0.71512286 1.53620142 0.69114853 5.02300000 1.357378017741e+00 3.090874262340e-01 2.341996652649e+00 2.964916775885e-01 7.687564808784e+02
2 29 4 1.01618268 0.71512286 1.53620142 0.69114853 5.02300000 1.397306488409e+00 2.982846031793e-01 2.385918629217e+00 2.919835496753e-01 8.110963012360e+02
2 30 4 1.01618268 0.71512286 1.53620142 0.69114853 5.02300000 1.430347518850e+00 2.854097043579e-01 3.165430581553e+00 2.856355335173e-01 8.422874435449e+02
2 31 4 1.01618268 0.71512286 1.53620142 0.69114853 5.02300000 1.399342217275e+00 2.705969441890e-01 3.902509590584e+00 2.823716318312e-01 8.570294014321e+02
2 32 4 1.01618268 0.71512286 1.53620142 0.69114853 5.02300000 1.394718484447e+00 2.691534693420e-01 4.021833705441e+00 2.975656412112e-01 8.610874782171e+02
2 33 4 1.01618268 0.71512286 1.53620142 0.69114853 5.02300000 1.398626654831e+00 2.704776788236e-01 3.259684350251e+00 3.129463718421e-01 8.464375129771e+02
2 34 4 1.01618268 0.71512286 1.53620142 0.69114853 5.02300000 1.449645477432e+00 2.639058004067e-01 2.350605194663e+00 3.206837995049e-01 8.157794252186e+02
2 35 4 1.01618268 0.71512286 1.53620142 0.69114853 5.02300000 1.527357210445e+00 2.599816230019e-01 2.277475703969e+00 3.273909674389e-01 7.739075615741e+02
2 36 4 1.01618268 0.71512286 1.53620142 0.69114853 5.02300000 1.588901067839e+00 2.572296028617e-01 3.194122403897e+00 3.360764862521e-01 7.283137075741e+02
2 37 4 1.01618268 0.71512286 1.53620142 0.69114853 5.02300000 1.563566055798e+00 2.539382533692e-01 4.216337872279e+00 3.436146849083e-01 6.851177861335e+02
2 38 4 1.01618268 0.71512286 1.53620142 0.69114853 5.02300000 1.503891468043e+00 2.547557427289e-01 4.378910557862e+00 3.448894877154e-01 6.511398922280e+02
2 39 4 1.01618268 0.71512286 1.53620142 0.69114853 5.02300000 1.532377420976e+00 2.577863857866e-01 3.565372414088e+00 3.516541861934e-01 6.303605785229e+02
2 40 4 1.01618268 0.71512286 1.53620142 0.69114853 5.02300000 1.654213480868e+00 2.612424990014e-01 2.578607508634e+00 3.631471630163e-01 6.288453691353e+02
2 41 4 1.01618268 0.71512286 1.53620142 0.69114853 5.02300000 1.762308763953e+00 2.661932818323e-01 2.565790108742e+00 3.727227942265e-01 6.504343864292e+02
2 42 4 1.01618268 0.71512286 1.53620142 0.69114853 5.02300000 1.772292100623e+00 2.710422531248e-01 3.656779428911e+00 3.824216638163e-01 6.950456101487e+02
2 43 4 1.01618268 0.71512286 1.53620142 0.69114853 5.02300000 1.738921465494e+00 2.712524530037e-01 4.924031733118e+00 3.884704818807e-01 7.596248226603e+02
2 44 4 1.01618268 0.71512286 1.53620142 0.69114853 5.02300000 1.732284788668e+00 2.743511885072e-01 5.177336481237e+00 3.941421584676e-01 8.407241936452e+02
2 45 4 1.01618268 0.71512286 1.53620142 0.69114853 5.02300000 1.790077540703e+00 2.846883194362e-01 4.244287698031e+00 3.964558973274e-01 9.324365633321e+02
2 46 4 1.01618268 0.71512286 1.53620142 0.69114853 5.02300000 1.905713902519e+00 2.940081518589e-01 3.189653253424e+00 3.983393934778e-01 1.024020106783e+03
2 47 4 1.01618268 0.71512286 1.53620142 0.69114853 5.02300000 1.980003473553e+00 3.071766733588e-01 3.213115008235e+00 4.063935082265e-01 1.105743019838e+03
2 48 4 1.01618268 0.71512286 1.53620142 0.69114853 5.02300000 2.002535308572e+00 3.205264026730e-01 4.491127462259e+00 4.176107289001e-01 1.171921494735e+03
2 49 4 1.01618268 0.71512286 1.53620142 0.69114853 5.02300000 2.000834373006e+00 3.280191382352e-01 6.015388415318e+00 4.422048296694e-01 1.217001750855e+03
2 50 4 1.01618268 0.71512286 1.53620142 0.69114853 5.02300000 2.056915385533e+00 3.421451809174e-01 6.564515018801e+00 4.604942377512e-01 1.239504657814e+03
2 51 4 1.01618268 0.71512286 1.53620142 0.69114853 5.02300000 2.192670316083e+00 3.578193949125e-01 5.549713045229e+00 4.719194065578e-01 1.234060133441e+03
2 52 4 1.01618268 0.71512286 1.53620142 0.69114853 5.02300000 2.387321718852e+00 3.724566640759e-01 4.210756138946e+00 4.921497124148e-01 1.201317260421e+03
2 53 4 1.01618268 0.71512286 1.53620142 0.69114853 5.02300000 2.497346874844e+00 3.942878791025e-01 4.156233907174e+00 5.207164791918e-01 1.154854786788e+03
2 54 4 1.01618268 0.71512286 1.53620142 0.69114853 5.02300000 2.487666760872e+00 4.125024010491e-01 5.774929632982e+00 5.470701807001e-01 1.106995123279e+03
2 55 4 1.01618268 0.71512286 1.53620142 0.69114853 5.02300000 2.490386796320e+00 4.269275109298e-01 7.839135661311e+00 5.584013653433e-01 1.063138604757e+03
2 56 4 1.01618268 0.71512286 1.53620142 0.69114853 5.02300000 2.666440499104e+00 4.488474038969e-01 8.568126393662e+00 5.851899763368e-01 1.038973222986e+03
2 57 4 1.01618268 0.71512286 1.53620142 0.69114853 5.02300000 2.890161686815e+00 4.711850619339e-01 7.466433613573e+00 6.157402137284e-01 1.039964401380e+03
2 58 4 1.01618268 0.71512286 1.53620142 0.69114853 5.02300000 3.047702235084e+00 4.832858403909e-01 5.771210521044e+00 6.364119996811e-01 1.077702181525e+03
2 59 4 1.01618268 0.71512286 1.53620142 0.69114853 5.02300000 3.086034833274e+00 5.010339807592e-01 5.583055649738e+00 6.524379225058e-01 1.158345416953e+03
2 60 4 1.01618268 0.71512286 1.53620142 0.69114853 5.02300000 3.153220162819e+00 5.335171279979e-01 7.554189979861e+00 6.767340934660e-01 1.277025729435e+03
2 61 4 1.01618268 0.71512286 1.53620142 0.69114853 5.02300000 3.208850006546e+00 5.559906067614e-01 1.029210564520e+01 7.131934274566e-01 1.425337539422e+03
2 62 4 1.01618268 0.71512286 1.53620142 0.69114853 5.02300000 3.346308150899e+00 5.765716610796e-01 1.150839800782e+01 7.351641142710e-01 1.596570748503e+03
2 63 4 1.01618268 0.71512286 1.53620142 0.69114853 5.02300000 3.587887525310e+00 6.095381607292e-01 1.017575803998e+01 7.669737878719e-01 1.774043573757e+03
4 0 4 0.87205031 0.54462587 0.91466465 0.55207915 2.62972209 1.464653957049e+00 6.239473036773e-04 8.551079240577e-02 2.995809482048e-01 1.642902387522e+02
4 1 4 0.87205031 0.54462587 0.91466465 0.55207915 2.62972209 1.396413268848e+00 4.685730957614e-04 7.168299011939e-02 2.868790000478e-01 1.177576386298e+02
4 2 4 0.87205031 0.54462587 0.91466465 0.55207915 2.62972209 1.306539670106e+00 6.701816345036e-04 3.560604775789e-02 2.761950268100e-01 9.297150926521e+01
4 3 4 0.87205031 0.54462587 0.91466465 0.55207915 2.62972209 1.262382602510e+00 8.835371276771e-04 1.950225915801e-02 2.657245703549e-01 9.018361103731e+01
4 4 4 0.87205031 0.54462587 0.91466465 0.55207915 2.62972209 1.252385304470e+00 7.196790077132e-04 3.777420757928e-02 2.571012392265e-01 9.384876687417e+01
4 5 4 0.87205031 0.54462587 0.91466465 0.55207915 2.62972209 1.212141514111e+00 4.727285147056e-04 6.234305077255e-02 2.465223525803e-01 1.096318667528e+02
4 6 4 0.87205031 0.54462587 0.91466465 0.55207915 2.62972209 1.182680765377e+00 4.381939610703e-04 6.357047750018e-02 2.390938251547e-01 1.206789790399e+02
4 7 4 0.87205031 0.54462587 0.91466465 0.55207915 2.62972209 1.147939844409e+00 5.481107738534e-04 3.811910695915e-02 2.309937908726e-01 1.106115274738e+02
4 8 4 0.87205031 0.54462587 0.91466465 0.55207915 2.62972209 1.078469506091e+00 6.678376613486e-04 1.654871612587e-02 2.265486269427e-01 1.030639176567e+02
4 9 4 0.87205031 0.54462587 0.91466465 0.55207915 2.62972209 1.018257893471e+00 6.173310783224e-04 2.298484841269e-02 2.199486493545e-01 1.088838213883e+02
4 10 4 0.87205031 0.54462587 0.91466465 0.55207915 2.62972209 9.879716302919e-01 4.058605420275e-04 4.495149143704e-02 2.131154376876e-01 1.081087141272e+02
4 11 4 0.87205031 0.54462587 0.91466465 0.55207915 2.62972209 9.692437223472e-01 3.405247645165e-04 5.312622466404e-02 2.030980172788e-01 1.055495828818e+02
4 12 4 0.87205031 0.54462587 0.91466465 0.55207915 2.62972209 9.555515522903e-01 4.872555365554e-04 3.607278543345e-02 1.926763151162e-01 1.032497839556e+02
4 13 4 0.87205031 0.54462587 0.91466465 0.55207915 2.62972209 9.309959473615e-01 5.766770064313e-04 1.538115801473e-02 1.831774448761e-01 8.364942243357e+01
4 14 4 0.87205031 0.54462587 0.91466465 0.55207915 2.62972209 8.954550465851e-01 4.833425959048e-04 1.311416054028e-02 1.745640723580e-01 6.017017202080e+01
4 15 4 0.87205031 0.54462587 0.91466465 0.55207915 2.62972209 8.566830372829e-01 3.338102374673e-04 2.963760872562e-02 1.677760299535e-01 5.583312761887e+01
4 16 4 0.87205031 0.54462587 0.91466465 0.55207915 2.62972209 8.116525864391e-01 3.025422969497e-04 4.261822397424e-02 1.593465193798e-01 6.142087688322e+01
4 17 4 0.87205031 0.54462587 0.91466465 0.55207915 2.62972209 7.817337071748e-01 4.044952945077e-04 3.560409066371e-02 1.521263018661e-01 7.181925246790e+01
4 18 4 0.87205031 0.54462587 0.91466465 0.55207915 2.62972209 7.837599605048e-01 4.684573609985e-04 1.721896465607e-02 1.442190561605e-01 8.916082278678e+01
4 19 4 0.87205031 0.54462587 0.91466465 0.55207915 2.62972209 7.767260134536e-01 4.178852198212e-04 8.617840650109e-03 1.403259329235e-01 9.474202585693e+01
4 20 4 0.87205031 0.54462587 0.91466465 0.55207915 2.62972209 7.558437270275e-01 3.320010394305e-04 1.836456845904e-02 1.379019059302e-01 8.253846861084e+01
4 21 4 0.87205031 0.54462587 0.91466465 0.55207915 2.62972209 7.415185314560e-01 2.593820674543e-04 3.246759194002e-02 1.383656273190e-01 7.305469504424e+01
4 22 4 0.87205031 0.54462587 0.91466465 0.55207915 2.62972209 7.119764783281e-01 2.768288251985e-04 3.241131180222e-02 1.379054457482e-01 6.872075663532e+01
4 23 4 0.87205031 0.54462587 0.91466465 0.55207915 2.62972209 6.813614707143e-01 4.120588352823e-04 1.795474285614e-02 1.367304596183e-01 6.157057250319e+01
4 24 4 0.87205031 0.54462587 0.91466465 0.55207915 2.62972209 6.703635250634e-01 4.621095782969e-04 6.719144447203e-03 1.343401088141e-01 6.110961719946e+01
4 25 4 0.87205031 0.54462587 0.91466465 0.55207915 2.62972209 6.739083253133e-01 3.277653476574e-04 1.097791646376e-02 1.310855826176e-01 6.263504963972e+01
4 26 4 0.87205031 0.54462587 0.91466465 0.55207915 2.62972209 6.800661640318e-01 2.067155673891e-04 2.437560863755e-02 1.282284570978e-01 5.388855613614e+01
4 27 4 0.87205031 0.54462587 0.91466465 0.55207915 2.62972209 6.785321406507e-01 2.288186506687e-04 2.988716398820e-02 1.237722921405e-01 4.703731192936e+01
4 28 4 0.87205031 0.54462587 0.91466465 0.55207915 2.62972209 6.631502268142e-01 3.572635642822e-04 2.071197608326e-02 1.197803813635e-01 5.174301234956e+01
4 29 4 0.87205031 0.54462587 0.91466465 0.55207915 2.62972209 6.546515958511e-01 4.791322891566e-04 7.872231480501e-03 1.147221043789e-01 5.862400589494e+01
4 30 4 0.87205031 0.54462587 0.91466465 0.55207915 2.62972209 6.417219551049e-01 3.984298275980e-04 6.719900319830e-03 1.130233775842e-01 6.937544367926e+01
4 31 4 0.87205031 0.54462587 0.91466465 0.55207915 2.62972209 6.317371019227e-01 1.795203282939e-04 1.731450396440e-02 1.137535400777e-01 8.348762751955e+01
4 32 4 0.87205031 0.54462587 0.91466465 0.55207915 2.62972209 6.565502679088e-01 1.840022887113e-04 2.806779920957e-02 1.191710569671e-01 8.347143849058e+01
4 33 4 0.87205031 0.54462587 0.91466465 0.55207915 2.62972209 6.730633566988e-01 4.059532547133e-04 2.548219164951e-02 1.255388700753e-01 6.909326766999e+01
4 34 4 0.87205031 0.54462587 0.91466465 0.55207915 2.62972209 6.789773319715e-01 4.824415170501e-04 1.221985369027e-02 1.318870720895e-01 5.883634230001e+01
4 35 4 0.87205031 0.54462587 0.91466465 0.55207915 2.62972209 6.828085643364e-01 3.578870885248e-04 6.274832860663e-03 1.359351121733e-01 5.189042653200e+01
4 36 4 0.87205031 0.54462587 0.91466465 0.55207915 2.62972209 6.819409802778e-01 2.306706855641e-04 1.537556450601e-02 1.378281917959e-01 4.753398745428e+01
4 37 4 0.87205031 0.54462587 0.91466465 0.55207915 2.62972209 6.792103770788e-01 2.123574955525e-04 2.855935677876e-02 1.393759893251e-01 5.565562663643e+01
4 38 4 0.87205031 0.54462587 0.91466465 0.55207915 2.62972209 6.904056526331e-01 3.392988012022e-04 2.928040063593e-02 1.398530083084e-01 6.490482437824e+01
4 39 4 0.87205031 0.54462587 0.91466465 0.55207915 2.62972209 7.194908855588e-01 4.756469665210e-04 1.742429560336e-02 1.414925472129e-01 6.335048843259e+01
4 40 4 0.87205031 0.54462587 0.91466465 0.55207915 2.62972209 7.513467376362e-01 4.214166333602e-04 7.292397744854e-03 1.415378439773e-01 6.488672609877e+01
4 41 4 0.87205031 0.54462587 0.91466465 0.55207915 2.62972209 7.803710334521e-01 2.843062490192e-04 1.324049030821e-02 1.434980402514e-01 7.243382616942e+01
4 42 4 0.87205031 0.54462587 0.91466465 0.55207915 2.62972209 7.833953708911e-01 2.697378549057e-04 2.909479147713e-02 1.457542954917e-01 7.704450534625e+01
4 43 4 0.87205031 0.54462587 0.91466465 0.55207915 2.62972209 7.959116907976e-01 3.455134172453e-04 3.580761365135e-02 1.522657488580e-01 8.746526396067e+01
4 44 4 0.87205031 0.54462587 0.91466465 0.55207915 2.62972209 8.128353156089e-01 4.357119840096e-04 2.509034801528e-02 1.603305330710e-01 9.970213816877e+01
4 45 4 0.87205031 0.54462587 0.91466465 0.55207915 2.62972209 8.276659163911e-01 4.889954737153e-04 9.835057287705e-03 1.701819456434e-01 9.237364717089e+01
4 46 4 0.87205031 0.54462587 0.91466465 0.55207915 2.62972209 8.717987255122e-01 4.208943966253e-04 1.111444940730e-02 1.787319838678e-01 7.387872808931e+01
4 47 4 0.87205031 0.54462587 0.91466465 0.55207915 2.62972209 9.297519677784e-01 3.151555367042e-04 2.886555153932e-02 1.855172440448e-01 6.387895775227e+01
4 48 4 0.87205031 0.54462587 0.91466465 0.55207915 2.62972209 9.617914935935e-01 3.511075868386e-04 4.178783190129e-02 1.921762496925e-01 5.868786578541e+01
4 49 4 0.87205031 0.54462587 0.91466465 0.55207915 2.62972209 9.795700659083e-01 5.090591157961e-04 3.422234043102e-02 1.981776217923e-01 6.547121315332e+01
4 50 4 0.87205031 0.54462587 0.91466465 0.55207915 2.62972209 1.005982825417e+00 6.046136138793e-04 1.570508489372e-02 2.065468797971e-01 9.166931057682e+01
4 51 4 0.87205031 0.54462587 0.91466465 0.55207915 2.62972209 1.021856311040e+00 5.080497508998e-04 1.078476237882e-02 2.126421865510e-01 1.113306274851e+02
4 52 4 0.87205031 0.54462587 0.91466465 0.55207915 2.62972209 1.064238542727e+00 3.573977203233e-04 2.891480654120e-02 2.191557284709e-01 1.130999028014e+02
4 53 4 0.87205031 0.54462587 0.91466465 0.55207915 2.62972209 1.117333300255e+00 4.321454295016e-04 4.986129450670e-02 2.217377350878e-01 1.158696116655e+02
4 54 4 0.87205031 0.54462587 0.91466465 0.55207915 2.62972209 1.186877578379e+00 6.510869994547e-04 4.879423304138e-02 2.260133832730e-01 1.159136465907e+02
4 55 4 0.87205031 0.54462587 0.91466465 0.55207915 2.62972209 1.250853583524e+00 6.964869521726e-04 2.603675302744e-02 2.303960685576e-01 1.100365818220e+02
4 56 4 0.87205031 0.54462587 0.91466465 0.55207915 2.62972209 1.266652027160e+00 5.719299200592e-04 1.187815534353e-02 2.385662702363e-01 1.179816799576e+02
4 57 4 0.87205031 0.54462587 0.91466465 0.55207915 2.62972209 1.294250059898e+00 4.631347237023e-04 2.597053658733e-02 2.480302569768e-01 1.273770918464e+02
4 58 4 0.87205031 0.54462587 0.91466465 0.55207915 2.62972209 1.340214012468e+00 5.045035463419e-04 5.508645375952e-02 2.578515864210e-01 1.143863933401e+02
4 59 4 0.87205031 0.54462587 0.91466465 0.55207915 2.62972209 1.381590655532e+00 7.623495121446e-04 6.520490273885e-02 2.681831954600e-01 9.876555237400e+01
4 60 4 0.87205031 0.54462587 0.91466465 0.55207915 2.62972209 1.451957493691e+00 9.214061313230e-04 4.254056622860e-02 2.771882276551e-01 9.724237141242e+01
4 61 4 0.87205031 0.54462587 0.91466465 0.55207915 2.62972209 1.555279910472e+00 6.914700355709e-04 1.798972848292e-02 2.892235452631e-01 1.020352600186e+02
4 62 4 0.87205031 0.54462587 0.91466465 0.55207915 2.62972209 1.616432799351e+00 4.961700856405e-04 2.522981872168e-02 2.995145830278e-01 1.302642255618e+02
4 63 4 0.87205031 0.54462587 0.91466465 0.55207915 2.62972209 1.654171782762e+00 6.704436102647e-04 5.967490649167e-02 3.124677433669e-01 1.792588237133e+02
6 0 4 0.79279928 0.48597828 0.75779617 0.50410077 1.67571771 7.806552248834e-03 3.951727124298e-04 4.239002775614e-02 1.826113491090e-01 2.993536831646e+01
6 1 4 0.79279928 0.48597828 0.75779617 0.50410077 1.67571771 9.007833311196e-03 4.420933815637e-04 5.322555220946e-02 1.759109133291e-01 2.664882004792e+01
6 2 4 0.79279928 0.48597828 0.75779617 0.50410077 1.67571771 8.100679234192e-03 5.090660913979e-04 5.341184427887e-02 1.701147467141e-01 2.219876169181e+01
6 3 4 0.79279928 0.48597828 0.75779617 0.50410077 1.67571771 8.831599908535e-03 4.447756377087e-04 3.944020568597e-02 1.656186617952e-01 1.759547230624e+01
6 4 4 0.79279928 0.48597828 0.75779617 0.50410077 1.67571771 9.428048084447e-03 3.132108073153e-04 2.048508177266e-02 1.584222799870e-01 1.436385952134e+01
6 5 4 0.79279928 0.48597828 0.75779617 0.50410077 1.67571771 6.718285625095e-03 2.137055230937e-04 1.086137629862e-02 1.513538662503e-01 1.345779717766e+01
6 6 4 0.79279928 0.48597828 0.75779617 0.50410077 1.67571771 6.594298801350e-03 2.666049575953e-04 1.077791955427e-02 1.446682081288e-01 1.464784287245e+01
6 7 4 0.79279928 0.48597828 0.75779617 0.50410077 1.67571771 6.984558999724e-03 3.819561191232e-04 1.684836528833e-02 1.389131611870e-01 1.741614314091e+01
6 8 4 0.79279928 0.48597828 0.75779617 0.50410077 1.67571771 5.962930771002e-03 4.338680563247e-04 2.681960011657e-02 1.322671619315e-01 2.038275299858e+01
6 9 4 0.79279928 0.48597828 0.75779617 0.50410077 1.67571771 6.991009741198e-03 3.581851706355e-04 3.468857570030e-02 1.284498924948e-01 2.276874278837e+01
6 10 4 0.79279928 0.48597828 0.75779617 0.50410077 1.67571771 7.298421171395e-03 2.763276437473e-04 3.282950450889e-02 1.222339075875e-01 2.304925893565e+01
6 11 4 0.79279928 0.48597828 0.75779617 0.50410077 1.67571771 6.245031359909e-03 2.081849830042e-04 2.317604564431e-02 1.173514837587e-01 2.167299495164e+01
6 12 4 0.79279928 0.48597828 0.75779617 0.50410077 1.67571771 5.651912092974e-03 1.934213999027e-04 1.237199880777e-02 1.138311704495e-01 1.816070191142e+01
6 13 4 0.79279928 0.48597828 0.75779617 0.50410077 1.67571771 4.635270689875e-03 2.333136403762e-04 7.851918932219e-03 1.131772559747e-01 1.441915328831e+01
6 14 4 0.79279928 0.48597828 0.75779617 0.50410077 1.67571771 5.141464685621e-03 2.961221285115e-04 1.060958748598e-02 1.119297144532e-01 1.064521917685e+01
6 15 4 0.79279928 0.48597828 0.75779617 0.50410077 1.67571771 5.306203806511e-03 3.111272877170e-04 1.972557676619e-02 1.113043877719e-01 8.578472971229e+00
6 16 4 0.79279928 0.48597828 0.75779617 0.50410077 1.67571771 5.728239139183e-03 3.036624114319e-04 3.101889004058e-02 1.073132673544e-01 8.223528709409e+00
6 17 4 0.79279928 0.48597828 0.75779617 0.50410077 1.67571771 6.123994127049e-03 2.288785704918e-04 3.583822874106e-02 1.011552516196e-01 1.018729825937e+01
6 18 4 0.79279928 0.48597828 0.75779617 0.50410077 1.67571771 4.595185698977e-03 1.334858771563e-04 2.987131402171e-02 9.435333177891e-02 1.285837136640e+01
6 19 4 0.79279928 0.48597828 0.75779617 0.50410077 1.67571771 3.576686068443e-03 1.359601540482e-04 1.808462155641e-02 8.925291982934e-02 1.602699800507e+01
6 20 4 0.79279928 0.48597828 0.75779617 0.50410077 1.67571771 4.021002354688e-03 2.353743892041e-04 9.849015778442e-03 8.670598905094e-02 1.772011498704e+01
6 21 4 0.79279928 0.48597828 0.75779617 0.50410077 1.67571771 4.382953829441e-03 2.768475759550e-04 7.916470051096e-03 8.594547867876e-02 1.802027268816e+01
6 22 4 0.79279928 0.48597828 0.75779617 0.50410077 1.67571771 5.253883876743e-03 2.635907352945e-04 1.204717678882e-02 8.671227579224e-02 1.607920213776e+01
6 23 4 0.79279928 0.48597828 0.75779617 0.50410077 1.67571771 5.155144644989e-03 2.293685556358e-04 2.001216013684e-02 8.733884852022e-02 1.314352051157e+01
6 24 4 0.79279928 0.48597828 0.75779617 0.50410077 1.67571771 4.332811051150e-03 1.598596241393e-04 2.633428475104e-02 8.812491580976e-02 9.669967330666e+00
6 25 4 0.79279928 0.48597828 0.75779617 0.50410077 1.67571771 3.066223189406e-03 1.027204455915e-04 2.392201587380e-02 8.770319395319e-02 7.147866387023e+00
6 26 4 0.79279928 0.48597828 0.75779617 0.50410077 1.67571771 3.044844230408e-03 1.430182765478e-04 1.539192951826e-02 8.786968437080e-02 6.026139705252e+00
6 27 4 0.79279928 0.48597828 0.75779617 0.50410077 1.67571771 4.379573051146e-03 2.149572498755e-04 7.546887240768e-03 8.509642528830e-02 6.749822945469e+00
6 28 4 0.79279928 0.48597828 0.75779617 0.50410077 1.67571771 4.784004744779e-03 2.613892514397e-04 3.907778034627e-03 8.151694035421e-02 8.808655736255e+00
6 29 4 0.79279928 0.48597828 0.75779617 0.50410077 1.67571771 4.694403107513e-03 2.732122604027e-04 4.057831278622e-03 7.736585931388e-02 1.185958019621e+01
6 30 4 0.79279928 0.48597828 0.75779617 0.50410077 1.67571771 4.341423412961e-03 2.051877894399e-04 8.056706698724e-03 7.536233375695e-02 1.442417258268e+01
6 31 4 0.79279928 0.48597828 0.75779617 0.50410077 1.67571771 2.863716675287e-03 9.172891501702e-05 1.448702107002e-02 7.526452341920e-02 1.595270946728e+01
6 32 4 0.79279928 0.48597828 0.75779617 0.50410077 1.67571771 2.902440302491e-03 9.525528712143e-05 2.088014904576e-02 7.982478407006e-02 1.606009751927e+01
6 33 4 0.79279928 0.48597828 0.75779617 0.50410077 1.67571771 4.394570207475e-03 2.109648225990e-04 2.134391907597e-02 8.479839980338e-02 1.442086422377e+01
6 34 4 0.79279928 0.48597828 0.75779617 0.50410077 1.67571771 4.755975755949e-03 2.777029877966e-04 1.627145167512e-02 8.879850784965e-02 1.170071045006e+01
6 35 4 0.79279928 0.48597828 0.75779617 0.50410077 1.67571771 4.862285394452e-03 2.639788907581e-04 1.111837623863e-02 9.075068381422e-02 8.662717112182e+00
6 36 4 0.79279928 0.48597828 0.75779617 0.50410077 1.67571771 4.432081340519e-03 2.172053360718e-04 8.816644700498e-03 9.069893320893e-02 6.689339216940e+00
6 37 4 0.79279928 0.48597828 0.75779617 0.50410077 1.67571771 3.090361397248e-03 1.437768370341e-04 1.141257315574e-02 8.910344519482e-02 6.116665873526e+00
6 38 4 0.79279928 0.48597828 0.75779617 0.50410077 1.67571771 3.174561099645e-03 1.063865344214e-04 1.992228636864e-02 8.829157376173e-02 7.572806341215e+00
6 39 4 0.79279928 0.48597828 0.75779617 0.50410077 1.67571771 4.493482669452e-03 1.677208581442e-04 2.885683642810e-02 8.892791537142e-02 1.048635104229e+01
6 40 4 0.79279928 0.48597828 0.75779617 0.50410077 1.67571771 5.366683310235e-03 2.400323918055e-04 3.042826293513e-02 8.966309333027e-02 1.419670639035e+01
6 41 4 0.79279928 0.48597828 0.75779617 0.50410077 1.67571771 5.464264470871e-03 2.754318529490e-04 2.449984539398e-02 9.257501116293e-02 1.712164715100e+01
6 42 4 0.79279928 0.48597828 0.75779617 0.50410077 1.67571771 4.522950979322e-03 2.899776592073e-04 1.645980573081e-02 9.658618769445e-02 1.889564313161e+01
6 43 4 0.79279928 0.48597828 0.75779617 0.50410077 1.67571771 4.165389142957e-03 2.435119433615e-04 1.088276408161e-02 1.032437360999e-01 1.830244446639e+01
6 44 4 0.79279928 0.48597828 0.75779617 0.50410077 1.67571771 3.765207963683e-03 1.400530652121e-04 9.399841633021e-03 1.098254038383e-01 1.641873373526e+01
6 45 4 0.79279928 0.48597828 0.75779617 0.50410077 1.67571771 4.850213262960e-03 1.417326970015e-04 1.388704066522e-02 1.168474699861e-01 1.318423929041e+01
6 46 4 0.79279928 0.48597828 0.75779617 0.50410077 1.67571771 6.482235281420e-03 2.448951623419e-04 2.233486810818e-02 1.202705150684e-01 1.049398089472e+01
6 47 4 0.79279928 0.48597828 0.75779617 0.50410077 1.67571771 6.052097806399e-03 3.223925002588e-04 2.831050656099e-02 1.219737962060e-01 8.712417325483e+00
6 48 4 0.79279928 0.48597828 0.75779617 0.50410077 1.67571771 5.536784160122e-03 3.310307936394e-04 2.606817667567e-02 1.211743430639e-01 9.301211763399e+00
6 49 4 0.79279928 0.48597828 0.75779617 0.50410077 1.67571771 5.387920874373e-03 3.140091706447e-04 2.020620020949e-02 1.236297074867e-01 1.155932662898e+01
6 50 4 0.79279928 0.48597828 0.75779617 0.50410077 1.67571771 4.919085607545e-03 2.458782958837e-04 1.554880955040e-02 1.277375857681e-01 1.558378907461e+01
6 51 4 0.79279928 0.48597828 0.75779617 0.50410077 1.67571771 6.030077365829e-03 2.030829944914e-04 1.223636990000e-02 1.347301368907e-01 1.972380248763e+01
6 52 4 0.79279928 0.48597828 0.75779617 0.50410077 1.67571771 6.660428316471e-03 2.208908891203e-04 1.147594803235e-02 1.429562642508e-01 2.351903402744e+01
6 53 4 0.79279928 0.48597828 0.75779617 0.50410077 1.67571771 7.757075470196e-03 2.962525203396e-04 1.836639322591e-02 1.509220824100e-01 2.482750643344e+01
6 54 4 0.79279928 0.48597828 0.75779617 0.50410077 1.67571771 7.352807714381e-03 3.879453478693e-04 2.975340383933e-02 1.567641299639e-01 2.436937209396e+01
6 55 4 0.79279928 0.48597828 0.75779617 0.50410077 1.67571771 6.261310580087e-03 4.669278958040e-04 3.682752495717e-02 1.638841841988e-01 2.155613783462e+01
6 56 4 0.79279928 0.48597828 0.75779617 0.50410077 1.67571771 7.430689843023e-03 4.051155458220e-04 3.720156232539e-02 1.721570748971e-01 1.819277077677e+01
6 57 4 0.79279928 0.48597828 0.75779617 0.50410077 1.67571771 7.059972355717e-03 2.785999185116e-04 3.513199554523e-02 1.785963443667e-01 1.518952367947e+01
6 58 4 0.79279928 0.48597828 0.75779617 0.50410077 1.67571771 7.181480604993e-03 2.257463887540e-04 3.094610830793e-02 1.866682869684e-01 1.416694826766e+01
6 59 4 0.79279928 0.48597828 0.75779617 0.50410077 1.67571771 1.004431084959e-02 3.367153750301e-04 2.566892924764e-02 1.930078242125e-01 1.561961951043e+01
6 60 4 0.79279928 0.48597828 0.75779617 0.50410077 1.67571771 9.281676795964e-03 4.793294854814e-04 2.612447021928e-02 1.989307870830e-01 1.951236637331e+01
6 61 4 0.79279928 0.48597828 0.75779617 0.50410077 1.67571771 8.528051020326e-03 5.458552643361e-04 3.651291622447e-02 2.048073545672e-01 2.435260090477e+01
6 62 4 0.79279928 0.48597828 0.75779617 0.50410077 1.67571771 9.564850765268e-03 4.726025190043e-04 4.805053477038e-02 2.147664678403e-01 2.891927856420e+01
6 63 4 0.79279928 0.48597828 0.75779617 0.50410077 1.67571771 8.329807774109e-03 4.218872825996e-04 5.095356373869e-02 2.220311234949e-01 3.206296663885e+01
12 0 4 0.69780722 0.46742068 0.70637529 0.46386497 1.33076136 4.962336335154e-03 4.440605602401e-06 4.727557322035e-04 1.312330636835e-01 9.734362808740e+00
12 1 4 0.69780722 0.46742068 0.70637529 0.46386497 1.33076136 5.111475852986e-03 6.367156982402e-06 3.339452362617e-04 1.252800944876e-01 8.705408160220e+00
12 2 4 0.69780722 0.46742068 0.70637529 0.46386497 1.33076136 4.530885288041e-03 8.051780024609e-06 1.614631512689e-04 1.210827954748e-01 8.431790208491e+00
12 3 4 0.69780722 0.46742068 0.70637529 0.46386497 1.33076136 5.197033877439e-03 8.525636934626e-06 3.322035831225e-05 1.148582606537e-01 8.791080689373e+00
12 4 4 0.69780722 0.46742068 0.70637529 0.46386497 1.33076136 4.539493449395e-03 7.407018764562e-06 2.940664734733e-05 1.102507615178e-01 8.470136567390e+00
12 5 4 0.69780722 0.46742068 0.70637529 0.46386497 1.33076136 3.426002141994e-03 5.221718924043e-06 1.399312997598e-04 1.057416401408e-01 7.594306035417e+00
12 6 4 0.69780722 0.46742068 0.70637529 0.46386497 1.33076136 3.760518562591e-03 3.105119704381e-06 2.865910325038e-04 1.021196263431e-01 7.322488884420e+00
12 7 4 0.69780722 0.46742068 0.70637529 0.46386497 1.33076136 3.566880952326e-03 2.077695693167e-06 3.454957735775e-04 9.867524868779e-02 7.694730991920e+00
12 8 4 0.69780722 0.46742068 0.70637529 0.46386497 1.33076136 3.068354055164e-03 2.407812602595e-06 3.392818244954e-04 9.600506727768e-02 7.390532382607e+00
12 9 4 0.69780722 0.46742068 0.70637529 0.46386497 1.33076136 3.830179472856e-03 3.517472720429e-06 2.587679642775e-04 9.314833504203e-02 6.579370133563e+00
12 10 4 0.69780722 0.46742068 0.70637529 0.46386497 1.33076136 3.775040022502e-03 4.486047093996e-06 1.813280405179e-04 8.924332295460e-02 6.305951983768e+00
12 11 4 0.69780722 0.46742068 0.70637529 0.46386497 1.33076136 3.433705152142e-03 4.764971215618e-06 1.395499564907e-04 8.666059155030e-02 6.550206882446e+00
12 12 4 0.69780722 0.46742068 0.70637529 0.46386497 1.33076136 3.371018462247e-03 4.566472271452e-06 1.157220659289e-04 8.406322172619e-02 6.258219198669e+00
12 13 4 0.69780722 0.46742068 0.70637529 0.46386497 1.33076136 2.933494845081e-03 4.642802146468e-06 1.100009657500e-04 8.229700918475e-02 5.590513228546e+00
12 14 4 0.69780722 0.46742068 0.70637529 0.46386497 1.33076136 2.802064703851e-03 5.634958962562e-06 1.119724413890e-04 7.933734803549e-02 5.502411957616e+00
12 15 4 0.69780722 0.46742068 0.70637529 0.46386497 1.33076136 2.356341012510e-03 7.492425173981e-06 8.978386830910e-05 7.707843044948e-02 5.774638838429e+00
12 16 4 0.69780722 0.46742068 0.70637529 0.46386497 1.33076136 2.547257026155e-03 9.409207523574e-06 6.129883723321e-05 7.290889224783e-02 5.494453180848e+00
12 17 4 0.69780722 0.46742068 0.70637529 0.46386497 1.33076136 2.901996966274e-03 1.033436670686e-05 5.272100139791e-05 6.917101720327e-02 4.930999964110e+00
12 18 4 0.69780722 0.46742068 0.70637529 0.46386497 1.33076136 2.537158412486e-03 9.689612440747e-06 6.672465387430e-05 6.577427534925e-02 4.861829784656e+00
12 19 4 0.69780722 0.46742068 0.70637529 0.46386497 1.33076136 2.776111501920e-03 7.776343059156e-06 9.401484454856e-05 6.430667191245e-02 5.168936669260e+00
12 20 4 0.69780722 0.46742068 0.70637529 0.46386497 1.33076136 2.875009078411e-03 5.583567669557e-06 1.293391263200e-04 6.326248431043e-02 5.037340794194e+00
12 21 4 0.69780722 0.46742068 0.70637529 0.46386497 1.33076136 2.200634552784e-03 4.140856878060e-06 1.390968609752e-04 6.330816809471e-02 4.538098030915e+00
12 22 4 0.69780722 0.46742068 0.70637529 0.46386497 1.33076136 2.192405608804e-03 3.878957610754e-06 1.083622733748e-04 6.377668242984e-02 4.474867890896e+00
12 23 4 0.69780722 0.46742068 0.70637529 0.46386497 1.33076136 2.050541422955e-03 4.439810278033e-06 7.405455348294e-05 6.366914265512e-02 4.727027597760e+00
12 24 4 0.69780722 0.46742068 0.70637529 0.46386497 1.33076136 2.078486187589e-03 5.043393507062e-06 4.511524932267e-05 6.331384805670e-02 4.604007754676e+00
12 25 4 0.69780722 0.46742068 0.70637529 0.46386497 1.33076136 2.044082177824e-03 5.119948642561e-06 4.654253887640e-05 6.241097930705e-02 4.150831607440e+00
12 26 4 0.69780722 0.46742068 0.70637529 0.46386497 1.33076136 2.283737540239e-03 4.738628799627e-06 9.322809948124e-05 6.155451924667e-02 4.137156190240e+00
12 27 4 0.69780722 0.46742068 0.70637529 0.46386497 1.33076136 2.538721666606e-03 4.526405394108e-06 1.636900760207e-04 5.911340862431e-02 4.413186067868e+00
12 28 4 0.69780722 0.46742068 0.70637529 0.46386497 1.33076136 2.194826901431e-03 5.148319019178e-06 1.976044259986e-04 5.723137793140e-02 4.353252036394e+00
12 29 4 0.69780722 0.46742068 0.70637529 0.46386497 1.33076136 2.095006682903e-03 6.738333068831e-06 1.931819605668e-04 5.514422468903e-02 3.998756626803e+00
12 30 4 0.69780722 0.46742068 0.70637529 0.46386497 1.33076136 2.229307583925e-03 8.704416664092e-06 1.354451409891e-04 5.454175302428e-02 3.971125092857e+00
12 31 4 0.69780722 0.46742068 0.70637529 0.46386497 1.33076136 1.784124291734e-03 1.006205820720e-05 7.410878561624e-05 5.469988666235e-02 4.254800748395e+00
12 32 4 0.69780722 0.46742068 0.70637529 0.46386497 1.33076136 1.795374998731e-03 1.007124487724e-05 2.581649856882e-05 5.721456622001e-02 4.324491190523e+00
12 33 4 0.69780722 0.46742068 0.70637529 0.46386497 1.33076136 2.239706951989e-03 8.732044164855e-06 3.346648070489e-06 5.987174982565e-02 4.060311759803e+00
12 34 4 0.69780722 0.46742068 0.70637529 0.46386497 1.33076136 2.119303471858e-03 6.788778631943e-06 4.087892990790e-05 6.243269455687e-02 4.123414690164e+00
12 35 4 0.69780722 0.46742068 0.70637529 0.46386497 1.33076136 2.235475350791e-03 5.236453096984e-06 1.101164442160e-04 6.412836675104e-02 4.489404568275e+00
12 36 4 0.69780722 0.46742068 0.70637529 0.46386497 1.33076136 2.588902965755e-03 4.674094015772e-06 1.653957733146e-04 6.509949566487e-02 4.532803722487e+00
12 37 4 0.69780722 0.46742068 0.70637529 0.46386497 1.33076136 2.344951564347e-03 4.959017041435e-06 1.675766339232e-04 6.519330547494e-02 4.256767457016e+00
12 38 4 0.69780722 0.46742068 0.70637529 0.46386497 1.33076136 2.108765733210e-03 5.402464227151e-06 1.556502465831e-04 6.473619208447e-02 4.351655084041e+00
12 39 4 0.69780722 0.46742068 0.70637529 0.46386497 1.33076136 2.146136938592e-03 5.357759424495e-06 1.183804230939e-04 6.526714355111e-02 4.829253848672e+00
12 40 4 0.69780722 0.46742068 0.70637529 0.46386497 1.33076136 2.130192155817e-03 4.763835553895e-06 8.759724652853e-05 6.542998409467e-02 4.886535427769e+00
12 41 4 0.69780722 0.46742068 0.70637529 0.46386497 1.33076136 2.283252229318e-03 4.231609845011e-06 1.106777194564e-04 6.666315672981e-02 4.607203685134e+00
12 42 4 0.69780722 0.46742068 0.70637529 0.46386497 1.33076136 2.297184295614e-03 4.590100690614e-06 1.713323082874e-04 6.834940939967e-02 4.722356919487e+00
12 43 4 0.69780722 0.46742068 0.70637529 0.46386497 1.33076136 3.013121530901e-03 6.212256398312e-06 2.143911443785e-04 7.225089603235e-02 5.230202033209e+00
12 44 4 0.69780722 0.46742068 0.70637529 0.46386497 1.33076136 2.919132431294e-03 8.622292836993e-06 2.345239530642e-04 7.591158381477e-02 5.312771927861e+00
12 45 4 0.69780722 0.46742068 0.70637529 0.46386497 1.33076136 2.672249458555e-03 1.070230286573e-05 2.002799055243e-04 8.096059958713e-02 5.051239788470e+00
12 46 4 0.69780722 0.46742068 0.70637529 0.46386497 1.33076136 3.063383246024e-03 1.138612883399e-05 1.282673186714e-04 8.516793527655e-02 5.266243313461e+00
12 47 4 0.69780722 0.46742068 0.70637529 0.46386497 1.33076136 2.696006401611e-03 1.036180051280e-05 9.784518230643e-05 8.874918554656e-02 5.971889852759e+00
12 48 4 0.69780722 0.46742068 0.70637529 0.46386497 1.33076136 2.493394580479e-03 8.276539408315e-06 1.085669700562e-04 9.050479671225e-02 6.123305743216e+00
12 49 4 0.69780722 0.46742068 0.70637529 0.46386497 1.33076136 2.974078869420e-03 6.285313797457e-06 1.316772522503e-04 9.271065460333e-02 5.819231669629e+00
12 50 4 0.69780722 0.46742068 0.70637529 0.46386497 1.33076136 3.109486872972e-03 5.260678771352e-06 1.521050486695e-04 9.546085065314e-02 6.038697790709e+00
12 51 4 0.69780722 0.46742068 0.70637529 0.46386497 1.33076136 3.593471333647e-03 5.235832748077e-06 1.345665013979e-04 9.845191228625e-02 6.870631934116e+00
12 52 4 0.69780722 0.46742068 0.70637529 0.46386497 1.33076136 3.645053011726e-03 5.486433569639e-06 8.085078763743e-05 1.028169411220e-01 7.112741625548e+00
12 53 4 0.69780722 0.46742068 0.70637529 0.46386497 1.33076136 4.024804836674e-03 5.182825753175e-06 6.723575561918e-05 1.071632786596e-01 6.812113489010e+00
12 54 4 0.69780722 0.46742068 0.70637529 0.46386497 1.33076136 4.088877576229e-03 4.113023055519e-06 1.288914867817e-04 1.119038467774e-01 7.116319149895e+00
12 55 4 0.69780722 0.46742068 0.70637529 0.46386497 1.33076136 3.260452164870e-03 2.916306089125e-06 2.558701226688e-04 1.153312780615e-01 7.894754278591e+00
12 56 4 0.69780722 0.46742068 0.70637529 0.46386497 1.33076136 3.807682243068e-03 2.632153568483e-06 4.108196921470e-04 1.212928943921e-01 8.093579543811e+00
12 57 4 0.69780722 0.46742068 0.70637529 0.46386497 1.33076136 4.014391848143e-03 3.890420114315e-06 5.137340881442e-04 1.266580693244e-01 7.756617465649e+00
12 58 4 0.69780722 0.46742068 0.70637529 0.46386497 1.33076136 3.638422347728e-03 6.351780367413e-06 4.426306585147e-04 1.334461177277e-01 8.059853496894e+00
12 59 4 0.69780722 0.46742068 0.70637529 0.46386497 1.33076136 4.857312169131e-03 8.832839866460e-06 3.141682445930e-04 1.392484857137e-01 9.028756102627e+00
12 60 4 0.69780722 0.46742068 0.70637529 0.46386497 1.33076136 5.536283080712e-03 1.004496667574e-05 1.596182288356e-04 1.465432831432e-01 9.348685524818e+00
12 61 4 0.69780722 0.46742068 0.70637529 0.46386497 1.33076136 4.825473132351e-03 9.420377559459e-06 4.284897099865e-05 1.518390898098e-01 8.940627556845e+00
12 62 4 0.69780722 0.46742068 0.70637529 0.46386497 1.33076136 5.461164237517e-03 7.437121425031e-06 7.175127219351e-05 1.580678696937e-01 9.321784803290e+00
12 63 4 0.69780722 0.46742068 0.70637529 0.46386497 1.33076136 5.277817945407e-03 5.229533326221e-06 2.380715469440e-04 1.650820475578e-01 1.044350356979e+01
13 0 4 1.41404660 0.73456098 1.32512662 1.08123159 1.68181504 1.350678483628e+01 9.084120502750e-01 9.508994771031e+00 5.286782793821e+00 2.307621547659e+01
13 1 4 1.41404660 0.73456098 1.32512662 1.08123159 1.68181504 1.401155247578e+01 8.628744164233e-01 9.864177853681e+00 5.289938881026e+00 2.362497090064e+01
13 2 4 1.41404660 0.73456098 1.32512662 1.08123159 1.68181504 1.233723087581e+01 8.387212959999e-01 1.014100171188e+01 5.121403391097e+00 2.147042629330e+01
13 3 4 1.41404660 0.73456098 1.32512662 1.08123159 1.68181504 9.717888940173e+00 8.237067993216e-01 1.019161987017e+01 4.791435605670e+00 2.172449432698e+01
13 4 4 1.41404660 0.73456098 1.32512662 1.08123159 1.68181504 8.279964092271e+00 8.027750780835e-01 1.007484536670e+01 4.200458514264e+00 2.009267855037e+01
13 5 4 1.41404660 0.73456098 1.32512662 1.08123159 1.68181504 9.035576679113e+00 7.803995495365e-01 9.860749485993e+00 3.658334584299e+00 1.943266809396e+01
13 6 4 1.41404660 0.73456098 1.32512662 1.08123159 1.68181504 1.066375461368e+01 7.494208604678e-01 9.589133971539e+00 3.074259537267e+00 1.898451297705e+01
13 7 4 1.41404660 0.73456098 1.32512662 1.08123159 1.68181504 1.123507027777e+01 7.123007334452e-01 9.153918761558e+00 2.576069858378e+00 1.816204131900e+01
13 8 4 1.41404660 0.73456098 1.32512662 1.08123159 1.68181504 1.002382478658e+01 6.795876716957e-01 8.748093550107e+00 2.317955083867e+00 1.772034145093e+01
13 9 4 1.41404660 0.73456098 1.32512662 1.08123159 1.68181504 7.968317846586e+00 6.464413588900e-01 8.266988567555e+00 2.146545901475e+00 1.680034291551e+01
13 10 4 1.41404660 0.73456098 1.32512662 1.08123159 1.68181504 6.653132026743e+00 6.049598970042e-01 7.637443613344e+00 2.147300916783e+00 1.643868053438e+01
13 11 4 1.41404660 0.73456098 1.32512662 1.08123159 1.68181504 7.130455404864e+00 5.739091883112e-01 6.942521655518e+00 2.294353661899e+00 1.610749501055e+01
13 12 4 1.41404660 0.73456098 1.32512662 1.08123159 1.68181504 8.511184701661e+00 5.377963862713e-01 6.319987439429e+00 2.470767928931e+00 1.526633475909e+01
13 13 4 1.41404660 0.73456098 1.32512662 1.08123159 1.68181504 9.179999163598e+00 5.208934216613e-01 5.728195009420e+00 2.737836951783e+00 1.518849153197e+01
13 14 4 1.41404660 0.73456098 1.32512662 1.08123159 1.68181504 8.318957953856e+00 5.179957784901e-01 5.195067394579e+00 2.985740017639e+00 1.431328658724e+01
13 15 4 1.41404660 0.73456098 1.32512662 1.08123159 1.68181504 6.538058699778e+00 5.147362643191e-01 4.733251737210e+00 3.098906366551e+00 1.398221549288e+01
13 16 4 1.41404660 0.73456098 1.32512662 1.08123159 1.68181504 5.483441921411e+00 5.188998776931e-01 4.333452459684e+00 3.158861156103e+00 1.339333379711e+01
13 17 4 1.41404660 0.73456098 1.32512662 1.08123159 1.68181504 5.705566473947e+00 5.070503719969e-01 4.070824414136e+00 3.046913942355e+00 1.276665519025e+01
13 18 4 1.41404660 0.73456098 1.32512662 1.08123159 1.68181504 6.952943033820e+00 4.933488819830e-01 3.841724508946e+00 2.800177642285e+00 1.297177734400e+01
13 19 4 1.41404660 0.73456098 1.32512662 1.08123159 1.68181504 7.672517416375e+00 4.805984985438e-01 3.702895270264e+00 2.553628773723e+00 1.198549395343e+01
13 20 4 1.41404660 0.73456098 1.32512662 1.08123159 1.68181504 7.069279106052e+00 4.691460280428e-01 3.683452602126e+00 2.221565288206e+00 1.259551070590e+01
13 21 4 1.41404660 0.73456098 1.32512662 1.08123159 1.68181504 5.721512021138e+00 4.621456733730e-01 3.745023860645e+00 1.914697074863e+00 1.148532138310e+01
13 22 4 1.41404660 0.73456098 1.32512662 1.08123159 1.68181504 4.696588283776e+00 4.558709391792e-01 3.780385446792e+00 1.669371740165e+00 1.185842359090e+01
13 23 4 1.41404660 0.73456098 1.32512662 1.08123159 1.68181504 4.883335758367e+00 4.431053255089e-01 3.912770674550e+00 1.452221195681e+00 1.105763549771e+01
13 24 4 1.41404660 0.73456098 1.32512662 1.08123159 1.68181504 5.875414217631e+00 4.312354914888e-01 4.076019566614e+00 1.382682780594e+00 1.104779292106e+01
13 25 4 1.41404660 0.73456098 1.32512662 1.08123159 1.68181504 6.647559130556e+00 4.205385112475e-01 4.260230207768e+00 1.400318050907e+00 1.123471086083e+01
13 26 4 1.41404660 0.73456098 1.32512662 1.08123159 1.68181504 6.390983513611e+00 4.053597124398e-01 4.455710511986e+00 1.523282302084e+00 1.063237217047e+01
13 27 4 1.41404660 0.73456098 1.32512662 1.08123159 1.68181504 5.382420741607e+00 3.970980831231e-01 4.602657841787e+00 1.760420445852e+00 1.123227356299e+01
13 28 4 1.41404660 0.73456098 1.32512662 1.08123159 1.68181504 4.417453889043e+00 3.786086304085e-01 4.722941427832e+00 1.943135979618e+00 1.020092364207e+01
13 29 4 1.41404660 0.73456098 1.32512662 1.08123159 1.68181504 4.462347747236e+00 3.642073999195e-01 4.851905227492e+00 2.167035522823e+00 1.099185670410e+01
13 30 4 1.41404660 0.73456098 1.32512662 1.08123159 1.68181504 5.438061762572e+00 3.574336779350e-01 4.916310508142e+00 2.362613536232e+00 9.996844171017e+00
13 31 4 1.41404660 0.73456098 1.32512662 1.08123159 1.68181504 6.186347173112e+00 3.579242888045e-01 4.932491468705e+00 2.386927242101e+00 1.046071524260e+01
13 32 4 1.41404660 0.73456098 1.32512662 1.08123159 1.68181504 6.358832987747e+00 3.773949672475e-01 5.065711535292e+00 2.461603079256e+00 1.041932532942e+01
13 33 4 1.41404660 0.73456098 1.32512662 1.08123159 1.68181504 5.487880929495e+00 3.981234805537e-01 5.131274025985e+00 2.393761057278e+00 1.067025302645e+01
13 34 4 1.41404660 0.73456098 1.32512662 1.08123159 1.68181504 4.499629642591e+00 4.181600145637e-01 5.077689983497e+00 2.188243456808e+00 1.110592769317e+01
13 35 4 1.41404660 0.73456098 1.32512662 1.08123159 1.68181504 4.527519035119e+00 4.318180854428e-01 4.985321283641e+00 2.023113414246e+00 1.060055234690e+01
13 36 4 1.41404660 0.73456098 1.32512662 1.08123159 1.68181504 5.463180520791e+00 4.373441708077e-01 4.872635111992e+00 1.765732793566e+00 1.138232680633e+01
13 37 4 1.41404660 0.73456098 1.32512662 1.08123159 1.68181504 6.596232168145e+00 4.399933215794e-01 4.659673645735e+00 1.555725475900e+00 1.078757488093e+01
13 38 4 1.41404660 0.73456098 1.32512662 1.08123159 1.68181504 6.871280083698e+00 4.470628900696e-01 4.470017364448e+00 1.459412247361e+00 1.142691813448e+01
13 39 4 1.41404660 0.73456098 1.32512662 1.08123159 1.68181504 6.041372559851e+00 4.499173679542e-01 4.278231336019e+00 1.420547363572e+00 1.125229647645e+01
13 40 4 1.41404660 0.73456098 1.32512662 1.08123159 1.68181504 5.017550659712e+00 4.544426061984e-01 4.115316765811e+00 1.524957025280e+00 1.185153941676e+01
13 41 4 1.41404660 0.73456098 1.32512662 1.08123159 1.68181504 4.934535688541e+00 4.596617586077e-01 4.006536592770e+00 1.711353810031e+00 1.219989688633e+01
13 42 4 1.41404660 0.73456098 1.32512662 1.08123159 1.68181504 6.106412059281e+00 4.595197538913e-01 3.909731395207e+00 1.977247197807e+00 1.229739798042e+01
13 43 4 1.41404660 0.73456098 1.32512662 1.08123159 1.68181504 7.554712736279e+00 4.737234810919e-01 3.846593612377e+00 2.348464768226e+00 1.274327773651e+01
13 44 4 1.41404660 0.73456098 1.32512662 1.08123159 1.68181504 8.057128317584e+00 4.826888692515e-01 3.947948503873e+00 2.686112217082e+00 1.287274891763e+01
13 45 4 1.41404660 0.73456098 1.32512662 1.08123159 1.68181504 7.150314877890e+00 4.950282152718e-01 4.130643857046e+00 3.034370313995e+00 1.338412017913e+01
13 46 4 1.41404660 0.73456098 1.32512662 1.08123159 1.68181504 5.987812342213e+00 5.056355181134e-01 4.351620160412e+00 3.293593695699e+00 1.391986881790e+01
13 47 4 1.41404660 0.73456098 1.32512662 1.08123159 1.68181504 5.821481211703e+00 5.082023086042e-01 4.716449567230e+00 3.358613533251e+00 1.428283477648e+01
13 48 4 1.41404660 0.73456098 1.32512662 1.08123159 1.68181504 7.125970924568e+00 5.238446515220e-01 5.175030147854e+00 3.337398818335e+00 1.521356062468e+01
13 49 4 1.41404660 0.73456098 1.32512662 1.08123159 1.68181504 8.989982352919e+00 5.482016363978e-01 5.699325108572e+00 3.182808094942e+00 1.524037502647e+01
13 50 4 1.41404660 0.73456098 1.32512662 1.08123159 1.68181504 9.796884271977e+00 5.862244945720e-01 6.290894997132e+00 2.918281715054e+00 1.597984149575e+01
13 51 4 1.41404660 0.73456098 1.32512662 1.08123159 1.68181504 8.981182125468e+00 6.322278614545e-01 6.950592991344e+00 2.679568615563e+00 1.635322185361e+01
13 52 4 1.41404660 0.73456098 1.32512662 1.08123159 1.68181504 7.526478277588e+00 6.736287680244e-01 7.604994667981e+00 2.435004711360e+00 1.672863938947e+01
13 53 4 1.41404660 0.73456098 1.32512662 1.08123159 1.68181504 7.147879608724e+00 7.023126123274e-01 8.264834937360e+00 2.249332281485e+00 1.774965161931e+01
13 54 4 1.41404660 0.73456098 1.32512662 1.08123159 1.68181504 8.554193537919e+00 7.323531202338e-01 8.751480420334e+00 2.249905376441e+00 1.760408874480e+01
13 55 4 1.41404660 0.73456098 1.32512662 1.08123159 1.68181504 1.076802418426e+01 7.505348781460e-01 9.234293651370e+00 2.395612693759e+00 1.964598585601e+01
13 56 4 1.41404660 0.73456098 1.32512662 1.08123159 1.68181504 1.217996154447e+01 7.725579888046e-01 9.720472034415e+00 2.761988468158e+00 1.889446673595e+01
13 57 4 1.41404660 0.73456098 1.32512662 1.08123159 1.68181504 1.141467448194e+01 7.967096643122e-01 1.012518850353e+01 3.359741277803e+00 2.082610079864e+01
13 58 4 1.41404660 0.73456098 1.32512662 1.08123159 1.68181504 9.665484816370e+00 8.032876986161e-01 1.032350834816e+01 3.946407418956e+00 2.070140400515e+01
13 59 4 1.41404660 0.73456098 1.32512662 1.08123159 1.68181504 8.874544160260e+00 8.268769256873e-01 1.047037240386e+01 4.620839345013e+00 2.235309202027e+01
13 60 4 1.41404660 0.73456098 1.32512662 1.08123159 1.68181504 1.043244273005e+01 8.435790233094e-01 1.040014985449e+01 5.195311178128e+00 2.309799259608e+01
13 61 4 1.41404660 0.73456098 1.32512662 1.08123159 1.68181504 1.318825826958e+01 8.778997134272e-01 1.013288673642e+01 5.545706943720e+00 2.303108821000e+01
13 62 4 1.41404660 0.73456098 1.32512662 1.08123159 1.68181504 1.503545033580e+01 9.260201240048e-01 9.820914034156e+00 5.800059947063e+00 2.535353467239e+01
13 63 4 1.41404660 0.73456098 1.32512662 1.08123159 1.68181504 1.448025035894e+01 9.629185707279e-01 9.525915135012e+00 5.779253296371e+00 2.417081811344e+01
14 0 4 1.05343976 0.60271955 1.09934162 0.64301507 9.08589981 2.677584556655e+00 4.503478104842e+00 3.331675969261e+00 5.420931443889e-01 1.078405130416e+04
14 1 4 1.05343976 0.60271955 1.09934162 0.64301507 9.08589981 2.969369353905e+00 4.538991647208e+00 2.840013347097e+00 5.300410172490e-01 1.091160853997e+04
14 2 4 1.05343976 0.60271955 1.09934162 0.64301507 9.08589981 3.800227561811e+00 4.573591663991e+00 1.933113511635e+00 5.079600234311e-01 1.117781521105e+04
14 3 4 1.05343976 0.60271955 1.09934162 0.64301507 9.08589981 4.348241572995e+00 4.612857833000e+00 1.497209487885e+00 4.840472951487e-01 1.067318036698e+04
14 4 4 1.05343976 0.60271955 1.09934162 0.64301507 9.08589981 4.191709662605e+00 4.657449005985e+00 1.840991138448e+00 4.600635000604e-01 9.850025884077e+03
14 5 4 1.05343976 0.60271955 1.09934162 0.64301507 9.08589981 3.402762079421e+00 4.690549788182e+00 2.568406290161e+00 4.359175456388e-01 9.222205545239e+03
14 6 4 1.05343976 0.60271955 1.09934162 0.64301507 9.08589981 2.464476848360e+00 4.726195425009e+00 2.926483808940e+00 4.181278080461e-01 8.884647857828e+03
14 7 4 1.05343976 0.60271955 1.09934162 0.64301507 9.08589981 1.982274761060e+00 4.775845593284e+00 2.582660779271e+00 3.960702636117e-01 8.923311735916e+03
14 8 4 1.05343976 0.60271955 1.09934162 0.64301507 9.08589981 2.244112414347e+00 4.818679944952e+00 1.839622040027e+00 3.822092699222e-01 8.820264341581e+03
14 9 4 1.05343976 0.60271955 1.09934162 0.64301507 9.08589981 2.869557604589e+00 4.868586778835e+00 1.412631847451e+00 3.684557771959e-01 8.526783319964e+03
14 10 4 1.05343976 0.60271955 1.09934162 0.64301507 9.08589981 3.318788432410e+00 4.925602559753e+00 1.674992236335e+00 3.661426861831e-01 8.382167512399e+03
14 11 4 1.05343976 0.60271955 1.09934162 0.64301507 9.08589981 3.212937020021e+00 4.977103634400e+00 2.290731271384e+00 3.561230828254e-01 8.096675905587e+03
14 12 4 1.05343976 0.60271955 1.09934162 0.64301507 9.08589981 2.575780251412e+00 5.040205504733e+00 2.645024341710e+00 3.446906235698e-01 7.722759820047e+03
14 13 4 1.05343976 0.60271955 1.09934162 0.64301507 9.08589981 1.853805178997e+00 5.099075930048e+00 2.407309911651e+00 3.340456716309e-01 7.297014273013e+03
14 14 4 1.05343976 0.60271955 1.09934162 0.64301507 9.08589981 1.522418636170e+00 5.142529685143e+00 1.830255917212e+00 3.243727462736e-01 6.887804842649e+03
14 15 4 1.05343976 0.60271955 1.09934162 0.64301507 9.08589981 1.728711097278e+00 5.188456196974e+00 1.417927487678e+00 3.125197418039e-01 6.963275258682e+03
14 16 4 1.05343976 0.60271955 1.09934162 0.64301507 9.08589981 2.249242115084e+00 5.246325213455e+00 1.546722463752e+00 2.968406066685e-01 7.136009003563e+03
14 17 4 1.05343976 0.60271955 1.09934162 0.64301507 9.08589981 2.633921991156e+00 5.325078428358e+00 2.090415931829e+00 2.849222422059e-01 7.073159150246e+03
14 18 4 1.05343976 0.60271955 1.09934162 0.64301507 9.08589981 2.522825414852e+00 5.394696278907e+00 2.517519993358e+00 2.741083955454e-01 6.759729200675e+03
14 19 4 1.05343976 0.60271955 1.09934162 0.64301507 9.08589981 2.011384139990e+00 5.429145025465e+00 2.396930468632e+00 2.740734732862e-01 6.243488105645e+03
14 20 4 1.05343976 0.60271955 1.09934162 0.64301507 9.08589981 1.477668873129e+00 5.463550931385e+00 1.854668653904e+00 2.689767025745e-01 5.988320937192e+03
14 21 4 1.05343976 0.60271955 1.09934162 0.64301507 9.08589981 1.256849533949e+00 5.518876374079e+00 1.446417921152e+00 2.658596895877e-01 6.037057470286e+03
14 22 4 1.05343976 0.60271955 1.09934162 0.64301507 9.08589981 1.435291236139e+00 5.586639693481e+00 1.544788893328e+00 2.621170116643e-01 6.044803349207e+03
14 23 4 1.05343976 0.60271955 1.09934162 0.64301507 9.08589981 1.878879687848e+00 5.653288278318e+00 2.030329027994e+00 2.634123488762e-01 6.051461254965e+03
14 24 4 1.05343976 0.60271955 1.09934162 0.64301507 9.08589981 2.204206189138e+00 5.702663761952e+00 2.443153785050e+00 2.604747508741e-01 5.965133883087e+03
14 25 4 1.05343976 0.60271955 1.09934162 0.64301507 9.08589981 2.160234157529e+00 5.752028847219e+00 2.421172776906e+00 2.505371173221e-01 5.853701788777e+03
14 26 4 1.05343976 0.60271955 1.09934162 0.64301507 9.08589981 1.760219536119e+00 5.825985419602e+00 1.994900559007e+00 2.404012134707e-01 5.826515822390e+03
14 27 4 1.05343976 0.60271955 1.09934162 0.64301507 9.08589981 1.311143826398e+00 5.903125645132e+00 1.594911377852e+00 2.299238853134e-01 5.591859717032e+03
14 28 4 1.05343976 0.60271955 1.09934162 0.64301507 9.08589981 1.129447784898e+00 5.953625055773e+00 1.601787842934e+00 2.254695326059e-01 5.394902810525e+03
14 29 4 1.05343976 0.60271955 1.09934162 0.64301507 9.08589981 1.341814708969e+00 5.987649399532e+00 2.010771126686e+00 2.190819635337e-01 5.408590609656e+03
14 30 4 1.05343976 0.60271955 1.09934162 0.64301507 9.08589981 1.765050942752e+00 6.045623448516e+00 2.446717357151e+00 2.162402404319e-01 5.581792076079e+03
14 31 4 1.05343976 0.60271955 1.09934162 0.64301507 9.08589981 2.072424870675e+00 6.148562128483e+00 2.565277284536e+00 2.144198488944e-01 5.868364998129e+03
14 32 4 1.05343976 0.60271955 1.09934162 0.64301507 9.08589981 2.108295569305e+00 6.243055941486e+00 2.310024768627e+00 2.248769645144e-01 5.877652450943e+03
14 33 4 1.05343976 0.60271955 1.09934162 0.64301507 9.08589981 1.773956355533e+00 6.277842847296e+00 1.834271162219e+00 2.349808255571e-01 5.608789533368e+03
14 34 4 1.05343976 0.60271955 1.09934162 0.64301507 9.08589981 1.338576331791e+00 6.300244671840e+00 1.657628339877e+00 2.428676110328e-01 5.457738146544e+03
14 35 4 1.05343976 0.60271955 1.09934162 0.64301507 9.08589981 1.162506126649e+00 6.358042023858e+00 2.033107247525e+00 2.489584556571e-01 5.466082434880e+03
14 36 4 1.05343976 0.60271955 1.09934162 0.64301507 9.08589981 1.406649459318e+00 6.437187962037e+00 2.641448489599e+00 2.548897531212e-01 5.697668832148e+03
14 37 4 1.05343976 0.60271955 1.09934162 0.64301507 9.08589981 1.908893349762e+00 6.506933594032e+00 2.930086927912e+00 2.623308254886e-01 5.958977951544e+03
14 38 4 1.05343976 0.60271955 1.09934162 0.64301507 9.08589981 2.318413649953e+00 6.547162953025e+00 2.640047423350e+00 2.628129801458e-01 6.004797810664e+03
14 39 4 1.05343976 0.60271955 1.09934162 0.64301507 9.08589981 2.350590234033e+00 6.590421767615e+00 2.085999922794e+00 2.620434182629e-01 6.137959574749e+03
14 40 4 1.05343976 0.60271955 1.09934162 0.64301507 9.08589981 1.994008433747e+00 6.657789978979e+00 1.829626808906e+00 2.566096714855e-01 6.238481020137e+03
14 41 4 1.05343976 0.60271955 1.09934162 0.64301507 9.08589981 1.551924985156e+00 6.717942335998e+00 2.195484716780e+00 2.611363783184e-01 6.250468553786e+03
14 42 4 1.05343976 0.60271955 1.09934162 0.64301507 9.08589981 1.377617729135e+00 6.764969624537e+00 2.907719553016e+00 2.668944233927e-01 6.260345469230e+03
14 43 4 1.05343976 0.60271955 1.09934162 0.64301507 9.08589981 1.670916716510e+00 6.802489469035e+00 3.322375850759e+00 2.747986446270e-01 6.226869126234e+03
14 44 4 1.05343976 0.60271955 1.09934162 0.64301507 9.08589981 2.318901998232e+00 6.850447874628e+00 3.067740425062e+00 2.806604634908e-01 6.524800951814e+03
14 45 4 1.05343976 0.60271955 1.09934162 0.64301507 9.08589981 2.859228087183e+00 6.936043596868e+00 2.452382738059e+00 2.940810932744e-01 7.085147041668e+03
14 46 4 1.05343976 0.60271955 1.09934162 0.64301507 9.08589981 2.899397434241e+00 7.017978838564e+00 2.111848769727e+00 3.112134729453e-01 7.418580023543e+03
14 47 4 1.05343976 0.60271955 1.09934162 0.64301507 9.08589981 2.476059028848e+00 7.065715466787e+00 2.421711489842e+00 3.235937847590e-01 7.485885492377e+03
14 48 4 1.05343976 0.60271955 1.09934162 0.64301507 9.08589981 1.942111732284e+00 7.103686678538e+00 3.183377654652e+00 3.353129811691e-01 7.295071444101e+03
14 49 4 1.05343976 0.60271955 1.09934162 0.64301507 9.08589981 1.770301123011e+00 7.151691459509e+00 3.777591224888e+00 3.400918362517e-01 7.241581051572e+03
14 50 4 1.05343976 0.60271955 1.09934162 0.64301507 9.08589981 2.172146396550e+00 7.218741196843e+00 3.688388967789e+00 3.516435374210e-01 7.702747920474e+03
14 51 4 1.05343976 0.60271955 1.09934162 0.64301507 9.08589981 2.983602544899e+00 7.285655379710e+00 2.981738859993e+00 3.612255067219e-01 8.169458558673e+03
14 52 4 1.05343976 0.60271955 1.09934162 0.64301507 9.08589981 3.641134297371e+00 7.336011939470e+00 2.416154655564e+00 3.743389170298e-01 8.571440851544e+03
14 53 4 1.05343976 0.60271955 1.09934162 0.64301507 9.08589981 3.745497895519e+00 7.387749939717e+00 2.655108983886e+00 3.815429867468e-01 8.864522122935e+03
14 54 4 1.05343976 0.60271955 1.09934162 0.64301507 9.08589981 3.254205922178e+00 7.438070782554e+00 3.602829120804e+00 4.002339758735e-01 9.010473185728e+03
14 55 4 1.05343976 0.60271955 1.09934162 0.64301507 9.08589981 2.545832892888e+00 7.480821674579e+00 4.405115313218e+00 4.238839101624e-01 9.331032831946e+03
14 56 4 1.05343976 0.60271955 1.09934162 0.64301507 9.08589981 2.329054798470e+00 7.532328932203e+00 4.362233552902e+00 4.468991154726e-01 9.431838693496e+03
14 57 4 1.05343976 0.60271955 1.09934162 0.64301507 9.08589981 2.849850978505e+00 7.582498113779e+00 3.580727873803e+00 4.686562340020e-01 9.407598337360e+03
14 58 4 1.05343976 0.60271955 1.09934162 0.64301507 9.08589981 3.846854228104e+00 7.629443528200e+00 2.837696573765e+00 4.871646498248e-01 9.790136441996e+03
14 59 4 1.05343976 0.60271955 1.09934162 0.64301507 9.08589981 4.748503377009e+00 7.695818435820e+00 2.989248378062e+00 5.098553420471e-01 1.046523647759e+04
14 60 4 1.05343976 0.60271955 1.09934162 0.64301507 9.08589981 4.927580089663e+00 7.761799466712e+00 4.029740518461e+00 5.238568155717e-01 1.133977786987e+04
14 61 4 1.05343976 0.60271955 1.09934162 0.64301507 9.08589981 4.262255374503e+00 7.816982888032e+00 5.100646513841e+00 5.412375076795e-01 1.183074984902e+04
14 62 4 1.05343976 0.60271955 1.09934162 0.64301507 9.08589981 3.345311439673e+00 7.885788638206e+00 5.180942587860e+00 5.472498273495e-01 1.152339552705e+04
14 63 4 1.05343976 0.60271955 1.09934162 0.64301507 9.08589981 3.018090921265e+00 7.966368913894e+00 4.293162612035e+00 5.633546796915e-01 1.140336771500e+04
15 0 4 1.02383991 0.58462172 1.04068405 0.62298011 5.86367869 2.732101368170e+00 1.234046176521e-01 1.904000289046e-01 4.632898880442e-01 2.824028671052e+03
15 1 4 1.02383991 0.58462172 1.04068405 0.62298011 5.86367869 2.153481508120e+00 1.232504435186e-01 6.916179219705e-01 4.432651083538e-01 2.672539283398e+03
15 2 4 1.02383991 0.58462172 1.04068405 0.62298011 5.86367869 2.371670356085e+00 1.224934943257e-01 8.842956901288e-01 4.282018713204e-01 2.414019768292e+03
15 3 4 1.02383991 0.58462172 1.04068405 0.62298011 5.86367869 3.077726992995e+00 1.176513733813e-01 5.524077179414e-01 4.114969057327e-01 2.270661543159e+03
15 4 4 1.02383991 0.58462172 1.04068405 0.62298011 5.86367869 3.548005040225e+00 1.159367262900e-01 1.208154028202e-01 3.957947633293e-01 2.213558589820e+03
15 5 4 1.02383991 0.58462172 1.04068405 0.62298011 5.86367869 3.417642284656e+00 1.164441375146e-01 2.196930414363e-02 3.766276803012e-01 2.117471234304e+03
15 6 4 1.02383991 0.58462172 1.04068405 0.62298011 5.86367869 2.725926313748e+00 1.144597057248e-01 2.727928753781e-01 3.596645570417e-01 2.068283411523e+03
15 7 4 1.02383991 0.58462172 1.04068405 0.62298011 5.86367869 1.942180595999e+00 1.120615761672e-01 5.064800500128e-01 3.446963490512e-01 2.042074755457e+03
15 8 4 1.02383991 0.58462172 1.04068405 0.62298011 5.86367869 1.627496370194e+00 1.103503174521e-01 4.479104542237e-01 3.377497144635e-01 2.042195723132e+03
15 9 4 1.02383991 0.58462172 1.04068405 0.62298011 5.86367869 1.958864549673e+00 1.104449248927e-01 2.076983149407e-01 3.335152237843e-01 2.093715766477e+03
15 10 4 1.02383991 0.58462172 1.04068405 0.62298011 5.86367869 2.550771002971e+00 1.088532495640e-01 5.370327785506e-02 3.263908660911e-01 1.978191781305e+03
15 11 4 1.02383991 0.58462172 1.04068405 0.62298011 5.86367869 2.821880799965e+00 1.048086903915e-01 9.938127644095e-02 3.191614591840e-01 1.763260344985e+03
15 12 4 1.02383991 0.58462172 1.04068405 0.62298011 5.86367869 2.562581493577e+00 1.014646710209e-01 2.049969063515e-01 3.143719330033e-01 1.598359057907e+03
15 13 4 1.02383991 0.58462172 1.04068405 0.62298011 5.86367869 1.926765986126e+00 9.947325584403e-02 2.205088623617e-01 3.096759140959e-01 1.529337643635e+03
15 14 4 1.02383991 0.58462172 1.04068405 0.62298011 5.86367869 1.415185666310e+00 1.001219770696e-01 1.687117409627e-01 2.987164503756e-01 1.624293516620e+03
15 15 4 1.02383991 0.58462172 1.04068405 0.62298011 5.86367869 1.338980404435e+00 9.969238679320e-02 1.460644410638e-01 2.833903413314e-01 1.746913735837e+03
15 16 4 1.02383991 0.58462172 1.04068405 0.62298011 5.86367869 1.680713107893e+00 9.579481232280e-02 1.562450197192e-01 2.675197613047e-01 1.698671156821e+03
15 17 4 1.02383991 0.58462172 1.04068405 0.62298011 5.86367869 2.122219150269e+00 9.081956251133e-02 1.323223749547e-01 2.547158511340e-01 1.576955533569e+03
15 18 4 1.02383991 0.58462172 1.04068405 0.62298011 5.86367869 2.265009274789e+00 8.717466680393e-02 7.165720942117e-02 2.455227664326e-01 1.428732740977e+03
15 19 4 1.02383991 0.58462172 1.04068405 0.62298011 5.86367869 1.958178174065e+00 8.732469059227e-02 7.298938763636e-02 2.400442446926e-01 1.327230226174e+03
15 20 4 1.02383991 0.58462172 1.04068405 0.62298011 5.86367869 1.449096923085e+00 8.647100733849e-02 1.681894844825e-01 2.311456778880e-01 1.358265157863e+03
15 21 4 1.02383991 0.58462172 1.04068405 0.62298011 5.86367869 1.128445787616e+00 8.196088494153e-02 2.634481289250e-01 2.277064442463e-01 1.371252224855e+03
15 22 4 1.02383991 0.58462172 1.04068405 0.62298011 5.86367869 1.169612821300e+00 7.883322582192e-02 2.390633308071e-01 2.275597662187e-01 1.357189242410e+03
15 23 4 1.02383991 0.58462172 1.04068405 0.62298011 5.86367869 1.530325391421e+00 7.719696805548e-02 9.534543640377e-02 2.296164144406e-01 1.364958957535e+03
15 24 4 1.02383991 0.58462172 1.04068405 0.62298011 5.86367869 1.878541592827e+00 7.565382403810e-02 6.514706657708e-03 2.257880678270e-01 1.348739715154e+03
15 25 4 1.02383991 0.58462172 1.04068405 0.62298011 5.86367869 1.925866655350e+00 7.316769134360e-02 1.062087995376e-01 2.176751130849e-01 1.340197916913e+03
15 26 4 1.02383991 0.58462172 1.04068405 0.62298011 5.86367869 1.618325898585e+00 6.801891074908e-02 3.016659494647e-01 2.099644381409e-01 1.319468958696e+03
15 27 4 1.02383991 0.58462172 1.04068405 0.62298011 5.86367869 1.211470204048e+00 6.443382046578e-02 3.658084717519e-01 2.022822210158e-01 1.204278432004e+03
15 28 4 1.02383991 0.58462172 1.04068405 0.62298011 5.86367869 1.002816508391e+00 6.447815715485e-02 2.190701676482e-01 1.986072489460e-01 1.145408848170e+03
15 29 4 1.02383991 0.58462172 1.04068405 0.62298011 5.86367869 1.160229660770e+00 6.484063851361e-02 3.088440524320e-02 1.921762177795e-01 1.172931785717e+03
15 30 4 1.02383991 0.58462172 1.04068405 0.62298011 5.86367869 1.534577412088e+00 6.363543574021e-02 2.964791941474e-02 1.895374843548e-01 1.254649125810e+03
15 31 4 1.02383991 0.58462172 1.04068405 0.62298011 5.86367869 1.815005548776e+00 5.816692830429e-02 2.142519446270e-01 1.878696773147e-01 1.371770034081e+03
15 32 4 1.02383991 0.58462172 1.04068405 0.62298011 5.86367869 1.844865873901e+00 5.232808087963e-02 3.861312669537e-01 1.975343124684e-01 1.373336321431e+03
15 33 4 1.02383991 0.58462172 1.04068405 0.62298011 5.86367869 1.534187991169e+00 5.234289670075e-02 3.435254795773e-01 2.067378530771e-01 1.258873230621e+03
15 34 4 1.02383991 0.58462172 1.04068405 0.62298011 5.86367869 1.150951405689e+00 5.370646275289e-02 1.264902676962e-01 2.140744908532e-01 1.182995351956e+03
15 35 4 1.02383991 0.58462172 1.04068405 0.62298011 5.86367869 1.033192848519e+00 5.322957416995e-02 2.551093188509e-04 2.190942030191e-01 1.160322212931e+03
15 36 4 1.02383991 0.58462172 1.04068405 0.62298011 5.86367869 1.295088944448e+00 5.052056214034e-02 1.038717675724e-01 2.229458418621e-01 1.230270735826e+03
15 37 4 1.02383991 0.58462172 1.04068405 0.62298011 5.86367869 1.751042350883e+00 4.614547486980e-02 2.999733704412e-01 2.291191708450e-01 1.354966996789e+03
15 38 4 1.02383991 0.58462172 1.04068405 0.62298011 5.86367869 2.057780470006e+00 4.485805776667e-02 3.476246175295e-01 2.302210278000e-01 1.379458064473e+03
15 39 4 1.02383991 0.58462172 1.04068405 0.62298011 5.86367869 1.985272686175e+00 4.505959107430e-02 2.008169022190e-01 2.312653463331e-01 1.392294035740e+03
15 40 4 1.02383991 0.58462172 1.04068405 0.62298011 5.86367869 1.600824701662e+00 4.438756968450e-02 3.489551309469e-02 2.271399404505e-01 1.410049404017e+03
15 41 4 1.02383991 0.58462172 1.04068405 0.62298011 5.86367869 1.251491690832e+00 4.324251178425e-02 2.680479047339e-02 2.297346359105e-01 1.404145194529e+03
15 42 4 1.02383991 0.58462172 1.04068405 0.62298011 5.86367869 1.239689867810e+00 4.102171950128e-02 1.517233428190e-01 2.375411932056e-01 1.426224593902e+03
15 43 4 1.02383991 0.58462172 1.04068405 0.62298011 5.86367869 1.657138567055e+00 4.091066416516e-02 2.466853726269e-01 2.494912367472e-01 1.414863487379e+03
15 44 4 1.02383991 0.58462172 1.04068405 0.62298011 5.86367869 2.235731159144e+00 4.180931477296e-02 2.035805624443e-01 2.586025275718e-01 1.390854033962e+03
15 45 4 1.02383991 0.58462172 1.04068405 0.62298011 5.86367869 2.517681942670e+00 4.005916612441e-02 9.916311572089e-02 2.677992163795e-01 1.505125122622e+03
15 46 4 1.02383991 0.58462172 1.04068405 0.62298011 5.86367869 2.314663261508e+00 3.770980560519e-02 6.811285253404e-02 2.809070783763e-01 1.664600611265e+03
15 47 4 1.02383991 0.58462172 1.04068405 0.62298011 5.86367869 1.853892319054e+00 3.692111504013e-02 1.014104980189e-01 2.928921245583e-01 1.794463573532e+03
15 48 4 1.02383991 0.58462172 1.04068405 0.62298011 5.86367869 1.507504775183e+00 3.807428561946e-02 1.185991319356e-01 3.017475693289e-01 1.840271785815e+03
15 49 4 1.02383991 0.58462172 1.04068405 0.62298011 5.86367869 1.651199644569e+00 3.908089341654e-02 1.069240656391e-01 3.053994402962e-01 1.704513224222e+03
15 50 4 1.02383991 0.58462172 1.04068405 0.62298011 5.86367869 2.296790412301e+00 3.803365788478e-02 1.409488966263e-01 3.062782632530e-01 1.611630519737e+03
15 51 4 1.02383991 0.58462172 1.04068405 0.62298011 5.86367869 2.981717520301e+00 3.624971990713e-02 2.281634959638e-01 3.093012797848e-01 1.696761890760e+03
15 52 4 1.02383991 0.58462172 1.04068405 0.62298011 5.86367869 3.218913724194e+00 3.500699377509e-02 2.533011343949e-01 3.197489694366e-01 1.883083523362e+03
15 53 4 1.02383991 0.58462172 1.04068405 0.62298011 5.86367869 2.841781435373e+00 3.516699160173e-02 1.445083471675e-01 3.305472591799e-01 2.114346631896e+03
15 54 4 1.02383991 0.58462172 1.04068405 0.62298011 5.86367869 2.218486537234e+00 3.584344035446e-02 2.586259468314e-02 3.420888353589e-01 2.225080040157e+03
15 55 4 1.02383991 0.58462172 1.04068405 0.62298011 5.86367869 1.956966007978e+00 3.527775163202e-02 1.050596027476e-01 3.565996215210e-01 2.160101178708e+03
15 56 4 1.02383991 0.58462172 1.04068405 0.62298011 5.86367869 2.350323960590e+00 3.406100057888e-02 3.896080322714e-01 3.791882398159e-01 2.162957205019e+03
15 57 4 1.02383991 0.58462172 1.04068405 0.62298011 5.86367869 3.208953516710e+00 3.341873634251e-02 5.850678673618e-01 4.018725219264e-01 2.197170767536e+03
15 58 4 1.02383991 0.58462172 1.04068405 0.62298011 5.86367869 3.967316251312e+00 3.359321083886e-02 4.383532023423e-01 4.217399381753e-01 2.257299466442e+03
15 59 4 1.02383991 0.58462172 1.04068405 0.62298011 5.86367869 4.134604795650e+00 3.276525455193e-02 1.056437964074e-01 4.383197677572e-01 2.362752719428e+03
15 60 4 1.02383991 0.58462172 1.04068405 0.62298011 5.86367869 3.557356451880e+00 3.057041197530e-02 2.871100222161e-02 4.542923230033e-01 2.417090714220e+03
15 61 4 1.02383991 0.58462172 1.04068405 0.62298011 5.86367869 2.768247744431e+00 3.030658960787e-02 4.194561431323e-01 4.711886422966e-01 2.574059075649e+03
15 62 4 1.02383991 0.58462172 1.04068405 0.62298011 5.86367869 2.599712056925e+00 3.089755704816e-02 8.742569582425e-01 4.905150548287e-01 2.851898728035e+03
15 63 4 1.02383991 0.58462172 1.04068405 0.62298011 5.86367869 3.262357612138e+00 2.987084421187e-02 8.654917805291e-01 5.118402436057e-01 3.003169669633e+03
17 0 4 1.27776045 0.66763232 1.29793134 0.78211787 5.24320891 7.898292989329e+00 7.799747701942e-01 1.091829948649e+01 1.145391047163e+00 1.749605704473e+03
17 1 4 1.27776045 0.66763232 1.29793134 0.78211787 5.24320891 7.685802518454e+00 7.555474035669e-01 9.575330640397e+00 1.104331505009e+00 1.694854503802e+03
17 2 4 1.27776045 0.66763232 1.29793134 0.78211787 5.24320891 7.611423132132e+00 7.169305372939e-01 8.150030909052e+00 1.056825435546e+00 1.636614502374e+03
17 3 4 1.27776045 0.66763232 1.29793134 0.78211787 5.24320891 7.115568305446e+00 6.820512037529e-01 6.104578797025e+00 1.022444043213e+00 1.580084672377e+03
17 4 4 1.27776045 0.66763232 1.29793134 0.78211787 5.24320891 6.937395823872e+00 6.581850870949e-01 5.545068051050e+00 1.002027651072e+00 1.523352045367e+03
17 5 4 1.27776045 0.66763232 1.29793134 0.78211787 5.24320891 6.922910876654e+00 6.303442395479e-01 5.769934405112e+00 9.634098797482e-01 1.472604375616e+03
17 6 4 1.27776045 0.66763232 1.29793134 0.78211787 5.24320891 6.641391206281e+00 5.908612631905e-01 6.758210623800e+00 9.169392226910e-01 1.424444885154e+03
17 7 4 1.27776045 0.66763232 1.29793134 0.78211787 5.24320891 6.221831312572e+00 5.531455872890e-01 7.769077836377e+00 8.815868502497e-01 1.379460094577e+03
17 8 4 1.27776045 0.66763232 1.29793134 0.78211787 5.24320891 5.967152640966e+00 5.259680173721e-01 7.634716959492e+00 8.623948368970e-01 1.332853434778e+03
17 9 4 1.27776045 0.66763232 1.29793134 0.78211787 5.24320891 5.808412112225e+00 4.990123629026e-01 7.170102647334e+00 8.455022130728e-01 1.287887259145e+03
17 10 4 1.27776045 0.66763232 1.29793134 0.78211787 5.24320891 5.515516802791e+00 4.647800950292e-01 5.532086499813e+00 8.147922972341e-01 1.248510990986e+03
17 11 4 1.27776045 0.66763232 1.29793134 0.78211787 5.24320891 5.318274169158e+00 4.323542447486e-01 4.494125032260e+00 7.821916160391e-01 1.210626053655e+03
17 12 4 1.27776045 0.66763232 1.29793134 0.78211787 5.24320891 5.236022461641e+00 4.082989059316e-01 3.925362156088e+00 7.601966579271e-01 1.171127629756e+03
17 13 4 1.27776045 0.66763232 1.29793134 0.78211787 5.24320891 4.971928645469e+00 3.840444924799e-01 4.375601045031e+00 7.255811122276e-01 1.132968306362e+03
17 14 4 1.27776045 0.66763232 1.29793134 0.78211787 5.24320891 4.753765448733e+00 3.534661312824e-01 5.311722228653e+00 6.950163328281e-01 1.098170414490e+03
17 15 4 1.27776045 0.66763232 1.29793134 0.78211787 5.24320891 4.691820113710e+00 3.252740350466e-01 5.686786071151e+00 6.623408016376e-01 1.067982239658e+03
17 16 4 1.27776045 0.66763232 1.29793134 0.78211787 5.24320891 4.533051072540e+00 3.070439886079e-01 5.873260410350e+00 6.332558556477e-01 1.039782398390e+03
17 17 4 1.27776045 0.66763232 1.29793134 0.78211787 5.24320891 4.356762842673e+00 2.923117672779e-01 4.920978453141e+00 6.124651177553e-01 1.012138769730e+03
17 18 4 1.27776045 0.66763232 1.29793134 0.78211787 5.24320891 4.308486756181e+00 2.735037933491e-01 4.052762601275e+00 5.951002507406e-01 9.864470396012e+02
17 19 4 1.27776045 0.66763232 1.29793134 0.78211787 5.24320891 4.328622994643e+00 2.539997924256e-01 3.169154846714e+00 5.957834683353e-01 9.624952787610e+02
17 20 4 1.27776045 0.66763232 1.29793134 0.78211787 5.24320891 4.130186147179e+00 2.383819222522e-01 2.998113739286e+00 5.924703220037e-01 9.387814287849e+02
17 21 4 1.27776045 0.66763232 1.29793134 0.78211787 5.24320891 3.993661194935e+00 2.233728293230e-01 3.498978162703e+00 5.812974867012e-01 9.182182393449e+02
17 22 4 1.27776045 0.66763232 1.29793134 0.78211787 5.24320891 4.004205465099e+00 2.069091680109e-01 4.046174105474e+00 5.659202088002e-01 9.009702067686e+02
17 23 4 1.27776045 0.66763232 1.29793134 0.78211787 5.24320891 3.878493832777e+00 1.946595074232e-01 4.728354239187e+00 5.557094050221e-01 8.840908324834e+02
17 24 4 1.27776045 0.66763232 1.29793134 0.78211787 5.24320891 3.717218096074e+00 1.897251976226e-01 4.513004159694e+00 5.507550689693e-01 8.718837423149e+02
17 25 4 1.27776045 0.66763232 1.29793134 0.78211787 5.24320891 3.713018446228e+00 1.864239862997e-01 4.071840121185e+00 5.423657508445e-01 8.593967878536e+02
17 26 4 1.27776045 0.66763232 1.29793134 0.78211787 5.24320891 3.680544653047e+00 1.809359988776e-01 3.230527156384e+00 5.227709036686e-01 8.489577665724e+02
17 27 4 1.27776045 0.66763232 1.29793134 0.78211787 5.24320891 3.582966740419e+00 1.774466789493e-01 2.662441282326e+00 5.117539797403e-01 8.418733489704e+02
17 28 4 1.27776045 0.66763232 1.29793134 0.78211787 5.24320891 3.530205215375e+00 1.777211478243e-01 2.774925884117e+00 5.089540764728e-01 8.357138954574e+02
17 29 4 1.27776045 0.66763232 1.29793134 0.78211787 5.24320891 3.580268346702e+00 1.762726719473e-01 3.155002846187e+00 4.980207741724e-01 8.311179463157e+02
17 30 4 1.27776045 0.66763232 1.29793134 0.78211787 5.24320891 3.511544397756e+00 1.727797203831e-01 3.946293252453e+00 4.832678418668e-01 8.279697972808e+02
17 31 4 1.27776045 0.66763232 1.29793134 0.78211787 5.24320891 3.378731402476e+00 1.772400308188e-01 4.180793074637e+00 4.732708675092e-01 8.251520411130e+02
17 32 4 1.27776045 0.66763232 1.29793134 0.78211787 5.24320891 3.558838561238e+00 1.943007143836e-01 4.452171409991e+00 4.972932021962e-01 8.303855967197e+02
17 33 4 1.27776045 0.66763232 1.29793134 0.78211787 5.24320891 3.659397608781e+00 2.136736055804e-01 4.002944613452e+00 5.222005178127e-01 8.356153092979e+02
17 34 4 1.27776045 0.66763232 1.29793134 0.78211787 5.24320891 3.621583303411e+00 2.253491623291e-01 3.269557943719e+00 5.309004825531e-01 8.413926780361e+02
17 35 4 1.27776045 0.66763232 1.29793134 0.78211787 5.24320891 3.644842431085e+00 2.337369693666e-01 2.888406090049e+00 5.321003982113e-01 8.481342248616e+02
17 36 4 1.27776045 0.66763232 1.29793134 0.78211787 5.24320891 3.774532530000e+00 2.469864673099e-01 2.927885378894e+00 5.375527828256e-01 8.572893898787e+02
17 37 4 1.27776045 0.66763232 1.29793134 0.78211787 5.24320891 3.792904896097e+00 2.629535926946e-01 3.829768324386e+00 5.528556306944e-01 8.688202480778e+02
17 38 4 1.27776045 0.66763232 1.29793134 0.78211787 5.24320891 3.819592916165e+00 2.769184151905e-01 4.526787588421e+00 5.567063822305e-01 8.832789185642e+02
17 39 4 1.27776045 0.66763232 1.29793134 0.78211787 5.24320891 3.939496015558e+00 2.932620375773e-01 5.271897835038e+00 5.567208642063e-01 8.979854093783e+02
17 40 4 1.27776045 0.66763232 1.29793134 0.78211787 5.24320891 4.088554024282e+00 3.170829076014e-01 5.180426476756e+00 5.638677022825e-01 9.156880801239e+02
17 41 4 1.27776045 0.66763232 1.29793134 0.78211787 5.24320891 4.052614127284e+00 3.427523379410e-01 4.599374784113e+00 5.795224294784e-01 9.366380954451e+02
17 42 4 1.27776045 0.66763232 1.29793134 0.78211787 5.24320891 4.167827840315e+00 3.630506691699e-01 3.985088196094e+00 5.886829808054e-01 9.579977243591e+02
17 43 4 1.27776045 0.66763232 1.29793134 0.78211787 5.24320891 4.346125695912e+00 3.814896887558e-01 3.447312231719e+00 5.974902915356e-01 9.832232957782e+02
17 44 4 1.27776045 0.66763232 1.29793134 0.78211787 5.24320891 4.357545129998e+00 4.036870905877e-01 4.029629137258e+00 6.060092845515e-01 1.008796852331e+03
17 45 4 1.27776045 0.66763232 1.29793134 0.78211787 5.24320891 4.406970366990e+00 4.257778625295e-01 4.856285156102e+00 6.352577201956e-01 1.034527527847e+03
17 46 4 1.27776045 0.66763232 1.29793134 0.78211787 5.24320891 4.643901986442e+00 4.442082401825e-01 6.217368305328e+00 6.715871009256e-01 1.064169709880e+03
17 47 4 1.27776045 0.66763232 1.29793134 0.78211787 5.24320891 4.850565891315e+00 4.667479409096e-01 6.889867460417e+00 7.020943477967e-01 1.094588107052e+03
17 48 4 1.27776045 0.66763232 1.29793134 0.78211787 5.24320891 4.945443620588e+00 4.991522597959e-01 6.775842419004e+00 7.382776372801e-01 1.127162453004e+03
17 49 4 1.27776045 0.66763232 1.29793134 0.78211787 5.24320891 5.181163972229e+00 5.314093482245e-01 6.142485996711e+00 7.609046868420e-01 1.165271582526e+03
17 50 4 1.27776045 0.66763232 1.29793134 0.78211787 5.24320891 5.463563277455e+00 5.533269520781e-01 4.914428647716e+00 7.898000436530e-01 1.204047933144e+03
17 51 4 1.27776045 0.66763232 1.29793134 0.78211787 5.24320891 5.570719852791e+00 5.728036405939e-01 4.878960225614e+00 8.062458687097e-01 1.244965758196e+03
17 52 4 1.27776045 0.66763232 1.29793134 0.78211787 5.24320891 5.753738776736e+00 6.009303732664e-01 5.270448664216e+00 8.300315108075e-01 1.283198760870e+03
17 53 4 1.27776045 0.66763232 1.29793134 0.78211787 5.24320891 6.073142471868e+00 6.307751988055e-01 6.870040974923e+00 8.594376901173e-01 1.324139490355e+03
17 54 4 1.27776045 0.66763232 1.29793134 0.78211787 5.24320891 6.257444536544e+00 6.511414879214e-01 8.203212022218e+00 8.773055447712e-01 1.370834858727e+03
17 55 4 1.27776045 0.66763232 1.29793134 0.78211787 5.24320891 6.492994746457e+00 6.692619491946e-01 9.026858940461e+00 9.025142270697e-01 1.419386201598e+03
17 56 4 1.27776045 0.66763232 1.29793134 0.78211787 5.24320891 6.813574743772e+00 6.967904640612e-01 9.061178742925e+00 9.446985685346e-01 1.466656811319e+03
17 57 4 1.27776045 0.66763232 1.29793134 0.78211787 5.24320891 7.075559349733e+00 7.249060907192e-01 7.722926548166e+00 9.964292005349e-01 1.516206412685e+03
17 58 4 1.27776045 0.66763232 1.29793134 0.78211787 5.24320891 7.038818791463e+00 7.389556861640e-01 6.909902189109e+00 1.032508734280e+00 1.570854898169e+03
17 59 4 1.27776045 0.66763232 1.29793134 0.78211787 5.24320891 7.235537387206e+00 7.470112210287e-01 6.278038024068e+00 1.059768131310e+00 1.628290125363e+03
17 60 4 1.27776045 0.66763232 1.29793134 0.78211787 5.24320891 7.744926896424e+00 7.659588284089e-01 7.519328393054e+00 1.093514380053e+00 1.685964903257e+03
17 61 4 1.27776045 0.66763232 1.29793134 0.78211787 5.24320891 7.939424501071e+00 7.891038518786e-01 9.345369064358e+00 1.154680383833e+00 1.743235379450e+03
17 62 4 1.27776045 0.66763232 1.29793134 0.78211787 5.24320891 8.100077435855e+00 7.979207533984e-01 1.126337375391e+01 1.199311350861e+00 1.799713841294e+03
17 63 4 1.27776045 0.66763232 1.29793134 0.78211787 5.24320891 8.610783976715e+00 7.977688149689e-01 1.250890916619e+01 1.249985149110e+00 1.859997339650e+03
18 0 4 1.29232799 0.66327560 1.28078857 0.78402473 5.27242314 8.357849195613e+00 7.586132348176e-01 1.040196283215e+01 1.160771071339e+00 1.784197405248e+03
18 1 4 1.29232799 0.66327560 1.28078857 0.78402473 5.27242314 7.946947528484e+00 7.270841690200e-01 8.790384213050e+00 1.114677492602e+00 1.727671674055e+03
18 2 4 1.29232799 0.66327560 1.28078857 0.78402473 5.27242314 7.922276437818e+00 6.861204009690e-01 7.351186499043e+00 1.068030238940e+00 1.668048642376e+03
18 3 4 1.29232799 0.66327560 1.28078857 0.78402473 5.27242314 7.617350975020e+00 6.561775547429e-01 5.589429548653e+00 1.035509843755e+00 1.612605592709e+03
18 4 4 1.29232799 0.66327560 1.28078857 0.78402473 5.27242314 7.222248967567e+00 6.341876049302e-01 5.325940828669e+00 1.016243938180e+00 1.556037817611e+03
18 5 4 1.29232799 0.66327560 1.28078857 0.78402473 5.27242314 7.121016087439e+00 6.023665293206e-01 5.700515362984e+00 9.711445058646e-01 1.503486628849e+03
18 6 4 1.29232799 0.66327560 1.28078857 0.78402473 5.27242314 6.989993508971e+00 5.616768379658e-01 6.669350874609e+00 9.186173114917e-01 1.452916662830e+03
18 7 4 1.29232799 0.66327560 1.28078857 0.78402473 5.27242314 6.547302039580e+00 5.282402569694e-01 7.552642983660e+00 8.834025627336e-01 1.406465595567e+03
18 8 4 1.29232799 0.66327560 1.28078857 0.78402473 5.27242314 6.214416088469e+00 5.035961518680e-01 7.227776069331e+00 8.647901497657e-01 1.359010439708e+03
18 9 4 1.29232799 0.66327560 1.28078857 0.78402473 5.27242314 6.038755059362e+00 4.747923718589e-01 6.643646305423e+00 8.486544019984e-01 1.313620027017e+03
18 10 4 1.29232799 0.66327560 1.28078857 0.78402473 5.27242314 5.803427021080e+00 4.401494916000e-01 5.049722493082e+00 8.245297276048e-01 1.273659016026e+03
18 11 4 1.29232799 0.66327560 1.28078857 0.78402473 5.27242314 5.538972078703e+00 4.109819921785e-01 4.170241463282e+00 7.968793740216e-01 1.235469325302e+03
18 12 4 1.29232799 0.66327560 1.28078857 0.78402473 5.27242314 5.448904207529e+00 3.891080868240e-01 3.758468553128e+00 7.734580429587e-01 1.195886280124e+03
18 13 4 1.29232799 0.66327560 1.28078857 0.78402473 5.27242314 5.246103988374e+00 3.642529524858e-01 4.274784522780e+00 7.328200611876e-01 1.156193790203e+03
18 14 4 1.29232799 0.66327560 1.28078857 0.78402473 5.27242314 4.969580913904e+00 3.344185470505e-01 5.160349560018e+00 6.993919579829e-01 1.120264686367e+03
18 15 4 1.29232799 0.66327560 1.28078857 0.78402473 5.27242314 4.869545902313e+00 3.097184334776e-01 5.471651356147e+00 6.717117137318e-01 1.089508316654e+03
18 16 4 1.29232799 0.66327560 1.28078857 0.78402473 5.27242314 4.763342165218e+00 2.939840034941e-01 5.556570961520e+00 6.442457180042e-01 1.060847742988e+03
18 17 4 1.29232799 0.66327560 1.28078857 0.78402473 5.27242314 4.574996792359e+00 2.792121960769e-01 4.588577554348e+00 6.210741400786e-01 1.032802333912e+03
18 18 4 1.29232799 0.66327560 1.28078857 0.78402473 5.27242314 4.486280375256e+00 2.608387524406e-01 3.748298826315e+00 5.990352266233e-01 1.006234864156e+03
18 19 4 1.29232799 0.66327560 1.28078857 0.78402473 5.27242314 4.523948058873e+00 2.437495643865e-01 2.963849964848e+00 5.979939606910e-01 9.818861156664e+02
18 20 4 1.29232799 0.66327560 1.28078857 0.78402473 5.27242314 4.349763472885e+00 2.303255570126e-01 2.862755611836e+00 5.958497096680e-01 9.582959066828e+02
18 21 4 1.29232799 0.66327560 1.28078857 0.78402473 5.27242314 4.167909370431e+00 2.160932483894e-01 3.373914961588e+00 5.845574192220e-01 9.374114872542e+02
18 22 4 1.29232799 0.66327560 1.28078857 0.78402473 5.27242314 4.161317474649e+00 2.005933944898e-01 3.883342190209e+00 5.688050062472e-01 9.196482013851e+02
18 23 4 1.29232799 0.66327560 1.28078857 0.78402473 5.27242314 4.073301695805e+00 1.902680368763e-01 4.512715180605e+00 5.597190965219e-01 9.020867121230e+02
18 24 4 1.29232799 0.66327560 1.28078857 0.78402473 5.27242314 3.891870002525e+00 1.868814950175e-01 4.273787196442e+00 5.570482024512e-01 8.893592495421e+02
18 25 4 1.29232799 0.66327560 1.28078857 0.78402473 5.27242314 3.873797128383e+00 1.841630708823e-01 3.830910195563e+00 5.496108140979e-01 8.769223676206e+02
18 26 4 1.29232799 0.66327560 1.28078857 0.78402473 5.27242314 3.850572998077e+00 1.793088688802e-01 3.031651844660e+00 5.291720133010e-01 8.663660676866e+02
18 27 4 1.29232799 0.66327560 1.28078857 0.78402473 5.27242314 3.753559479081e+00 1.769014483042e-01 2.509579174726e+00 5.170383680415e-01 8.591891752392e+02
18 28 4 1.29232799 0.66327560 1.28078857 0.78402473 5.27242314 3.686424087961e+00 1.779934984130e-01 2.635928914247e+00 5.144514546083e-01 8.528798258308e+02
18 29 4 1.29232799 0.66327560 1.28078857 0.78402473 5.27242314 3.740571155858e+00 1.769187641766e-01 3.002343300221e+00 5.035393360933e-01 8.481980362107e+02
18 30 4 1.29232799 0.66327560 1.28078857 0.78402473 5.27242314 3.676476044875e+00 1.738077881706e-01 3.752628816763e+00 4.885137713893e-01 8.449966664822e+02
18 31 4 1.29232799 0.66327560 1.28078857 0.78402473 5.27242314 3.538124030380e+00 1.785860365233e-01 3.969115086946e+00 4.782318373090e-01 8.421458297128e+02
18 32 4 1.29232799 0.66327560 1.28078857 0.78402473 5.27242314 3.723207846399e+00 1.956049752002e-01 4.230075929760e+00 5.024865806495e-01 8.474398309578e+02
18 33 4 1.29232799 0.66327560 1.28078857 0.78402473 5.27242314 3.823168396583e+00 2.148151974560e-01 3.808662178332e+00 5.275900218813e-01 8.527342098834e+02
18 34 4 1.29232799 0.66327560 1.28078857 0.78402473 5.27242314 3.782339452528e+00 2.263181189967e-01 3.112473128191e+00 5.361805864012e-01 8.586256697708e+02
18 35 4 1.29232799 0.66327560 1.28078857 0.78402473 5.27242314 3.817709795994e+00 2.341472605696e-01 2.741339990351e+00 5.370478016083e-01 8.654975966533e+02
18 36 4 1.29232799 0.66327560 1.28078857 0.78402473 5.27242314 3.949437624744e+00 2.466126113855e-01 2.757121959264e+00 5.429912381473e-01 8.747988773404e+02
18 37 4 1.29232799 0.66327560 1.28078857 0.78402473 5.27242314 3.960892028850e+00 2.621577599485e-01 3.602555154131e+00 5.585342528539e-01 8.865109921709e+02
18 38 4 1.29232799 0.66327560 1.28078857 0.78402473 5.27242314 3.996145098999e+00 2.755871107365e-01 4.265743626811e+00 5.610602606061e-01 9.011556439408e+02
18 39 4 1.29232799 0.66327560 1.28078857 0.78402473 5.27242314 4.133170050919e+00 2.903661225273e-01 5.001487564327e+00 5.592032691171e-01 9.163807590215e+02
18 40 4 1.29232799 0.66327560 1.28078857 0.78402473 5.27242314 4.260451924249e+00 3.123650813208e-01 4.944130523994e+00 5.663755183779e-01 9.348189908322e+02
18 41 4 1.29232799 0.66327560 1.28078857 0.78402473 5.27242314 4.226175573890e+00 3.373025930113e-01 4.431705638394e+00 5.837709144170e-01 9.560887814920e+02
18 42 4 1.29232799 0.66327560 1.28078857 0.78402473 5.27242314 4.388772116218e+00 3.569745782166e-01 3.847004881232e+00 5.943097888990e-01 9.775975278889e+02
18 43 4 1.29232799 0.66327560 1.28078857 0.78402473 5.27242314 4.552566806258e+00 3.731606784834e-01 3.283617910147e+00 6.035266050271e-01 1.002848286914e+03
18 44 4 1.29232799 0.66327560 1.28078857 0.78402473 5.27242314 4.528581892550e+00 3.928187507970e-01 3.760554086169e+00 6.135006872289e-01 1.028900722200e+03
18 45 4 1.29232799 0.66327560 1.28078857 0.78402473 5.27242314 4.626003548195e+00 4.143760917466e-01 4.510730311324e+00 6.469468408678e-01 1.055654365898e+03
18 46 4 1.29232799 0.66327560 1.28078857 0.78402473 5.27242314 4.869102283712e+00 4.325049940495e-01 5.822481707871e+00 6.830103287646e-01 1.085942013596e+03
18 47 4 1.29232799 0.66327560 1.28078857 0.78402473 5.27242314 5.048389225866e+00 4.517616147756e-01 6.535896250220e+00 7.104827410873e-01 1.116722170655e+03
18 48 4 1.29232799 0.66327560 1.28078857 0.78402473 5.27242314 5.158793627860e+00 4.798629829733e-01 6.520077010556e+00 7.419617347949e-01 1.150128492001e+03
18 49 4 1.29232799 0.66327560 1.28078857 0.78402473 5.27242314 5.456030942005e+00 5.111277721056e-01 5.990682656609e+00 7.669581142565e-01 1.189254058449e+03
18 50 4 1.29232799 0.66327560 1.28078857 0.78402473 5.27242314 5.700265684919e+00 5.337101092116e-01 4.811915116865e+00 8.018877167950e-01 1.229112198819e+03
18 51 4 1.29232799 0.66327560 1.28078857 0.78402473 5.27242314 5.784522855762e+00 5.505054254097e-01 4.647564983532e+00 8.164015972714e-01 1.270328486220e+03
18 52 4 1.29232799 0.66327560 1.28078857 0.78402473 5.27242314 6.050650980832e+00 5.741466127919e-01 4.863783394266e+00 8.341015784903e-01 1.308199556225e+03
18 53 4 1.29232799 0.66327560 1.28078857 0.78402473 5.27242314 6.343658695459e+00 6.032651798088e-01 6.298787641623e+00 8.577251095189e-01 1.350492654715e+03
18 54 4 1.29232799 0.66327560 1.28078857 0.78402473 5.27242314 6.502577212340e+00 6.248548429827e-01 7.632691053980e+00 8.789600404393e-01 1.397948432930e+03
18 55 4 1.29232799 0.66327560 1.28078857 0.78402473 5.27242314 6.843729862119e+00 6.396890768103e-01 8.572476225286e+00 9.082428419981e-01 1.447781105849e+03
18 56 4 1.29232799 0.66327560 1.28078857 0.78402473 5.27242314 7.160326232823e+00 6.616323498024e-01 8.806700620961e+00 9.537485357466e-01 1.496869565564e+03
18 57 4 1.29232799 0.66327560 1.28078857 0.78402473 5.27242314 7.308611704658e+00 6.898091631878e-01 7.624557181654e+00 1.010487932917e+00 1.548037978321e+03
18 58 4 1.29232799 0.66327560 1.28078857 0.78402473 5.27242314 7.345892066470e+00 7.074782102074e-01 6.836008355722e+00 1.052071944775e+00 1.603945855642e+03
18 59 4 1.29232799 0.66327560 1.28078857 0.78402473 5.27242314 7.704794285902e+00 7.133849932347e-01 5.951560470868e+00 1.075100966514e+00 1.660654042907e+03
18 60 4 1.29232799 0.66327560 1.28078857 0.78402473 5.27242314 8.118939942816e+00 7.263180998028e-01 6.835274384116e+00 1.104268157251e+00 1.717445950556e+03
18 61 4 1.29232799 0.66327560 1.28078857 0.78402473 5.27242314 8.139114352318e+00 7.504084846550e-01 8.434170761677e+00 1.165731185124e+00 1.777180466914e+03
18 62 4 1.29232799 0.66327560 1.28078857 0.78402473 5.27242314 8.556751106793e+00 7.655810300673e-01 1.044554961936e+01 1.212515662953e+00 1.835669648843e+03
18 63 4 1.29232799 0.66327560 1.28078857 0.78402473 5.27242314 9.031549289370e+00 7.647232389262e-01 1.191347969644e+01 1.264209600944e+00 1.898809764247e+03
25 0 4 0.77064747 0.42885188 0.62960360 0.47984951 1.23610541 5.991204396938e-04 4.279288449671e-04 2.644452037112e-03 6.590657320287e-03 6.673370111512e+00
25 1 4 0.77064747 0.42885188 0.62960360 0.47984951 1.23610541 1.064044915681e-03 3.619249189294e-04 2.848234425396e-03 5.772668089854e-03 7.393392213623e+00
25 2 4 0.77064747 0.42885188 0.62960360 0.47984951 1.23610541 1.074707167158e-03 4.080953956988e-04 2.850059198178e-03 5.820982342005e-03 7.980642882042e+00
25 3 4 0.77064747 0.42885188 0.62960360 0.47984951 1.23610541 1.069456811502e-03 4.087499776174e-04 1.738334474134e-03 6.086541371138e-03 8.368927548342e+00
25 4 4 0.77064747 0.42885188 0.62960360 0.47984951 1.23610541 9.692396512019e-04 4.577246348106e-04 9.975339804126e-04 6.031818080738e-03 7.921735816624e+00
25 5 4 0.77064747 0.42885188 0.62960360 0.47984951 1.23610541 4.512460850237e-04 5.528812743424e-04 1.497739314339e-03 6.113131600781e-03 7.449020290334e+00
25 6 4 0.77064747 0.42885188 0.62960360 0.47984951 1.23610541 9.597645326735e-04 5.461540102814e-04 2.383305276135e-03 5.672143997455e-03 6.550033227679e+00
25 7 4 0.77064747 0.42885188 0.62960360 0.47984951 1.23610541 1.100035177841e-03 4.809471431627e-04 2.700127779822e-03 5.187938072535e-03 5.263470002716e+00
25 8 4 0.77064747 0.42885188 0.62960360 0.47984951 1.23610541 7.524287472304e-04 4.551886028478e-04 2.343499957169e-03 4.646486638413e-03 4.178089471363e+00
25 9 4 0.77064747 0.42885188 0.62960360 0.47984951 1.23610541 6.350531563165e-04 4.229243802218e-04 1.636767949052e-03 4.167714375506e-03 3.305011752608e+00
25 10 4 0.77064747 0.42885188 0.62960360 0.47984951 1.23610541 4.968231434886e-04 3.508949551974e-04 1.217111157445e-03 4.236858725937e-03 3.283408575511e+00
25 11 4 0.77064747 0.42885188 0.62960360 0.47984951 1.23610541 8.438358934977e-04 3.103343698097e-04 1.520731878866e-03 4.784060968029e-03 4.024617242565e+00
25 12 4 0.77064747 0.42885188 0.62960360 0.47984951 1.23610541 1.016858914644e-03 2.705452498411e-04 1.829238778621e-03 4.867626423410e-03 4.745299709819e+00
25 13 4 0.77064747 0.42885188 0.62960360 0.47984951 1.23610541 6.150478144735e-04 2.219539470327e-04 1.572216319506e-03 4.600030120210e-03 5.234323667122e+00
25 14 4 0.77064747 0.42885188 0.62960360 0.47984951 1.23610541 2.262159970275e-04 2.930907793215e-04 9.684855547169e-04 4.015503003340e-03 4.792094401503e+00
25 15 4 0.77064747 0.42885188 0.62960360 0.47984951 1.23610541 8.347313903024e-04 4.116355292576e-04 9.267828517024e-04 3.685572187645e-03 3.799395771375e+00
25 16 4 0.77064747 0.42885188 0.62960360 0.47984951 1.23610541 1.050976475009e-03 4.317975534681e-04 1.308622939857e-03 3.523359009011e-03 2.868480734935e+00
25 17 4 0.77064747 0.42885188 0.62960360 0.47984951 1.23610541 4.925601799945e-04 3.887939117302e-04 1.808692700586e-03 3.184306233043e-03 2.285421522362e+00
25 18 4 0.77064747 0.42885188 0.62960360 0.47984951 1.23610541 3.550955599412e-04 3.204485247515e-04 2.014516473122e-03 3.039079183497e-03 2.465344330285e+00
25 19 4 0.77064747 0.42885188 0.62960360 0.47984951 1.23610541 4.534618110406e-04 2.603816607307e-04 1.662408395361e-03 3.508954959984e-03 2.957643847697e+00
25 20 4 0.77064747 0.42885188 0.62960360 0.47984951 1.23610541 7.085907872606e-04 2.320201814162e-04 8.924927840343e-04 3.877200362527e-03 3.487341285327e+00
25 21 4 0.77064747 0.42885188 0.62960360 0.47984951 1.23610541 7.878409253915e-04 2.067017884778e-04 6.407155733173e-04 3.899635363403e-03 3.970240523212e+00
25 22 4 0.77064747 0.42885188 0.62960360 0.47984951 1.23610541 3.006505046828e-04 2.030395467384e-04 8.911045273853e-04 3.402048199809e-03 4.073124167234e+00
25 23 4 0.77064747 0.42885188 0.62960360 0.47984951 1.23610541 3.349156319109e-04 2.287625087018e-04 1.285728997502e-03 2.678856994359e-03 4.093203981709e+00
25 24 4 0.77064747 0.42885188 0.62960360 0.47984951 1.23610541 5.679202508408e-04 2.488709850083e-04 1.535798109402e-03 2.296763301385e-03 3.942605378811e+00
25 25 4 0.77064747 0.42885188 0.62960360 0.47984951 1.23610541 7.325822363364e-04 2.608484071475e-04 1.054945103261e-03 2.376838802503e-03 3.443255545358e+00
25 26 4 0.77064747 0.42885188 0.62960360 0.47984951 1.23610541 5.165558707367e-04 2.843945813964e-04 6.913983373925e-04 2.701933245378e-03 3.062924475711e+00
25 27 4 0.77064747 0.42885188 0.62960360 0.47984951 1.23610541 2.146514264815e-04 3.019039912063e-04 9.820427589997e-04 3.251959370262e-03 2.705890855042e+00
25 28 4 0.77064747 0.42885188 0.62960360 0.47984951 1.23610541 3.768213994642e-04 2.867201737306e-04 1.502405149769e-03 3.562088739567e-03 2.826211560077e+00
25 29 4 0.77064747 0.42885188 0.62960360 0.47984951 1.23610541 7.206291836221e-04 2.687610714220e-04 1.701801669681e-03 3.401771463392e-03 3.516617516832e+00
25 30 4 0.77064747 0.42885188 0.62960360 0.47984951 1.23610541 7.086472686587e-04 2.257504731278e-04 1.319319472507e-03 2.719529976793e-03 4.265794589894e+00
25 31 4 0.77064747 0.42885188 0.62960360 0.47984951 1.23610541 2.986604489891e-04 1.433904707517e-04 4.429336138838e-04 1.892782816543e-03 4.905385554089e+00
25 32 4 0.77064747 0.42885188 0.62960360 0.47984951 1.23610541 3.137555746869e-04 1.458956700837e-04 4.711231792238e-04 1.798662216535e-03 4.946508010580e+00
25 33 4 0.77064747 0.42885188 0.62960360 0.47984951 1.23610541 7.250309620788e-04 2.293674602750e-04 1.354592953483e-03 2.532285831964e-03 4.284060219802e+00
25 34 4 0.77064747 0.42885188 0.62960360 0.47984951 1.23610541 7.196361208365e-04 2.709803390712e-04 1.722783481142e-03 3.221147861513e-03 3.529524563841e+00
25 35 4 0.77064747 0.42885188 0.62960360 0.47984951 1.23610541 3.754693941231e-04 2.894168691761e-04 1.513096669804e-03 3.470005257552e-03 2.827773232442e+00
25 36 4 0.77064747 0.42885188 0.62960360 0.47984951 1.23610541 2.239242982509e-04 3.055095468709e-04 9.827976422337e-04 3.229109097412e-03 2.708593628968e+00
25 37 4 0.77064747 0.42885188 0.62960360 0.47984951 1.23610541 5.362051977763e-04 2.902275257358e-04 7.139827278698e-04 2.691694541490e-03 3.023441796953e+00
25 38 4 0.77064747 0.42885188 0.62960360 0.47984951 1.23610541 7.571707051537e-04 2.696866194263e-04 1.105041989731e-03 2.289942963910e-03 3.409207228778e+00
25 39 4 0.77064747 0.42885188 0.62960360 0.47984951 1.23610541 5.801799537214e-04 2.594358811547e-04 1.595348600217e-03 2.120657734283e-03 3.918112983594e+00
25 40 4 0.77064747 0.42885188 0.62960360 0.47984951 1.23610541 3.479237149155e-04 2.383975291895e-04 1.328417845450e-03 2.382618325371e-03 4.081453374303e+00
25 41 4 0.77064747 0.42885188 0.62960360 0.47984951 1.23610541 3.189035754839e-04 2.102307064147e-04 9.234392591342e-04 3.062227029157e-03 4.133365247582e+00
25 42 4 0.77064747 0.42885188 0.62960360 0.47984951 1.23610541 8.357429849416e-04 2.137830199784e-04 6.685743339702e-04 3.582137345975e-03 4.055620528415e+00
25 43 4 0.77064747 0.42885188 0.62960360 0.47984951 1.23610541 7.498643413190e-04 2.400533405314e-04 9.474740406840e-04 3.620655583639e-03 3.559216952484e+00
25 44 4 0.77064747 0.42885188 0.62960360 0.47984951 1.23610541 4.651844257494e-04 2.718847648392e-04 1.768448400448e-03 3.276079534780e-03 3.031907637196e+00
25 45 4 0.77064747 0.42885188 0.62960360 0.47984951 1.23610541 3.736290998519e-04 3.391157190663e-04 2.138345026568e-03 2.787766610585e-03 2.494607639241e+00
25 46 4 0.77064747 0.42885188 0.62960360 0.47984951 1.23610541 5.431309614828e-04 4.122236034754e-04 1.908160451501e-03 2.852089903336e-03 2.363564470700e+00
25 47 4 0.77064747 0.42885188 0.62960360 0.47984951 1.23610541 1.118272807899e-03 4.568508083186e-04 1.371225255861e-03 3.136761538247e-03 3.077695232334e+00
25 48 4 0.77064747 0.42885188 0.62960360 0.47984951 1.23610541 8.695255755714e-04 4.318026784825e-04 9.606282591190e-04 3.234169724198e-03 4.057621703297e+00
25 49 4 0.77064747 0.42885188 0.62960360 0.47984951 1.23610541 2.413243366740e-04 3.048468183963e-04 1.044010641198e-03 3.521339416148e-03 5.201094871057e+00
25 50 4 0.77064747 0.42885188 0.62960360 0.47984951 1.23610541 6.762643634445e-04 2.360909760878e-04 1.723167894484e-03 4.091779812390e-03 5.651931992627e+00
25 51 4 0.77064747 0.42885188 0.62960360 0.47984951 1.23610541 1.095489570871e-03 2.903264031904e-04 1.971174612657e-03 4.390464666853e-03 5.155235259953e+00
25 52 4 0.77064747 0.42885188 0.62960360 0.47984951 1.23610541 8.849427739013e-04 3.295303604478e-04 1.606569887028e-03 4.338153918605e-03 4.391118155169e+00
25 53 4 0.77064747 0.42885188 0.62960360 0.47984951 1.23610541 5.229576501628e-04 3.707484656879e-04 1.266896498075e-03 3.800143328926e-03 3.653541546522e+00
25 54 4 0.77064747 0.42885188 0.62960360 0.47984951 1.23610541 6.945517932446e-04 4.446361420206e-04 1.750950052639e-03 3.650734454425e-03 3.761560651358e+00
25 55 4 0.77064747 0.42885188 0.62960360 0.47984951 1.23610541 8.177571504946e-04 4.792202403707e-04 2.546792058711e-03 4.037575892321e-03 4.686819779148e+00
25 56 4 0.77064747 0.42885188 0.62960360 0.47984951 1.23610541 1.169741221266e-03 5.118859170195e-04 2.926082187213e-03 4.514328597321e-03 5.820627413831e+00
25 57 4 0.77064747 0.42885188 0.62960360 0.47984951 1.23610541 1.026266785123e-03 5.856015085413e-04 2.549312514890e-03 4.987603770951e-03 7.234083482491e+00
25 58 4 0.77064747 0.42885188 0.62960360 0.47984951 1.23610541 4.797790183357e-04 5.907070610609e-04 1.558257805570e-03 5.451189890752e-03 8.198529177623e+00
25 59 4 0.77064747 0.42885188 0.62960360 0.47984951 1.23610541 1.053299697288e-03 4.858069684561e-04 1.053828212650e-03 5.406997219558e-03 8.803844747752e+00
25 60 4 0.77064747 0.42885188 0.62960360 0.47984951 1.23610541 1.168771364538e-03 4.339773947626e-04 1.926585315947e-03 5.449718020403e-03 9.275495138045e+00
25 61 4 0.77064747 0.42885188 0.62960360 0.47984951 1.23610541 1.140384369457e-03 4.292312745964e-04 3.092855507810e-03 5.131655196840e-03 8.787457407953e+00
25 62 4 0.77064747 0.42885188 0.62960360 0.47984951 1.23610541 1.106715825556e-03 3.791926742185e-04 3.043081226591e-03 4.999530084513e-03 8.012918471001e+00
25 63 4 0.77064747 0.42885188 0.62960360 0.47984951 1.23610541 6.622938907026e-04 4.581392486364e-04 2.771673486062e-03 5.763772560461e-03 7.096661554795e+00
