# environment=00214 local_bs=4 gain_scale=1.828092697414e-13
# ue subcarrier serving_bs phi0 phi1 phi2 phi3 phi4 gain0 gain1 gain2 gain3 gain4
1 0 4 0.71067194 0.93466776 2.05022188 1.37728772 1.81867764 3.411500056565e-01 8.225224529241e-03 3.842856328985e-01 1.414197473143e-05 2.179141982170e+01
1 1 4 0.71067194 0.93466776 2.05022188 1.37728772 1.81867764 3.333939106394e-01 5.213633926804e-03 2.300700899240e-01 1.385613465466e-05 2.124750131064e+01
1 2 4 0.71067194 0.93466776 2.05022188 1.37728772 1.81867764 3.250136567093e-01 3.685659355956e-03 1.523781662259e-01 1.342842829828e-05 2.056194163432e+01
1 3 4 0.71067194 0.93466776 2.05022188 1.37728772 1.81867764 3.142174174522e-01 4.449238538351e-03 2.074567357122e-01 1.279855477095e-05 2.007357270182e+01
1 4 4 0.71067194 0.93466776 2.05022188 1.37728772 1.81867764 3.023225857749e-01 4.680758595342e-03 3.392223818079e-01 1.223716087291e-05 1.972902523465e+01
1 5 4 0.71067194 0.93466776 2.05022188 1.37728772 1.81867764 2.921217660328e-01 4.552340663657e-03 3.859156147568e-01 1.185847429059e-05 1.928997963103e+01
1 6 4 0.71067194 0.93466776 2.05022188 1.37728772 1.81867764 2.811463957380e-01 4.566248298939e-03 3.457562943107e-01 1.147382977181e-05 1.877658501864e+01
1 7 4 0.71067194 0.93466776 2.05022188 1.37728772 1.81867764 2.657017835150e-01 4.987959448194e-03 2.807883431035e-01 1.096150788638e-05 1.820737512853e+01
1 8 4 0.71067194 0.93466776 2.05022188 1.37728772 1.81867764 2.502359065045e-01 5.779039991476e-03 1.981713748596e-01 1.048646334016e-05 1.777148488122e+01
1 9 4 0.71067194 0.93466776 2.05022188 1.37728772 1.81867764 2.398826309745e-01 5.309003864558e-03 1.584276037913e-01 1.020509592800e-05 1.727210318705e+01
1 10 4 0.71067194 0.93466776 2.05022188 1.37728772 1.81867764 2.307540687238e-01 4.646682349602e-03 1.993057698424e-01 9.967168476145e-06 1.693602873874e+01
1 11 4 0.71067194 0.93466776 2.05022188 1.37728772 1.81867764 2.190558744072e-01 4.195770744545e-03 3.008423826664e-01 9.536195758234e-06 1.650368397068e+01
1 12 4 0.71067194 0.93466776 2.05022188 1.37728772 1.81867764 2.085750322188e-01 3.112905138593e-03 3.507963531370e-01 8.992142098407e-06 1.596915443542e+01
1 13 4 0.71067194 0.93466776 2.05022188 1.37728772 1.81867764 2.017558047880e-01 2.256904931496e-03 2.921301322745e-01 8.650533901264e-06 1.537886771455e+01
1 14 4 0.71067194 0.93466776 2.05022188 1.37728772 1.81867764 1.953904987404e-01 2.129898248893e-03 2.118378637383e-01 8.579993206671e-06 1.493400566502e+01
1 15 4 0.71067194 0.93466776 2.05022188 1.37728772 1.81867764 1.877780063411e-01 3.582102769602e-03 1.648987014212e-01 8.460103783379e-06 1.467765656325e+01
1 16 4 0.71067194 0.93466776 2.05022188 1.37728772 1.81867764 1.805687528986e-01 4.942217603101e-03 1.589120429618e-01 8.037196520249e-06 1.440234599689e+01
1 17 4 0.71067194 0.93466776 2.05022188 1.37728772 1.81867764 1.746147507846e-01 4.395199876559e-03 1.904864203034e-01 7.517408972789e-06 1.414360168500e+01
1 18 4 0.71067194 0.93466776 2.05022188 1.37728772 1.81867764 1.697191836817e-01 3.469784818731e-03 2.579930522721e-01 7.291521042097e-06 1.379264951200e+01
1 19 4 0.71067194 0.93466776 2.05022188 1.37728772 1.81867764 1.660315222119e-01 3.197193748078e-03 2.971703967838e-01 7.368011693259e-06 1.337936635520e+01
1 20 4 0.71067194 0.93466776 2.05022188 1.37728772 1.81867764 1.633444779481e-01 3.053624383905e-03 2.380892113794e-01 7.343702022552e-06 1.297375404841e+01
1 21 4 0.71067194 0.93466776 2.05022188 1.37728772 1.81867764 1.604057791096e-01 2.503725168998e-03 1.497136146129e-01 6.973415095862e-06 1.272765827050e+01
1 22 4 0.71067194 0.93466776 2.05022188 1.37728772 1.81867764 1.555212621245e-01 1.745523339065e-03 1.168231475023e-01 6.524576618589e-06 1.256675376588e+01
1 23 4 0.71067194 0.93466776 2.05022188 1.37728772 1.81867764 1.486373185183e-01 1.840362305828e-03 1.456884134050e-01 6.402482031356e-06 1.237070838805e+01
1 24 4 0.71067194 0.93466776 2.05022188 1.37728772 1.81867764 1.419445965032e-01 2.900100306295e-03 1.931493341075e-01 6.577972649893e-06 1.215917947809e+01
1 25 4 0.71067194 0.93466776 2.05022188 1.37728772 1.81867764 1.363453132909e-01 3.115501989764e-03 2.181159760877e-01 6.631237117466e-06 1.204563741681e+01
1 26 4 0.71067194 0.93466776 2.05022188 1.37728772 1.81867764 1.308372440117e-01 2.171335626626e-03 2.242276725461e-01 6.344150786010e-06 1.199183785559e+01
1 27 4 0.71067194 0.93466776 2.05022188 1.37728772 1.81867764 1.271465148698e-01 2.535248825184e-03 1.981651366441e-01 5.999549582630e-06 1.193198449018e+01
1 28 4 0.71067194 0.93466776 2.05022188 1.37728772 1.81867764 1.276046707973e-01 4.045200079662e-03 1.367741490175e-01 5.974966545877e-06 1.185799060124e+01
1 29 4 0.71067194 0.93466776 2.05022188 1.37728772 1.81867764 1.285814298813e-01 4.741387336010e-03 1.057069713716e-01 6.217537354925e-06 1.169638251423e+01
1 30 4 0.71067194 0.93466776 2.05022188 1.37728772 1.81867764 1.264089457936e-01 3.405590307179e-03 1.324618418247e-01 6.334527029754e-06 1.155379889753e+01
1 31 4 0.71067194 0.93466776 2.05022188 1.37728772 1.81867764 1.259957295291e-01 7.862457459114e-04 1.835773154041e-01 6.149570751524e-06 1.150992027798e+01
1 32 4 0.71067194 0.93466776 2.05022188 1.37728772 1.81867764 1.317380694362e-01 7.774571263091e-04 2.308401566713e-01 5.933113616394e-06 1.172715081885e+01
1 33 4 0.71067194 0.93466776 2.05022188 1.37728772 1.81867764 1.380258448241e-01 3.379750304696e-03 2.344220861200e-01 6.004539983721e-06 1.196566237024e+01
1 34 4 0.71067194 0.93466776 2.05022188 1.37728772 1.81867764 1.400780898560e-01 4.707514347495e-03 1.903481408341e-01 6.291429386417e-06 1.209582289497e+01
1 35 4 0.71067194 0.93466776 2.05022188 1.37728772 1.81867764 1.427208421959e-01 4.002575010662e-03 1.354460264484e-01 6.458368831904e-06 1.214305724616e+01
1 36 4 0.71067194 0.93466776 2.05022188 1.37728772 1.81867764 1.496970225275e-01 2.471760729066e-03 1.140321922494e-01 6.388433288173e-06 1.218676546970e+01
1 37 4 0.71067194 0.93466776 2.05022188 1.37728772 1.81867764 1.571169843625e-01 2.139998030682e-03 1.578409312605e-01 6.323114819690e-06 1.233219093086e+01
1 38 4 0.71067194 0.93466776 2.05022188 1.37728772 1.81867764 1.622236489001e-01 3.172532966167e-03 2.444873040652e-01 6.493330747931e-06 1.250985608183e+01
1 39 4 0.71067194 0.93466776 2.05022188 1.37728772 1.81867764 1.666607820532e-01 3.002693599605e-03 2.914356195624e-01 6.801930451876e-06 1.281645240757e+01
1 40 4 0.71067194 0.93466776 2.05022188 1.37728772 1.81867764 1.704555560782e-01 1.893499502991e-03 2.467009522511e-01 6.999969980906e-06 1.306276595940e+01
1 41 4 0.71067194 0.93466776 2.05022188 1.37728772 1.81867764 1.721467081610e-01 1.667845623006e-03 1.845117664402e-01 7.057050168936e-06 1.332547317207e+01
1 42 4 0.71067194 0.93466776 2.05022188 1.37728772 1.81867764 1.729338637550e-01 2.337372853930e-03 1.554494964948e-01 7.172378276612e-06 1.364210279721e+01
1 43 4 0.71067194 0.93466776 2.05022188 1.37728772 1.81867764 1.752727956835e-01 2.955880588191e-03 1.671237233418e-01 7.448413172969e-06 1.409720192384e+01
1 44 4 0.71067194 0.93466776 2.05022188 1.37728772 1.81867764 1.799857835933e-01 3.231986600142e-03 2.188671939921e-01 7.750770636239e-06 1.447716473001e+01
1 45 4 0.71067194 0.93466776 2.05022188 1.37728772 1.81867764 1.864335855876e-01 3.542942945257e-03 2.809540925431e-01 7.953391115768e-06 1.474403764993e+01
1 46 4 0.71067194 0.93466776 2.05022188 1.37728772 1.81867764 1.937099365015e-01 4.365738340025e-03 3.316151642941e-01 8.150431986206e-06 1.498477305803e+01
1 47 4 0.71067194 0.93466776 2.05022188 1.37728772 1.81867764 2.014688642471e-01 4.789430378997e-03 2.898402941894e-01 8.483673915959e-06 1.529794608298e+01
1 48 4 0.71067194 0.93466776 2.05022188 1.37728772 1.81867764 2.092701237396e-01 3.457602321293e-03 1.910710868589e-01 8.876347028125e-06 1.571269625976e+01
1 49 4 0.71067194 0.93466776 2.05022188 1.37728772 1.81867764 2.163260021828e-01 2.147080465192e-03 1.552634277083e-01 9.140839945568e-06 1.622590999670e+01
1 50 4 0.71067194 0.93466776 2.05022188 1.37728772 1.81867764 2.241030896214e-01 2.287616456201e-03 2.004023325056e-01 9.316821761937e-06 1.685246927231e+01
1 51 4 0.71067194 0.93466776 2.05022188 1.37728772 1.81867764 2.350154679265e-01 2.981911270467e-03 2.868588358767e-01 9.665456366301e-06 1.728897159161e+01
1 52 4 0.71067194 0.93466776 2.05022188 1.37728772 1.81867764 2.466256082909e-01 3.943725625242e-03 3.448442693667e-01 1.025409440358e-05 1.763170265189e+01
1 53 4 0.71067194 0.93466776 2.05022188 1.37728772 1.81867764 2.552719845764e-01 4.463535364897e-03 3.649691472951e-01 1.077579859708e-05 1.793423165238e+01
1 54 4 0.71067194 0.93466776 2.05022188 1.37728772 1.81867764 2.642989823143e-01 5.307052898806e-03 3.126736011230e-01 1.097632177026e-05 1.843511155059e+01
1 55 4 0.71067194 0.93466776 2.05022188 1.37728772 1.81867764 2.772485562991e-01 5.806228425796e-03 2.105722193060e-01 1.109931862274e-05 1.891819389279e+01
1 56 4 0.71067194 0.93466776 2.05022188 1.37728772 1.81867764 2.888948002255e-01 4.920717645275e-03 1.748769983125e-01 1.160496929128e-05 1.941370783806e+01
1 57 4 0.71067194 0.93466776 2.05022188 1.37728772 1.81867764 2.951409145611e-01 4.457403181926e-03 2.482910265462e-01 1.247157231305e-05 1.988907255875e+01
1 58 4 0.71067194 0.93466776 2.05022188 1.37728772 1.81867764 3.011135110671e-01 4.409734699172e-03 3.876350723280e-01 1.313135726083e-05 2.027199297134e+01
1 59 4 0.71067194 0.93466776 2.05022188 1.37728772 1.81867764 3.104908735673e-01 4.520090875183e-03 4.449136131604e-01 1.326082797099e-05 2.066026982697e+01
1 60 4 0.71067194 0.93466776 2.05022188 1.37728772 1.81867764 3.202108077213e-01 4.264331172893e-03 4.091563014877e-01 1.332383864698e-05 2.116943947398e+01
1 61 4 0.71067194 0.93466776 2.05022188 1.37728772 1.81867764 3.291223953123e-01 3.538600478022e-03 3.545928616898e-01 1.398123981249e-05 2.182362642457e+01
1 62 4 0.71067194 0.93466776 2.05022188 1.37728772 1.81867764 3.400614618296e-01 5.170418107652e-03 2.676320805153e-01 1.511566624035e-05 2.225417909658e+01
1 63 4 0.71067194 0.93466776 2.05022188 1.37728772 1.81867764 3.556224192496e-01 8.086624127926e-03 2.364150525212e-01 1.591180093380e-05 2.253859578934e+01
4 0 4 0.80152478 0.76555958 1.04723071 0.78195408 4.53061951 1.578675436633e-05 6.939094051031e-01 1.241313780614e+01 9.484271072281e-05 5.627856220265e+02
4 1 4 0.80152478 0.76555958 1.04723071 0.78195408 4.53061951 8.157826829697e-06 6.737711556908e-01 1.237225324688e+01 1.271541545066e-04 5.422810120609e+02
4 2 4 0.80152478 0.76555958 1.04723071 0.78195408 4.53061951 2.209531118254e-05 6.308927566323e-01 1.225012304101e+01 1.753198169747e-04 5.225328681616e+02
4 3 4 0.80152478 0.76555958 1.04723071 0.78195408 4.53061951 2.316380633327e-05 5.846076697400e-01 1.222636001764e+01 2.107282645739e-04 5.025191372815e+02
4 4 4 0.80152478 0.76555958 1.04723071 0.78195408 4.53061951 1.411069413447e-05 5.356815019059e-01 1.223413162632e+01 2.306379225543e-04 4.842637088646e+02
4 5 4 0.80152478 0.76555958 1.04723071 0.78195408 4.53061951 2.878101103567e-05 4.861004717091e-01 1.206408999339e+01 2.320761811380e-04 4.677319267810e+02
4 6 4 0.80152478 0.76555958 1.04723071 0.78195408 4.53061951 8.163762110195e-05 4.314832494291e-01 1.198921502683e+01 2.130896719555e-04 4.526439906229e+02
4 7 4 0.80152478 0.76555958 1.04723071 0.78195408 4.53061951 8.967404733693e-05 3.874301033116e-01 1.202891279063e+01 1.767848552339e-04 4.384738514994e+02
4 8 4 0.80152478 0.76555958 1.04723071 0.78195408 4.53061951 2.376026852693e-05 3.505674327489e-01 1.189103093070e+01 1.390707472649e-04 4.252559698796e+02
4 9 4 0.80152478 0.76555958 1.04723071 0.78195408 4.53061951 8.768492494527e-06 3.212458556295e-01 1.173006353305e+01 9.057514582872e-05 4.115661146623e+02
4 10 4 0.80152478 0.76555958 1.04723071 0.78195408 4.53061951 8.797245834628e-05 2.978743626947e-01 1.168117499531e+01 6.559681538343e-05 3.989116850350e+02
4 11 4 0.80152478 0.76555958 1.04723071 0.78195408 4.53061951 1.372485214091e-04 2.777187980656e-01 1.161401993985e+01 3.599157641376e-05 3.861333222846e+02
4 12 4 0.80152478 0.76555958 1.04723071 0.78195408 4.53061951 9.400646531896e-05 2.631141783707e-01 1.152901000736e+01 4.187865474095e-05 3.740013249804e+02
4 13 4 0.80152478 0.76555958 1.04723071 0.78195408 4.53061951 3.018695712172e-05 2.532946709575e-01 1.152803577929e+01 4.438323411658e-05 3.626753736688e+02
4 14 4 0.80152478 0.76555958 1.04723071 0.78195408 4.53061951 1.253974911057e-05 2.501599545270e-01 1.146606790353e+01 7.404721513418e-05 3.520058529147e+02
4 15 4 0.80152478 0.76555958 1.04723071 0.78195408 4.53061951 2.430421886326e-05 2.556979198947e-01 1.139844988962e+01 9.672564661012e-05 3.419280778380e+02
4 16 4 0.80152478 0.76555958 1.04723071 0.78195408 4.53061951 2.039363455952e-05 2.625260210600e-01 1.135983594702e+01 1.253417687129e-04 3.332218792617e+02
4 17 4 0.80152478 0.76555958 1.04723071 0.78195408 4.53061951 3.345434467231e-05 2.725099141483e-01 1.131895374427e+01 1.430869666567e-04 3.244632045809e+02
4 18 4 0.80152478 0.76555958 1.04723071 0.78195408 4.53061951 1.180525408182e-04 2.858462299130e-01 1.118116429239e+01 1.481892775158e-04 3.164904092858e+02
4 19 4 0.80152478 0.76555958 1.04723071 0.78195408 4.53061951 1.849225795853e-04 3.015680539103e-01 1.104983980287e+01 1.435683288970e-04 3.084832867114e+02
4 20 4 0.80152478 0.76555958 1.04723071 0.78195408 4.53061951 1.192176908711e-04 3.164669410854e-01 1.099189312326e+01 1.222925161648e-04 3.003870233629e+02
4 21 4 0.80152478 0.76555958 1.04723071 0.78195408 4.53061951 1.508329361628e-05 3.403026017797e-01 1.088923113733e+01 9.848151490137e-05 2.926968895802e+02
4 22 4 0.80152478 0.76555958 1.04723071 0.78195408 4.53061951 2.344964292695e-05 3.639052578996e-01 1.076752648427e+01 6.869929990932e-05 2.859260122216e+02
4 23 4 0.80152478 0.76555958 1.04723071 0.78195408 4.53061951 9.845619321346e-05 3.902894320059e-01 1.071689150990e+01 4.466486804461e-05 2.799781230295e+02
4 24 4 0.80152478 0.76555958 1.04723071 0.78195408 4.53061951 1.165210071064e-04 4.155544005446e-01 1.073231504575e+01 2.973425648434e-05 2.758244492944e+02
4 25 4 0.80152478 0.76555958 1.04723071 0.78195408 4.53061951 8.084099500289e-05 4.412312013464e-01 1.063610216783e+01 2.311380811877e-05 2.723056108019e+02
4 26 4 0.80152478 0.76555958 1.04723071 0.78195408 4.53061951 6.457562697443e-05 4.662028870000e-01 1.059504965656e+01 3.332338452740e-05 2.694760754523e+02
4 27 4 0.80152478 0.76555958 1.04723071 0.78195408 4.53061951 6.884972517710e-05 4.869277976477e-01 1.055375236578e+01 4.630075181896e-05 2.667510664405e+02
4 28 4 0.80152478 0.76555958 1.04723071 0.78195408 4.53061951 4.112823547681e-05 5.038553489465e-01 1.042908838529e+01 7.191654139662e-05 2.639687891585e+02
4 29 4 0.80152478 0.76555958 1.04723071 0.78195408 4.53061951 1.267640158286e-05 5.150879162697e-01 1.034154766733e+01 9.116279612312e-05 2.616209746949e+02
4 30 4 0.80152478 0.76555958 1.04723071 0.78195408 4.53061951 8.050339336902e-05 5.238446079860e-01 1.029587681661e+01 1.113339403764e-04 2.604769288296e+02
4 31 4 0.80152478 0.76555958 1.04723071 0.78195408 4.53061951 1.981116282021e-04 5.263130496502e-01 1.013493687995e+01 1.201478561349e-04 2.604026428462e+02
4 32 4 0.80152478 0.76555958 1.04723071 0.78195408 4.53061951 1.972102038607e-04 5.362285257755e-01 9.995107867842e+00 1.192479206675e-04 2.622210558997e+02
4 33 4 0.80152478 0.76555958 1.04723071 0.78195408 4.53061951 7.880359965229e-05 5.383199906868e-01 1.002441090843e+01 1.108468030025e-04 2.647700246231e+02
4 34 4 0.80152478 0.76555958 1.04723071 0.78195408 4.53061951 1.239799870839e-05 5.346573508649e-01 9.970488705421e+00 8.964102001774e-05 2.677243602912e+02
4 35 4 0.80152478 0.76555958 1.04723071 0.78195408 4.53061951 4.349722636834e-05 5.232332111637e-01 9.893733777505e+00 7.171613663352e-05 2.707888941066e+02
4 36 4 0.80152478 0.76555958 1.04723071 0.78195408 4.53061951 7.272041756893e-05 5.099891212910e-01 9.887123003932e+00 4.628452087872e-05 2.736436500440e+02
4 37 4 0.80152478 0.76555958 1.04723071 0.78195408 4.53061951 6.823153552686e-05 4.903224783901e-01 9.861865800966e+00 3.477293752141e-05 2.767466705942e+02
4 38 4 0.80152478 0.76555958 1.04723071 0.78195408 4.53061951 8.436268948625e-05 4.721292493545e-01 9.766451486901e+00 2.492554762431e-05 2.811447833618e+02
4 39 4 0.80152478 0.76555958 1.04723071 0.78195408 4.53061951 1.204032833814e-04 4.508321748333e-01 9.747413863902e+00 3.202112100075e-05 2.863161952192e+02
4 40 4 0.80152478 0.76555958 1.04723071 0.78195408 4.53061951 1.008796740012e-04 4.291082087535e-01 9.657377713593e+00 4.689560773724e-05 2.929874638346e+02
4 41 4 0.80152478 0.76555958 1.04723071 0.78195408 4.53061951 2.350507834057e-05 4.055292055876e-01 9.519564396827e+00 7.115122795763e-05 3.003734867987e+02
4 42 4 0.80152478 0.76555958 1.04723071 0.78195408 4.53061951 1.790301039051e-05 3.823815702378e-01 9.452673445659e+00 1.012484157886e-04 3.077570388166e+02
4 43 4 0.80152478 0.76555958 1.04723071 0.78195408 4.53061951 1.297391397078e-04 3.607889481680e-01 9.429840829625e+00 1.268419881181e-04 3.152324004903e+02
4 44 4 0.80152478 0.76555958 1.04723071 0.78195408 4.53061951 1.979990210570e-04 3.396975172001e-01 9.352119828977e+00 1.490994263259e-04 3.227217649041e+02
4 45 4 0.80152478 0.76555958 1.04723071 0.78195408 4.53061951 1.251570762718e-04 3.144268304715e-01 9.297176298079e+00 1.568748755728e-04 3.302410182451e+02
4 46 4 0.80152478 0.76555958 1.04723071 0.78195408 4.53061951 3.527985951930e-05 2.946776170169e-01 9.324071703610e+00 1.516797344020e-04 3.389855847131e+02
4 47 4 0.80152478 0.76555958 1.04723071 0.78195408 4.53061951 2.275202751457e-05 2.777938372982e-01 9.302363557034e+00 1.358689292914e-04 3.483820483412e+02
4 48 4 0.80152478 0.76555958 1.04723071 0.78195408 4.53061951 2.802169814759e-05 2.654578163133e-01 9.237453874393e+00 1.044343709185e-04 3.589478749964e+02
4 49 4 0.80152478 0.76555958 1.04723071 0.78195408 4.53061951 1.565548925127e-05 2.617551172321e-01 9.171445738927e+00 8.113725915016e-05 3.705340584955e+02
4 50 4 0.80152478 0.76555958 1.04723071 0.78195408 4.53061951 3.465416968441e-05 2.688104360097e-01 9.146500877745e+00 4.760797049597e-05 3.825325142030e+02
4 51 4 0.80152478 0.76555958 1.04723071 0.78195408 4.53061951 1.033072771872e-04 2.797427698913e-01 9.037258982213e+00 4.431841651466e-05 3.952644889227e+02
4 52 4 0.80152478 0.76555958 1.04723071 0.78195408 4.53061951 1.479464417173e-04 2.997404485921e-01 8.950970838416e+00 3.748329388931e-05 4.086138392570e+02
4 53 4 0.80152478 0.76555958 1.04723071 0.78195408 4.53061951 9.179315561443e-05 3.257671247738e-01 8.902689309643e+00 6.927508475220e-05 4.219823462830e+02
4 54 4 0.80152478 0.76555958 1.04723071 0.78195408 4.53061951 7.385920180844e-06 3.617466565568e-01 8.787562572726e+00 9.753243357745e-05 4.364587614718e+02
4 55 4 0.80152478 0.76555958 1.04723071 0.78195408 4.53061951 2.881651086629e-05 4.076862190715e-01 8.746191966776e+00 1.505559363890e-04 4.513055242035e+02
4 56 4 0.80152478 0.76555958 1.04723071 0.78195408 4.53061951 1.029028849845e-04 4.605594454555e-01 8.791068193327e+00 1.922547023773e-04 4.670623174931e+02
4 57 4 0.80152478 0.76555958 1.04723071 0.78195408 4.53061951 9.236860992049e-05 5.200808773118e-01 8.720977723290e+00 2.316157846193e-04 4.846818530430e+02
4 58 4 0.80152478 0.76555958 1.04723071 0.78195408 4.53061951 3.267239214927e-05 5.733221513208e-01 8.577890744465e+00 2.508250625748e-04 5.032859023213e+02
4 59 4 0.80152478 0.76555958 1.04723071 0.78195408 4.53061951 1.632387819520e-05 6.218143281813e-01 8.614322371109e+00 2.489258323756e-04 5.230422934673e+02
4 60 4 0.80152478 0.76555958 1.04723071 0.78195408 4.53061951 2.567380755150e-05 6.658535716622e-01 8.567704457910e+00 2.248828796280e-04 5.437057298998e+02
4 61 4 0.80152478 0.76555958 1.04723071 0.78195408 4.53061951 2.160963914324e-05 7.074970262995e-01 8.433048383201e+00 1.875275038580e-04 5.632345598857e+02
4 62 4 0.80152478 0.76555958 1.04723071 0.78195408 4.53061951 5.394076682319e-06 7.256714899692e-01 8.387991850330e+00 1.340308601935e-04 5.825087827528e+02
4 63 4 0.80152478 0.76555958 1.04723071 0.78195408 4.53061951 1.922624349148e-05 7.422679224751e-01 8.324893952923e+00 1.014906098391e-04 6.016739229458e+02
6 0 4 1.56648256 1.25307520 1.25096574 0.85684881 2.35945382 4.369637375681e+00 1.454650176164e+00 5.210648894183e+00 7.751276359321e-01 4.625144276655e+01
6 1 4 1.56648256 1.25307520 1.25096574 0.85684881 2.35945382 4.288431959733e+00 1.301505122055e+00 5.136152645054e+00 7.156888657998e-01 4.464686474806e+01
6 2 4 1.56648256 1.25307520 1.25096574 0.85684881 2.35945382 3.991690119912e+00 1.444363404627e+00 4.294407937560e+00 6.636154464265e-01 4.546309311999e+01
6 3 4 1.56648256 1.25307520 1.25096574 0.85684881 2.35945382 3.839548165683e+00 1.301488164514e+00 3.672730117041e+00 6.093772581946e-01 3.915075036026e+01
6 4 4 1.56648256 1.25307520 1.25096574 0.85684881 2.35945382 3.820804491675e+00 1.453529373537e+00 2.866362817610e+00 5.745074816600e-01 4.078914185316e+01
6 5 4 1.56648256 1.25307520 1.25096574 0.85684881 2.35945382 3.547804278175e+00 1.444436751777e+00 2.575452574582e+00 5.512310196675e-01 3.943205009482e+01
6 6 4 1.56648256 1.25307520 1.25096574 0.85684881 2.35945382 3.402798374780e+00 1.580448233466e+00 2.436592909642e+00 5.500866867037e-01 3.542859064630e+01
6 7 4 1.56648256 1.25307520 1.25096574 0.85684881 2.35945382 3.317087566069e+00 1.551397597128e+00 2.637120101979e+00 5.507629003909e-01 3.753584553647e+01
6 8 4 1.56648256 1.25307520 1.25096574 0.85684881 2.35945382 3.079226665180e+00 1.724090227362e+00 3.035924114879e+00 5.528139332302e-01 3.419467752716e+01
6 9 4 1.56648256 1.25307520 1.25096574 0.85684881 2.35945382 2.948739320545e+00 1.748163623276e+00 3.364299158573e+00 5.528219115553e-01 3.269796609772e+01
6 10 4 1.56648256 1.25307520 1.25096574 0.85684881 2.35945382 2.924921216680e+00 1.935838282432e+00 3.702643996966e+00 5.399193557039e-01 3.376369194472e+01
6 11 4 1.56648256 1.25307520 1.25096574 0.85684881 2.35945382 2.744652554196e+00 2.097971889503e+00 3.605620904542e+00 5.235403969265e-01 2.973856213118e+01
6 12 4 1.56648256 1.25307520 1.25096574 0.85684881 2.35945382 2.649014421366e+00 2.293274405766e+00 3.334780087843e+00 5.032225545578e-01 3.040239773344e+01
6 13 4 1.56648256 1.25307520 1.25096574 0.85684881 2.35945382 2.625869338528e+00 2.354500499776e+00 2.721558682729e+00 4.935432674750e-01 2.993722884412e+01
6 14 4 1.56648256 1.25307520 1.25096574 0.85684881 2.35945382 2.426013473865e+00 2.542939417150e+00 2.265642602648e+00 4.804840755474e-01 2.632573077695e+01
6 15 4 1.56648256 1.25307520 1.25096574 0.85684881 2.35945382 2.291872070569e+00 2.624312685899e+00 1.751932018682e+00 4.741389225984e-01 2.808475332794e+01
6 16 4 1.56648256 1.25307520 1.25096574 0.85684881 2.35945382 2.325113601650e+00 2.726456476089e+00 1.671708771544e+00 4.608026829919e-01 2.599816404201e+01
6 17 4 1.56648256 1.25307520 1.25096574 0.85684881 2.35945382 2.124730399060e+00 2.796926745971e+00 1.590944224078e+00 4.562142407553e-01 2.462023670723e+01
6 18 4 1.56648256 1.25307520 1.25096574 0.85684881 2.35945382 2.092519038585e+00 2.947988944130e+00 1.949314768559e+00 4.383782060402e-01 2.602578999710e+01
6 19 4 1.56648256 1.25307520 1.25096574 0.85684881 2.35945382 2.119007551173e+00 2.993220200854e+00 2.179762193963e+00 4.291679484894e-01 2.296647176424e+01
6 20 4 1.56648256 1.25307520 1.25096574 0.85684881 2.35945382 1.990080431431e+00 3.065898064213e+00 2.585749835029e+00 4.128224961413e-01 2.346053273186e+01
6 21 4 1.56648256 1.25307520 1.25096574 0.85684881 2.35945382 1.886864092973e+00 3.212509838664e+00 2.554334108215e+00 4.036129303509e-01 2.410999667381e+01
6 22 4 1.56648256 1.25307520 1.25096574 0.85684881 2.35945382 1.926242594946e+00 3.374187015196e+00 2.561689044812e+00 3.894747964943e-01 2.146020821229e+01
6 23 4 1.56648256 1.25307520 1.25096574 0.85684881 2.35945382 1.802876832280e+00 3.392816358600e+00 2.152106626614e+00 3.786717581790e-01 2.317707536987e+01
6 24 4 1.56648256 1.25307520 1.25096574 0.85684881 2.35945382 1.734638287704e+00 3.427794732182e+00 1.933414685796e+00 3.662668603444e-01 2.234423857992e+01
6 25 4 1.56648256 1.25307520 1.25096574 0.85684881 2.35945382 1.813717635461e+00 3.533994887759e+00 1.515178223411e+00 3.560223429389e-01 2.078967478131e+01
6 26 4 1.56648256 1.25307520 1.25096574 0.85684881 2.35945382 1.754917419671e+00 3.564575220191e+00 1.398563250409e+00 3.379714519792e-01 2.264273866826e+01
6 27 4 1.56648256 1.25307520 1.25096574 0.85684881 2.35945382 1.697773396739e+00 3.521566992344e+00 1.362048490156e+00 3.170481019535e-01 2.048874087339e+01
6 28 4 1.56648256 1.25307520 1.25096574 0.85684881 2.35945382 1.781404761336e+00 3.535297164235e+00 1.547566282302e+00 2.950665186295e-01 2.063763961855e+01
6 29 4 1.56648256 1.25307520 1.25096574 0.85684881 2.35945382 1.674558202726e+00 3.572072388595e+00 1.720197898212e+00 2.777459448834e-01 2.167688752628e+01
6 30 4 1.56648256 1.25307520 1.25096574 0.85684881 2.35945382 1.679852132951e+00 3.510584360626e+00 1.915743261367e+00 2.743887450771e-01 1.962539338952e+01
6 31 4 1.56648256 1.25307520 1.25096574 0.85684881 2.35945382 1.706744941816e+00 3.442202518028e+00 2.043071950844e+00 2.826345098621e-01 2.084763575269e+01
6 32 4 1.56648256 1.25307520 1.25096574 0.85684881 2.35945382 1.723661221516e+00 3.610425182256e+00 2.193362381275e+00 3.137723449142e-01 2.138201863155e+01
6 33 4 1.56648256 1.25307520 1.25096574 0.85684881 2.35945382 1.708738724507e+00 3.743037583969e+00 2.209319443700e+00 3.445159045653e-01 2.022056531341e+01
6 34 4 1.56648256 1.25307520 1.25096574 0.85684881 2.35945382 1.840239034592e+00 3.737607836408e+00 1.980913068892e+00 3.778922117384e-01 2.263165763484e+01
6 35 4 1.56648256 1.25307520 1.25096574 0.85684881 2.35945382 1.781185338740e+00 3.698883377651e+00 1.724318560430e+00 3.958672329722e-01 2.146585008129e+01
6 36 4 1.56648256 1.25307520 1.25096574 0.85684881 2.35945382 1.801743122361e+00 3.742190888439e+00 1.451859425540e+00 4.106300977270e-01 2.169519072512e+01
6 37 4 1.56648256 1.25307520 1.25096574 0.85684881 2.35945382 1.904374635470e+00 3.691669887802e+00 1.465565868175e+00 4.097018835899e-01 2.371630635928e+01
6 38 4 1.56648256 1.25307520 1.25096574 0.85684881 2.35945382 1.857905865962e+00 3.580045506889e+00 1.556850636303e+00 4.124564821492e-01 2.184863485098e+01
6 39 4 1.56648256 1.25307520 1.25096574 0.85684881 2.35945382 1.916602437173e+00 3.535784956772e+00 1.923083702956e+00 4.096462365817e-01 2.353632121980e+01
6 40 4 1.56648256 1.25307520 1.25096574 0.85684881 2.35945382 2.080887154856e+00 3.494698328071e+00 2.155727860554e+00 4.178887522487e-01 2.433573264309e+01
6 41 4 1.56648256 1.25307520 1.25096574 0.85684881 2.35945382 2.074431016110e+00 3.383074057417e+00 2.592964019314e+00 4.203124448029e-01 2.298811796758e+01
6 42 4 1.56648256 1.25307520 1.25096574 0.85684881 2.35945382 2.117279218232e+00 3.217165994453e+00 2.578036377702e+00 4.271480520634e-01 2.595422608915e+01
6 43 4 1.56648256 1.25307520 1.25096574 0.85684881 2.35945382 2.283666264165e+00 3.224241757138e+00 2.666376172270e+00 4.325016493310e-01 2.543237708415e+01
6 44 4 1.56648256 1.25307520 1.25096574 0.85684881 2.35945382 2.259718957919e+00 3.150081451653e+00 2.304678663238e+00 4.396824776718e-01 2.566079954718e+01
6 45 4 1.56648256 1.25307520 1.25096574 0.85684881 2.35945382 2.286291667589e+00 3.064475591805e+00 2.197887835318e+00 4.467381711512e-01 2.920828853235e+01
6 46 4 1.56648256 1.25307520 1.25096574 0.85684881 2.35945382 2.488727233946e+00 2.906053847272e+00 1.893276359150e+00 4.516422796343e-01 2.740398372070e+01
6 47 4 1.56648256 1.25307520 1.25096574 0.85684881 2.35945382 2.546935290386e+00 2.851637574686e+00 1.962403677837e+00 4.594684493729e-01 2.939557350192e+01
6 48 4 1.56648256 1.25307520 1.25096574 0.85684881 2.35945382 2.575993853285e+00 2.664138676964e+00 2.005834315519e+00 4.699773109756e-01 3.189984504858e+01
6 49 4 1.56648256 1.25307520 1.25096574 0.85684881 2.35945382 2.846612758609e+00 2.529294900296e+00 2.512252707935e+00 4.852469270149e-01 3.021931131364e+01
6 50 4 1.56648256 1.25307520 1.25096574 0.85684881 2.35945382 2.830565368561e+00 2.326145593989e+00 2.920390554972e+00 4.982649334782e-01 3.424496093356e+01
6 51 4 1.56648256 1.25307520 1.25096574 0.85684881 2.35945382 2.912891113714e+00 2.232200395902e+00 3.507607293064e+00 5.224749628268e-01 3.452941008924e+01
6 52 4 1.56648256 1.25307520 1.25096574 0.85684881 2.35945382 3.075995903966e+00 1.958003255560e+00 3.717451614530e+00 5.353773561829e-01 3.383126751552e+01
6 53 4 1.56648256 1.25307520 1.25096574 0.85684881 2.35945382 3.171993200282e+00 1.906996863489e+00 3.816302770940e+00 5.533778564390e-01 3.878526999588e+01
6 54 4 1.56648256 1.25307520 1.25096574 0.85684881 2.35945382 3.252009444125e+00 1.752607247638e+00 3.595911237740e+00 5.580976031346e-01 3.728385965021e+01
6 55 4 1.56648256 1.25307520 1.25096574 0.85684881 2.35945382 3.518741720381e+00 1.739562921354e+00 3.300198151841e+00 5.825949749781e-01 3.893031440785e+01
6 56 4 1.56648256 1.25307520 1.25096574 0.85684881 2.35945382 3.635059259882e+00 1.546469669676e+00 2.901720712869e+00 6.106229822430e-01 4.299049181859e+01
6 57 4 1.56648256 1.25307520 1.25096574 0.85684881 2.35945382 3.701400515088e+00 1.583666517833e+00 2.638715297680e+00 6.588124666667e-01 4.071933586474e+01
6 58 4 1.56648256 1.25307520 1.25096574 0.85684881 2.35945382 3.990417457143e+00 1.343429880792e+00 2.727707687607e+00 7.156998459460e-01 4.521454891971e+01
6 59 4 1.56648256 1.25307520 1.25096574 0.85684881 2.35945382 4.038461276392e+00 1.415454196173e+00 3.038802949851e+00 7.861443462892e-01 4.707299399341e+01
6 60 4 1.56648256 1.25307520 1.25096574 0.85684881 2.35945382 4.157559824843e+00 1.284505275918e+00 3.957505469574e+00 8.436233173354e-01 4.596644735170e+01
6 61 4 1.56648256 1.25307520 1.25096574 0.85684881 2.35945382 4.481073214277e+00 1.449409010644e+00 4.561651665794e+00 8.945951697121e-01 5.307391564717e+01
6 62 4 1.56648256 1.25307520 1.25096574 0.85684881 2.35945382 4.635597600738e+00 1.304975042490e+00 5.461974105303e+00 9.257801206197e-01 5.165727214523e+01
6 63 4 1.56648256 1.25307520 1.25096574 0.85684881 2.35945382 4.799159288957e+00 1.647989205934e+00 5.474544487661e+00 9.511482065590e-01 5.301326202932e+01
7 0 4 0.77021038 0.92099250 1.68714711 1.12970154 2.75532293 2.875649220969e-01 1.258651421803e+00 1.852682752980e+01 7.375299988069e+00 2.591801109812e+01
7 1 4 0.77021038 0.92099250 1.68714711 1.12970154 2.75532293 5.312326016372e-01 1.202946392129e+00 1.566861620529e+01 7.799868904159e+00 2.499342275420e+01
7 2 4 0.77021038 0.92099250 1.68714711 1.12970154 2.75532293 6.648795840028e-01 1.151176606855e+00 1.485661751968e+01 7.921870313282e+00 2.391567426545e+01
7 3 4 0.77021038 0.92099250 1.68714711 1.12970154 2.75532293 5.457299451128e-01 1.124174013129e+00 1.357326976176e+01 8.396452946904e+00 2.313285300955e+01
7 4 4 0.77021038 0.92099250 1.68714711 1.12970154 2.75532293 2.918539779593e-01 1.110649241108e+00 9.941252392747e+00 8.992846394594e+00 2.190935778986e+01
7 5 4 0.77021038 0.92099250 1.68714711 1.12970154 2.75532293 1.531940920570e-01 1.081096238851e+00 9.362330564407e+00 9.332137011186e+00 2.138015037587e+01
7 6 4 0.77021038 0.92099250 1.68714711 1.12970154 2.75532293 2.358778298040e-01 1.044192299787e+00 7.122168266473e+00 9.016451999883e+00 2.100217716263e+01
7 7 4 0.77021038 0.92099250 1.68714711 1.12970154 2.75532293 4.211785556539e-01 9.974908996299e-01 5.863900828954e+00 8.052472656557e+00 2.049822786829e+01
7 8 4 0.77021038 0.92099250 1.68714711 1.12970154 2.75532293 5.006736333284e-01 9.491480708639e-01 6.339703553198e+00 7.023201781498e+00 2.010472337547e+01
7 9 4 0.77021038 0.92099250 1.68714711 1.12970154 2.75532293 3.924160757281e-01 9.265261643634e-01 5.413579301069e+00 6.379370635183e+00 1.932662607402e+01
7 10 4 0.77021038 0.92099250 1.68714711 1.12970154 2.75532293 2.003338318357e-01 9.141993462498e-01 6.991193820195e+00 6.097622722308e+00 1.889129098483e+01
7 11 4 0.77021038 0.92099250 1.68714711 1.12970154 2.75532293 1.140057439795e-01 9.132751003974e-01 7.666857326643e+00 5.853028117267e+00 1.802989748412e+01
7 12 4 0.77021038 0.92099250 1.68714711 1.12970154 2.75532293 2.015822836750e-01 9.073468724433e-01 8.131483272788e+00 5.369550242697e+00 1.738470396596e+01
7 13 4 0.77021038 0.92099250 1.68714711 1.12970154 2.75532293 3.493901958009e-01 8.868586558995e-01 1.023798234172e+01 5.118892470196e+00 1.682337204478e+01
7 14 4 0.77021038 0.92099250 1.68714711 1.12970154 2.75532293 3.888924832839e-01 8.576347484314e-01 9.592235216209e+00 5.404754507378e+00 1.587861622348e+01
7 15 4 0.77021038 0.92099250 1.68714711 1.12970154 2.75532293 2.787505992073e-01 8.401802056533e-01 1.022428308464e+01 6.121993631440e+00 1.564188926287e+01
7 16 4 0.77021038 0.92099250 1.68714711 1.12970154 2.75532293 1.292985321044e-01 8.177685787000e-01 1.066282559100e+01 6.897031437491e+00 1.534754977662e+01
7 17 4 0.77021038 0.92099250 1.68714711 1.12970154 2.75532293 8.491550513413e-02 7.865988565366e-01 8.838385608042e+00 7.294003489166e+00 1.514612875719e+01
7 18 4 0.77021038 0.92099250 1.68714711 1.12970154 2.75532293 1.722339977908e-01 7.473033111847e-01 8.906194768160e+00 7.316749649632e+00 1.493234343793e+01
7 19 4 0.77021038 0.92099250 1.68714711 1.12970154 2.75532293 2.919951220849e-01 7.271668733141e-01 7.563324650199e+00 7.332371687320e+00 1.433666356932e+01
7 20 4 0.77021038 0.92099250 1.68714711 1.12970154 2.75532293 3.191055019326e-01 7.191416876260e-01 5.755053014196e+00 7.442529704065e+00 1.389162872001e+01
7 21 4 0.77021038 0.92099250 1.68714711 1.12970154 2.75532293 2.235429445066e-01 7.044601223711e-01 5.568012350780e+00 7.535429429475e+00 1.314122993959e+01
7 22 4 0.77021038 0.92099250 1.68714711 1.12970154 2.75532293 1.028956913363e-01 6.920980407806e-01 4.062931883537e+00 7.239266377087e+00 1.269381775520e+01
7 23 4 0.77021038 0.92099250 1.68714711 1.12970154 2.75532293 7.993228738133e-02 6.643913915180e-01 3.858157160035e+00 6.514863830676e+00 1.237858488231e+01
7 24 4 0.77021038 0.92099250 1.68714711 1.12970154 2.75532293 1.713275796455e-01 6.386794664343e-01 3.954948997278e+00 5.681309704608e+00 1.208675017596e+01
7 25 4 0.77021038 0.92099250 1.68714711 1.12970154 2.75532293 2.751823930647e-01 6.294056908236e-01 3.667345635123e+00 5.144930592153e+00 1.204671453853e+01
7 26 4 0.77021038 0.92099250 1.68714711 1.12970154 2.75532293 2.812628303701e-01 6.267522901629e-01 4.969639954495e+00 5.004829249805e+00 1.183441674001e+01
7 27 4 0.77021038 0.92099250 1.68714711 1.12970154 2.75532293 1.828844475389e-01 6.319346086353e-01 5.144086700657e+00 4.981971286446e+00 1.183690812901e+01
7 28 4 0.77021038 0.92099250 1.68714711 1.12970154 2.75532293 8.248849596782e-02 6.208036155024e-01 6.029015630460e+00 4.822115895298e+00 1.156633776120e+01
7 29 4 0.77021038 0.92099250 1.68714711 1.12970154 2.75532293 7.660825431101e-02 5.969515583886e-01 7.419510398747e+00 4.702460304052e+00 1.116861099117e+01
7 30 4 0.77021038 0.92099250 1.68714711 1.12970154 2.75532293 1.633558284231e-01 5.674069194289e-01 7.034487885231e+00 4.846529594282e+00 1.085602035831e+01
7 31 4 0.77021038 0.92099250 1.68714711 1.12970154 2.75532293 2.531529461661e-01 5.583080709826e-01 7.890868482782e+00 5.344603286787e+00 1.028458069096e+01
7 32 4 0.77021038 0.92099250 1.68714711 1.12970154 2.75532293 2.585862371645e-01 6.026909207469e-01 8.093438846034e+00 5.977988078665e+00 1.017067326145e+01
7 33 4 0.77021038 0.92099250 1.68714711 1.12970154 2.75532293 1.701198156037e-01 6.502300228398e-01 7.214241448674e+00 6.405803355293e+00 1.025532059753e+01
7 34 4 0.77021038 0.92099250 1.68714711 1.12970154 2.75532293 8.300733846092e-02 6.728987750623e-01 7.502123134310e+00 6.427075693015e+00 1.034047679991e+01
7 35 4 0.77021038 0.92099250 1.68714711 1.12970154 2.75532293 9.819581449721e-02 6.715505107392e-01 6.090699878593e+00 6.219111645637e+00 1.049848214537e+01
7 36 4 0.77021038 0.92099250 1.68714711 1.12970154 2.75532293 2.114151331115e-01 6.661595907918e-01 5.292213944331e+00 6.132155850909e+00 1.038212577991e+01
7 37 4 0.77021038 0.92099250 1.68714711 1.12970154 2.75532293 3.082996481540e-01 6.699349351932e-01 5.102114038493e+00 6.150666699311e+00 1.031587051067e+01
7 38 4 0.77021038 0.92099250 1.68714711 1.12970154 2.75532293 2.891382936842e-01 6.887173677300e-01 3.791028834064e+00 5.935631091875e+00 1.005462951828e+01
7 39 4 0.77021038 0.92099250 1.68714711 1.12970154 2.75532293 1.733367922620e-01 7.145777030450e-01 4.183873310606e+00 5.372649046125e+00 9.901094472245e+00
7 40 4 0.77021038 0.92099250 1.68714711 1.12970154 2.75532293 8.617860216726e-02 7.373601577400e-01 4.162117686360e+00 4.599518994255e+00 9.864287233996e+00
7 41 4 0.77021038 0.92099250 1.68714711 1.12970154 2.75532293 1.220582815113e-01 7.450320876560e-01 4.448861461044e+00 4.024417930876e+00 9.743964758548e+00
7 42 4 0.77021038 0.92099250 1.68714711 1.12970154 2.75532293 2.537714440200e-01 7.512214624384e-01 6.154609450381e+00 3.877427680885e+00 1.001599863905e+01
7 43 4 0.77021038 0.92099250 1.68714711 1.12970154 2.75532293 3.533603125546e-01 7.644285290861e-01 6.452616171154e+00 4.010378286591e+00 1.023267123176e+01
7 44 4 0.77021038 0.92099250 1.68714711 1.12970154 2.75532293 3.218057397250e-01 7.837961979487e-01 8.392285712691e+00 4.167523074567e+00 1.052797899710e+01
7 45 4 0.77021038 0.92099250 1.68714711 1.12970154 2.75532293 1.901098192686e-01 8.157825237792e-01 9.753675651456e+00 4.212478797510e+00 1.080733876064e+01
7 46 4 0.77021038 0.92099250 1.68714711 1.12970154 2.75532293 1.029789897322e-01 8.420122226410e-01 9.747287808760e+00 4.383136629040e+00 1.069144124273e+01
7 47 4 0.77021038 0.92099250 1.68714711 1.12970154 2.75532293 1.739511056907e-01 8.444261002654e-01 1.175394685381e+01 4.927215233759e+00 1.080835673905e+01
7 48 4 0.77021038 0.92099250 1.68714711 1.12970154 2.75532293 3.577431665680e-01 8.577168669410e-01 1.114313188223e+01 5.654841326759e+00 1.059795584053e+01
7 49 4 0.77021038 0.92099250 1.68714711 1.12970154 2.75532293 4.791069201681e-01 8.714607062670e-01 1.060114367497e+01 6.207423507095e+00 1.071056418494e+01
7 50 4 0.77021038 0.92099250 1.68714711 1.12970154 2.75532293 4.142861632139e-01 8.891968589406e-01 1.110430720661e+01 6.202502129589e+00 1.118819952406e+01
7 51 4 0.77021038 0.92099250 1.68714711 1.12970154 2.75532293 2.352492714930e-01 8.936513013278e-01 8.633877057767e+00 5.719353617881e+00 1.141135673176e+01
7 52 4 0.77021038 0.92099250 1.68714711 1.12970154 2.75532293 1.388634402594e-01 9.030477872201e-01 8.185354058821e+00 5.319106012873e+00 1.190214334335e+01
7 53 4 0.77021038 0.92099250 1.68714711 1.12970154 2.75532293 2.431127887613e-01 9.389169508460e-01 7.434109768013e+00 5.071534672651e+00 1.219245173810e+01
7 54 4 0.77021038 0.92099250 1.68714711 1.12970154 2.75532293 4.658852046752e-01 9.791088634353e-01 5.847306650694e+00 4.769132754610e+00 1.258399544272e+01
7 55 4 0.77021038 0.92099250 1.68714711 1.12970154 2.75532293 5.973932800793e-01 1.037756672960e+00 7.068470059938e+00 4.212500462781e+00 1.290261875284e+01
7 56 4 0.77021038 0.92099250 1.68714711 1.12970154 2.75532293 5.020626584831e-01 1.082512059692e+00 6.657675242619e+00 3.403842507370e+00 1.303343623799e+01
7 57 4 0.77021038 0.92099250 1.68714711 1.12970154 2.75532293 2.833280300116e-01 1.106726235358e+00 8.408098938009e+00 2.811420809338e+00 1.341827548960e+01
7 58 4 0.77021038 0.92099250 1.68714711 1.12970154 2.75532293 1.860270536167e-01 1.130591787371e+00 1.104563953435e+01 2.770578673735e+00 1.329547948089e+01
7 59 4 0.77021038 0.92099250 1.68714711 1.12970154 2.75532293 3.518446702448e-01 1.145823912038e+00 1.175186916339e+01 3.215969872180e+00 1.381103138552e+01
7 60 4 0.77021038 0.92099250 1.68714711 1.12970154 2.75532293 6.428624508279e-01 1.181323922894e+00 1.598136105572e+01 3.768962864620e+00 1.446067836957e+01
7 61 4 0.77021038 0.92099250 1.68714711 1.12970154 2.75532293 7.755741343659e-01 1.235128400426e+00 1.745793185797e+01 3.996108749217e+00 1.498007063417e+01
7 62 4 0.77021038 0.92099250 1.68714711 1.12970154 2.75532293 6.156066673383e-01 1.284178097058e+00 1.828146734013e+01 4.275342628528e+00 1.583245327491e+01
7 63 4 0.77021038 0.92099250 1.68714711 1.12970154 2.75532293 3.412378850447e-01 1.317531168628e+00 2.162544887673e+01 4.906566709194e+00 1.616170728299e+01
8 0 4 0.71977347 0.93301543 1.98854582 1.32959224 1.92608561 4.286044165451e-01 4.805896203692e-01 1.011490243813e-01 4.267468044764e-05 1.526529428813e+01
8 1 4 0.71977347 0.93301543 1.98854582 1.32959224 1.92608561 4.080414729191e-01 4.762307661251e-01 1.654473445017e-01 2.374157783540e-05 1.359615046239e+01
8 2 4 0.71977347 0.93301543 1.98854582 1.32959224 1.92608561 3.934417884042e-01 4.470781831552e-01 4.130783800987e-01 1.934666708292e-06 1.197004892760e+01
8 3 4 0.71977347 0.93301543 1.98854582 1.32959224 1.92608561 3.826862077225e-01 4.157773649107e-01 3.552612029829e-01 1.502391969699e-05 1.066245199837e+01
8 4 4 0.71977347 0.93301543 1.98854582 1.32959224 1.92608561 3.768330277967e-01 4.074304749178e-01 1.690936920452e-01 3.572472094752e-05 9.631760479214e+00
8 5 4 0.71977347 0.93301543 1.98854582 1.32959224 1.92608561 3.668134715252e-01 4.119266044469e-01 1.802100403589e-01 2.520354134121e-05 8.837461071391e+00
8 6 4 0.71977347 0.93301543 1.98854582 1.32959224 1.92608561 3.526835498533e-01 3.946919286056e-01 8.895725310958e-02 3.259380534692e-06 8.132587038422e+00
8 7 4 0.71977347 0.93301543 1.98854582 1.32959224 1.92608561 3.359396627937e-01 3.780027507256e-01 2.576074532576e-02 8.657715785536e-06 7.612191594313e+00
8 8 4 0.71977347 0.93301543 1.98854582 1.32959224 1.92608561 3.191148522360e-01 3.662986895187e-01 2.389955054380e-02 2.855348141727e-05 7.261087040846e+00
8 9 4 0.71977347 0.93301543 1.98854582 1.32959224 1.92608561 2.991473874454e-01 3.682199866303e-01 1.493156782704e-01 2.523537141518e-05 7.090796288025e+00
8 10 4 0.71977347 0.93301543 1.98854582 1.32959224 1.92608561 2.815204292866e-01 3.638251015751e-01 2.143395952678e-01 5.256334168051e-06 7.080682362413e+00
8 11 4 0.71977347 0.93301543 1.98854582 1.32959224 1.92608561 2.652973233333e-01 3.446314096312e-01 1.140221279490e-01 4.469984943570e-06 7.204846694682e+00
8 12 4 0.71977347 0.93301543 1.98854582 1.32959224 1.92608561 2.556873313936e-01 3.455504602770e-01 1.562554402755e-01 2.186698020585e-05 7.329770327119e+00
8 13 4 0.71977347 0.93301543 1.98854582 1.32959224 1.92608561 2.459736798227e-01 3.599565805816e-01 1.219714329482e-01 2.405229581568e-05 7.499566071938e+00
8 14 4 0.71977347 0.93301543 1.98854582 1.32959224 1.92608561 2.342258770740e-01 3.701065136205e-01 2.304420348497e-02 7.277991756407e-06 7.778032337504e+00
8 15 4 0.71977347 0.93301543 1.98854582 1.32959224 1.92608561 2.233411520372e-01 3.640936688322e-01 1.206824706338e-02 2.107951162031e-06 8.260066726983e+00
8 16 4 0.71977347 0.93301543 1.98854582 1.32959224 1.92608561 2.165489614671e-01 3.465767244858e-01 9.730891689621e-02 1.633171342790e-05 8.743691068168e+00
8 17 4 0.71977347 0.93301543 1.98854582 1.32959224 1.92608561 2.079208294705e-01 3.537394641211e-01 2.132720543552e-01 2.243721304081e-05 9.251963457055e+00
8 18 4 0.71977347 0.93301543 1.98854582 1.32959224 1.92608561 2.003357675815e-01 3.657529439194e-01 1.705968790594e-01 9.209267423675e-06 9.707753837802e+00
8 19 4 0.71977347 0.93301543 1.98854582 1.32959224 1.92608561 1.955024531654e-01 3.641660332891e-01 1.876751709608e-01 9.744932191999e-07 1.008926058006e+01
8 20 4 0.71977347 0.93301543 1.98854582 1.32959224 1.92608561 1.966328581913e-01 3.634100261198e-01 2.091738813940e-01 1.185957592713e-05 1.045532532002e+01
8 21 4 0.71977347 0.93301543 1.98854582 1.32959224 1.92608561 1.956309334997e-01 3.736055289957e-01 9.172620412987e-02 2.082864388093e-05 1.089859426334e+01
8 22 4 0.71977347 0.93301543 1.98854582 1.32959224 1.92608561 1.892183988399e-01 4.022828621837e-01 3.668735087237e-02 1.127677901886e-05 1.138122519542e+01
8 23 4 0.71977347 0.93301543 1.98854582 1.32959224 1.92608561 1.812864224194e-01 4.187888934225e-01 1.014095938190e-01 8.135813330083e-07 1.177391561726e+01
8 24 4 0.71977347 0.93301543 1.98854582 1.32959224 1.92608561 1.764396471573e-01 4.204153549297e-01 2.598359661688e-01 8.085775661026e-06 1.209758440497e+01
8 25 4 0.71977347 0.93301543 1.98854582 1.32959224 1.92608561 1.694269581250e-01 4.221660869330e-01 2.622357397359e-01 1.903279722540e-05 1.246080592921e+01
8 26 4 0.71977347 0.93301543 1.98854582 1.32959224 1.92608561 1.611854941261e-01 4.456999561080e-01 1.867473508467e-01 1.340790562333e-05 1.282924198421e+01
8 27 4 0.71977347 0.93301543 1.98854582 1.32959224 1.92608561 1.553377375158e-01 4.754569132300e-01 2.293068664905e-01 1.617131441738e-06 1.309960340452e+01
8 28 4 0.71977347 0.93301543 1.98854582 1.32959224 1.92608561 1.578113851164e-01 4.746629241748e-01 1.708817483121e-01 5.033434661391e-06 1.329687677641e+01
8 29 4 0.71977347 0.93301543 1.98854582 1.32959224 1.92608561 1.605601105958e-01 4.650409942710e-01 8.589150758901e-02 1.694232216042e-05 1.331954714025e+01
8 30 4 0.71977347 0.93301543 1.98854582 1.32959224 1.92608561 1.570875782709e-01 4.712878764078e-01 9.327440899842e-02 1.531248550479e-05 1.327889229873e+01
8 31 4 0.71977347 0.93301543 1.98854582 1.32959224 1.92608561 1.551917339755e-01 5.091352375319e-01 2.258936370101e-01 3.208009080458e-06 1.326387756178e+01
8 32 4 0.71977347 0.93301543 1.98854582 1.32959224 1.92608561 1.633751571459e-01 5.757315957300e-01 3.347300439776e-01 2.906070659956e-06 1.349341856320e+01
8 33 4 0.71977347 0.93301543 1.98854582 1.32959224 1.92608561 1.708060940598e-01 6.012358774420e-01 2.405156451805e-01 1.491371247887e-05 1.361376553600e+01
8 34 4 0.71977347 0.93301543 1.98854582 1.32959224 1.92608561 1.723146292045e-01 6.060103592425e-01 1.956296569997e-01 1.706023384141e-05 1.357904659239e+01
8 35 4 0.71977347 0.93301543 1.98854582 1.32959224 1.92608561 1.739630149981e-01 6.097706528819e-01 1.775891022578e-01 5.364509284102e-06 1.334367686377e+01
8 36 4 0.71977347 0.93301543 1.98854582 1.32959224 1.92608561 1.837410139028e-01 6.210919413746e-01 1.134501826709e-01 1.624204228536e-06 1.304662690705e+01
8 37 4 0.71977347 0.93301543 1.98854582 1.32959224 1.92608561 1.949190384541e-01 6.556767806203e-01 9.699147878323e-02 1.325965783885e-05 1.276113963531e+01
8 38 4 0.71977347 0.93301543 1.98854582 1.32959224 1.92608561 1.999717297536e-01 6.848070913830e-01 1.963742641585e-01 1.909327988493e-05 1.247280010929e+01
8 39 4 0.71977347 0.93301543 1.98854582 1.32959224 1.92608561 2.019078348838e-01 7.060220888191e-01 3.526086292463e-01 8.232322015075e-06 1.220093897779e+01
8 40 4 0.71977347 0.93301543 1.98854582 1.32959224 1.92608561 2.067248085273e-01 7.317188344169e-01 2.553165679121e-01 9.625618687529e-07 1.184144079933e+01
8 41 4 0.71977347 0.93301543 1.98854582 1.32959224 1.92608561 2.097214454840e-01 7.617876163977e-01 1.288181133802e-01 1.175116984321e-05 1.141414740662e+01
8 42 4 0.71977347 0.93301543 1.98854582 1.32959224 1.92608561 2.103252821565e-01 8.057734159645e-01 1.333238823571e-01 2.156047861469e-05 1.097946514837e+01
8 43 4 0.71977347 0.93301543 1.98854582 1.32959224 1.92608561 2.116511677344e-01 8.436693082500e-01 1.090613123488e-01 1.221645720374e-05 1.061544644670e+01
8 44 4 0.71977347 0.93301543 1.98854582 1.32959224 1.92608561 2.197538447099e-01 8.798888927485e-01 9.255521572839e-02 1.021699526917e-06 1.015548733465e+01
8 45 4 0.71977347 0.93301543 1.98854582 1.32959224 1.92608561 2.330968980130e-01 9.010134546617e-01 9.608264294077e-02 9.935731330155e-06 9.590996994738e+00
8 46 4 0.71977347 0.93301543 1.98854582 1.32959224 1.92608561 2.440472856213e-01 9.296429142358e-01 2.429062097556e-01 2.397742004507e-05 9.016118330900e+00
8 47 4 0.71977347 0.93301543 1.98854582 1.32959224 1.92608561 2.527084089053e-01 9.672800660236e-01 2.462495364831e-01 1.740715394953e-05 8.499710081532e+00
8 48 4 0.71977347 0.93301543 1.98854582 1.32959224 1.92608561 2.649124658096e-01 9.874572046138e-01 8.631118087017e-02 2.213685701530e-06 8.090307173652e+00
8 49 4 0.71977347 0.93301543 1.98854582 1.32959224 1.92608561 2.771140143485e-01 1.016526767686e+00 8.541376768007e-02 7.783123589232e-06 7.768997770940e+00
8 50 4 0.71977347 0.93301543 1.98854582 1.32959224 1.92608561 2.878938980057e-01 1.051625185885e+00 6.717019981077e-02 2.581747918125e-05 7.590287594107e+00
8 51 4 0.71977347 0.93301543 1.98854582 1.32959224 1.92608561 2.993870459587e-01 1.103372135954e+00 5.035193476693e-02 2.353445513945e-05 7.344085581113e+00
8 52 4 0.71977347 0.93301543 1.98854582 1.32959224 1.92608561 3.139441061514e-01 1.166891536142e+00 3.788550951187e-02 4.846090219822e-06 7.182393605968e+00
8 53 4 0.71977347 0.93301543 1.98854582 1.32959224 1.92608561 3.315782603572e-01 1.199096044289e+00 1.579232423576e-01 5.603707505444e-06 7.132777255259e+00
8 54 4 0.71977347 0.93301543 1.98854582 1.32959224 1.92608561 3.454111045715e-01 1.226935621165e+00 2.754187545310e-01 2.701238842681e-05 7.394764088830e+00
8 55 4 0.71977347 0.93301543 1.98854582 1.32959224 1.92608561 3.548474225054e-01 1.262734392986e+00 1.440515670627e-01 3.058824298246e-05 7.732575382643e+00
8 56 4 0.71977347 0.93301543 1.98854582 1.32959224 1.92608561 3.634153137873e-01 1.307191940866e+00 1.582320374692e-01 9.246876991587e-06 8.307034227391e+00
8 57 4 0.71977347 0.93301543 1.98854582 1.32959224 1.92608561 3.700483235685e-01 1.359832936439e+00 1.678376363997e-01 3.551902554057e-06 9.049467414152e+00
8 58 4 0.71977347 0.93301543 1.98854582 1.32959224 1.92608561 3.756829420579e-01 1.385829336020e+00 7.766259490150e-02 2.730583247851e-05 9.976800192282e+00
8 59 4 0.71977347 0.93301543 1.98854582 1.32959224 1.92608561 3.841609430854e-01 1.427404451985e+00 5.228888117949e-02 3.863978465578e-05 1.112982580979e+01
8 60 4 0.71977347 0.93301543 1.98854582 1.32959224 1.92608561 3.959848990493e-01 1.487172436123e+00 2.110143501772e-01 1.616792826770e-05 1.266597348315e+01
8 61 4 0.71977347 0.93301543 1.98854582 1.32959224 1.92608561 4.169936422243e-01 1.536024005697e+00 5.346111361043e-01 1.971739366945e-06 1.442307131789e+01
8 62 4 0.71977347 0.93301543 1.98854582 1.32959224 1.92608561 4.388239820937e-01 1.558832389491e+00 4.508609378851e-01 2.576709669079e-05 1.619774662903e+01
8 63 4 0.71977347 0.93301543 1.98854582 1.32959224 1.92608561 4.552400090927e-01 1.587661239907e+00 3.447676683938e-01 4.665555427310e-05 1.823628023389e+01
11 0 4 0.82845232 0.74614108 0.96509640 0.72960670 3.99687149 3.227022358945e-04 5.095136719123e-01 1.224394592746e+00 3.322950398173e-01 3.816222212530e+02
11 1 4 0.82845232 0.74614108 0.96509640 0.72960670 3.99687149 2.878083712619e-04 4.881375479802e-01 1.220627999584e+00 3.324159440489e-01 3.877029926447e+02
11 2 4 0.82845232 0.74614108 0.96509640 0.72960670 3.99687149 1.075788351466e-04 4.595802952304e-01 1.213102751835e+00 3.333958698957e-01 3.752438701333e+02
11 3 4 0.82845232 0.74614108 0.96509640 0.72960670 3.99687149 1.792738313657e-05 4.278015721601e-01 1.154507515644e+00 3.349971581248e-01 3.543707366059e+02
11 4 4 0.82845232 0.74614108 0.96509640 0.72960670 3.99687149 5.915035543631e-05 3.939202729630e-01 1.108904731556e+00 3.369375583241e-01 3.191992755637e+02
11 5 4 0.82845232 0.74614108 0.96509640 0.72960670 3.99687149 1.035236574918e-04 3.576826653826e-01 1.105259464289e+00 3.385570508470e-01 2.774298247630e+02
11 6 4 0.82845232 0.74614108 0.96509640 0.72960670 3.99687149 9.861967453880e-05 3.292395585643e-01 1.077275069362e+00 3.396042491701e-01 2.510380768937e+02
11 7 4 0.82845232 0.74614108 0.96509640 0.72960670 3.99687149 7.491084331723e-05 2.992530961174e-01 1.024461744247e+00 3.391876378064e-01 2.427166016211e+02
11 8 4 0.82845232 0.74614108 0.96509640 0.72960670 3.99687149 6.115454542017e-05 2.721156616492e-01 9.857768079986e-01 3.343337474884e-01 2.432908286847e+02
11 9 4 0.82845232 0.74614108 0.96509640 0.72960670 3.99687149 5.474708663747e-05 2.531972015148e-01 9.439831593720e-01 3.285431546552e-01 2.542131179660e+02
11 10 4 0.82845232 0.74614108 0.96509640 0.72960670 3.99687149 4.130859399466e-05 2.353640401334e-01 9.040777036156e-01 3.286618872405e-01 2.706352691123e+02
11 11 4 0.82845232 0.74614108 0.96509640 0.72960670 3.99687149 4.740420473292e-05 2.220953495798e-01 8.702770590085e-01 3.247196735713e-01 2.757955865479e+02
11 12 4 0.82845232 0.74614108 0.96509640 0.72960670 3.99687149 9.376019516348e-05 2.200177848741e-01 8.400125031020e-01 3.191296700670e-01 2.644991478462e+02
11 13 4 0.82845232 0.74614108 0.96509640 0.72960670 3.99687149 1.223019284031e-04 2.225310245802e-01 8.025799533804e-01 3.171296222995e-01 2.471620659615e+02
11 14 4 0.82845232 0.74614108 0.96509640 0.72960670 3.99687149 8.698174313749e-05 2.263938910598e-01 7.732824260003e-01 3.185006296913e-01 2.244836738221e+02
11 15 4 0.82845232 0.74614108 0.96509640 0.72960670 3.99687149 2.855991935768e-05 2.368863631442e-01 7.487639289905e-01 3.210412790051e-01 1.974748884750e+02
11 16 4 0.82845232 0.74614108 0.96509640 0.72960670 3.99687149 1.037325005027e-07 2.439716099284e-01 7.257541634171e-01 3.254775876069e-01 1.795633927087e+02
11 17 4 0.82845232 0.74614108 0.96509640 0.72960670 3.99687149 2.741444427494e-05 2.565357799625e-01 7.134560187219e-01 3.295227181318e-01 1.769412667038e+02
11 18 4 0.82845232 0.74614108 0.96509640 0.72960670 3.99687149 1.008425636958e-04 2.737493078995e-01 7.098351723777e-01 3.349318617607e-01 1.810100209460e+02
11 19 4 0.82845232 0.74614108 0.96509640 0.72960670 3.99687149 1.459381207110e-04 2.946414959974e-01 7.037996247640e-01 3.425373708980e-01 1.896718461807e+02
11 20 4 0.82845232 0.74614108 0.96509640 0.72960670 3.99687149 1.115774235939e-04 3.138647656850e-01 6.782906592884e-01 3.500547720803e-01 2.034967556955e+02
11 21 4 0.82845232 0.74614108 0.96509640 0.72960670 3.99687149 5.569156127748e-05 3.359587161235e-01 6.567163658495e-01 3.521647372809e-01 2.106375643951e+02
11 22 4 0.82845232 0.74614108 0.96509640 0.72960670 3.99687149 3.994227419625e-05 3.554169820970e-01 6.518466860263e-01 3.591917650195e-01 2.042751710921e+02
11 23 4 0.82845232 0.74614108 0.96509640 0.72960670 3.99687149 4.812298605967e-05 3.794826810345e-01 6.439934105903e-01 3.670644896346e-01 1.915328092992e+02
11 24 4 0.82845232 0.74614108 0.96509640 0.72960670 3.99687149 5.934937148847e-05 4.031927298023e-01 6.166233081802e-01 3.723559876368e-01 1.764058399421e+02
11 25 4 0.82845232 0.74614108 0.96509640 0.72960670 3.99687149 7.990234627005e-05 4.255511199917e-01 5.981732586946e-01 3.751147070113e-01 1.580742343777e+02
11 26 4 0.82845232 0.74614108 0.96509640 0.72960670 3.99687149 9.878783103806e-05 4.485082013822e-01 5.890124436827e-01 3.783448812834e-01 1.453147188540e+02
11 27 4 0.82845232 0.74614108 0.96509640 0.72960670 3.99687149 8.430823775123e-05 4.628960849042e-01 5.688675876289e-01 3.812137694189e-01 1.458102759869e+02
11 28 4 0.82845232 0.74614108 0.96509640 0.72960670 3.99687149 3.316519178237e-05 4.697063279483e-01 5.672331282957e-01 3.873053674475e-01 1.534605620000e+02
11 29 4 0.82845232 0.74614108 0.96509640 0.72960670 3.99687149 1.719647184640e-05 4.732701238303e-01 5.730973442406e-01 3.954913889995e-01 1.635475711044e+02
11 30 4 0.82845232 0.74614108 0.96509640 0.72960670 3.99687149 1.073466599435e-04 4.762200386492e-01 5.585917787810e-01 4.056836054047e-01 1.770958271258e+02
11 31 4 0.82845232 0.74614108 0.96509640 0.72960670 3.99687149 2.206861478924e-04 4.768986270866e-01 5.401537750500e-01 4.197477737612e-01 1.874723271296e+02
11 32 4 0.82845232 0.74614108 0.96509640 0.72960670 3.99687149 2.041367646932e-04 4.896767159624e-01 5.762170464509e-01 4.415357615308e-01 1.867650775338e+02
11 33 4 0.82845232 0.74614108 0.96509640 0.72960670 3.99687149 8.384236491731e-05 4.975181005526e-01 6.054309949297e-01 4.577444925520e-01 1.781165399375e+02
11 34 4 0.82845232 0.74614108 0.96509640 0.72960670 3.99687149 1.831177471679e-05 4.977337741731e-01 6.016202801061e-01 4.710595127847e-01 1.683647087878e+02
11 35 4 0.82845232 0.74614108 0.96509640 0.72960670 3.99687149 4.601599212782e-05 4.906647254377e-01 6.058858356328e-01 4.829120859183e-01 1.564850781975e+02
11 36 4 0.82845232 0.74614108 0.96509640 0.72960670 3.99687149 8.217000286097e-05 4.778277616751e-01 6.313663947096e-01 4.936386619497e-01 1.474837027462e+02
11 37 4 0.82845232 0.74614108 0.96509640 0.72960670 3.99687149 8.256015855585e-05 4.562788525137e-01 6.469300076648e-01 5.008371997829e-01 1.510537454002e+02
11 38 4 0.82845232 0.74614108 0.96509640 0.72960670 3.99687149 7.185534038888e-05 4.393953623743e-01 6.548864729448e-01 5.086524739840e-01 1.651383064388e+02
11 39 4 0.82845232 0.74614108 0.96509640 0.72960670 3.99687149 7.219182037351e-05 4.225257568951e-01 6.784934023831e-01 5.161320712048e-01 1.808440846502e+02
11 40 4 0.82845232 0.74614108 0.96509640 0.72960670 3.99687149 6.418360630656e-05 4.051907838097e-01 6.794754305484e-01 5.265716641066e-01 1.985092723936e+02
11 41 4 0.82845232 0.74614108 0.96509640 0.72960670 3.99687149 3.680741314504e-05 3.893678354805e-01 6.822992743398e-01 5.414798317167e-01 2.145360832900e+02
11 42 4 0.82845232 0.74614108 0.96509640 0.72960670 3.99687149 5.051589601195e-05 3.714351988806e-01 7.011973943126e-01 5.570697430832e-01 2.176308879298e+02
11 43 4 0.82845232 0.74614108 0.96509640 0.72960670 3.99687149 1.349396661962e-04 3.515123949283e-01 7.260114794772e-01 5.665374831832e-01 2.091945027829e+02
11 44 4 0.82845232 0.74614108 0.96509640 0.72960670 3.99687149 1.835860126022e-04 3.324593535684e-01 7.334023376782e-01 5.834432556759e-01 2.001097016558e+02
11 45 4 0.82845232 0.74614108 0.96509640 0.72960670 3.99687149 1.180686896454e-04 3.139126613411e-01 7.412320491173e-01 6.023310199647e-01 1.904678760196e+02
11 46 4 0.82845232 0.74614108 0.96509640 0.72960670 3.99687149 2.512490326026e-05 2.993549385897e-01 7.714867882003e-01 6.203542472878e-01 1.827512421521e+02
11 47 4 0.82845232 0.74614108 0.96509640 0.72960670 3.99687149 2.618006213877e-06 2.874423888138e-01 8.080677838284e-01 6.367542513861e-01 1.895240208175e+02
11 48 4 0.82845232 0.74614108 0.96509640 0.72960670 3.99687149 4.787442380545e-05 2.716697384055e-01 8.475821616732e-01 6.558076384273e-01 2.119623638190e+02
11 49 4 0.82845232 0.74614108 0.96509640 0.72960670 3.99687149 1.128773798422e-04 2.603185933035e-01 8.831132593599e-01 6.733073646588e-01 2.366967472341e+02
11 50 4 0.82845232 0.74614108 0.96509640 0.72960670 3.99687149 1.294177324570e-04 2.551420741379e-01 9.247474500738e-01 6.907416692602e-01 2.626853693168e+02
11 51 4 0.82845232 0.74614108 0.96509640 0.72960670 3.99687149 7.772065514861e-05 2.532544574251e-01 9.600237813672e-01 7.049191581273e-01 2.872386618884e+02
11 52 4 0.82845232 0.74614108 0.96509640 0.72960670 3.99687149 4.153889960076e-05 2.620508496056e-01 9.902500990799e-01 7.130188864461e-01 2.958312248268e+02
11 53 4 0.82845232 0.74614108 0.96509640 0.72960670 3.99687149 6.097013134866e-05 2.757556492229e-01 1.033419074331e+00 7.217996487377e-01 2.860477968137e+02
11 54 4 0.82845232 0.74614108 0.96509640 0.72960670 3.99687149 7.001723067490e-05 2.880840306919e-01 1.071902595887e+00 7.388136072445e-01 2.732147838051e+02
11 55 4 0.82845232 0.74614108 0.96509640 0.72960670 3.99687149 5.425017844377e-05 3.069976023118e-01 1.106249078655e+00 7.474689384287e-01 2.629746844628e+02
11 56 4 0.82845232 0.74614108 0.96509640 0.72960670 3.99687149 6.594768630561e-05 3.319642047800e-01 1.144658724438e+00 7.558948444843e-01 2.561967538058e+02
11 57 4 0.82845232 0.74614108 0.96509640 0.72960670 3.99687149 1.074203084757e-04 3.535639609581e-01 1.172307936203e+00 7.695452176254e-01 2.666591922355e+02
11 58 4 0.82845232 0.74614108 0.96509640 0.72960670 3.99687149 1.259866033919e-04 3.830025801381e-01 1.183486683317e+00 7.890659511681e-01 2.998719500241e+02
11 59 4 0.82845232 0.74614108 0.96509640 0.72960670 3.99687149 7.175290709203e-05 4.128430132944e-01 1.236191380589e+00 8.094548418416e-01 3.379987645224e+02
11 60 4 0.82845232 0.74614108 0.96509640 0.72960670 3.99687149 1.160144215875e-05 4.396420831456e-01 1.311553042421e+00 8.337006517516e-01 3.715540430136e+02
11 61 4 0.82845232 0.74614108 0.96509640 0.72960670 3.99687149 1.194589978317e-04 4.667881986048e-01 1.337150823590e+00 8.592140315698e-01 4.020780565981e+02
11 62 4 0.82845232 0.74614108 0.96509640 0.72960670 3.99687149 3.422389203405e-04 4.923417611759e-01 1.362879737719e+00 8.857536315468e-01 4.156541225154e+02
11 63 4 0.82845232 0.74614108 0.96509640 0.72960670 3.99687149 3.694633327720e-04 5.174411478326e-01 1.463620956279e+00 9.153621158139e-01 4.009408948376e+02
12 0 4 0.64661977 0.67662068 1.00509659 0.79749432 2.02189086 1.635075674033e-01 1.974877839952e-03 3.627870406983e-02 1.435184902309e-09 1.801209514975e+01
12 1 4 0.64661977 0.67662068 1.00509659 0.79749432 2.02189086 1.513006656327e-01 1.859301121291e-03 6.435172800344e-02 1.556631982107e-09 4.884288375334e+01
12 2 4 0.64661977 0.67662068 1.00509659 0.79749432 2.02189086 1.467832773336e-01 1.979126429111e-03 9.444787088676e-02 1.673294534007e-09 6.054231060047e+01
12 3 4 0.64661977 0.67662068 1.00509659 0.79749432 2.02189086 1.474955650961e-01 2.194675637877e-03 1.005252291919e-01 1.784782345363e-09 3.805408213962e+01
12 4 4 0.64661977 0.67662068 1.00509659 0.79749432 2.02189086 1.440680964504e-01 2.287896162532e-03 6.891552922811e-02 1.890872083673e-09 9.423930414995e+00
12 5 4 0.64661977 0.67662068 1.00509659 0.79749432 2.02189086 1.367070219067e-01 2.303431065529e-03 4.305451663930e-02 1.991450436156e-09 7.791630731294e+00
12 6 4 0.64661977 0.67662068 1.00509659 0.79749432 2.02189086 1.311565001516e-01 2.086259619804e-03 4.002675943783e-02 2.086459450658e-09 3.196160781448e+01
12 7 4 0.64661977 0.67662068 1.00509659 0.79749432 2.02189086 1.280182455979e-01 1.802945035241e-03 6.197316723319e-02 2.175846538534e-09 5.063483551115e+01
12 8 4 0.64661977 0.67662068 1.00509659 0.79749432 2.02189086 1.243243337647e-01 1.544049978857e-03 8.761091047655e-02 2.259521300786e-09 4.008939748919e+01
12 9 4 0.64661977 0.67662068 1.00509659 0.79749432 2.02189086 1.184012262450e-01 1.500884243204e-03 8.672321185936e-02 2.337320954317e-09 1.291869673352e+01
12 10 4 0.64661977 0.67662068 1.00509659 0.79749432 2.02189086 1.120491352393e-01 1.416257059625e-03 6.657725700481e-02 2.408985682894e-09 2.577825413703e+00
12 11 4 0.64661977 0.67662068 1.00509659 0.79749432 2.02189086 1.095151987269e-01 1.230514035208e-03 4.147753163158e-02 2.474144737019e-09 2.005983612909e+01
12 12 4 0.64661977 0.67662068 1.00509659 0.79749432 2.02189086 1.102768060551e-01 1.077200732281e-03 3.170948652530e-02 2.532313579824e-09 4.113825035121e+01
12 13 4 0.64661977 0.67662068 1.00509659 0.79749432 2.02189086 1.076678502258e-01 1.083213894814e-03 4.474698131671e-02 2.582901845323e-09 3.926996823638e+01
12 14 4 0.64661977 0.67662068 1.00509659 0.79749432 2.02189086 1.002118846846e-01 1.080641268713e-03 6.230344747890e-02 2.625231363263e-09 1.697578644957e+01
12 15 4 0.64661977 0.67662068 1.00509659 0.79749432 2.02189086 9.460459287796e-02 8.406620842531e-04 6.708078835709e-02 2.658563033542e-09 1.253098669450e+00
12 16 4 0.64661977 0.67662068 1.00509659 0.79749432 2.02189086 9.367282588738e-02 5.621160321133e-04 5.174619551475e-02 2.682130922661e-09 1.098385942096e+01
12 17 4 0.64661977 0.67662068 1.00509659 0.79749432 2.02189086 9.297358721829e-02 4.485455727590e-04 2.850872222891e-02 2.695181622521e-09 3.263231498831e+01
12 18 4 0.64661977 0.67662068 1.00509659 0.79749432 2.02189086 9.001152986889e-02 5.601658167083e-04 2.083420457322e-02 2.697016672235e-09 3.775051923745e+01
12 19 4 0.64661977 0.67662068 1.00509659 0.79749432 2.02189086 8.684703738090e-02 7.207723261557e-04 3.098371126062e-02 2.687035706706e-09 2.023613554275e+01
12 20 4 0.64661977 0.67662068 1.00509659 0.79749432 2.02189086 8.523377900855e-02 9.205295457831e-04 4.520630328506e-02 2.664777967449e-09 2.273580466400e+00
12 21 4 0.64661977 0.67662068 1.00509659 0.79749432 2.02189086 8.464378398750e-02 1.190347514543e-03 5.060662409446e-02 2.629959892693e-09 5.391787861835e+00
12 22 4 0.64661977 0.67662068 1.00509659 0.79749432 2.02189086 8.294427617908e-02 1.482801037171e-03 3.882376095973e-02 2.582506691777e-09 2.475546417929e+01
12 23 4 0.64661977 0.67662068 1.00509659 0.79749432 2.02189086 7.923472526074e-02 1.744636426949e-03 2.211573708880e-02 2.522576095202e-09 3.538705742493e+01
12 24 4 0.64661977 0.67662068 1.00509659 0.79749432 2.02189086 7.683932053059e-02 1.848652126128e-03 1.815442884138e-02 2.450572844006e-09 2.344954835333e+01
12 25 4 0.64661977 0.67662068 1.00509659 0.79749432 2.02189086 7.858886726346e-02 1.796333085928e-03 2.733297098224e-02 2.367152924511e-09 4.326177139393e+00
12 26 4 0.64661977 0.67662068 1.00509659 0.79749432 2.02189086 8.085189379384e-02 1.532237293977e-03 4.055938625018e-02 2.273217047418e-09 2.420182555135e+00
12 27 4 0.64661977 0.67662068 1.00509659 0.79749432 2.02189086 7.938706057937e-02 1.304738680331e-03 4.572899588836e-02 2.169893392400e-09 1.936024095370e+01
12 28 4 0.64661977 0.67662068 1.00509659 0.79749432 2.02189086 7.666401393447e-02 1.191164338888e-03 3.873987573998e-02 2.058510167500e-09 3.314439300390e+01
12 29 4 0.64661977 0.67662068 1.00509659 0.79749432 2.02189086 7.663926530392e-02 1.170523503563e-03 2.585698389414e-02 1.940559043333e-09 2.644378081370e+01
12 30 4 0.64661977 0.67662068 1.00509659 0.79749432 2.02189086 7.840105474990e-02 1.021287390597e-03 1.886717430267e-02 1.817650992174e-09 7.590331918781e+00
12 31 4 0.64661977 0.67662068 1.00509659 0.79749432 2.02189086 7.946775603235e-02 8.495680181896e-04 2.548525696472e-02 1.691466469896e-09 6.685724950946e-01
12 32 4 0.64661977 0.67662068 1.00509659 0.79749432 2.02189086 7.971273267071e-02 8.499567309710e-04 3.895332233187e-02 1.563702205075e-09 1.496910920968e+01
12 33 4 0.64661977 0.67662068 1.00509659 0.79749432 2.02189086 8.059798227805e-02 1.017049906731e-03 4.788365927912e-02 1.436017088430e-09 3.197322988222e+01
12 34 4 0.64661977 0.67662068 1.00509659 0.79749432 2.02189086 8.335931978180e-02 1.158079410160e-03 4.256701381281e-02 1.309979774955e-09 2.982982513217e+01
12 35 4 0.64661977 0.67662068 1.00509659 0.79749432 2.02189086 8.657391668661e-02 1.166051604578e-03 2.757742515186e-02 1.187020613045e-09 1.160015603821e+01
12 36 4 0.64661977 0.67662068 1.00509659 0.79749432 2.02189086 8.702911846409e-02 1.270790304126e-03 1.681718613169e-02 1.068390396852e-09 3.866794534119e-01
12 37 4 0.64661977 0.67662068 1.00509659 0.79749432 2.02189086 8.596475096007e-02 1.493423575441e-03 1.882866918254e-02 9.551282024493e-10 1.075856918903e+01
12 38 4 0.64661977 0.67662068 1.00509659 0.79749432 2.02189086 8.862184775148e-02 1.753931583428e-03 3.310646220958e-02 8.480402224502e-10 3.034189942921e+01
12 39 4 0.64661977 0.67662068 1.00509659 0.79749432 2.02189086 9.491328128419e-02 1.807614002779e-03 4.354613609897e-02 7.476910698904e-10 3.419417293868e+01
12 40 4 0.64661977 0.67662068 1.00509659 0.79749432 2.02189086 9.925695924844e-02 1.709044183426e-03 3.809174797579e-02 6.544084969989e-10 1.717924962517e+01
12 41 4 0.64661977 0.67662068 1.00509659 0.79749432 2.02189086 1.004082219402e-01 1.461771798499e-03 2.146241500788e-02 5.683018885304e-10 1.477906702031e+00
12 42 4 0.64661977 0.67662068 1.00509659 0.79749432 2.02189086 1.022377553336e-01 1.179945746959e-03 9.621571662626e-03 4.892942660881e-10 7.691259216822e+00
12 43 4 0.64661977 0.67662068 1.00509659 0.79749432 2.02189086 1.064085549495e-01 9.191691997780e-04 1.147095396651e-02 4.171669049637e-10 2.863981745153e+01
12 44 4 0.64661977 0.67662068 1.00509659 0.79749432 2.02189086 1.112278877347e-01 7.179867744511e-04 2.263663294781e-02 3.516150452603e-10 3.872015230269e+01
12 45 4 0.64661977 0.67662068 1.00509659 0.79749432 2.02189086 1.148812539040e-01 5.552619298334e-04 3.254209549054e-02 2.923126011849e-10 2.521459308121e+01
12 46 4 0.64661977 0.67662068 1.00509659 0.79749432 2.02189086 1.176383998727e-01 4.427959471214e-04 2.719661440578e-02 2.389832621883e-10 4.918112399732e+00
12 47 4 0.64661977 0.67662068 1.00509659 0.79749432 2.02189086 1.227538422637e-01 5.662858766132e-04 1.295466803399e-02 1.914749606265e-10 4.814822420029e+00
12 48 4 0.64661977 0.67662068 1.00509659 0.79749432 2.02189086 1.313705944333e-01 8.594986485482e-04 4.623933301205e-03 1.498343733539e-10 2.666636228398e+01
12 49 4 0.64661977 0.67662068 1.00509659 0.79749432 2.02189086 1.377760945395e-01 1.106923079865e-03 7.652882908525e-03 1.143779455041e-10 4.353942380130e+01
12 50 4 0.64661977 0.67662068 1.00509659 0.79749432 2.02189086 1.384447666186e-01 1.116840502173e-03 2.114966826256e-02 8.575588533095e-11 3.492966625867e+01
12 51 4 0.64661977 0.67662068 1.00509659 0.79749432 2.02189086 1.401621325080e-01 1.121439416152e-03 2.941482665574e-02 6.500568564716e-11 1.184055481774e+01
12 52 4 0.64661977 0.67662068 1.00509659 0.79749432 2.02189086 1.486860038825e-01 1.293656863327e-03 2.464679615306e-02 5.359198060447e-11 3.416667936343e+00
12 53 4 0.64661977 0.67662068 1.00509659 0.79749432 2.02189086 1.590305556323e-01 1.479753843951e-03 1.239833499813e-02 5.342994099688e-11 2.248325891233e+01
12 54 4 0.64661977 0.67662068 1.00509659 0.79749432 2.02189086 1.654761227744e-01 1.556173293606e-03 3.391713881943e-03 6.688993571531e-11 4.717810494698e+01
12 55 4 0.64661977 0.67662068 1.00509659 0.79749432 2.02189086 1.698664228527e-01 1.588213644599e-03 1.234808893172e-02 9.678182479673e-11 4.673023343847e+01
12 56 4 0.64661977 0.67662068 1.00509659 0.79749432 2.02189086 1.760783866187e-01 1.849713128956e-03 2.989096305779e-02 1.463179790515e-10 2.223255584591e+01
12 57 4 0.64661977 0.67662068 1.00509659 0.79749432 2.02189086 1.849083942100e-01 2.133290348567e-03 4.019413196458e-02 2.190549166439e-10 5.293156765050e+00
12 58 4 0.64661977 0.67662068 1.00509659 0.79749432 2.02189086 1.933835574003e-01 2.345400748734e-03 3.428637444984e-02 3.188142791259e-10 1.826017059534e+01
12 59 4 0.64661977 0.67662068 1.00509659 0.79749432 2.02189086 1.980635484921e-01 2.323862009102e-03 1.402770161298e-02 4.495847068569e-10 4.762255813173e+01
12 60 4 0.64661977 0.67662068 1.00509659 0.79749432 2.02189086 2.032719472711e-01 2.220177875677e-03 4.882776338002e-03 6.154069841074e-10 5.895385266122e+01
12 61 4 0.64661977 0.67662068 1.00509659 0.79749432 2.02189086 2.168131407258e-01 1.997566167798e-03 1.362037220448e-02 8.202455751737e-10 3.794068192915e+01
12 62 4 0.64661977 0.67662068 1.00509659 0.79749432 2.02189086 2.334400429370e-01 1.868073244003e-03 3.236707857356e-02 1.067850333807e-09 1.125031384424e+01
12 63 4 0.64661977 0.67662068 1.00509659 0.79749432 2.02189086 2.408357247113e-01 1.985292095445e-03 4.619969547770e-02 1.361612711074e-09 1.460126024094e+01
14 0 4 0.88107399 0.79748685 1.03530645 0.76481900 5.96611704 4.452854243269e-04 6.226750656706e-01 1.799850679052e+00 5.911457600791e-01 1.565381225818e+03
14 1 4 0.88107399 0.79748685 1.03530645 0.76481900 5.96611704 3.653516501761e-04 5.859272671672e-01 1.783504012573e+00 5.716072478362e-01 1.625138350060e+03
14 2 4 0.88107399 0.79748685 1.03530645 0.76481900 5.96611704 2.399369822441e-04 5.478495248719e-01 1.727986679359e+00 5.580118705487e-01 1.512951293004e+03
14 3 4 0.88107399 0.79748685 1.03530645 0.76481900 5.96611704 1.951817725154e-04 5.091879406270e-01 1.638940565992e+00 5.438524148354e-01 1.422982358811e+03
14 4 4 0.88107399 0.79748685 1.03530645 0.76481900 5.96611704 1.753770821897e-04 4.703854489267e-01 1.569735428961e+00 5.274608829608e-01 1.377852244698e+03
14 5 4 0.88107399 0.79748685 1.03530645 0.76481900 5.96611704 1.727445537202e-04 4.316206624922e-01 1.546068274009e+00 5.127402717505e-01 1.228938002398e+03
14 6 4 0.88107399 0.79748685 1.03530645 0.76481900 5.96611704 2.174158090818e-04 4.016616991598e-01 1.504737396309e+00 4.990226675844e-01 1.092561498826e+03
14 7 4 0.88107399 0.79748685 1.03530645 0.76481900 5.96611704 2.587402770355e-04 3.725688076981e-01 1.444184982841e+00 4.815850317566e-01 1.100026231094e+03
14 8 4 0.88107399 0.79748685 1.03530645 0.76481900 5.96611704 1.995819672961e-04 3.457014613048e-01 1.376710931039e+00 4.606697074635e-01 1.110171520695e+03
14 9 4 0.88107399 0.79748685 1.03530645 0.76481900 5.96611704 9.101055546157e-05 3.279969045992e-01 1.301228486592e+00 4.382101379421e-01 1.075097145143e+03
14 10 4 0.88107399 0.79748685 1.03530645 0.76481900 5.96611704 3.863492047519e-05 3.100626603998e-01 1.239870198107e+00 4.206734770059e-01 1.119401199006e+03
14 11 4 0.88107399 0.79748685 1.03530645 0.76481900 5.96611704 1.198232423766e-04 2.965633417988e-01 1.198580965266e+00 4.011494860109e-01 1.171486542489e+03
14 12 4 0.88107399 0.79748685 1.03530645 0.76481900 5.96611704 2.744125457977e-04 2.930273937737e-01 1.156193118664e+00 3.813830392892e-01 1.098215824104e+03
14 13 4 0.88107399 0.79748685 1.03530645 0.76481900 5.96611704 2.631235296026e-04 2.987985878120e-01 1.102646140929e+00 3.613704471475e-01 1.014395930208e+03
14 14 4 0.88107399 0.79748685 1.03530645 0.76481900 5.96611704 1.274414695030e-04 3.072579537147e-01 1.068975229740e+00 3.461092015489e-01 9.825252905501e+02
14 15 4 0.88107399 0.79748685 1.03530645 0.76481900 5.96611704 3.100967676429e-05 3.231402163987e-01 1.043021708072e+00 3.347605090305e-01 8.958826377007e+02
14 16 4 0.88107399 0.79748685 1.03530645 0.76481900 5.96611704 1.946735196630e-05 3.369058431737e-01 1.008096248185e+00 3.242108554726e-01 7.959994789460e+02
14 17 4 0.88107399 0.79748685 1.03530645 0.76481900 5.96611704 1.017705411355e-04 3.535473408370e-01 9.789646491398e-01 3.138414862744e-01 8.002566848470e+02
14 18 4 0.88107399 0.79748685 1.03530645 0.76481900 5.96611704 1.621539136068e-04 3.724277479609e-01 9.738266760351e-01 3.056769661090e-01 8.307126993853e+02
14 19 4 0.88107399 0.79748685 1.03530645 0.76481900 5.96611704 1.589985358201e-04 3.962050003965e-01 9.605732820340e-01 2.997623064621e-01 8.148050266404e+02
14 20 4 0.88107399 0.79748685 1.03530645 0.76481900 5.96611704 1.295986173071e-04 4.187416461244e-01 9.243449181042e-01 2.947426809691e-01 8.416590851916e+02
14 21 4 0.88107399 0.79748685 1.03530645 0.76481900 5.96611704 9.122465942921e-05 4.457255695803e-01 9.047273355419e-01 2.866216127875e-01 8.945768367171e+02
14 22 4 0.88107399 0.79748685 1.03530645 0.76481900 5.96611704 7.501198181548e-05 4.734294064558e-01 9.052164595753e-01 2.807275097264e-01 8.582618943814e+02
14 23 4 0.88107399 0.79748685 1.03530645 0.76481900 5.96611704 7.704189253200e-05 5.062128791258e-01 8.849054531319e-01 2.758333109186e-01 7.908670245762e+02
14 24 4 0.88107399 0.79748685 1.03530645 0.76481900 5.96611704 9.838953380912e-05 5.357709786196e-01 8.425745616802e-01 2.724350654017e-01 7.728079651022e+02
14 25 4 0.88107399 0.79748685 1.03530645 0.76481900 5.96611704 1.556246506006e-04 5.635660254190e-01 8.199253074219e-01 2.660167245399e-01 7.281481902020e+02
14 26 4 0.88107399 0.79748685 1.03530645 0.76481900 5.96611704 2.089288420594e-04 5.894650834382e-01 8.116786148553e-01 2.580038605873e-01 6.569020991030e+02
14 27 4 0.88107399 0.79748685 1.03530645 0.76481900 5.96611704 1.641031978093e-04 6.061368448714e-01 7.936964100466e-01 2.503982014027e-01 6.625157244748e+02
14 28 4 0.88107399 0.79748685 1.03530645 0.76481900 5.96611704 6.274766234921e-05 6.172026197441e-01 7.985929048847e-01 2.444755142926e-01 7.087914396365e+02
14 29 4 0.88107399 0.79748685 1.03530645 0.76481900 5.96611704 3.543692840787e-05 6.235489758973e-01 7.990384452523e-01 2.398156635639e-01 7.145419312694e+02
14 30 4 0.88107399 0.79748685 1.03530645 0.76481900 5.96611704 1.407007658207e-04 6.296898475562e-01 7.747721465500e-01 2.371451611313e-01 7.381586961062e+02
14 31 4 0.88107399 0.79748685 1.03530645 0.76481900 5.96611704 3.079637985350e-04 6.314229018883e-01 7.504340239022e-01 2.382687552692e-01 7.990827143992e+02
14 32 4 0.88107399 0.79748685 1.03530645 0.76481900 5.96611704 3.058981863226e-04 6.443568694259e-01 7.976484430752e-01 2.461026270935e-01 7.957597221593e+02
14 33 4 0.88107399 0.79748685 1.03530645 0.76481900 5.96611704 1.372750028601e-04 6.505625368639e-01 8.396155211707e-01 2.548484103897e-01 7.411586156255e+02
14 34 4 0.88107399 0.79748685 1.03530645 0.76481900 5.96611704 3.464291000014e-05 6.498316321838e-01 8.388687158146e-01 2.636079835082e-01 7.325883802373e+02
14 35 4 0.88107399 0.79748685 1.03530645 0.76481900 5.96611704 6.641878446713e-05 6.407891490806e-01 8.353762084155e-01 2.694095975304e-01 7.205944862280e+02
14 36 4 0.88107399 0.79748685 1.03530645 0.76481900 5.96611704 1.716869855199e-04 6.265578676711e-01 8.598247967493e-01 2.758703707916e-01 6.692517491604e+02
14 37 4 0.88107399 0.79748685 1.03530645 0.76481900 5.96611704 2.158939043471e-04 6.029492503831e-01 8.841072692434e-01 2.805848765499e-01 6.800652905091e+02
14 38 4 0.88107399 0.79748685 1.03530645 0.76481900 5.96611704 1.587112282917e-04 5.805737893659e-01 9.003589715038e-01 2.833578043046e-01 7.543723428960e+02
14 39 4 0.88107399 0.79748685 1.03530645 0.76481900 5.96611704 9.906427503806e-05 5.575454603008e-01 9.392841606752e-01 2.848775000679e-01 7.874227476132e+02
14 40 4 0.88107399 0.79748685 1.03530645 0.76481900 5.96611704 7.805636758532e-05 5.333708086908e-01 9.500939160076e-01 2.882516249153e-01 8.171145417520e+02
14 41 4 0.88107399 0.79748685 1.03530645 0.76481900 5.96611704 7.895170333187e-05 5.105760602548e-01 9.477364227471e-01 2.947172396043e-01 8.979178404829e+02
14 42 4 0.88107399 0.79748685 1.03530645 0.76481900 5.96611704 9.858858785070e-05 4.895280385755e-01 9.644163091859e-01 3.027703794065e-01 9.231841909175e+02
14 43 4 0.88107399 0.79748685 1.03530645 0.76481900 5.96611704 1.379510723302e-04 4.664593293883e-01 1.006620244108e+00 3.085047939560e-01 8.687371255754e+02
14 44 4 0.88107399 0.79748685 1.03530645 0.76481900 5.96611704 1.656688934386e-04 4.423241441783e-01 1.028059345586e+00 3.166659860919e-01 8.593750580905e+02
14 45 4 0.88107399 0.79748685 1.03530645 0.76481900 5.96611704 1.659610249989e-04 4.177986831513e-01 1.039966882611e+00 3.266225009128e-01 8.708798469068e+02
14 46 4 0.88107399 0.79748685 1.03530645 0.76481900 5.96611704 1.018232517386e-04 3.947273570093e-01 1.085676806793e+00 3.407601160888e-01 8.291633594621e+02
14 47 4 0.88107399 0.79748685 1.03530645 0.76481900 5.96611704 1.919451499509e-05 3.720165179490e-01 1.138845604347e+00 3.527250978618e-01 8.443197621548e+02
14 48 4 0.88107399 0.79748685 1.03530645 0.76481900 5.96611704 3.563497877293e-05 3.477694206005e-01 1.181811576896e+00 3.665108706880e-01 9.589748222226e+02
14 49 4 0.88107399 0.79748685 1.03530645 0.76481900 5.96611704 1.377082607987e-04 3.314189117763e-01 1.228404382619e+00 3.821810724997e-01 1.032413070314e+03
14 50 4 0.88107399 0.79748685 1.03530645 0.76481900 5.96611704 2.767637282714e-04 3.217285661974e-01 1.292372561484e+00 3.999427023961e-01 1.074743469654e+03
14 51 4 0.88107399 0.79748685 1.03530645 0.76481900 5.96611704 2.820518634417e-04 3.200849187885e-01 1.351613573439e+00 4.155364777404e-01 1.181685394100e+03
14 52 4 0.88107399 0.79748685 1.03530645 0.76481900 5.96611704 1.191115248631e-04 3.277290381144e-01 1.393499960377e+00 4.274800368021e-01 1.242316738870e+03
14 53 4 0.88107399 0.79748685 1.03530645 0.76481900 5.96611704 4.009897425525e-05 3.391338358459e-01 1.464873785278e+00 4.378799397729e-01 1.177972713391e+03
14 54 4 0.88107399 0.79748685 1.03530645 0.76481900 5.96611704 9.914245905571e-05 3.504144367218e-01 1.535020336243e+00 4.514335691565e-01 1.149587465470e+03
14 55 4 0.88107399 0.79748685 1.03530645 0.76481900 5.96611704 2.129130841407e-04 3.705104422683e-01 1.594558592905e+00 4.623151404665e-01 1.183509652403e+03
14 56 4 0.88107399 0.79748685 1.03530645 0.76481900 5.96611704 2.707543037008e-04 3.995962299384e-01 1.631763823309e+00 4.713785069954e-01 1.148748229627e+03
14 57 4 0.88107399 0.79748685 1.03530645 0.76481900 5.96611704 2.226852502555e-04 4.284749497191e-01 1.669409699579e+00 4.758750468094e-01 1.157209239421e+03
14 58 4 0.88107399 0.79748685 1.03530645 0.76481900 5.96611704 1.748718162632e-04 4.699533584086e-01 1.703251634304e+00 4.870193515711e-01 1.322310102133e+03
14 59 4 0.88107399 0.79748685 1.03530645 0.76481900 5.96611704 1.798269627793e-04 5.127584403029e-01 1.778395515270e+00 4.990053156275e-01 1.453652394334e+03
14 60 4 0.88107399 0.79748685 1.03530645 0.76481900 5.96611704 2.058302195256e-04 5.565176529146e-01 1.877965617100e+00 5.130948630854e-01 1.502094714331e+03
14 61 4 0.88107399 0.79748685 1.03530645 0.76481900 5.96611704 2.580126740902e-04 6.002247534115e-01 1.934005320863e+00 5.275495860842e-01 1.632142729698e+03
14 62 4 0.88107399 0.79748685 1.03530645 0.76481900 5.96611704 3.864563038450e-04 6.463978883278e-01 1.958114715061e+00 5.478181289621e-01 1.734676955214e+03
14 63 4 0.88107399 0.79748685 1.03530645 0.76481900 5.96611704 4.600227554377e-04 6.881778240083e-01 2.036322862651e+00 5.725716244869e-01 1.650984495732e+03
21 0 4 1.68256475 1.21444703 1.16711699 0.81723314 2.17677329 3.033362213160e+00 1.389103595631e+00 4.139371003583e+00 6.492188676253e-01 3.330281765840e+01
21 1 4 1.68256475 1.21444703 1.16711699 0.81723314 2.17677329 2.859148198908e+00 1.218822978155e+00 4.116512606173e+00 5.987937688108e-01 2.922661514009e+01
21 2 4 1.68256475 1.21444703 1.16711699 0.81723314 2.17677329 2.748797817999e+00 1.377991514188e+00 3.588381397160e+00 5.565779603194e-01 3.139167712638e+01
21 3 4 1.68256475 1.21444703 1.16711699 0.81723314 2.17677329 2.681956698599e+00 1.267984661467e+00 3.032792873383e+00 5.095631351475e-01 2.792537980306e+01
21 4 4 1.68256475 1.21444703 1.16711699 0.81723314 2.17677329 2.484878858608e+00 1.405775741955e+00 2.364416785744e+00 4.734038444861e-01 2.642211782999e+01
21 5 4 1.68256475 1.21444703 1.16711699 0.81723314 2.17677329 2.412809846181e+00 1.323794556973e+00 1.965844189228e+00 4.497715570693e-01 2.784194587084e+01
21 6 4 1.68256475 1.21444703 1.16711699 0.81723314 2.17677329 2.416861390793e+00 1.578809878337e+00 1.809817404264e+00 4.372639851514e-01 2.405544398027e+01
21 7 4 1.68256475 1.21444703 1.16711699 0.81723314 2.17677329 2.226417817389e+00 1.536670267920e+00 1.832062181416e+00 4.301508906744e-01 2.498747659831e+01
21 8 4 1.68256475 1.21444703 1.16711699 0.81723314 2.17677329 2.209070568165e+00 1.725451636543e+00 2.147217707230e+00 4.239618215694e-01 2.460851935799e+01
21 9 4 1.68256475 1.21444703 1.16711699 0.81723314 2.17677329 2.138092388694e+00 1.715118480715e+00 2.364700582749e+00 4.193036554296e-01 2.191747468452e+01
21 10 4 1.68256475 1.21444703 1.16711699 0.81723314 2.17677329 1.952750140298e+00 1.949645028648e+00 2.677270563112e+00 4.062461201698e-01 2.352120749044e+01
21 11 4 1.68256475 1.21444703 1.16711699 0.81723314 2.17677329 1.947414229936e+00 1.977318898469e+00 2.586580226891e+00 3.982016548725e-01 2.120850750094e+01
21 12 4 1.68256475 1.21444703 1.16711699 0.81723314 2.17677329 1.855923502865e+00 2.227139605717e+00 2.519589598809e+00 3.845668831432e-01 2.033019577756e+01
21 13 4 1.68256475 1.21444703 1.16711699 0.81723314 2.17677329 1.791956312076e+00 2.180861465544e+00 2.086307337396e+00 3.882471434720e-01 2.165624135458e+01
21 14 4 1.68256475 1.21444703 1.16711699 0.81723314 2.17677329 1.766576961777e+00 2.334429435134e+00 1.799687271817e+00 3.852045086483e-01 1.875260159906e+01
21 15 4 1.68256475 1.21444703 1.16711699 0.81723314 2.17677329 1.685795261948e+00 2.305238419783e+00 1.371384644969e+00 3.893137574459e-01 1.969283536213e+01
21 16 4 1.68256475 1.21444703 1.16711699 0.81723314 2.17677329 1.584292941004e+00 2.448632382076e+00 1.290440306682e+00 3.847938383724e-01 1.910040195212e+01
21 17 4 1.68256475 1.21444703 1.16711699 0.81723314 2.17677329 1.582884636626e+00 2.421380979158e+00 1.228493761676e+00 3.826570080992e-01 1.724324042775e+01
21 18 4 1.68256475 1.21444703 1.16711699 0.81723314 2.17677329 1.450246735688e+00 2.601600134164e+00 1.545537222223e+00 3.694223416979e-01 1.854007597149e+01
21 19 4 1.68256475 1.21444703 1.16711699 0.81723314 2.17677329 1.462392924134e+00 2.599737935140e+00 1.709656653530e+00 3.586432601652e-01 1.671544421662e+01
21 20 4 1.68256475 1.21444703 1.16711699 0.81723314 2.17677329 1.458779888402e+00 2.688053841439e+00 2.014752152928e+00 3.411625543105e-01 1.635677196471e+01
21 21 4 1.68256475 1.21444703 1.16711699 0.81723314 2.17677329 1.359219784452e+00 2.711434331317e+00 1.968984488534e+00 3.293942434945e-01 1.738497904740e+01
21 22 4 1.68256475 1.21444703 1.16711699 0.81723314 2.17677329 1.356614694807e+00 2.900302567279e+00 1.967656281755e+00 3.124754564529e-01 1.515955557865e+01
21 23 4 1.68256475 1.21444703 1.16711699 0.81723314 2.17677329 1.334076768949e+00 2.866588625744e+00 1.651104656210e+00 2.983668141141e-01 1.605598896682e+01
21 24 4 1.68256475 1.21444703 1.16711699 0.81723314 2.17677329 1.233714902120e+00 2.893696065481e+00 1.459808319914e+00 2.851763876606e-01 1.590317014269e+01
21 25 4 1.68256475 1.21444703 1.16711699 0.81723314 2.17677329 1.264580178482e+00 2.934972641683e+00 1.109532972555e+00 2.746892501326e-01 1.446418678284e+01
21 26 4 1.68256475 1.21444703 1.16711699 0.81723314 2.17677329 1.277674218562e+00 2.990393072760e+00 1.024434333722e+00 2.607934811032e-01 1.601622211588e+01
21 27 4 1.68256475 1.21444703 1.16711699 0.81723314 2.17677329 1.217134582619e+00 2.934056634181e+00 1.000338395790e+00 2.468585456383e-01 1.456564690656e+01
21 28 4 1.68256475 1.21444703 1.16711699 0.81723314 2.17677329 1.263969476795e+00 2.960999423732e+00 1.147741343199e+00 2.332712843047e-01 1.446580722043e+01
21 29 4 1.68256475 1.21444703 1.16711699 0.81723314 2.17677329 1.222892023090e+00 2.989929776943e+00 1.298340547981e+00 2.228914336442e-01 1.542166311138e+01
21 30 4 1.68256475 1.21444703 1.16711699 0.81723314 2.17677329 1.204416519202e+00 2.950782386645e+00 1.457015531446e+00 2.226778644957e-01 1.382430336389e+01
21 31 4 1.68256475 1.21444703 1.16711699 0.81723314 2.17677329 1.215687313165e+00 2.885606112815e+00 1.561434085702e+00 2.288337455092e-01 1.477237339292e+01
21 32 4 1.68256475 1.21444703 1.16711699 0.81723314 2.17677329 1.241725216823e+00 3.024363805237e+00 1.668179002756e+00 2.520841713971e-01 1.515059828802e+01
21 33 4 1.68256475 1.21444703 1.16711699 0.81723314 2.17677329 1.236760745972e+00 3.133253226613e+00 1.667465242762e+00 2.731028614859e-01 1.425547073432e+01
21 34 4 1.68256475 1.21444703 1.16711699 0.81723314 2.17677329 1.323571515569e+00 3.113758858552e+00 1.480896603048e+00 2.978476614059e-01 1.613476291206e+01
21 35 4 1.68256475 1.21444703 1.16711699 0.81723314 2.17677329 1.260150071392e+00 3.101974063642e+00 1.278806218550e+00 3.112298577881e-01 1.505953942769e+01
21 36 4 1.68256475 1.21444703 1.16711699 0.81723314 2.17677329 1.317195490337e+00 3.132788988338e+00 1.080321330773e+00 3.251962214841e-01 1.546243379775e+01
21 37 4 1.68256475 1.21444703 1.16711699 0.81723314 2.17677329 1.348063169932e+00 3.127098359118e+00 1.103786519241e+00 3.281191683306e-01 1.677908461087e+01
21 38 4 1.68256475 1.21444703 1.16711699 0.81723314 2.17677329 1.319286842041e+00 3.024009120583e+00 1.208668240252e+00 3.355532696315e-01 1.526139629850e+01
21 39 4 1.68256475 1.21444703 1.16711699 0.81723314 2.17677329 1.428648852196e+00 3.064117231018e+00 1.536918455836e+00 3.372410940336e-01 1.698306358227e+01
21 40 4 1.68256475 1.21444703 1.16711699 0.81723314 2.17677329 1.488091732995e+00 3.002979505086e+00 1.715811063226e+00 3.465439623183e-01 1.715551188717e+01
21 41 4 1.68256475 1.21444703 1.16711699 0.81723314 2.17677329 1.462965787342e+00 2.939572040814e+00 2.060834894539e+00 3.493624099668e-01 1.654898059541e+01
21 42 4 1.68256475 1.21444703 1.16711699 0.81723314 2.17677329 1.561092095340e+00 2.795530424712e+00 2.048305111910e+00 3.524932264460e-01 1.883664651744e+01
21 43 4 1.68256475 1.21444703 1.16711699 0.81723314 2.17677329 1.587839030218e+00 2.882477076876e+00 2.094621059387e+00 3.526149843435e-01 1.770263253163e+01
21 44 4 1.68256475 1.21444703 1.16711699 0.81723314 2.17677329 1.580365336505e+00 2.751405164983e+00 1.767300112697e+00 3.544757217868e-01 1.860088961894e+01
21 45 4 1.68256475 1.21444703 1.16711699 0.81723314 2.17677329 1.703136413566e+00 2.738765566923e+00 1.629041810599e+00 3.509163918339e-01 2.063027476923e+01
21 46 4 1.68256475 1.21444703 1.16711699 0.81723314 2.17677329 1.774422892653e+00 2.595392660184e+00 1.346522142730e+00 3.495227682071e-01 1.894696770547e+01
21 47 4 1.68256475 1.21444703 1.16711699 0.81723314 2.17677329 1.795312216753e+00 2.632714201544e+00 1.442621822968e+00 3.478552075067e-01 2.138879781720e+01
21 48 4 1.68256475 1.21444703 1.16711699 0.81723314 2.17677329 1.931719911135e+00 2.437800866457e+00 1.478219341586e+00 3.524359376740e-01 2.177487897109e+01
21 49 4 1.68256475 1.21444703 1.16711699 0.81723314 2.17677329 1.914998783817e+00 2.448297343862e+00 1.877348295102e+00 3.635447122334e-01 2.100400365261e+01
21 50 4 1.68256475 1.21444703 1.16711699 0.81723314 2.17677329 1.997261080051e+00 2.220739274531e+00 2.139828988168e+00 3.772608598007e-01 2.418693839695e+01
21 51 4 1.68256475 1.21444703 1.16711699 0.81723314 2.17677329 2.095052911311e+00 2.164377052310e+00 2.615381512989e+00 4.036621081788e-01 2.291107644135e+01
21 52 4 1.68256475 1.21444703 1.16711699 0.81723314 2.17677329 2.138277092692e+00 1.868866349519e+00 2.761225936072e+00 4.236973744283e-01 2.442733690346e+01
21 53 4 1.68256475 1.21444703 1.16711699 0.81723314 2.17677329 2.282918273164e+00 1.890539017659e+00 2.928486735072e+00 4.471293912013e-01 2.708157522141e+01
21 54 4 1.68256475 1.21444703 1.16711699 0.81723314 2.17677329 2.396501156908e+00 1.643527713565e+00 2.685230972796e+00 4.613285880836e-01 2.511558149488e+01
21 55 4 1.68256475 1.21444703 1.16711699 0.81723314 2.17677329 2.398230816240e+00 1.703403621698e+00 2.514423303668e+00 4.890410410167e-01 2.853517974618e+01
21 56 4 1.68256475 1.21444703 1.16711699 0.81723314 2.17677329 2.544096731598e+00 1.467497777589e+00 2.201056794290e+00 5.132907980886e-01 2.904633044195e+01
21 57 4 1.68256475 1.21444703 1.16711699 0.81723314 2.17677329 2.650041736972e+00 1.487686672255e+00 2.098480072942e+00 5.566186801861e-01 2.864271971376e+01
21 58 4 1.68256475 1.21444703 1.16711699 0.81723314 2.17677329 2.670955341578e+00 1.269794212374e+00 2.190275414366e+00 5.944533658984e-01 3.324780344751e+01
21 59 4 1.68256475 1.21444703 1.16711699 0.81723314 2.17677329 2.916616820028e+00 1.417930083039e+00 2.550745231119e+00 6.475282260331e-01 3.166500423797e+01
21 60 4 1.68256475 1.21444703 1.16711699 0.81723314 2.17677329 3.036562593403e+00 1.223057289553e+00 3.196026774065e+00 6.847759401693e-01 3.418405065654e+01
21 61 4 1.68256475 1.21444703 1.16711699 0.81723314 2.17677329 3.100208184914e+00 1.323442228890e+00 3.658473561826e+00 7.156065653884e-01 3.750737911582e+01
21 62 4 1.68256475 1.21444703 1.16711699 0.81723314 2.17677329 3.310840236339e+00 1.208223271845e+00 4.177352089622e+00 7.325860846627e-01 3.480097568390e+01
21 63 4 1.68256475 1.21444703 1.16711699 0.81723314 2.17677329 3.417811944070e+00 1.389399830446e+00 4.131911267313e+00 7.456104992143e-01 3.957359611997e+01
25 0 4 0.89008722 1.18787081 2.46465746 1.33255698 2.46430306 1.208448664601e+00 3.229603409645e+00 4.822695567345e+01 5.903690140734e+00 5.841490606995e+01
25 1 4 0.89008722 1.18787081 2.46465746 1.33255698 2.46430306 8.970523721016e-01 3.691931834467e+00 4.753533112440e+01 5.669968949123e+00 5.590241694439e+01
25 2 4 0.89008722 1.18787081 2.46465746 1.33255698 2.46430306 7.550807452795e-01 3.765028844416e+00 4.228048235401e+01 5.451989338820e+00 5.421252971055e+01
25 3 4 0.89008722 1.18787081 2.46465746 1.33255698 2.46430306 8.578655410088e-01 3.135283401647e+00 3.757938068289e+01 5.261956607801e+00 5.213594151261e+01
25 4 4 0.89008722 1.18787081 2.46465746 1.33255698 2.46430306 1.067660281920e+00 2.538638224512e+00 3.994256030181e+01 4.997793885273e+00 5.088213087589e+01
25 5 4 0.89008722 1.18787081 2.46465746 1.33255698 2.46430306 1.171006585559e+00 2.678915102293e+00 3.676642505073e+01 4.856037414972e+00 4.847362488345e+01
25 6 4 0.89008722 1.18787081 2.46465746 1.33255698 2.46430306 1.099218431840e+00 3.071855250285e+00 3.875578501862e+01 4.711504624559e+00 4.739476558915e+01
25 7 4 0.89008722 1.18787081 2.46465746 1.33255698 2.46430306 8.936831749995e-01 3.313795095885e+00 4.293048842243e+01 4.485957998326e+00 4.508497349393e+01
25 8 4 0.89008722 1.18787081 2.46465746 1.33255698 2.46430306 6.779503711936e-01 2.794959238740e+00 4.150763131620e+01 4.294394581393e+00 4.368473442337e+01
25 9 4 0.89008722 1.18787081 2.46465746 1.33255698 2.46430306 6.179939830655e-01 2.219235848035e+00 4.632121195617e+01 4.086745245018e+00 4.172731514651e+01
25 10 4 0.89008722 1.18787081 2.46465746 1.33255698 2.46430306 7.389389355597e-01 2.243612277513e+00 4.728694371302e+01 3.837288142909e+00 4.061430349508e+01
25 11 4 0.89008722 1.18787081 2.46465746 1.33255698 2.46430306 8.826495995762e-01 2.618727302675e+00 4.478985203918e+01 3.672687864641e+00 3.899098470012e+01
25 12 4 0.89008722 1.18787081 2.46465746 1.33255698 2.46430306 8.985975449864e-01 2.870532356846e+00 4.812907351244e+01 3.503950087184e+00 3.804869305350e+01
25 13 4 0.89008722 1.18787081 2.46465746 1.33255698 2.46430306 7.523131715568e-01 2.356405149078e+00 4.557569378258e+01 3.322402267413e+00 3.660766863309e+01
25 14 4 0.89008722 1.18787081 2.46465746 1.33255698 2.46430306 5.617829231249e-01 1.863617078767e+00 4.234194287779e+01 3.190960780392e+00 3.551912302993e+01
25 15 4 0.89008722 1.18787081 2.46465746 1.33255698 2.46430306 4.701795999490e-01 1.997233717676e+00 4.284181366314e+01 3.000539532725e+00 3.401601400309e+01
25 16 4 0.89008722 1.18787081 2.46465746 1.33255698 2.46430306 5.201795561200e-01 2.488637760669e+00 3.651850826359e+01 2.819168611838e+00 3.301311739808e+01
25 17 4 0.89008722 1.18787081 2.46465746 1.33255698 2.46430306 6.298578054940e-01 2.736717391675e+00 3.336478042127e+01 2.665415823225e+00 3.152923862842e+01
25 18 4 0.89008722 1.18787081 2.46465746 1.33255698 2.46430306 7.039890882069e-01 2.150456630747e+00 3.165348723825e+01 2.498454286316e+00 3.047743601563e+01
25 19 4 0.89008722 1.18787081 2.46465746 1.33255698 2.46430306 6.697577981783e-01 1.618911037766e+00 2.577467151367e+01 2.405121573096e+00 2.917596057220e+01
25 20 4 0.89008722 1.18787081 2.46465746 1.33255698 2.46430306 5.497465769521e-01 1.718218061158e+00 2.472304691371e+01 2.332238638464e+00 2.857459232881e+01
25 21 4 0.89008722 1.18787081 2.46465746 1.33255698 2.46430306 4.236778049823e-01 2.227358326429e+00 2.298581068667e+01 2.213737509604e+00 2.788895122362e+01
25 22 4 0.89008722 1.18787081 2.46465746 1.33255698 2.46430306 3.842928837384e-01 2.442430298712e+00 2.016343358931e+01 2.146617816186e+00 2.741962489724e+01
25 23 4 0.89008722 1.18787081 2.46465746 1.33255698 2.46430306 4.583161065048e-01 1.861186444424e+00 2.222450957475e+01 2.081824003846e+00 2.681627616474e+01
25 24 4 0.89008722 1.18787081 2.46465746 1.33255698 2.46430306 5.673257814288e-01 1.440100599964e+00 2.149027915729e+01 2.019602051535e+00 2.641936714060e+01
25 25 4 0.89008722 1.18787081 2.46465746 1.33255698 2.46430306 6.044323281132e-01 1.669286396718e+00 2.209438834201e+01 1.986406765979e+00 2.602989282073e+01
25 26 4 0.89008722 1.18787081 2.46465746 1.33255698 2.46430306 5.368572287338e-01 2.223978413061e+00 2.596193977181e+01 1.966639026529e+00 2.575609516551e+01
25 27 4 0.89008722 1.18787081 2.46465746 1.33255698 2.46430306 4.133397449765e-01 2.310517603326e+00 2.569565802610e+01 1.926464539368e+00 2.539097456018e+01
25 28 4 0.89008722 1.18787081 2.46465746 1.33255698 2.46430306 3.409887674518e-01 1.666257111518e+00 2.843909010963e+01 1.887978211492e+00 2.503815062716e+01
25 29 4 0.89008722 1.18787081 2.46465746 1.33255698 2.46430306 3.630162961839e-01 1.280156721549e+00 3.133589431230e+01 1.864804783112e+00 2.477189644897e+01
25 30 4 0.89008722 1.18787081 2.46465746 1.33255698 2.46430306 4.416494248503e-01 1.547792977623e+00 2.994063659220e+01 1.855001090678e+00 2.456934606190e+01
25 31 4 0.89008722 1.18787081 2.46465746 1.33255698 2.46430306 5.211228442078e-01 2.095074996920e+00 3.203148280443e+01 1.873458382222e+00 2.431133730796e+01
25 32 4 0.89008722 1.18787081 2.46465746 1.33255698 2.46430306 5.580275439682e-01 2.166208724128e+00 3.301931274862e+01 1.971388741750e+00 2.508184218363e+01
25 33 4 0.89008722 1.18787081 2.46465746 1.33255698 2.46430306 4.995462816671e-01 1.618669166383e+00 3.098311888620e+01 2.071612575638e+00 2.561666018608e+01
25 34 4 0.89008722 1.18787081 2.46465746 1.33255698 2.46430306 3.953493420135e-01 1.395772134457e+00 3.232373329699e+01 2.161529612485e+00 2.601412974190e+01
25 35 4 0.89008722 1.18787081 2.46465746 1.33255698 2.46430306 3.585241626290e-01 1.817238489378e+00 2.947225015606e+01 2.234865295351e+00 2.643854267222e+01
25 36 4 0.89008722 1.18787081 2.46465746 1.33255698 2.46430306 4.445292681159e-01 2.407352067788e+00 2.685926463814e+01 2.310490457689e+00 2.677603781059e+01
25 37 4 0.89008722 1.18787081 2.46465746 1.33255698 2.46430306 5.846460271021e-01 2.276597804157e+00 2.708479160352e+01 2.366286562499e+00 2.721722646725e+01
25 38 4 0.89008722 1.18787081 2.46465746 1.33255698 2.46430306 6.613387456359e-01 1.646748923610e+00 2.353353775305e+01 2.434869323650e+00 2.752298788712e+01
25 39 4 0.89008722 1.18787081 2.46465746 1.33255698 2.46430306 6.161694766803e-01 1.465767414736e+00 2.286140347715e+01 2.550083018387e+00 2.827895187665e+01
25 40 4 0.89008722 1.18787081 2.46465746 1.33255698 2.46430306 4.973469007904e-01 1.941191813656e+00 2.357380067950e+01 2.655549150410e+00 2.881487839455e+01
25 41 4 0.89008722 1.18787081 2.46465746 1.33255698 2.46430306 4.110090864270e-01 2.510535964583e+00 2.118626278037e+01 2.762548138756e+00 2.968179787153e+01
25 42 4 0.89008722 1.18787081 2.46465746 1.33255698 2.46430306 4.448752725398e-01 2.319754844550e+00 2.430554979998e+01 2.903910978838e+00 3.035867775414e+01
25 43 4 0.89008722 1.18787081 2.46465746 1.33255698 2.46430306 5.842189124896e-01 1.795460902262e+00 2.590265557068e+01 3.024262656947e+00 3.148457689853e+01
25 44 4 0.89008722 1.18787081 2.46465746 1.33255698 2.46430306 7.391825975017e-01 1.750994866060e+00 2.672103341176e+01 3.134050396140e+00 3.261079316629e+01
25 45 4 0.89008722 1.18787081 2.46465746 1.33255698 2.46430306 7.905519076861e-01 2.268419570467e+00 3.291258410616e+01 3.327471880715e+00 3.402453279468e+01
25 46 4 0.89008722 1.18787081 2.46465746 1.33255698 2.46430306 6.899210237861e-01 2.787156676529e+00 3.451595641390e+01 3.494441994445e+00 3.493147604430e+01
25 47 4 0.89008722 1.18787081 2.46465746 1.33255698 2.46430306 5.259071132663e-01 2.461937014059e+00 3.796979886196e+01 3.638712481696e+00 3.618734402734e+01
25 48 4 0.89008722 1.18787081 2.46465746 1.33255698 2.46430306 4.769490241910e-01 1.954476474443e+00 4.467488792669e+01 3.785258340352e+00 3.683147229248e+01
25 49 4 0.89008722 1.18787081 2.46465746 1.33255698 2.46430306 6.150115080353e-01 1.952651700017e+00 4.403941481478e+01 3.890494377939e+00 3.828873686784e+01
25 50 4 0.89008722 1.18787081 2.46465746 1.33255698 2.46430306 8.501061723314e-01 2.521394559650e+00 4.793201174637e+01 3.991806871366e+00 3.890508454110e+01
25 51 4 0.89008722 1.18787081 2.46465746 1.33255698 2.46430306 9.991405958708e-01 3.046444332757e+00 5.173570250187e+01 4.165244284638e+00 4.042815250470e+01
25 52 4 0.89008722 1.18787081 2.46465746 1.33255698 2.46430306 9.419505015513e-01 2.772117980807e+00 4.857994462841e+01 4.273564357662e+00 4.124044295111e+01
25 53 4 0.89008722 1.18787081 2.46465746 1.33255698 2.46430306 7.533266395781e-01 2.437175233584e+00 5.173174552588e+01 4.460447933246e+00 4.308413029808e+01
25 54 4 0.89008722 1.18787081 2.46465746 1.33255698 2.46430306 6.173091932156e-01 2.453052111954e+00 5.025754219600e+01 4.633959814844e+00 4.429340703436e+01
25 55 4 0.89008722 1.18787081 2.46465746 1.33255698 2.46430306 6.602580136575e-01 2.937233679284e+00 4.438580259031e+01 4.719019186222e+00 4.624852669693e+01
25 56 4 0.89008722 1.18787081 2.46465746 1.33255698 2.46430306 8.674070287958e-01 3.355387682005e+00 4.614518950914e+01 4.866500410327e+00 4.745322392952e+01
25 57 4 0.89008722 1.18787081 2.46465746 1.33255698 2.46430306 1.098707611323e+00 3.102821839076e+00 4.189867510480e+01 4.970251272062e+00 4.925326973562e+01
25 58 4 0.89008722 1.18787081 2.46465746 1.33255698 2.46430306 1.184516314055e+00 2.847317184538e+00 3.925109567768e+01 5.048953711671e+00 5.036069705448e+01
25 59 4 0.89008722 1.18787081 2.46465746 1.33255698 2.46430306 1.025417896730e+00 2.817218723284e+00 4.273882897071e+01 5.269237141199e+00 5.246018599814e+01
25 60 4 0.89008722 1.18787081 2.46465746 1.33255698 2.46430306 7.673274875489e-01 3.302815240118e+00 3.936682250711e+01 5.427889737618e+00 5.336766309853e+01
25 61 4 0.89008722 1.18787081 2.46465746 1.33255698 2.46430306 6.915231674996e-01 3.763779255709e+00 4.344013343397e+01 5.564869784032e+00 5.579774524149e+01
25 62 4 0.89008722 1.18787081 2.46465746 1.33255698 2.46430306 9.077988817783e-01 3.562166540791e+00 4.892846757297e+01 5.727489900043e+00 5.723536206647e+01
25 63 4 0.89008722 1.18787081 2.46465746 1.33255698 2.46430306 1.242758713835e+00 3.235287333468e+00 4.990382888943e+01 5.874019581717e+00 5.911449690956e+01
26 0 4 0.68688318 0.71836624 1.07686860 0.83021271 2.47380393 3.562868905221e-01 5.995528050205e-04 3.471299369970e-03 1.255319608634e-09 5.869148478997e+01
26 1 4 0.68688318 0.71836624 1.07686860 0.83021271 2.47380393 3.456544956878e-01 5.248414911740e-04 2.667112171933e-03 1.404802971446e-09 5.703089081076e+01
26 2 4 0.68688318 0.71836624 1.07686860 0.83021271 2.47380393 3.330499591010e-01 5.357501273090e-04 2.174718190031e-03 1.553646216121e-09 5.514031593692e+01
26 3 4 0.68688318 0.71836624 1.07686860 0.83021271 2.47380393 3.203148649859e-01 5.879015615588e-04 1.766929571259e-03 1.700916387161e-09 5.215241441868e+01
26 4 4 0.68688318 0.71836624 1.07686860 0.83021271 2.47380393 3.090034222389e-01 6.156071075207e-04 1.543147401216e-03 1.845804160505e-09 5.045669931530e+01
26 5 4 0.68688318 0.71836624 1.07686860 0.83021271 2.47380393 3.003194137934e-01 6.711061122646e-04 1.736353446564e-03 1.987573240085e-09 4.887005951484e+01
26 6 4 0.68688318 0.71836624 1.07686860 0.83021271 2.47380393 2.908748612834e-01 6.581914058133e-04 1.106492486054e-03 2.125514247438e-09 4.607626911661e+01
26 7 4 0.68688318 0.71836624 1.07686860 0.83021271 2.47380393 2.778913798357e-01 6.350975841896e-04 3.509782695910e-04 2.258905153311e-09 4.403403700583e+01
26 8 4 0.68688318 0.71836624 1.07686860 0.83021271 2.47380393 2.667488646266e-01 6.193857044661e-04 4.600563067595e-04 2.386979918660e-09 4.265054712005e+01
26 9 4 0.68688318 0.71836624 1.07686860 0.83021271 2.47380393 2.602729833018e-01 6.926258084955e-04 4.330421306107e-04 2.508906574800e-09 4.059447009463e+01
26 10 4 0.68688318 0.71836624 1.07686860 0.83021271 2.47380393 2.519393669618e-01 6.701511272710e-04 4.390043963168e-04 2.623775496856e-09 3.921423073194e+01
26 11 4 0.68688318 0.71836624 1.07686860 0.83021271 2.47380393 2.399899368209e-01 5.286330846671e-04 3.149138605051e-04 2.730598130424e-09 3.834114392546e+01
26 12 4 0.68688318 0.71836624 1.07686860 0.83021271 2.47380393 2.308603970424e-01 4.021167831306e-04 1.173977261140e-04 2.828315938286e-09 3.626314677771e+01
26 13 4 0.68688318 0.71836624 1.07686860 0.83021271 2.47380393 2.251017013696e-01 4.112865807611e-04 1.639382969094e-04 2.915818861774e-09 3.453238060544e+01
26 14 4 0.68688318 0.71836624 1.07686860 0.83021271 2.47380393 2.176939320443e-01 4.531071861090e-04 3.183391813182e-04 2.991972158526e-09 3.370133685213e+01
26 15 4 0.68688318 0.71836624 1.07686860 0.83021271 2.47380393 2.088376866179e-01 3.683509995603e-04 5.510538912814e-04 3.055650101997e-09 3.212462968030e+01
26 16 4 0.68688318 0.71836624 1.07686860 0.83021271 2.47380393 2.015077473244e-01 3.003695976635e-04 5.401458568775e-04 3.105774722609e-09 3.089791821563e+01
26 17 4 0.68688318 0.71836624 1.07686860 0.83021271 2.47380393 1.957549209832e-01 3.628246522830e-04 5.412730721883e-04 3.141357547886e-09 3.040492454593e+01
26 18 4 0.68688318 0.71836624 1.07686860 0.83021271 2.47380393 1.907013366159e-01 5.511482368071e-04 7.398927481305e-04 3.161542167573e-09 2.918677960878e+01
26 19 4 0.68688318 0.71836624 1.07686860 0.83021271 2.47380393 1.852659459572e-01 7.123061404890e-04 6.626593784742e-04 3.165645414489e-09 2.820383781944e+01
26 20 4 0.68688318 0.71836624 1.07686860 0.83021271 2.47380393 1.789251737377e-01 8.653067434252e-04 8.894652423360e-04 3.153195013813e-09 2.787083880477e+01
26 21 4 0.68688318 0.71836624 1.07686860 0.83021271 2.47380393 1.742394491500e-01 1.083013082859e-03 1.243487559881e-03 3.123961709642e-09 2.685188405160e+01
26 22 4 0.68688318 0.71836624 1.07686860 0.83021271 2.47380393 1.722522822553e-01 1.357772612069e-03 1.627896097391e-03 3.077984121559e-09 2.579973617268e+01
26 23 4 0.68688318 0.71836624 1.07686860 0.83021271 2.47380393 1.691383756591e-01 1.670473321744e-03 1.762809475720e-03 3.015584905436e-09 2.550683355552e+01
26 24 4 0.68688318 0.71836624 1.07686860 0.83021271 2.47380393 1.641758898683e-01 1.888871429278e-03 1.650382110444e-03 2.937377178517e-09 2.502967520011e+01
26 25 4 0.68688318 0.71836624 1.07686860 0.83021271 2.47380393 1.618136788900e-01 1.976161210569e-03 1.238581511582e-03 2.844260603249e-09 2.452273027434e+01
26 26 4 0.68688318 0.71836624 1.07686860 0.83021271 2.47380393 1.620461717951e-01 1.813918817608e-03 1.259994047577e-03 2.737406989329e-09 2.463012945297e+01
26 27 4 0.68688318 0.71836624 1.07686860 0.83021271 2.47380393 1.606668639364e-01 1.621852970791e-03 2.099572789448e-03 2.618235749972e-09 2.433113998478e+01
26 28 4 0.68688318 0.71836624 1.07686860 0.83021271 2.47380393 1.583090808904e-01 1.474943862013e-03 2.472715298177e-03 2.488380016480e-09 2.365460638332e+01
26 29 4 0.68688318 0.71836624 1.07686860 0.83021271 2.47380393 1.581830548426e-01 1.389747460099e-03 2.769362792700e-03 2.349644655358e-09 2.375344700518e+01
26 30 4 0.68688318 0.71836624 1.07686860 0.83021271 2.47380393 1.595436964675e-01 1.133645003296e-03 2.242637166426e-03 2.203957825545e-09 2.376385019440e+01
26 31 4 0.68688318 0.71836624 1.07686860 0.83021271 2.47380393 1.605448085278e-01 8.328421177573e-04 1.431873715460e-03 2.053318042934e-09 2.341848795273e+01
26 32 4 0.68688318 0.71836624 1.07686860 0.83021271 2.47380393 1.613021977811e-01 7.158682815986e-04 1.435249130975e-03 1.899738970390e-09 2.383745998439e+01
26 33 4 0.68688318 0.71836624 1.07686860 0.83021271 2.47380393 1.623690998927e-01 8.650526537636e-04 2.264111424692e-03 1.745194312247e-09 2.416087038785e+01
26 34 4 0.68688318 0.71836624 1.07686860 0.83021271 2.47380393 1.648659894958e-01 1.066903559712e-03 2.795960776940e-03 1.591565254374e-09 2.408389761014e+01
26 35 4 0.68688318 0.71836624 1.07686860 0.83021271 2.47380393 1.690021444451e-01 1.139461008556e-03 2.521910654578e-03 1.440592849853e-09 2.471497242441e+01
26 36 4 0.68688318 0.71836624 1.07686860 0.83021271 2.47380393 1.721074882336e-01 1.239716522513e-03 2.174019495949e-03 1.293837605524e-09 2.517504815336e+01
26 37 4 0.68688318 0.71836624 1.07686860 0.83021271 2.47380393 1.738849165848e-01 1.419830882796e-03 1.294917804802e-03 1.152648279772e-09 2.505576094570e+01
26 38 4 0.68688318 0.71836624 1.07686860 0.83021271 2.47380393 1.783160515375e-01 1.648005265288e-03 1.283817184531e-03 1.018141564515e-09 2.562671846916e+01
26 39 4 0.68688318 0.71836624 1.07686860 0.83021271 2.47380393 1.851219031163e-01 1.680645053119e-03 1.728769368096e-03 8.911939058328e-10 2.645957491512e+01
26 40 4 0.68688318 0.71836624 1.07686860 0.83021271 2.47380393 1.896176598243e-01 1.578090602792e-03 1.837323033222e-03 7.724462328640e-10 2.691943344304e+01
26 41 4 0.68688318 0.71836624 1.07686860 0.83021271 2.47380393 1.928688925698e-01 1.338548687588e-03 1.710206936422e-03 6.623218312488e-10 2.790777500812e+01
26 42 4 0.68688318 0.71836624 1.07686860 0.83021271 2.47380393 1.993115817398e-01 1.102082274975e-03 1.318221032561e-03 5.610570354919e-10 2.902608091883e+01
26 43 4 0.68688318 0.71836624 1.07686860 0.83021271 2.47380393 2.073094408451e-01 8.772141504340e-04 9.398876114790e-04 4.687438457967e-10 2.938071003789e+01
26 44 4 0.68688318 0.71836624 1.07686860 0.83021271 2.47380393 2.134429050862e-01 7.253416441671e-04 7.130906471679e-04 3.853830214790e-10 3.019875178648e+01
26 45 4 0.68688318 0.71836624 1.07686860 0.83021271 2.47380393 2.190923122240e-01 5.645152648405e-04 7.896441500395e-04 3.109456873350e-10 3.160755638422e+01
26 46 4 0.68688318 0.71836624 1.07686860 0.83021271 2.47380393 2.261877730663e-01 3.571717772183e-04 5.746693683847e-04 2.454410327015e-10 3.226472575238e+01
26 47 4 0.68688318 0.71836624 1.07686860 0.83021271 2.47380393 2.345689543805e-01 2.016137012574e-04 5.733311261464e-04 1.889873050481e-10 3.333134806327e+01
26 48 4 0.68688318 0.71836624 1.07686860 0.83021271 2.47380393 2.435472462286e-01 1.742184630405e-04 5.755391862564e-04 1.418830179617e-10 3.515254624025e+01
26 49 4 0.68688318 0.71836624 1.07686860 0.83021271 2.47380393 2.511466720985e-01 2.229718775852e-04 3.450110626798e-04 1.046751212963e-10 3.613040279621e+01
26 50 4 0.68688318 0.71836624 1.07686860 0.83021271 2.47380393 2.575399794340e-01 1.905846529469e-04 1.724501736014e-04 7.822082922990e-11 3.749549787791e+01
26 51 4 0.68688318 0.71836624 1.07686860 0.83021271 2.47380393 2.671170733704e-01 1.535819935038e-04 1.120981086818e-04 6.373987597279e-11 3.954936754926e+01
26 52 4 0.68688318 0.71836624 1.07686860 0.83021271 2.47380393 2.791750572279e-01 2.071377988035e-04 3.094335562951e-04 6.285417028777e-11 4.038439397693e+01
26 53 4 0.68688318 0.71836624 1.07686860 0.83021271 2.47380393 2.873820194449e-01 3.159182426969e-04 4.281953442929e-04 7.761214551031e-11 4.146928017099e+01
26 54 4 0.68688318 0.71836624 1.07686860 0.83021271 2.47380393 2.937666250238e-01 3.539351322894e-04 4.418217737994e-04 1.104955434497e-10 4.374915343199e+01
26 55 4 0.68688318 0.71836624 1.07686860 0.83021271 2.47380393 3.054388248250e-01 3.066881330029e-04 4.569406793020e-04 1.644069158856e-10 4.536725937779e+01
26 56 4 0.68688318 0.71836624 1.07686860 0.83021271 2.47380393 3.189963385902e-01 3.028361725864e-04 3.400910075073e-04 2.426367598215e-10 4.709733534233e+01
26 57 4 0.68688318 0.71836624 1.07686860 0.83021271 2.47380393 3.280638946979e-01 3.128462258232e-04 1.140756538675e-03 3.488099019532e-10 4.972656411554e+01
26 58 4 0.68688318 0.71836624 1.07686860 0.83021271 2.47380393 3.366367920838e-01 3.218216736977e-04 1.774251627253e-03 4.868114908191e-10 5.133087019292e+01
26 59 4 0.68688318 0.71836624 1.07686860 0.83021271 2.47380393 3.493168012244e-01 2.777575280202e-04 1.582613013009e-03 6.606937164476e-10 5.263893112600e+01
26 60 4 0.68688318 0.71836624 1.07686860 0.83021271 2.47380393 3.631994021829e-01 2.544731641302e-04 1.823132895461e-03 8.745651303451e-10 5.543208450176e+01
26 61 4 0.68688318 0.71836624 1.07686860 0.83021271 2.47380393 3.757879431921e-01 2.118644082294e-04 2.237053475585e-03 1.132465156290e-09 5.759035701213e+01
26 62 4 0.68688318 0.71836624 1.07686860 0.83021271 2.47380393 3.872573561839e-01 1.981415459859e-04 2.767782118237e-03 1.438227038145e-09 5.898776848137e+01
26 63 4 0.68688318 0.71836624 1.07686860 0.83021271 2.47380393 3.989777300994e-01 2.460623835845e-04 3.610903667772e-03 1.795333039773e-09 6.213830550001e+01
28 0 4 0.71830394 0.91499399 1.88063796 1.27712630 1.99374937 4.385953344802e-01 1.078519895079e+00 7.430700531966e-01 7.115133664389e-06 2.388785520483e+01
28 1 4 0.71830394 0.91499399 1.88063796 1.27712630 1.99374937 4.116224501167e-01 1.029174388534e+00 4.302610275931e-01 3.452880556248e-05 2.394978342319e+01
28 2 4 0.71830394 0.91499399 1.88063796 1.27712630 1.99374937 3.857490234463e-01 9.518637581208e-01 4.176857999153e-01 3.401746856164e-05 2.375159914173e+01
28 3 4 0.71830394 0.91499399 1.88063796 1.27712630 1.99374937 3.675759645539e-01 8.867612796078e-01 4.340310486256e-01 7.125303494458e-06 2.307773257860e+01
28 4 4 0.71830394 0.91499399 1.88063796 1.27712630 1.99374937 3.633071532608e-01 8.581838951938e-01 1.841337538464e-01 6.179792763577e-06 2.226913336774e+01
28 5 4 0.71830394 0.91499399 1.88063796 1.27712630 1.99374937 3.563532673852e-01 8.662603183793e-01 9.736105820217e-02 2.967331768795e-05 2.113083931391e+01
28 6 4 0.71830394 0.91499399 1.88063796 1.27712630 1.99374937 3.441745727340e-01 8.398369260391e-01 3.133052179575e-01 2.915432033225e-05 1.950486908037e+01
28 7 4 0.71830394 0.91499399 1.88063796 1.27712630 1.99374937 3.317656886113e-01 7.934812648447e-01 6.759899273895e-01 6.075951494080e-06 1.770809290884e+01
28 8 4 0.71830394 0.91499399 1.88063796 1.27712630 1.99374937 3.190883079324e-01 7.517906192320e-01 5.002695975666e-01 5.326407556880e-06 1.583519564603e+01
28 9 4 0.71830394 0.91499399 1.88063796 1.27712630 1.99374937 2.964926250878e-01 7.395331384242e-01 3.703538014800e-01 2.554335604210e-05 1.406563516178e+01
28 10 4 0.71830394 0.91499399 1.88063796 1.27712630 1.99374937 2.699731436723e-01 7.278646745055e-01 4.233543260404e-01 2.511712048872e-05 1.218002778278e+01
28 11 4 0.71830394 0.91499399 1.88063796 1.27712630 1.99374937 2.495047800629e-01 6.870803254608e-01 1.771266763834e-01 5.272689189495e-06 1.057484730313e+01
28 12 4 0.71830394 0.91499399 1.88063796 1.27712630 1.99374937 2.415443480630e-01 6.535578937944e-01 3.116622151819e-02 4.571039218330e-06 8.928845505265e+00
28 13 4 0.71830394 0.91499399 1.88063796 1.27712630 1.99374937 2.331272984033e-01 6.394460358771e-01 6.534160127700e-02 2.191335396315e-05 7.571617943639e+00
28 14 4 0.71830394 0.91499399 1.88063796 1.27712630 1.99374937 2.207049918814e-01 6.305429785258e-01 2.545519531639e-01 2.155278927717e-05 6.411780295413e+00
28 15 4 0.71830394 0.91499399 1.88063796 1.27712630 1.99374937 2.090627374419e-01 6.069303159576e-01 2.425018545883e-01 4.531909814462e-06 5.754163458083e+00
28 16 4 0.71830394 0.91499399 1.88063796 1.27712630 1.99374937 2.014860708777e-01 5.609904255035e-01 1.441256553717e-01 4.085494947204e-06 5.299979179824e+00
28 17 4 0.71830394 0.91499399 1.88063796 1.27712630 1.99374937 1.927781742341e-01 5.492107791701e-01 2.543402076883e-01 1.917015840925e-05 5.124423980794e+00
28 18 4 0.71830394 0.91499399 1.88063796 1.27712630 1.99374937 1.838254529359e-01 5.508542702776e-01 1.349880242103e-01 1.872487990866e-05 5.171343524782e+00
28 19 4 0.71830394 0.91499399 1.88063796 1.27712630 1.99374937 1.773749384081e-01 5.379312551527e-01 2.250649358328e-02 3.837668665285e-06 5.383249732625e+00
28 20 4 0.71830394 0.91499399 1.88063796 1.27712630 1.99374937 1.788871997453e-01 5.105108019603e-01 4.054344801369e-02 3.789405179651e-06 5.832718483141e+00
28 21 4 0.71830394 0.91499399 1.88063796 1.27712630 1.99374937 1.804757988375e-01 4.849904703780e-01 5.031368472456e-02 1.747862098123e-05 6.440779319196e+00
28 22 4 0.71830394 0.91499399 1.88063796 1.27712630 1.99374937 1.767096923013e-01 4.890442153130e-01 6.400216185120e-02 1.701661661853e-05 7.259062637414e+00
28 23 4 0.71830394 0.91499399 1.88063796 1.27712630 1.99374937 1.706033030563e-01 4.969186704395e-01 8.085984098223e-02 3.410590485212e-06 8.020438251241e+00
28 24 4 0.71830394 0.91499399 1.88063796 1.27712630 1.99374937 1.661122739868e-01 4.864801901838e-01 2.829229860950e-01 3.472287239207e-06 8.825340582703e+00
28 25 4 0.71830394 0.91499399 1.88063796 1.27712630 1.99374937 1.586307890752e-01 4.637486942171e-01 2.814549085761e-01 1.640216962026e-05 9.648426788744e+00
28 26 4 0.71830394 0.91499399 1.88063796 1.27712630 1.99374937 1.495067697072e-01 4.582577324726e-01 1.364621882566e-01 1.619692966310e-05 1.045877464785e+01
28 27 4 0.71830394 0.91499399 1.88063796 1.27712630 1.99374937 1.435086483326e-01 4.758819135818e-01 1.873638829619e-01 3.324193865062e-06 1.111107949652e+01
28 28 4 0.71830394 0.91499399 1.88063796 1.27712630 1.99374937 1.464517787267e-01 4.710674377712e-01 1.463805815695e-01 3.157774908355e-06 1.157957381394e+01
28 29 4 0.71830394 0.91499399 1.88063796 1.27712630 1.99374937 1.500421534541e-01 4.455183425606e-01 7.875884667678e-02 1.560924637651e-05 1.181083495459e+01
28 30 4 0.71830394 0.91499399 1.88063796 1.27712630 1.99374937 1.474491147947e-01 4.177735488617e-01 8.428753056696e-02 1.577284887424e-05 1.183307024523e+01
28 31 4 0.71830394 0.91499399 1.88063796 1.27712630 1.99374937 1.456886246616e-01 4.107121429689e-01 2.649170451523e-01 3.383962328383e-06 1.182096451699e+01
28 32 4 0.71830394 0.91499399 1.88063796 1.27712630 1.99374937 1.527079370607e-01 4.475173636464e-01 3.975086191660e-01 3.068019119760e-06 1.184999239993e+01
28 33 4 0.71830394 0.91499399 1.88063796 1.27712630 1.99374937 1.588405108801e-01 4.762668194544e-01 2.484617120495e-01 1.537104007212e-05 1.167435215380e+01
28 34 4 0.71830394 0.91499399 1.88063796 1.27712630 1.99374937 1.598744009684e-01 4.828213875010e-01 2.341681315519e-01 1.572625973236e-05 1.117424720216e+01
28 35 4 0.71830394 0.91499399 1.88063796 1.27712630 1.99374937 1.618335450524e-01 4.767260856006e-01 2.019022307805e-01 3.426305400311e-06 1.046517332640e+01
28 36 4 0.71830394 0.91499399 1.88063796 1.27712630 1.99374937 1.722732618844e-01 4.662323731681e-01 6.880302965173e-02 3.292424899594e-06 9.624656328052e+00
28 37 4 0.71830394 0.91499399 1.88063796 1.27712630 1.99374937 1.840156479797e-01 4.691094879055e-01 3.283185155208e-02 1.611515144742e-05 8.799631806265e+00
28 38 4 0.71830394 0.91499399 1.88063796 1.27712630 1.99374937 1.889550401307e-01 4.843617230904e-01 1.390416859676e-01 1.647454060251e-05 7.989595640638e+00
28 39 4 0.71830394 0.91499399 1.88063796 1.27712630 1.99374937 1.893472853845e-01 4.947658346290e-01 2.958504193019e-01 3.538132515440e-06 7.236709342261e+00
28 40 4 0.71830394 0.91499399 1.88063796 1.27712630 1.99374937 1.924923986102e-01 4.984612626185e-01 1.751912405320e-01 3.686239854153e-06 6.504129740551e+00
28 41 4 0.71830394 0.91499399 1.88063796 1.27712630 1.99374937 1.941628865233e-01 5.045360027064e-01 1.632790376239e-01 1.780126749295e-05 5.835698776946e+00
28 42 4 0.71830394 0.91499399 1.88063796 1.27712630 1.99374937 1.947477293107e-01 5.269746962326e-01 2.186880796504e-01 1.819421581230e-05 5.396360200073e+00
28 43 4 0.71830394 0.91499399 1.88063796 1.27712630 1.99374937 1.983507227731e-01 5.515152535778e-01 5.264205286519e-02 3.878078232744e-06 5.161104928644e+00
28 44 4 0.71830394 0.91499399 1.88063796 1.27712630 1.99374937 2.100253449646e-01 5.735022122059e-01 1.148437049688e-02 4.136290581999e-06 5.140449873017e+00
28 45 4 0.71830394 0.91499399 1.88063796 1.27712630 1.99374937 2.247981242457e-01 5.780390719388e-01 3.647558015649e-02 2.009121585569e-05 5.309371658051e+00
28 46 4 0.71830394 0.91499399 1.88063796 1.27712630 1.99374937 2.359527510968e-01 5.892381558272e-01 1.147394320246e-01 2.059976327068e-05 5.798339139377e+00
28 47 4 0.71830394 0.91499399 1.88063796 1.27712630 1.99374937 2.441272588960e-01 6.263288195579e-01 1.006365495502e-01 4.399017857231e-06 6.613654034206e+00
28 48 4 0.71830394 0.91499399 1.88063796 1.27712630 1.99374937 2.570709248250e-01 6.599102935234e-01 2.100380945145e-01 4.751796941306e-06 7.745980996118e+00
28 49 4 0.71830394 0.91499399 1.88063796 1.27712630 1.99374937 2.694187896534e-01 6.707408845006e-01 4.715729455435e-01 2.303520471971e-05 9.302692587188e+00
28 50 4 0.71830394 0.91499399 1.88063796 1.27712630 1.99374937 2.792907247597e-01 6.800003582208e-01 2.916741759638e-01 2.358747458891e-05 1.095610323178e+01
28 51 4 0.71830394 0.91499399 1.88063796 1.27712630 1.99374937 2.900303976723e-01 7.056674132321e-01 1.905459746573e-01 4.973313932145e-06 1.276589689473e+01
28 52 4 0.71830394 0.91499399 1.88063796 1.27712630 1.99374937 3.085967798627e-01 7.493261773361e-01 2.564517312035e-01 5.604682457996e-06 1.454993225671e+01
28 53 4 0.71830394 0.91499399 1.88063796 1.27712630 1.99374937 3.307331110057e-01 7.761588857320e-01 2.097049540267e-01 2.697689005558e-05 1.657943546208e+01
28 54 4 0.71830394 0.91499399 1.88063796 1.27712630 1.99374937 3.432652882980e-01 7.859059243779e-01 1.676712731793e-01 2.756378418087e-05 1.845440704543e+01
28 55 4 0.71830394 0.91499399 1.88063796 1.27712630 1.99374937 3.424299741530e-01 8.162590037102e-01 3.231009532007e-01 5.740364660278e-06 2.039947358457e+01
28 56 4 0.71830394 0.91499399 1.88063796 1.27712630 1.99374937 3.451413641407e-01 8.669472427937e-01 8.224039942588e-01 6.474674315715e-06 2.199189727502e+01
28 57 4 0.71830394 0.91499399 1.88063796 1.27712630 1.99374937 3.518343777419e-01 9.033816085091e-01 7.237352155597e-01 3.163823037650e-05 2.336466713208e+01
28 58 4 0.71830394 0.91499399 1.88063796 1.27712630 1.99374937 3.580698550821e-01 9.107139876241e-01 3.922515134174e-01 3.255122879424e-05 2.413295268387e+01
28 59 4 0.71830394 0.91499399 1.88063796 1.27712630 1.99374937 3.674874049901e-01 9.365935996976e-01 4.586150514846e-01 6.922844727987e-06 2.466709843055e+01
28 60 4 0.71830394 0.91499399 1.88063796 1.27712630 1.99374937 3.871307967043e-01 1.015028779642e+00 3.191980997971e-01 7.244878303385e-06 2.488731127936e+01
28 61 4 0.71830394 0.91499399 1.88063796 1.27712630 1.99374937 4.129859029602e-01 1.101744780339e+00 1.633226996979e-01 3.627780914177e-05 2.463968788612e+01
28 62 4 0.71830394 0.91499399 1.88063796 1.27712630 1.99374937 4.343724784040e-01 1.131544721397e+00 1.868994695647e-01 3.766782159141e-05 2.376598410261e+01
28 63 4 0.71830394 0.91499399 1.88063796 1.27712630 1.99374937 4.422491835755e-01 1.113377153686e+00 6.187553785205e-01 8.264414103460e-06 2.234206377178e+01
29 0 4 1.75321648 1.46965758 1.31443471 0.89237235 1.88576045 1.438987283960e+01 1.903015426530e+00 3.901725314977e+00 8.422987705686e-01 2.252207615127e+01
29 1 4 1.75321648 1.46965758 1.31443471 0.89237235 1.88576045 1.358611882625e+01 2.160250535803e+00 3.643037051848e+00 7.947322186152e-01 1.973852020407e+01
29 2 4 1.75321648 1.46965758 1.31443471 0.89237235 1.88576045 1.319595771913e+01 3.008495496913e+00 4.353824090437e+00 7.541745259194e-01 1.802361561632e+01
29 3 4 1.75321648 1.46965758 1.31443471 0.89237235 1.88576045 1.266494711541e+01 3.409968521277e+00 4.641988324734e+00 7.154731167030e-01 1.988827697758e+01
29 4 4 1.75321648 1.46965758 1.31443471 0.89237235 1.88576045 1.203479155360e+01 3.903020613603e+00 5.290013294363e+00 6.756222743979e-01 1.787091270201e+01
29 5 4 1.75321648 1.46965758 1.31443471 0.89237235 1.88576045 1.150414500001e+01 3.477201828637e+00 5.022180941265e+00 6.325754844344e-01 1.560069763865e+01
29 6 4 1.75321648 1.46965758 1.31443471 0.89237235 1.88576045 1.130649718646e+01 3.279539798935e+00 4.860267563982e+00 5.856521151613e-01 1.737899724374e+01
29 7 4 1.75321648 1.46965758 1.31443471 0.89237235 1.88576045 1.078376439760e+01 2.536417541603e+00 3.860312253527e+00 5.409118242347e-01 1.613433891397e+01
29 8 4 1.75321648 1.46965758 1.31443471 0.89237235 1.88576045 1.041134686348e+01 2.504028552283e+00 3.290401780171e+00 4.977486614376e-01 1.350056036890e+01
29 9 4 1.75321648 1.46965758 1.31443471 0.89237235 1.88576045 1.026158274260e+01 2.575161335927e+00 2.599909407762e+00 4.611528598525e-01 1.488863088818e+01
29 10 4 1.75321648 1.46965758 1.31443471 0.89237235 1.88576045 9.760384073204e+00 3.406429665250e+00 2.716578786102e+00 4.241870475996e-01 1.449824027720e+01
29 11 4 1.75321648 1.46965758 1.31443471 0.89237235 1.88576045 9.397739977543e+00 4.384520755656e+00 2.887841056231e+00 3.904716680030e-01 1.208874640123e+01
29 12 4 1.75321648 1.46965758 1.31443471 0.89237235 1.88576045 9.192700904317e+00 5.553146666240e+00 3.538560739583e+00 3.534201556955e-01 1.294638127213e+01
29 13 4 1.75321648 1.46965758 1.31443471 0.89237235 1.88576045 8.770288357062e+00 5.872383148395e+00 3.692594498041e+00 3.207921533413e-01 1.327296433351e+01
29 14 4 1.75321648 1.46965758 1.31443471 0.89237235 1.88576045 8.441089690466e+00 6.261117449074e+00 3.784550545794e+00 2.879298498246e-01 1.093132039847e+01
29 15 4 1.75321648 1.46965758 1.31443471 0.89237235 1.88576045 8.380755762160e+00 5.402848654596e+00 3.261335043101e+00 2.624589263494e-01 1.149070958930e+01
29 16 4 1.75321648 1.46965758 1.31443471 0.89237235 1.88576045 8.077033495406e+00 4.591865515389e+00 2.859073138497e+00 2.374925792403e-01 1.207864300425e+01
29 17 4 1.75321648 1.46965758 1.31443471 0.89237235 1.88576045 7.770109174416e+00 3.965956694233e+00 2.211196919354e+00 2.187977713306e-01 1.007489650058e+01
29 18 4 1.75321648 1.46965758 1.31443471 0.89237235 1.88576045 7.691013987321e+00 3.956170317407e+00 2.058848844827e+00 1.992553482681e-01 1.014448712619e+01
29 19 4 1.75321648 1.46965758 1.31443471 0.89237235 1.88576045 7.443109779018e+00 4.568503983284e+00 1.997064958362e+00 1.846815020047e-01 1.110709854945e+01
29 20 4 1.75321648 1.46965758 1.31443471 0.89237235 1.88576045 7.028179894423e+00 6.153187871678e+00 2.301963553136e+00 1.681794550350e-01 9.511505822698e+00
29 21 4 1.75321648 1.46965758 1.31443471 0.89237235 1.88576045 6.903554763112e+00 7.237332707088e+00 2.588500005305e+00 1.543000063655e-01 9.266551169129e+00
29 22 4 1.75321648 1.46965758 1.31443471 0.89237235 1.88576045 6.791118043123e+00 8.121751571472e+00 2.891265760138e+00 1.363296847492e-01 1.038084120612e+01
29 23 4 1.75321648 1.46965758 1.31443471 0.89237235 1.88576045 6.454099272345e+00 8.145546411890e+00 2.817624763184e+00 1.193260715015e-01 9.176187532623e+00
29 24 4 1.75321648 1.46965758 1.31443471 0.89237235 1.88576045 6.402807128081e+00 7.175307995794e+00 2.629537516471e+00 9.961184529713e-02 8.621672720221e+00
29 25 4 1.75321648 1.46965758 1.31443471 0.89237235 1.88576045 6.428602899541e+00 5.714387199954e+00 2.160925063211e+00 8.326614656326e-02 9.831964321695e+00
29 26 4 1.75321648 1.46965758 1.31443471 0.89237235 1.88576045 6.191694776703e+00 4.927770752104e+00 1.888644059354e+00 6.736436245361e-02 8.912647879949e+00
29 27 4 1.75321648 1.46965758 1.31443471 0.89237235 1.88576045 6.108111118848e+00 4.624280494451e+00 1.746084586558e+00 5.514772554346e-02 8.043726183139e+00
29 28 4 1.75321648 1.46965758 1.31443471 0.89237235 1.88576045 6.148071777600e+00 5.299282751988e+00 1.827178292127e+00 4.246502706485e-02 9.216824711478e+00
29 29 4 1.75321648 1.46965758 1.31443471 0.89237235 1.88576045 5.935858423196e+00 6.633597960634e+00 2.004957609409e+00 3.128307666433e-02 8.747204196629e+00
29 30 4 1.75321648 1.46965758 1.31443471 0.89237235 1.88576045 5.953045556063e+00 7.766101689606e+00 2.232128942543e+00 1.971097689546e-02 7.881606461788e+00
29 31 4 1.75321648 1.46965758 1.31443471 0.89237235 1.88576045 5.976894899674e+00 8.566577286853e+00 2.436810156611e+00 1.085080230243e-02 8.837044967852e+00
29 32 4 1.75321648 1.46965758 1.31443471 0.89237235 1.88576045 6.057113509067e+00 8.818681173006e+00 2.645603775942e+00 4.356508209912e-03 9.136490649812e+00
29 33 4 1.75321648 1.46965758 1.31443471 0.89237235 1.88576045 6.035201743692e+00 7.964617013807e+00 2.632313574779e+00 1.283650312349e-03 8.126373770079e+00
29 34 4 1.75321648 1.46965758 1.31443471 0.89237235 1.88576045 6.312587213131e+00 6.648275222078e+00 2.325040340436e+00 2.533795049115e-04 9.235442786489e+00
29 35 4 1.75321648 1.46965758 1.31443471 0.89237235 1.88576045 6.299063085794e+00 5.292991456537e+00 1.940638307847e+00 4.417673488612e-04 9.781429139988e+00
29 36 4 1.75321648 1.46965758 1.31443471 0.89237235 1.88576045 6.339830568332e+00 4.616354701551e+00 1.675393521754e+00 1.586853104412e-03 8.618670848307e+00
29 37 4 1.75321648 1.46965758 1.31443471 0.89237235 1.88576045 6.573338526848e+00 5.079001071685e+00 1.785280694056e+00 3.549134728254e-03 9.626036510850e+00
29 38 4 1.75321648 1.46965758 1.31443471 0.89237235 1.88576045 6.607502171137e+00 6.135592391268e+00 2.134441555157e+00 7.146367953744e-03 1.045964683794e+01
29 39 4 1.75321648 1.46965758 1.31443471 0.89237235 1.88576045 6.625533474452e+00 7.650846465175e+00 2.690133632379e+00 1.146235012722e-02 9.189260481099e+00
29 40 4 1.75321648 1.46965758 1.31443471 0.89237235 1.88576045 6.972403902146e+00 8.380590822968e+00 2.977035337368e+00 1.666249165080e-02 9.883734521378e+00
29 41 4 1.75321648 1.46965758 1.31443471 0.89237235 1.88576045 7.147085372488e+00 8.342934707880e+00 3.188979915578e+00 2.137647643491e-02 1.118914391556e+01
29 42 4 1.75321648 1.46965758 1.31443471 0.89237235 1.88576045 7.206614055312e+00 7.491994824500e+00 2.935819027074e+00 2.669413284318e-02 1.004187871247e+01
29 43 4 1.75321648 1.46965758 1.31443471 0.89237235 1.88576045 7.518323816746e+00 6.269192860566e+00 2.682578883858e+00 3.259628678630e-02 1.049571884179e+01
29 44 4 1.75321648 1.46965758 1.31443471 0.89237235 1.88576045 7.808631999339e+00 4.714585721527e+00 2.252221089735e+00 4.063046813731e-02 1.220978083792e+01
29 45 4 1.75321648 1.46965758 1.31443471 0.89237235 1.88576045 7.725193134274e+00 4.223824284547e+00 2.186128938212e+00 5.093836823315e-02 1.130167103955e+01
29 46 4 1.75321648 1.46965758 1.31443471 0.89237235 1.88576045 8.035855431308e+00 4.065668933523e+00 2.281881151571e+00 6.377194229548e-02 1.139581520417e+01
29 47 4 1.75321648 1.46965758 1.31443471 0.89237235 1.88576045 8.271042990181e+00 4.739766095265e+00 2.955624412037e+00 7.958673457437e-02 1.359900222168e+01
29 48 4 1.75321648 1.46965758 1.31443471 0.89237235 1.88576045 8.436512610677e+00 5.567129684831e+00 3.408346615191e+00 9.764067729012e-02 1.281668644723e+01
29 49 4 1.75321648 1.46965758 1.31443471 0.89237235 1.88576045 8.657223769314e+00 6.314199728853e+00 4.117964638247e+00 1.190388915863e-01 1.248544214388e+01
29 50 4 1.75321648 1.46965758 1.31443471 0.89237235 1.88576045 9.177705104175e+00 5.930111638814e+00 4.064869080816e+00 1.409497068981e-01 1.493771698632e+01
29 51 4 1.75321648 1.46965758 1.31443471 0.89237235 1.88576045 9.360458199484e+00 5.707819072209e+00 3.993564358116e+00 1.648755918330e-01 1.464008391999e+01
29 52 4 1.75321648 1.46965758 1.31443471 0.89237235 1.88576045 9.688914460426e+00 4.337231167522e+00 3.372043649693e+00 1.869476089996e-01 1.388570553196e+01
29 53 4 1.75321648 1.46965758 1.31443471 0.89237235 1.88576045 1.013487367393e+01 3.284041286328e+00 3.181057372558e+00 2.119233347790e-01 1.650094428863e+01
29 54 4 1.75321648 1.46965758 1.31443471 0.89237235 1.88576045 1.040091194518e+01 2.458773692397e+00 2.905396537391e+00 2.362573524627e-01 1.690819454496e+01
29 55 4 1.75321648 1.46965758 1.31443471 0.89237235 1.88576045 1.064793796734e+01 2.367721939608e+00 3.445687321845e+00 2.665297793811e-01 1.553164954906e+01
29 56 4 1.75321648 1.46965758 1.31443471 0.89237235 1.88576045 1.130703694811e+01 2.406282577738e+00 3.895753281389e+00 2.950132616900e-01 1.840176441965e+01
29 57 4 1.75321648 1.46965758 1.31443471 0.89237235 1.88576045 1.158917831537e+01 3.346351508229e+00 4.946577264420e+00 3.272574724446e-01 1.933710655592e+01
29 58 4 1.75321648 1.46965758 1.31443471 0.89237235 1.88576045 1.208160571738e+01 3.400156009511e+00 5.331447566532e+00 3.527161900619e-01 1.730389000460e+01
29 59 4 1.75321648 1.46965758 1.31443471 0.89237235 1.88576045 1.278650894764e+01 3.809161870712e+00 5.891833119624e+00 3.816063499936e-01 1.978214068618e+01
29 60 4 1.75321648 1.46965758 1.31443471 0.89237235 1.88576045 1.327951536769e+01 3.335492106922e+00 5.330716943731e+00 4.058153781095e-01 2.177465221132e+01
29 61 4 1.75321648 1.46965758 1.31443471 0.89237235 1.88576045 1.361887491136e+01 2.861752322859e+00 4.962624127309e+00 4.399735901178e-01 1.936880634308e+01
29 62 4 1.75321648 1.46965758 1.31443471 0.89237235 1.88576045 1.430404064587e+01 2.153542841624e+00 4.043403306514e+00 4.725844418731e-01 2.107539856598e+01
29 63 4 1.75321648 1.46965758 1.31443471 0.89237235 1.88576045 1.483994063307e+01 2.044385363479e+00 4.195000930866e+00 5.156974898143e-01 2.414680295093e+01
