# environment=00166 local_bs=0 gain_scale=1.191711639378e-14
# ue subcarrier serving_bs phi0 phi1 phi2 phi3 phi4 gain0 gain1 gain2 gain3 gain4
2 0 0 2.87227053 0.75712758 0.92738443 0.86803696 0.67521145 9.182263028036e+02 1.459875846364e+01 7.076552442506e-02 1.528796288555e+00 6.227040500083e-05
2 1 0 2.87227053 0.75712758 0.92738443 0.86803696 0.67521145 9.054187838005e+02 1.474084799629e+01 6.731271327552e-02 1.492105279673e+00 7.770591298794e-05
2 2 0 2.87227053 0.75712758 0.92738443 0.86803696 0.67521145 9.113606941699e+02 1.423008522676e+01 6.315175680926e-02 1.429482322364e+00 1.052069022718e-04
2 3 0 2.87227053 0.75712758 0.92738443 0.86803696 0.67521145 9.366235870427e+02 1.310637212589e+01 6.028799872970e-02 1.348666985817e+00 1.299021984264e-04
2 4 0 2.87227053 0.75712758 0.92738443 0.86803696 0.67521145 9.607278098192e+02 1.152881627826e+01 5.962774544297e-02 1.274492195326e+00 1.393131166097e-04
2 5 0 2.87227053 0.75712758 0.92738443 0.86803696 0.67521145 9.711571248949e+02 9.834229923086e+00 6.039553859218e-02 1.222819434450e+00 1.287339544504e-04
2 6 0 2.87227053 0.75712758 0.92738443 0.86803696 0.67521145 9.758879734115e+02 8.340488044171e+00 6.079915366092e-02 1.186095684530e+00 1.027544731167e-04
2 7 0 2.87227053 0.75712758 0.92738443 0.86803696 0.67521145 9.915448207616e+02 7.200176680327e+00 5.938795370980e-02 1.143703507677e+00 7.253530823126e-05
2 8 0 2.87227053 0.75712758 0.92738443 0.86803696 0.67521145 1.023481067639e+03 6.533679673018e+00 5.608793370898e-02 1.084621907324e+00 5.036642048744e-05
2 9 0 2.87227053 0.75712758 0.92738443 0.86803696 0.67521145 1.060252416936e+03 6.443847139661e+00 5.219101948254e-02 1.018685256198e+00 4.412914017718e-05
2 10 0 2.87227053 0.75712758 0.92738443 0.86803696 0.67521145 1.083499895342e+03 6.872039902931e+00 4.936792007594e-02 9.658895148363e-01 5.412443827676e-05
2 11 0 2.87227053 0.75712758 0.92738443 0.86803696 0.67521145 1.089713979658e+03 7.676127042450e+00 4.846552736491e-02 9.358376124553e-01 7.349298699161e-05
2 12 0 2.87227053 0.75712758 0.92738443 0.86803696 0.67521145 1.095582355780e+03 8.726493152091e+00 4.895524988790e-02 9.184209767524e-01 9.177053892003e-05
2 13 0 2.87227053 0.75712758 0.92738443 0.86803696 0.67521145 1.115607351009e+03 9.792408853527e+00 4.938195041057e-02 8.943216661498e-01 9.977411014140e-05
2 14 0 2.87227053 0.75712758 0.92738443 0.86803696 0.67521145 1.138713696505e+03 1.059912809833e+01 4.843304511851e-02 8.538219691403e-01 9.356732265040e-05
2 15 0 2.87227053 0.75712758 0.92738443 0.86803696 0.67521145 1.146036678057e+03 1.103639329269e+01 4.583529255527e-02 8.050629083989e-01 7.583015789644e-05
2 16 0 2.87227053 0.75712758 0.92738443 0.86803696 0.67521145 1.140874346819e+03 1.107704656301e+01 4.246171561905e-02 7.645628287298e-01 5.422301391309e-05
2 17 0 2.87227053 0.75712758 0.92738443 0.86803696 0.67521145 1.142309752432e+03 1.064136328498e+01 3.962841041432e-02 7.406316790015e-01 3.767915448006e-05
2 18 0 2.87227053 0.75712758 0.92738443 0.86803696 0.67521145 1.155479408982e+03 9.762175882881e+00 3.813081498310e-02 7.263911747692e-01 3.239243609703e-05
2 19 0 2.87227053 0.75712758 0.92738443 0.86803696 0.67521145 1.170776127780e+03 8.665230137950e+00 3.771366749318e-02 7.083865944290e-01 3.926964783502e-05
2 20 0 2.87227053 0.75712758 0.92738443 0.86803696 0.67521145 1.182249063561e+03 7.543200760066e+00 3.731763057376e-02 6.810024814851e-01 5.385507491490e-05
2 21 0 2.87227053 0.75712758 0.92738443 0.86803696 0.67521145 1.189217863572e+03 6.460084309675e+00 3.587914528053e-02 6.518823392350e-01 6.859707661898e-05
2 22 0 2.87227053 0.75712758 0.92738443 0.86803696 0.67521145 1.191000471170e+03 5.524887040660e+00 3.308846601214e-02 6.334566160981e-01 7.632797330413e-05
2 23 0 2.87227053 0.75712758 0.92738443 0.86803696 0.67521145 1.191851109759e+03 4.942535229493e+00 2.957877816140e-02 6.297962492777e-01 7.338251292354e-05
2 24 0 2.87227053 0.75712758 0.92738443 0.86803696 0.67521145 1.196770069806e+03 4.817214312198e+00 2.644941624700e-02 6.322156682478e-01 6.103326256375e-05
2 25 0 2.87227053 0.75712758 0.92738443 0.86803696 0.67521145 1.197016523665e+03 5.048379302413e+00 2.449615355568e-02 6.277827340139e-01 4.471625514473e-05
2 26 0 2.87227053 0.75712758 0.92738443 0.86803696 0.67521145 1.182242315629e+03 5.509744807215e+00 2.370343145534e-02 6.119439083115e-01 3.148755830137e-05
2 27 0 2.87227053 0.75712758 0.92738443 0.86803696 0.67521145 1.162456427569e+03 6.184270620433e+00 2.333904891449e-02 5.927047358851e-01 2.687834526966e-05
2 28 0 2.87227053 0.75712758 0.92738443 0.86803696 0.67521145 1.154948171272e+03 6.981817688111e+00 2.255219224608e-02 5.825129188275e-01 3.251718069947e-05
2 29 0 2.87227053 0.75712758 0.92738443 0.86803696 0.67521145 1.155808790216e+03 7.630002231137e+00 2.102677911947e-02 5.861760806236e-01 4.551018102934e-05
2 30 0 2.87227053 0.75712758 0.92738443 0.86803696 0.67521145 1.154142824083e+03 7.957313031985e+00 1.922132843404e-02 5.967764137181e-01 5.979557463396e-05
2 31 0 2.87227053 0.75712758 0.92738443 0.86803696 0.67521145 1.156694272889e+03 8.041347094233e+00 1.803507408941e-02 6.033266216784e-01 6.885121732277e-05
2 32 0 2.87227053 0.75712758 0.92738443 0.86803696 0.67521145 1.172705328307e+03 7.900445784999e+00 1.815230615044e-02 6.021997392740e-01 6.857502880337e-05
2 33 0 2.87227053 0.75712758 0.92738443 0.86803696 0.67521145 1.191525782017e+03 7.380905726035e+00 1.954270800929e-02 6.007448805985e-01 5.909943010412e-05
2 34 0 2.87227053 0.75712758 0.92738443 0.86803696 0.67521145 1.203402424164e+03 6.498242069459e+00 2.147978797817e-02 6.094512198295e-01 4.475797934834e-05
2 35 0 2.87227053 0.75712758 0.92738443 0.86803696 0.67521145 1.216680666239e+03 5.517907799069e+00 2.306640261382e-02 6.306113292296e-01 3.220585522599e-05
2 36 0 2.87227053 0.75712758 0.92738443 0.86803696 0.67521145 1.234779240136e+03 4.618317091803e+00 2.388914098774e-02 6.551273997834e-01 2.748530513370e-05
2 37 0 2.87227053 0.75712758 0.92738443 0.86803696 0.67521145 1.242289585166e+03 3.816022556245e+00 2.432288632904e-02 6.710945655332e-01 3.329623758221e-05
2 38 0 2.87227053 0.75712758 0.92738443 0.86803696 0.67521145 1.232740442601e+03 3.206623752419e+00 2.525014339172e-02 6.758768016566e-01 4.767726377377e-05
2 39 0 2.87227053 0.75712758 0.92738443 0.86803696 0.67521145 1.221311536706e+03 2.960951199688e+00 2.738167323096e-02 6.794680184444e-01 6.472883691573e-05
2 40 0 2.87227053 0.75712758 0.92738443 0.86803696 0.67521145 1.218205930595e+03 3.104946458369e+00 3.066729200154e-02 6.952639413028e-01 7.713929805914e-05
2 41 0 2.87227053 0.75712758 0.92738443 0.86803696 0.67521145 1.216129668158e+03 3.518066780477e+00 3.424345668893e-02 7.270192601381e-01 7.946573001431e-05
2 42 0 2.87227053 0.75712758 0.92738443 0.86803696 0.67521145 1.208881696174e+03 4.111838492484e+00 3.699076529580e-02 7.650600822112e-01 7.072965383094e-05
2 43 0 2.87227053 0.75712758 0.92738443 0.86803696 0.67521145 1.200033774051e+03 4.848616956907e+00 3.832504127558e-02 7.959616843780e-01 5.511184379909e-05
2 44 0 2.87227053 0.75712758 0.92738443 0.86803696 0.67521145 1.192551264252e+03 5.595822518628e+00 3.864699908169e-02 8.162664366883e-01 4.031449136717e-05
2 45 0 2.87227053 0.75712758 0.92738443 0.86803696 0.67521145 1.189528328061e+03 6.123215921874e+00 3.909135192609e-02 8.361765890673e-01 3.419291697861e-05
2 46 0 2.87227053 0.75712758 0.92738443 0.86803696 0.67521145 1.194114498378e+03 6.297340725571e+00 4.071498067122e-02 8.688555377470e-01 4.109475026958e-05
2 47 0 2.87227053 0.75712758 0.92738443 0.86803696 0.67521145 1.198530132177e+03 6.136545554801e+00 4.369372018568e-02 9.158395767730e-01 5.958442414483e-05
2 48 0 2.87227053 0.75712758 0.92738443 0.86803696 0.67521145 1.186777169794e+03 5.655093075535e+00 4.713153535000e-02 9.639080542762e-01 8.271464966957e-05
2 49 0 2.87227053 0.75712758 0.92738443 0.86803696 0.67521145 1.161131484139e+03 4.857276904757e+00 4.966886142372e-02 9.977635472698e-01 1.009085867963e-04
2 50 0 2.87227053 0.75712758 0.92738443 0.86803696 0.67521145 1.142049421654e+03 3.880674761303e+00 5.048816701108e-02 1.016402155544e+00 1.062979328600e-04
2 51 0 2.87227053 0.75712758 0.92738443 0.86803696 0.67521145 1.136514561828e+03 2.933100467771e+00 4.998533201798e-02 1.036060572472e+00 9.658383155160e-05
2 52 0 2.87227053 0.75712758 0.92738443 0.86803696 0.67521145 1.126016000178e+03 2.147186086176e+00 4.957410113103e-02 1.075332737296e+00 7.655516698449e-05
2 53 0 2.87227053 0.75712758 0.92738443 0.86803696 0.67521145 1.096895260601e+03 1.634416128652e+00 5.070752000033e-02 1.136488368392e+00 5.635570285839e-05
2 54 0 2.87227053 0.75712758 0.92738443 0.86803696 0.67521145 1.060485593700e+03 1.516766109679e+00 5.379892550633e-02 1.202175881330e+00 4.706215311910e-05
2 55 0 2.87227053 0.75712758 0.92738443 0.86803696 0.67521145 1.036963801845e+03 1.817291017284e+00 5.784988393542e-02 1.252023589376e+00 5.546413423366e-05
2 56 0 2.87227053 0.75712758 0.92738443 0.86803696 0.67521145 1.030305981341e+03 2.467531536177e+00 6.111359931886e-02 1.283094773055e+00 8.047603361908e-05
2 57 0 2.87227053 0.75712758 0.92738443 0.86803696 0.67521145 1.026393778819e+03 3.371889859323e+00 6.236016859650e-02 1.313006833786e+00 1.130320297745e-04
2 58 0 2.87227053 0.75712758 0.92738443 0.86803696 0.67521145 1.009347062155e+03 4.347931582541e+00 6.182471585155e-02 1.361438398454e+00 1.397988858435e-04
2 59 0 2.87227053 0.75712758 0.92738443 0.86803696 0.67521145 9.789230085105e+02 5.151338997671e+00 6.110024804997e-02 1.428439095341e+00 1.492350441130e-04
2 60 0 2.87227053 0.75712758 0.92738443 0.86803696 0.67521145 9.523681107962e+02 5.628563634969e+00 6.199225918834e-02 1.492697303609e+00 1.372745979555e-04
2 61 0 2.87227053 0.75712758 0.92738443 0.86803696 0.67521145 9.443249813248e+02 5.722279555555e+00 6.514442979247e-02 1.533249632560e+00 1.098717756930e-04
2 62 0 2.87227053 0.75712758 0.92738443 0.86803696 0.67521145 9.463216395226e+02 5.388007684821e+00 6.947153386012e-02 1.553137497539e+00 8.092864398535e-05
2 63 0 2.87227053 0.75712758 0.92738443 0.86803696 0.67521145 9.338675945850e+02 4.636177589246e+00 7.288592042780e-02 1.579547853021e+00 6.623499106327e-05
6 0 0 2.36783068 1.03286260 1.75299791 1.15656155 1.01097683 6.799876435228e+02 9.955587647602e-02 2.192822229586e-04 2.417941920045e-01 1.242374971160e-01
6 1 0 2.36783068 1.03286260 1.75299791 1.15656155 1.01097683 6.548268699684e+02 7.004602624060e-02 9.176991712051e-05 2.248798073583e-01 1.175950382194e-01
6 2 0 2.36783068 1.03286260 1.75299791 1.15656155 1.01097683 6.314314550689e+02 4.429739241085e-02 2.104416984096e-05 1.902479481293e-01 1.154076266956e-01
6 3 0 2.36783068 1.03286260 1.75299791 1.15656155 1.01097683 6.093339041596e+02 3.082242735613e-02 2.539251281137e-06 1.422141645638e-01 1.144693101222e-01
6 4 0 2.36783068 1.03286260 1.75299791 1.15656155 1.01097683 5.897850921038e+02 2.760467231825e-02 3.132252245517e-05 1.179089317598e-01 1.091404374527e-01
6 5 0 2.36783068 1.03286260 1.75299791 1.15656155 1.01097683 5.723481562389e+02 3.747112457567e-02 1.022050696184e-04 1.216972075437e-01 1.020681566433e-01
6 6 0 2.36783068 1.03286260 1.75299791 1.15656155 1.01097683 5.543269116257e+02 4.973737433111e-02 2.098496775865e-04 1.333080644408e-01 9.857516233528e-02
6 7 0 2.36783068 1.03286260 1.75299791 1.15656155 1.01097683 5.346153364372e+02 6.947634577734e-02 3.488740865574e-04 1.545451307765e-01 9.650006759321e-02
6 8 0 2.36783068 1.03286260 1.75299791 1.15656155 1.01097683 5.152980727772e+02 9.430870168854e-02 5.139476580064e-04 1.776853194429e-01 9.089513623400e-02
6 9 0 2.36783068 1.03286260 1.75299791 1.15656155 1.01097683 4.982031942331e+02 1.202095615131e-01 6.998797908713e-04 1.827378565004e-01 8.358660547235e-02
6 10 0 2.36783068 1.03286260 1.75299791 1.15656155 1.01097683 4.822312090401e+02 1.395925498428e-01 9.016986743085e-04 1.664590365447e-01 7.930565783346e-02
6 11 0 2.36783068 1.03286260 1.75299791 1.15656155 1.01097683 4.657411900514e+02 1.504828412581e-01 1.114719232032e-03 1.321140516434e-01 7.673742442959e-02
6 12 0 2.36783068 1.03286260 1.75299791 1.15656155 1.01097683 4.492977079977e+02 1.571697077410e-01 1.334599399434e-03 9.473802866921e-02 7.163381450424e-02
6 13 0 2.36783068 1.03286260 1.75299791 1.15656155 1.01097683 4.340051910276e+02 1.577029460128e-01 1.557384171871e-03 7.548148989338e-02 6.512471130970e-02
6 14 0 2.36783068 1.03286260 1.75299791 1.15656155 1.01097683 4.195149922251e+02 1.529718260369e-01 1.779537164030e-03 7.159741843201e-02 6.124192153654e-02
6 15 0 2.36783068 1.03286260 1.75299791 1.15656155 1.01097683 4.057882155180e+02 1.338506167946e-01 1.997959719515e-03 7.911882135955e-02 5.922543553195e-02
6 16 0 2.36783068 1.03286260 1.75299791 1.15656155 1.01097683 3.939623246461e+02 1.112347882569e-01 2.209997900275e-03 1.037592530262e-01 5.545807529191e-02
6 17 0 2.36783068 1.03286260 1.75299791 1.15656155 1.01097683 3.835222680299e+02 8.998194198132e-02 2.413437960821e-03 1.278648991357e-01 5.056509084779e-02
6 18 0 2.36783068 1.03286260 1.75299791 1.15656155 1.01097683 3.721998760391e+02 6.630397685426e-02 2.606491166714e-03 1.307548357598e-01 4.791411623340e-02
6 19 0 2.36783068 1.03286260 1.75299791 1.15656155 1.01097683 3.603451766050e+02 4.770617167761e-02 2.787769045020e-03 1.166750087425e-01 4.705260882572e-02
6 20 0 2.36783068 1.03286260 1.75299791 1.15656155 1.01097683 3.510244869225e+02 2.775344418744e-02 2.956250351728e-03 9.282882764776e-02 4.485956212591e-02
6 21 0 2.36783068 1.03286260 1.75299791 1.15656155 1.01097683 3.444171552789e+02 1.590402938259e-02 3.111241203485e-03 6.627677211705e-02 4.164407590272e-02
6 22 0 2.36783068 1.03286260 1.75299791 1.15656155 1.01097683 3.370927719431e+02 1.225391935962e-02 3.252329945279e-03 4.854341197062e-02 4.028022328580e-02
6 23 0 2.36783068 1.03286260 1.75299791 1.15656155 1.01097683 3.278870321564e+02 1.314933559995e-02 3.379338409469e-03 4.360230604255e-02 4.049954860735e-02
6 24 0 2.36783068 1.03286260 1.75299791 1.15656155 1.01097683 3.193396266065e+02 2.122969500073e-02 3.492271263610e-03 5.502587594247e-02 3.952164257758e-02
6 25 0 2.36783068 1.03286260 1.75299791 1.15656155 1.01097683 3.128621283339e+02 3.131541172568e-02 3.591265144167e-03 8.024793308201e-02 3.745779784838e-02
6 26 0 2.36783068 1.03286260 1.75299791 1.15656155 1.01097683 3.075290932248e+02 5.160803605537e-02 3.676539231086e-03 9.877450627254e-02 3.689678446169e-02
6 27 0 2.36783068 1.03286260 1.75299791 1.15656155 1.01097683 3.032423007686e+02 6.826487702100e-02 3.748348835642e-03 1.008867351358e-01 3.773802771428e-02
6 28 0 2.36783068 1.03286260 1.75299791 1.15656155 1.01097683 3.003358087457e+02 8.304423772106e-02 3.806943453244e-03 9.405549789013e-02 3.740735102930e-02
6 29 0 2.36783068 1.03286260 1.75299791 1.15656155 1.01097683 2.975853446361e+02 1.002257098115e-01 3.852530577191e-03 7.738167265991e-02 3.585828693620e-02
6 30 0 2.36783068 1.03286260 1.75299791 1.15656155 1.01097683 2.951158482197e+02 1.073292312809e-01 3.885246382552e-03 5.344791191194e-02 3.555782936978e-02
6 31 0 2.36783068 1.03286260 1.75299791 1.15656155 1.01097683 2.965451286330e+02 1.193149491917e-01 3.905134175951e-03 3.748701655522e-02 3.659934170017e-02
6 32 0 2.36783068 1.03286260 1.75299791 1.15656155 1.01097683 3.037420523630e+02 1.194051694960e-01 3.912131272333e-03 3.749656829294e-02 3.651736445106e-02
6 33 0 2.36783068 1.03286260 1.75299791 1.15656155 1.01097683 3.128802078712e+02 1.082810276737e-01 3.906064709284e-03 5.335699115257e-02 3.511067215073e-02
6 34 0 2.36783068 1.03286260 1.75299791 1.15656155 1.01097683 3.198145224660e+02 1.017795292642e-01 3.886655949152e-03 7.752903378598e-02 3.482942043856e-02
6 35 0 2.36783068 1.03286260 1.75299791 1.15656155 1.01097683 3.254017877899e+02 8.472067457886e-02 3.853534455362e-03 9.505626182693e-02 3.597419049793e-02
6 36 0 2.36783068 1.03286260 1.75299791 1.15656155 1.01097683 3.320530166431e+02 7.026338756834e-02 3.806259767982e-03 1.026959542192e-01 3.610985044022e-02
6 37 0 2.36783068 1.03286260 1.75299791 1.15656155 1.01097683 3.396142469743e+02 5.311852723732e-02 3.744351451169e-03 1.011087560255e-01 3.488742179928e-02
6 38 0 2.36783068 1.03286260 1.75299791 1.15656155 1.01097683 3.475422035982e+02 3.247832932360e-02 3.667326047497e-03 8.252808895716e-02 3.482241256566e-02
6 39 0 2.36783068 1.03286260 1.75299791 1.15656155 1.01097683 3.563849437989e+02 2.218126290616e-02 3.574739956999e-03 5.657850255722e-02 3.640185120450e-02
6 40 0 2.36783068 1.03286260 1.75299791 1.15656155 1.01097683 3.651895744539e+02 1.368640978848e-02 3.466236967362e-03 4.475093182224e-02 3.711739940271e-02
6 41 0 2.36783068 1.03286260 1.75299791 1.15656155 1.01097683 3.723369302269e+02 1.273955963354e-02 3.341599000654e-03 4.982977349832e-02 3.648231315718e-02
6 42 0 2.36783068 1.03286260 1.75299791 1.15656155 1.01097683 3.796335649630e+02 1.643789509867e-02 3.200798515290e-03 6.797456424190e-02 3.717866212194e-02
6 43 0 2.36783068 1.03286260 1.75299791 1.15656155 1.01097683 3.903681235796e+02 2.908892232885e-02 3.044050912870e-03 9.585834935677e-02 3.984269039763e-02
6 44 0 2.36783068 1.03286260 1.75299791 1.15656155 1.01097683 4.036191575685e+02 4.997669714150e-02 2.871865250479e-03 1.214981190641e-01 4.172407073907e-02
6 45 0 2.36783068 1.03286260 1.75299791 1.15656155 1.01097683 4.158672438672e+02 6.972736616849e-02 2.685091551537e-03 1.365565596774e-01 4.216781272531e-02
6 46 0 2.36783068 1.03286260 1.75299791 1.15656155 1.01097683 4.271767411333e+02 9.503903628366e-02 2.484963042923e-03 1.336832692300e-01 4.416155994244e-02
6 47 0 2.36783068 1.03286260 1.75299791 1.15656155 1.01097683 4.404501306217e+02 1.178150313218e-01 2.273131722603e-03 1.086654268394e-01 4.849441209675e-02
6 48 0 2.36783068 1.03286260 1.75299791 1.15656155 1.01097683 4.560730209092e+02 1.424533985600e-01 2.051695779022e-03 8.276492127181e-02 5.195372116026e-02
6 49 0 2.36783068 1.03286260 1.75299791 1.15656155 1.01097683 4.721883242365e+02 1.627852561023e-01 1.823217539016e-03 7.472612897623e-02 5.360206853171e-02
6 50 0 2.36783068 1.03286260 1.75299791 1.15656155 1.01097683 4.884959127602e+02 1.680310077437e-01 1.590730811767e-03 7.863824327937e-02 5.689501071693e-02
6 51 0 2.36783068 1.03286260 1.75299791 1.15656155 1.01097683 5.056772021816e+02 1.678822316135e-01 1.357736718752e-03 9.881732742851e-02 6.289021163813e-02
6 52 0 2.36783068 1.03286260 1.75299791 1.15656155 1.01097683 5.230991931717e+02 1.610267729939e-01 1.128187348884e-03 1.387797009495e-01 6.772962133509e-02
6 53 0 2.36783068 1.03286260 1.75299791 1.15656155 1.01097683 5.403904181909e+02 1.496657066281e-01 9.064568491325e-04 1.754657047969e-01 7.000482792917e-02
6 54 0 2.36783068 1.03286260 1.75299791 1.15656155 1.01097683 5.590886808585e+02 1.287106195732e-01 6.972998479726e-04 1.923069127821e-01 7.378113267704e-02
6 55 0 2.36783068 1.03286260 1.75299791 1.15656155 1.01097683 5.800541503950e+02 1.010112214609e-01 5.057974059642e-04 1.870016194595e-01 8.063164917122e-02
6 56 0 2.36783068 1.03286260 1.75299791 1.15656155 1.01097683 6.014542271629e+02 7.448928027130e-02 3.372909881482e-04 1.629148648015e-01 8.601227959946e-02
6 57 0 2.36783068 1.03286260 1.75299791 1.15656155 1.01097683 6.217427351783e+02 5.340535248891e-02 1.973052502304e-04 1.400846434879e-01 8.785280259559e-02
6 58 0 2.36783068 1.03286260 1.75299791 1.15656155 1.01097683 6.427439280543e+02 4.010005202154e-02 9.146071811006e-05 1.273340833291e-01 9.090183866149e-02
6 59 0 2.36783068 1.03286260 1.75299791 1.15656155 1.01097683 6.672567625757e+02 2.931347943148e-02 2.537771175253e-05 1.233235522841e-01 9.754046668386e-02
6 60 0 2.36783068 1.03286260 1.75299791 1.15656155 1.01097683 6.949479160284e+02 3.285313423411e-02 4.573113552472e-06 1.491862356695e-01 1.026476379123e-01
6 61 0 2.36783068 1.03286260 1.75299791 1.15656155 1.01097683 7.234314656979e+02 4.716821787361e-02 3.435180238474e-05 2.002345125328e-01 1.033738730778e-01
6 62 0 2.36783068 1.03286260 1.75299791 1.15656155 1.01097683 7.523021027026e+02 7.475323188826e-02 1.196947622731e-04 2.365872468994e-01 1.051474457125e-01
6 63 0 2.36783068 1.03286260 1.75299791 1.15656155 1.01097683 7.822934804580e+02 1.058901437031e-01 2.651460244002e-04 2.540015697034e-01 1.113498921420e-01
7 0 0 3.53675825 0.65921368 1.20991770 0.70228900 0.70522400 3.284090318054e+03 4.412583370222e+00 5.067665967782e+01 2.183578264410e-05 2.803693162206e-04
7 1 0 3.53675825 0.65921368 1.20991770 0.70228900 0.70522400 3.240314728564e+03 4.120182458829e+00 4.879305428155e+01 3.435453222309e-05 2.700892909722e-04
7 2 0 3.53675825 0.65921368 1.20991770 0.70228900 0.70522400 3.544447687286e+03 3.868878123373e+00 4.768394523444e+01 2.911770103246e-05 2.601513470143e-04
7 3 0 3.53675825 0.65921368 1.20991770 0.70228900 0.70522400 3.868826548494e+03 3.648355696010e+00 4.619110321163e+01 1.253325303905e-05 2.505554987185e-04
7 4 0 3.53675825 0.65921368 1.20991770 0.70228900 0.70522400 3.827694543307e+03 3.472311762227e+00 4.485008204373e+01 3.431305319103e-06 2.413017599620e-04
7 5 0 3.53675825 0.65921368 1.20991770 0.70228900 0.70522400 3.526287354783e+03 3.348620033782e+00 4.428096016391e+01 1.081550554678e-05 2.323901441268e-04
7 6 0 3.53675825 0.65921368 1.20991770 0.70228900 0.70522400 3.383755451870e+03 3.148260616531e+00 4.330236819189e+01 2.438120703816e-05 2.238206641006e-04
7 7 0 3.53675825 0.65921368 1.20991770 0.70228900 0.70522400 3.516052940205e+03 2.904893337968e+00 4.175188601538e+01 2.760330518665e-05 2.155933322762e-04
7 8 0 3.53675825 0.65921368 1.20991770 0.70228900 0.70522400 3.548391193110e+03 2.708617937039e+00 4.087854156504e+01 1.690721661543e-05 2.077081605512e-04
7 9 0 3.53675825 0.65921368 1.20991770 0.70228900 0.70522400 3.223521521101e+03 2.516799185734e+00 4.023706388640e+01 4.770409240599e-06 2.001651603292e-04
7 10 0 3.53675825 0.65921368 1.20991770 0.70228900 0.70522400 2.774159247753e+03 2.341462427493e+00 3.876174614024e+01 4.427415427864e-06 1.929643425180e-04
7 11 0 3.53675825 0.65921368 1.20991770 0.70228900 0.70522400 2.558823398429e+03 2.181234730873e+00 3.722746510338e+01 1.483233272618e-05 1.861057175313e-04
7 12 0 3.53675825 0.65921368 1.20991770 0.70228900 0.70522400 2.535605181988e+03 2.017635886594e+00 3.616172932116e+01 2.286713016558e-05 1.795892952877e-04
7 13 0 3.53675825 0.65921368 1.20991770 0.70228900 0.70522400 2.386073686750e+03 1.898250921525e+00 3.466920673207e+01 1.904857864427e-05 1.734150852109e-04
7 14 0 3.53675825 0.65921368 1.20991770 0.70228900 0.70522400 2.023520899498e+03 1.774473412659e+00 3.287118418884e+01 8.010114704213e-06 1.675830962295e-04
7 15 0 3.53675825 0.65921368 1.20991770 0.70228900 0.70522400 1.689010837613e+03 1.602659837971e+00 3.164350710631e+01 2.283752381593e-06 1.620933367777e-04
7 16 0 3.53675825 0.65921368 1.20991770 0.70228900 0.70522400 1.597801007635e+03 1.443956792419e+00 3.049190436309e+01 7.574319979910e-06 1.569458147943e-04
7 17 0 3.53675825 0.65921368 1.20991770 0.70228900 0.70522400 1.622625764733e+03 1.300558837318e+00 2.890095679383e+01 1.674573016112e-05 1.521405377235e-04
7 18 0 3.53675825 0.65921368 1.20991770 0.70228900 0.70522400 1.524543429658e+03 1.171072633108e+00 2.759750566317e+01 1.872944101695e-05 1.476775125144e-04
7 19 0 3.53675825 0.65921368 1.20991770 0.70228900 0.70522400 1.324175369074e+03 1.074985777110e+00 2.672714813816e+01 1.131850603003e-05 1.435567456211e-04
7 20 0 3.53675825 0.65921368 1.20991770 0.70228900 0.70522400 1.255107027019e+03 9.761234504701e-01 2.570242048109e+01 3.146504273158e-06 1.397782430029e-04
7 21 0 3.53675825 0.65921368 1.20991770 0.70228900 0.70522400 1.385569871706e+03 8.750654824885e-01 2.483551262963e+01 3.270864697923e-06 1.363420101241e-04
7 22 0 3.53675825 0.65921368 1.20991770 0.70228900 0.70522400 1.515610121752e+03 7.804498214983e-01 2.445098335444e+01 1.085521372927e-05 1.332480519540e-04
7 23 0 3.53675825 0.65921368 1.20991770 0.70228900 0.70522400 1.504600394241e+03 6.694452689974e-01 2.393490869220e+01 1.661586625951e-05 1.304963729669e-04
7 24 0 3.53675825 0.65921368 1.20991770 0.70228900 0.70522400 1.462498413182e+03 5.702073872803e-01 2.328062819451e+01 1.378975323677e-05 1.280869771421e-04
7 25 0 3.53675825 0.65921368 1.20991770 0.70228900 0.70522400 1.572394171096e+03 4.940334953901e-01 2.313120081447e+01 5.744402638857e-06 1.260198679639e-04
7 26 0 3.53675825 0.65921368 1.20991770 0.70228900 0.70522400 1.795799743728e+03 4.161925592965e-01 2.314427047810e+01 1.746191929811e-06 1.242950484218e-04
7 27 0 3.53675825 0.65921368 1.20991770 0.70228900 0.70522400 1.929602267997e+03 3.493417029115e-01 2.283554610726e+01 6.155653780408e-06 1.229125210101e-04
7 28 0 3.53675825 0.65921368 1.20991770 0.70228900 0.70522400 1.899203179763e+03 2.947974829018e-01 2.275211077268e+01 1.356320009455e-05 1.218722877280e-04
7 29 0 3.53675825 0.65921368 1.20991770 0.70228900 0.70522400 1.862140003278e+03 2.420253234038e-01 2.299081364299e+01 1.523314133386e-05 1.211743500799e-04
7 30 0 3.53675825 0.65921368 1.20991770 0.70228900 0.70522400 1.973419942809e+03 1.956593519203e-01 2.287394403204e+01 9.230083895361e-06 1.208187090752e-04
7 31 0 3.53675825 0.65921368 1.20991770 0.70228900 0.70522400 2.135460257457e+03 1.446621760521e-01 2.268816223504e+01 2.574601873888e-06 1.208053652281e-04
7 32 0 3.53675825 0.65921368 1.20991770 0.70228900 0.70522400 2.148773996832e+03 9.474504279540e-02 2.306091356308e+01 3.054065154146e-06 1.211343185580e-04
7 33 0 3.53675825 0.65921368 1.20991770 0.70228900 0.70522400 1.997875261139e+03 6.378717257955e-02 2.341929905485e+01 1.017337700781e-05 1.218055685891e-04
7 34 0 3.53675825 0.65921368 1.20991770 0.70228900 0.70522400 1.883638517762e+03 4.227534429996e-02 2.337981857528e+01 1.568506656725e-05 1.228191143507e-04
7 35 0 3.53675825 0.65921368 1.20991770 0.70228900 0.70522400 1.920616640659e+03 2.422532459198e-02 2.366105618035e+01 1.314187735233e-05 1.241749543771e-04
7 36 0 3.53675825 0.65921368 1.20991770 0.70228900 0.70522400 1.967089209411e+03 1.142096692737e-02 2.430801418233e+01 5.489196937016e-06 1.258730867075e-04
7 37 0 3.53675825 0.65921368 1.20991770 0.70228900 0.70522400 1.848484376892e+03 2.530057334497e-03 2.468903061110e+01 1.816360023395e-06 1.279135088861e-04
7 38 0 3.53675825 0.65921368 1.20991770 0.70228900 0.70522400 1.620298407622e+03 3.932327882727e-04 2.518087600033e+01 6.804962985262e-06 1.302962179623e-04
7 39 0 3.53675825 0.65921368 1.20991770 0.70228900 0.70522400 1.506661352057e+03 4.206083890587e-03 2.621973818971e+01 1.503711443405e-05 1.330212104903e-04
7 40 0 3.53675825 0.65921368 1.20991770 0.70228900 0.70522400 1.554013086766e+03 1.684890339756e-02 2.714289589881e+01 1.703583813826e-05 1.360884825293e-04
7 41 0 3.53675825 0.65921368 1.20991770 0.70228900 0.70522400 1.571517689982e+03 3.698800723878e-02 2.781747175102e+01 1.037448038421e-05 1.394980296437e-04
7 42 0 3.53675825 0.65921368 1.20991770 0.70228900 0.70522400 1.436527716562e+03 5.848726773867e-02 2.894571982466e+01 2.914649731570e-06 1.432498469026e-04
7 43 0 3.53675825 0.65921368 1.20991770 0.70228900 0.70522400 1.309422826492e+03 8.620726692162e-02 3.027718414432e+01 3.930075385591e-06 1.473439288805e-04
7 44 0 3.53675825 0.65921368 1.20991770 0.70228900 0.70522400 1.390966105517e+03 1.160615923560e-01 3.128507085036e+01 1.305228629108e-05 1.517802696566e-04
7 45 0 3.53675825 0.65921368 1.20991770 0.70228900 0.70522400 1.595390474393e+03 1.508918536202e-01 3.249042675622e+01 2.013904001414e-05 1.565588628155e-04
7 46 0 3.53675825 0.65921368 1.20991770 0.70228900 0.70522400 1.697927957616e+03 2.028635326161e-01 3.393694275031e+01 1.689220665722e-05 1.616797014464e-04
7 47 0 3.53675825 0.65921368 1.20991770 0.70228900 0.70522400 1.686250587622e+03 2.627089392878e-01 3.485936777847e+01 7.006140037495e-06 1.671427781440e-04
7 48 0 3.53675825 0.65921368 1.20991770 0.70228900 0.70522400 1.803028102987e+03 3.337753196140e-01 3.565654572188e+01 2.511947591278e-06 1.729480850079e-04
7 49 0 3.53675825 0.65921368 1.20991770 0.70228900 0.70522400 2.160770278255e+03 4.085464959584e-01 3.700805400097e+01 9.775044939400e-06 1.790956136426e-04
7 50 0 3.53675825 0.65921368 1.20991770 0.70228900 0.70522400 2.543937014339e+03 4.620449479329e-01 3.811010021508e+01 2.135657321005e-05 1.855853551581e-04
7 51 0 3.53675825 0.65921368 1.20991770 0.70228900 0.70522400 2.701838964667e+03 5.261273068225e-01 3.864367989615e+01 2.403934723835e-05 1.924173001691e-04
7 52 0 3.53675825 0.65921368 1.20991770 0.70228900 0.70522400 2.744466981762e+03 6.143469799590e-01 3.962160712320e+01 1.448206733775e-05 1.995914387956e-04
7 53 0 3.53675825 0.65921368 1.20991770 0.70228900 0.70522400 3.005782995060e+03 7.008312747359e-01 4.082158921586e+01 4.043976213478e-06 2.071077606629e-04
7 54 0 3.53675825 0.65921368 1.20991770 0.70228900 0.70522400 3.482323951723e+03 8.021450770107e-01 4.138159715816e+01 6.067904400128e-06 2.149662549012e-04
7 55 0 3.53675825 0.65921368 1.20991770 0.70228900 0.70522400 3.804135362184e+03 9.126225528615e-01 4.225887967015e+01 1.975264337890e-05 2.231669101459e-04
7 56 0 3.53675825 0.65921368 1.20991770 0.70228900 0.70522400 3.765203055917e+03 1.032290906598e+00 4.410131283747e+01 3.002177370023e-05 2.317097145378e-04
7 57 0 3.53675825 0.65921368 1.20991770 0.70228900 0.70522400 3.652181173396e+03 1.176100550115e+00 4.562790525836e+01 2.481562401035e-05 2.405946557225e-04
7 58 0 3.53675825 0.65921368 1.20991770 0.70228900 0.70522400 3.806200577641e+03 1.279318363798e+00 4.679441798200e+01 1.006658239137e-05 2.498217208514e-04
7 59 0 3.53675825 0.65921368 1.20991770 0.70228900 0.70522400 4.105516938893e+03 1.353885246792e+00 4.896577674358e+01 3.870517209770e-06 2.593908965805e-04
7 60 0 3.53675825 0.65921368 1.20991770 0.70228900 0.70522400 4.130316548922e+03 1.479525547702e+00 5.162198098981e+01 1.532482428651e-05 2.693021690716e-04
7 61 0 3.53675825 0.65921368 1.20991770 0.70228900 0.70522400 3.766055696231e+03 1.630215642781e+00 5.384406239687e+01 3.269536514762e-05 2.795555239914e-04
7 62 0 3.53675825 0.65921368 1.20991770 0.70228900 0.70522400 3.443328320918e+03 1.804635217818e+00 5.666643452743e+01 3.612633190004e-05 2.901509465121e-04
7 63 0 3.53675825 0.65921368 1.20991770 0.70228900 0.70522400 3.490566401665e+03 1.993618780932e+00 6.021760001327e+01 2.128235280167e-05 3.010884213111e-04
9 0 0 3.51406828 0.78114961 1.61785489 0.83614571 0.84311374 3.071438156746e+03 4.557389005504e+00 1.602085000660e+02 1.136293749027e-05 4.501831086347e-02
9 1 0 3.51406828 0.78114961 1.61785489 0.83614571 0.84311374 2.990230406779e+03 4.413424766669e+00 1.551021254359e+02 1.094257072728e-05 4.068663793227e-02
9 2 0 3.51406828 0.78114961 1.61785489 0.83614571 0.84311374 2.943240630493e+03 4.199576630335e+00 1.503667403040e+02 1.053619532141e-05 4.232292144250e-02
9 3 0 3.51406828 0.78114961 1.61785489 0.83614571 0.84311374 2.852788404230e+03 3.938297340023e+00 1.462055922848e+02 1.014381174259e-05 4.583039420833e-02
9 4 0 3.51406828 0.78114961 1.61785489 0.83614571 0.84311374 2.722287704869e+03 3.726046325401e+00 1.415628899692e+02 9.765420444521e-06 4.789979681233e-02
9 5 0 3.51406828 0.78114961 1.61785489 0.83614571 0.84311374 2.606266711036e+03 3.563357779345e+00 1.357904491375e+02 9.401021864761e-06 5.034548155739e-02
9 6 0 3.51406828 0.78114961 1.61785489 0.83614571 0.84311374 2.530836694078e+03 3.452645144205e+00 1.298482314869e+02 9.050616424669e-06 5.121467269838e-02
9 7 0 3.51406828 0.78114961 1.61785489 0.83614571 0.84311374 2.467715521951e+03 3.418676311808e+00 1.249303855863e+02 8.714204529444e-06 4.706107190199e-02
9 8 0 3.51406828 0.78114961 1.61785489 0.83614571 0.84311374 2.374820272246e+03 3.393115090344e+00 1.205281889672e+02 8.391786568077e-06 4.099293060792e-02
9 9 0 3.51406828 0.78114961 1.61785489 0.83614571 0.84311374 2.267093510629e+03 3.335272980671e+00 1.156248476286e+02 8.083362913391e-06 3.630558194348e-02
9 10 0 3.51406828 0.78114961 1.61785489 0.83614571 0.84311374 2.198073022782e+03 3.281423652865e+00 1.106366359272e+02 7.788933922035e-06 3.162695498646e-02
9 11 0 3.51406828 0.78114961 1.61785489 0.83614571 0.84311374 2.164344178887e+03 3.210821999640e+00 1.062609451194e+02 7.508499934462e-06 2.806745960723e-02
9 12 0 3.51406828 0.78114961 1.61785489 0.83614571 0.84311374 2.109417380148e+03 3.106401375253e+00 1.023612596156e+02 7.242061274948e-06 2.857806718082e-02
9 13 0 3.51406828 0.78114961 1.61785489 0.83614571 0.84311374 2.015565735281e+03 3.003319509163e+00 9.887786881567e+01 6.989618251585e-06 3.103927224000e-02
9 14 0 3.51406828 0.78114961 1.61785489 0.83614571 0.84311374 1.922612201043e+03 2.880520895754e+00 9.585945961871e+01 6.751171156277e-06 3.266176393635e-02
9 15 0 3.51406828 0.78114961 1.61785489 0.83614571 0.84311374 1.869994781940e+03 2.724407375834e+00 9.303361136880e+01 6.526720264757e-06 3.451802944581e-02
9 16 0 3.51406828 0.78114961 1.61785489 0.83614571 0.84311374 1.848855768481e+03 2.595140986435e+00 9.038327291963e+01 6.316265836558e-06 3.579631092301e-02
9 17 0 3.51406828 0.78114961 1.61785489 0.83614571 0.84311374 1.811551375852e+03 2.510848563882e+00 8.808727018126e+01 6.119808115036e-06 3.370145736780e-02
9 18 0 3.51406828 0.78114961 1.61785489 0.83614571 0.84311374 1.741077750619e+03 2.461347455012e+00 8.601379328886e+01 5.937347327365e-06 2.971042964280e-02
9 19 0 3.51406828 0.78114961 1.61785489 0.83614571 0.84311374 1.680272690130e+03 2.468089737527e+00 8.402966186441e+01 5.768883684528e-06 2.651947073029e-02
9 20 0 3.51406828 0.78114961 1.61785489 0.83614571 0.84311374 1.658319660317e+03 2.498998107544e+00 8.220083860411e+01 5.614417381326e-06 2.339435086727e-02
9 21 0 3.51406828 0.78114961 1.61785489 0.83614571 0.84311374 1.643514022160e+03 2.500581999131e+00 8.056984461670e+01 5.473948596372e-06 2.067216962985e-02
9 22 0 3.51406828 0.78114961 1.61785489 0.83614571 0.84311374 1.601006067898e+03 2.486458473573e+00 7.906361838318e+01 5.347477492097e-06 2.077320241241e-02
9 23 0 3.51406828 0.78114961 1.61785489 0.83614571 0.84311374 1.544328606677e+03 2.459565209439e+00 7.754861587311e+01 5.235004214743e-06 2.281738556032e-02
9 24 0 3.51406828 0.78114961 1.61785489 0.83614571 0.84311374 1.511862722758e+03 2.402915284118e+00 7.607989773650e+01 5.136528894365e-06 2.447630591096e-02
9 25 0 3.51406828 0.78114961 1.61785489 0.83614571 0.84311374 1.515962284590e+03 2.347027313993e+00 7.482528194762e+01 5.052051644835e-06 2.631295715221e-02
9 26 0 3.51406828 0.78114961 1.61785489 0.83614571 0.84311374 1.522734870245e+03 2.299282864217e+00 7.375332013054e+01 4.981572563836e-06 2.813021301398e-02
9 27 0 3.51406828 0.78114961 1.61785489 0.83614571 0.84311374 1.497596350517e+03 2.234481459355e+00 7.296019960571e+01 4.925091732866e-06 2.752571827896e-02
9 28 0 3.51406828 0.78114961 1.61785489 0.83614571 0.84311374 1.460286067964e+03 2.181417871899e+00 7.261320339552e+01 4.882609217235e-06 2.495577232331e-02
9 29 0 3.51406828 0.78114961 1.61785489 0.83614571 0.84311374 1.451066651870e+03 2.167190515905e+00 7.230901988703e+01 4.854125066067e-06 2.276326677331e-02
9 30 0 3.51406828 0.78114961 1.61785489 0.83614571 0.84311374 1.465097420042e+03 2.178937437783e+00 7.178137980073e+01 4.839639312299e-06 2.063718092877e-02
9 31 0 3.51406828 0.78114961 1.61785489 0.83614571 0.84311374 1.470025697052e+03 2.231650461383e+00 7.169595912371e+01 4.839151972683e-06 1.848088388051e-02
9 32 0 3.51406828 0.78114961 1.61785489 0.83614571 0.84311374 1.460525736891e+03 2.321078180777e+00 7.244645156223e+01 4.852663047780e-06 1.854445376467e-02
9 33 0 3.51406828 0.78114961 1.61785489 0.83614571 0.84311374 1.460799792818e+03 2.392114112339e+00 7.339428010561e+01 4.880172521968e-06 2.077985485152e-02
9 34 0 3.51406828 0.78114961 1.61785489 0.83614571 0.84311374 1.487989733306e+03 2.434518310078e+00 7.404739513723e+01 4.921680363438e-06 2.298661155301e-02
9 35 0 3.51406828 0.78114961 1.61785489 0.83614571 0.84311374 1.523114072492e+03 2.461945569137e+00 7.472728406906e+01 4.977186524191e-06 2.537841107180e-02
9 36 0 3.51406828 0.78114961 1.61785489 0.83614571 0.84311374 1.532008863277e+03 2.457456765226e+00 7.585855018073e+01 5.046690940044e-06 2.815911647039e-02
9 37 0 3.51406828 0.78114961 1.61785489 0.83614571 0.84311374 1.523095242698e+03 2.443532170795e+00 7.735325170318e+01 5.130193530628e-06 2.886013405820e-02
9 38 0 3.51406828 0.78114961 1.61785489 0.83614571 0.84311374 1.541653426179e+03 2.453664966866e+00 7.888006918510e+01 5.227694199385e-06 2.712694264937e-02
9 39 0 3.51406828 0.78114961 1.61785489 0.83614571 0.84311374 1.597091239544e+03 2.463910551409e+00 8.044442683241e+01 5.339192833572e-06 2.539520505322e-02
9 40 0 3.51406828 0.78114961 1.61785489 0.83614571 0.84311374 1.651319939072e+03 2.478101249379e+00 8.217884491133e+01 5.464689304260e-06 2.372433110536e-02
9 41 0 3.51406828 0.78114961 1.61785489 0.83614571 0.84311374 1.679441183375e+03 2.531768101539e+00 8.396688335160e+01 5.604183466330e-06 2.162660202414e-02
9 42 0 3.51406828 0.78114961 1.61785489 0.83614571 0.84311374 1.698541383882e+03 2.612047640374e+00 8.592443970549e+01 5.757675158485e-06 2.163287793692e-02
9 43 0 3.51406828 0.78114961 1.61785489 0.83614571 0.84311374 1.741008033897e+03 2.722208063318e+00 8.833063692406e+01 5.925164203236e-06 2.454246026477e-02
9 44 0 3.51406828 0.78114961 1.61785489 0.83614571 0.84311374 1.810334058778e+03 2.882360726402e+00 9.098449596900e+01 6.106650406908e-06 2.783486770738e-02
9 45 0 3.51406828 0.78114961 1.61785489 0.83614571 0.84311374 1.870117665768e+03 3.038186142325e+00 9.376875018066e+01 6.302133559644e-06 3.132173945589e-02
9 46 0 3.51406828 0.78114961 1.61785489 0.83614571 0.84311374 1.901705730947e+03 3.147415123122e+00 9.700385656494e+01 6.511613435400e-06 3.567450784740e-02
9 47 0 3.51406828 0.78114961 1.61785489 0.83614571 0.84311374 1.942455411499e+03 3.229434341160e+00 1.006337498370e+02 6.735089791949e-06 3.790518931297e-02
9 48 0 3.51406828 0.78114961 1.61785489 0.83614571 0.84311374 2.024064478206e+03 3.270272908963e+00 1.044205966018e+02 6.972562370875e-06 3.660759499128e-02
9 49 0 3.51406828 0.78114961 1.61785489 0.83614571 0.84311374 2.121573390606e+03 3.280496889771e+00 1.085458131744e+02 7.224030897581e-06 3.477147478566e-02
9 50 0 3.51406828 0.78114961 1.61785489 0.83614571 0.84311374 2.196188148293e+03 3.328269863881e+00 1.130705428135e+02 7.489495081291e-06 3.304777364303e-02
9 51 0 3.51406828 0.78114961 1.61785489 0.83614571 0.84311374 2.244448138111e+03 3.407670554942e+00 1.178573978739e+02 7.768954615032e-06 3.037675456188e-02
9 52 0 3.51406828 0.78114961 1.61785489 0.83614571 0.84311374 2.298500211742e+03 3.492819453171e+00 1.229528412587e+02 8.062409175660e-06 2.991262526833e-02
9 53 0 3.51406828 0.78114961 1.61785489 0.83614571 0.84311374 2.389492290851e+03 3.623848327803e+00 1.281598062039e+02 8.369858423843e-06 3.374456164395e-02
9 54 0 3.51406828 0.78114961 1.61785489 0.83614571 0.84311374 2.500054646183e+03 3.790079586286e+00 1.330063029359e+02 8.691302004066e-06 3.866524556213e-02
9 55 0 3.51406828 0.78114961 1.61785489 0.83614571 0.84311374 2.588529092286e+03 3.966761406819e+00 1.375051200058e+02 9.026739544640e-06 4.373696938993e-02
9 56 0 3.51406828 0.78114961 1.61785489 0.83614571 0.84311374 2.663489926673e+03 4.197162963942e+00 1.423723665391e+02 9.376170657677e-06 5.034044178074e-02
9 57 0 3.51406828 0.78114961 1.61785489 0.83614571 0.84311374 2.764456068067e+03 4.444692646299e+00 1.480231842868e+02 9.739594939119e-06 5.471124227991e-02
9 58 0 3.51406828 0.78114961 1.61785489 0.83614571 0.84311374 2.888273145181e+03 4.624302587220e+00 1.534278330323e+02 1.011701196874e-05 5.374088286831e-02
9 59 0 3.51406828 0.78114961 1.61785489 0.83614571 0.84311374 2.999297713559e+03 4.753837137557e+00 1.575920240505e+02 1.050842131010e-05 5.124339451791e-02
9 60 0 3.51406828 0.78114961 1.61785489 0.83614571 0.84311374 3.080623269580e+03 4.835230969516e+00 1.617846154732e+02 1.091382251063e-05 4.899829866106e-02
9 61 0 3.51406828 0.78114961 1.61785489 0.83614571 0.84311374 3.156720675582e+03 4.855945749275e+00 1.674607024268e+02 1.133321510151e-05 4.510530305453e-02
9 62 0 3.51406828 0.78114961 1.61785489 0.83614571 0.84311374 3.279174576935e+03 4.919753599135e+00 1.737860616900e+02 1.176659859781e-05 4.341006065236e-02
9 63 0 3.51406828 0.78114961 1.61785489 0.83614571 0.84311374 3.452039075147e+03 5.070515218153e+00 1.799227770106e+02 1.221397249839e-05 4.807702318600e-02
10 0 0 2.37978871 0.78103390 0.90852956 0.90579281 0.67936788 1.341344152491e+03 8.802008778327e+00 7.774959950045e-02 5.196951539751e-02 1.105107464482e-02
10 1 0 2.37978871 0.78103390 0.90852956 0.90579281 0.67936788 1.331916282115e+03 1.036322383951e+01 7.880601957269e-02 5.235122719409e-02 1.334533264800e-02
10 2 0 2.37978871 0.78103390 0.90852956 0.90579281 0.67936788 1.319721478692e+03 1.146041010632e+01 7.987021727865e-02 4.536014279848e-02 1.382227494165e-02
10 3 0 2.37978871 0.78103390 0.90852956 0.90579281 0.67936788 1.301810272075e+03 1.184255397930e+01 7.580851928269e-02 3.833832848826e-02 1.156439392185e-02
10 4 0 2.37978871 0.78103390 0.90852956 0.90579281 0.67936788 1.283840290436e+03 1.147536057160e+01 7.289988758803e-02 3.710127177687e-02 9.557744818964e-03
10 5 0 2.37978871 0.78103390 0.90852956 0.90579281 0.67936788 1.271057024860e+03 1.043751500852e+01 7.116467416848e-02 4.006309930400e-02 1.018420998906e-02
10 6 0 2.37978871 0.78103390 0.90852956 0.90579281 0.67936788 1.257938244542e+03 8.872983637422e+00 6.405079330664e-02 4.143801826825e-02 1.146132044291e-02
10 7 0 2.37978871 0.78103390 0.90852956 0.90579281 0.67936788 1.240908922883e+03 7.068929841372e+00 5.540980083233e-02 3.840071039223e-02 1.162820417465e-02
10 8 0 2.37978871 0.78103390 0.90852956 0.90579281 0.67936788 1.221754470987e+03 5.373440360423e+00 5.239764606597e-02 3.346146395764e-02 1.212308026327e-02
10 9 0 2.37978871 0.78103390 0.90852956 0.90579281 0.67936788 1.202919932500e+03 4.080903217627e+00 5.102152514787e-02 3.031879514129e-02 1.333053892169e-02
10 10 0 2.37978871 0.78103390 0.90852956 0.90579281 0.67936788 1.182661762722e+03 3.407501412864e+00 4.706846033756e-02 2.933382206601e-02 1.341402564098e-02
10 11 0 2.37978871 0.78103390 0.90852956 0.90579281 0.67936788 1.163621015023e+03 3.428251461437e+00 4.484337308511e-02 2.806663753385e-02 1.254655878988e-02
10 12 0 2.37978871 0.78103390 0.90852956 0.90579281 0.67936788 1.147865950018e+03 4.091385118813e+00 4.447137976247e-02 2.517699919989e-02 1.238358415870e-02
10 13 0 2.37978871 0.78103390 0.90852956 0.90579281 0.67936788 1.133031394843e+03 5.262969765041e+00 4.013269750091e-02 2.209175943969e-02 1.214569465237e-02
10 14 0 2.37978871 0.78103390 0.90852956 0.90579281 0.67936788 1.118127651136e+03 6.665824129257e+00 3.335920724949e-02 2.057314980127e-02 1.080672376885e-02
10 15 0 2.37978871 0.78103390 0.90852956 0.90579281 0.67936788 1.108224078908e+03 7.994136040516e+00 2.968988355291e-02 1.998322710244e-02 1.051467381491e-02
10 16 0 2.37978871 0.78103390 0.90852956 0.90579281 0.67936788 1.104651510905e+03 9.068184624281e+00 2.736423823739e-02 1.811902330969e-02 1.275642050368e-02
10 17 0 2.37978871 0.78103390 0.90852956 0.90579281 0.67936788 1.102005393445e+03 9.677067232807e+00 2.372974396697e-02 1.438607832536e-02 1.492787571571e-02
10 18 0 2.37978871 0.78103390 0.90852956 0.90579281 0.67936788 1.096333859806e+03 9.593306885377e+00 2.195173352090e-02 1.088108378736e-02 1.466155004088e-02
10 19 0 2.37978871 0.78103390 0.90852956 0.90579281 0.67936788 1.089844965819e+03 8.866715340208e+00 2.238697994958e-02 9.809615787773e-03 1.304302696948e-02
10 20 0 2.37978871 0.78103390 0.90852956 0.90579281 0.67936788 1.085018970375e+03 7.717609605806e+00 2.063934803391e-02 1.058980816184e-02 1.130363674246e-02
10 21 0 2.37978871 0.78103390 0.90852956 0.90579281 0.67936788 1.081671384668e+03 6.280634347483e+00 1.696624813080e-02 1.045968905041e-02 9.557160817758e-03
10 22 0 2.37978871 0.78103390 0.90852956 0.90579281 0.67936788 1.077390569981e+03 4.753409730108e+00 1.480872492016e-02 7.881688839339e-03 9.454379337727e-03
10 23 0 2.37978871 0.78103390 0.90852956 0.90579281 0.67936788 1.069457231471e+03 3.480980345924e+00 1.312264171714e-02 4.443537378449e-03 1.242068580099e-02
10 24 0 2.37978871 0.78103390 0.90852956 0.90579281 0.67936788 1.056597305104e+03 2.730958052043e+00 1.047857342114e-02 2.876677009667e-03 1.574956960550e-02
10 25 0 2.37978871 0.78103390 0.90852956 0.90579281 0.67936788 1.039857085651e+03 2.582732940297e+00 9.399406820072e-03 3.714395990739e-03 1.569890838631e-02
10 26 0 2.37978871 0.78103390 0.90852956 0.90579281 0.67936788 1.024481297180e+03 3.005790814619e+00 1.021447392866e-02 4.755000318479e-03 1.283550800974e-02
10 27 0 2.37978871 0.78103390 0.90852956 0.90579281 0.67936788 1.015659620728e+03 3.951523740009e+00 9.880986733285e-03 3.898578402307e-03 1.011214398217e-02
10 28 0 2.37978871 0.78103390 0.90852956 0.90579281 0.67936788 1.012833912363e+03 5.305833834373e+00 8.549303255311e-03 1.719068155425e-03 8.756461544609e-03
10 29 0 2.37978871 0.78103390 0.90852956 0.90579281 0.67936788 1.005602384031e+03 6.747287380843e+00 8.166955357051e-03 5.829093744205e-04 9.338903229023e-03
10 30 0 2.37978871 0.78103390 0.90852956 0.90579281 0.67936788 9.907930765759e+02 7.924699051102e+00 7.521354517212e-03 1.548115524111e-03 1.251990081003e-02
10 31 0 2.37978871 0.78103390 0.90852956 0.90579281 0.67936788 9.799599698641e+02 8.742370594616e+00 6.013120773661e-03 3.041650170402e-03 1.609735933424e-02
10 32 0 2.37978871 0.78103390 0.90852956 0.90579281 0.67936788 9.853191416382e+02 9.127823187536e+00 6.046968056178e-03 2.975979779650e-03 1.612871798092e-02
10 33 0 2.37978871 0.78103390 0.90852956 0.90579281 0.67936788 9.984926456674e+02 8.841688448317e+00 7.568643868627e-03 1.543764185933e-03 1.262093674367e-02
10 34 0 2.37978871 0.78103390 0.90852956 0.90579281 0.67936788 1.003890239797e+03 7.871916936202e+00 8.177370156364e-03 1.044658736541e-03 9.477524205842e-03
10 35 0 2.37978871 0.78103390 0.90852956 0.90579281 0.67936788 1.000806837076e+03 6.550447817854e+00 8.556572305364e-03 2.892835987195e-03 8.857407754656e-03
10 36 0 2.37978871 0.78103390 0.90852956 0.90579281 0.67936788 1.000367285482e+03 5.156642945753e+00 9.878534609190e-03 5.632874041287e-03 1.019870644659e-02
10 37 0 2.37978871 0.78103390 0.90852956 0.90579281 0.67936788 1.007273341966e+03 3.862611399882e+00 1.015537010831e-02 6.629030298381e-03 1.305307429733e-02
10 38 0 2.37978871 0.78103390 0.90852956 0.90579281 0.67936788 1.015187420390e+03 2.938671798644e+00 9.362079820445e-03 5.436487869495e-03 1.609971053418e-02
10 39 0 2.37978871 0.78103390 0.90852956 0.90579281 0.67936788 1.018582764008e+03 2.663595794389e+00 1.058477185399e-02 4.574301434170e-03 1.619282246836e-02
10 40 0 2.37978871 0.78103390 0.90852956 0.90579281 0.67936788 1.015765915940e+03 3.135462345465e+00 1.333569994496e-02 6.538981034053e-03 1.277644154914e-02
10 41 0 2.37978871 0.78103390 0.90852956 0.90579281 0.67936788 1.009780119231e+03 4.244228029701e+00 1.507504433050e-02 1.065903784401e-02 9.746559020738e-03
10 42 0 2.37978871 0.78103390 0.90852956 0.90579281 0.67936788 1.003544966325e+03 5.797615509869e+00 1.736377303744e-02 1.376867437301e-02 9.846589296594e-03
10 43 0 2.37978871 0.78103390 0.90852956 0.90579281 0.67936788 1.000142474562e+03 7.623466366407e+00 2.113895621692e-02 1.400409190292e-02 1.162796599785e-02
10 44 0 2.37978871 0.78103390 0.90852956 0.90579281 0.67936788 9.995835406123e+02 9.425545889637e+00 2.282665707806e-02 1.306523287911e-02 1.349134337000e-02
10 45 0 2.37978871 0.78103390 0.90852956 0.90579281 0.67936788 1.000157217231e+03 1.076870172633e+01 2.241293091911e-02 1.411160058747e-02 1.527431451314e-02
10 46 0 2.37978871 0.78103390 0.90852956 0.90579281 0.67936788 9.993463732624e+02 1.141768969574e+01 2.445405910675e-02 1.791138856084e-02 1.554740029738e-02
10 47 0 2.37978871 0.78103390 0.90852956 0.90579281 0.67936788 9.992652688296e+02 1.135911682697e+01 2.833320339249e-02 2.205914781870e-02 1.321588957061e-02
10 48 0 2.37978871 0.78103390 0.90852956 0.90579281 0.67936788 1.005123682040e+03 1.054060256613e+01 3.083972130146e-02 2.414636540070e-02 1.088437892539e-02
10 49 0 2.37978871 0.78103390 0.90852956 0.90579281 0.67936788 1.017104760015e+03 9.034944719671e+00 3.487740022213e-02 2.470615023585e-02 1.123231858291e-02
10 50 0 2.37978871 0.78103390 0.90852956 0.90579281 0.67936788 1.029223740517e+03 7.213615151877e+00 4.199833222506e-02 2.614183893110e-02 1.261886426108e-02
10 51 0 2.37978871 0.78103390 0.90852956 0.90579281 0.67936788 1.039579202929e+03 5.486721065063e+00 4.631780519521e-02 2.924159203494e-02 1.286642577005e-02
10 52 0 2.37978871 0.78103390 0.90852956 0.90579281 0.67936788 1.051443057853e+03 4.184910485406e+00 4.664455570514e-02 3.214361608052e-02 1.307823068011e-02
10 53 0 2.37978871 0.78103390 0.90852956 0.90579281 0.67936788 1.064476594789e+03 3.625600659564e+00 4.913693205720e-02 3.324601105531e-02 1.395211219575e-02
10 54 0 2.37978871 0.78103390 0.90852956 0.90579281 0.67936788 1.075174516045e+03 3.988602472297e+00 5.333025766608e-02 3.393155251321e-02 1.376791336323e-02
10 55 0 2.37978871 0.78103390 0.90852956 0.90579281 0.67936788 1.084066818856e+03 5.244503589265e+00 5.486038344468e-02 3.688534814150e-02 1.251185682694e-02
10 56 0 2.37978871 0.78103390 0.90852956 0.90579281 0.67936788 1.092115068345e+03 7.206231338747e+00 5.838605688347e-02 4.185573951706e-02 1.208638224085e-02
10 57 0 2.37978871 0.78103390 0.90852956 0.90579281 0.67936788 1.097025061974e+03 9.536567829989e+00 6.764879304870e-02 4.490011070439e-02 1.191757239969e-02
10 58 0 2.37978871 0.78103390 0.90852956 0.90579281 0.67936788 1.101096692473e+03 1.183725923895e+01 7.487243041521e-02 4.314652142973e-02 1.051944931673e-02
10 59 0 2.37978871 0.78103390 0.90852956 0.90579281 0.67936788 1.109482263395e+03 1.372192895829e+01 7.651749988039e-02 3.939200200024e-02 9.848230799732e-03
10 60 0 2.37978871 0.78103390 0.90852956 0.90579281 0.67936788 1.121360715467e+03 1.480358361627e+01 7.960430116546e-02 3.983976286857e-02 1.191865296917e-02
10 61 0 2.37978871 0.78103390 0.90852956 0.90579281 0.67936788 1.129103990591e+03 1.484783734258e+01 8.372032900170e-02 4.652407158750e-02 1.419722968872e-02
10 62 0 2.37978871 0.78103390 0.90852956 0.90579281 0.67936788 1.134200867988e+03 1.389888054065e+01 8.251511013521e-02 5.360554221511e-02 1.370226605060e-02
10 63 0 2.37978871 0.78103390 0.90852956 0.90579281 0.67936788 1.143750964316e+03 1.214426342701e+01 8.179192612196e-02 5.322929360293e-02 1.141510122989e-02
11 0 0 2.44333586 1.02924801 1.59960406 1.16800087 0.97614498 7.935440518727e+02 1.233551926776e-01 1.381327072046e-02 6.341884598487e-02 4.469725662625e-03
11 1 0 2.44333586 1.02924801 1.59960406 1.16800087 0.97614498 7.633975169921e+02 8.850113166582e-02 1.170517800035e-02 8.495274094268e-02 4.122735209995e-03
11 2 0 2.44333586 1.02924801 1.59960406 1.16800087 0.97614498 7.348973376653e+02 5.177943676818e-02 7.061555986324e-03 9.255590177231e-02 3.886594628102e-03
11 3 0 2.44333586 1.02924801 1.59960406 1.16800087 0.97614498 7.104999659768e+02 2.226191434968e-02 5.082806233253e-03 8.778395869698e-02 3.775087177509e-03
11 4 0 2.44333586 1.02924801 1.59960406 1.16800087 0.97614498 6.882388960664e+02 8.285002602124e-03 2.278697850053e-03 7.187872525355e-02 3.777465624929e-03
11 5 0 2.44333586 1.02924801 1.59960406 1.16800087 0.97614498 6.644243228176e+02 5.533105750646e-03 1.871733488641e-03 4.774565885758e-02 3.861438535731e-03
11 6 0 2.44333586 1.02924801 1.59960406 1.16800087 0.97614498 6.384459325627e+02 1.589927888080e-02 1.764465190845e-03 3.152182553358e-02 3.980024618391e-03
11 7 0 2.44333586 1.02924801 1.59960406 1.16800087 0.97614498 6.142769196873e+02 3.191129303390e-02 3.661798189695e-03 2.989574462864e-02 4.080830540072e-03
11 8 0 2.44333586 1.02924801 1.59960406 1.16800087 0.97614498 5.947267894337e+02 4.851101819518e-02 5.628897154784e-03 3.721605962610e-02 4.115916940322e-03
11 9 0 2.44333586 1.02924801 1.59960406 1.16800087 0.97614498 5.762538737030e+02 6.347999594576e-02 9.373810450505e-03 5.125789328754e-02 4.050398932691e-03
11 10 0 2.44333586 1.02924801 1.59960406 1.16800087 0.97614498 5.548874749480e+02 7.102921686755e-02 1.174550851329e-02 6.337476389252e-02 3.868263049873e-03
11 11 0 2.44333586 1.02924801 1.59960406 1.16800087 0.97614498 5.328901273862e+02 7.344073637876e-02 1.586372876356e-02 6.225461929364e-02 3.574485818261e-03
11 12 0 2.44333586 1.02924801 1.59960406 1.16800087 0.97614498 5.134592305012e+02 7.502321783845e-02 1.690532899510e-02 5.148455259221e-02 3.193276958008e-03
11 13 0 2.44333586 1.02924801 1.59960406 1.16800087 0.97614498 4.954941210404e+02 7.378027987212e-02 1.965599843964e-02 3.764024878299e-02 2.762992884197e-03
11 14 0 2.44333586 1.02924801 1.59960406 1.16800087 0.97614498 4.783301912617e+02 7.278165044546e-02 1.848214965802e-02 2.337621375008e-02 2.328838096574e-03
11 15 0 2.44333586 1.02924801 1.59960406 1.16800087 0.97614498 4.636329835807e+02 7.226252704416e-02 1.877780777769e-02 1.697280265988e-02 1.934797108188e-03
11 16 0 2.44333586 1.02924801 1.59960406 1.16800087 0.97614498 4.502845251777e+02 6.798719536270e-02 1.570894070722e-02 2.155188806721e-02 1.616276654733e-03
11 17 0 2.44333586 1.02924801 1.59960406 1.16800087 0.97614498 4.352043352926e+02 6.072649941621e-02 1.369318762582e-02 2.998265414526e-02 1.394703958952e-03
11 18 0 2.44333586 1.02924801 1.59960406 1.16800087 0.97614498 4.190827977805e+02 5.135484215776e-02 9.952753685062e-03 3.838727712619e-02 1.274888029738e-03
11 19 0 2.44333586 1.02924801 1.59960406 1.16800087 0.97614498 4.051993818933e+02 3.931283158623e-02 6.920671838586e-03 4.304849034971e-02 1.245405333762e-03
11 20 0 2.44333586 1.02924801 1.59960406 1.16800087 0.97614498 3.945245284323e+02 2.701937658636e-02 3.940759433695e-03 3.805015064860e-02 1.281726490706e-03
11 21 0 2.44333586 1.02924801 1.59960406 1.16800087 0.97614498 3.856432621375e+02 1.796361124136e-02 1.657021680788e-03 2.708926246328e-02 1.351353173749e-03
11 22 0 2.44333586 1.02924801 1.59960406 1.16800087 0.97614498 3.769544670263e+02 1.033422095679e-02 4.036387735357e-04 1.759683581929e-02 1.419952318154e-03
11 23 0 2.44333586 1.02924801 1.59960406 1.16800087 0.97614498 3.676251833607e+02 6.625784258157e-03 1.948265894806e-04 1.152212317196e-02 1.457389122973e-03
11 24 0 2.44333586 1.02924801 1.59960406 1.16800087 0.97614498 3.582606743894e+02 6.684664101836e-03 8.192455241928e-04 1.193870630349e-02 1.442664446720e-03
11 25 0 2.44333586 1.02924801 1.59960406 1.16800087 0.97614498 3.504022119871e+02 9.536903201088e-03 2.914881722013e-03 1.944555208483e-02 1.367018064824e-03
11 26 0 2.44333586 1.02924801 1.59960406 1.16800087 0.97614498 3.450670687603e+02 1.886568230929e-02 4.809167819609e-03 2.713511773816e-02 1.234808952266e-03
11 27 0 2.44333586 1.02924801 1.59960406 1.16800087 0.97614498 3.424027279154e+02 2.901579866538e-02 8.250282311342e-03 3.112739223509e-02 1.062162418047e-03
11 28 0 2.44333586 1.02924801 1.59960406 1.16800087 0.97614498 3.412085245191e+02 4.495443101758e-02 1.039010890852e-02 3.097412754400e-02 8.737215183947e-04
11 29 0 2.44333586 1.02924801 1.59960406 1.16800087 0.97614498 3.390957258676e+02 6.232856269914e-02 1.352470646517e-02 2.444164434704e-02 6.981099670960e-04
11 30 0 2.44333586 1.02924801 1.59960406 1.16800087 0.97614498 3.364459244129e+02 7.169902697051e-02 1.490642655787e-02 1.509033646366e-02 5.628765205860e-04
11 31 0 2.44333586 1.02924801 1.59960406 1.16800087 0.97614498 3.381458532708e+02 8.270887444880e-02 1.621136103602e-02 9.959718111218e-03 4.897351568172e-04
11 32 0 2.44333586 1.02924801 1.59960406 1.16800087 0.97614498 3.467301469360e+02 8.257513837545e-02 1.622097969097e-02 1.006673510992e-02 4.908453034419e-04
11 33 0 2.44333586 1.02924801 1.59960406 1.16800087 0.97614498 3.574723716437e+02 7.181299608483e-02 1.505245556799e-02 1.536992837582e-02 5.667076616081e-04
11 34 0 2.44333586 1.02924801 1.59960406 1.16800087 0.97614498 3.651730143145e+02 6.260404643688e-02 1.367505754757e-02 2.496189733633e-02 7.060078209820e-04
11 35 0 2.44333586 1.02924801 1.59960406 1.16800087 0.97614498 3.710547352128e+02 4.514581408307e-02 1.059489308317e-02 3.178857375786e-02 8.874515479158e-04
11 36 0 2.44333586 1.02924801 1.59960406 1.16800087 0.97614498 3.789072254463e+02 2.954943577896e-02 8.427572388148e-03 3.201835211086e-02 1.083336079094e-03
11 37 0 2.44333586 1.02924801 1.59960406 1.16800087 0.97614498 3.894946949276e+02 1.945869200610e-02 4.946129428263e-03 2.796386723782e-02 1.264327425068e-03
11 38 0 2.44333586 1.02924801 1.59960406 1.16800087 0.97614498 4.014075657297e+02 1.010123688218e-02 3.006299110870e-03 2.017909840906e-02 1.404701808435e-03
11 39 0 2.44333586 1.02924801 1.59960406 1.16800087 0.97614498 4.132723608247e+02 7.266129128619e-03 8.477088467362e-04 1.251278492110e-02 1.487194518989e-03
11 40 0 2.44333586 1.02924801 1.59960406 1.16800087 0.97614498 4.242330827009e+02 7.040715760837e-03 2.017168424045e-04 1.220871970500e-02 1.506608536325e-03
11 41 0 2.44333586 1.02924801 1.59960406 1.16800087 0.97614498 4.347078547016e+02 1.070374248702e-02 4.303716590311e-04 1.879446392647e-02 1.471481253572e-03
11 42 0 2.44333586 1.02924801 1.59960406 1.16800087 0.97614498 4.462396821599e+02 1.838990425694e-02 1.732878155070e-03 2.890491409930e-02 1.403383838340e-03
11 43 0 2.44333586 1.02924801 1.59960406 1.16800087 0.97614498 4.601201281062e+02 2.769829957722e-02 4.175394643588e-03 4.054848528485e-02 1.333804159344e-03
11 44 0 2.44333586 1.02924801 1.59960406 1.16800087 0.97614498 4.766363574831e+02 4.053295955170e-02 7.293959496764e-03 4.600577801043e-02 1.298987823294e-03
11 45 0 2.44333586 1.02924801 1.59960406 1.16800087 0.97614498 4.941889048792e+02 5.325567335659e-02 1.057786496366e-02 4.110642904877e-02 1.333512394522e-03
11 46 0 2.44333586 1.02924801 1.59960406 1.16800087 0.97614498 5.099354664033e+02 6.337552907047e-02 1.451598945856e-02 3.212928655552e-02 1.463670436027e-03
11 47 0 2.44333586 1.02924801 1.59960406 1.16800087 0.97614498 5.240831883238e+02 7.166183781992e-02 1.674683080565e-02 2.325643275025e-02 1.701868731657e-03
11 48 0 2.44333586 1.02924801 1.59960406 1.16800087 0.97614498 5.405323509002e+02 7.694701543142e-02 1.999950384604e-02 1.846066162319e-02 2.043168630866e-03
11 49 0 2.44333586 1.02924801 1.59960406 1.16800087 0.97614498 5.605548693506e+02 7.846629457634e-02 1.974867765489e-02 2.537518284595e-02 2.464787322055e-03
11 50 0 2.44333586 1.02924801 1.59960406 1.16800087 0.97614498 5.814971137961e+02 8.072102150149e-02 2.101425918519e-02 4.087390517252e-02 2.928887259689e-03
11 51 0 2.44333586 1.02924801 1.59960406 1.16800087 0.97614498 6.028859394478e+02 8.270829306972e-02 1.808959158402e-02 5.582184632115e-02 3.388378582884e-03
11 52 0 2.44333586 1.02924801 1.59960406 1.16800087 0.97614498 6.258777475854e+02 8.132884268027e-02 1.701340283814e-02 6.731727668683e-02 3.794856142484e-03
11 53 0 2.44333586 1.02924801 1.59960406 1.16800087 0.97614498 6.481303712701e+02 7.845866955068e-02 1.257511329688e-02 6.859835970105e-02 4.107309648012e-03
11 54 0 2.44333586 1.02924801 1.59960406 1.16800087 0.97614498 6.681579406414e+02 6.937862643103e-02 1.008292165262e-02 5.557499255487e-02 4.299991032807e-03
11 55 0 2.44333586 1.02924801 1.59960406 1.16800087 0.97614498 6.904773262764e+02 5.225999926511e-02 6.024315076566e-03 4.031270856767e-02 4.367869214839e-03
11 56 0 2.44333586 1.02924801 1.59960406 1.16800087 0.97614498 7.183240218564e+02 3.348337851537e-02 3.953959524177e-03 3.249542560870e-02 4.328465047597e-03
11 57 0 2.44333586 1.02924801 1.59960406 1.16800087 0.97614498 7.476541175227e+02 1.585839097988e-02 1.888852234373e-03 3.433492649223e-02 4.219489995621e-03
11 58 0 2.44333586 1.02924801 1.59960406 1.16800087 0.97614498 7.742597044661e+02 5.060465076287e-03 2.021882457665e-03 5.173949628219e-02 4.092502589331e-03
11 59 0 2.44333586 1.02924801 1.59960406 1.16800087 0.97614498 8.001884315438e+02 8.856920023982e-03 2.450832183132e-03 7.784741613137e-02 4.003596748681e-03
11 60 0 2.44333586 1.02924801 1.59960406 1.16800087 0.97614498 8.298902502161e+02 2.506034219737e-02 5.463435962700e-03 9.501890438886e-02 4.002782102760e-03
11 61 0 2.44333586 1.02924801 1.59960406 1.16800087 0.97614498 8.643381069286e+02 5.822325730130e-02 7.581669442558e-03 9.987791257512e-02 4.124065595483e-03
11 62 0 2.44333586 1.02924801 1.59960406 1.16800087 0.97614498 9.000647404453e+02 9.835990260788e-02 1.257541213549e-02 9.162199281329e-02 4.378205711794e-03
11 63 0 2.44333586 1.02924801 1.59960406 1.16800087 0.97614498 9.340222028720e+02 1.363457732489e-01 1.480380816835e-02 6.850333252040e-02 4.749670868794e-03
12 0 0 2.00804510 0.75104017 1.94648319 0.77979281 0.88295196 4.204707859174e+02 2.016077639672e-03 3.430302592051e+02 6.210950010398e-06 1.109592370700e+01
12 1 0 2.00804510 0.75104017 1.94648319 0.77979281 0.88295196 4.921323247483e+02 2.052521750136e-03 3.300830323018e+02 1.840025655550e-05 1.072863656813e+01
12 2 0 2.00804510 0.75104017 1.94648319 0.77979281 0.88295196 3.653034291062e+02 1.894683720294e-03 3.165494450233e+02 2.932171741730e-05 1.041942419411e+01
12 3 0 2.00804510 0.75104017 1.94648319 0.77979281 0.88295196 2.280576484967e+02 1.634410128954e-03 3.069552813341e+02 3.270792152732e-05 1.015851985172e+01
12 4 0 2.00804510 0.75104017 1.94648319 0.77979281 0.88295196 2.737728672757e+02 1.554859246157e-03 2.987233249856e+02 2.690162692416e-05 9.904730611424e+00
12 5 0 2.00804510 0.75104017 1.94648319 0.77979281 0.88295196 4.017326638695e+02 1.397737935977e-03 2.917085929680e+02 1.542807512510e-05 9.600506017123e+00
12 6 0 2.00804510 0.75104017 1.94648319 0.77979281 0.88295196 3.921615504997e+02 9.031862026943e-04 2.831538140000e+02 4.677941059457e-06 9.208807303060e+00
12 7 0 2.00804510 0.75104017 1.94648319 0.77979281 0.88295196 2.502443600098e+02 4.539005755638e-04 2.751282485799e+02 1.889508593696e-07 8.745150127066e+00
12 8 0 2.00804510 0.75104017 1.94648319 0.77979281 0.88295196 1.904906302776e+02 2.910257583294e-04 2.656168787185e+02 3.671331569080e-06 8.277796220576e+00
12 9 0 2.00804510 0.75104017 1.94648319 0.77979281 0.88295196 2.886653278946e+02 1.626717983298e-04 2.557462213393e+02 1.235189377479e-05 7.890956993582e+00
12 10 0 2.00804510 0.75104017 1.94648319 0.77979281 0.88295196 3.661200567229e+02 2.727316188726e-05 2.458678082994e+02 2.082195929809e-05 7.633683678562e+00
12 11 0 2.00804510 0.75104017 1.94648319 0.77979281 0.88295196 2.850071598456e+02 2.197772298099e-05 2.377805409371e+02 2.419061922300e-05 7.489245760190e+00
12 12 0 2.00804510 0.75104017 1.94648319 0.77979281 0.88295196 1.642692457403e+02 4.852352842396e-05 2.309653583026e+02 2.072296615537e-05 7.386425155343e+00
12 13 0 2.00804510 0.75104017 1.94648319 0.77979281 0.88295196 1.839574222387e+02 9.064631449974e-05 2.244936290231e+02 1.256214285098e-05 7.244933044014e+00
12 14 0 2.00804510 0.75104017 1.94648319 0.77979281 0.88295196 2.962631858943e+02 2.504877685287e-04 2.179943788592e+02 4.283568265376e-06 7.023697179009e+00
12 15 0 2.00804510 0.75104017 1.94648319 0.77979281 0.88295196 3.088543180872e+02 3.461829431114e-04 2.102836322989e+02 2.270647610374e-07 6.740076179437e+00
12 16 0 2.00804510 0.75104017 1.94648319 0.77979281 0.88295196 1.972557770246e+02 2.412364876765e-04 2.029379749577e+02 2.145064477700e-06 6.449899072236e+00
12 17 0 2.00804510 0.75104017 1.94648319 0.77979281 0.88295196 1.324942659194e+02 1.848740896046e-04 1.957965938685e+02 8.420222545508e-06 6.205877675698e+00
12 18 0 2.00804510 0.75104017 1.94648319 0.77979281 0.88295196 2.040218503465e+02 2.740971167065e-04 1.909498431989e+02 1.516624804360e-05 6.025221561286e+00
12 19 0 2.00804510 0.75104017 1.94648319 0.77979281 0.88295196 2.834291581111e+02 2.651970195445e-04 1.857404586768e+02 1.848765208058e-05 5.887584179837e+00
12 20 0 2.00804510 0.75104017 1.94648319 0.77979281 0.88295196 2.334844756126e+02 1.161892551862e-04 1.814579023066e+02 1.660111426044e-05 5.760424465894e+00
12 21 0 2.00804510 0.75104017 1.94648319 0.77979281 0.88295196 1.307270399940e+02 1.609876549675e-05 1.755642718741e+02 1.068374758501e-05 5.629044271270e+00
12 22 0 2.00804510 0.75104017 1.94648319 0.77979281 0.88295196 1.359401922512e+02 2.469265061690e-08 1.707385721148e+02 4.070278837119e-06 5.507236883642e+00
12 23 0 2.00804510 0.75104017 1.94648319 0.77979281 0.88295196 2.311023940561e+02 7.960042204321e-06 1.651436996918e+02 3.277395336921e-07 5.421419670136e+00
12 24 0 2.00804510 0.75104017 1.94648319 0.77979281 0.88295196 2.554639844967e+02 4.702857901963e-05 1.622382467303e+02 1.303443409023e-06 5.382580908175e+00
12 25 0 2.00804510 0.75104017 1.94648319 0.77979281 0.88295196 1.669393129048e+02 1.543077780594e-04 1.592270767372e+02 6.194404362830e-06 5.369933987772e+00
12 26 0 2.00804510 0.75104017 1.94648319 0.77979281 0.88295196 1.072629186312e+02 3.816016968624e-04 1.579039504815e+02 1.208836420699e-05 5.340968873136e+00
12 27 0 2.00804510 0.75104017 1.94648319 0.77979281 0.88295196 1.692714493006e+02 6.402327587053e-04 1.551102523680e+02 1.562371565035e-05 5.261944793285e+00
12 28 0 2.00804510 0.75104017 1.94648319 0.77979281 0.88295196 2.471446904842e+02 6.812188001351e-04 1.535251917327e+02 1.483724292055e-05 5.136437725209e+00
12 29 0 2.00804510 0.75104017 1.94648319 0.77979281 0.88295196 2.126134871649e+02 5.978220219452e-04 1.506022023449e+02 1.020383966024e-05 5.009670045175e+00
12 30 0 2.00804510 0.75104017 1.94648319 0.77979281 0.88295196 1.207827969711e+02 8.208721111575e-04 1.494062401550e+02 4.332108418682e-06 4.943120896687e+00
12 31 0 2.00804510 0.75104017 1.94648319 0.77979281 0.88295196 1.197986582861e+02 1.237958396341e-03 1.491721298749e+02 5.064165660022e-07 4.975335586792e+00
12 32 0 2.00804510 0.75104017 1.94648319 0.77979281 0.88295196 2.116184661311e+02 1.229129368514e-03 1.527042978949e+02 8.755155033289e-07 5.095507603978e+00
12 33 0 2.00804510 0.75104017 1.94648319 0.77979281 0.88295196 2.468794610257e+02 8.098480660200e-04 1.564002321189e+02 5.267090043451e-06 5.248475625915e+00
12 34 0 2.00804510 0.75104017 1.94648319 0.77979281 0.88295196 1.708741524668e+02 6.040364948078e-04 1.602207801043e+02 1.126939103336e-05 5.368570042443e+00
12 35 0 2.00804510 0.75104017 1.94648319 0.77979281 0.88295196 1.117217300656e+02 6.968278712142e-04 1.623038068277e+02 1.554399953682e-05 5.419994602970e+00
12 36 0 2.00804510 0.75104017 1.94648319 0.77979281 0.88295196 1.679959642907e+02 6.474310976646e-04 1.647945017186e+02 1.567049189705e-05 5.416981288331e+00
12 37 0 2.00804510 0.75104017 1.94648319 0.77979281 0.88295196 2.512173906851e+02 3.794273345858e-04 1.669386216497e+02 1.152331838989e-05 5.411009654877e+00
12 38 0 2.00804510 0.75104017 1.94648319 0.77979281 0.88295196 2.295851011645e+02 1.510850987083e-04 1.700799796853e+02 5.410541287101e-06 5.455125250152e+00
12 39 0 2.00804510 0.75104017 1.94648319 0.77979281 0.88295196 1.423879465757e+02 4.560877202253e-05 1.741987033326e+02 8.569656474715e-07 5.570792223077e+00
12 40 0 2.00804510 0.75104017 1.94648319 0.77979281 0.88295196 1.380036712358e+02 7.684486895903e-06 1.793312675596e+02 6.559740607896e-07 5.739856721996e+00
12 41 0 2.00804510 0.75104017 1.94648319 0.77979281 0.88295196 2.311408669742e+02 4.137070421505e-08 1.843662255705e+02 5.247180071217e-06 5.925217046014e+00
12 42 0 2.00804510 0.75104017 1.94648319 0.77979281 0.88295196 2.786832091561e+02 1.832096374492e-05 1.885046465843e+02 1.234819204338e-05 6.102594182180e+00
12 43 0 2.00804510 0.75104017 1.94648319 0.77979281 0.88295196 2.104764166862e+02 1.268749669678e-04 1.926481872682e+02 1.811651424957e-05 6.278102917999e+00
12 44 0 2.00804510 0.75104017 1.94648319 0.77979281 0.88295196 1.456464971191e+02 2.821490525836e-04 1.966063157660e+02 1.927084450691e-05 6.478051989203e+00
12 45 0 2.00804510 0.75104017 1.94648319 0.77979281 0.88295196 2.025791545343e+02 2.852268493860e-04 2.021645163685e+02 1.502044973581e-05 6.719864766252e+00
12 46 0 2.00804510 0.75104017 1.94648319 0.77979281 0.88295196 3.012279980320e+02 1.923594459000e-04 2.082925664638e+02 7.683519727108e-06 6.988964585653e+00
12 47 0 2.00804510 0.75104017 1.94648319 0.77979281 0.88295196 2.925353077818e+02 2.580797782339e-04 2.157171522465e+02 1.548442405176e-06 7.242996072151e+00
12 48 0 2.00804510 0.75104017 1.94648319 0.77979281 0.88295196 2.005841102461e+02 3.653316247306e-04 2.215640651945e+02 5.114792631430e-07 7.443535949988e+00
12 49 0 2.00804510 0.75104017 1.94648319 0.77979281 0.88295196 1.829700233270e+02 2.569403524142e-04 2.276850731463e+02 5.772166666705e-06 7.592298629822e+00
12 50 0 2.00804510 0.75104017 1.94648319 0.77979281 0.88295196 2.827920036138e+02 9.027292821903e-05 2.331747897411e+02 1.493285988331e-05 7.742178391622e+00
12 51 0 2.00804510 0.75104017 1.94648319 0.77979281 0.88295196 3.559266066374e+02 4.943524486241e-05 2.408690701193e+02 2.313623295014e-05 7.969975696669e+00
12 52 0 2.00804510 0.75104017 1.94648319 0.77979281 0.88295196 2.989851400134e+02 2.147569457589e-05 2.490489822801e+02 2.573364176336e-05 8.326217973858e+00
12 53 0 2.00804510 0.75104017 1.94648319 0.77979281 0.88295196 2.206069217452e+02 3.308725513735e-05 2.592299599698e+02 2.103882565645e-05 8.796726521937e+00
12 54 0 2.00804510 0.75104017 1.94648319 0.77979281 0.88295196 2.658931005222e+02 1.826709376899e-04 2.682788009181e+02 1.155359377274e-05 9.304938839299e+00
12 55 0 2.00804510 0.75104017 1.94648319 0.77979281 0.88295196 3.814397535731e+02 3.188991845212e-04 2.769518095437e+02 2.820067860222e-06 9.756215390882e+00
12 56 0 2.00804510 0.75104017 1.94648319 0.77979281 0.88295196 3.975821095914e+02 5.014993842285e-04 2.845916312857e+02 3.852817932241e-07 1.009533554652e+01
12 57 0 2.00804510 0.75104017 1.94648319 0.77979281 0.88295196 3.016176159624e+02 9.935383124522e-04 2.935506883347e+02 6.519813195140e-06 1.033853264331e+01
12 58 0 2.00804510 0.75104017 1.94648319 0.77979281 0.88295196 2.662482512369e+02 1.513506055216e-03 3.030931947821e+02 1.861290940253e-05 1.055945210338e+01
12 59 0 2.00804510 0.75104017 1.94648319 0.77979281 0.88295196 3.710645164520e+02 1.666647237965e-03 3.141862226353e+02 3.033096623353e-05 1.084103228419e+01
12 60 0 2.00804510 0.75104017 1.94648319 0.77979281 0.88295196 4.746776992410e+02 1.754717897155e-03 3.281685246961e+02 3.507584459099e-05 1.122810538031e+01
12 61 0 2.00804510 0.75104017 1.94648319 0.77979281 0.88295196 4.367310109554e+02 2.036811894777e-03 3.440819168563e+02 2.987610421631e-05 1.171181164233e+01
12 62 0 2.00804510 0.75104017 1.94648319 0.77979281 0.88295196 3.361936294143e+02 2.196686059825e-03 3.600331068432e+02 1.743544546114e-05 1.225070057323e+01
12 63 0 2.00804510 0.75104017 1.94648319 0.77979281 0.88295196 3.572614381053e+02 2.149225673831e-03 3.737993494013e+02 4.974527474266e-06 1.280597435577e+01
17 0 0 3.74335549 0.87855693 1.23914081 1.00142308 0.81400731 6.222212557879e+03 5.479097362083e-02 1.723224577889e-01 2.419098879254e-03 4.214295684223e-03
17 1 0 3.74335549 0.87855693 1.23914081 1.00142308 0.81400731 5.521742451025e+03 4.633141748648e-02 1.762195609983e-01 2.229356677503e-03 4.058788849110e-03
17 2 0 3.74335549 0.87855693 1.23914081 1.00142308 0.81400731 4.963005549423e+03 3.606528210468e-02 1.795192440098e-01 2.051829356978e-03 3.908414512662e-03
17 3 0 3.74335549 0.87855693 1.23914081 1.00142308 0.81400731 4.669210414998e+03 2.292274868469e-02 1.820436527760e-01 1.913816604557e-03 3.763172964718e-03
17 4 0 3.74335549 0.87855693 1.23914081 1.00142308 0.81400731 4.602422606147e+03 1.171586205278e-02 1.836535612059e-01 1.772959467001e-03 3.623064485227e-03
17 5 0 3.74335549 0.87855693 1.23914081 1.00142308 0.81400731 4.593310308152e+03 4.091104054093e-03 1.842489553009e-01 1.591182593035e-03 3.488089344246e-03
17 6 0 3.74335549 0.87855693 1.23914081 1.00142308 0.81400731 4.454966707568e+03 4.065567364873e-04 1.837684599994e-01 1.397926977910e-03 3.358247801935e-03
17 7 0 3.74335549 0.87855693 1.23914081 1.00142308 0.81400731 4.083694103227e+03 2.259432370516e-03 1.821877168834e-01 1.275865183634e-03 3.233540108557e-03
17 8 0 3.74335549 0.87855693 1.23914081 1.00142308 0.81400731 3.501782404340e+03 9.730267559842e-03 1.795168468568e-01 1.284633474297e-03 3.113966504487e-03
17 9 0 3.74335549 0.87855693 1.23914081 1.00142308 0.81400731 2.850501189892e+03 1.876325647632e-02 1.757971518954e-01 1.400038249084e-03 2.999527220195e-03
17 10 0 3.74335549 0.87855693 1.23914081 1.00142308 0.81400731 2.315899080661e+03 2.716432603671e-02 1.710972235995e-01 1.528492932719e-03 2.890222476263e-03
17 11 0 3.74335549 0.87855693 1.23914081 1.00142308 0.81400731 2.013249217556e+03 3.598251068992e-02 1.655086334314e-01 1.581544635387e-03 2.786052483370e-03
17 12 0 3.74335549 0.87855693 1.23914081 1.00142308 0.81400731 1.931462623657e+03 4.243453753129e-02 1.591413802364e-01 1.539489661507e-03 2.687017442303e-03
17 13 0 3.74335549 0.87855693 1.23914081 1.00142308 0.81400731 1.971762186831e+03 4.412710890026e-02 1.521192652417e-01 1.448580715382e-03 2.593117543947e-03
17 14 0 3.74335549 0.87855693 1.23914081 1.00142308 0.81400731 2.010950949828e+03 4.227577870482e-02 1.445753536709e-01 1.363013086907e-03 2.504352969292e-03
17 15 0 3.74335549 0.87855693 1.23914081 1.00142308 0.81400731 1.952946151888e+03 3.593770867648e-02 1.366476660718e-01 1.293075270869e-03 2.420723889430e-03
17 16 0 3.74335549 0.87855693 1.23914081 1.00142308 0.81400731 1.780635284654e+03 2.627332338079e-02 1.284752222395e-01 1.208078278581e-03 2.342230465553e-03
17 17 0 3.74335549 0.87855693 1.23914081 1.00142308 0.81400731 1.571709497186e+03 1.784373023007e-02 1.201945371485e-01 1.084484524557e-03 2.268872848954e-03
17 18 0 3.74335549 0.87855693 1.23914081 1.00142308 0.81400731 1.441329404714e+03 1.127189219058e-02 1.119366425925e-01 9.456920091642e-04 2.200651181029e-03
17 19 0 3.74335549 0.87855693 1.23914081 1.00142308 0.81400731 1.464078841448e+03 6.510675848700e-03 1.038246813279e-01 8.515103972637e-04 2.137565593273e-03
17 20 0 3.74335549 0.87855693 1.23914081 1.00142308 0.81400731 1.641484201045e+03 4.866456132406e-03 9.597209347247e-02 8.473692742853e-04 2.079616207281e-03
17 21 0 3.74335549 0.87855693 1.23914081 1.00142308 0.81400731 1.910095870160e+03 4.401921829989e-03 8.848138876584e-02 9.228782503827e-04 2.026803134748e-03
17 22 0 3.74335549 0.87855693 1.23914081 1.00142308 0.81400731 2.169827124961e+03 3.676376241028e-03 8.144347401417e-02 1.019136879096e-03 1.979126477472e-03
17 23 0 3.74335549 0.87855693 1.23914081 1.00142308 0.81400731 2.333232405091e+03 4.214473831210e-03 7.493748347993e-02 1.076766688965e-03 1.936586327346e-03
17 24 0 3.74335549 0.87855693 1.23914081 1.00142308 0.81400731 2.370946439027e+03 6.035620522908e-03 6.903104189172e-02 1.079209073647e-03 1.899182766366e-03
17 25 0 3.74335549 0.87855693 1.23914081 1.00142308 0.81400731 2.318996640475e+03 7.439589693810e-03 6.378087572209e-02 1.053233221886e-03 1.866915866627e-03
17 26 0 3.74335549 0.87855693 1.23914081 1.00142308 0.81400731 2.256045909122e+03 8.352566359944e-03 5.923367884317e-02 1.031202300877e-03 1.839785690321e-03
17 27 0 3.74335549 0.87855693 1.23914081 1.00142308 0.81400731 2.268389942147e+03 1.044735279310e-02 5.542713386430e-02 1.015186008336e-03 1.817792289741e-03
17 28 0 3.74335549 0.87855693 1.23914081 1.00142308 0.81400731 2.402076014309e+03 1.313674072220e-02 5.239099044072e-02 9.782555032876e-04 1.800935707279e-03
17 29 0 3.74335549 0.87855693 1.23914081 1.00142308 0.81400731 2.628762804576e+03 1.454837848136e-02 5.014810649193e-02 8.998196659600e-04 1.789215975426e-03
17 30 0 3.74335549 0.87855693 1.23914081 1.00142308 0.81400731 2.865247602409e+03 1.689962063118e-02 4.871536727638e-02 7.978775174144e-04 1.782633116770e-03
17 31 0 3.74335549 0.87855693 1.23914081 1.00142308 0.81400731 3.024471159102e+03 2.069524468030e-02 4.810441016497e-02 7.240824524794e-04 1.781187144001e-03
17 32 0 3.74335549 0.87855693 1.23914081 1.00142308 0.81400731 3.046945667457e+03 2.075380726144e-02 4.832209912138e-02 7.238805024133e-04 1.784878059905e-03
17 33 0 3.74335549 0.87855693 1.23914081 1.00142308 0.81400731 2.918018269840e+03 1.725518352105e-02 4.937071159221e-02 7.983142040434e-04 1.793705857368e-03
17 34 0 3.74335549 0.87855693 1.23914081 1.00142308 0.81400731 2.688899976724e+03 1.528040295386e-02 5.124782089800e-02 9.033572556302e-04 1.807670519375e-03
17 35 0 3.74335549 0.87855693 1.23914081 1.00142308 0.81400731 2.464573041739e+03 1.397461255874e-02 5.394587839842e-02 9.874846294843e-04 1.826772019009e-03
17 36 0 3.74335549 0.87855693 1.23914081 1.00142308 0.81400731 2.339765695215e+03 1.121305503413e-02 5.745152075087e-02 1.032149351229e-03 1.851010319453e-03
17 37 0 3.74335549 0.87855693 1.23914081 1.00142308 0.81400731 2.341754300008e+03 9.002124126646e-03 6.174464756607e-02 1.057572545878e-03 1.880385373988e-03
17 38 0 3.74335549 0.87855693 1.23914081 1.00142308 0.81400731 2.426718491222e+03 7.883217326544e-03 6.679733279871e-02 1.090319406839e-03 1.914897125995e-03
17 39 0 3.74335549 0.87855693 1.23914081 1.00142308 0.81400731 2.506974518723e+03 6.211032685948e-03 7.257264848095e-02 1.126935486846e-03 1.954545508953e-03
17 40 0 3.74335549 0.87855693 1.23914081 1.00142308 0.81400731 2.488296370897e+03 4.168370429849e-03 7.902349119541e-02 1.132355103267e-03 1.999330446440e-03
17 41 0 3.74335549 0.87855693 1.23914081 1.00142308 0.81400731 2.321323680069e+03 3.562642676677e-03 8.609150941022e-02 1.077315593898e-03 2.049251852137e-03
17 42 0 3.74335549 0.87855693 1.23914081 1.00142308 0.81400731 2.038962974045e+03 4.312550321993e-03 9.370623302622e-02 9.784103108965e-04 2.104309629819e-03
17 43 0 3.74335549 0.87855693 1.23914081 1.00142308 0.81400731 1.742202611210e+03 4.879855036742e-03 1.017845049548e-01 8.982870482114e-04 2.164503673366e-03
17 44 0 3.74335549 0.87855693 1.23914081 1.00142308 0.81400731 1.548221603914e+03 6.937690383161e-03 1.102303081716e-01 9.002642908958e-04 2.229833866755e-03
17 45 0 3.74335549 0.87855693 1.23914081 1.00142308 0.81400731 1.533146586127e+03 1.235991811063e-02 1.189350705822e-01 9.970838523864e-04 2.300300084063e-03
17 46 0 3.74335549 0.87855693 1.23914081 1.00142308 0.81400731 1.685618194963e+03 1.967325721789e-02 1.277785144875e-01 1.142338152598e-03 2.375902189470e-03
17 47 0 3.74335549 0.87855693 1.23914081 1.00142308 0.81400731 1.905194226551e+03 2.903581988875e-02 1.366300979109e-01 1.273863730809e-03 2.456640037255e-03
17 48 0 3.74335549 0.87855693 1.23914081 1.00142308 0.81400731 2.069098176964e+03 3.951638320967e-02 1.453510721979e-01 1.367568053060e-03 2.542513471796e-03
17 49 0 3.74335549 0.87855693 1.23914081 1.00142308 0.81400731 2.113161255727e+03 4.618545670319e-02 1.537971548898e-01 1.448601368361e-03 2.633522327577e-03
17 50 0 3.74335549 0.87855693 1.23914081 1.00142308 0.81400731 2.060874194268e+03 4.806536125919e-02 1.618217898217e-01 1.548822439360e-03 2.729666429181e-03
17 51 0 3.74335549 0.87855693 1.23914081 1.00142308 0.81400731 2.011604291158e+03 4.602817335281e-02 1.692799386881e-01 1.655407760968e-03 2.830945591291e-03
17 52 0 3.74335549 0.87855693 1.23914081 1.00142308 0.81400731 2.107025111348e+03 3.879296650133e-02 1.760323210147e-01 1.708139838142e-03 2.937359618696e-03
17 53 0 3.74335549 0.87855693 1.23914081 1.00142308 0.81400731 2.452800837367e+03 2.914629921524e-02 1.819499936456e-01 1.655670821585e-03 3.048908306286e-03
17 54 0 3.74335549 0.87855693 1.23914081 1.00142308 0.81400731 3.031796744932e+03 1.989708881116e-02 1.869191375583e-01 1.518309279125e-03 3.165591439054e-03
17 55 0 3.74335549 0.87855693 1.23914081 1.00142308 0.81400731 3.704571789784e+03 1.000452403572e-02 1.908459000605e-01 1.391120180662e-03 3.287408792097e-03
17 56 0 3.74335549 0.87855693 1.23914081 1.00142308 0.81400731 4.297143261365e+03 2.114498743273e-03 1.936611251246e-01 1.375372935435e-03 3.414360130613e-03
17 57 0 3.74335549 0.87855693 1.23914081 1.00142308 0.81400731 4.685867459239e+03 4.508432874872e-04 1.953247945589e-01 1.498302723870e-03 3.546445209912e-03
17 58 0 3.74335549 0.87855693 1.23914081 1.00142308 0.81400731 4.848574771023e+03 4.785677319022e-03 1.958299985430e-01 1.697638637797e-03 3.683663775400e-03
17 59 0 3.74335549 0.87855693 1.23914081 1.00142308 0.81400731 4.889278897664e+03 1.336766048636e-02 1.952062562160e-01 1.886862920872e-03 3.826015562593e-03
17 60 0 3.74335549 0.87855693 1.23914081 1.00142308 0.81400731 4.994438474427e+03 2.574588133169e-02 1.935220157589e-01 2.036553501896e-03 3.973500297114e-03
17 61 0 3.74335549 0.87855693 1.23914081 1.00142308 0.81400731 5.319587264629e+03 3.999120311206e-02 1.908861787686e-01 2.188662520166e-03 4.126117694687e-03
17 62 0 3.74335549 0.87855693 1.23914081 1.00142308 0.81400731 5.898069717716e+03 5.081170203188e-02 1.874485155108e-01 2.387797973895e-03 4.283867461149e-03
17 63 0 3.74335549 0.87855693 1.23914081 1.00142308 0.81400731 6.621277944391e+03 5.973509407296e-02 1.833988654118e-01 2.602047551332e-03 4.446749292443e-03
22 0 0 11.15963859 0.77356414 1.24292114 0.85447489 0.76464654 1.762211996466e+05 3.308189724995e-02 2.074896557470e-01 1.567507929126e-02 8.407406992592e-04
22 1 0 11.15963859 0.77356414 1.24292114 0.85447489 0.76464654 1.722978487601e+05 3.917532069274e-02 2.524538879804e-01 1.600803086577e-02 8.097062543430e-04
22 2 0 11.15963859 0.77356414 1.24292114 0.85447489 0.76464654 1.647139616089e+05 4.049705471325e-02 2.569934342287e-01 1.546195585515e-02 7.797028863976e-04
22 3 0 11.15963859 0.77356414 1.24292114 0.85447489 0.76464654 1.568560207555e+05 3.775718150114e-02 2.148316041037e-01 1.405739957050e-02 7.507306450180e-04
22 4 0 11.15963859 0.77356414 1.24292114 0.85447489 0.76464654 1.526318449969e+05 3.224551150285e-02 2.004705249944e-01 1.263723151100e-02 7.227895780946e-04
22 5 0 11.15963859 0.77356414 1.24292114 0.85447489 0.76464654 1.510576241623e+05 2.592965036125e-02 2.412505902339e-01 1.199758256256e-02 6.958797318134e-04
22 6 0 11.15963859 0.77356414 1.24292114 0.85447489 0.76464654 1.479452810776e+05 2.439573835492e-02 2.692338320836e-01 1.213223283014e-02 6.700011506565e-04
22 7 0 11.15963859 0.77356414 1.24292114 0.85447489 0.76464654 1.416644049442e+05 2.392675331362e-02 2.377959593771e-01 1.230414363049e-02 6.451538773998e-04
22 8 0 11.15963859 0.77356414 1.24292114 0.85447489 0.76464654 1.349431507655e+05 2.220396544808e-02 2.011258226624e-01 1.180913464644e-02 6.213379531155e-04
22 9 0 11.15963859 0.77356414 1.24292114 0.85447489 0.76464654 1.310724640828e+05 2.449563927436e-02 2.203749890483e-01 1.064617858898e-02 5.985534171713e-04
22 10 0 11.15963859 0.77356414 1.24292114 0.85447489 0.76464654 1.294795303638e+05 2.659020753782e-02 2.603688446226e-01 9.462331227802e-03 5.768003072294e-04
22 11 0 11.15963859 0.77356414 1.24292114 0.85447489 0.76464654 1.269928361876e+05 2.520134816953e-02 2.523943241190e-01 8.884601813393e-03 5.560786592471e-04
22 12 0 11.15963859 0.77356414 1.24292114 0.85447489 0.76464654 1.221301764482e+05 2.541493465973e-02 2.103694260270e-01 8.926320352543e-03 5.363885074771e-04
22 13 0 11.15963859 0.77356414 1.24292114 0.85447489 0.76464654 1.166566592339e+05 2.576732126992e-02 2.029729276090e-01 9.027309057532e-03 5.177298844665e-04
22 14 0 11.15963859 0.77356414 1.24292114 0.85447489 0.76464654 1.131874767308e+05 2.368621450626e-02 2.368325868020e-01 8.636832436662e-03 5.001028210579e-04
22 15 0 11.15963859 0.77356414 1.24292114 0.85447489 0.76464654 1.118942396449e+05 2.067468406114e-02 2.505517554581e-01 7.739095761525e-03 4.835073463884e-04
22 16 0 11.15963859 0.77356414 1.24292114 0.85447489 0.76464654 1.103576107205e+05 1.666498675535e-02 2.207262644688e-01 6.825559080607e-03 4.679434878901e-04
22 17 0 11.15963859 0.77356414 1.24292114 0.85447489 0.76464654 1.068942472566e+05 1.441164288000e-02 1.962468261537e-01 6.385672225901e-03 4.534112712895e-04
22 18 0 11.15963859 0.77356414 1.24292114 0.85447489 0.76464654 1.025589812094e+05 1.652135999909e-02 2.118578255223e-01 6.440170929622e-03 4.399107206083e-04
22 19 0 11.15963859 0.77356414 1.24292114 0.85447489 0.76464654 9.989051549659e+04 1.943791435328e-02 2.341835928614e-01 6.558542124049e-03 4.274418581625e-04
22 20 0 11.15963859 0.77356414 1.24292114 0.85447489 0.76464654 9.938763133520e+04 1.998610792293e-02 2.236698347875e-01 6.306529961038e-03 4.160047045630e-04
22 21 0 11.15963859 0.77356414 1.24292114 0.85447489 0.76464654 9.890653742264e+04 1.947758775130e-02 1.981789876057e-01 5.663967224303e-03 4.055992787151e-04
22 22 0 11.15963859 0.77356414 1.24292114 0.85447489 0.76464654 9.659316839062e+04 1.951596002724e-02 1.962163078057e-01 5.015524430045e-03 3.962255978188e-04
22 23 0 11.15963859 0.77356414 1.24292114 0.85447489 0.76464654 9.321904465685e+04 1.863421005063e-02 2.133066212210e-01 4.752779007364e-03 3.878836773686e-04
22 24 0 11.15963859 0.77356414 1.24292114 0.85447489 0.76464654 9.116852438939e+04 1.641193473269e-02 2.167708002431e-01 4.894786170794e-03 3.805735311535e-04
22 25 0 11.15963859 0.77356414 1.24292114 0.85447489 0.76464654 9.118857705706e+04 1.516091324919e-02 2.018026543949e-01 5.090756653536e-03 3.742951712570e-04
22 26 0 11.15963859 0.77356414 1.24292114 0.85447489 0.76464654 9.152548772930e+04 1.428179293452e-02 1.927235527536e-01 4.980765182841e-03 3.690486080573e-04
22 27 0 11.15963859 0.77356414 1.24292114 0.85447489 0.76464654 9.043676877652e+04 1.325684835952e-02 1.989511293521e-01 4.547892248317e-03 3.648338502266e-04
22 28 0 11.15963859 0.77356414 1.24292114 0.85447489 0.76464654 8.832773220910e+04 1.375346955894e-02 2.050462112251e-01 4.121171725472e-03 3.616509047319e-04
22 29 0 11.15963859 0.77356414 1.24292114 0.85447489 0.76464654 8.706795948207e+04 1.461363016189e-02 2.016813880061e-01 4.040052145891e-03 3.594997768346e-04
22 30 0 11.15963859 0.77356414 1.24292114 0.85447489 0.76464654 8.765950595649e+04 1.642413376244e-02 1.971085309156e-01 4.318249941007e-03 3.583804700905e-04
22 31 0 11.15963859 0.77356414 1.24292114 0.85447489 0.76464654 8.904546921613e+04 1.978355206092e-02 1.970030390416e-01 4.635803692270e-03 3.582929863497e-04
22 32 0 11.15963859 0.77356414 1.24292114 0.85447489 0.76464654 8.955112031259e+04 1.959805422094e-02 1.971492471918e-01 4.661473955916e-03 3.592373257568e-04
22 33 0 11.15963859 0.77356414 1.24292114 0.85447489 0.76464654 8.877414439383e+04 1.619673745571e-02 1.975461249749e-01 4.384606957151e-03 3.612134867509e-04
22 34 0 11.15963859 0.77356414 1.24292114 0.85447489 0.76464654 8.835518592115e+04 1.472499682477e-02 2.024376367046e-01 4.128026985850e-03 3.642214660655e-04
22 35 0 11.15963859 0.77356414 1.24292114 0.85447489 0.76464654 8.986881077319e+04 1.418549623625e-02 2.061114310916e-01 4.227034642346e-03 3.682612587283e-04
22 36 0 11.15963859 0.77356414 1.24292114 0.85447489 0.76464654 9.250185727239e+04 1.383075873456e-02 2.001894302764e-01 4.689936617320e-03 3.733328580617e-04
22 37 0 11.15963859 0.77356414 1.24292114 0.85447489 0.76464654 9.405146649169e+04 1.470957523491e-02 1.941174213219e-01 5.179858384095e-03 3.794362556824e-04
22 38 0 11.15963859 0.77356414 1.24292114 0.85447489 0.76464654 9.391431893944e+04 1.539771546663e-02 2.036426703347e-01 5.345897406640e-03 3.865714415017e-04
22 39 0 11.15963859 0.77356414 1.24292114 0.85447489 0.76464654 9.408939913122e+04 1.682513859471e-02 2.191500294276e-01 5.182300928113e-03 3.947384037252e-04
22 40 0 11.15963859 0.77356414 1.24292114 0.85447489 0.76464654 9.644521354053e+04 1.945437965204e-02 2.157066160784e-01 5.052674094761e-03 4.039371288531e-04
22 41 0 11.15963859 0.77356414 1.24292114 0.85447489 0.76464654 1.000928245497e+05 2.065816051620e-02 1.983014062355e-01 5.337225074825e-03 4.141676016801e-04
22 42 0 11.15963859 0.77356414 1.24292114 0.85447489 0.76464654 1.026343422279e+05 2.069691575924e-02 2.006163417682e-01 6.041378561274e-03 4.254298052954e-04
22 43 0 11.15963859 0.77356414 1.24292114 0.85447489 0.76464654 1.032924475311e+05 2.101006222726e-02 2.271141349361e-01 6.764151432886e-03 4.377237210829e-04
22 44 0 11.15963859 0.77356414 1.24292114 0.85447489 0.76464654 1.040165619794e+05 2.019578424760e-02 2.378605858465e-01 7.083503597182e-03 4.510493287208e-04
22 45 0 11.15963859 0.77356414 1.24292114 0.85447489 0.76464654 1.070656997482e+05 1.719021767035e-02 2.146221130068e-01 6.992484376758e-03 4.654066061823e-04
22 46 0 11.15963859 0.77356414 1.24292114 0.85447489 0.76464654 1.119003151410e+05 1.539678209596e-02 1.987350911233e-01 6.940050128828e-03 4.807955297350e-04
22 47 0 11.15963859 0.77356414 1.24292114 0.85447489 0.76464654 1.159427247715e+05 1.812596116275e-02 2.245325441788e-01 7.402344307398e-03 4.972160739416e-04
22 48 0 11.15963859 0.77356414 1.24292114 0.85447489 0.76464654 1.177271727598e+05 2.216662669580e-02 2.553041310487e-01 8.388930915268e-03 5.146682116587e-04
22 49 0 11.15963859 0.77356414 1.24292114 0.85447489 0.76464654 1.189574660829e+05 2.499494452633e-02 2.404582388600e-01 9.390255496374e-03 5.331519140389e-04
22 50 0 11.15963859 0.77356414 1.24292114 0.85447489 0.76464654 1.224939224154e+05 2.711400127168e-02 2.052839812477e-01 9.859797687731e-03 5.526671505286e-04
22 51 0 11.15963859 0.77356414 1.24292114 0.85447489 0.76464654 1.284130762695e+05 2.699722801073e-02 2.136716000670e-01 9.778130143763e-03 5.732138888698e-04
22 52 0 11.15963859 0.77356414 1.24292114 0.85447489 0.76464654 1.337421585546e+05 2.730686344975e-02 2.574931784800e-01 9.720129398034e-03 5.947920950987e-04
22 53 0 11.15963859 0.77356414 1.24292114 0.85447489 0.76464654 1.361949340314e+05 2.888814941873e-02 2.648587089178e-01 1.030999541573e-02 6.174017335473e-04
22 54 0 11.15963859 0.77356414 1.24292114 0.85447489 0.76464654 1.376078504728e+05 2.621645912730e-02 2.226717239147e-01 1.157461721309e-02 6.410427668423e-04
22 55 0 11.15963859 0.77356414 1.24292114 0.85447489 0.76464654 1.417135787673e+05 2.357398748030e-02 2.033672791531e-01 1.285856434297e-02 6.657151559054e-04
22 56 0 11.15963859 0.77356414 1.24292114 0.85447489 0.76464654 1.488143821169e+05 2.541243425867e-02 2.421950547235e-01 1.344071286127e-02 6.914188599541e-04
22 57 0 11.15963859 0.77356414 1.24292114 0.85447489 0.76464654 1.552580843248e+05 2.608494102291e-02 2.740770987203e-01 1.327525556986e-02 7.181538365000e-04
22 58 0 11.15963859 0.77356414 1.24292114 0.85447489 0.76464654 1.583674101003e+05 2.819519133957e-02 2.437585668587e-01 1.309774279912e-02 7.459200413507e-04
22 59 0 11.15963859 0.77356414 1.24292114 0.85447489 0.76464654 1.601391066886e+05 3.497840641042e-02 2.016443493930e-01 1.372884899250e-02 7.747174286102e-04
22 60 0 11.15963859 0.77356414 1.24292114 0.85447489 0.76464654 1.648410937349e+05 4.041827991284e-02 2.176816914184e-01 1.522846379884e-02 8.045459506760e-04
22 61 0 11.15963859 0.77356414 1.24292114 0.85447489 0.76464654 1.730366027538e+05 4.299050172163e-02 2.612317989309e-01 1.676644101077e-02 8.354055582425e-04
22 62 0 11.15963859 0.77356414 1.24292114 0.85447489 0.76464654 1.809099194589e+05 4.148534880729e-02 2.550321851129e-01 1.740668575294e-02 8.672962002993e-04
22 63 0 11.15963859 0.77356414 1.24292114 0.85447489 0.76464654 1.850712184925e+05 3.542403220288e-02 2.079274963517e-01 1.706797002469e-02 9.002178241319e-04
23 0 0 2.04773428 0.84955651 0.93381071 1.00444678 0.71478755 4.181274444935e+02 2.851715140296e+01 3.164826746506e-03 2.001911384513e-01 3.153631942396e-02
23 1 0 2.04773428 0.84955651 0.93381071 1.00444678 0.71478755 4.027575763649e+02 2.793472992681e+01 3.507542923533e-03 2.063753195828e-01 3.704729099382e-02
23 2 0 2.04773428 0.84955651 0.93381071 1.00444678 0.71478755 3.865427231195e+02 2.976647467925e+01 3.146065821974e-03 2.061967999762e-01 4.041220348742e-02
23 3 0 2.04773428 0.84955651 0.93381071 1.00444678 0.71478755 3.708303801807e+02 3.322259096786e+01 2.551535421706e-03 2.087178819396e-01 3.894213234704e-02
23 4 0 2.04773428 0.84955651 0.93381071 1.00444678 0.71478755 3.569994129277e+02 3.680708677240e+01 2.563676065157e-03 2.142166393131e-01 3.413085117211e-02
23 5 0 2.04773428 0.84955651 0.93381071 1.00444678 0.71478755 3.441078345672e+02 3.882696690158e+01 2.936925964669e-03 2.129062651225e-01 2.958592906908e-02
23 6 0 2.04773428 0.84955651 0.93381071 1.00444678 0.71478755 3.311469530127e+02 3.815005901305e+01 2.836714087329e-03 1.960930654878e-01 2.577396702312e-02
23 7 0 2.04773428 0.84955651 0.93381071 1.00444678 0.71478755 3.181983174889e+02 3.529665349382e+01 2.300281353678e-03 1.665029547047e-01 2.358409629581e-02
23 8 0 2.04773428 0.84955651 0.93381071 1.00444678 0.71478755 3.068430429412e+02 3.198771613739e+01 2.109988891461e-03 1.362767604370e-01 2.291082619669e-02
23 9 0 2.04773428 0.84955651 0.93381071 1.00444678 0.71478755 2.966714678300e+02 2.954730327951e+01 2.410195648276e-03 1.154921339867e-01 2.110622266690e-02
23 10 0 2.04773428 0.84955651 0.93381071 1.00444678 0.71478755 2.870168926667e+02 2.823801490877e+01 2.508102977276e-03 1.040575717430e-01 1.822818129317e-02
23 11 0 2.04773428 0.84955651 0.93381071 1.00444678 0.71478755 2.786011629299e+02 2.755526541732e+01 2.110848059802e-03 9.490290443746e-02 1.558750768880e-02
23 12 0 2.04773428 0.84955651 0.93381071 1.00444678 0.71478755 2.717304054327e+02 2.674119890464e+01 1.794678018109e-03 8.346738479583e-02 1.374732520117e-02
23 13 0 2.04773428 0.84955651 0.93381071 1.00444678 0.71478755 2.651956180231e+02 2.550281733215e+01 1.964475670383e-03 7.247745784897e-02 1.473555961808e-02
23 14 0 2.04773428 0.84955651 0.93381071 1.00444678 0.71478755 2.575404476370e+02 2.432459681791e+01 2.177335740175e-03 6.758481170295e-02 1.865033150217e-02
23 15 0 2.04773428 0.84955651 0.93381071 1.00444678 0.71478755 2.499407876473e+02 2.403664468034e+01 1.953574659815e-03 6.991967911845e-02 2.311337527216e-02
23 16 0 2.04773428 0.84955651 0.93381071 1.00444678 0.71478755 2.434072526728e+02 2.530095192431e+01 1.595351993431e-03 7.419178896194e-02 2.688738927837e-02
23 17 0 2.04773428 0.84955651 0.93381071 1.00444678 0.71478755 2.370934811212e+02 2.799796240148e+01 1.621377431900e-03 7.391415497112e-02 2.817130420373e-02
23 18 0 2.04773428 0.84955651 0.93381071 1.00444678 0.71478755 2.300816390773e+02 3.082845671080e+01 1.869535747074e-03 6.749975745024e-02 2.578621443984e-02
23 19 0 2.04773428 0.84955651 0.93381071 1.00444678 0.71478755 2.233375989942e+02 3.228148677687e+01 1.814814880458e-03 5.883237902107e-02 2.181378615709e-02
23 20 0 2.04773428 0.84955651 0.93381071 1.00444678 0.71478755 2.178064742164e+02 3.184955080864e+01 1.486563141347e-03 5.249422677533e-02 1.784597450932e-02
23 21 0 2.04773428 0.84955651 0.93381071 1.00444678 0.71478755 2.118329525965e+02 2.985596760067e+01 1.387450138662e-03 4.924357140810e-02 1.452829717868e-02
23 22 0 2.04773428 0.84955651 0.93381071 1.00444678 0.71478755 2.044395719835e+02 2.708363551354e+01 1.608632814113e-03 4.616340307036e-02 1.305567586423e-02
23 23 0 2.04773428 0.84955651 0.93381071 1.00444678 0.71478755 1.970966723260e+02 2.467724494708e+01 1.693866895331e-03 4.046635578006e-02 1.259668505698e-02
23 24 0 2.04773428 0.84955651 0.93381071 1.00444678 0.71478755 1.914721651264e+02 2.329964876259e+01 1.447262888814e-03 3.251335160570e-02 1.184193685671e-02
23 25 0 2.04773428 0.84955651 0.93381071 1.00444678 0.71478755 1.872545155788e+02 2.264698075784e+01 1.259163015408e-03 2.522361043288e-02 1.116780355810e-02
23 26 0 2.04773428 0.84955651 0.93381071 1.00444678 0.71478755 1.834902926343e+02 2.208680451918e+01 1.412142269514e-03 2.109305283115e-02 1.058680661355e-02
23 27 0 2.04773428 0.84955651 0.93381071 1.00444678 0.71478755 1.811608690112e+02 2.118491304527e+01 1.596902583997e-03 2.005481484098e-02 1.075740515193e-02
23 28 0 2.04773428 0.84955651 0.93381071 1.00444678 0.71478755 1.801483246838e+02 2.007132395398e+01 1.463587589480e-03 1.996485981385e-02 1.299407767154e-02
23 29 0 2.04773428 0.84955651 0.93381071 1.00444678 0.71478755 1.786713562465e+02 1.956448762146e+01 1.229212251524e-03 1.877909735190e-02 1.647926919888e-02
23 30 0 2.04773428 0.84955651 0.93381071 1.00444678 0.71478755 1.767545335292e+02 2.029511731099e+01 1.290738475194e-03 1.625955576078e-02 2.001778123253e-02
23 31 0 2.04773428 0.84955651 0.93381071 1.00444678 0.71478755 1.770739484998e+02 2.213170759150e+01 1.531220123264e-03 1.391123262121e-02 2.274070393251e-02
23 32 0 2.04773428 0.84955651 0.93381071 1.00444678 0.71478755 1.815285187840e+02 2.453814899624e+01 1.527253578794e-03 1.348302112627e-02 2.277233285422e-02
23 33 0 2.04773428 0.84955651 0.93381071 1.00444678 0.71478755 1.871210622574e+02 2.653877558009e+01 1.291046309306e-03 1.537327907169e-02 2.010753734065e-02
23 34 0 2.04773428 0.84955651 0.93381071 1.00444678 0.71478755 1.909139868260e+02 2.699161185697e+01 1.251357990120e-03 1.823355123610e-02 1.654580227611e-02
23 35 0 2.04773428 0.84955651 0.93381071 1.00444678 0.71478755 1.938475765859e+02 2.571226118263e+01 1.502408808773e-03 2.017172447445e-02 1.293987140953e-02
23 36 0 2.04773428 0.84955651 0.93381071 1.00444678 0.71478755 1.980480019609e+02 2.352238197649e+01 1.631629544288e-03 2.066471640257e-02 1.061306866650e-02
23 37 0 2.04773428 0.84955651 0.93381071 1.00444678 0.71478755 2.036396190494e+02 2.133227836397e+01 1.439778481070e-03 2.143272178151e-02 1.042658261161e-02
23 38 0 2.04773428 0.84955651 0.93381071 1.00444678 0.71478755 2.090915285084e+02 1.976593237771e+01 1.301213797054e-03 2.511014529140e-02 1.106846868019e-02
23 39 0 2.04773428 0.84955651 0.93381071 1.00444678 0.71478755 2.149245566978e+02 1.888456112972e+01 1.515338683840e-03 3.259164315583e-02 1.189951302038e-02
23 40 0 2.04773428 0.84955651 0.93381071 1.00444678 0.71478755 2.215022061749e+02 1.814298448107e+01 1.768356599318e-03 4.166888201069e-02 1.278884983214e-02
23 41 0 2.04773428 0.84955651 0.93381071 1.00444678 0.71478755 2.271659724142e+02 1.710883819394e+01 1.669560964885e-03 4.879721286431e-02 1.329263479293e-02
23 42 0 2.04773428 0.84955651 0.93381071 1.00444678 0.71478755 2.311373642659e+02 1.583270229619e+01 1.449915364307e-03 5.263382037101e-02 1.479035836511e-02
23 43 0 2.04773428 0.84955651 0.93381071 1.00444678 0.71478755 2.349041004638e+02 1.478361661671e+01 1.577942833492e-03 5.556813302136e-02 1.810009478589e-02
23 44 0 2.04773428 0.84955651 0.93381071 1.00444678 0.71478755 2.403502838452e+02 1.486756258447e+01 1.926949768035e-03 6.104039120994e-02 2.207298659968e-02
23 45 0 2.04773428 0.84955651 0.93381071 1.00444678 0.71478755 2.465372842705e+02 1.666017133964e+01 1.969287742297e-03 6.909461802407e-02 2.614409082731e-02
23 46 0 2.04773428 0.84955651 0.93381071 1.00444678 0.71478755 2.522242929411e+02 1.953352403623e+01 1.707900318821e-03 7.529256531208e-02 2.857907467903e-02
23 47 0 2.04773428 0.84955651 0.93381071 1.00444678 0.71478755 2.585979969387e+02 2.220372273504e+01 1.705294841536e-03 7.504303977432e-02 2.722632716020e-02
23 48 0 2.04773428 0.84955651 0.93381071 1.00444678 0.71478755 2.664065890126e+02 2.362399445573e+01 2.098330456668e-03 6.917499682544e-02 2.332491419921e-02
23 49 0 2.04773428 0.84955651 0.93381071 1.00444678 0.71478755 2.747462731056e+02 2.324542774143e+01 2.319485496981e-03 6.430211028350e-02 1.862690992029e-02
23 50 0 2.04773428 0.84955651 0.93381071 1.00444678 0.71478755 2.826439769888e+02 2.132037132331e+01 2.081196161211e-03 6.674660278700e-02 1.449465157785e-02
23 51 0 2.04773428 0.84955651 0.93381071 1.00444678 0.71478755 2.916948947678e+02 1.887027138854e+01 1.921068308659e-03 7.635247466365e-02 1.349207891926e-02
23 52 0 2.04773428 0.84955651 0.93381071 1.00444678 0.71478755 3.032163324286e+02 1.686466798945e+01 2.281273961397e-03 8.745496017222e-02 1.545272960601e-02
23 53 0 2.04773428 0.84955651 0.93381071 1.00444678 0.71478755 3.161351958178e+02 1.556856980085e+01 2.693040003838e-03 9.641995073831e-02 1.834654766720e-02
23 54 0 2.04773428 0.84955651 0.93381071 1.00444678 0.71478755 3.294540462265e+02 1.454562949861e+01 2.564457125887e-03 1.069872448781e-01 2.154458802100e-02
23 55 0 2.04773428 0.84955651 0.93381071 1.00444678 0.71478755 3.433819929464e+02 1.315316992948e+01 2.254298845045e-03 1.262682350647e-01 2.349061176501e-02
23 56 0 2.04773428 0.84955651 0.93381071 1.00444678 0.71478755 3.584460836600e+02 1.137902207854e+01 2.489059637752e-03 1.550069929021e-01 2.419513819288e-02
23 57 0 2.04773428 0.84955651 0.93381071 1.00444678 0.71478755 3.732208020798e+02 1.010689760928e+01 3.061012867300e-03 1.834692669868e-01 2.639421745322e-02
23 58 0 2.04773428 0.84955651 0.93381071 1.00444678 0.71478755 3.876385616957e+02 1.034127035217e+01 3.135512929501e-03 1.990515808926e-01 3.011285227144e-02
23 59 0 2.04773428 0.84955651 0.93381071 1.00444678 0.71478755 4.030570380975e+02 1.249820711255e+01 2.731205388402e-03 1.982643367328e-01 3.464429697835e-02
23 60 0 2.04773428 0.84955651 0.93381071 1.00444678 0.71478755 4.198363146142e+02 1.620516855976e+01 2.752866840479e-03 1.896769606729e-01 3.950131689732e-02
23 61 0 2.04773428 0.84955651 0.93381071 1.00444678 0.71478755 4.367452133457e+02 2.009535880081e+01 3.402681910837e-03 1.839252616827e-01 4.082803245053e-02
23 62 0 2.04773428 0.84955651 0.93381071 1.00444678 0.71478755 4.524533692238e+02 2.232416731081e+01 3.754766325680e-03 1.819193979002e-01 3.726770455906e-02
23 63 0 2.04773428 0.84955651 0.93381071 1.00444678 0.71478755 4.689029820005e+02 2.200939051968e+01 3.364044683326e-03 1.751833002834e-01 3.153453400749e-02
25 0 0 7.35146170 0.76656251 1.10593439 0.85894263 0.72840255 4.507028143269e+04 8.109950023088e-02 7.667383737881e-01 8.173693196922e-04 1.521896775318e-02
25 1 0 7.35146170 0.76656251 1.10593439 0.85894263 0.72840255 4.422313123594e+04 6.199499544914e-02 7.916985506043e-01 8.531539653606e-04 1.443268458519e-02
25 2 0 7.35146170 0.76656251 1.10593439 0.85894263 0.72840255 4.451460738606e+04 4.868309528512e-02 7.703109496292e-01 8.879333941347e-04 1.368671770660e-02
25 3 0 7.35146170 0.76656251 1.10593439 0.85894263 0.72840255 4.453248962304e+04 4.383066174985e-02 6.866812250760e-01 9.213317771323e-04 1.297974511042e-02
25 4 0 7.35146170 0.76656251 1.10593439 0.85894263 0.72840255 4.322595620262e+04 4.095492146352e-02 5.893040327517e-01 9.530307116965e-04 1.231046214374e-02
25 5 0 7.35146170 0.76656251 1.10593439 0.85894263 0.72840255 4.060259744028e+04 4.004084424677e-02 5.426991789985e-01 9.827684452758e-04 1.167758413361e-02
25 6 0 7.35146170 0.76656251 1.10593439 0.85894263 0.72840255 3.770195598991e+04 4.271921584585e-02 5.652730014934e-01 1.010338586241e-03 1.107984895655e-02
25 7 0 7.35146170 0.76656251 1.10593439 0.85894263 0.72840255 3.571601746755e+04 4.646239147751e-02 6.134886021067e-01 1.035588328927e-03 1.051601954846e-02
25 8 0 7.35146170 0.76656251 1.10593439 0.85894263 0.72840255 3.508566059530e+04 5.190600278097e-02 6.254497116632e-01 1.058416223789e-03 9.984886351300e-03
25 9 0 7.35146170 0.76656251 1.10593439 0.85894263 0.72840255 3.533628406526e+04 6.095291720035e-02 5.795680452928e-01 1.078769526851e-03 9.485269693026e-03
25 10 0 7.35146170 0.76656251 1.10593439 0.85894263 0.72840255 3.541704764346e+04 7.026814875607e-02 5.120108926780e-01 1.096641165603e-03 9.016022097674e-03
25 11 0 7.35146170 0.76656251 1.10593439 0.85894263 0.72840255 3.441236065815e+04 7.681490646707e-02 4.790288282271e-01 1.112066361134e-03 8.576030522156e-03
25 12 0 7.35146170 0.76656251 1.10593439 0.85894263 0.72840255 3.239875731832e+04 8.250209524382e-02 5.031546905655e-01 1.125118948559e-03 8.164218516838e-03
25 13 0 7.35146170 0.76656251 1.10593439 0.85894263 0.72840255 3.024002538410e+04 8.880313364386e-02 5.546455581591e-01 1.135907439716e-03 7.779548306822e-03
25 14 0 7.35146170 0.76656251 1.10593439 0.85894263 0.72840255 2.877787191771e+04 9.286798831907e-02 5.826634959248e-01 1.144570873623e-03 7.421022791078e-03
25 15 0 7.35146170 0.76656251 1.10593439 0.85894263 0.72840255 2.843054167094e+04 9.072162009716e-02 5.632017352096e-01 1.151274501323e-03 7.087687456621e-03
25 16 0 7.35146170 0.76656251 1.10593439 0.85894263 0.72840255 2.880075055606e+04 8.204106211901e-02 5.181387818978e-01 1.156205352477e-03 6.778632205167e-03
25 17 0 7.35146170 0.76656251 1.10593439 0.85894263 0.72840255 2.898357286284e+04 6.986437726771e-02 4.907259586065e-01 1.159567731406e-03 6.492993089683e-03
25 18 0 7.35146170 0.76656251 1.10593439 0.85894263 0.72840255 2.834513757353e+04 5.638679011027e-02 5.043317794484e-01 1.161578690232e-03 6.229953958464e-03
25 19 0 7.35146170 0.76656251 1.10593439 0.85894263 0.72840255 2.692144212092e+04 4.323480847483e-02 5.437564393527e-01 1.162463526297e-03 5.988748004489e-03
25 20 0 7.35146170 0.76656251 1.10593439 0.85894263 0.72840255 2.532756990363e+04 3.326998088208e-02 5.734000733258e-01 1.162451350210e-03 5.768659217907e-03
25 21 0 7.35146170 0.76656251 1.10593439 0.85894263 0.72840255 2.430586121507e+04 2.665408684409e-02 5.713185305502e-01 1.161770769650e-03 5.569023739648e-03
25 22 0 7.35146170 0.76656251 1.10593439 0.85894263 0.72840255 2.421717703583e+04 2.107760461607e-02 5.464269043013e-01 1.160645732446e-03 5.389231114347e-03
25 23 0 7.35146170 0.76656251 1.10593439 0.85894263 0.72840255 2.476175362349e+04 1.834085466436e-02 5.257879786159e-01 1.159291570541e-03 5.228725440814e-03
25 24 0 7.35146170 0.76656251 1.10593439 0.85894263 0.72840255 2.517693257939e+04 2.125613107403e-02 5.279077311827e-01 1.157911284138e-03 5.087006418498e-03
25 25 0 7.35146170 0.76656251 1.10593439 0.85894263 0.72840255 2.484896568704e+04 2.717838754044e-02 5.482746260494e-01 1.156692102747e-03 4.963630288511e-03
25 26 0 7.35146170 0.76656251 1.10593439 0.85894263 0.72840255 2.381061223936e+04 3.410615247038e-02 5.680459615608e-01 1.155802356966e-03 4.858210667909e-03
25 27 0 7.35146170 0.76656251 1.10593439 0.85894263 0.72840255 2.266509080662e+04 4.396869584551e-02 5.737114778437e-01 1.155388691638e-03 4.770419276109e-03
25 28 0 7.35146170 0.76656251 1.10593439 0.85894263 0.72840255 2.208386018002e+04 5.504028143445e-02 5.675245045719e-01 1.155573647655e-03 4.699986552426e-03
25 29 0 7.35146170 0.76656251 1.10593439 0.85894263 0.72840255 2.231996454605e+04 6.413481521300e-02 5.609065886027e-01 1.156453636029e-03 4.646702163900e-03
25 30 0 7.35146170 0.76656251 1.10593439 0.85894263 0.72840255 2.304392413267e+04 7.316216059382e-02 5.609359070544e-01 1.158097324038e-03 4.610415402708e-03
25 31 0 7.35146170 0.76656251 1.10593439 0.85894263 0.72840255 2.369344806969e+04 8.108938611737e-02 5.650221622072e-01 1.160544449289e-03 4.591035472619e-03
25 32 0 7.35146170 0.76656251 1.10593439 0.85894263 0.72840255 2.387006323348e+04 8.106323018810e-02 5.676334353357e-01 1.163805073440e-03 4.588531664097e-03
25 33 0 7.35146170 0.76656251 1.10593439 0.85894263 0.72840255 2.341898076390e+04 7.329804419709e-02 5.690688345845e-01 1.167859283108e-03 4.602933417814e-03
25 34 0 7.35146170 0.76656251 1.10593439 0.85894263 0.72840255 2.272913949549e+04 6.461071821241e-02 5.749372618801e-01 1.172657341268e-03 4.634330276477e-03
25 35 0 7.35146170 0.76656251 1.10593439 0.85894263 0.72840255 2.254246422782e+04 5.566778789988e-02 5.869697736228e-01 1.178120288135e-03 4.682871725030e-03
25 36 0 7.35146170 0.76656251 1.10593439 0.85894263 0.72840255 2.322064160711e+04 4.465840357447e-02 5.971114023458e-01 1.184140986243e-03 4.748766919457e-03
25 37 0 7.35146170 0.76656251 1.10593439 0.85894263 0.72840255 2.446091112870e+04 3.493878593170e-02 5.941581092050e-01 1.190585600233e-03 4.832284304537e-03
25 38 0 7.35146170 0.76656251 1.10593439 0.85894263 0.72840255 2.553788278568e+04 2.803135479192e-02 5.775969341084e-01 1.197295497645e-03 4.933751121077e-03
25 39 0 7.35146170 0.76656251 1.10593439 0.85894263 0.72840255 2.587575318490e+04 2.203575405583e-02 5.628197828283e-01 1.204089552989e-03 5.053552803295e-03
25 40 0 7.35146170 0.76656251 1.10593439 0.85894263 0.72840255 2.551866192937e+04 1.925842242270e-02 5.686200543590e-01 1.210766833441e-03 5.192132267156e-03
25 41 0 7.35146170 0.76656251 1.10593439 0.85894263 0.72840255 2.507975037470e+04 2.227594408978e-02 5.968751925827e-01 1.217109640746e-03 5.349989090649e-03
25 42 0 7.35146170 0.76656251 1.10593439 0.85894263 0.72840255 2.525486382531e+04 2.810230321185e-02 6.257979060947e-01 1.222886880384e-03 5.527678587105e-03
25 43 0 7.35146170 0.76656251 1.10593439 0.85894263 0.72840255 2.634903680215e+04 3.512275547277e-02 6.276070025202e-01 1.227857725709e-03 5.725810772823e-03
25 44 0 7.35146170 0.76656251 1.10593439 0.85894263 0.72840255 2.805557707646e+04 4.577124754210e-02 5.966503297097e-01 1.231775541727e-03 5.945049230410e-03
25 45 0 7.35146170 0.76656251 1.10593439 0.85894263 0.72840255 2.960869921201e+04 5.975378988816e-02 5.597833044341e-01 1.234392030376e-03 6.186109869402e-03
25 46 0 7.35146170 0.76656251 1.10593439 0.85894263 0.72840255 3.032082220874e+04 7.409930906105e-02 5.546078147121e-01 1.235461556700e-03 6.449759585813e-03
25 47 0 7.35146170 0.76656251 1.10593439 0.85894263 0.72840255 3.015721984296e+04 8.700810459591e-02 5.928499996808e-01 1.234745613152e-03 6.736814822512e-03
25 48 0 7.35146170 0.76656251 1.10593439 0.85894263 0.72840255 2.985081539921e+04 9.607022909044e-02 6.446602693894e-01 1.232017377446e-03 7.048140032339e-03
25 49 0 7.35146170 0.76656251 1.10593439 0.85894263 0.72840255 3.033802253078e+04 9.827422250878e-02 6.632347482784e-01 1.227066317921e-03 7.384646046089e-03
25 50 0 7.35146170 0.76656251 1.10593439 0.85894263 0.72840255 3.198971801686e+04 9.411644731231e-02 6.300509701425e-01 1.219702799316e-03 7.747288347605e-03
25 51 0 7.35146170 0.76656251 1.10593439 0.85894263 0.72840255 3.442587398937e+04 8.776492016146e-02 5.770724954744e-01 1.209762641135e-03 8.137065258356e-03
25 52 0 7.35146170 0.76656251 1.10593439 0.85894263 0.72840255 3.659625809397e+04 8.214599270481e-02 5.605077675714e-01 1.197111580509e-03 8.555016033945e-03
25 53 0 7.35146170 0.76656251 1.10593439 0.85894263 0.72840255 3.755734811113e+04 7.546436353786e-02 6.073752230317e-01 1.181649591540e-03 9.002218875258e-03
25 54 0 7.35146170 0.76656251 1.10593439 0.85894263 0.72840255 3.743724251387e+04 6.562843115246e-02 6.861934658175e-01 1.163315013595e-03 9.479788856909e-03
25 55 0 7.35146170 0.76656251 1.10593439 0.85894263 0.72840255 3.718586165389e+04 5.612653659940e-02 7.337227703762e-01 1.142088441959e-03 9.988875775875e-03
25 56 0 7.35146170 0.76656251 1.10593439 0.85894263 0.72840255 3.792434345659e+04 5.042212772026e-02 7.157498074910e-01 1.117996335493e-03 1.053066192329e-02
25 57 0 7.35146170 0.76656251 1.10593439 0.85894263 0.72840255 4.021895209382e+04 4.620979874734e-02 6.635291172331e-01 1.091114297669e-03 1.110635978257e-02
25 58 0 7.35146170 0.76656251 1.10593439 0.85894263 0.72840255 4.345587579105e+04 4.305758953684e-02 6.474851134995e-01 1.061569989392e-03 1.171720965680e-02
25 59 0 7.35146170 0.76656251 1.10593439 0.85894263 0.72840255 4.620139402973e+04 4.382181171437e-02 7.102888543666e-01 1.029545634464e-03 1.236447722909e-02
25 60 0 7.35146170 0.76656251 1.10593439 0.85894263 0.72840255 4.738201778718e+04 4.660464827160e-02 8.237504106162e-01 9.952800813178e-04 1.304945105890e-02
25 61 0 7.35146170 0.76656251 1.10593439 0.85894263 0.72840255 4.711151541057e+04 5.176677476590e-02 9.137855394974e-01 9.590703877924e-04 1.377344001801e-02
25 62 0 7.35146170 0.76656251 1.10593439 0.85894263 0.72840255 4.669893124527e+04 6.631861323738e-02 9.317322847025e-01 9.212728991169e-04 1.453777066987e-02
25 63 0 7.35146170 0.76656251 1.10593439 0.85894263 0.72840255 4.774223086659e+04 8.665332335006e-02 9.029899638365e-01 8.823037930478e-04 1.534378459561e-02
27 0 0 2.40492717 0.71930692 1.62861221 0.75416154 0.81640743 7.792902183102e+02 1.924006655718e-03 1.718931480860e+02 5.552778965596e+00 1.567207747804e+01
27 1 0 2.40492717 0.71930692 1.62861221 0.75416154 0.81640743 7.533718373200e+02 2.243609543008e-03 1.662928663641e+02 5.276087757700e+00 1.491086347032e+01
27 2 0 2.40492717 0.71930692 1.62861221 0.75416154 0.81640743 7.319854174777e+02 2.015963298410e-03 1.625454161390e+02 4.996207230258e+00 1.404743644939e+01
27 3 0 2.40492717 0.71930692 1.62861221 0.75416154 0.81640743 7.044140488220e+02 1.466004090411e-03 1.588563923894e+02 4.726556956251e+00 1.351912791504e+01
27 4 0 2.40492717 0.71930692 1.62861221 0.75416154 0.81640743 6.811361405266e+02 8.779943799689e-04 1.543395831196e+02 4.448291016886e+00 1.321462458424e+01
27 5 0 2.40492717 0.71930692 1.62861221 0.75416154 0.81640743 6.703077944825e+02 3.813125631157e-04 1.506015728703e+02 4.174510832354e+00 1.269303824032e+01
27 6 0 2.40492717 0.71930692 1.62861221 0.75416154 0.81640743 6.503881811234e+02 6.845361303492e-05 1.443334440181e+02 3.944644186385e+00 1.195868514319e+01
27 7 0 2.40492717 0.71930692 1.62861221 0.75416154 0.81640743 6.060935300006e+02 6.074446817854e-05 1.389880056195e+02 3.708417074381e+00 1.138899680502e+01
27 8 0 2.40492717 0.71930692 1.62861221 0.75416154 0.81640743 5.604268548527e+02 3.228307434051e-04 1.324823986711e+02 3.447875889420e+00 1.102156687560e+01
27 9 0 2.40492717 0.71930692 1.62861221 0.75416154 0.81640743 5.390696874792e+02 5.890410346965e-04 1.269883171296e+02 3.220173008024e+00 1.051547204613e+01
27 10 0 2.40492717 0.71930692 1.62861221 0.75416154 0.81640743 5.377844324562e+02 6.421036268499e-04 1.220761110305e+02 3.013281513393e+00 9.797686032969e+00
27 11 0 2.40492717 0.71930692 1.62861221 0.75416154 0.81640743 5.340367959951e+02 5.645122309643e-04 1.176323191336e+02 2.797848094046e+00 9.192709910593e+00
27 12 0 2.40492717 0.71930692 1.62861221 0.75416154 0.81640743 5.131920232815e+02 5.607036242145e-04 1.146173998301e+02 2.590551051314e+00 8.842352501903e+00
27 13 0 2.40492717 0.71930692 1.62861221 0.75416154 0.81640743 4.848048034140e+02 6.161158452724e-04 1.119921378601e+02 2.388288731011e+00 8.487744367282e+00
27 14 0 2.40492717 0.71930692 1.62861221 0.75416154 0.81640743 4.646096207256e+02 5.264299752909e-04 1.084919041782e+02 2.196847302775e+00 7.960475924513e+00
27 15 0 2.40492717 0.71930692 1.62861221 0.75416154 0.81640743 4.482024052723e+02 2.480537413789e-04 1.049863419476e+02 2.028696491830e+00 7.460014222055e+00
27 16 0 2.40492717 0.71930692 1.62861221 0.75416154 0.81640743 4.274772318119e+02 2.075205515299e-05 1.003754151041e+02 1.854147266887e+00 7.154173473734e+00
27 17 0 2.40492717 0.71930692 1.62861221 0.75416154 0.81640743 4.116909912939e+02 7.449189840743e-05 9.657180184286e+01 1.674546404805e+00 6.868563897131e+00
27 18 0 2.40492717 0.71930692 1.62861221 0.75416154 0.81640743 4.094674915200e+02 3.547076317180e-04 9.257596649488e+01 1.522923096788e+00 6.407762463843e+00
27 19 0 2.40492717 0.71930692 1.62861221 0.75416154 0.81640743 4.118975327126e+02 6.282596823708e-04 8.894308796508e+01 1.382526813273e+00 5.895261243468e+00
27 20 0 2.40492717 0.71930692 1.62861221 0.75416154 0.81640743 4.035270954961e+02 7.553575344893e-04 8.672367418522e+01 1.236234248331e+00 5.536410519676e+00
27 21 0 2.40492717 0.71930692 1.62861221 0.75416154 0.81640743 3.816670470501e+02 7.477416620006e-04 8.432860760300e+01 1.100372934124e+00 5.265985829291e+00
27 22 0 2.40492717 0.71930692 1.62861221 0.75416154 0.81640743 3.616186869495e+02 6.381304974730e-04 8.308275137446e+01 9.751166367879e-01 4.901211365178e+00
27 23 0 2.40492717 0.71930692 1.62861221 0.75416154 0.81640743 3.558008460467e+02 4.368502112086e-04 8.162751652784e+01 8.586371220725e-01 4.483545792417e+00
27 24 0 2.40492717 0.71930692 1.62861221 0.75416154 0.81640743 3.568433901764e+02 2.055819149974e-04 8.070846835782e+01 7.548117670614e-01 4.191479669115e+00
27 25 0 2.40492717 0.71930692 1.62861221 0.75416154 0.81640743 3.545599448939e+02 4.790856841134e-05 7.956497718296e+01 6.515516782966e-01 4.012335153953e+00
27 26 0 2.40492717 0.71930692 1.62861221 0.75416154 0.81640743 3.514711316734e+02 1.907283920906e-07 7.765177137069e+01 5.522515581754e-01 3.770142821113e+00
27 27 0 2.40492717 0.71930692 1.62861221 0.75416154 0.81640743 3.522347512417e+02 2.624421636456e-05 7.584974350486e+01 4.717206744829e-01 3.435653077577e+00
27 28 0 2.40492717 0.71930692 1.62861221 0.75416154 0.81640743 3.535651531174e+02 1.440513924460e-04 7.453840832488e+01 3.993002540972e-01 3.155820833254e+00
27 29 0 2.40492717 0.71930692 1.62861221 0.75416154 0.81640743 3.472519464218e+02 4.427937790329e-04 7.311410888216e+01 3.269503516730e-01 2.976061398041e+00
27 30 0 2.40492717 0.71930692 1.62861221 0.75416154 0.81640743 3.334196334159e+02 8.972739447764e-04 7.274464106789e+01 2.648635164103e-01 2.769580929489e+00
27 31 0 2.40492717 0.71930692 1.62861221 0.75416154 0.81640743 3.287019401087e+02 1.257531949977e-03 7.264797167331e+01 2.136902470665e-01 2.482404834093e+00
27 32 0 2.40492717 0.71930692 1.62861221 0.75416154 0.81640743 3.433642823002e+02 1.252103283896e-03 7.474866565708e+01 1.697514849921e-01 2.234304961053e+00
27 33 0 2.40492717 0.71930692 1.62861221 0.75416154 0.81640743 3.609785118824e+02 8.860449405921e-04 7.695276809088e+01 1.348104851068e-01 2.102137973793e+00
27 34 0 2.40492717 0.71930692 1.62861221 0.75416154 0.81640743 3.643727597827e+02 4.350549506900e-04 7.894636913985e+01 1.064934925613e-01 1.990052415828e+00
27 35 0 2.40492717 0.71930692 1.62861221 0.75416154 0.81640743 3.598933954929e+02 1.430726947715e-04 8.084679357863e+01 8.429538222809e-02 1.812547177258e+00
27 36 0 2.40492717 0.71930692 1.62861221 0.75416154 0.81640743 3.601249289602e+02 2.755116908768e-05 8.224675170716e+01 7.283822343547e-02 1.642795045204e+00
27 37 0 2.40492717 0.71930692 1.62861221 0.75416154 0.81640743 3.665142985096e+02 2.430966725642e-07 8.389123868949e+01 7.167596701927e-02 1.561465612538e+00
27 38 0 2.40492717 0.71930692 1.62861221 0.75416154 0.81640743 3.738076332644e+02 5.141473187837e-05 8.472168281074e+01 7.633669037547e-02 1.499583375324e+00
27 39 0 2.40492717 0.71930692 1.62861221 0.75416154 0.81640743 3.804911703284e+02 2.219596287842e-04 8.560288400946e+01 8.708781369571e-02 1.367336196458e+00
27 40 0 2.40492717 0.71930692 1.62861221 0.75416154 0.81640743 3.940097875758e+02 4.714504689856e-04 8.747649140077e+01 1.077908440081e-01 1.222155073745e+00
27 41 0 2.40492717 0.71930692 1.62861221 0.75416154 0.81640743 4.172132548368e+02 6.894409253001e-04 8.963984759686e+01 1.376991843796e-01 1.162027917032e+00
27 42 0 2.40492717 0.71930692 1.62861221 0.75416154 0.81640743 4.357775595486e+02 8.101989237839e-04 9.252174266570e+01 1.754125986043e-01 1.148456188947e+00
27 43 0 2.40492717 0.71930692 1.62861221 0.75416154 0.81640743 4.384488485238e+02 8.193799370293e-04 9.592553013844e+01 2.226908032970e-01 1.091001004017e+00
27 44 0 2.40492717 0.71930692 1.62861221 0.75416154 0.81640743 4.361928412228e+02 6.791753144063e-04 9.934079898376e+01 2.748333223523e-01 1.026607452242e+00
27 45 0 2.40492717 0.71930692 1.62861221 0.75416154 0.81640743 4.464707195976e+02 3.806326996759e-04 1.036978301558e+02 3.324087375125e-01 1.047525988172e+00
27 46 0 2.40492717 0.71930692 1.62861221 0.75416154 0.81640743 4.718684811886e+02 7.911351644808e-05 1.064746487678e+02 4.069397083699e-01 1.114981553363e+00
27 47 0 2.40492717 0.71930692 1.62861221 0.75416154 0.81640743 4.991115875758e+02 2.156410432905e-05 1.100707344086e+02 4.902273436999e-01 1.121993543893e+00
27 48 0 2.40492717 0.71930692 1.62861221 0.75416154 0.81640743 5.180760757423e+02 2.568047673676e-04 1.125574831662e+02 5.702859000396e-01 1.093737712319e+00
27 49 0 2.40492717 0.71930692 1.62861221 0.75416154 0.81640743 5.366758926508e+02 5.379461044907e-04 1.149815871712e+02 6.623739146369e-01 1.139332514810e+00
27 50 0 2.40492717 0.71930692 1.62861221 0.75416154 0.81640743 5.606293957673e+02 6.237403175948e-04 1.176778058538e+02 7.702114485168e-01 1.240287851578e+00
27 51 0 2.40492717 0.71930692 1.62861221 0.75416154 0.81640743 5.765779836214e+02 5.752158460703e-04 1.210237443551e+02 8.823238296364e-01 1.287244516759e+00
27 52 0 2.40492717 0.71930692 1.62861221 0.75416154 0.81640743 5.800459279889e+02 6.035604552323e-04 1.260654220422e+02 1.002911769375e+00 1.305424407446e+00
27 53 0 2.40492717 0.71930692 1.62861221 0.75416154 0.81640743 5.911945531424e+02 7.016987493825e-04 1.315965935877e+02 1.126786477737e+00 1.425627889244e+00
27 54 0 2.40492717 0.71930692 1.62861221 0.75416154 0.81640743 6.266497733950e+02 6.406257625830e-04 1.365778565933e+02 1.255712914125e+00 1.633058807268e+00
27 55 0 2.40492717 0.71930692 1.62861221 0.75416154 0.81640743 6.772138402485e+02 3.445277022756e-04 1.422653585976e+02 1.410947038260e+00 1.778262643617e+00
27 56 0 2.40492717 0.71930692 1.62861221 0.75416154 0.81640743 7.144270227074e+02 6.096144193235e-05 1.464180708629e+02 1.569770560795e+00 1.854912915334e+00
27 57 0 2.40492717 0.71930692 1.62861221 0.75416154 0.81640743 7.230805714189e+02 7.304023491838e-05 1.506987381528e+02 1.712991599816e+00 2.014611831882e+00
27 58 0 2.40492717 0.71930692 1.62861221 0.75416154 0.81640743 7.268168690914e+02 4.092990040105e-04 1.542577550219e+02 1.880579696729e+00 2.266282323728e+00
27 59 0 2.40492717 0.71930692 1.62861221 0.75416154 0.81640743 7.516389925544e+02 9.385812704830e-04 1.576581849934e+02 2.071557689185e+00 2.437405764216e+00
27 60 0 2.40492717 0.71930692 1.62861221 0.75416154 0.81640743 7.858135850300e+02 1.565245716566e-03 1.631577943534e+02 2.253920522339e+00 2.506921672872e+00
27 61 0 2.40492717 0.71930692 1.62861221 0.75416154 0.81640743 8.137363809833e+02 2.147495131736e-03 1.680588940013e+02 2.442711134537e+00 2.680071564984e+00
27 62 0 2.40492717 0.71930692 1.62861221 0.75416154 0.81640743 8.460493848352e+02 2.377567568723e-03 1.760995923398e+02 2.639138266701e+00 3.020404877078e+00
27 63 0 2.40492717 0.71930692 1.62861221 0.75416154 0.81640743 8.923542159500e+02 2.024507022896e-03 1.841343284742e+02 2.845114171406e+00 3.320093023212e+00
