# environment=00267 local_bs=1 gain_scale=3.498445671998e-13
# ue subcarrier serving_bs phi0 phi1 phi2 phi3 phi4 gain0 gain1 gain2 gain3 gain4
5 0 1 1.23152573 1.71396383 1.17538306 1.25199287 1.02164205 1.846117266750e+00 7.149264379049e+00 1.228355357400e-02 2.156123990656e+00 1.207933881132e-02
5 1 1 1.23152573 1.71396383 1.17538306 1.25199287 1.02164205 1.778626298662e+00 6.908258307078e+00 1.169366733767e-02 2.095324989330e+00 1.167815811646e-02
5 2 1 1.23152573 1.71396383 1.17538306 1.25199287 1.02164205 1.724845577394e+00 6.670047783400e+00 1.286801474900e-02 2.020253806784e+00 1.159982534500e-02
5 3 1 1.23152573 1.71396383 1.17538306 1.25199287 1.02164205 1.672282021007e+00 6.434978356625e+00 1.170843625133e-02 1.956690341155e+00 1.090280408964e-02
5 4 1 1.23152573 1.71396383 1.17538306 1.25199287 1.02164205 1.616257004152e+00 6.175484372258e+00 1.092107096678e-02 1.868453915747e+00 9.870575724823e-03
5 5 1 1.23152573 1.71396383 1.17538306 1.25199287 1.02164205 1.587356983677e+00 6.030389269720e+00 1.156896136802e-02 1.801007758851e+00 1.115556279284e-02
5 6 1 1.23152573 1.71396383 1.17538306 1.25199287 1.02164205 1.532465955821e+00 5.792070377709e+00 1.147889375689e-02 1.736162732377e+00 9.824074547058e-03
5 7 1 1.23152573 1.71396383 1.17538306 1.25199287 1.02164205 1.490612645254e+00 5.554980326020e+00 1.173659105224e-02 1.672590337823e+00 7.394909706480e-03
5 8 1 1.23152573 1.71396383 1.17538306 1.25199287 1.02164205 1.434484808089e+00 5.424230064797e+00 1.025399939776e-02 1.626490664446e+00 7.429549190209e-03
5 9 1 1.23152573 1.71396383 1.17538306 1.25199287 1.02164205 1.357918287295e+00 5.192933127878e+00 1.074622304823e-02 1.552918620691e+00 8.248434359099e-03
5 10 1 1.23152573 1.71396383 1.17538306 1.25199287 1.02164205 1.324077841708e+00 5.002387928844e+00 1.146349577859e-02 1.498872225242e+00 8.998885764992e-03
5 11 1 1.23152573 1.71396383 1.17538306 1.25199287 1.02164205 1.262288914140e+00 4.849183100357e+00 1.042194325335e-02 1.430542857933e+00 9.858577573578e-03
5 12 1 1.23152573 1.71396383 1.17538306 1.25199287 1.02164205 1.207304083587e+00 4.680246851153e+00 9.638739920480e-03 1.376402527378e+00 9.362481868304e-03
5 13 1 1.23152573 1.71396383 1.17538306 1.25199287 1.02164205 1.173498116788e+00 4.524729915958e+00 1.003309741163e-02 1.333894135501e+00 9.346733452895e-03
5 14 1 1.23152573 1.71396383 1.17538306 1.25199287 1.02164205 1.118999717740e+00 4.384579656330e+00 1.056815738158e-02 1.284485281807e+00 8.232752406208e-03
5 15 1 1.23152573 1.71396383 1.17538306 1.25199287 1.02164205 1.076412892967e+00 4.278915661083e+00 9.752837437810e-03 1.246082239620e+00 6.836941161123e-03
5 16 1 1.23152573 1.71396383 1.17538306 1.25199287 1.02164205 1.024478421706e+00 4.150623885865e+00 9.844939680424e-03 1.197279584245e+00 6.880167010382e-03
5 17 1 1.23152573 1.71396383 1.17538306 1.25199287 1.02164205 9.894071989623e-01 4.042797296170e+00 8.812089812730e-03 1.149078170260e+00 6.785000579287e-03
5 18 1 1.23152573 1.71396383 1.17538306 1.25199287 1.02164205 9.725337372203e-01 3.972479606090e+00 8.558128988400e-03 1.117249238964e+00 6.842389105226e-03
5 19 1 1.23152573 1.71396383 1.17538306 1.25199287 1.02164205 9.418549435274e-01 3.837290929051e+00 1.028472460409e-02 1.074669783379e+00 6.821886834340e-03
5 20 1 1.23152573 1.71396383 1.17538306 1.25199287 1.02164205 9.231648419079e-01 3.791167235344e+00 9.655320745540e-03 1.060135013752e+00 6.583140982925e-03
5 21 1 1.23152573 1.71396383 1.17538306 1.25199287 1.02164205 9.124090737227e-01 3.669535531987e+00 8.142633561724e-03 1.025550513948e+00 7.406534758652e-03
5 22 1 1.23152573 1.71396383 1.17538306 1.25199287 1.02164205 9.002464575709e-01 3.584192532204e+00 7.942103382928e-03 1.004509239730e+00 7.919320206927e-03
5 23 1 1.23152573 1.71396383 1.17538306 1.25199287 1.02164205 8.771435868973e-01 3.521369489316e+00 8.602478047321e-03 9.777207291323e-01 7.156127683650e-03
5 24 1 1.23152573 1.71396383 1.17538306 1.25199287 1.02164205 8.699097094459e-01 3.408929945463e+00 9.394226053187e-03 9.523146448878e-01 7.574880140934e-03
5 25 1 1.23152573 1.71396383 1.17538306 1.25199287 1.02164205 8.780333120356e-01 3.345628345715e+00 9.149648565325e-03 9.425782961143e-01 6.019218350732e-03
5 26 1 1.23152573 1.71396383 1.17538306 1.25199287 1.02164205 8.698258100597e-01 3.281157566402e+00 7.365799033834e-03 9.293108988804e-01 4.655689935037e-03
5 27 1 1.23152573 1.71396383 1.17538306 1.25199287 1.02164205 8.692142392600e-01 3.228165649384e+00 7.670576638807e-03 9.249121282321e-01 5.457447905548e-03
5 28 1 1.23152573 1.71396383 1.17538306 1.25199287 1.02164205 8.632661543288e-01 3.174965127642e+00 8.503280461389e-03 9.210609584314e-01 5.966917051294e-03
5 29 1 1.23152573 1.71396383 1.17538306 1.25199287 1.02164205 8.624259678487e-01 3.154793935431e+00 8.621984690890e-03 9.071483654149e-01 6.815606219608e-03
5 30 1 1.23152573 1.71396383 1.17538306 1.25199287 1.02164205 8.604556271697e-01 3.179749766819e+00 9.532766986067e-03 9.120741385877e-01 7.831396605029e-03
5 31 1 1.23152573 1.71396383 1.17538306 1.25199287 1.02164205 8.407489131519e-01 3.131302227974e+00 7.038719406392e-03 9.037350426002e-01 5.759220413513e-03
5 32 1 1.23152573 1.71396383 1.17538306 1.25199287 1.02164205 8.558027529247e-01 3.206166002428e+00 7.054679020150e-03 9.194473275298e-01 5.754118546396e-03
5 33 1 1.23152573 1.71396383 1.17538306 1.25199287 1.02164205 8.634331892339e-01 3.239434307043e+00 9.601104047781e-03 9.280540067829e-01 7.828888355531e-03
5 34 1 1.23152573 1.71396383 1.17538306 1.25199287 1.02164205 8.532277976564e-01 3.266714298612e+00 8.732058162484e-03 9.392682075845e-01 6.842183450610e-03
5 35 1 1.23152573 1.71396383 1.17538306 1.25199287 1.02164205 8.615019909569e-01 3.345806342387e+00 8.661199437133e-03 9.555395728350e-01 6.028975559535e-03
5 36 1 1.23152573 1.71396383 1.17538306 1.25199287 1.02164205 8.631717987440e-01 3.413647014798e+00 7.842828174984e-03 9.606562768408e-01 5.573713953668e-03
5 37 1 1.23152573 1.71396383 1.17538306 1.25199287 1.02164205 8.744617984994e-01 3.469694753416e+00 7.564780249706e-03 9.835440345632e-01 4.785704531535e-03
5 38 1 1.23152573 1.71396383 1.17538306 1.25199287 1.02164205 8.825520746433e-01 3.535762607334e+00 9.440977723388e-03 1.004249149160e+00 6.246278481904e-03
5 39 1 1.23152573 1.71396383 1.17538306 1.25199287 1.02164205 8.981071489447e-01 3.614572280121e+00 9.730679041911e-03 1.031636298022e+00 7.901280917115e-03
5 40 1 1.23152573 1.71396383 1.17538306 1.25199287 1.02164205 9.381634728284e-01 3.686701538826e+00 8.956394331991e-03 1.067668437354e+00 7.461597447065e-03
5 41 1 1.23152573 1.71396383 1.17538306 1.25199287 1.02164205 9.629643731260e-01 3.726104777915e+00 8.291080899322e-03 1.087308258078e+00 8.254289193576e-03
5 42 1 1.23152573 1.71396383 1.17538306 1.25199287 1.02164205 9.862830002264e-01 3.842076645665e+00 8.522366849771e-03 1.122953196739e+00 7.719124066563e-03
5 43 1 1.23152573 1.71396383 1.17538306 1.25199287 1.02164205 1.021112546794e+00 3.891502455443e+00 1.014883689769e-02 1.147465538206e+00 6.840457331492e-03
5 44 1 1.23152573 1.71396383 1.17538306 1.25199287 1.02164205 1.067781892495e+00 3.986322637087e+00 1.083620647161e-02 1.184713426035e+00 7.094713823179e-03
5 45 1 1.23152573 1.71396383 1.17538306 1.25199287 1.02164205 1.107089109995e+00 4.105846214605e+00 9.042400135280e-03 1.233076244627e+00 7.177018342025e-03
5 46 1 1.23152573 1.71396383 1.17538306 1.25199287 1.02164205 1.150728718256e+00 4.186992614261e+00 9.329436404965e-03 1.269027321200e+00 7.158628837326e-03
5 47 1 1.23152573 1.71396383 1.17538306 1.25199287 1.02164205 1.218715882717e+00 4.353395024768e+00 1.043581063649e-02 1.323823065398e+00 7.321242337660e-03
5 48 1 1.23152573 1.71396383 1.17538306 1.25199287 1.02164205 1.264801247872e+00 4.479976216163e+00 1.036723832168e-02 1.353464922500e+00 7.301755080149e-03
5 49 1 1.23152573 1.71396383 1.17538306 1.25199287 1.02164205 1.313472284950e+00 4.631920425299e+00 1.124726270870e-02 1.399792426642e+00 8.797237563866e-03
5 50 1 1.23152573 1.71396383 1.17538306 1.25199287 1.02164205 1.355521756466e+00 4.826627226669e+00 1.068648132620e-02 1.445326514524e+00 9.954494076572e-03
5 51 1 1.23152573 1.71396383 1.17538306 1.25199287 1.02164205 1.397972637414e+00 4.993089544539e+00 1.028601764229e-02 1.494648104174e+00 9.938275443116e-03
5 52 1 1.23152573 1.71396383 1.17538306 1.25199287 1.02164205 1.467246516407e+00 5.191044892593e+00 1.111755556839e-02 1.559844975768e+00 1.042423292590e-02
5 53 1 1.23152573 1.71396383 1.17538306 1.25199287 1.02164205 1.499323816264e+00 5.360584667800e+00 1.224623813662e-02 1.609407215650e+00 9.501327855149e-03
5 54 1 1.23152573 1.71396383 1.17538306 1.25199287 1.02164205 1.558176987375e+00 5.616755807575e+00 1.149416468408e-02 1.662356526147e+00 8.708170474167e-03
5 55 1 1.23152573 1.71396383 1.17538306 1.25199287 1.02164205 1.623125735707e+00 5.770270155337e+00 1.095105805939e-02 1.714595485487e+00 7.877385033564e-03
5 56 1 1.23152573 1.71396383 1.17538306 1.25199287 1.02164205 1.647705430244e+00 5.973533584075e+00 1.255629228249e-02 1.756483553226e+00 7.905268074567e-03
5 57 1 1.23152573 1.71396383 1.17538306 1.25199287 1.02164205 1.706261571392e+00 6.267467954877e+00 1.227886077960e-02 1.833532152293e+00 1.054864179824e-02
5 58 1 1.23152573 1.71396383 1.17538306 1.25199287 1.02164205 1.752484821234e+00 6.412113034070e+00 1.236525637391e-02 1.885593074652e+00 1.199482440176e-02
5 59 1 1.23152573 1.71396383 1.17538306 1.25199287 1.02164205 1.816940435871e+00 6.690433519253e+00 1.168581702471e-02 1.969056413684e+00 1.059794833262e-02
5 60 1 1.23152573 1.71396383 1.17538306 1.25199287 1.02164205 1.903160807003e+00 6.961006628015e+00 1.250871135024e-02 2.022767949649e+00 1.163565763111e-02
5 61 1 1.23152573 1.71396383 1.17538306 1.25199287 1.02164205 1.972167781344e+00 7.233960755252e+00 1.375412000279e-02 2.083231126752e+00 1.228631172013e-02
5 62 1 1.23152573 1.71396383 1.17538306 1.25199287 1.02164205 2.065816834178e+00 7.489798060016e+00 1.250195983836e-02 2.146464859477e+00 1.233539836631e-02
5 63 1 1.23152573 1.71396383 1.17538306 1.25199287 1.02164205 2.147070910555e+00 7.830154471622e+00 1.310918978474e-02 2.212097352651e+00 1.275522677360e-02
6 0 1 0.88884016 1.13079075 0.86397609 0.90715848 0.77790021 5.898676807405e-01 1.379869430887e+00 1.600768537041e-02 5.686883934393e-01 2.011972894264e-02
6 1 1 0.88884016 1.13079075 0.86397609 0.90715848 0.77790021 5.593693461412e-01 1.333537593634e+00 1.401767283230e-02 5.785878836777e-01 1.987291523799e-02
6 2 1 0.88884016 1.13079075 0.86397609 0.90715848 0.77790021 4.488356966933e-01 1.340037200253e+00 1.071129801596e-02 5.864537181351e-01 1.897966524901e-02
6 3 1 0.88884016 1.13079075 0.86397609 0.90715848 0.77790021 4.019117229525e-01 1.283197586985e+00 1.066975740956e-02 5.456841282113e-01 1.957388255918e-02
6 4 1 0.88884016 1.13079075 0.86397609 0.90715848 0.77790021 4.658765695560e-01 1.180164978535e+00 1.269602950520e-02 4.981675316669e-01 2.180702129581e-02
6 5 1 0.88884016 1.13079075 0.86397609 0.90715848 0.77790021 5.142974348949e-01 1.168710493507e+00 1.415286006020e-02 5.031740901618e-01 2.209059720992e-02
6 6 1 0.88884016 1.13079075 0.86397609 0.90715848 0.77790021 4.501701886203e-01 1.162054390286e+00 1.306769100435e-02 5.054533888847e-01 1.816894125916e-02
6 7 1 0.88884016 1.13079075 0.86397609 0.90715848 0.77790021 3.630288205954e-01 1.095466424373e+00 1.258941704008e-02 4.730263548337e-01 1.428717300965e-02
6 8 1 0.88884016 1.13079075 0.86397609 0.90715848 0.77790021 3.533556134879e-01 1.022823774363e+00 1.091642223496e-02 4.388320693434e-01 1.433138438722e-02
6 9 1 0.88884016 1.13079075 0.86397609 0.90715848 0.77790021 4.032368787023e-01 1.011376362109e+00 1.140212841877e-02 4.347017858924e-01 1.607696760992e-02
6 10 1 0.88884016 1.13079075 0.86397609 0.90715848 0.77790021 4.139084393670e-01 9.952803898019e-01 1.210921208265e-02 4.406415110692e-01 1.691324510665e-02
6 11 1 0.88884016 1.13079075 0.86397609 0.90715848 0.77790021 3.391447877009e-01 9.348856232051e-01 1.132844991955e-02 4.092525373130e-01 1.730546202176e-02
6 12 1 0.88884016 1.13079075 0.86397609 0.90715848 0.77790021 2.821394641063e-01 8.789922928188e-01 1.036126548090e-02 3.746627130450e-01 1.744284417231e-02
6 13 1 0.88884016 1.13079075 0.86397609 0.90715848 0.77790021 3.035321017822e-01 8.790466106631e-01 1.123215194952e-02 3.709101191777e-01 1.806038420346e-02
6 14 1 0.88884016 1.13079075 0.86397609 0.90715848 0.77790021 3.387335470088e-01 8.617273345543e-01 1.308302219111e-02 3.754233079071e-01 1.758848713755e-02
6 15 1 0.88884016 1.13079075 0.86397609 0.90715848 0.77790021 3.233379356323e-01 8.180992435690e-01 1.188931906756e-02 3.592114889858e-01 1.376586655600e-02
6 16 1 0.88884016 1.13079075 0.86397609 0.90715848 0.77790021 2.614402669365e-01 7.827289525925e-01 1.017043536189e-02 3.270137193414e-01 1.184003265467e-02
6 17 1 0.88884016 1.13079075 0.86397609 0.90715848 0.77790021 2.322979399900e-01 7.879072438329e-01 9.176388990676e-03 3.188013358683e-01 1.287532656428e-02
6 18 1 0.88884016 1.13079075 0.86397609 0.90715848 0.77790021 2.653337073538e-01 7.856439541636e-01 9.676130278497e-03 3.219365270276e-01 1.378470791002e-02
6 19 1 0.88884016 1.13079075 0.86397609 0.90715848 0.77790021 2.937891427748e-01 7.387194034038e-01 1.111544543232e-02 3.090804741272e-01 1.417206891643e-02
6 20 1 0.88884016 1.13079075 0.86397609 0.90715848 0.77790021 2.699457811734e-01 7.181775476349e-01 1.126730372888e-02 2.896324922651e-01 1.411895359399e-02
6 21 1 0.88884016 1.13079075 0.86397609 0.90715848 0.77790021 2.248394806239e-01 7.268766472527e-01 1.060433641496e-02 2.806503023078e-01 1.435200333404e-02
6 22 1 0.88884016 1.13079075 0.86397609 0.90715848 0.77790021 2.191302105447e-01 7.158360738041e-01 9.809304544402e-03 2.874211899048e-01 1.457126826610e-02
6 23 1 0.88884016 1.13079075 0.86397609 0.90715848 0.77790021 2.542995525613e-01 6.703381947272e-01 1.016627976488e-02 2.798027416921e-01 1.367516446086e-02
6 24 1 0.88884016 1.13079075 0.86397609 0.90715848 0.77790021 2.748524639597e-01 6.492596314283e-01 9.550571318157e-03 2.604746339709e-01 1.249536614203e-02
6 25 1 0.88884016 1.13079075 0.86397609 0.90715848 0.77790021 2.441471437932e-01 6.672690311949e-01 8.779058127611e-03 2.557671893001e-01 1.156302049476e-02
6 26 1 0.88884016 1.13079075 0.86397609 0.90715848 0.77790021 2.073264779392e-01 6.445439319541e-01 9.413009374351e-03 2.609814859988e-01 1.085458616694e-02
6 27 1 0.88884016 1.13079075 0.86397609 0.90715848 0.77790021 2.240458429049e-01 6.028747270935e-01 9.744639574728e-03 2.651330677142e-01 1.145961603008e-02
6 28 1 0.88884016 1.13079075 0.86397609 0.90715848 0.77790021 2.623121724535e-01 6.061707784997e-01 1.059859445018e-02 2.533848665074e-01 1.279648348167e-02
6 29 1 0.88884016 1.13079075 0.86397609 0.90715848 0.77790021 2.659314940585e-01 6.259611281511e-01 1.079177977107e-02 2.452880985707e-01 1.378075607383e-02
6 30 1 0.88884016 1.13079075 0.86397609 0.90715848 0.77790021 2.266668517410e-01 6.121679244289e-01 1.015130199044e-02 2.544784585873e-01 1.340839012640e-02
6 31 1 0.88884016 1.13079075 0.86397609 0.90715848 0.77790021 1.985690168263e-01 5.828307952899e-01 7.945338919950e-03 2.580072325505e-01 1.090437836798e-02
6 32 1 0.88884016 1.13079075 0.86397609 0.90715848 0.77790021 2.319101674407e-01 6.201481709897e-01 7.948966234776e-03 2.555256709063e-01 1.084685804308e-02
6 33 1 0.88884016 1.13079075 0.86397609 0.90715848 0.77790021 2.694582742367e-01 6.430099983495e-01 1.018308606682e-02 2.517846040096e-01 1.330739080611e-02
6 34 1 0.88884016 1.13079075 0.86397609 0.90715848 0.77790021 2.540130276959e-01 6.308136957360e-01 1.090283394343e-02 2.605156546822e-01 1.374853588560e-02
6 35 1 0.88884016 1.13079075 0.86397609 0.90715848 0.77790021 2.151840697056e-01 6.269764859318e-01 1.075620986701e-02 2.747636518581e-01 1.285602957227e-02
6 36 1 0.88884016 1.13079075 0.86397609 0.90715848 0.77790021 2.076715083948e-01 6.737200056054e-01 9.906872501416e-03 2.701351348413e-01 1.155465726566e-02
6 37 1 0.88884016 1.13079075 0.86397609 0.90715848 0.77790021 2.492628207356e-01 6.930653788527e-01 9.579560859149e-03 2.672671921536e-01 1.090200903470e-02
6 38 1 0.88884016 1.13079075 0.86397609 0.90715848 0.77790021 2.781794416388e-01 6.766439446036e-01 8.985748550946e-03 2.780686347524e-01 1.161629218682e-02
6 39 1 0.88884016 1.13079075 0.86397609 0.90715848 0.77790021 2.521644363075e-01 6.827613606010e-01 9.825680684938e-03 2.964879162495e-01 1.260078902161e-02
6 40 1 0.88884016 1.13079075 0.86397609 0.90715848 0.77790021 2.229280134655e-01 7.328000803617e-01 1.047110904266e-02 3.051276926170e-01 1.378184128571e-02
6 41 1 0.88884016 1.13079075 0.86397609 0.90715848 0.77790021 2.434982258129e-01 7.334044492474e-01 1.009050291280e-02 2.976742771216e-01 1.465933122078e-02
6 42 1 0.88884016 1.13079075 0.86397609 0.90715848 0.77790021 2.952383213886e-01 7.223829716971e-01 1.093637270492e-02 3.079118018558e-01 1.440818249241e-02
6 43 1 0.88884016 1.13079075 0.86397609 0.90715848 0.77790021 3.139885010122e-01 7.395721513411e-01 1.167729075994e-02 3.298651878844e-01 1.415437619537e-02
6 44 1 0.88884016 1.13079075 0.86397609 0.90715848 0.77790021 2.828960799137e-01 7.868543123318e-01 1.158375119139e-02 3.397706875669e-01 1.427394092097e-02
6 45 1 0.88884016 1.13079075 0.86397609 0.90715848 0.77790021 2.619362691990e-01 7.935209020352e-01 1.008550495374e-02 3.387098456332e-01 1.390765437621e-02
6 46 1 0.88884016 1.13079075 0.86397609 0.90715848 0.77790021 3.074228271644e-01 7.910461616303e-01 9.522455385921e-03 3.463459322178e-01 1.295072953473e-02
6 47 1 0.88884016 1.13079075 0.86397609 0.90715848 0.77790021 3.760708916785e-01 8.312503829324e-01 1.055838105245e-02 3.768507931561e-01 1.185294955558e-02
6 48 1 0.88884016 1.13079075 0.86397609 0.90715848 0.77790021 3.812772538528e-01 8.886978298822e-01 1.240200628152e-02 3.906770704390e-01 1.380309355625e-02
6 49 1 0.88884016 1.13079075 0.86397609 0.90715848 0.77790021 3.387985801484e-01 9.025021650821e-01 1.368265496036e-02 3.819323912733e-01 1.772474643247e-02
6 50 1 0.88884016 1.13079075 0.86397609 0.90715848 0.77790021 3.298672379948e-01 9.207914189069e-01 1.172440448424e-02 3.889523391229e-01 1.823960233002e-02
6 51 1 0.88884016 1.13079075 0.86397609 0.90715848 0.77790021 3.960953564696e-01 9.680314166173e-01 1.082694250683e-02 4.213835413839e-01 1.757145833250e-02
6 52 1 0.88884016 1.13079075 0.86397609 0.90715848 0.77790021 4.695202355514e-01 1.045567460563e+00 1.184757375349e-02 4.496172314378e-01 1.736000445771e-02
6 53 1 0.88884016 1.13079075 0.86397609 0.90715848 0.77790021 4.463071742004e-01 1.051470374770e+00 1.265212997432e-02 4.404531452665e-01 1.691098191133e-02
6 54 1 0.88884016 1.13079075 0.86397609 0.90715848 0.77790021 3.876292569064e-01 1.071600074369e+00 1.187476556872e-02 4.404677521374e-01 1.602606823787e-02
6 55 1 0.88884016 1.13079075 0.86397609 0.90715848 0.77790021 4.116016843815e-01 1.137452848812e+00 1.134998945425e-02 4.767480115501e-01 1.420808548028e-02
6 56 1 0.88884016 1.13079075 0.86397609 0.90715848 0.77790021 5.026081550893e-01 1.207247217089e+00 1.315373277597e-02 5.038200289944e-01 1.415051699268e-02
6 57 1 0.88884016 1.13079075 0.86397609 0.90715848 0.77790021 5.521793552778e-01 1.215040960275e+00 1.368747274259e-02 5.013501444224e-01 1.821883740328e-02
6 58 1 0.88884016 1.13079075 0.86397609 0.90715848 0.77790021 4.922512773269e-01 1.226266657811e+00 1.481529791986e-02 4.983374310471e-01 2.229364264269e-02
6 59 1 0.88884016 1.13079075 0.86397609 0.90715848 0.77790021 4.332180867011e-01 1.328235936818e+00 1.317873164455e-02 5.430221745870e-01 2.185781974167e-02
6 60 1 0.88884016 1.13079075 0.86397609 0.90715848 0.77790021 5.041999975535e-01 1.396414823590e+00 1.104965185793e-02 5.839786451701e-01 1.949243346651e-02
6 61 1 0.88884016 1.13079075 0.86397609 0.90715848 0.77790021 6.228061442268e-01 1.387665107607e+00 1.112174639563e-02 5.699513836884e-01 1.882197985215e-02
6 62 1 0.88884016 1.13079075 0.86397609 0.90715848 0.77790021 6.359425157102e-01 1.437338257980e+00 1.462070435995e-02 5.662202622771e-01 1.963026433958e-02
6 63 1 0.88884016 1.13079075 0.86397609 0.90715848 0.77790021 5.514271567821e-01 1.556480111705e+00 1.667389741141e-02 6.107675717346e-01 1.981586803061e-02
7 0 1 0.89260739 1.14746636 0.85339791 0.91756442 0.76928878 5.019407140255e-01 1.497837903281e+00 6.111112750988e-03 6.150310516744e-01 6.449561778174e-03
7 1 1 0.89260739 1.14746636 0.85339791 0.91756442 0.76928878 4.674970294218e-01 1.495547480416e+00 6.488770999519e-03 6.058840710260e-01 7.264087990807e-03
7 2 1 0.89260739 1.14746636 0.85339791 0.91756442 0.76928878 5.120794500314e-01 1.390221407057e+00 6.995162352138e-03 5.542141159550e-01 7.701889131668e-03
7 3 1 0.89260739 1.14746636 0.85339791 0.91756442 0.76928878 5.151428907927e-01 1.311229960482e+00 5.742444625946e-03 5.430713888204e-01 6.657562997939e-03
7 4 1 0.89260739 1.14746636 0.85339791 0.91756442 0.76928878 4.479551819069e-01 1.298230370544e+00 4.629902141397e-03 5.507919551420e-01 5.550131074341e-03
7 5 1 0.89260739 1.14746636 0.85339791 0.91756442 0.76928878 4.149408014363e-01 1.269398140215e+00 5.099002896834e-03 5.234714049302e-01 6.468380727133e-03
7 6 1 0.89260739 1.14746636 0.85339791 0.91756442 0.76928878 4.389711163132e-01 1.169837077023e+00 6.111071916270e-03 4.831558043552e-01 6.343420446051e-03
7 7 1 0.89260739 1.14746636 0.85339791 0.91756442 0.76928878 4.592366138135e-01 1.141991370321e+00 6.039229231645e-03 4.783340220502e-01 5.189926834474e-03
7 8 1 0.89260739 1.14746636 0.85339791 0.91756442 0.76928878 4.174823887563e-01 1.140269389685e+00 5.077250402222e-03 4.896202746836e-01 4.747514897281e-03
7 9 1 0.89260739 1.14746636 0.85339791 0.91756442 0.76928878 3.603724024702e-01 1.079276728259e+00 5.369633618477e-03 4.574258791408e-01 4.767401714951e-03
7 10 1 0.89260739 1.14746636 0.85339791 0.91756442 0.76928878 3.671208501931e-01 1.007864001216e+00 5.544628901948e-03 4.265948185295e-01 5.341721264539e-03
7 11 1 0.89260739 1.14746636 0.85339791 0.91756442 0.76928878 3.861721950903e-01 1.010672441867e+00 5.335090964144e-03 4.261752243955e-01 5.721790684608e-03
7 12 1 0.89260739 1.14746636 0.85339791 0.91756442 0.76928878 3.647963321318e-01 9.800447889901e-01 4.374080645781e-03 4.198212173202e-01 5.480306504019e-03
7 13 1 0.89260739 1.14746636 0.85339791 0.91756442 0.76928878 3.220437113386e-01 9.162112570158e-01 4.115616687281e-03 3.931987297073e-01 5.479099077341e-03
7 14 1 0.89260739 1.14746636 0.85339791 0.91756442 0.76928878 3.003279704982e-01 8.783428098248e-01 5.368144230137e-03 3.714021205241e-01 5.651124508939e-03
7 15 1 0.89260739 1.14746636 0.85339791 0.91756442 0.76928878 3.151674606736e-01 8.904975632095e-01 5.861359017134e-03 3.777716756468e-01 5.098204581146e-03
7 16 1 0.89260739 1.14746636 0.85339791 0.91756442 0.76928878 3.120739486239e-01 8.474504375745e-01 5.257060253578e-03 3.672400591877e-01 4.150774061744e-03
7 17 1 0.89260739 1.14746636 0.85339791 0.91756442 0.76928878 2.754046851562e-01 7.979849283935e-01 3.869537043322e-03 3.373370366808e-01 3.557084724138e-03
7 18 1 0.89260739 1.14746636 0.85339791 0.91756442 0.76928878 2.521790733222e-01 8.077662918365e-01 3.819906185037e-03 3.258239382439e-01 3.641132239109e-03
7 19 1 0.89260739 1.14746636 0.85339791 0.91756442 0.76928878 2.631704856187e-01 8.054933986995e-01 4.476373852476e-03 3.261269619006e-01 4.174406035639e-03
7 20 1 0.89260739 1.14746636 0.85339791 0.91756442 0.76928878 2.775634788970e-01 7.605003594110e-01 4.709012829382e-03 3.191921322757e-01 4.508670887194e-03
7 21 1 0.89260739 1.14746636 0.85339791 0.91756442 0.76928878 2.602133951407e-01 7.405824392978e-01 4.481366074753e-03 2.980558952441e-01 5.077322887968e-03
7 22 1 0.89260739 1.14746636 0.85339791 0.91756442 0.76928878 2.327007488780e-01 7.588528230686e-01 4.236640992296e-03 2.926466036350e-01 5.030483557742e-03
7 23 1 0.89260739 1.14746636 0.85339791 0.91756442 0.76928878 2.339265264166e-01 7.355892596697e-01 4.564698570594e-03 2.953258606387e-01 4.424680603105e-03
7 24 1 0.89260739 1.14746636 0.85339791 0.91756442 0.76928878 2.579163864627e-01 6.837314858852e-01 4.154721981000e-03 2.815152841560e-01 3.956315159672e-03
7 25 1 0.89260739 1.14746636 0.85339791 0.91756442 0.76928878 2.579132395979e-01 6.968530567000e-01 3.593066111675e-03 2.700435595331e-01 3.335302412803e-03
7 26 1 0.89260739 1.14746636 0.85339791 0.91756442 0.76928878 2.312679295493e-01 6.955841017266e-01 3.668413694326e-03 2.696852550270e-01 2.973695061714e-03
7 27 1 0.89260739 1.14746636 0.85339791 0.91756442 0.76928878 2.288672168162e-01 6.521286187908e-01 3.881197335178e-03 2.764887315918e-01 3.390696442967e-03
7 28 1 0.89260739 1.14746636 0.85339791 0.91756442 0.76928878 2.503663489917e-01 6.373783412582e-01 4.528321455946e-03 2.694916991640e-01 4.151910399532e-03
7 29 1 0.89260739 1.14746636 0.85339791 0.91756442 0.76928878 2.594681470467e-01 6.621788911222e-01 4.858991974208e-03 2.589154855099e-01 4.776422288934e-03
7 30 1 0.89260739 1.14746636 0.85339791 0.91756442 0.76928878 2.382558258163e-01 6.536144241466e-01 4.451876436302e-03 2.653080065642e-01 4.516293439320e-03
7 31 1 0.89260739 1.14746636 0.85339791 0.91756442 0.76928878 2.180141232153e-01 6.207608650471e-01 3.040985007773e-03 2.692197424892e-01 3.114503787485e-03
7 32 1 0.89260739 1.14746636 0.85339791 0.91756442 0.76928878 2.399912898748e-01 6.593466135610e-01 3.049796577501e-03 2.676408489981e-01 3.116525567758e-03
7 33 1 0.89260739 1.14746636 0.85339791 0.91756442 0.76928878 2.607335708129e-01 6.808503845866e-01 4.481821518323e-03 2.658516824408e-01 4.513664858264e-03
7 34 1 0.89260739 1.14746636 0.85339791 0.91756442 0.76928878 2.447728951376e-01 6.639150326652e-01 4.928239448528e-03 2.760529888980e-01 4.789501738447e-03
7 35 1 0.89260739 1.14746636 0.85339791 0.91756442 0.76928878 2.252012975683e-01 6.724807231623e-01 4.612205113040e-03 2.863222844728e-01 4.198086176068e-03
7 36 1 0.89260739 1.14746636 0.85339791 0.91756442 0.76928878 2.327053658401e-01 7.226611012398e-01 3.960204146537e-03 2.797171842439e-01 3.460576357808e-03
7 37 1 0.89260739 1.14746636 0.85339791 0.91756442 0.76928878 2.603488118872e-01 7.207642864436e-01 3.751285360358e-03 2.830107172077e-01 3.047102284613e-03
7 38 1 0.89260739 1.14746636 0.85339791 0.91756442 0.76928878 2.613444260039e-01 7.056973828304e-01 3.719521485027e-03 2.977841288660e-01 3.454300718499e-03
7 39 1 0.89260739 1.14746636 0.85339791 0.91756442 0.76928878 2.397971960035e-01 7.394486331549e-01 4.317744873015e-03 3.107086983438e-01 4.129018861231e-03
7 40 1 0.89260739 1.14746636 0.85339791 0.91756442 0.76928878 2.483506107449e-01 7.732684300238e-01 4.740255690997e-03 3.108180834492e-01 4.601316443480e-03
7 41 1 0.89260739 1.14746636 0.85339791 0.91756442 0.76928878 2.836787029897e-01 7.451170268707e-01 4.400119220661e-03 3.132869418823e-01 5.210047923873e-03
7 42 1 0.89260739 1.14746636 0.85339791 0.91756442 0.76928878 3.010550598038e-01 7.601877508610e-01 4.685155526557e-03 3.349959083343e-01 5.261597548977e-03
7 43 1 0.89260739 1.14746636 0.85339791 0.91756442 0.76928878 2.865291644079e-01 8.082052780081e-01 4.953949422494e-03 3.422959365866e-01 4.692873067503e-03
7 44 1 0.89260739 1.14746636 0.85339791 0.91756442 0.76928878 2.834122094642e-01 8.183832579084e-01 4.729514594534e-03 3.406643752955e-01 4.365849506784e-03
7 45 1 0.89260739 1.14746636 0.85339791 0.91756442 0.76928878 3.174837229767e-01 8.106224235344e-01 4.029321038358e-03 3.536902796751e-01 3.795077142506e-03
7 46 1 0.89260739 1.14746636 0.85339791 0.91756442 0.76928878 3.554236149588e-01 8.634127104696e-01 4.073565935065e-03 3.785927006631e-01 3.723463197596e-03
7 47 1 0.89260739 1.14746636 0.85339791 0.91756442 0.76928878 3.565447851784e-01 9.178333117262e-01 5.570885792492e-03 3.892599149820e-01 4.401097101687e-03
7 48 1 0.89260739 1.14746636 0.85339791 0.91756442 0.76928878 3.396891608087e-01 9.164295434889e-01 6.228692506003e-03 3.793204732759e-01 5.432680141143e-03
7 49 1 0.89260739 1.14746636 0.85339791 0.91756442 0.76928878 3.652074168443e-01 9.438758035534e-01 5.703931206692e-03 3.978287033799e-01 6.001853265158e-03
7 50 1 0.89260739 1.14746636 0.85339791 0.91756442 0.76928878 4.097127139405e-01 1.025541964164e+00 4.379604770735e-03 4.261871847057e-01 5.828536243661e-03
7 51 1 0.89260739 1.14746636 0.85339791 0.91756442 0.76928878 4.194521771240e-01 1.047778008717e+00 4.672166524622e-03 4.294295499957e-01 5.805938569534e-03
7 52 1 0.89260739 1.14746636 0.85339791 0.91756442 0.76928878 3.994128306720e-01 1.056180222421e+00 5.676030039144e-03 4.307440682038e-01 6.024923520830e-03
7 53 1 0.89260739 1.14746636 0.85339791 0.91756442 0.76928878 3.963763278047e-01 1.110672515297e+00 5.895701490524e-03 4.560153750559e-01 5.606215352066e-03
7 54 1 0.89260739 1.14746636 0.85339791 0.91756442 0.76928878 4.540264693948e-01 1.187763746639e+00 5.720478793499e-03 4.875248204086e-01 5.004114907715e-03
7 55 1 0.89260739 1.14746636 0.85339791 0.91756442 0.76928878 4.943709025577e-01 1.189312100466e+00 5.438486932948e-03 4.785747575235e-01 5.022567404983e-03
7 56 1 0.89260739 1.14746636 0.85339791 0.91756442 0.76928878 4.632299448241e-01 1.212745682775e+00 6.469132560786e-03 4.814948937803e-01 5.550012447043e-03
7 57 1 0.89260739 1.14746636 0.85339791 0.91756442 0.76928878 4.461177507588e-01 1.318289229756e+00 6.528598500801e-03 5.276108807911e-01 6.784438247060e-03
7 58 1 0.89260739 1.14746636 0.85339791 0.91756442 0.76928878 4.926025645347e-01 1.356629387016e+00 5.402595919412e-03 5.548852050438e-01 6.876335701579e-03
7 59 1 0.89260739 1.14746636 0.85339791 0.91756442 0.76928878 5.616662658490e-01 1.369265257121e+00 4.935601492836e-03 5.504470544236e-01 5.917666018174e-03
7 60 1 0.89260739 1.14746636 0.85339791 0.91756442 0.76928878 5.621010162808e-01 1.438288905718e+00 6.156699601393e-03 5.621926402708e-01 7.108209662844e-03
7 61 1 0.89260739 1.14746636 0.85339791 0.91756442 0.76928878 5.226074637126e-01 1.549565588430e+00 7.484582512240e-03 6.162725628877e-01 8.147626729378e-03
7 62 1 0.89260739 1.14746636 0.85339791 0.91756442 0.76928878 5.731126274214e-01 1.551292613157e+00 6.899398414118e-03 6.362492930852e-01 7.619260279268e-03
7 63 1 0.89260739 1.14746636 0.85339791 0.91756442 0.76928878 6.737271254824e-01 1.574722225040e+00 6.508815363461e-03 6.262104845594e-01 6.756633269988e-03
8 0 1 1.18965959 1.54570399 1.22450302 1.17428999 1.05947171 1.454832182171e+00 4.750319004938e+00 1.156448271188e+00 1.606117824873e+00 7.764316061133e-01
8 1 1 1.18965959 1.54570399 1.22450302 1.17428999 1.05947171 1.395868633824e+00 4.578916450016e+00 1.120917536605e+00 1.545448353388e+00 7.693801993122e-01
8 2 1 1.18965959 1.54570399 1.22450302 1.17428999 1.05947171 1.343048717114e+00 4.452941344467e+00 1.088363936552e+00 1.478262785046e+00 7.506491720254e-01
8 3 1 1.18965959 1.54570399 1.22450302 1.17428999 1.05947171 1.272360706321e+00 4.310548464714e+00 1.058184688617e+00 1.425711064104e+00 7.079362955714e-01
8 4 1 1.18965959 1.54570399 1.22450302 1.17428999 1.05947171 1.207618742949e+00 4.145528047758e+00 1.008896238345e+00 1.352471117749e+00 6.569910037231e-01
8 5 1 1.18965959 1.54570399 1.22450302 1.17428999 1.05947171 1.183007938430e+00 4.048341586774e+00 9.690064315678e-01 1.310431720881e+00 6.149756024705e-01
8 6 1 1.18965959 1.54570399 1.22450302 1.17428999 1.05947171 1.150603393468e+00 3.908367140110e+00 9.497430356147e-01 1.264389008567e+00 6.006796804822e-01
8 7 1 1.18965959 1.54570399 1.22450302 1.17428999 1.05947171 1.097923138649e+00 3.802784835477e+00 9.302355595917e-01 1.216283197190e+00 5.939697388700e-01
8 8 1 1.18965959 1.54570399 1.22450302 1.17428999 1.05947171 1.054328039617e+00 3.673455997294e+00 9.032778541011e-01 1.179995490097e+00 5.768621940844e-01
8 9 1 1.18965959 1.54570399 1.22450302 1.17428999 1.05947171 1.017706519895e+00 3.553853114184e+00 8.672096553588e-01 1.126539814178e+00 5.701118271897e-01
8 10 1 1.18965959 1.54570399 1.22450302 1.17428999 1.05947171 9.889826881907e-01 3.463721260903e+00 8.495964765108e-01 1.080172135045e+00 5.705664823824e-01
8 11 1 1.18965959 1.54570399 1.22450302 1.17428999 1.05947171 9.580586056022e-01 3.348412350039e+00 8.319739441536e-01 1.043404913876e+00 5.610206037797e-01
8 12 1 1.18965959 1.54570399 1.22450302 1.17428999 1.05947171 9.254391832435e-01 3.224179318856e+00 8.061939213651e-01 1.004934449377e+00 5.495659124206e-01
8 13 1 1.18965959 1.54570399 1.22450302 1.17428999 1.05947171 9.086828521470e-01 3.122355811902e+00 7.836603802467e-01 9.747998951619e-01 5.247848815976e-01
8 14 1 1.18965959 1.54570399 1.22450302 1.17428999 1.05947171 8.899391284256e-01 3.038286987705e+00 7.656438763189e-01 9.518701274023e-01 4.917159795298e-01
8 15 1 1.18965959 1.54570399 1.22450302 1.17428999 1.05947171 8.638046389434e-01 2.920519454963e+00 7.572909287801e-01 9.097121048364e-01 4.707230230634e-01
8 16 1 1.18965959 1.54570399 1.22450302 1.17428999 1.05947171 8.388223992429e-01 2.809270252648e+00 7.364321584628e-01 8.855836740641e-01 4.528128407523e-01
8 17 1 1.18965959 1.54570399 1.22450302 1.17428999 1.05947171 8.146721125228e-01 2.727626143127e+00 7.207885910615e-01 8.539818887949e-01 4.523905320034e-01
8 18 1 1.18965959 1.54570399 1.22450302 1.17428999 1.05947171 8.036151267805e-01 2.639685620884e+00 7.037337072356e-01 8.232731184786e-01 4.606441022589e-01
8 19 1 1.18965959 1.54570399 1.22450302 1.17428999 1.05947171 7.926193685444e-01 2.550247720174e+00 6.768382131950e-01 8.155841830563e-01 4.530773042247e-01
8 20 1 1.18965959 1.54570399 1.22450302 1.17428999 1.05947171 7.773923596608e-01 2.447554930606e+00 6.767238262330e-01 7.886593365523e-01 4.455217493209e-01
8 21 1 1.18965959 1.54570399 1.22450302 1.17428999 1.05947171 7.694210722598e-01 2.389620951882e+00 6.720470336960e-01 7.755935285521e-01 4.510334422742e-01
8 22 1 1.18965959 1.54570399 1.22450302 1.17428999 1.05947171 7.477022906150e-01 2.341587589868e+00 6.521022965478e-01 7.600889626703e-01 4.369027557072e-01
8 23 1 1.18965959 1.54570399 1.22450302 1.17428999 1.05947171 7.299664542389e-01 2.242172282248e+00 6.410280886281e-01 7.345484417130e-01 4.141341217407e-01
8 24 1 1.18965959 1.54570399 1.22450302 1.17428999 1.05947171 7.312175157920e-01 2.199807758595e+00 6.284425666488e-01 7.264963950228e-01 3.934721595903e-01
8 25 1 1.18965959 1.54570399 1.22450302 1.17428999 1.05947171 7.179938262718e-01 2.174081227195e+00 6.143430278883e-01 7.169970021036e-01 3.754526473205e-01
8 26 1 1.18965959 1.54570399 1.22450302 1.17428999 1.05947171 7.078964694995e-01 2.130525856567e+00 6.115213430720e-01 7.061676192068e-01 3.790312835330e-01
8 27 1 1.18965959 1.54570399 1.22450302 1.17428999 1.05947171 7.080858730066e-01 2.090619984911e+00 6.117106092951e-01 7.107447325802e-01 3.895063124058e-01
8 28 1 1.18965959 1.54570399 1.22450302 1.17428999 1.05947171 6.974866138796e-01 2.079134834299e+00 6.027327747828e-01 7.003632175782e-01 3.962449568966e-01
8 29 1 1.18965959 1.54570399 1.22450302 1.17428999 1.05947171 6.968895758168e-01 2.077983429929e+00 6.018481905070e-01 6.929156307597e-01 4.018372478128e-01
8 30 1 1.18965959 1.54570399 1.22450302 1.17428999 1.05947171 6.891100964042e-01 2.092628078086e+00 5.879955562361e-01 6.985088954700e-01 3.932457008993e-01
8 31 1 1.18965959 1.54570399 1.22450302 1.17428999 1.05947171 6.719146148890e-01 2.052915106375e+00 5.702234225292e-01 6.871738225831e-01 3.759499511146e-01
8 32 1 1.18965959 1.54570399 1.22450302 1.17428999 1.05947171 6.862106305562e-01 2.110518693673e+00 5.928662662795e-01 7.020315645148e-01 3.846141814186e-01
8 33 1 1.18965959 1.54570399 1.22450302 1.17428999 1.05947171 6.953771251762e-01 2.141503402960e+00 6.007722996466e-01 7.095968606797e-01 3.849427422301e-01
8 34 1 1.18965959 1.54570399 1.22450302 1.17428999 1.05947171 6.854643557873e-01 2.145962642201e+00 5.867531339918e-01 7.115467769019e-01 3.688260513760e-01
8 35 1 1.18965959 1.54570399 1.22450302 1.17428999 1.05947171 6.909513111329e-01 2.193396680872e+00 5.894884480654e-01 7.300279876132e-01 3.644161212396e-01
8 36 1 1.18965959 1.54570399 1.22450302 1.17428999 1.05947171 6.922586467352e-01 2.245960116481e+00 5.887824524664e-01 7.294195940654e-01 3.672881720148e-01
8 37 1 1.18965959 1.54570399 1.22450302 1.17428999 1.05947171 6.967110811680e-01 2.306783423090e+00 5.936397487898e-01 7.423642822893e-01 3.786973585340e-01
8 38 1 1.18965959 1.54570399 1.22450302 1.17428999 1.05947171 7.123232036254e-01 2.347268425223e+00 6.092892525280e-01 7.636468429928e-01 4.036562760735e-01
8 39 1 1.18965959 1.54570399 1.22450302 1.17428999 1.05947171 7.142963227347e-01 2.395822921008e+00 6.186448459951e-01 7.772684823215e-01 4.202491092049e-01
8 40 1 1.18965959 1.54570399 1.22450302 1.17428999 1.05947171 7.298786909013e-01 2.492603606451e+00 6.249778676509e-01 8.043814472198e-01 4.225719283711e-01
8 41 1 1.18965959 1.54570399 1.22450302 1.17428999 1.05947171 7.555650450808e-01 2.556817595224e+00 6.379555555881e-01 8.290917062130e-01 4.205298065308e-01
8 42 1 1.18965959 1.54570399 1.22450302 1.17428999 1.05947171 7.627892211403e-01 2.592498774955e+00 6.434980122314e-01 8.408542249947e-01 4.073428383467e-01
8 43 1 1.18965959 1.54570399 1.22450302 1.17428999 1.05947171 7.782027917330e-01 2.692715092518e+00 6.520172875221e-01 8.728796028623e-01 4.138130069283e-01
8 44 1 1.18965959 1.54570399 1.22450302 1.17428999 1.05947171 7.999220063976e-01 2.774280780496e+00 6.865959109034e-01 8.946786936000e-01 4.288370943971e-01
8 45 1 1.18965959 1.54570399 1.22450302 1.17428999 1.05947171 8.205363449877e-01 2.838084262920e+00 7.055411219946e-01 9.238200422130e-01 4.332977979485e-01
8 46 1 1.18965959 1.54570399 1.22450302 1.17428999 1.05947171 8.561248157224e-01 2.909956940124e+00 7.183791104466e-01 9.718549187804e-01 4.520844101589e-01
8 47 1 1.18965959 1.54570399 1.22450302 1.17428999 1.05947171 8.910349792103e-01 2.993631000485e+00 7.441666907260e-01 9.960613313747e-01 4.878083663082e-01
8 48 1 1.18965959 1.54570399 1.22450302 1.17428999 1.05947171 9.220093273828e-01 3.097883474320e+00 7.610659398394e-01 1.039528510991e+00 5.140982320035e-01
8 49 1 1.18965959 1.54570399 1.22450302 1.17428999 1.05947171 9.522496281593e-01 3.162058097074e+00 7.925444074833e-01 1.073135035160e+00 5.366197189892e-01
8 50 1 1.18965959 1.54570399 1.22450302 1.17428999 1.05947171 9.830593922137e-01 3.243881129211e+00 8.286604604620e-01 1.103782020282e+00 5.487652945372e-01
8 51 1 1.18965959 1.54570399 1.22450302 1.17428999 1.05947171 1.032127040420e+00 3.353686453914e+00 8.606838467964e-01 1.155191643330e+00 5.473732268035e-01
8 52 1 1.18965959 1.54570399 1.22450302 1.17428999 1.05947171 1.081970611011e+00 3.460806781002e+00 8.909832782481e-01 1.201490516449e+00 5.580088811611e-01
8 53 1 1.18965959 1.54570399 1.22450302 1.17428999 1.05947171 1.124764033617e+00 3.544232309312e+00 9.245881849487e-01 1.252113237273e+00 5.730175404554e-01
8 54 1 1.18965959 1.54570399 1.22450302 1.17428999 1.05947171 1.178598502310e+00 3.656775161803e+00 9.753503459177e-01 1.308927214444e+00 6.010560099037e-01
8 55 1 1.18965959 1.54570399 1.22450302 1.17428999 1.05947171 1.235805931512e+00 3.797161389209e+00 1.012052443596e+00 1.352439159295e+00 6.420470029915e-01
8 56 1 1.18965959 1.54570399 1.22450302 1.17428999 1.05947171 1.294782094838e+00 3.913189736774e+00 1.046061133556e+00 1.397081900211e+00 6.736396496182e-01
8 57 1 1.18965959 1.54570399 1.22450302 1.17428999 1.05947171 1.341552121269e+00 4.053961606474e+00 1.094253222387e+00 1.460199578046e+00 7.106579436077e-01
8 58 1 1.18965959 1.54570399 1.22450302 1.17428999 1.05947171 1.382502300145e+00 4.199111036969e+00 1.156455952984e+00 1.508024518963e+00 7.676318015821e-01
8 59 1 1.18965959 1.54570399 1.22450302 1.17428999 1.05947171 1.464222862559e+00 4.352940997763e+00 1.215955593103e+00 1.585825164070e+00 8.108865659425e-01
8 60 1 1.18965959 1.54570399 1.22450302 1.17428999 1.05947171 1.549842779017e+00 4.558974005981e+00 1.250359763682e+00 1.651808741866e+00 8.296008479301e-01
8 61 1 1.18965959 1.54570399 1.22450302 1.17428999 1.05947171 1.599768453088e+00 4.687607744064e+00 1.298509096240e+00 1.706788119393e+00 8.332241334283e-01
8 62 1 1.18965959 1.54570399 1.22450302 1.17428999 1.05947171 1.656037269619e+00 4.906001268877e+00 1.357719371656e+00 1.778625849606e+00 8.436731630801e-01
8 63 1 1.18965959 1.54570399 1.22450302 1.17428999 1.05947171 1.720252154075e+00 5.100026604503e+00 1.422398440577e+00 1.827824681652e+00 8.784045065046e-01
10 0 1 1.08556089 1.31191456 1.19889751 1.04909107 1.04552991 2.759302283069e-02 2.214191131955e+00 1.659170616129e+00 9.385050187561e-01 6.423806514861e-01
10 1 1 1.08556089 1.31191456 1.19889751 1.04909107 1.04552991 2.678385406782e-02 2.175800081561e+00 1.604370227369e+00 9.053479865081e-01 7.127930169842e-01
10 2 1 1.08556089 1.31191456 1.19889751 1.04909107 1.04552991 2.508948708560e-02 2.592290199601e+00 1.556805944228e+00 8.664500832532e-01 8.909149039580e-01
10 3 1 1.08556089 1.31191456 1.19889751 1.04909107 1.04552991 2.409698930654e-02 2.900725594283e+00 1.498362821438e+00 8.420201565097e-01 1.086817672029e+00
10 4 1 1.08556089 1.31191456 1.19889751 1.04909107 1.04552991 2.374386612484e-02 2.635968168026e+00 1.452158364741e+00 8.138648506045e-01 1.188694814921e+00
10 5 1 1.08556089 1.31191456 1.19889751 1.04909107 1.04552991 2.355535697732e-02 2.038708155755e+00 1.417877905472e+00 7.807118538935e-01 1.149204008107e+00
10 6 1 1.08556089 1.31191456 1.19889751 1.04909107 1.04552991 2.392891553699e-02 1.675991756832e+00 1.365969560999e+00 7.594505908056e-01 9.841378547110e-01
10 7 1 1.08556089 1.31191456 1.19889751 1.04909107 1.04552991 2.507264302137e-02 1.809284539650e+00 1.294065653543e+00 7.252295469095e-01 7.530536005790e-01
10 8 1 1.08556089 1.31191456 1.19889751 1.04909107 1.04552991 2.485851987277e-02 2.157888649262e+00 1.236181945987e+00 6.962102679276e-01 5.510468623769e-01
10 9 1 1.08556089 1.31191456 1.19889751 1.04909107 1.04552991 2.270086479886e-02 2.262501406406e+00 1.198582744784e+00 6.849196744071e-01 4.577563404212e-01
10 10 1 1.08556089 1.31191456 1.19889751 1.04909107 1.04552991 2.177625602987e-02 1.933211720158e+00 1.150068025939e+00 6.598314873000e-01 4.918201050054e-01
10 11 1 1.08556089 1.31191456 1.19889751 1.04909107 1.04552991 2.258904803031e-02 1.471632396021e+00 1.095021216426e+00 6.295777235218e-01 6.117786924364e-01
10 12 1 1.08556089 1.31191456 1.19889751 1.04909107 1.04552991 2.269091185587e-02 1.295892553868e+00 1.046557946890e+00 6.073767371972e-01 7.432639109073e-01
10 13 1 1.08556089 1.31191456 1.19889751 1.04909107 1.04552991 2.230214615466e-02 1.519692795420e+00 1.002163598917e+00 5.931154736028e-01 8.148907678076e-01
10 14 1 1.08556089 1.31191456 1.19889751 1.04909107 1.04552991 2.196207309592e-02 1.789829529986e+00 9.625760773219e-01 5.801973348010e-01 7.884083949462e-01
10 15 1 1.08556089 1.31191456 1.19889751 1.04909107 1.04552991 2.124414301306e-02 1.728929029367e+00 9.264455200316e-01 5.544988897805e-01 6.723664498609e-01
10 16 1 1.08556089 1.31191456 1.19889751 1.04909107 1.04552991 2.148859355222e-02 1.414873042666e+00 9.085071535924e-01 5.345229331523e-01 5.208402669104e-01
10 17 1 1.08556089 1.31191456 1.19889751 1.04909107 1.04552991 2.190515562820e-02 1.097114459758e+00 8.987316470966e-01 5.254799213932e-01 3.905334509819e-01
10 18 1 1.08556089 1.31191456 1.19889751 1.04909107 1.04552991 2.016898856146e-02 1.071773981995e+00 8.687227630336e-01 5.104187685263e-01 3.287405585386e-01
10 19 1 1.08556089 1.31191456 1.19889751 1.04909107 1.04552991 1.898884973997e-02 1.332194008260e+00 8.386952019431e-01 4.968224269847e-01 3.587045127089e-01
10 20 1 1.08556089 1.31191456 1.19889751 1.04909107 1.04552991 2.040751541552e-02 1.502663058116e+00 8.226978627741e-01 4.854201396351e-01 4.598543477394e-01
10 21 1 1.08556089 1.31191456 1.19889751 1.04909107 1.04552991 2.086798216750e-02 1.373075832235e+00 8.085164895519e-01 4.716600879385e-01 5.691800102308e-01
10 22 1 1.08556089 1.31191456 1.19889751 1.04909107 1.04552991 1.988007219043e-02 1.073786009921e+00 7.971709271099e-01 4.618044965721e-01 6.391239291964e-01
10 23 1 1.08556089 1.31191456 1.19889751 1.04909107 1.04552991 1.992677071338e-02 8.987389430950e-01 7.879338212174e-01 4.562438679490e-01 6.460196654849e-01
10 24 1 1.08556089 1.31191456 1.19889751 1.04909107 1.04552991 1.944671036712e-02 9.969559920091e-01 7.832075259603e-01 4.494997901770e-01 5.676178902830e-01
10 25 1 1.08556089 1.31191456 1.19889751 1.04909107 1.04552991 1.807799771874e-02 1.241178071677e+00 7.875724048068e-01 4.395727135296e-01 4.475805569580e-01
10 26 1 1.08556089 1.31191456 1.19889751 1.04909107 1.04552991 1.840877067591e-02 1.342038318359e+00 7.901633322972e-01 4.350681889840e-01 3.486347260873e-01
10 27 1 1.08556089 1.31191456 1.19889751 1.04909107 1.04552991 1.923679396595e-02 1.170623641455e+00 7.799035223366e-01 4.314615835379e-01 3.039583778805e-01
10 28 1 1.08556089 1.31191456 1.19889751 1.04909107 1.04552991 1.925151072406e-02 9.048962227226e-01 7.696603315463e-01 4.259890438260e-01 3.323470078882e-01
10 29 1 1.08556089 1.31191456 1.19889751 1.04909107 1.04552991 1.995845850473e-02 8.520087004062e-01 7.688053076421e-01 4.315929108262e-01 4.251205291112e-01
10 30 1 1.08556089 1.31191456 1.19889751 1.04909107 1.04552991 1.958225227201e-02 1.053635157936e+00 7.529495546801e-01 4.286688641895e-01 5.282844479877e-01
10 31 1 1.08556089 1.31191456 1.19889751 1.04909107 1.04552991 1.719353940489e-02 1.266933236727e+00 7.360586896988e-01 4.177452923847e-01 5.938247438409e-01
10 32 1 1.08556089 1.31191456 1.19889751 1.04909107 1.04552991 1.720029105094e-02 1.307865901231e+00 7.557116045303e-01 4.298381038720e-01 6.146513548022e-01
10 33 1 1.08556089 1.31191456 1.19889751 1.04909107 1.04552991 1.966358931994e-02 1.101973896827e+00 7.749994546547e-01 4.384499985367e-01 5.603806390184e-01
10 34 1 1.08556089 1.31191456 1.19889751 1.04909107 1.04552991 2.014851473235e-02 8.838682940897e-01 7.682280322678e-01 4.316147973173e-01 4.471287306485e-01
10 35 1 1.08556089 1.31191456 1.19889751 1.04909107 1.04552991 1.950830543305e-02 9.507667284881e-01 7.688679525819e-01 4.385307538910e-01 3.461006761968e-01
10 36 1 1.08556089 1.31191456 1.19889751 1.04909107 1.04552991 1.956316829483e-02 1.226752517933e+00 7.759675991068e-01 4.480028575024e-01 2.993646887190e-01
10 37 1 1.08556089 1.31191456 1.19889751 1.04909107 1.04552991 1.878309052168e-02 1.438015512819e+00 7.732318241972e-01 4.534929052355e-01 3.279335686316e-01
10 38 1 1.08556089 1.31191456 1.19889751 1.04909107 1.04552991 1.847774532199e-02 1.382893164866e+00 7.743980484662e-01 4.652542179303e-01 4.304850629098e-01
10 39 1 1.08556089 1.31191456 1.19889751 1.04909107 1.04552991 1.993379293407e-02 1.144151350361e+00 7.912312881625e-01 4.745422162657e-01 5.614488169267e-01
10 40 1 1.08556089 1.31191456 1.19889751 1.04909107 1.04552991 2.049850205096e-02 1.008130491891e+00 8.153184319978e-01 4.822963282212e-01 6.529283141323e-01
10 41 1 1.08556089 1.31191456 1.19889751 1.04909107 1.04552991 2.049606815777e-02 1.182978456315e+00 8.397509325479e-01 4.955081187235e-01 6.826340576442e-01
10 42 1 1.08556089 1.31191456 1.19889751 1.04909107 1.04552991 2.157336061144e-02 1.543319744904e+00 8.682209757631e-01 5.124035307755e-01 6.359904091786e-01
10 43 1 1.08556089 1.31191456 1.19889751 1.04909107 1.04552991 2.115564001408e-02 1.729103711493e+00 8.983965962424e-01 5.269680121629e-01 5.238923404076e-01
10 44 1 1.08556089 1.31191456 1.19889751 1.04909107 1.04552991 1.969057901791e-02 1.558676158488e+00 9.360050554836e-01 5.412589528439e-01 4.188348455718e-01
10 45 1 1.08556089 1.31191456 1.19889751 1.04909107 1.04552991 2.092819911544e-02 1.284020073293e+00 9.755556206546e-01 5.598566675861e-01 3.797699448275e-01
10 46 1 1.08556089 1.31191456 1.19889751 1.04909107 1.04552991 2.279106281442e-02 1.265362663956e+00 9.973658147906e-01 5.746989047508e-01 4.345244371912e-01
10 47 1 1.08556089 1.31191456 1.19889751 1.04909107 1.04552991 2.238971676867e-02 1.567042083551e+00 1.028759024006e+00 5.961867799992e-01 5.790353060897e-01
10 48 1 1.08556089 1.31191456 1.19889751 1.04909107 1.04552991 2.213733787018e-02 1.995974296048e+00 1.086458040278e+00 6.258426901385e-01 7.704464563510e-01
10 49 1 1.08556089 1.31191456 1.19889751 1.04909107 1.04552991 2.290163178297e-02 2.104854568372e+00 1.142648165333e+00 6.416362279400e-01 9.270532411109e-01
10 50 1 1.08556089 1.31191456 1.19889751 1.04909107 1.04552991 2.327134818445e-02 1.797124510010e+00 1.194579956529e+00 6.584753322078e-01 9.810669962809e-01
10 51 1 1.08556089 1.31191456 1.19889751 1.04909107 1.04552991 2.368789849257e-02 1.520484931451e+00 1.246610179404e+00 6.885068248114e-01 9.154236960561e-01
10 52 1 1.08556089 1.31191456 1.19889751 1.04909107 1.04552991 2.358664318966e-02 1.633583422416e+00 1.298439513692e+00 7.212267549755e-01 7.656722483033e-01
10 53 1 1.08556089 1.31191456 1.19889751 1.04909107 1.04552991 2.271440109749e-02 2.123114366598e+00 1.345306805830e+00 7.496086681929e-01 6.149560591360e-01
10 54 1 1.08556089 1.31191456 1.19889751 1.04909107 1.04552991 2.366451719294e-02 2.542736392719e+00 1.381469672898e+00 7.660700568572e-01 5.522968234859e-01
10 55 1 1.08556089 1.31191456 1.19889751 1.04909107 1.04552991 2.594059689248e-02 2.496006648449e+00 1.434430361901e+00 7.975464263257e-01 6.299212911299e-01
10 56 1 1.08556089 1.31191456 1.19889751 1.04909107 1.04552991 2.617206175298e-02 2.075079231283e+00 1.501248751716e+00 8.420435059467e-01 8.300949230708e-01
10 57 1 1.08556089 1.31191456 1.19889751 1.04909107 1.04552991 2.494734414228e-02 1.818519348838e+00 1.543986342468e+00 8.672236004966e-01 1.079626169254e+00
10 58 1 1.08556089 1.31191456 1.19889751 1.04909107 1.04552991 2.452554644820e-02 2.141450730628e+00 1.571373119335e+00 9.004071465577e-01 1.284473458704e+00
10 59 1 1.08556089 1.31191456 1.19889751 1.04909107 1.04552991 2.469968824700e-02 2.797753114551e+00 1.618827094857e+00 9.391457123400e-01 1.357783321621e+00
10 60 1 1.08556089 1.31191456 1.19889751 1.04909107 1.04552991 2.504449530488e-02 3.135185212977e+00 1.687014999850e+00 9.680357787135e-01 1.258463475327e+00
10 61 1 1.08556089 1.31191456 1.19889751 1.04909107 1.04552991 2.606184044788e-02 2.853639182182e+00 1.745048081942e+00 1.013298567353e+00 1.045733526220e+00
10 62 1 1.08556089 1.31191456 1.19889751 1.04909107 1.04552991 2.782672806897e-02 2.339118289982e+00 1.803788177919e+00 1.055953365541e+00 8.269619170520e-01
10 63 1 1.08556089 1.31191456 1.19889751 1.04909107 1.04552991 2.866559503838e-02 2.204111826963e+00 1.876728867441e+00 1.092531724210e+00 7.227744430593e-01
15 0 1 4.09107875 8.51021365 2.36260801 3.98371524 1.88968766 1.819520380039e+02 2.601101364977e+03 2.532563106941e+01 1.878136551272e+02 1.075249653358e+01
15 1 1 4.09107875 8.51021365 2.36260801 3.98371524 1.88968766 1.915140779609e+02 2.516664345797e+03 2.418042888425e+01 1.645677394280e+02 1.026438763215e+01
15 2 1 4.09107875 8.51021365 2.36260801 3.98371524 1.88968766 2.015782334164e+02 2.434999274338e+03 2.334749858444e+01 1.468292456964e+02 9.843453905968e+00
15 3 1 4.09107875 8.51021365 2.36260801 3.98371524 1.88968766 2.074682971718e+02 2.355956203481e+03 2.270511003326e+01 1.367504245502e+02 9.527044975566e+00
15 4 1 4.09107875 8.51021365 2.36260801 3.98371524 1.88968766 2.080627104858e+02 2.276781477633e+03 2.198267364952e+01 1.353103958233e+02 9.217623386371e+00
15 5 1 4.09107875 8.51021365 2.36260801 3.98371524 1.88968766 2.022269957682e+02 2.203434487264e+03 2.116063888729e+01 1.414390482989e+02 8.941591743164e+00
15 6 1 4.09107875 8.51021365 2.36260801 3.98371524 1.88968766 1.897674393401e+02 2.135120281131e+03 2.032854233931e+01 1.508263547908e+02 8.573019953928e+00
15 7 1 4.09107875 8.51021365 2.36260801 3.98371524 1.88968766 1.724890183633e+02 2.069594423315e+03 1.951805172206e+01 1.588201351980e+02 8.220478921928e+00
15 8 1 4.09107875 8.51021365 2.36260801 3.98371524 1.88968766 1.533203577029e+02 2.006232455746e+03 1.882138165124e+01 1.616163963407e+02 7.965935824045e+00
15 9 1 4.09107875 8.51021365 2.36260801 3.98371524 1.88968766 1.357487429537e+02 1.947042107520e+03 1.831976497580e+01 1.580140526470e+02 7.754000814161e+00
15 10 1 4.09107875 8.51021365 2.36260801 3.98371524 1.88968766 1.225472812775e+02 1.887145713383e+03 1.770944257155e+01 1.474180663684e+02 7.521161110179e+00
15 11 1 4.09107875 8.51021365 2.36260801 3.98371524 1.88968766 1.138112132094e+02 1.829294991994e+03 1.702381285412e+01 1.322274508651e+02 7.265542043545e+00
15 12 1 4.09107875 8.51021365 2.36260801 3.98371524 1.88968766 1.109556642271e+02 1.773932733209e+03 1.646690410984e+01 1.166505400310e+02 7.021136272662e+00
15 13 1 4.09107875 8.51021365 2.36260801 3.98371524 1.88968766 1.134392501093e+02 1.722894773439e+03 1.599265765845e+01 1.036377192433e+02 6.751496633367e+00
15 14 1 4.09107875 8.51021365 2.36260801 3.98371524 1.88968766 1.195096167952e+02 1.676289184179e+03 1.549370902733e+01 9.554461879393e+01 6.523797724650e+00
15 15 1 4.09107875 8.51021365 2.36260801 3.98371524 1.88968766 1.264174982273e+02 1.630165693871e+03 1.487987110258e+01 9.318303164570e+01 6.268067184933e+00
15 16 1 4.09107875 8.51021365 2.36260801 3.98371524 1.88968766 1.319323871667e+02 1.585962920995e+03 1.431058839254e+01 9.620112685959e+01 6.042434793877e+00
15 17 1 4.09107875 8.51021365 2.36260801 3.98371524 1.88968766 1.346794081741e+02 1.545837402574e+03 1.398385979277e+01 1.022663322421e+02 5.856932884546e+00
15 18 1 4.09107875 8.51021365 2.36260801 3.98371524 1.88968766 1.335687459566e+02 1.507659504346e+03 1.361501034788e+01 1.087950628469e+02 5.699542121211e+00
15 19 1 4.09107875 8.51021365 2.36260801 3.98371524 1.88968766 1.282466305909e+02 1.471649671448e+03 1.318897046435e+01 1.133943120273e+02 5.579036115801e+00
15 20 1 4.09107875 8.51021365 2.36260801 3.98371524 1.88968766 1.197156064893e+02 1.440596453414e+03 1.275667499959e+01 1.139231943099e+02 5.420677959127e+00
15 21 1 4.09107875 8.51021365 2.36260801 3.98371524 1.88968766 1.090027563971e+02 1.413741055254e+03 1.248599134805e+01 1.096042280402e+02 5.245193693521e+00
15 22 1 4.09107875 8.51021365 2.36260801 3.98371524 1.88968766 9.806988957719e+01 1.388874476832e+03 1.217098309878e+01 1.011932470197e+02 5.130540511341e+00
15 23 1 4.09107875 8.51021365 2.36260801 3.98371524 1.88968766 8.841819612396e+01 1.364803382622e+03 1.185539081100e+01 9.091896862566e+01 5.069640266827e+00
15 24 1 4.09107875 8.51021365 2.36260801 3.98371524 1.88968766 8.240434155972e+01 1.345859421616e+03 1.164998772737e+01 8.132610754481e+01 4.903025324760e+00
15 25 1 4.09107875 8.51021365 2.36260801 3.98371524 1.88968766 8.036623414549e+01 1.329344841843e+03 1.142356591595e+01 7.498449796282e+01 4.778863443182e+00
15 26 1 4.09107875 8.51021365 2.36260801 3.98371524 1.88968766 8.206133190817e+01 1.314148147183e+03 1.127510360721e+01 7.294190122735e+01 4.746861286419e+00
15 27 1 4.09107875 8.51021365 2.36260801 3.98371524 1.88968766 8.739391738019e+01 1.301734982455e+03 1.120430928766e+01 7.534191427040e+01 4.683832650310e+00
15 28 1 4.09107875 8.51021365 2.36260801 3.98371524 1.88968766 9.452677147892e+01 1.291197285825e+03 1.116924475259e+01 8.127812400058e+01 4.640751971726e+00
15 29 1 4.09107875 8.51021365 2.36260801 3.98371524 1.88968766 1.018634507073e+02 1.283990714994e+03 1.111729102734e+01 8.862371909088e+01 4.625762201178e+00
15 30 1 4.09107875 8.51021365 2.36260801 3.98371524 1.88968766 1.077406103138e+02 1.279962285075e+03 1.101919195721e+01 9.512278581852e+01 4.550656386861e+00
15 31 1 4.09107875 8.51021365 2.36260801 3.98371524 1.88968766 1.106675250621e+02 1.277710345268e+03 1.087686338911e+01 9.894290109792e+01 4.494436538363e+00
15 32 1 4.09107875 8.51021365 2.36260801 3.98371524 1.88968766 1.116062018776e+02 1.283871115294e+03 1.115350148748e+01 9.955173436264e+01 4.641505144635e+00
15 33 1 4.09107875 8.51021365 2.36260801 3.98371524 1.88968766 1.089708297709e+02 1.291744521191e+03 1.138201519927e+01 9.617256934179e+01 4.775401307928e+00
15 34 1 4.09107875 8.51021365 2.36260801 3.98371524 1.88968766 1.029101809845e+02 1.300532681730e+03 1.144052557374e+01 8.960276505560e+01 4.811246678057e+00
15 35 1 4.09107875 8.51021365 2.36260801 3.98371524 1.88968766 9.570910337148e+01 1.312707167823e+03 1.156584410812e+01 8.226526115173e+01 4.868453142273e+00
15 36 1 4.09107875 8.51021365 2.36260801 3.98371524 1.88968766 8.867222977010e+01 1.326560484227e+03 1.168442205193e+01 7.651506837523e+01 4.951441419131e+00
15 37 1 4.09107875 8.51021365 2.36260801 3.98371524 1.88968766 8.388979437682e+01 1.342046267079e+03 1.195389412638e+01 7.442743905214e+01 5.032007237529e+00
15 38 1 4.09107875 8.51021365 2.36260801 3.98371524 1.88968766 8.252813312861e+01 1.360892706370e+03 1.226583892680e+01 7.700626607639e+01 5.154715371645e+00
15 39 1 4.09107875 8.51021365 2.36260801 3.98371524 1.88968766 8.503732102803e+01 1.381966592260e+03 1.253100380379e+01 8.447720150904e+01 5.320848434686e+00
15 40 1 4.09107875 8.51021365 2.36260801 3.98371524 1.88968766 9.223158353802e+01 1.407844555742e+03 1.286305861302e+01 9.494387182765e+01 5.397832276558e+00
15 41 1 4.09107875 8.51021365 2.36260801 3.98371524 1.88968766 1.022730297688e+02 1.436067469097e+03 1.325214923781e+01 1.057661751557e+02 5.501724694529e+00
15 42 1 4.09107875 8.51021365 2.36260801 3.98371524 1.88968766 1.138641973849e+02 1.465864404015e+03 1.349941123514e+01 1.145034635056e+02 5.667259841188e+00
15 43 1 4.09107875 8.51021365 2.36260801 3.98371524 1.88968766 1.254087784830e+02 1.500618874403e+03 1.394861370178e+01 1.191719705429e+02 5.836873774042e+00
15 44 1 4.09107875 8.51021365 2.36260801 3.98371524 1.88968766 1.350195283488e+02 1.539301498158e+03 1.438550044998e+01 1.190187040946e+02 5.961032474171e+00
15 45 1 4.09107875 8.51021365 2.36260801 3.98371524 1.88968766 1.410330294043e+02 1.580310695023e+03 1.472527408310e+01 1.146024880131e+02 6.114425829400e+00
15 46 1 4.09107875 8.51021365 2.36260801 3.98371524 1.88968766 1.425389925871e+02 1.622692719793e+03 1.511549836204e+01 1.078465697923e+02 6.344430771719e+00
15 47 1 4.09107875 8.51021365 2.36260801 3.98371524 1.88968766 1.398232290575e+02 1.667485467823e+03 1.566133942887e+01 1.012283838293e+02 6.564103162186e+00
15 48 1 4.09107875 8.51021365 2.36260801 3.98371524 1.88968766 1.336292129553e+02 1.715891719378e+03 1.628624515278e+01 9.811383976162e+01 6.806321842724e+00
15 49 1 4.09107875 8.51021365 2.36260801 3.98371524 1.88968766 1.258347896039e+02 1.764403903989e+03 1.675177627842e+01 1.006984772137e+02 7.019081212245e+00
15 50 1 4.09107875 8.51021365 2.36260801 3.98371524 1.88968766 1.197341170706e+02 1.817929974064e+03 1.719467712505e+01 1.098906526762e+02 7.249686344004e+00
15 51 1 4.09107875 8.51021365 2.36260801 3.98371524 1.88968766 1.175493328470e+02 1.875060417532e+03 1.774865890642e+01 1.247671964453e+02 7.456747157397e+00
15 52 1 4.09107875 8.51021365 2.36260801 3.98371524 1.88968766 1.209386415471e+02 1.934551413023e+03 1.845359176130e+01 1.423782204813e+02 7.682274447713e+00
15 53 1 4.09107875 8.51021365 2.36260801 3.98371524 1.88968766 1.298660723606e+02 1.995605998784e+03 1.908672780228e+01 1.584915693311e+02 7.915673259929e+00
15 54 1 4.09107875 8.51021365 2.36260801 3.98371524 1.88968766 1.449809914019e+02 2.056667928850e+03 1.962567604081e+01 1.689575987943e+02 8.142904942120e+00
15 55 1 4.09107875 8.51021365 2.36260801 3.98371524 1.88968766 1.648470024214e+02 2.122031907678e+03 2.037004716478e+01 1.726190798871e+02 8.447313631847e+00
15 56 1 4.09107875 8.51021365 2.36260801 3.98371524 1.88968766 1.853528869914e+02 2.192289978612e+03 2.126571679042e+01 1.688039145779e+02 8.809137539741e+00
15 57 1 4.09107875 8.51021365 2.36260801 3.98371524 1.88968766 2.033912526654e+02 2.265201475526e+03 2.207441360405e+01 1.596321923577e+02 9.201271492802e+00
15 58 1 4.09107875 8.51021365 2.36260801 3.98371524 1.88968766 2.164803812255e+02 2.341717929092e+03 2.285830597087e+01 1.498177405938e+02 9.466380714932e+00
15 59 1 4.09107875 8.51021365 2.36260801 3.98371524 1.88968766 2.229758645285e+02 2.423360861461e+03 2.358198518433e+01 1.440456931617e+02 9.787056788127e+00
15 60 1 4.09107875 8.51021365 2.36260801 3.98371524 1.88968766 2.225172510575e+02 2.504528904533e+03 2.433213519644e+01 1.458480639695e+02 1.016407129461e+01
15 61 1 4.09107875 8.51021365 2.36260801 3.98371524 1.88968766 2.148364498729e+02 2.584981047832e+03 2.526498261880e+01 1.565246640589e+02 1.059441893892e+01
15 62 1 4.09107875 8.51021365 2.36260801 3.98371524 1.88968766 2.036672643682e+02 2.669811047385e+03 2.649748569534e+01 1.766366749814e+02 1.107494002042e+01
15 63 1 4.09107875 8.51021365 2.36260801 3.98371524 1.88968766 1.931465888465e+02 2.755367016961e+03 2.766339343373e+01 2.023763687063e+02 1.149540549994e+01
18 0 1 1.44263970 2.05825687 1.39560187 1.44108644 1.18402603 3.418326075703e+00 1.466623071888e+01 1.456632236769e-02 3.753457215809e+00 1.417250186445e-02
18 1 1 1.44263970 2.05825687 1.39560187 1.44108644 1.18402603 3.305017650379e+00 1.419429557597e+01 1.587227570860e-02 3.616456166661e+00 1.483395864430e-02
18 2 1 1.44263970 2.05825687 1.39560187 1.44108644 1.18402603 3.233514691172e+00 1.369206462745e+01 1.688520686635e-02 3.483520649620e+00 1.329002986834e-02
18 3 1 1.44263970 2.05825687 1.39560187 1.44108644 1.18402603 3.104715471765e+00 1.321047089350e+01 1.495924478655e-02 3.332636754245e+00 1.238395981680e-02
18 4 1 1.44263970 2.05825687 1.39560187 1.44108644 1.18402603 2.983426484671e+00 1.274644276134e+01 1.312774498762e-02 3.192219879181e+00 1.180804688050e-02
18 5 1 1.44263970 2.05825687 1.39560187 1.44108644 1.18402603 2.922064759658e+00 1.233300764037e+01 1.570974233299e-02 3.065006418638e+00 1.329679594540e-02
18 6 1 1.44263970 2.05825687 1.39560187 1.44108644 1.18402603 2.821399249124e+00 1.182725855973e+01 1.626001333229e-02 2.949987351923e+00 1.243265129219e-02
18 7 1 1.44263970 2.05825687 1.39560187 1.44108644 1.18402603 2.712117597873e+00 1.145306761850e+01 1.656534351193e-02 2.850596352700e+00 8.583360026728e-03
18 8 1 1.44263970 2.05825687 1.39560187 1.44108644 1.18402603 2.594361974089e+00 1.103967666377e+01 1.324718556985e-02 2.742376938493e+00 8.787545371838e-03
18 9 1 1.44263970 2.05825687 1.39560187 1.44108644 1.18402603 2.485609561940e+00 1.066706509462e+01 1.404562302712e-02 2.634177208721e+00 1.100840463459e-02
18 10 1 1.44263970 2.05825687 1.39560187 1.44108644 1.18402603 2.389165992301e+00 1.030846788172e+01 1.665043501294e-02 2.522896640805e+00 1.136229861792e-02
18 11 1 1.44263970 2.05825687 1.39560187 1.44108644 1.18402603 2.274545390656e+00 9.959371009303e+00 1.526461608802e-02 2.422083027683e+00 1.214752697541e-02
18 12 1 1.44263970 2.05825687 1.39560187 1.44108644 1.18402603 2.186776130242e+00 9.697468584221e+00 1.421900095497e-02 2.333593957595e+00 1.212143535546e-02
18 13 1 1.44263970 2.05825687 1.39560187 1.44108644 1.18402603 2.135355634834e+00 9.374183645314e+00 1.372675767144e-02 2.261771986636e+00 1.162242746403e-02
18 14 1 1.44263970 2.05825687 1.39560187 1.44108644 1.18402603 2.030907643145e+00 9.076189814402e+00 1.462265133502e-02 2.183850525733e+00 1.111343598901e-02
18 15 1 1.44263970 2.05825687 1.39560187 1.44108644 1.18402603 1.961283163481e+00 8.885690217718e+00 1.436858909014e-02 2.117601514377e+00 8.894806816390e-03
18 16 1 1.44263970 2.05825687 1.39560187 1.44108644 1.18402603 1.892334379430e+00 8.588576504345e+00 1.473860817371e-02 2.032184697158e+00 8.758766192356e-03
18 17 1 1.44263970 2.05825687 1.39560187 1.44108644 1.18402603 1.830224263038e+00 8.345683264445e+00 1.377029611449e-02 1.969199088205e+00 8.769251749434e-03
18 18 1 1.44263970 2.05825687 1.39560187 1.44108644 1.18402603 1.789287912280e+00 8.143667530701e+00 1.294744363746e-02 1.901653336028e+00 9.068500702637e-03
18 19 1 1.44263970 2.05825687 1.39560187 1.44108644 1.18402603 1.756060959036e+00 7.911173641549e+00 1.328781007690e-02 1.857718587989e+00 8.746667110890e-03
18 20 1 1.44263970 2.05825687 1.39560187 1.44108644 1.18402603 1.723361763123e+00 7.678189564126e+00 1.442535456835e-02 1.814029094031e+00 8.879588724114e-03
18 21 1 1.44263970 2.05825687 1.39560187 1.44108644 1.18402603 1.698971965777e+00 7.485805447585e+00 1.413211993808e-02 1.773307763989e+00 1.089899377747e-02
18 22 1 1.44263970 2.05825687 1.39560187 1.44108644 1.18402603 1.676444221382e+00 7.292004486831e+00 1.175484449609e-02 1.731146238302e+00 1.010893202072e-02
18 23 1 1.44263970 2.05825687 1.39560187 1.44108644 1.18402603 1.641008503710e+00 7.103639841292e+00 1.307433751347e-02 1.688443106940e+00 9.527119865436e-03
18 24 1 1.44263970 2.05825687 1.39560187 1.44108644 1.18402603 1.627389888681e+00 6.940888998047e+00 1.281939688348e-02 1.655783226337e+00 9.165463425853e-03
18 25 1 1.44263970 2.05825687 1.39560187 1.44108644 1.18402603 1.623111286935e+00 6.794190465744e+00 1.392623609730e-02 1.631269676500e+00 8.694629645999e-03
18 26 1 1.44263970 2.05825687 1.39560187 1.44108644 1.18402603 1.619307229144e+00 6.681212435482e+00 1.313088648257e-02 1.620247630293e+00 7.003990128154e-03
18 27 1 1.44263970 2.05825687 1.39560187 1.44108644 1.18402603 1.609382232070e+00 6.587966258070e+00 1.110625869070e-02 1.605647817226e+00 6.888598620717e-03
18 28 1 1.44263970 2.05825687 1.39560187 1.44108644 1.18402603 1.597790875918e+00 6.507805391121e+00 1.284625044584e-02 1.601126816973e+00 7.922999074589e-03
18 29 1 1.44263970 2.05825687 1.39560187 1.44108644 1.18402603 1.592110556628e+00 6.471199331215e+00 1.294171563177e-02 1.580686306291e+00 9.078813604102e-03
18 30 1 1.44263970 2.05825687 1.39560187 1.44108644 1.18402603 1.587814656257e+00 6.509734921554e+00 1.439497615812e-02 1.583562536230e+00 1.050472063873e-02
18 31 1 1.44263970 2.05825687 1.39560187 1.44108644 1.18402603 1.557582287401e+00 6.445520575250e+00 1.127751500463e-02 1.575121247089e+00 8.154420644527e-03
18 32 1 1.44263970 2.05825687 1.39560187 1.44108644 1.18402603 1.580138046030e+00 6.566464394751e+00 1.130025190705e-02 1.597428465026e+00 8.141556515384e-03
18 33 1 1.44263970 2.05825687 1.39560187 1.44108644 1.18402603 1.590347434177e+00 6.620249120227e+00 1.449862295976e-02 1.608701394828e+00 1.049850069452e-02
18 34 1 1.44263970 2.05825687 1.39560187 1.44108644 1.18402603 1.578917649223e+00 6.695577023815e+00 1.310952428181e-02 1.633897166651e+00 9.113470369488e-03
18 35 1 1.44263970 2.05825687 1.39560187 1.44108644 1.18402603 1.590526594973e+00 6.822003724379e+00 1.308235014614e-02 1.649502954837e+00 8.006958802608e-03
18 36 1 1.44263970 2.05825687 1.39560187 1.44108644 1.18402603 1.598435170700e+00 6.969501289770e+00 1.135076903943e-02 1.670023728895e+00 7.021648965618e-03
18 37 1 1.44263970 2.05825687 1.39560187 1.44108644 1.18402603 1.610157731822e+00 7.082273316459e+00 1.348534165677e-02 1.697657714266e+00 7.200087935660e-03
18 38 1 1.44263970 2.05825687 1.39560187 1.44108644 1.18402603 1.627878648478e+00 7.251514472996e+00 1.436909570771e-02 1.734241224027e+00 9.028686547415e-03
18 39 1 1.44263970 2.05825687 1.39560187 1.44108644 1.18402603 1.662023141699e+00 7.404785140500e+00 1.328076679561e-02 1.784021651387e+00 9.551062018843e-03
18 40 1 1.44263970 2.05825687 1.39560187 1.44108644 1.18402603 1.712546924315e+00 7.570784074241e+00 1.360669461808e-02 1.831347629990e+00 9.933156652223e-03
18 41 1 1.44263970 2.05825687 1.39560187 1.44108644 1.18402603 1.759381433012e+00 7.752156477304e+00 1.225890680450e-02 1.886300737515e+00 1.053247277970e-02
18 42 1 1.44263970 2.05825687 1.39560187 1.44108644 1.18402603 1.797461777199e+00 7.897901578135e+00 1.480045797382e-02 1.925697630430e+00 1.133805275376e-02
18 43 1 1.44263970 2.05825687 1.39560187 1.44108644 1.18402603 1.860386533842e+00 8.117386040992e+00 1.515542654625e-02 1.988976088733e+00 9.226504730206e-03
18 44 1 1.44263970 2.05825687 1.39560187 1.44108644 1.18402603 1.922173946476e+00 8.291912985157e+00 1.399809856569e-02 2.037324125029e+00 9.090843230417e-03
18 45 1 1.44263970 2.05825687 1.39560187 1.44108644 1.18402603 1.999180504220e+00 8.512755463682e+00 1.367593526444e-02 2.126992472970e+00 9.490930917149e-03
18 46 1 1.44263970 2.05825687 1.39560187 1.44108644 1.18402603 2.086649085822e+00 8.689758888695e+00 1.456021252982e-02 2.193158058525e+00 9.242899507735e-03
18 47 1 1.44263970 2.05825687 1.39560187 1.44108644 1.18402603 2.187627087096e+00 9.014141598195e+00 1.563653777566e-02 2.286818633407e+00 9.315494959731e-03
18 48 1 1.44263970 2.05825687 1.39560187 1.44108644 1.18402603 2.268382183155e+00 9.210777102637e+00 1.525884161693e-02 2.353731728482e+00 9.492114695899e-03
18 49 1 1.44263970 2.05825687 1.39560187 1.44108644 1.18402603 2.378111462599e+00 9.496861017690e+00 1.555461483446e-02 2.435368788081e+00 1.186251153943e-02
18 50 1 1.44263970 2.05825687 1.39560187 1.44108644 1.18402603 2.453431195355e+00 9.873661566490e+00 1.462444274913e-02 2.517492138656e+00 1.237251700796e-02
18 51 1 1.44263970 2.05825687 1.39560187 1.44108644 1.18402603 2.531678983969e+00 1.015390936411e+01 1.514513253151e-02 2.614052451392e+00 1.285805168584e-02
18 52 1 1.44263970 2.05825687 1.39560187 1.44108644 1.18402603 2.666890935868e+00 1.053971119439e+01 1.629112551604e-02 2.725333398114e+00 1.282691036867e-02
18 53 1 1.44263970 2.05825687 1.39560187 1.44108644 1.18402603 2.759492005777e+00 1.092415076703e+01 1.777960168951e-02 2.832048188748e+00 1.196027581077e-02
18 54 1 1.44263970 2.05825687 1.39560187 1.44108644 1.18402603 2.855216346717e+00 1.135812065785e+01 1.500600613094e-02 2.942322660589e+00 1.162251181933e-02
18 55 1 1.44263970 2.05825687 1.39560187 1.44108644 1.18402603 2.959813819615e+00 1.174623032255e+01 1.414845939104e-02 3.033726892256e+00 9.297174744918e-03
18 56 1 1.44263970 2.05825687 1.39560187 1.44108644 1.18402603 3.051933933680e+00 1.222061326005e+01 1.769110895025e-02 3.146813061704e+00 9.145432350544e-03
18 57 1 1.44263970 2.05825687 1.39560187 1.44108644 1.18402603 3.137413040476e+00 1.263863757672e+01 1.739039853239e-02 3.246383178506e+00 1.335152748989e-02
18 58 1 1.44263970 2.05825687 1.39560187 1.44108644 1.18402603 3.213974645210e+00 1.318233529936e+01 1.679179792240e-02 3.395623763234e+00 1.429109994785e-02
18 59 1 1.44263970 2.05825687 1.39560187 1.44108644 1.18402603 3.324871779163e+00 1.354595803985e+01 1.401938740231e-02 3.510786845885e+00 1.265811097806e-02
18 60 1 1.44263970 2.05825687 1.39560187 1.44108644 1.18402603 3.485248756787e+00 1.413103963334e+01 1.597715611158e-02 3.664644267485e+00 1.321031802059e-02
18 61 1 1.44263970 2.05825687 1.39560187 1.44108644 1.18402603 3.563679457420e+00 1.458910479512e+01 1.802413551608e-02 3.766860799114e+00 1.404389820138e-02
18 62 1 1.44263970 2.05825687 1.39560187 1.44108644 1.18402603 3.689702346792e+00 1.513670522932e+01 1.695551545418e-02 3.897431515277e+00 1.562715662764e-02
18 63 1 1.44263970 2.05825687 1.39560187 1.44108644 1.18402603 3.835977808851e+00 1.564469632056e+01 1.554290053653e-02 4.016653530974e+00 1.494689046629e-02
23 0 1 1.36764924 1.86266713 1.37551398 1.35022632 1.16956429 2.728921863510e+00 9.922383910521e+00 6.458959636838e-02 2.804495483614e+00 6.097764023716e-02
23 1 1 1.36764924 1.86266713 1.37551398 1.35022632 1.16956429 2.613915740455e+00 9.601211439428e+00 5.936858529733e-02 2.714201560464e+00 6.791540563687e-02
23 2 1 1.36764924 1.86266713 1.37551398 1.35022632 1.16956429 2.507625503800e+00 9.220517959306e+00 5.417825239054e-02 2.597246265872e+00 7.473206192947e-02
23 3 1 1.36764924 1.86266713 1.37551398 1.35022632 1.16956429 2.402530918598e+00 8.919241478327e+00 5.922622604903e-02 2.490504540678e+00 7.652284941297e-02
23 4 1 1.36764924 1.86266713 1.37551398 1.35022632 1.16956429 2.278466040895e+00 8.620874006740e+00 5.925358204024e-02 2.383506856313e+00 6.971203652646e-02
23 5 1 1.36764924 1.86266713 1.37551398 1.35022632 1.16956429 2.201837199020e+00 8.362440655776e+00 5.282583695031e-02 2.296343703861e+00 5.619462165264e-02
23 6 1 1.36764924 1.86266713 1.37551398 1.35022632 1.16956429 2.119032049109e+00 8.012042240718e+00 4.921061488572e-02 2.208079261911e+00 5.564622099273e-02
23 7 1 1.36764924 1.86266713 1.37551398 1.35022632 1.16956429 2.043458917318e+00 7.840792957337e+00 5.154077444140e-02 2.146688088039e+00 5.889092323560e-02
23 8 1 1.36764924 1.86266713 1.37551398 1.35022632 1.16956429 1.938132822241e+00 7.552691430521e+00 5.515563497122e-02 2.050688937288e+00 5.477456682791e-02
23 9 1 1.36764924 1.86266713 1.37551398 1.35022632 1.16956429 1.852716129026e+00 7.311440756929e+00 4.855673752304e-02 1.983867920450e+00 5.255827561856e-02
23 10 1 1.36764924 1.86266713 1.37551398 1.35022632 1.16956429 1.804529535202e+00 7.101684469498e+00 4.817546664856e-02 1.893091065937e+00 5.338778551437e-02
23 11 1 1.36764924 1.86266713 1.37551398 1.35022632 1.16956429 1.715592240430e+00 6.868419487572e+00 5.017518480271e-02 1.821832177847e+00 5.587169689062e-02
23 12 1 1.36764924 1.86266713 1.37551398 1.35022632 1.16956429 1.664549140517e+00 6.673282300491e+00 4.899367052008e-02 1.768426945158e+00 5.930354728611e-02
23 13 1 1.36764924 1.86266713 1.37551398 1.35022632 1.16956429 1.628073737453e+00 6.430087715664e+00 4.812974105926e-02 1.702396385352e+00 6.059764049795e-02
23 14 1 1.36764924 1.86266713 1.37551398 1.35022632 1.16956429 1.579136880754e+00 6.263370686395e+00 4.767751576467e-02 1.662637435177e+00 5.558668575949e-02
23 15 1 1.36764924 1.86266713 1.37551398 1.35022632 1.16956429 1.530341447854e+00 6.039061042298e+00 4.880220914900e-02 1.598680016208e+00 5.022623772346e-02
23 16 1 1.36764924 1.86266713 1.37551398 1.35022632 1.16956429 1.477866091008e+00 5.855481980290e+00 4.776612471048e-02 1.544020946122e+00 4.522129461872e-02
23 17 1 1.36764924 1.86266713 1.37551398 1.35022632 1.16956429 1.444346405648e+00 5.669422581148e+00 4.717961258956e-02 1.496085351330e+00 4.540989874397e-02
23 18 1 1.36764924 1.86266713 1.37551398 1.35022632 1.16956429 1.430066623466e+00 5.478184388988e+00 4.718005227131e-02 1.445785110257e+00 4.894010166985e-02
23 19 1 1.36764924 1.86266713 1.37551398 1.35022632 1.16956429 1.393754152385e+00 5.316577140596e+00 4.638378504582e-02 1.418999755253e+00 4.927843392463e-02
23 20 1 1.36764924 1.86266713 1.37551398 1.35022632 1.16956429 1.367007831061e+00 5.159613592637e+00 4.886507196487e-02 1.384150409956e+00 4.858787182984e-02
23 21 1 1.36764924 1.86266713 1.37551398 1.35022632 1.16956429 1.366935483959e+00 4.987917301580e+00 4.779903820803e-02 1.355887200947e+00 4.910012994194e-02
23 22 1 1.36764924 1.86266713 1.37551398 1.35022632 1.16956429 1.334222660684e+00 4.860983367686e+00 4.450193717998e-02 1.322775565525e+00 5.001033636705e-02
23 23 1 1.36764924 1.86266713 1.37551398 1.35022632 1.16956429 1.301376307744e+00 4.756931207056e+00 4.686174009221e-02 1.293088789697e+00 5.139740179509e-02
23 24 1 1.36764924 1.86266713 1.37551398 1.35022632 1.16956429 1.291486873455e+00 4.613630710409e+00 4.659682610990e-02 1.264971867698e+00 4.913129313910e-02
23 25 1 1.36764924 1.86266713 1.37551398 1.35022632 1.16956429 1.287120386164e+00 4.533435443055e+00 4.884124013100e-02 1.253891791987e+00 4.615292927175e-02
23 26 1 1.36764924 1.86266713 1.37551398 1.35022632 1.16956429 1.274291476074e+00 4.481600418188e+00 4.666225462398e-02 1.239413963038e+00 3.974908879982e-02
23 27 1 1.36764924 1.86266713 1.37551398 1.35022632 1.16956429 1.266110459488e+00 4.398770671085e+00 4.336356521076e-02 1.233982456672e+00 3.997681459470e-02
23 28 1 1.36764924 1.86266713 1.37551398 1.35022632 1.16956429 1.252090573494e+00 4.364339636303e+00 4.662623759199e-02 1.228818568991e+00 4.373852137002e-02
23 29 1 1.36764924 1.86266713 1.37551398 1.35022632 1.16956429 1.248039157086e+00 4.343870172224e+00 4.744360473632e-02 1.210009472042e+00 4.691604039610e-02
23 30 1 1.36764924 1.86266713 1.37551398 1.35022632 1.16956429 1.243410620592e+00 4.381138012600e+00 5.028483624922e-02 1.218081882341e+00 5.025227595934e-02
23 31 1 1.36764924 1.86266713 1.37551398 1.35022632 1.16956429 1.212770834639e+00 4.320524293231e+00 4.331587189225e-02 1.204670581300e+00 4.439977478321e-02
23 32 1 1.36764924 1.86266713 1.37551398 1.35022632 1.16956429 1.236094010587e+00 4.418856037235e+00 4.325516304806e-02 1.226184731148e+00 4.393688231823e-02
23 33 1 1.36764924 1.86266713 1.37551398 1.35022632 1.16956429 1.246592090080e+00 4.455925890977e+00 5.045742633028e-02 1.234911605673e+00 4.986550360600e-02
23 34 1 1.36764924 1.86266713 1.37551398 1.35022632 1.16956429 1.232032480783e+00 4.498781955238e+00 4.783699409490e-02 1.248911965689e+00 4.683397633162e-02
23 35 1 1.36764924 1.86266713 1.37551398 1.35022632 1.16956429 1.244689808664e+00 4.583365434938e+00 4.716399261421e-02 1.268784456511e+00 4.364997910945e-02
23 36 1 1.36764924 1.86266713 1.37551398 1.35022632 1.16956429 1.248301036806e+00 4.697072355764e+00 4.390537059832e-02 1.274859192361e+00 3.976695611661e-02
23 37 1 1.36764924 1.86266713 1.37551398 1.35022632 1.16956429 1.259409874235e+00 4.780858302572e+00 4.728139663553e-02 1.301040910093e+00 3.890215733908e-02
23 38 1 1.36764924 1.86266713 1.37551398 1.35022632 1.16956429 1.270634728495e+00 4.879311606856e+00 4.973821625611e-02 1.326790597691e+00 4.517775763649e-02
23 39 1 1.36764924 1.86266713 1.37551398 1.35022632 1.16956429 1.289282524737e+00 5.022205318056e+00 4.751987350728e-02 1.361002994734e+00 4.830240504877e-02
23 40 1 1.36764924 1.86266713 1.37551398 1.35022632 1.16956429 1.326451059509e+00 5.155078438628e+00 4.792156551831e-02 1.404512287113e+00 5.058841845485e-02
23 41 1 1.36764924 1.86266713 1.37551398 1.35022632 1.16956429 1.364920526678e+00 5.250892769437e+00 4.549152438128e-02 1.437629956670e+00 4.917460210911e-02
23 42 1 1.36764924 1.86266713 1.37551398 1.35022632 1.16956429 1.376597238747e+00 5.422979071756e+00 4.890739045481e-02 1.477342321269e+00 4.790466182346e-02
23 43 1 1.36764924 1.86266713 1.37551398 1.35022632 1.16956429 1.409690429844e+00 5.560760698810e+00 5.017879735208e-02 1.514050018920e+00 4.708799114601e-02
23 44 1 1.36764924 1.86266713 1.37551398 1.35022632 1.16956429 1.471500562485e+00 5.696265420347e+00 4.759864219883e-02 1.563164048355e+00 4.760719357158e-02
23 45 1 1.36764924 1.86266713 1.37551398 1.35022632 1.16956429 1.507682591646e+00 5.854216396076e+00 4.844628561194e-02 1.614036194388e+00 4.739727252251e-02
23 46 1 1.36764924 1.86266713 1.37551398 1.35022632 1.16956429 1.562676681851e+00 6.021132206089e+00 4.845206798572e-02 1.687706100049e+00 4.379458954690e-02
23 47 1 1.36764924 1.86266713 1.37551398 1.35022632 1.16956429 1.641141724390e+00 6.167227605720e+00 4.903229349949e-02 1.736047631912e+00 4.312390960626e-02
23 48 1 1.36764924 1.86266713 1.37551398 1.35022632 1.16956429 1.709005666783e+00 6.360616934224e+00 5.015537244982e-02 1.813942431072e+00 4.782671640244e-02
23 49 1 1.36764924 1.86266713 1.37551398 1.35022632 1.16956429 1.770923039206e+00 6.521032182265e+00 4.893218603832e-02 1.858523818277e+00 5.298820364189e-02
23 50 1 1.36764924 1.86266713 1.37551398 1.35022632 1.16956429 1.836619742182e+00 6.718747317435e+00 4.936211031637e-02 1.930806481330e+00 5.798785646488e-02
23 51 1 1.36764924 1.86266713 1.37551398 1.35022632 1.16956429 1.910148336546e+00 6.933945450091e+00 5.022975818365e-02 2.007438792251e+00 5.663992475881e-02
23 52 1 1.36764924 1.86266713 1.37551398 1.35022632 1.16956429 2.023196784974e+00 7.134895302768e+00 5.140717118978e-02 2.083546266455e+00 5.289053430466e-02
23 53 1 1.36764924 1.86266713 1.37551398 1.35022632 1.16956429 2.102925627056e+00 7.376975636973e+00 4.931096388506e-02 2.187038946254e+00 4.999072770156e-02
23 54 1 1.36764924 1.86266713 1.37551398 1.35022632 1.16956429 2.184987545750e+00 7.613817164627e+00 4.953106124009e-02 2.262039950517e+00 4.882346192263e-02
23 55 1 1.36764924 1.86266713 1.37551398 1.35022632 1.16956429 2.310999157382e+00 7.919806639884e+00 5.641682955844e-02 2.349288805621e+00 5.086329084933e-02
23 56 1 1.36764924 1.86266713 1.37551398 1.35022632 1.16956429 2.381827080188e+00 8.161282278545e+00 5.265933515734e-02 2.434456706162e+00 5.507188463309e-02
23 57 1 1.36764924 1.86266713 1.37551398 1.35022632 1.16956429 2.465957243642e+00 8.467941215708e+00 5.003675385988e-02 2.516277743638e+00 5.181414076539e-02
23 58 1 1.36764924 1.86266713 1.37551398 1.35022632 1.16956429 2.554976867883e+00 8.856589250226e+00 5.373079698109e-02 2.632864168978e+00 5.168715681014e-02
23 59 1 1.36764924 1.86266713 1.37551398 1.35022632 1.16956429 2.673278603836e+00 9.109983737876e+00 6.037784904317e-02 2.737304438700e+00 6.463380536326e-02
23 60 1 1.36764924 1.86266713 1.37551398 1.35022632 1.16956429 2.785468582260e+00 9.516964180596e+00 6.032294146776e-02 2.856415822302e+00 7.132157233265e-02
23 61 1 1.36764924 1.86266713 1.37551398 1.35022632 1.16956429 2.863529422753e+00 9.875010778657e+00 5.496744399150e-02 2.961852685538e+00 6.944379028896e-02
23 62 1 1.36764924 1.86266713 1.37551398 1.35022632 1.16956429 2.968623371947e+00 1.028263223564e+01 6.023508234211e-02 3.062631539264e+00 6.246158321591e-02
23 63 1 1.36764924 1.86266713 1.37551398 1.35022632 1.16956429 3.054811836888e+00 1.063387066330e+01 6.563330372535e-02 3.164632058963e+00 5.503898410508e-02
25 0 1 1.10293491 1.49322976 1.05258644 1.12749489 0.92754637 1.192158687772e+00 4.216322210313e+00 1.055549671675e-02 1.408956903274e+00 9.234954752122e-03
25 1 1 1.10293491 1.49322976 1.05258644 1.12749489 0.92754637 1.159567291721e+00 3.653312971444e+00 9.546154089710e-03 1.358665869814e+00 9.516490588975e-03
25 2 1 1.10293491 1.49322976 1.05258644 1.12749489 0.92754637 1.130276619480e+00 4.205794374504e+00 9.086726431821e-03 1.330198300620e+00 9.530860161144e-03
25 3 1 1.10293491 1.49322976 1.05258644 1.12749489 0.92754637 1.081917490603e+00 3.939234775495e+00 8.762226510053e-03 1.283005392095e+00 9.838573579683e-03
25 4 1 1.10293491 1.49322976 1.05258644 1.12749489 0.92754637 1.045803506620e+00 3.213379198353e+00 9.557384189973e-03 1.227893276894e+00 1.019475320700e-02
25 5 1 1.10293491 1.49322976 1.05258644 1.12749489 0.92754637 1.034422829022e+00 3.646505796522e+00 9.453693074400e-03 1.192814030762e+00 9.293623742161e-03
25 6 1 1.10293491 1.49322976 1.05258644 1.12749489 0.92754637 1.004917686866e+00 3.658245129024e+00 9.030536165702e-03 1.142444213862e+00 7.545791639767e-03
25 7 1 1.10293491 1.49322976 1.05258644 1.12749489 0.92754637 9.682875227985e-01 2.943786172405e+00 9.404111056338e-03 1.108135219817e+00 6.521775343884e-03
25 8 1 1.10293491 1.49322976 1.05258644 1.12749489 0.92754637 9.277797523140e-01 3.116677972762e+00 8.143904437585e-03 1.079933833945e+00 6.531222754518e-03
25 9 1 1.10293491 1.49322976 1.05258644 1.12749489 0.92754637 8.915577035121e-01 3.353625194038e+00 8.312358633759e-03 1.032083845477e+00 7.081420585865e-03
25 10 1 1.10293491 1.49322976 1.05258644 1.12749489 0.92754637 8.671327703494e-01 2.741173718078e+00 9.041165547441e-03 9.974815528150e-01 8.122325850063e-03
25 11 1 1.10293491 1.49322976 1.05258644 1.12749489 0.92754637 8.192929161968e-01 2.660087280003e+00 8.511664682105e-03 9.565600210787e-01 8.720395596180e-03
25 12 1 1.10293491 1.49322976 1.05258644 1.12749489 0.92754637 7.860008995257e-01 3.003169244770e+00 7.794798791081e-03 9.141827031877e-01 7.986086582582e-03
25 13 1 1.10293491 1.49322976 1.05258644 1.12749489 0.92754637 7.696672344488e-01 2.599335187021e+00 8.409609793450e-03 8.904462271137e-01 7.988712798954e-03
25 14 1 1.10293491 1.49322976 1.05258644 1.12749489 0.92754637 7.310421605945e-01 2.306374294767e+00 8.410596953541e-03 8.586806011826e-01 7.021735600483e-03
25 15 1 1.10293491 1.49322976 1.05258644 1.12749489 0.92754637 6.948300700725e-01 2.680892911966e+00 6.992790933691e-03 8.279828214058e-01 5.472575268698e-03
25 16 1 1.10293491 1.49322976 1.05258644 1.12749489 0.92754637 6.649715281410e-01 2.497814323034e+00 7.632629142862e-03 8.021416694365e-01 6.445125634466e-03
25 17 1 1.10293491 1.49322976 1.05258644 1.12749489 0.92754637 6.442587982107e-01 2.092576327071e+00 7.852593716443e-03 7.664845576248e-01 6.706437269786e-03
25 18 1 1.10293491 1.49322976 1.05258644 1.12749489 0.92754637 6.291637893222e-01 2.397767203012e+00 7.440452865211e-03 7.398036275907e-01 5.654340847364e-03
25 19 1 1.10293491 1.49322976 1.05258644 1.12749489 0.92754637 6.069027636466e-01 2.419579913483e+00 7.575901517371e-03 7.212654471480e-01 5.339614643892e-03
25 20 1 1.10293491 1.49322976 1.05258644 1.12749489 0.92754637 5.958953180786e-01 1.979906101821e+00 7.284889609611e-03 6.984922514479e-01 5.752999101320e-03
25 21 1 1.10293491 1.49322976 1.05258644 1.12749489 0.92754637 5.926129764653e-01 2.134660563491e+00 6.464565654552e-03 6.841173556854e-01 6.378696445022e-03
25 22 1 1.10293491 1.49322976 1.05258644 1.12749489 0.92754637 5.797033631010e-01 2.316674259536e+00 6.232609525006e-03 6.676803287759e-01 7.003930198715e-03
25 23 1 1.10293491 1.49322976 1.05258644 1.12749489 0.92754637 5.636382845939e-01 1.908957091562e+00 7.914619829129e-03 6.445970054718e-01 7.288781228940e-03
25 24 1 1.10293491 1.49322976 1.05258644 1.12749489 0.92754637 5.635287673397e-01 1.893258969655e+00 7.714513498847e-03 6.338372970986e-01 6.021346834825e-03
25 25 1 1.10293491 1.49322976 1.05258644 1.12749489 0.92754637 5.676336885670e-01 2.169306772778e+00 6.174222365241e-03 6.219342430653e-01 4.590153903028e-03
25 26 1 1.10293491 1.49322976 1.05258644 1.12749489 0.92754637 5.626351108890e-01 1.861118072643e+00 6.072912063842e-03 6.126747253474e-01 4.363623961870e-03
25 27 1 1.10293491 1.49322976 1.05258644 1.12749489 0.92754637 5.616169038320e-01 1.718558425330e+00 6.405272103254e-03 6.145219801166e-01 4.805095082734e-03
25 28 1 1.10293491 1.49322976 1.05258644 1.12749489 0.92754637 5.592026805220e-01 2.015446665197e+00 6.677802512212e-03 6.053477943143e-01 5.254447003548e-03
25 29 1 1.10293491 1.49322976 1.05258644 1.12749489 0.92754637 5.599902406645e-01 1.879801452182e+00 7.290543593482e-03 6.009609337774e-01 6.149973936489e-03
25 30 1 1.10293491 1.49322976 1.05258644 1.12749489 0.92754637 5.562483529255e-01 1.648156412274e+00 7.502156976132e-03 6.019400062536e-01 6.623631029290e-03
25 31 1 1.10293491 1.49322976 1.05258644 1.12749489 0.92754637 5.444034189836e-01 1.926168289245e+00 5.506722734208e-03 5.965764881168e-01 4.928890251349e-03
25 32 1 1.10293491 1.49322976 1.05258644 1.12749489 0.92754637 5.538252554464e-01 1.989381493315e+00 5.519188649029e-03 6.069018637551e-01 4.926821361401e-03
25 33 1 1.10293491 1.49322976 1.05258644 1.12749489 0.92754637 5.600208675477e-01 1.691664286576e+00 7.553735041808e-03 6.154539892579e-01 6.621240409208e-03
25 34 1 1.10293491 1.49322976 1.05258644 1.12749489 0.92754637 5.534359611231e-01 1.921461093678e+00 7.381137186089e-03 6.193493245296e-01 6.170920878548e-03
25 35 1 1.10293491 1.49322976 1.05258644 1.12749489 0.92754637 5.562585706563e-01 2.143813520669e+00 6.802085543322e-03 6.332211177046e-01 5.311282485733e-03
25 36 1 1.10293491 1.49322976 1.05258644 1.12749489 0.92754637 5.591166746461e-01 1.836136159445e+00 6.547667673729e-03 6.373586848738e-01 4.904132785484e-03
25 37 1 1.10293491 1.49322976 1.05258644 1.12749489 0.92754637 5.664183843610e-01 1.940313862054e+00 6.235146586584e-03 6.479887720982e-01 4.493246910192e-03
25 38 1 1.10293491 1.49322976 1.05258644 1.12749489 0.92754637 5.725123196371e-01 2.289876815840e+00 6.369188646967e-03 6.690643549813e-01 4.751534663344e-03
25 39 1 1.10293491 1.49322976 1.05258644 1.12749489 0.92754637 5.809608817804e-01 2.021352905210e+00 7.982477269883e-03 6.830806677462e-01 6.277846920201e-03
25 40 1 1.10293491 1.49322976 1.05258644 1.12749489 0.92754637 6.069476833032e-01 1.969270374076e+00 8.234259247560e-03 7.058014987321e-01 7.596721512448e-03
25 41 1 1.10293491 1.49322976 1.05258644 1.12749489 0.92754637 6.296771818043e-01 2.379755572994e+00 6.509755468581e-03 7.262276181972e-01 7.295465687147e-03
25 42 1 1.10293491 1.49322976 1.05258644 1.12749489 0.92754637 6.419046301455e-01 2.241579939615e+00 6.759273213674e-03 7.386742988938e-01 6.646902510573e-03
25 43 1 1.10293491 1.49322976 1.05258644 1.12749489 0.92754637 6.623122881662e-01 2.029239230967e+00 7.650097324188e-03 7.626552236766e-01 5.980993112183e-03
25 44 1 1.10293491 1.49322976 1.05258644 1.12749489 0.92754637 6.968732712017e-01 2.458647582946e+00 7.980112460772e-03 7.864383520857e-01 5.553644724771e-03
25 45 1 1.10293491 1.49322976 1.05258644 1.12749489 0.92754637 7.250411303126e-01 2.512604267192e+00 7.847986077296e-03 8.109265931776e-01 5.908069948388e-03
25 46 1 1.10293491 1.49322976 1.05258644 1.12749489 0.92754637 7.522386632970e-01 2.189393155658e+00 8.311361914824e-03 8.456452359312e-01 7.089212655243e-03
25 47 1 1.10293491 1.49322976 1.05258644 1.12749489 0.92754637 7.916145296282e-01 2.572972237572e+00 8.093195939821e-03 8.700460098287e-01 6.853681970148e-03
25 48 1 1.10293491 1.49322976 1.05258644 1.12749489 0.92754637 8.282499963524e-01 2.859257448227e+00 7.415739161902e-03 8.920440985671e-01 5.835826150877e-03
25 49 1 1.10293491 1.49322976 1.05258644 1.12749489 0.92754637 8.638017206497e-01 2.484129042959e+00 8.947134046351e-03 9.235535672469e-01 7.497140582675e-03
25 50 1 1.10293491 1.49322976 1.05258644 1.12749489 0.92754637 8.823860212326e-01 2.731240372447e+00 8.953027100641e-03 9.469919366487e-01 8.503600853932e-03
25 51 1 1.10293491 1.49322976 1.05258644 1.12749489 0.92754637 9.071523546730e-01 3.243320679147e+00 8.300372683879e-03 9.823575925648e-01 8.467198762862e-03
25 52 1 1.10293491 1.49322976 1.05258644 1.12749489 0.92754637 9.580566748002e-01 2.904264411344e+00 9.083202530481e-03 1.024837135016e+00 9.210028324274e-03
25 53 1 1.10293491 1.49322976 1.05258644 1.12749489 0.92754637 9.822746520388e-01 2.901169584433e+00 9.645618695479e-03 1.050097750923e+00 8.574407652182e-03
25 54 1 1.10293491 1.49322976 1.05258644 1.12749489 0.92754637 1.008036577269e+00 3.619909172462e+00 8.873485960530e-03 1.087477852234e+00 7.474943482950e-03
25 55 1 1.10293491 1.49322976 1.05258644 1.12749489 0.92754637 1.050749386801e+00 3.387854033117e+00 8.700642195737e-03 1.118090549574e+00 6.917539475319e-03
25 56 1 1.10293491 1.49322976 1.05258644 1.12749489 0.92754637 1.080888202954e+00 3.132370762543e+00 1.003832856940e-02 1.143295151632e+00 6.964835487528e-03
25 57 1 1.10293491 1.49322976 1.05258644 1.12749489 0.92754637 1.111961804481e+00 3.939354313143e+00 9.648253670107e-03 1.195623860594e+00 8.089514888316e-03
25 58 1 1.10293491 1.49322976 1.05258644 1.12749489 0.92754637 1.135094290759e+00 3.950240857459e+00 1.010469930858e-02 1.233622270701e+00 9.988004946973e-03
25 59 1 1.10293491 1.49322976 1.05258644 1.12749489 0.92754637 1.180903169733e+00 3.493539485622e+00 1.020171760005e-02 1.275933367616e+00 1.092273021430e-02
25 60 1 1.10293491 1.49322976 1.05258644 1.12749489 0.92754637 1.249887557069e+00 4.216113576213e+00 9.358674816368e-03 1.326802364247e+00 1.049024132926e-02
25 61 1 1.10293491 1.49322976 1.05258644 1.12749489 0.92754637 1.295428843121e+00 4.618748034318e+00 9.701092337055e-03 1.352135795042e+00 1.010797533072e-02
25 62 1 1.10293491 1.49322976 1.05258644 1.12749489 0.92754637 1.342007489838e+00 4.002762618396e+00 1.017554293616e-02 1.401175865933e+00 1.003241073775e-02
25 63 1 1.10293491 1.49322976 1.05258644 1.12749489 0.92754637 1.413100976490e+00 4.491226996304e+00 1.126913321538e-02 1.455559784650e+00 9.718663948342e-03
26 0 1 1.89410903 2.87170130 1.79124849 1.84578289 1.45891351 9.878646473121e+00 5.397290676109e+01 7.540414291815e-03 9.532261701765e+00 5.979752591583e-03
26 1 1 1.89410903 2.87170130 1.79124849 1.84578289 1.45891351 9.503183659623e+00 5.226023813807e+01 7.613816660664e-03 9.188595646773e+00 4.670417082943e-03
26 2 1 1.89410903 2.87170130 1.79124849 1.84578289 1.45891351 9.186470040320e+00 5.041979828751e+01 7.486722062284e-03 8.869897729399e+00 2.966467747533e-03
26 3 1 1.89410903 2.87170130 1.79124849 1.84578289 1.45891351 8.812345026544e+00 4.850930559371e+01 4.479371598155e-03 8.506446334245e+00 2.783922837918e-03
26 4 1 1.89410903 2.87170130 1.79124849 1.84578289 1.45891351 8.513927315161e+00 4.691848583861e+01 6.277843014836e-03 8.168451529373e+00 4.188499033185e-03
26 5 1 1.89410903 2.87170130 1.79124849 1.84578289 1.45891351 8.290556003404e+00 4.511287014871e+01 7.378794811884e-03 7.842883345735e+00 4.647708999610e-03
26 6 1 1.89410903 2.87170130 1.79124849 1.84578289 1.45891351 7.974024473184e+00 4.342587203562e+01 5.425646637899e-03 7.553198525739e+00 3.428259938503e-03
26 7 1 1.89410903 2.87170130 1.79124849 1.84578289 1.45891351 7.688378984436e+00 4.186699192075e+01 5.040277700658e-03 7.316846015693e+00 2.996092114411e-03
26 8 1 1.89410903 2.87170130 1.79124849 1.84578289 1.45891351 7.417493571047e+00 4.038342596483e+01 4.913628078016e-03 7.053587928709e+00 2.615683187779e-03
26 9 1 1.89410903 2.87170130 1.79124849 1.84578289 1.45891351 7.126866915726e+00 3.889862812655e+01 5.399875792991e-03 6.809162683425e+00 2.764101735399e-03
26 10 1 1.89410903 2.87170130 1.79124849 1.84578289 1.45891351 6.952625474794e+00 3.754479634562e+01 4.933273218023e-03 6.526599843307e+00 3.282945882058e-03
26 11 1 1.89410903 2.87170130 1.79124849 1.84578289 1.45891351 6.682093974435e+00 3.625088832421e+01 4.965904861930e-03 6.276193836294e+00 3.622891537113e-03
26 12 1 1.89410903 2.87170130 1.79124849 1.84578289 1.45891351 6.433117367652e+00 3.518045687180e+01 4.295933799478e-03 6.058411279258e+00 2.357370825498e-03
26 13 1 1.89410903 2.87170130 1.79124849 1.84578289 1.45891351 6.303316628413e+00 3.387041808614e+01 3.951761795116e-03 5.874858224253e+00 2.198442977831e-03
26 14 1 1.89410903 2.87170130 1.79124849 1.84578289 1.45891351 6.059237080503e+00 3.290357754941e+01 4.568227803459e-03 5.715714923450e+00 2.901909554022e-03
26 15 1 1.89410903 2.87170130 1.79124849 1.84578289 1.45891351 5.891154385954e+00 3.194852236323e+01 4.495129877349e-03 5.534774095317e+00 2.347277991989e-03
26 16 1 1.89410903 2.87170130 1.79124849 1.84578289 1.45891351 5.721851416381e+00 3.094433637617e+01 3.496324678922e-03 5.350616315430e+00 2.051793366924e-03
26 17 1 1.89410903 2.87170130 1.79124849 1.84578289 1.45891351 5.526461354699e+00 3.002842784764e+01 4.146515804252e-03 5.157600492955e+00 2.772239997291e-03
26 18 1 1.89410903 2.87170130 1.79124849 1.84578289 1.45891351 5.402096841998e+00 2.923603431781e+01 3.431721204198e-03 5.009172246038e+00 2.361770983318e-03
26 19 1 1.89410903 2.87170130 1.79124849 1.84578289 1.45891351 5.236050013416e+00 2.844653835698e+01 3.534837635628e-03 4.883533990362e+00 2.031362859604e-03
26 20 1 1.89410903 2.87170130 1.79124849 1.84578289 1.45891351 5.132085646212e+00 2.766135710355e+01 3.885944410412e-03 4.800155976674e+00 1.788589985623e-03
26 21 1 1.89410903 2.87170130 1.79124849 1.84578289 1.45891351 5.052708441723e+00 2.692500109250e+01 3.702626597673e-03 4.699398244472e+00 2.202166802717e-03
26 22 1 1.89410903 2.87170130 1.79124849 1.84578289 1.45891351 4.942132266180e+00 2.637565303714e+01 2.705968949978e-03 4.592758174613e+00 1.812697354756e-03
26 23 1 1.89410903 2.87170130 1.79124849 1.84578289 1.45891351 4.804437119242e+00 2.578166270437e+01 3.614087182056e-03 4.481464531199e+00 2.262958195415e-03
26 24 1 1.89410903 2.87170130 1.79124849 1.84578289 1.45891351 4.718914023314e+00 2.512919580554e+01 3.176984283971e-03 4.377559864010e+00 2.088140855279e-03
26 25 1 1.89410903 2.87170130 1.79124849 1.84578289 1.45891351 4.671983197228e+00 2.485830065887e+01 3.216474538687e-03 4.333688435352e+00 1.788440441488e-03
26 26 1 1.89410903 2.87170130 1.79124849 1.84578289 1.45891351 4.605540025035e+00 2.440636135139e+01 3.382965984816e-03 4.292275306145e+00 1.632723466838e-03
26 27 1 1.89410903 2.87170130 1.79124849 1.84578289 1.45891351 4.612863565896e+00 2.412389508557e+01 2.995405016886e-03 4.288766827108e+00 1.808575812918e-03
26 28 1 1.89410903 2.87170130 1.79124849 1.84578289 1.45891351 4.560428171118e+00 2.391100124440e+01 2.489312210162e-03 4.250624901819e+00 1.590904364254e-03
26 29 1 1.89410903 2.87170130 1.79124849 1.84578289 1.45891351 4.527625656594e+00 2.379866117378e+01 3.304936195476e-03 4.212966143318e+00 2.248182984791e-03
26 30 1 1.89410903 2.87170130 1.79124849 1.84578289 1.45891351 4.515122635512e+00 2.387070270994e+01 4.345537557308e-03 4.185547753471e+00 2.721382639102e-03
26 31 1 1.89410903 2.87170130 1.79124849 1.84578289 1.45891351 4.457241031076e+00 2.371107278289e+01 2.365944351165e-03 4.177635927770e+00 1.242267265306e-03
26 32 1 1.89410903 2.87170130 1.79124849 1.84578289 1.45891351 4.539923901841e+00 2.403555890783e+01 2.365070695058e-03 4.226081971293e+00 1.229068470507e-03
26 33 1 1.89410903 2.87170130 1.79124849 1.84578289 1.45891351 4.595671612987e+00 2.420940481286e+01 4.370853348399e-03 4.271314914323e+00 2.723210871527e-03
26 34 1 1.89410903 2.87170130 1.79124849 1.84578289 1.45891351 4.612039078245e+00 2.444595841046e+01 3.355755873355e-03 4.332199501254e+00 2.279781116120e-03
26 35 1 1.89410903 2.87170130 1.79124849 1.84578289 1.45891351 4.674026780135e+00 2.482186960561e+01 2.530979813519e-03 4.361923357093e+00 1.621337634494e-03
26 36 1 1.89410903 2.87170130 1.79124849 1.84578289 1.45891351 4.694007305298e+00 2.525941859487e+01 3.060389717862e-03 4.402403253242e+00 1.833765013792e-03
26 37 1 1.89410903 2.87170130 1.79124849 1.84578289 1.45891351 4.767017404023e+00 2.575433800675e+01 3.471038094648e-03 4.459838141984e+00 1.674563797390e-03
26 38 1 1.89410903 2.87170130 1.79124849 1.84578289 1.45891351 4.873510328130e+00 2.620107478065e+01 3.318369577727e-03 4.560293839254e+00 1.822367418709e-03
26 39 1 1.89410903 2.87170130 1.79124849 1.84578289 1.45891351 4.974885870909e+00 2.677574809627e+01 3.287186731978e-03 4.689529898168e+00 2.146148735684e-03
26 40 1 1.89410903 2.87170130 1.79124849 1.84578289 1.45891351 5.124234666962e+00 2.749878575129e+01 3.758069481292e-03 4.819094641984e+00 2.337963488657e-03
26 41 1 1.89410903 2.87170130 1.79124849 1.84578289 1.45891351 5.251721298302e+00 2.802407389295e+01 2.822095319299e-03 4.943740498932e+00 1.875134079665e-03
26 42 1 1.89410903 2.87170130 1.79124849 1.84578289 1.45891351 5.335100052677e+00 2.870622932625e+01 3.869255059240e-03 5.040638701228e+00 2.284896915218e-03
26 43 1 1.89410903 2.87170130 1.79124849 1.84578289 1.45891351 5.472631370183e+00 2.955612185663e+01 4.081230907875e-03 5.176825403353e+00 1.860092401421e-03
26 44 1 1.89410903 2.87170130 1.79124849 1.84578289 1.45891351 5.667864266703e+00 3.025003791082e+01 3.720947676431e-03 5.322493435051e+00 2.110109567153e-03
26 45 1 1.89410903 2.87170130 1.79124849 1.84578289 1.45891351 5.841591997101e+00 3.110095112861e+01 3.617780207385e-03 5.533208404710e+00 2.459238605769e-03
26 46 1 1.89410903 2.87170130 1.79124849 1.84578289 1.45891351 6.035574597140e+00 3.195604397762e+01 4.385758787515e-03 5.741082549549e+00 2.910045487682e-03
26 47 1 1.89410903 2.87170130 1.79124849 1.84578289 1.45891351 6.249770723583e+00 3.299632817411e+01 3.700562800184e-03 5.941857814000e+00 2.146482265320e-03
26 48 1 1.89410903 2.87170130 1.79124849 1.84578289 1.45891351 6.429346847061e+00 3.399340398320e+01 4.770575106510e-03 6.137631257385e+00 2.460313378343e-03
26 49 1 1.89410903 2.87170130 1.79124849 1.84578289 1.45891351 6.680199413098e+00 3.496661537983e+01 4.853430489881e-03 6.309799616097e+00 3.048897235189e-03
26 50 1 1.89410903 2.87170130 1.79124849 1.84578289 1.45891351 6.891367649008e+00 3.631698656216e+01 4.210296075564e-03 6.549180395406e+00 2.310878295282e-03
26 51 1 1.89410903 2.87170130 1.79124849 1.84578289 1.45891351 7.113944053754e+00 3.748617134566e+01 4.565756085368e-03 6.797217797628e+00 2.471004475164e-03
26 52 1 1.89410903 2.87170130 1.79124849 1.84578289 1.45891351 7.466693137851e+00 3.876235845416e+01 5.302151860512e-03 7.099299394041e+00 3.806415895460e-03
26 53 1 1.89410903 2.87170130 1.79124849 1.84578289 1.45891351 7.670515542562e+00 4.017852526807e+01 5.253455841637e-03 7.384255253968e+00 3.478585022398e-03
26 54 1 1.89410903 2.87170130 1.79124849 1.84578289 1.45891351 7.964470511625e+00 4.166769184041e+01 5.775335306609e-03 7.649499060167e+00 2.908744220074e-03
26 55 1 1.89410903 2.87170130 1.79124849 1.84578289 1.45891351 8.325584431164e+00 4.312370648500e+01 5.238345374924e-03 7.916857954693e+00 2.753190490533e-03
26 56 1 1.89410903 2.87170130 1.79124849 1.84578289 1.45891351 8.588660223892e+00 4.464422445543e+01 5.389869853751e-03 8.191364236382e+00 3.154597515016e-03
26 57 1 1.89410903 2.87170130 1.79124849 1.84578289 1.45891351 8.960168079446e+00 4.622846403827e+01 5.783323242900e-03 8.522201906975e+00 3.599193204034e-03
26 58 1 1.89410903 2.87170130 1.79124849 1.84578289 1.45891351 9.224500268513e+00 4.790986831355e+01 7.893780137831e-03 8.878036014207e+00 4.923262811988e-03
26 59 1 1.89410903 2.87170130 1.79124849 1.84578289 1.45891351 9.569492828727e+00 4.943204380642e+01 6.712060624922e-03 9.249544916925e+00 4.423610093601e-03
26 60 1 1.89410903 2.87170130 1.79124849 1.84578289 1.45891351 1.001860215147e+01 5.105806540902e+01 4.779375186745e-03 9.596220434193e+00 2.936871231664e-03
26 61 1 1.89410903 2.87170130 1.79124849 1.84578289 1.45891351 1.038597737152e+01 5.288506436098e+01 7.988929221507e-03 9.941757150667e+00 3.108926051129e-03
26 62 1 1.89410903 2.87170130 1.79124849 1.84578289 1.45891351 1.078714416141e+01 5.440651778328e+01 8.133420291329e-03 1.027836129958e+01 4.912224394351e-03
26 63 1 1.89410903 2.87170130 1.79124849 1.84578289 1.45891351 1.120550386260e+01 5.624099193634e+01 8.051674832529e-03 1.066972561116e+01 6.331252529496e-03
28 0 1 0.88203782 1.11855047 0.85961624 0.89933437 0.77438655 6.126586704732e-01 1.333553284198e+00 1.882425555367e-02 5.777401910495e-01 2.858774969802e-02
28 1 1 0.88203782 1.11855047 0.85961624 0.89933437 0.77438655 5.075957101906e-01 1.311003529963e+00 1.607560873223e-02 5.637957723318e-01 2.898483772776e-02
28 2 1 0.88203782 1.11855047 0.85961624 0.89933437 0.77438655 3.866722343237e-01 1.268130239859e+00 1.392032709633e-02 5.444267033506e-01 2.963784470503e-02
28 3 1 0.88203782 1.11855047 0.85961624 0.89933437 0.77438655 4.016801557652e-01 1.201761333158e+00 1.538265974119e-02 5.233748963962e-01 3.151042296481e-02
28 4 1 0.88203782 1.11855047 0.85961624 0.89933437 0.77438655 5.025855717284e-01 1.150458608093e+00 1.721134501731e-02 5.044933053970e-01 3.254167635821e-02
28 5 1 0.88203782 1.11855047 0.85961624 0.89933437 0.77438655 5.152528559792e-01 1.141050237364e+00 1.723070435186e-02 4.929881991852e-01 3.004603303273e-02
28 6 1 0.88203782 1.11855047 0.85961624 0.89933437 0.77438655 4.044407572497e-01 1.093697565044e+00 1.586015072459e-02 4.684820839207e-01 2.571524018835e-02
28 7 1 0.88203782 1.11855047 0.85961624 0.89933437 0.77438655 3.217695337951e-01 1.033167107395e+00 1.605372644378e-02 4.507556674652e-01 2.237857435459e-02
28 8 1 0.88203782 1.11855047 0.85961624 0.89933437 0.77438655 3.549051975361e-01 9.982312311342e-01 1.431732915415e-02 4.420609961244e-01 2.230367099529e-02
28 9 1 0.88203782 1.11855047 0.85961624 0.89933437 0.77438655 4.240192642915e-01 9.776582972235e-01 1.409262074178e-02 4.275626539525e-01 2.378155514139e-02
28 10 1 0.88203782 1.11855047 0.85961624 0.89933437 0.77438655 4.072265447249e-01 9.345367783219e-01 1.475123086142e-02 4.095293975810e-01 2.452265282233e-02
28 11 1 0.88203782 1.11855047 0.85961624 0.89933437 0.77438655 3.032834723481e-01 8.873437246003e-01 1.439824528914e-02 3.864934505552e-01 2.530638440245e-02
28 12 1 0.88203782 1.11855047 0.85961624 0.89933437 0.77438655 2.546930721007e-01 8.579704430621e-01 1.374431504795e-02 3.754008356912e-01 2.569846954299e-02
28 13 1 0.88203782 1.11855047 0.85961624 0.89933437 0.77438655 3.064130432744e-01 8.449657439618e-01 1.448284214603e-02 3.664328215867e-01 2.603712218312e-02
28 14 1 0.88203782 1.11855047 0.85961624 0.89933437 0.77438655 3.519984098617e-01 8.112555438582e-01 1.585032846112e-02 3.501395141776e-01 2.462858870426e-02
28 15 1 0.88203782 1.11855047 0.85961624 0.89933437 0.77438655 3.158039746957e-01 7.830141649885e-01 1.428889326915e-02 3.373741796657e-01 1.972465943821e-02
28 16 1 0.88203782 1.11855047 0.85961624 0.89933437 0.77438655 2.340762930065e-01 7.643524233041e-01 1.260385307982e-02 3.254678795652e-01 1.793944341884e-02
28 17 1 0.88203782 1.11855047 0.85961624 0.89933437 0.77438655 2.139909893837e-01 7.544970794805e-01 1.175725627715e-02 3.164598093246e-01 1.933294685688e-02
28 18 1 0.88203782 1.11855047 0.85961624 0.89933437 0.77438655 2.706610058829e-01 7.419847019519e-01 1.228151686236e-02 3.018366134251e-01 2.013337177978e-02
28 19 1 0.88203782 1.11855047 0.85961624 0.89933437 0.77438655 3.039656008055e-01 7.108943785091e-01 1.393402212512e-02 2.891339792330e-01 2.054408949810e-02
28 20 1 0.88203782 1.11855047 0.85961624 0.89933437 0.77438655 2.616397688499e-01 6.990722407329e-01 1.414262907648e-02 2.863394494938e-01 2.043658178077e-02
28 21 1 0.88203782 1.11855047 0.85961624 0.89933437 0.77438655 2.021484499702e-01 6.919275565891e-01 1.319582019033e-02 2.798258161219e-01 2.030838646705e-02
28 22 1 0.88203782 1.11855047 0.85961624 0.89933437 0.77438655 2.058305799244e-01 6.768232660197e-01 1.203665081089e-02 2.716460447440e-01 2.037110912663e-02
28 23 1 0.88203782 1.11855047 0.85961624 0.89933437 0.77438655 2.601648500541e-01 6.468890406784e-01 1.241254640894e-02 2.607875991492e-01 1.938332354419e-02
28 24 1 0.88203782 1.11855047 0.85961624 0.89933437 0.77438655 2.824061621187e-01 6.286330981393e-01 1.197406992739e-02 2.558733921669e-01 1.814149820868e-02
28 25 1 0.88203782 1.11855047 0.85961624 0.89933437 0.77438655 2.346931471600e-01 6.315974058444e-01 1.121573934571e-02 2.558211888707e-01 1.708317732847e-02
28 26 1 0.88203782 1.11855047 0.85961624 0.89933437 0.77438655 1.867355574754e-01 6.112797781453e-01 1.175941058245e-02 2.486062228316e-01 1.592870159543e-02
28 27 1 0.88203782 1.11855047 0.85961624 0.89933437 0.77438655 2.128225929667e-01 5.842773363601e-01 1.197975782322e-02 2.469955673132e-01 1.635933078937e-02
28 28 1 0.88203782 1.11855047 0.85961624 0.89933437 0.77438655 2.674792768534e-01 5.834858720212e-01 1.307586169110e-02 2.467746880419e-01 1.811523301587e-02
28 29 1 0.88203782 1.11855047 0.85961624 0.89933437 0.77438655 2.717426760593e-01 5.907750982667e-01 1.346513756872e-02 2.459011949877e-01 1.952492684304e-02
28 30 1 0.88203782 1.11855047 0.85961624 0.89933437 0.77438655 2.167172201297e-01 5.847556311925e-01 1.261671205138e-02 2.445700906378e-01 1.892961085234e-02
28 31 1 0.88203782 1.11855047 0.85961624 0.89933437 0.77438655 1.786331817586e-01 5.662743195266e-01 9.881355151890e-03 2.400023910167e-01 1.562496073934e-02
28 32 1 0.88203782 1.11855047 0.85961624 0.89933437 0.77438655 2.214781096649e-01 5.926795700983e-01 9.884039072572e-03 2.468945854111e-01 1.550296763247e-02
28 33 1 0.88203782 1.11855047 0.85961624 0.89933437 0.77438655 2.752047891497e-01 6.070507129781e-01 1.264916057519e-02 2.524393885388e-01 1.869480099619e-02
28 34 1 0.88203782 1.11855047 0.85961624 0.89933437 0.77438655 2.598396135062e-01 6.070046643744e-01 1.357323137024e-02 2.524505798284e-01 1.936633181957e-02
28 35 1 0.88203782 1.11855047 0.85961624 0.89933437 0.77438655 2.040293043262e-01 6.082479689212e-01 1.322964704157e-02 2.558175085619e-01 1.808323366850e-02
28 36 1 0.88203782 1.11855047 0.85961624 0.89933437 0.77438655 1.862603038976e-01 6.398857772314e-01 1.215008339095e-02 2.586789952128e-01 1.633191471564e-02
28 37 1 0.88203782 1.11855047 0.85961624 0.89933437 0.77438655 2.393419874626e-01 6.566282931533e-01 1.194772194765e-02 2.675495434675e-01 1.574853321274e-02
28 38 1 0.88203782 1.11855047 0.85961624 0.89933437 0.77438655 2.862823832591e-01 6.553970202429e-01 1.143600427080e-02 2.719044488838e-01 1.685095383900e-02
28 39 1 0.88203782 1.11855047 0.85961624 0.89933437 0.77438655 2.582187271025e-01 6.605311405930e-01 1.224350910463e-02 2.763462255216e-01 1.790893842790e-02
28 40 1 0.88203782 1.11855047 0.85961624 0.89933437 0.77438655 2.075147874549e-01 6.937314011408e-01 1.271277308213e-02 2.898056788764e-01 1.907662491171e-02
28 41 1 0.88203782 1.11855047 0.85961624 0.89933437 0.77438655 2.176230443101e-01 6.984847506296e-01 1.232474189532e-02 2.975317041298e-01 2.004454316574e-02
28 42 1 0.88203782 1.11855047 0.85961624 0.89933437 0.77438655 2.859658144229e-01 7.033470127616e-01 1.354004627929e-02 3.034858311573e-01 1.992731096171e-02
28 43 1 0.88203782 1.11855047 0.85961624 0.89933437 0.77438655 3.254202097015e-01 7.123247908908e-01 1.455279812594e-02 3.086190013741e-01 1.994323448186e-02
28 44 1 0.88203782 1.11855047 0.85961624 0.89933437 0.77438655 2.875825675382e-01 7.422102130753e-01 1.439981198250e-02 3.203883024885e-01 2.010103599740e-02
28 45 1 0.88203782 1.11855047 0.85961624 0.89933437 0.77438655 2.388159894630e-01 7.589547776509e-01 1.271035647871e-02 3.374117980251e-01 1.974732430956e-02
28 46 1 0.88203782 1.11855047 0.85961624 0.89933437 0.77438655 2.747925066192e-01 7.708622401457e-01 1.213261091323e-02 3.445248727957e-01 1.888293007703e-02
28 47 1 0.88203782 1.11855047 0.85961624 0.89933437 0.77438655 3.684147763306e-01 7.946048548522e-01 1.297956205856e-02 3.541597959012e-01 1.734879329592e-02
28 48 1 0.88203782 1.11855047 0.85961624 0.89933437 0.77438655 3.984838669539e-01 8.350654027023e-01 1.474354125583e-02 3.663354872264e-01 1.898794571305e-02
28 49 1 0.88203782 1.11855047 0.85961624 0.89933437 0.77438655 3.419465094067e-01 8.661429179234e-01 1.641479580367e-02 3.793559464950e-01 2.386462962863e-02
28 50 1 0.88203782 1.11855047 0.85961624 0.89933437 0.77438655 2.965115870277e-01 8.975969401359e-01 1.499707411215e-02 3.899080428654e-01 2.534940461258e-02
28 51 1 0.88203782 1.11855047 0.85961624 0.89933437 0.77438655 3.556730743750e-01 9.193131325944e-01 1.424325712122e-02 3.982474427915e-01 2.501608821221e-02
28 52 1 0.88203782 1.11855047 0.85961624 0.89933437 0.77438655 4.665806785359e-01 9.821835714072e-01 1.490988892442e-02 4.196419406531e-01 2.449067509993e-02
28 53 1 0.88203782 1.11855047 0.85961624 0.89933437 0.77438655 4.750474838848e-01 1.016872057717e+00 1.523974757896e-02 4.357965880913e-01 2.356887610385e-02
28 54 1 0.88203782 1.11855047 0.85961624 0.89933437 0.77438655 3.904992408648e-01 1.046689539670e+00 1.452906116290e-02 4.442950667808e-01 2.279798281347e-02
28 55 1 0.88203782 1.11855047 0.85961624 0.89933437 0.77438655 3.630843194261e-01 1.075090550855e+00 1.474808704053e-02 4.536634184678e-01 2.125715321443e-02
28 56 1 0.88203782 1.11855047 0.85961624 0.89933437 0.77438655 4.537825838497e-01 1.136775507116e+00 1.658863570975e-02 4.681162955936e-01 2.120288269815e-02
28 57 1 0.88203782 1.11855047 0.85961624 0.89933437 0.77438655 5.612125397875e-01 1.185769964603e+00 1.638081952562e-02 4.932587098484e-01 2.457150331598e-02
28 58 1 0.88203782 1.11855047 0.85961624 0.89933437 0.77438655 5.369240836770e-01 1.195438427451e+00 1.783828565089e-02 5.050702146417e-01 2.896653542471e-02
28 59 1 0.88203782 1.11855047 0.85961624 0.89933437 0.77438655 4.289774468398e-01 1.244915828221e+00 1.773734378157e-02 5.185570633489e-01 3.131866420437e-02
28 60 1 0.88203782 1.11855047 0.85961624 0.89933437 0.77438655 4.289789041486e-01 1.318623585310e+00 1.579659351200e-02 5.412899725489e-01 3.020246383473e-02
28 61 1 0.88203782 1.11855047 0.85961624 0.89933437 0.77438655 5.671544104051e-01 1.362625155829e+00 1.424092890440e-02 5.570926644518e-01 2.823208943723e-02
28 62 1 0.88203782 1.11855047 0.85961624 0.89933437 0.77438655 6.690732672999e-01 1.389371973951e+00 1.651292428216e-02 5.736206643933e-01 2.737614732413e-02
28 63 1 0.88203782 1.11855047 0.85961624 0.89933437 0.77438655 6.078152093351e-01 1.447537160178e+00 1.938546622410e-02 5.863814767232e-01 2.687799816326e-02
29 0 1 1.10793498 1.57356103 0.97920812 1.17563356 0.87234781 1.328726771718e+00 5.139201934481e+00 1.032277607981e-02 2.080807135965e+00 2.842715092098e-02
29 1 1 1.10793498 1.57356103 0.97920812 1.17563356 0.87234781 1.295420145313e+00 4.918666693535e+00 1.099730212528e-02 2.098036466238e+00 2.740087896484e-02
29 2 1 1.10793498 1.57356103 0.97920812 1.17563356 0.87234781 1.248776695576e+00 4.745356326057e+00 9.387986921252e-03 1.704755213070e+00 2.458568579931e-02
29 3 1 1.10793498 1.57356103 0.97920812 1.17563356 0.87234781 1.195755501038e+00 4.568265358394e+00 8.855423263186e-03 1.213248311378e+00 2.393670131395e-02
29 4 1 1.10793498 1.57356103 0.97920812 1.17563356 0.87234781 1.149231348261e+00 4.428574712887e+00 8.286887642951e-03 1.053406549790e+00 2.469719759737e-02
29 5 1 1.10793498 1.57356103 0.97920812 1.17563356 0.87234781 1.123011328270e+00 4.296524794020e+00 7.831591760473e-03 1.262120104866e+00 2.294940153074e-02
29 6 1 1.10793498 1.57356103 0.97920812 1.17563356 0.87234781 1.079223928599e+00 4.200181149269e+00 7.696178519103e-03 1.574471367353e+00 2.347872326014e-02
29 7 1 1.10793498 1.57356103 0.97920812 1.17563356 0.87234781 1.041860633791e+00 4.065603927528e+00 8.236387754182e-03 1.661410383257e+00 2.175836440257e-02
29 8 1 1.10793498 1.57356103 0.97920812 1.17563356 0.87234781 9.996639170381e-01 3.884704608193e+00 7.514935832292e-03 1.385223572119e+00 1.842660669616e-02
29 9 1 1.10793498 1.57356103 0.97920812 1.17563356 0.87234781 9.487483194735e-01 3.812497393451e+00 6.551926172293e-03 9.922529158350e-01 1.823826157844e-02
29 10 1 1.10793498 1.57356103 0.97920812 1.17563356 0.87234781 9.274827383356e-01 3.604065514131e+00 7.203898273730e-03 8.106057830131e-01 1.841287258314e-02
29 11 1 1.10793498 1.57356103 0.97920812 1.17563356 0.87234781 8.884650474338e-01 3.471823112877e+00 6.709622669076e-03 9.665428431684e-01 1.760611381491e-02
29 12 1 1.10793498 1.57356103 0.97920812 1.17563356 0.87234781 8.492848579823e-01 3.360375168277e+00 6.422885807576e-03 1.230497358558e+00 1.808678961906e-02
29 13 1 1.10793498 1.57356103 0.97920812 1.17563356 0.87234781 8.277436191600e-01 3.226676058688e+00 5.878754750703e-03 1.340328017499e+00 1.714546225018e-02
29 14 1 1.10793498 1.57356103 0.97920812 1.17563356 0.87234781 8.004105694334e-01 3.133394053972e+00 5.153714573588e-03 1.176841497724e+00 1.575134169477e-02
29 15 1 1.10793498 1.57356103 0.97920812 1.17563356 0.87234781 7.705152130337e-01 3.023909147245e+00 6.636290089380e-03 8.626217046875e-01 1.782370925853e-02
29 16 1 1.10793498 1.57356103 0.97920812 1.17563356 0.87234781 7.299151651324e-01 2.962272538661e+00 6.250184096669e-03 6.885479030297e-01 1.671191889449e-02
29 17 1 1.10793498 1.57356103 0.97920812 1.17563356 0.87234781 7.073118254733e-01 2.859910667344e+00 4.808963806036e-03 7.743912255371e-01 1.408886185249e-02
29 18 1 1.10793498 1.57356103 0.97920812 1.17563356 0.87234781 6.884273159620e-01 2.767841146291e+00 5.057789127641e-03 1.013936612243e+00 1.340852923080e-02
29 19 1 1.10793498 1.57356103 0.97920812 1.17563356 0.87234781 6.654819899911e-01 2.714253036305e+00 4.969679209601e-03 1.139049679811e+00 1.305139683751e-02
29 20 1 1.10793498 1.57356103 0.97920812 1.17563356 0.87234781 6.582660496528e-01 2.641206637648e+00 5.032675913117e-03 1.032809635106e+00 1.313174785767e-02
29 21 1 1.10793498 1.57356103 0.97920812 1.17563356 0.87234781 6.373887799576e-01 2.568292522023e+00 5.071716449886e-03 7.798715715624e-01 1.396719036742e-02
29 22 1 1.10793498 1.57356103 0.97920812 1.17563356 0.87234781 6.153373681959e-01 2.538441615651e+00 4.547791647593e-03 5.957685405695e-01 1.227811193974e-02
29 23 1 1.10793498 1.57356103 0.97920812 1.17563356 0.87234781 5.968952725389e-01 2.513388721355e+00 4.370032014601e-03 6.406471799931e-01 1.165647850517e-02
29 24 1 1.10793498 1.57356103 0.97920812 1.17563356 0.87234781 5.835665737137e-01 2.440318772508e+00 4.935189386822e-03 8.258772973440e-01 1.348380531685e-02
29 25 1 1.10793498 1.57356103 0.97920812 1.17563356 0.87234781 5.824729969905e-01 2.440798959168e+00 4.936627370244e-03 9.800631225931e-01 1.210822617979e-02
29 26 1 1.10793498 1.57356103 0.97920812 1.17563356 0.87234781 5.739270618405e-01 2.380738757533e+00 3.729229693840e-03 9.297127009261e-01 1.128000994136e-02
29 27 1 1.10793498 1.57356103 0.97920812 1.17563356 0.87234781 5.701591564277e-01 2.349958351742e+00 3.750151353227e-03 7.173620748691e-01 1.208621409497e-02
29 28 1 1.10793498 1.57356103 0.97920812 1.17563356 0.87234781 5.664933531146e-01 2.307512753468e+00 4.479062905506e-03 5.422458106261e-01 1.201967426712e-02
29 29 1 1.10793498 1.57356103 0.97920812 1.17563356 0.87234781 5.649969592782e-01 2.269055588346e+00 5.209548039222e-03 5.575749701636e-01 1.233544445161e-02
29 30 1 1.10793498 1.57356103 0.97920812 1.17563356 0.87234781 5.588295412010e-01 2.297083805010e+00 5.333670394491e-03 7.464668435914e-01 1.245837853692e-02
29 31 1 1.10793498 1.57356103 0.97920812 1.17563356 0.87234781 5.450841921490e-01 2.239081122898e+00 3.129163558864e-03 9.106520511788e-01 9.197481694177e-03
29 32 1 1.10793498 1.57356103 0.97920812 1.17563356 0.87234781 5.649351668267e-01 2.308358222568e+00 3.125878172632e-03 9.239054241220e-01 9.065107153401e-03
29 33 1 1.10793498 1.57356103 0.97920812 1.17563356 0.87234781 5.818645217966e-01 2.330527879791e+00 5.352409383798e-03 7.544629090349e-01 1.229310444408e-02
29 34 1 1.10793498 1.57356103 0.97920812 1.17563356 0.87234781 5.796981715304e-01 2.343591365228e+00 5.268679898247e-03 5.692951029205e-01 1.227977125815e-02
29 35 1 1.10793498 1.57356103 0.97920812 1.17563356 0.87234781 5.867839313350e-01 2.410334292732e+00 4.559167703093e-03 5.693163476245e-01 1.197420097158e-02
29 36 1 1.10793498 1.57356103 0.97920812 1.17563356 0.87234781 5.930630243347e-01 2.421636967107e+00 3.821006093947e-03 7.572073415164e-01 1.206089248383e-02
29 37 1 1.10793498 1.57356103 0.97920812 1.17563356 0.87234781 6.060961544963e-01 2.468626376244e+00 3.808597635852e-03 9.789661988896e-01 1.119167567107e-02
29 38 1 1.10793498 1.57356103 0.97920812 1.17563356 0.87234781 6.159269818593e-01 2.475762480924e+00 5.063898470598e-03 1.022649260053e+00 1.194781504478e-02
29 39 1 1.10793498 1.57356103 0.97920812 1.17563356 0.87234781 6.320637657813e-01 2.519383825581e+00 5.085093220639e-03 8.757923735760e-01 1.342733227189e-02
29 40 1 1.10793498 1.57356103 0.97920812 1.17563356 0.87234781 6.586197778750e-01 2.578179166480e+00 4.521286994251e-03 6.700427154409e-01 1.156155633057e-02
29 41 1 1.10793498 1.57356103 0.97920812 1.17563356 0.87234781 6.777787086573e-01 2.601642464091e+00 4.709305006108e-03 6.227405897872e-01 1.206278239937e-02
29 42 1 1.10793498 1.57356103 0.97920812 1.17563356 0.87234781 6.983386441999e-01 2.691513472615e+00 5.271936135093e-03 8.148692855997e-01 1.381464919909e-02
29 43 1 1.10793498 1.57356103 0.97920812 1.17563356 0.87234781 7.070353232727e-01 2.779842597874e+00 5.249461960501e-03 1.073989012997e+00 1.298580368312e-02
29 44 1 1.10793498 1.57356103 0.97920812 1.17563356 0.87234781 7.274400464581e-01 2.849091738357e+00 5.190353002731e-03 1.190813322258e+00 1.282604252382e-02
29 45 1 1.10793498 1.57356103 0.97920812 1.17563356 0.87234781 7.575433115862e-01 2.933544603479e+00 5.295874683102e-03 1.042150437051e+00 1.315373959772e-02
29 46 1 1.10793498 1.57356103 0.97920812 1.17563356 0.87234781 7.788578154697e-01 3.059007592558e+00 5.036649412816e-03 7.964281289202e-01 1.375170463302e-02
29 47 1 1.10793498 1.57356103 0.97920812 1.17563356 0.87234781 8.183235974042e-01 3.121427054525e+00 6.566111508393e-03 7.118457915611e-01 1.639991619575e-02
29 48 1 1.10793498 1.57356103 0.97920812 1.17563356 0.87234781 8.465888849513e-01 3.239587245920e+00 6.993076910314e-03 9.079210581974e-01 1.764437207358e-02
29 49 1 1.10793498 1.57356103 0.97920812 1.17563356 0.87234781 8.654188758860e-01 3.355045702115e+00 5.429695181795e-03 1.241658132094e+00 1.549408342372e-02
29 50 1 1.10793498 1.57356103 0.97920812 1.17563356 0.87234781 8.886104568207e-01 3.485773590372e+00 6.194364953220e-03 1.424638635103e+00 1.682877541555e-02
29 51 1 1.10793498 1.57356103 0.97920812 1.17563356 0.87234781 9.203492809630e-01 3.623442618010e+00 6.775494787804e-03 1.323097856827e+00 1.780498161060e-02
29 52 1 1.10793498 1.57356103 0.97920812 1.17563356 0.87234781 9.632809425845e-01 3.732822111196e+00 7.093709173875e-03 1.023042906562e+00 1.728645251042e-02
29 53 1 1.10793498 1.57356103 0.97920812 1.17563356 0.87234781 9.823863872570e-01 3.929214987192e+00 7.613912308794e-03 8.811027805010e-01 1.805330823609e-02
29 54 1 1.10793498 1.57356103 0.97920812 1.17563356 0.87234781 1.021985604592e+00 4.009073680081e+00 6.925137906049e-03 1.099535661213e+00 1.786147777505e-02
29 55 1 1.10793498 1.57356103 0.97920812 1.17563356 0.87234781 1.068382297282e+00 4.129496590984e+00 7.954262609401e-03 1.528185405516e+00 1.793265968245e-02
29 56 1 1.10793498 1.57356103 0.97920812 1.17563356 0.87234781 1.090617056467e+00 4.293983902423e+00 8.710453469441e-03 1.815866681856e+00 2.129769993140e-02
29 57 1 1.10793498 1.57356103 0.97920812 1.17563356 0.87234781 1.129486068987e+00 4.391429047741e+00 8.153132709347e-03 1.727884088471e+00 2.309724883590e-02
29 58 1 1.10793498 1.57356103 0.97920812 1.17563356 0.87234781 1.156982102040e+00 4.541814792760e+00 8.283498200572e-03 1.385006508491e+00 2.251383344581e-02
29 59 1 1.10793498 1.57356103 0.97920812 1.17563356 0.87234781 1.195939435276e+00 4.746298478198e+00 8.759091811149e-03 1.127638243340e+00 2.426117699884e-02
29 60 1 1.10793498 1.57356103 0.97920812 1.17563356 0.87234781 1.250923910677e+00 4.945501809993e+00 9.382357009537e-03 1.316614796771e+00 2.348787505134e-02
29 61 1 1.10793498 1.57356103 0.97920812 1.17563356 0.87234781 1.289143052254e+00 5.173931113209e+00 9.920339470495e-03 1.830966220549e+00 2.406098634653e-02
29 62 1 1.10793498 1.57356103 0.97920812 1.17563356 0.87234781 1.323337429703e+00 5.393787424930e+00 1.164713565891e-02 2.241301968799e+00 2.686474651023e-02
29 63 1 1.10793498 1.57356103 0.97920812 1.17563356 0.87234781 1.360881701044e+00 5.644038261941e+00 1.093322348041e-02 2.195984622127e+00 2.797241340580e-02
