# environment=00276 local_bs=3 gain_scale=3.553986075760e-13
# ue subcarrier serving_bs phi0 phi1 phi2 phi3 phi4 gain0 gain1 gain2 gain3 gain4
2 0 3 1.03495780 0.54488949 0.58577318 1.80044250 0.67537142 7.383826814415e-01 1.777175978092e-03 2.718123975398e-02 8.554796839458e+00 1.802464697786e-01
2 1 3 1.03495780 0.54488949 0.58577318 1.80044250 0.67537142 8.793422639194e-01 1.576346146736e-03 2.183194280608e-02 8.352140724029e+00 1.737942868359e-01
2 2 3 1.03495780 0.54488949 0.58577318 1.80044250 0.67537142 1.037905719260e+00 1.489342981704e-03 2.979903304150e-02 8.112519087379e+00 1.645452297476e-01
2 3 3 1.03495780 0.54488949 0.58577318 1.80044250 0.67537142 1.164408849983e+00 1.503708263741e-03 4.539703186060e-02 7.856628442273e+00 1.548677693331e-01
2 4 3 1.03495780 0.54488949 0.58577318 1.80044250 0.67537142 1.216063584185e+00 1.597040412225e-03 6.181128013894e-02 7.602469188418e+00 1.484039528425e-01
2 5 3 1.03495780 0.54488949 0.58577318 1.80044250 0.67537142 1.204044207990e+00 1.746379384934e-03 7.335081426322e-02 7.324845856215e+00 1.458131733317e-01
2 6 3 1.03495780 0.54488949 0.58577318 1.80044250 0.67537142 1.117409485335e+00 1.936995532089e-03 7.699318491617e-02 7.071205712085e+00 1.426607663985e-01
2 7 3 1.03495780 0.54488949 0.58577318 1.80044250 0.67537142 9.639031469381e-01 2.165372040803e-03 7.266721770715e-02 6.846984949776e+00 1.364817702151e-01
2 8 3 1.03495780 0.54488949 0.58577318 1.80044250 0.67537142 7.847305037075e-01 2.430541337702e-03 6.263941287733e-02 6.612724934932e+00 1.310227990027e-01
2 9 3 1.03495780 0.54488949 0.58577318 1.80044250 0.67537142 6.260746212647e-01 2.717350474245e-03 5.060719062105e-02 6.386968114571e+00 1.283820825453e-01
2 10 3 1.03495780 0.54488949 0.58577318 1.80044250 0.67537142 4.893738677806e-01 2.987538212203e-03 4.068797357064e-02 6.162071663507e+00 1.259981828579e-01
2 11 3 1.03495780 0.54488949 0.58577318 1.80044250 0.67537142 4.183204763070e-01 3.193180989897e-03 3.625178657311e-02 5.917888910423e+00 1.230865445558e-01
2 12 3 1.03495780 0.54488949 0.58577318 1.80044250 0.67537142 4.063405725054e-01 3.307382879622e-03 3.883150895179e-02 5.676961244302e+00 1.202349690911e-01
2 13 3 1.03495780 0.54488949 0.58577318 1.80044250 0.67537142 4.468687812023e-01 3.346557848476e-03 4.762863737598e-02 5.448224811236e+00 1.163041284564e-01
2 14 3 1.03495780 0.54488949 0.58577318 1.80044250 0.67537142 5.194769430730e-01 3.360655228462e-03 5.988040991363e-02 5.238706531742e+00 1.122353922079e-01
2 15 3 1.03495780 0.54488949 0.58577318 1.80044250 0.67537142 6.117301106985e-01 3.394643756687e-03 7.181356257445e-02 5.058835574709e+00 1.097859978555e-01
2 16 3 1.03495780 0.54488949 0.58577318 1.80044250 0.67537142 6.905442399117e-01 3.451949886023e-03 7.970281479311e-02 4.902530248292e+00 1.063437600322e-01
2 17 3 1.03495780 0.54488949 0.58577318 1.80044250 0.67537142 7.480631784815e-01 3.490784025793e-03 8.078583934779e-02 4.765031233664e+00 1.005635697734e-01
2 18 3 1.03495780 0.54488949 0.58577318 1.80044250 0.67537142 7.623597861156e-01 3.455866308821e-03 7.399135207272e-02 4.632809958436e+00 9.646210281395e-02
2 19 3 1.03495780 0.54488949 0.58577318 1.80044250 0.67537142 7.332298503642e-01 3.317903118014e-03 6.033057086185e-02 4.501486696631e+00 9.491353554296e-02
2 20 3 1.03495780 0.54488949 0.58577318 1.80044250 0.67537142 6.646436159580e-01 3.089365622586e-03 4.269014078085e-02 4.380618498072e+00 9.245834105712e-02
2 21 3 1.03495780 0.54488949 0.58577318 1.80044250 0.67537142 5.639430737363e-01 2.809060792053e-03 2.500993587733e-02 4.264395578476e+00 8.972952459543e-02
2 22 3 1.03495780 0.54488949 0.58577318 1.80044250 0.67537142 4.521550477993e-01 2.514749643430e-03 1.123453661532e-02 4.166143280578e+00 8.853753294219e-02
2 23 3 1.03495780 0.54488949 0.58577318 1.80044250 0.67537142 3.610791193248e-01 2.228115753925e-03 4.480734878003e-03 4.099515829873e+00 8.606160099047e-02
2 24 3 1.03495780 0.54488949 0.58577318 1.80044250 0.67537142 2.961350062103e-01 1.959232826181e-03 6.499206849623e-03 4.045374006939e+00 8.169557388310e-02
2 25 3 1.03495780 0.54488949 0.58577318 1.80044250 0.67537142 2.738648268334e-01 1.718844756665e-03 1.724853210013e-02 4.004464630547e+00 7.939302095522e-02
2 26 3 1.03495780 0.54488949 0.58577318 1.80044250 0.67537142 3.039566095056e-01 1.524166829475e-03 3.462189438983e-02 3.972828743874e+00 7.933470953709e-02
2 27 3 1.03495780 0.54488949 0.58577318 1.80044250 0.67537142 3.619272038804e-01 1.395472892737e-03 5.472275309651e-02 3.929254256550e+00 7.882757740553e-02
2 28 3 1.03495780 0.54488949 0.58577318 1.80044250 0.67537142 4.410824164341e-01 1.350473448633e-03 7.293829943350e-02 3.891526553168e+00 7.829672419903e-02
2 29 3 1.03495780 0.54488949 0.58577318 1.80044250 0.67537142 5.271400910613e-01 1.401396749745e-03 8.539731791440e-02 3.863171570805e+00 7.743057128619e-02
2 30 3 1.03495780 0.54488949 0.58577318 1.80044250 0.67537142 5.968695949607e-01 1.551950975887e-03 8.996700428645e-02 3.834768711382e+00 7.454254296623e-02
2 31 3 1.03495780 0.54488949 0.58577318 1.80044250 0.67537142 6.246864986418e-01 1.790576708573e-03 8.632782701264e-02 3.836047432089e+00 7.312700395400e-02
2 32 3 1.03495780 0.54488949 0.58577318 1.80044250 0.67537142 6.362125915854e-01 2.084811819716e-03 7.549282546365e-02 3.859293648841e+00 7.683538525781e-02
2 33 3 1.03495780 0.54488949 0.58577318 1.80044250 0.67537142 5.944103532478e-01 2.387601491371e-03 5.946798888021e-02 3.879310359421e+00 8.127607524361e-02
2 34 3 1.03495780 0.54488949 0.58577318 1.80044250 0.67537142 5.268886807373e-01 2.658843193794e-03 4.122885479983e-02 3.915840724924e+00 8.208246324921e-02
2 35 3 1.03495780 0.54488949 0.58577318 1.80044250 0.67537142 4.425126822955e-01 2.888877710692e-03 2.450438947138e-02 3.958018771069e+00 8.195622270928e-02
2 36 3 1.03495780 0.54488949 0.58577318 1.80044250 0.67537142 3.659162719695e-01 3.102821735206e-03 1.290226473941e-02 3.990590651219e+00 8.294933306223e-02
2 37 3 1.03495780 0.54488949 0.58577318 1.80044250 0.67537142 3.044263918979e-01 3.337535860346e-03 8.662023122661e-03 4.040054105179e+00 8.406434720487e-02
2 38 3 1.03495780 0.54488949 0.58577318 1.80044250 0.67537142 2.878792011651e-01 3.607434771625e-03 1.187661098015e-02 4.104604470417e+00 8.669202631398e-02
2 39 3 1.03495780 0.54488949 0.58577318 1.80044250 0.67537142 3.113127647234e-01 3.887668038144e-03 2.070316676167e-02 4.183839004390e+00 9.091411899903e-02
2 40 3 1.03495780 0.54488949 0.58577318 1.80044250 0.67537142 3.828893941561e-01 4.129242562115e-03 3.226469372591e-02 4.295382010017e+00 9.291384112536e-02
2 41 3 1.03495780 0.54488949 0.58577318 1.80044250 0.67537142 4.748658183374e-01 4.291976698521e-03 4.355027553208e-02 4.420906769599e+00 9.299404494120e-02
2 42 3 1.03495780 0.54488949 0.58577318 1.80044250 0.67537142 5.933795669214e-01 4.365299664888e-03 5.198273922126e-02 4.553728938537e+00 9.500925261904e-02
2 43 3 1.03495780 0.54488949 0.58577318 1.80044250 0.67537142 6.922613129330e-01 4.359834493776e-03 5.584160907310e-02 4.700299224286e+00 9.786265110324e-02
2 44 3 1.03495780 0.54488949 0.58577318 1.80044250 0.67537142 7.728319900614e-01 4.281845859389e-03 5.472920919338e-02 4.841991194288e+00 9.968876416650e-02
2 45 3 1.03495780 0.54488949 0.58577318 1.80044250 0.67537142 8.099021282726e-01 4.118924503136e-03 4.985925132977e-02 4.983982123168e+00 1.032905572262e-01
2 46 3 1.03495780 0.54488949 0.58577318 1.80044250 0.67537142 8.069604770956e-01 3.852745595241e-03 4.379084356010e-02 5.141231393927e+00 1.084376913383e-01
2 47 3 1.03495780 0.54488949 0.58577318 1.80044250 0.67537142 7.446779474135e-01 3.486799830101e-03 3.959374151233e-02 5.312700796074e+00 1.108970736666e-01
2 48 3 1.03495780 0.54488949 0.58577318 1.80044250 0.67537142 6.590208189335e-01 3.062146446350e-03 3.985288651486e-02 5.505202349899e+00 1.118365691873e-01
2 49 3 1.03495780 0.54488949 0.58577318 1.80044250 0.67537142 5.505741057739e-01 2.646350813055e-03 4.590331042783e-02 5.713217197839e+00 1.149762146591e-01
2 50 3 1.03495780 0.54488949 0.58577318 1.80044250 0.67537142 4.615848267951e-01 2.305725493904e-03 5.737857583839e-02 5.926002607932e+00 1.187216882231e-01
2 51 3 1.03495780 0.54488949 0.58577318 1.80044250 0.67537142 4.130066983206e-01 2.083249430144e-03 7.206137131374e-02 6.133054425569e+00 1.212722492368e-01
2 52 3 1.03495780 0.54488949 0.58577318 1.80044250 0.67537142 4.333539390553e-01 1.994475011058e-03 8.620947067382e-02 6.320287999560e+00 1.243986143509e-01
2 53 3 1.03495780 0.54488949 0.58577318 1.80044250 0.67537142 5.278261007680e-01 2.035647209202e-03 9.553169130862e-02 6.503424013623e+00 1.283727285060e-01
2 54 3 1.03495780 0.54488949 0.58577318 1.80044250 0.67537142 6.856566373806e-01 2.191834854725e-03 9.657711877303e-02 6.686439012770e+00 1.330004022550e-01
2 55 3 1.03495780 0.54488949 0.58577318 1.80044250 0.67537142 8.764325352960e-01 2.441045947564e-03 8.792403819388e-02 6.871201448953e+00 1.399731682743e-01
2 56 3 1.03495780 0.54488949 0.58577318 1.80044250 0.67537142 1.076525813484e+00 2.758965506050e-03 7.072487751236e-02 7.096439598427e+00 1.475885897763e-01
2 57 3 1.03495780 0.54488949 0.58577318 1.80044250 0.67537142 1.232248381580e+00 3.126698075920e-03 4.865981740199e-02 7.341956248829e+00 1.523804925250e-01
2 58 3 1.03495780 0.54488949 0.58577318 1.80044250 0.67537142 1.307231364922e+00 3.536051111568e-03 2.749238484760e-02 7.579082291599e+00 1.570392281608e-01
2 59 3 1.03495780 0.54488949 0.58577318 1.80044250 0.67537142 1.320343604728e+00 3.986690466858e-03 1.409439362114e-02 7.839443869968e+00 1.660038467808e-01
2 60 3 1.03495780 0.54488949 0.58577318 1.80044250 0.67537142 1.231942466620e+00 4.478799535982e-03 1.471521618521e-02 8.093069906518e+00 1.771728743503e-01
2 61 3 1.03495780 0.54488949 0.58577318 1.80044250 0.67537142 1.077332979507e+00 5.010617687400e-03 3.287174029500e-02 8.329878551291e+00 1.858482347053e-01
2 62 3 1.03495780 0.54488949 0.58577318 1.80044250 0.67537142 9.027967871178e-01 5.582308878350e-03 6.789811846763e-02 8.609071346203e+00 1.910517360956e-01
2 63 3 1.03495780 0.54488949 0.58577318 1.80044250 0.67537142 7.551300374499e-01 6.194858665757e-03 1.149421494919e-01 8.915430637076e+00 1.954032597322e-01
3 0 3 1.26159358 0.59634905 0.63687871 4.48531732 0.72690116 1.475994573268e+00 5.492194572815e-04 3.890189294189e-06 2.376830186886e+02 2.431295759019e-01
3 1 3 1.26159358 0.59634905 0.63687871 4.48531732 0.72690116 1.427178840403e+00 5.496759463747e-04 1.195545697265e-06 2.291185357659e+02 2.350361897245e-01
3 2 3 1.26159358 0.59634905 0.63687871 4.48531732 0.72690116 1.703070361872e+00 4.840325912808e-04 1.795311725633e-06 2.314929385156e+02 2.274395978813e-01
3 3 3 1.26159358 0.59634905 0.63687871 4.48531732 0.72690116 2.136050878913e+00 4.020775601572e-04 1.506809789848e-06 2.408095210516e+02 2.193964829276e-01
3 4 3 1.26159358 0.59634905 0.63687871 4.48531732 0.72690116 2.475430499518e+00 3.576215945451e-04 1.414407636058e-06 2.516448862209e+02 2.128157687614e-01
3 5 3 1.26159358 0.59634905 0.63687871 4.48531732 0.72690116 2.474561091695e+00 3.165716255835e-04 3.699974541645e-06 2.591332244632e+02 2.074271013534e-01
3 6 3 1.26159358 0.59634905 0.63687871 4.48531732 0.72690116 2.185471980246e+00 2.772551214345e-04 8.774715442683e-06 2.601360748818e+02 1.993189718690e-01
3 7 3 1.26159358 0.59634905 0.63687871 4.48531732 0.72690116 1.750027791051e+00 2.593299949183e-04 1.398951697243e-05 2.534991663661e+02 1.884376456750e-01
3 8 3 1.26159358 0.59634905 0.63687871 4.48531732 0.72690116 1.317079115376e+00 2.332303050123e-04 1.415857201898e-05 2.393665196079e+02 1.804060394601e-01
3 9 3 1.26159358 0.59634905 0.63687871 4.48531732 0.72690116 1.047862259747e+00 2.094385307010e-04 7.781641458659e-06 2.190202398993e+02 1.775212878788e-01
3 10 3 1.26159358 0.59634905 0.63687871 4.48531732 0.72690116 1.066504133782e+00 2.285612423432e-04 1.240982400914e-06 1.957320660321e+02 1.749132600790e-01
3 11 3 1.26159358 0.59634905 0.63687871 4.48531732 0.72690116 1.297564897576e+00 2.591999780875e-04 9.468820550014e-07 1.743696421603e+02 1.683635310879e-01
3 12 3 1.26159358 0.59634905 0.63687871 4.48531732 0.72690116 1.604485028476e+00 2.699264062623e-04 4.291015296453e-06 1.592120954578e+02 1.594516223675e-01
3 13 3 1.26159358 0.59634905 0.63687871 4.48531732 0.72690116 1.802110513298e+00 2.818939914072e-04 5.169337223411e-06 1.521485731259e+02 1.511056696221e-01
3 14 3 1.26159358 0.59634905 0.63687871 4.48531732 0.72690116 1.769436024794e+00 2.872966770823e-04 4.314656913470e-06 1.524993324780e+02 1.441851761332e-01
3 15 3 1.26159358 0.59634905 0.63687871 4.48531732 0.72690116 1.542343908215e+00 2.754618512825e-04 6.061590829253e-06 1.579840848118e+02 1.395621303044e-01
3 16 3 1.26159358 0.59634905 0.63687871 4.48531732 0.72690116 1.229034747226e+00 2.778797498318e-04 8.809527545875e-06 1.658148055233e+02 1.377970676554e-01
3 17 3 1.26159358 0.59634905 0.63687871 4.48531732 0.72690116 9.486965026248e-01 2.856197406106e-04 7.450109268863e-06 1.732078978746e+02 1.362000549774e-01
3 18 3 1.26159358 0.59634905 0.63687871 4.48531732 0.72690116 8.027861010410e-01 2.608528313150e-04 2.695154247552e-06 1.774418081051e+02 1.313969951517e-01
3 19 3 1.26159358 0.59634905 0.63687871 4.48531732 0.72690116 8.336028275550e-01 2.243238999149e-04 2.314530405024e-07 1.763164953353e+02 1.246151863645e-01
3 20 3 1.26159358 0.59634905 0.63687871 4.48531732 0.72690116 1.005749493245e+00 2.014040994762e-04 2.199019343207e-06 1.691844224680e+02 1.197126015398e-01
3 21 3 1.26159358 0.59634905 0.63687871 4.48531732 0.72690116 1.243294680114e+00 1.785823910378e-04 5.454660972627e-06 1.573939834387e+02 1.170404728815e-01
3 22 3 1.26159358 0.59634905 0.63687871 4.48531732 0.72690116 1.395675752493e+00 1.640446084435e-04 6.847678091030e-06 1.436311658424e+02 1.140313281661e-01
3 23 3 1.26159358 0.59634905 0.63687871 4.48531732 0.72690116 1.383141822021e+00 1.664091897734e-04 5.906571248381e-06 1.308453942775e+02 1.104834507892e-01
3 24 3 1.26159358 0.59634905 0.63687871 4.48531732 0.72690116 1.208438518492e+00 1.592579051643e-04 3.774009101883e-06 1.213133251214e+02 1.084764116974e-01
3 25 3 1.26159358 0.59634905 0.63687871 4.48531732 0.72690116 9.706669199169e-01 1.465341355834e-04 2.175283920057e-06 1.162599289893e+02 1.082175344419e-01
3 26 3 1.26159358 0.59634905 0.63687871 4.48531732 0.72690116 7.687300341744e-01 1.565410750131e-04 1.868865818698e-06 1.160817983684e+02 1.081006613910e-01
3 27 3 1.26159358 0.59634905 0.63687871 4.48531732 0.72690116 6.735231163980e-01 1.756459632637e-04 1.441327120448e-06 1.204937248351e+02 1.075597911816e-01
3 28 3 1.26159358 0.59634905 0.63687871 4.48531732 0.72690116 7.211911683324e-01 1.886525066641e-04 1.693611883947e-07 1.282825645230e+02 1.065172859779e-01
3 29 3 1.26159358 0.59634905 0.63687871 4.48531732 0.72690116 9.070132722946e-01 2.057162966546e-04 1.072505437286e-06 1.373104723523e+02 1.040357897644e-01
3 30 3 1.26159358 0.59634905 0.63687871 4.48531732 0.72690116 1.126992018999e+00 2.129120378266e-04 6.663974100757e-06 1.451921050346e+02 1.007145229801e-01
3 31 3 1.26159358 0.59634905 0.63687871 4.48531732 0.72690116 1.265975985965e+00 2.018698735195e-04 1.281509116225e-05 1.499692085694e+02 9.993383518242e-02
3 32 3 1.26159358 0.59634905 0.63687871 4.48531732 0.72690116 1.284279500606e+00 2.020129622228e-04 1.269421990785e-05 1.504003674270e+02 1.034322876122e-01
3 33 3 1.26159358 0.59634905 0.63687871 4.48531732 0.72690116 1.150980451650e+00 2.123718628056e-04 6.443268369233e-06 1.463734554814e+02 1.081197142265e-01
3 34 3 1.26159358 0.59634905 0.63687871 4.48531732 0.72690116 9.310110351833e-01 2.040104591339e-04 9.695346878833e-07 1.390829852915e+02 1.102596248109e-01
3 35 3 1.26159358 0.59634905 0.63687871 4.48531732 0.72690116 7.441099731070e-01 1.869757277445e-04 1.988004209322e-07 1.304763449676e+02 1.101674085151e-01
3 36 3 1.26159358 0.59634905 0.63687871 4.48531732 0.72690116 6.775124107356e-01 1.743547133505e-04 1.489651596444e-06 1.227415494260e+02 1.101523994430e-01
3 37 3 1.26159358 0.59634905 0.63687871 4.48531732 0.72690116 7.594872322983e-01 1.560545884526e-04 1.913509448956e-06 1.181081417088e+02 1.109118304343e-01
3 38 3 1.26159358 0.59634905 0.63687871 4.48531732 0.72690116 9.963448258862e-01 1.488364598000e-04 2.270509379156e-06 1.184144680122e+02 1.125670254309e-01
3 39 3 1.26159358 0.59634905 0.63687871 4.48531732 0.72690116 1.279200010798e+00 1.646842289958e-04 3.933375633179e-06 1.245466208809e+02 1.159972801012e-01
3 40 3 1.26159358 0.59634905 0.63687871 4.48531732 0.72690116 1.469819867862e+00 1.735505871383e-04 6.133158119678e-06 1.360771361418e+02 1.206882772815e-01
3 41 3 1.26159358 0.59634905 0.63687871 4.48531732 0.72690116 1.472771471303e+00 1.737449501397e-04 7.146200942893e-06 1.510843736009e+02 1.245424179655e-01
3 42 3 1.26159358 0.59634905 0.63687871 4.48531732 0.72690116 1.304839603484e+00 1.921839544710e-04 5.715545107698e-06 1.663612681156e+02 1.276298859689e-01
3 43 3 1.26159358 0.59634905 0.63687871 4.48531732 0.72690116 1.065378866685e+00 2.180016219757e-04 2.279844104119e-06 1.784679419612e+02 1.322660897891e-01
3 44 3 1.26159358 0.59634905 0.63687871 4.48531732 0.72690116 8.684659406427e-01 2.437845079862e-04 2.553381821288e-07 1.851578714237e+02 1.380216101679e-01
3 45 3 1.26159358 0.59634905 0.63687871 4.48531732 0.72690116 8.182029124893e-01 2.831062230883e-04 2.983481349680e-06 1.859070200166e+02 1.414350661541e-01
3 46 3 1.26159358 0.59634905 0.63687871 4.48531732 0.72690116 9.810877536596e-01 3.073510083858e-04 8.035476851429e-06 1.815338361617e+02 1.422120436070e-01
3 47 3 1.26159358 0.59634905 0.63687871 4.48531732 0.72690116 1.325385604889e+00 2.970780172241e-04 9.356143547052e-06 1.738355007944e+02 1.445960533908e-01
3 48 3 1.26159358 0.59634905 0.63687871 4.48531732 0.72690116 1.706095926653e+00 2.937788599282e-04 6.391463747640e-06 1.654968274184e+02 1.510009706425e-01
3 49 3 1.26159358 0.59634905 0.63687871 4.48531732 0.72690116 1.961796298922e+00 3.043574896947e-04 4.598084176096e-06 1.600221654060e+02 1.592309126764e-01
3 50 3 1.26159358 0.59634905 0.63687871 4.48531732 0.72690116 1.937029968524e+00 2.959844306682e-04 5.465604600513e-06 1.610321178848e+02 1.668732105553e-01
3 51 3 1.26159358 0.59634905 0.63687871 4.48531732 0.72690116 1.680869548664e+00 2.818833982583e-04 4.397091733515e-06 1.706238909113e+02 1.732731132395e-01
3 52 3 1.26159358 0.59634905 0.63687871 4.48531732 0.72690116 1.340196662594e+00 2.689440734983e-04 8.781380038420e-07 1.880711690501e+02 1.772719778100e-01
3 53 3 1.26159358 0.59634905 0.63687871 4.48531732 0.72690116 1.104221810722e+00 2.360562659297e-04 1.361450771956e-06 2.103131001643e+02 1.788781027019e-01
3 54 3 1.26159358 0.59634905 0.63687871 4.48531732 0.72690116 1.123201253018e+00 2.192262128869e-04 8.273405214234e-06 2.336043050681e+02 1.824133971535e-01
3 55 3 1.26159358 0.59634905 0.63687871 4.48531732 0.72690116 1.434829478757e+00 2.483373033497e-04 1.480421650233e-05 2.545044071361e+02 1.915430107268e-01
3 56 3 1.26159358 0.59634905 0.63687871 4.48531732 0.72690116 1.919887234759e+00 2.781922773233e-04 1.456624719580e-05 2.700258722211e+02 2.025785622745e-01
3 57 3 1.26159358 0.59634905 0.63687871 4.48531732 0.72690116 2.426494537952e+00 3.009554150941e-04 9.235483095241e-06 2.778024538173e+02 2.095123113207e-01
3 58 3 1.26159358 0.59634905 0.63687871 4.48531732 0.72690116 2.720009984493e+00 3.470255523509e-04 3.990744623141e-06 2.765722428265e+02 2.134022811796e-01
3 59 3 1.26159358 0.59634905 0.63687871 4.48531732 0.72690116 2.606803055189e+00 3.932728122563e-04 1.531564346383e-06 2.674393848411e+02 2.195105269183e-01
3 60 3 1.26159358 0.59634905 0.63687871 4.48531732 0.72690116 2.210760632297e+00 4.440698943047e-04 1.609697937499e-06 2.549336260419e+02 2.282626322166e-01
3 61 3 1.26159358 0.59634905 0.63687871 4.48531732 0.72690116 1.770253859291e+00 5.334871682428e-04 1.939379499913e-06 2.454670890327e+02 2.366776055977e-01
3 62 3 1.26159358 0.59634905 0.63687871 4.48531732 0.72690116 1.509315014065e+00 5.996637144179e-04 1.307135884038e-06 2.442680888253e+02 2.450126900239e-01
3 63 3 1.26159358 0.59634905 0.63687871 4.48531732 0.72690116 1.598028019274e+00 5.940255389757e-04 4.279338867297e-06 2.540049899236e+02 2.545530265144e-01
6 0 3 2.09914169 0.74389979 0.81963568 2.29249592 0.99612392 1.569843270836e+01 5.672850624653e-03 3.715387173875e-01 2.202528650531e+01 8.245264323479e-01
6 1 3 2.09914169 0.74389979 0.81963568 2.29249592 0.99612392 1.508066844493e+01 6.121915164289e-03 3.020268150475e-01 2.130966843338e+01 7.986137731302e-01
6 2 3 2.09914169 0.74389979 0.81963568 2.29249592 0.99612392 1.456019999257e+01 6.386114170957e-03 2.569690392533e-01 2.058732200519e+01 7.598935489980e-01
6 3 3 2.09914169 0.74389979 0.81963568 2.29249592 0.99612392 1.410984648380e+01 6.488261312821e-03 2.360380799198e-01 1.978604208993e+01 7.340603088855e-01
6 4 3 2.09914169 0.74389979 0.81963568 2.29249592 0.99612392 1.351442567888e+01 6.457894017023e-03 2.359661644976e-01 1.903965395549e+01 7.060521860628e-01
6 5 3 2.09914169 0.74389979 0.81963568 2.29249592 0.99612392 1.307147863068e+01 6.290464126137e-03 2.586244680713e-01 1.832295099808e+01 6.956922829492e-01
6 6 3 2.09914169 0.74389979 0.81963568 2.29249592 0.99612392 1.265162786019e+01 5.950197941386e-03 2.939147359110e-01 1.774201084173e+01 6.764951632168e-01
6 7 3 2.09914169 0.74389979 0.81963568 2.29249592 0.99612392 1.214387398867e+01 5.418310438136e-03 3.397103213415e-01 1.718947474894e+01 6.468814176960e-01
6 8 3 2.09914169 0.74389979 0.81963568 2.29249592 0.99612392 1.173070549373e+01 4.736881985425e-03 3.901295911161e-01 1.654558106955e+01 6.276819125791e-01
6 9 3 2.09914169 0.74389979 0.81963568 2.29249592 0.99612392 1.136899870066e+01 3.999937794232e-03 4.322069663621e-01 1.598134955476e+01 6.124137335433e-01
6 10 3 2.09914169 0.74389979 0.81963568 2.29249592 0.99612392 1.092845065649e+01 3.297698583164e-03 4.661538406242e-01 1.544282306784e+01 5.997637480416e-01
6 11 3 2.09914169 0.74389979 0.81963568 2.29249592 0.99612392 1.056768814667e+01 2.668160936234e-03 4.850024074258e-01 1.488201270314e+01 5.793974894829e-01
6 12 3 2.09914169 0.74389979 0.81963568 2.29249592 0.99612392 1.024362654091e+01 2.100112101113e-03 4.842432885724e-01 1.432382463232e+01 5.588779633061e-01
6 13 3 2.09914169 0.74389979 0.81963568 2.29249592 0.99612392 9.884737056680e+00 1.576791943138e-03 4.704999219395e-01 1.391446776767e+01 5.384594560955e-01
6 14 3 2.09914169 0.74389979 0.81963568 2.29249592 0.99612392 9.560051173151e+00 1.110957564743e-03 4.404675517911e-01 1.353302720956e+01 5.235685874009e-01
6 15 3 2.09914169 0.74389979 0.81963568 2.29249592 0.99612392 9.306273855646e+00 7.389731309521e-04 3.985824707088e-01 1.313777881010e+01 5.090860948368e-01
6 16 3 2.09914169 0.74389979 0.81963568 2.29249592 0.99612392 8.976290416666e+00 4.892359485758e-04 3.531203323133e-01 1.272624574848e+01 4.984647304047e-01
6 17 3 2.09914169 0.74389979 0.81963568 2.29249592 0.99612392 8.750985353188e+00 3.634795241042e-04 3.026921919139e-01 1.229060333659e+01 4.762690892616e-01
6 18 3 2.09914169 0.74389979 0.81963568 2.29249592 0.99612392 8.503957635510e+00 3.465827690329e-04 2.548808506987e-01 1.190167805418e+01 4.540134697213e-01
6 19 3 2.09914169 0.74389979 0.81963568 2.29249592 0.99612392 8.268538631888e+00 4.243179246484e-04 2.149522295061e-01 1.165735717324e+01 4.453789097814e-01
6 20 3 2.09914169 0.74389979 0.81963568 2.29249592 0.99612392 8.065841685621e+00 5.833336014620e-04 1.833525668492e-01 1.143507613674e+01 4.279179941864e-01
6 21 3 2.09914169 0.74389979 0.81963568 2.29249592 0.99612392 7.916086000881e+00 7.965296504582e-04 1.662295458027e-01 1.116316189348e+01 4.165364082198e-01
6 22 3 2.09914169 0.74389979 0.81963568 2.29249592 0.99612392 7.681563666746e+00 1.020669296483e-03 1.610721442948e-01 1.088388198164e+01 4.092764771792e-01
6 23 3 2.09914169 0.74389979 0.81963568 2.29249592 0.99612392 7.584490758961e+00 1.219835538865e-03 1.654095160566e-01 1.068690479693e+01 3.985529989076e-01
6 24 3 2.09914169 0.74389979 0.81963568 2.29249592 0.99612392 7.465847602051e+00 1.393089016901e-03 1.803793572277e-01 1.046796723049e+01 3.819270582089e-01
6 25 3 2.09914169 0.74389979 0.81963568 2.29249592 0.99612392 7.282696816859e+00 1.571596052003e-03 2.009361435968e-01 1.031525854981e+01 3.706108644163e-01
6 26 3 2.09914169 0.74389979 0.81963568 2.29249592 0.99612392 7.257192131451e+00 1.779855391682e-03 2.269216950156e-01 1.020281912246e+01 3.679997765294e-01
6 27 3 2.09914169 0.74389979 0.81963568 2.29249592 0.99612392 7.181747462816e+00 1.997496198852e-03 2.549423056382e-01 1.013563242309e+01 3.673570361945e-01
6 28 3 2.09914169 0.74389979 0.81963568 2.29249592 0.99612392 7.064524835381e+00 2.164182105928e-03 2.767328038378e-01 1.006432459503e+01 3.665801150734e-01
6 29 3 2.09914169 0.74389979 0.81963568 2.29249592 0.99612392 7.072730539772e+00 2.228872249433e-03 2.927259392626e-01 9.998385670742e+00 3.638821762787e-01
6 30 3 2.09914169 0.74389979 0.81963568 2.29249592 0.99612392 7.092614688657e+00 2.197174272269e-03 3.002533127493e-01 9.911302491370e+00 3.581775285970e-01
6 31 3 2.09914169 0.74389979 0.81963568 2.29249592 0.99612392 6.979856198713e+00 2.128121467583e-03 2.977730456006e-01 9.864384368482e+00 3.502799855695e-01
6 32 3 2.09914169 0.74389979 0.81963568 2.29249592 0.99612392 7.097076385930e+00 2.080213867146e-03 2.894119109629e-01 9.973334093692e+00 3.640262072681e-01
6 33 3 2.09914169 0.74389979 0.81963568 2.29249592 0.99612392 7.118333450993e+00 2.057767055531e-03 2.711427602509e-01 1.007607247196e+01 3.768320199103e-01
6 34 3 2.09914169 0.74389979 0.81963568 2.29249592 0.99612392 7.117352306773e+00 2.009586438485e-03 2.432414808454e-01 1.015241696879e+01 3.777826910383e-01
6 35 3 2.09914169 0.74389979 0.81963568 2.29249592 0.99612392 7.236188083828e+00 1.880680406602e-03 2.111739981384e-01 1.019112201838e+01 3.806424738225e-01
6 36 3 2.09914169 0.74389979 0.81963568 2.29249592 0.99612392 7.354283488295e+00 1.665944608725e-03 1.755081647922e-01 1.031077783105e+01 3.843542146178e-01
6 37 3 2.09914169 0.74389979 0.81963568 2.29249592 0.99612392 7.382531067320e+00 1.414734476444e-03 1.422454690381e-01 1.042847695138e+01 3.931185306949e-01
6 38 3 2.09914169 0.74389979 0.81963568 2.29249592 0.99612392 7.581771065331e+00 1.185691175830e-03 1.148799993377e-01 1.064785267121e+01 4.065610598151e-01
6 39 3 2.09914169 0.74389979 0.81963568 2.29249592 0.99612392 7.715654995763e+00 9.993725723155e-04 9.208797386200e-02 1.089535092567e+01 4.241105948215e-01
6 40 3 2.09914169 0.74389979 0.81963568 2.29249592 0.99612392 7.853355792200e+00 8.337755973671e-04 7.804458267520e-02 1.113633000217e+01 4.325148891274e-01
6 41 3 2.09914169 0.74389979 0.81963568 2.29249592 0.99612392 8.058567953811e+00 6.607417667925e-04 7.329290854974e-02 1.138843706617e+01 4.377418109042e-01
6 42 3 2.09914169 0.74389979 0.81963568 2.29249592 0.99612392 8.277426053163e+00 4.813247317783e-04 7.811478766092e-02 1.166986830209e+01 4.470595193573e-01
6 43 3 2.09914169 0.74389979 0.81963568 2.29249592 0.99612392 8.454208489719e+00 3.260501194865e-04 9.366419171606e-02 1.192813878581e+01 4.641026074765e-01
6 44 3 2.09914169 0.74389979 0.81963568 2.29249592 0.99612392 8.741709207200e+00 2.281725046523e-04 1.143672321141e-01 1.220737142343e+01 4.744502192452e-01
6 45 3 2.09914169 0.74389979 0.81963568 2.29249592 0.99612392 8.964434224586e+00 2.049483094086e-04 1.386041210940e-01 1.264017458105e+01 4.881482259101e-01
6 46 3 2.09914169 0.74389979 0.81963568 2.29249592 0.99612392 9.264129993544e+00 2.651752447628e-04 1.638559804139e-01 1.310929480694e+01 5.097132487577e-01
6 47 3 2.09914169 0.74389979 0.81963568 2.29249592 0.99612392 9.542030360847e+00 4.248233858531e-04 1.843208112018e-01 1.352135048979e+01 5.139196228497e-01
6 48 3 2.09914169 0.74389979 0.81963568 2.29249592 0.99612392 9.877084611779e+00 7.026824333684e-04 2.007727107593e-01 1.390646793262e+01 5.242535816316e-01
6 49 3 2.09914169 0.74389979 0.81963568 2.29249592 0.99612392 1.017518951729e+01 1.096797772742e-03 2.089150444209e-01 1.431354801089e+01 5.397365780091e-01
6 50 3 2.09914169 0.74389979 0.81963568 2.29249592 0.99612392 1.056891479190e+01 1.573021881419e-03 2.050148285800e-01 1.478786435179e+01 5.585519871683e-01
6 51 3 2.09914169 0.74389979 0.81963568 2.29249592 0.99612392 1.090732946061e+01 2.087900741692e-03 1.929601859836e-01 1.537223754646e+01 5.778775402561e-01
6 52 3 2.09914169 0.74389979 0.81963568 2.29249592 0.99612392 1.129110466303e+01 2.626105367232e-03 1.706970685616e-01 1.597406575608e+01 5.950171056001e-01
6 53 3 2.09914169 0.74389979 0.81963568 2.29249592 0.99612392 1.172674660067e+01 3.208149956498e-03 1.404817251773e-01 1.650414776219e+01 6.093598512511e-01
6 54 3 2.09914169 0.74389979 0.81963568 2.29249592 0.99612392 1.213430304532e+01 3.851735800502e-03 1.087988888160e-01 1.706728160054e+01 6.262526968775e-01
6 55 3 2.09914169 0.74389979 0.81963568 2.29249592 0.99612392 1.255501544556e+01 4.523263586780e-03 7.609168118906e-02 1.773561255660e+01 6.525075524004e-01
6 56 3 2.09914169 0.74389979 0.81963568 2.29249592 0.99612392 1.304814925153e+01 5.133645986793e-03 4.770126954070e-02 1.831521691160e+01 6.821523836934e-01
6 57 3 2.09914169 0.74389979 0.81963568 2.29249592 0.99612392 1.354795715531e+01 5.589591927784e-03 2.761030231867e-02 1.895844258614e+01 7.096842885994e-01
6 58 3 2.09914169 0.74389979 0.81963568 2.29249592 0.99612392 1.395079927682e+01 5.852292279528e-03 1.583553592909e-02 1.968300431941e+01 7.238773354186e-01
6 59 3 2.09914169 0.74389979 0.81963568 2.29249592 0.99612392 1.458091223817e+01 5.945984899175e-03 1.565795803056e-02 2.051937978513e+01 7.605523988372e-01
6 60 3 2.09914169 0.74389979 0.81963568 2.29249592 0.99612392 1.506612395290e+01 5.911364200939e-03 2.590374469943e-02 2.123822001671e+01 7.990579631977e-01
6 61 3 2.09914169 0.74389979 0.81963568 2.29249592 0.99612392 1.558487859909e+01 5.755802829825e-03 4.565083852981e-02 2.201440852818e+01 8.368557801625e-01
6 62 3 2.09914169 0.74389979 0.81963568 2.29249592 0.99612392 1.620883917231e+01 5.451588124926e-03 7.248122704203e-02 2.270103453103e+01 8.724361805222e-01
6 63 3 2.09914169 0.74389979 0.81963568 2.29249592 0.99612392 1.680091183313e+01 4.978395593098e-03 9.925572827767e-02 2.348670441743e+01 8.942163904003e-01
7 0 3 1.45185425 0.67020195 0.74100706 1.52403489 0.90422598 3.822036017192e+00 1.132061241963e-02 1.495189921457e-01 4.542246309687e+00 5.803108055982e-01
7 1 3 1.45185425 0.67020195 0.74100706 1.52403489 0.90422598 3.247250833670e+00 1.296121969103e-02 1.214757008258e-01 4.342969860744e+00 5.619802201313e-01
7 2 3 1.45185425 0.67020195 0.74100706 1.52403489 0.90422598 3.460737035640e+00 1.579332421980e-02 1.287777930974e-01 4.143185855110e+00 5.432895472700e-01
7 3 3 1.45185425 0.67020195 0.74100706 1.52403489 0.90422598 3.672930806413e+00 1.685553889615e-02 1.296618867591e-01 3.957407006587e+00 5.111038191339e-01
7 4 3 1.45185425 0.67020195 0.74100706 1.52403489 0.90422598 3.128424304365e+00 1.688299293844e-02 1.326283443613e-01 3.849366598158e+00 4.833549225886e-01
7 5 3 1.45185425 0.67020195 0.74100706 1.52403489 0.90422598 2.789357079097e+00 1.820633839831e-02 1.640048850083e-01 3.751691548296e+00 4.681322301260e-01
7 6 3 1.45185425 0.67020195 0.74100706 1.52403489 0.90422598 3.190027478588e+00 1.851373019208e-02 1.837307408027e-01 3.656479253961e+00 4.551131897104e-01
7 7 3 1.45185425 0.67020195 0.74100706 1.52403489 0.90422598 3.142455292216e+00 1.713088093021e-02 1.926574499523e-01 3.514335228403e+00 4.322873224954e-01
7 8 3 1.45185425 0.67020195 0.74100706 1.52403489 0.90422598 2.497589974924e+00 1.645491685315e-02 2.248568000419e-01 3.383597133886e+00 4.134650112740e-01
7 9 3 1.45185425 0.67020195 0.74100706 1.52403489 0.90422598 2.537772745010e+00 1.592566730220e-02 2.431908124013e-01 3.245026893071e+00 4.029584787710e-01
7 10 3 1.45185425 0.67020195 0.74100706 1.52403489 0.90422598 2.944783946771e+00 1.414862912736e-02 2.339673568621e-01 3.120609302370e+00 3.898083888897e-01
7 11 3 1.45185425 0.67020195 0.74100706 1.52403489 0.90422598 2.526348686159e+00 1.226777093852e-02 2.388246416768e-01 2.989863235610e+00 3.811573510731e-01
7 12 3 1.45185425 0.67020195 0.74100706 1.52403489 0.90422598 2.075558517233e+00 1.100029087293e-02 2.400403253100e-01 2.885804188486e+00 3.689952035035e-01
7 13 3 1.45185425 0.67020195 0.74100706 1.52403489 0.90422598 2.458797710179e+00 9.258642799613e-03 2.121037986974e-01 2.803840658139e+00 3.533366010115e-01
7 14 3 1.45185425 0.67020195 0.74100706 1.52403489 0.90422598 2.571698992016e+00 6.983883477137e-03 1.904706251723e-01 2.740931472757e+00 3.492339081738e-01
7 15 3 1.45185425 0.67020195 0.74100706 1.52403489 0.90422598 1.963925878634e+00 5.437032842410e-03 1.795546874376e-01 2.668294113723e+00 3.439873492752e-01
7 16 3 1.45185425 0.67020195 0.74100706 1.52403489 0.90422598 1.932940957985e+00 4.331265114291e-03 1.506092592163e-01 2.578305330792e+00 3.339950664686e-01
7 17 3 1.45185425 0.67020195 0.74100706 1.52403489 0.90422598 2.371761793389e+00 2.822620082206e-03 1.216522124757e-01 2.495047558617e+00 3.247279721166e-01
7 18 3 1.45185425 0.67020195 0.74100706 1.52403489 0.90422598 2.092265171281e+00 1.649282678822e-03 1.086264392079e-01 2.428672195218e+00 3.131389701922e-01
7 19 3 1.45185425 0.67020195 0.74100706 1.52403489 0.90422598 1.628382809870e+00 1.024333104599e-03 8.936167291558e-02 2.369765566170e+00 3.045775148062e-01
7 20 3 1.45185425 0.67020195 0.74100706 1.52403489 0.90422598 1.967935897548e+00 3.716446185066e-04 7.056115159465e-02 2.293762673688e+00 2.966071796814e-01
7 21 3 1.45185425 0.67020195 0.74100706 1.52403489 0.90422598 2.159282411317e+00 2.001834367910e-05 6.984147750106e-02 2.220038719471e+00 2.894372110954e-01
7 22 3 1.45185425 0.67020195 0.74100706 1.52403489 0.90422598 1.656808020699e+00 2.779161750707e-05 6.862206862151e-02 2.161630524384e+00 2.852678038651e-01
7 23 3 1.45185425 0.67020195 0.74100706 1.52403489 0.90422598 1.563186926147e+00 1.827588560160e-04 6.732595973442e-02 2.130893348258e+00 2.751973416691e-01
7 24 3 1.45185425 0.67020195 0.74100706 1.52403489 0.90422598 2.027744834471e+00 7.199084707153e-04 8.286410760120e-02 2.115929057117e+00 2.634223441206e-01
7 25 3 1.45185425 0.67020195 0.74100706 1.52403489 0.90422598 1.825756815274e+00 1.325246918302e-03 9.635448361949e-02 2.103137076410e+00 2.570315746391e-01
7 26 3 1.45185425 0.67020195 0.74100706 1.52403489 0.90422598 1.421619661115e+00 1.989300355507e-03 1.028643607440e-01 2.084399854111e+00 2.540996323384e-01
7 27 3 1.45185425 0.67020195 0.74100706 1.52403489 0.90422598 1.706861103901e+00 3.217863480469e-03 1.226775892145e-01 2.058027833118e+00 2.516983344478e-01
7 28 3 1.45185425 0.67020195 0.74100706 1.52403489 0.90422598 1.949178944017e+00 4.420480467816e-03 1.402400413588e-01 2.031567890970e+00 2.498187141974e-01
7 29 3 1.45185425 0.67020195 0.74100706 1.52403489 0.90422598 1.539850093733e+00 5.172509360555e-03 1.416404020494e-01 1.989185538095e+00 2.510041720995e-01
7 30 3 1.45185425 0.67020195 0.74100706 1.52403489 0.90422598 1.453218141204e+00 6.218469873849e-03 1.492926735936e-01 1.960133594829e+00 2.448770841213e-01
7 31 3 1.45185425 0.67020195 0.74100706 1.52403489 0.90422598 1.856568850680e+00 7.570671898153e-03 1.608737769617e-01 1.954531472803e+00 2.374057767894e-01
7 32 3 1.45185425 0.67020195 0.74100706 1.52403489 0.90422598 1.801832585761e+00 8.491725652655e-03 1.567367281341e-01 1.995705392632e+00 2.488038394272e-01
7 33 3 1.45185425 0.67020195 0.74100706 1.52403489 0.90422598 1.419739078636e+00 9.257540169040e-03 1.520762100142e-01 2.033276922662e+00 2.600791820522e-01
7 34 3 1.45185425 0.67020195 0.74100706 1.52403489 0.90422598 1.660622079381e+00 1.043908860040e-02 1.534141202947e-01 2.071056913454e+00 2.579434043329e-01
7 35 3 1.45185425 0.67020195 0.74100706 1.52403489 0.90422598 1.956020977860e+00 1.116586853237e-02 1.382870542480e-01 2.077629184538e+00 2.594553587606e-01
7 36 3 1.45185425 0.67020195 0.74100706 1.52403489 0.90422598 1.656643805820e+00 1.087630918832e-02 1.165697686621e-01 2.093667014750e+00 2.647213738531e-01
7 37 3 1.45185425 0.67020195 0.74100706 1.52403489 0.90422598 1.529824873353e+00 1.092058983404e-02 1.085018170157e-01 2.101986587313e+00 2.697274385633e-01
7 38 3 1.45185425 0.67020195 0.74100706 1.52403489 0.90422598 1.931134440670e+00 1.131429436914e-02 9.523209339678e-02 2.134917031460e+00 2.774284151921e-01
7 39 3 1.45185425 0.67020195 0.74100706 1.52403489 0.90422598 1.982293478895e+00 1.060551920364e-02 7.577162053329e-02 2.158160379843e+00 2.875267433858e-01
7 40 3 1.45185425 0.67020195 0.74100706 1.52403489 0.90422598 1.647740232875e+00 9.743583223454e-03 7.304016477782e-02 2.211993882490e+00 2.954360463487e-01
7 41 3 1.45185425 0.67020195 0.74100706 1.52403489 0.90422598 1.813532452812e+00 9.489041204943e-03 7.338987952089e-02 2.280816312059e+00 2.965778201318e-01
7 42 3 1.45185425 0.67020195 0.74100706 1.52403489 0.90422598 2.181278347279e+00 8.219069670534e-03 7.002937026948e-02 2.373820747602e+00 3.005305643723e-01
7 43 3 1.45185425 0.67020195 0.74100706 1.52403489 0.90422598 2.008463615069e+00 6.336922896406e-03 8.443956293725e-02 2.440840550356e+00 3.089614963504e-01
7 44 3 1.45185425 0.67020195 0.74100706 1.52403489 0.90422598 1.824439575495e+00 5.315628838896e-03 1.037953204751e-01 2.502467066440e+00 3.160532251996e-01
7 45 3 1.45185425 0.67020195 0.74100706 1.52403489 0.90422598 2.189915995531e+00 4.210567829475e-03 1.156834068232e-01 2.561242198228e+00 3.258850632326e-01
7 46 3 1.45185425 0.67020195 0.74100706 1.52403489 0.90422598 2.393596414814e+00 2.640507261331e-03 1.434807519653e-01 2.640538749486e+00 3.339224085709e-01
7 47 3 1.45185425 0.67020195 0.74100706 1.52403489 0.90422598 2.130428756070e+00 1.586602576161e-03 1.773799384192e-01 2.723023000794e+00 3.410172436804e-01
7 48 3 1.45185425 0.67020195 0.74100706 1.52403489 0.90422598 2.145180247866e+00 9.071178906020e-04 1.941513125410e-01 2.804851615250e+00 3.487891557525e-01
7 49 3 1.45185425 0.67020195 0.74100706 1.52403489 0.90422598 2.612967100257e+00 3.435581504876e-04 2.193335878874e-01 2.884014031413e+00 3.555816559149e-01
7 50 3 1.45185425 0.67020195 0.74100706 1.52403489 0.90422598 2.620890414535e+00 2.248373184143e-04 2.547699847043e-01 2.984147851156e+00 3.735534579774e-01
7 51 3 1.45185425 0.67020195 0.74100706 1.52403489 0.90422598 2.339669193430e+00 5.699261799623e-04 2.612968777240e-01 3.113655051905e+00 3.916339714598e-01
7 52 3 1.45185425 0.67020195 0.74100706 1.52403489 0.90422598 2.614327447549e+00 1.521282865493e-03 2.578330999498e-01 3.251157247348e+00 4.015779398828e-01
7 53 3 1.45185425 0.67020195 0.74100706 1.52403489 0.90422598 3.058325526429e+00 3.227979962474e-03 2.709166114314e-01 3.375754964501e+00 4.188458515452e-01
7 54 3 1.45185425 0.67020195 0.74100706 1.52403489 0.90422598 2.856055649644e+00 5.155813238402e-03 2.592340775627e-01 3.497912397000e+00 4.367224196257e-01
7 55 3 1.45185425 0.67020195 0.74100706 1.52403489 0.90422598 2.688040668127e+00 7.350370103476e-03 2.259485579469e-01 3.621820006051e+00 4.575230972383e-01
7 56 3 1.45185425 0.67020195 0.74100706 1.52403489 0.90422598 3.196126893438e+00 1.079132167618e-02 2.164406892553e-01 3.744874637607e+00 4.840390594726e-01
7 57 3 1.45185425 0.67020195 0.74100706 1.52403489 0.90422598 3.518005200887e+00 1.449143973234e-02 2.000364641194e-01 3.845391595366e+00 5.000251783744e-01
7 58 3 1.45185425 0.67020195 0.74100706 1.52403489 0.90422598 3.111582149424e+00 1.702096924549e-02 1.628796205103e-01 3.964516966275e+00 5.164626019936e-01
7 59 3 1.45185425 0.67020195 0.74100706 1.52403489 0.90422598 3.178428794931e+00 2.051235369136e-02 1.522949587703e-01 4.111304422826e+00 5.451226902063e-01
7 60 3 1.45185425 0.67020195 0.74100706 1.52403489 0.90422598 3.930678930609e+00 2.506926668200e-02 1.502195086287e-01 4.327248954207e+00 5.747268654901e-01
7 61 3 1.45185425 0.67020195 0.74100706 1.52403489 0.90422598 3.922480823394e+00 2.718361043554e-02 1.359571929487e-01 4.525196413190e+00 5.904631736364e-01
7 62 3 1.45185425 0.67020195 0.74100706 1.52403489 0.90422598 3.372259692387e+00 2.878044361232e-02 1.548749687567e-01 4.710978990679e+00 6.014113818552e-01
7 63 3 1.45185425 0.67020195 0.74100706 1.52403489 0.90422598 3.964521125589e+00 3.220902170611e-02 1.918936100239e-01 4.829060667202e+00 6.275488101637e-01
8 0 3 1.22845460 0.59567010 0.62950320 8.19075080 0.70475627 1.995129159393e+00 2.177513234566e-03 2.172314773024e-06 2.270066671578e+03 2.307995733056e-01
8 1 3 1.22845460 0.59567010 0.62950320 8.19075080 0.70475627 2.211280292106e+00 1.962563516337e-03 1.761706950348e-06 2.194875930103e+03 2.213709495060e-01
8 2 3 1.22845460 0.59567010 0.62950320 8.19075080 0.70475627 2.025224299978e+00 1.714058960657e-03 1.370702178076e-06 2.114254899834e+03 2.018849622599e-01
8 3 3 1.22845460 0.59567010 0.62950320 8.19075080 0.70475627 1.611913652281e+00 1.461255525142e-03 1.040151599415e-06 2.040301794384e+03 1.867435536437e-01
8 4 3 1.22845460 0.59567010 0.62950320 8.19075080 0.70475627 1.374311255274e+00 1.232158630094e-03 8.004264089723e-07 1.979374724424e+03 1.841393708695e-01
8 5 3 1.22845460 0.59567010 0.62950320 8.19075080 0.70475627 1.478670785073e+00 1.049642720249e-03 6.682882434190e-07 1.923675857636e+03 1.871540670938e-01
8 6 3 1.22845460 0.59567010 0.62950320 8.19075080 0.70475627 1.737388483553e+00 9.285986786098e-04 6.457562557909e-07 1.862957348336e+03 1.832739839755e-01
8 7 3 1.22845460 0.59567010 0.62950320 8.19075080 0.70475627 1.763539546093e+00 8.744350147818e-04 7.209608254407e-07 1.797372193835e+03 1.692488987628e-01
8 8 3 1.22845460 0.59567010 0.62950320 8.19075080 0.70475627 1.468022767189e+00 8.830377007750e-04 8.707150704011e-07 1.735151102505e+03 1.538752950890e-01
8 9 3 1.22845460 0.59567010 0.62950320 8.19075080 0.70475627 1.173580292106e+00 9.420760087489e-04 1.064333708397e-06 1.683104526958e+03 1.471576854362e-01
8 10 3 1.22845460 0.59567010 0.62950320 8.19075080 0.70475627 1.156681876379e+00 1.033359239040e-03 1.268106375969e-06 1.640390993029e+03 1.494360212477e-01
8 11 3 1.22845460 0.59567010 0.62950320 8.19075080 0.70475627 1.357121600104e+00 1.135825312965e-03 1.449798601238e-06 1.598400714938e+03 1.520402244309e-01
8 12 3 1.22845460 0.59567010 0.62950320 8.19075080 0.70475627 1.488132024486e+00 1.228689506049e-03 1.582604723461e-06 1.549111393696e+03 1.471234562297e-01
8 13 3 1.22845460 0.59567010 0.62950320 8.19075080 0.70475627 1.359794992245e+00 1.294301043213e-03 1.648098454931e-06 1.495167092275e+03 1.353094419129e-01
8 14 3 1.22845460 0.59567010 0.62950320 8.19075080 0.70475627 1.081388683085e+00 1.320337058756e-03 1.637895673206e-06 1.447061122966e+03 1.238683206688e-01
8 15 3 1.22845460 0.59567010 0.62950320 8.19075080 0.70475627 9.422975991141e-01 1.301089545111e-03 1.553933439270e-06 1.409910520034e+03 1.186695635018e-01
8 16 3 1.22845460 0.59567010 0.62950320 8.19075080 0.70475627 1.033307205331e+00 1.237748754033e-03 1.407452184972e-06 1.378595336071e+03 1.187239067546e-01
8 17 3 1.22845460 0.59567010 0.62950320 8.19075080 0.70475627 1.188204865612e+00 1.137732730428e-03 1.216921269912e-06 1.345721665205e+03 1.183360162232e-01
8 18 3 1.22845460 0.59567010 0.62950320 8.19075080 0.70475627 1.188503213503e+00 1.013236783944e-03 1.005255009057e-06 1.309457784302e+03 1.137538021762e-01
8 19 3 1.22845460 0.59567010 0.62950320 8.19075080 0.70475627 1.011364523546e+00 8.792638815691e-04 7.967182926520e-07 1.274150267410e+03 1.069634056815e-01
8 20 3 1.22845460 0.59567010 0.62950320 8.19075080 0.70475627 8.440474585277e-01 7.514394739942e-04 6.139178965093e-07 1.245951209679e+03 1.027884533249e-01
8 21 3 1.22845460 0.59567010 0.62950320 8.19075080 0.70475627 8.486959557577e-01 6.439118304052e-04 4.752246923682e-07 1.226259890236e+03 1.028910969192e-01
8 22 3 1.22845460 0.59567010 0.62950320 8.19075080 0.70475627 9.895954321724e-01 5.675976517573e-04 3.928857681466e-07 1.209187309021e+03 1.037220256039e-01
8 23 3 1.22845460 0.59567010 0.62950320 8.19075080 0.70475627 1.077792198010e+00 5.289632399977e-04 3.719793771428e-07 1.188416187677e+03 1.009225685648e-01
8 24 3 1.22845460 0.59567010 0.62950320 8.19075080 0.70475627 9.866200771727e-01 5.294467745587e-04 4.102553508306e-07 1.165328846971e+03 9.497062905722e-02
8 25 3 1.22845460 0.59567010 0.62950320 8.19075080 0.70475627 8.016114227610e-01 5.655402138555e-04 4.988028471581e-07 1.146707864448e+03 9.102164572023e-02
8 26 3 1.22845460 0.59567010 0.62950320 8.19075080 0.70475627 7.388010828957e-01 6.294709849077e-04 6.234061920636e-07 1.136080668155e+03 9.267331470359e-02
8 27 3 1.22845460 0.59567010 0.62950320 8.19075080 0.70475627 8.505090619056e-01 7.103617517464e-04 7.663938619925e-07 1.130535931396e+03 9.706169348820e-02
8 28 3 1.22845460 0.59567010 0.62950320 8.19075080 0.70475627 9.931327337827e-01 7.957053204572e-04 9.087567886817e-07 1.124502622938e+03 9.767497056278e-02
8 29 3 1.22845460 0.59567010 0.62950320 8.19075080 0.70475627 9.949515997969e-01 8.729719235483e-04 1.032308023085e-06 1.115196990895e+03 9.208495072307e-02
8 30 3 1.22845460 0.59567010 0.62950320 8.19075080 0.70475627 8.336182335801e-01 9.311659328250e-04 1.121671902828e-06 1.106065815953e+03 8.538654941487e-02
8 31 3 1.22845460 0.59567010 0.62950320 8.19075080 0.70475627 6.906022571522e-01 9.621651790209e-04 1.165921773032e-06 1.104166267926e+03 8.477959923460e-02
8 32 3 1.22845460 0.59567010 0.62950320 8.19075080 0.70475627 7.464406405226e-01 9.617047499413e-04 1.159725797139e-06 1.111884279204e+03 9.132700976129e-02
8 33 3 1.22845460 0.59567010 0.62950320 8.19075080 0.70475627 9.374193962934e-01 9.299049513772e-04 1.103906325959e-06 1.123403642116e+03 9.861987920213e-02
8 34 3 1.22845460 0.59567010 0.62950320 8.19075080 0.70475627 1.045758310568e+00 8.712872652575e-04 1.005366943726e-06 1.131912272509e+03 1.000389437184e-01
8 35 3 1.22845460 0.59567010 0.62950320 8.19075080 0.70475627 9.724057369837e-01 7.942704186065e-04 8.763911772567e-07 1.137402299538e+03 9.607726750608e-02
8 36 3 1.22845460 0.59567010 0.62950320 8.19075080 0.70475627 8.016403678220e-01 7.101890136656e-04 7.333670625113e-07 1.145215840266e+03 9.321662561757e-02
8 37 3 1.22845460 0.59567010 0.62950320 8.19075080 0.70475627 7.409151884131e-01 6.319270464443e-04 5.950412612257e-07 1.159884467586e+03 9.606768340311e-02
8 38 3 1.22845460 0.59567010 0.62950320 8.19075080 0.70475627 8.822983987194e-01 5.723045984942e-04 4.804532228312e-07 1.181354660750e+03 1.023600379997e-01
8 39 3 1.22845460 0.59567010 0.62950320 8.19075080 0.70475627 1.075300236919e+00 5.423934372905e-04 4.067405951444e-07 1.204731629423e+03 1.064433819935e-01
8 40 3 1.22845460 0.59567010 0.62950320 8.19075080 0.70475627 1.112129211853e+00 5.499607591736e-04 3.870368736430e-07 1.224780192330e+03 1.064431574629e-01
8 41 3 1.22845460 0.59567010 0.62950320 8.19075080 0.70475627 9.786725007013e-01 5.982443114890e-04 4.286954074056e-07 1.242991617993e+03 1.061686338105e-01
8 42 3 1.22845460 0.59567010 0.62950320 8.19075080 0.70475627 8.485358762990e-01 6.852421410205e-04 5.320647156504e-07 1.267018910528e+03 1.098632815432e-01
8 43 3 1.22845460 0.59567010 0.62950320 8.19075080 0.70475627 9.010321549918e-01 8.036540983509e-04 6.900044109845e-07 1.300694759683e+03 1.167492197004e-01
8 44 3 1.22845460 0.59567010 0.62950320 8.19075080 0.70475627 1.121535982479e+00 9.415413875469e-04 8.882674953653e-07 1.338962413093e+03 1.221370970091e-01
8 45 3 1.22845460 0.59567010 0.62950320 8.19075080 0.70475627 1.281997402741e+00 1.083680562907e-03 1.106785974975e-06 1.374920549976e+03 1.234640472090e-01
8 46 3 1.22845460 0.59567010 0.62950320 8.19075080 0.70475627 1.228000897092e+00 1.213489398156e-03 1.321789765902e-06 1.407722591582e+03 1.237054467667e-01
8 47 3 1.22845460 0.59567010 0.62950320 8.19075080 0.70475627 1.054102506065e+00 1.315307379666e-03 1.508575242688e-06 1.442415599121e+03 1.280572536129e-01
8 48 3 1.22845460 0.59567010 0.62950320 8.19075080 0.70475627 1.022010758188e+00 1.376738328863e-03 1.644634353280e-06 1.484997960549e+03 1.378140539225e-01
8 49 3 1.22845460 0.59567010 0.62950320 8.19075080 0.70475627 1.236142834890e+00 1.390721347212e-03 1.712774296789e-06 1.536322004024e+03 1.484137679062e-01
8 50 3 1.22845460 0.59567010 0.62950320 8.19075080 0.70475627 1.497354027423e+00 1.357000144279e-03 1.703816675681e-06 1.589059606378e+03 1.538352533716e-01
8 51 3 1.22845460 0.59567010 0.62950320 8.19075080 0.70475627 1.533410385724e+00 1.282715361097e-03 1.618475489969e-06 1.634883399141e+03 1.528182032088e-01
8 52 3 1.22845460 0.59567010 0.62950320 8.19075080 0.70475627 1.341253363010e+00 1.181947693480e-03 1.468080932237e-06 1.675895390193e+03 1.506222824597e-01
8 53 3 1.22845460 0.59567010 0.62950320 8.19075080 0.70475627 1.187630266741e+00 1.074181141323e-03 1.273938367448e-06 1.723016993557e+03 1.543456023430e-01
8 54 3 1.22845460 0.59567010 0.62950320 8.19075080 0.70475627 1.325905400081e+00 9.818176303038e-04 1.065278213715e-06 1.782380899625e+03 1.659402204002e-01
8 55 3 1.22845460 0.59567010 0.62950320 8.19075080 0.70475627 1.687310540238e+00 9.270330947226e-04 8.759437124574e-07 1.849244573566e+03 1.797314933682e-01
8 56 3 1.22845460 0.59567010 0.62950320 8.19075080 0.70475627 1.888794500355e+00 9.283951414713e-04 7.401547405725e-07 1.914840933624e+03 1.876911904114e-01
8 57 3 1.22845460 0.59567010 0.62950320 8.19075080 0.70475627 1.757135325026e+00 9.977397129960e-04 6.878489079411e-07 1.974813460254e+03 1.880058513694e-01
8 58 3 1.22845460 0.59567010 0.62950320 8.19075080 0.70475627 1.521487554803e+00 1.137810832174e-03 7.402093039787e-07 2.033125587356e+03 1.877687404211e-01
8 59 3 1.22845460 0.59567010 0.62950320 8.19075080 0.70475627 1.525092222943e+00 1.341095305574e-03 9.060198302991e-07 2.099282693488e+03 1.955189922429e-01
8 60 3 1.22845460 0.59567010 0.62950320 8.19075080 0.70475627 1.860054311272e+00 1.590136980002e-03 1.179431689634e-06 2.177030064247e+03 2.109047227766e-01
8 61 3 1.22845460 0.59567010 0.62950320 8.19075080 0.70475627 2.252501565583e+00 1.859409199264e-03 1.539577910303e-06 2.257181782622e+03 2.239714364922e-01
8 62 3 1.22845460 0.59567010 0.62950320 8.19075080 0.70475627 2.286751326004e+00 2.118587024512e-03 1.952249640651e-06 2.328822265220e+03 2.266760740154e-01
8 63 3 1.22845460 0.59567010 0.62950320 8.19075080 0.70475627 1.978700065767e+00 2.336827719522e-03 2.373573794722e-06 2.394520060768e+03 2.236349901422e-01
10 0 3 1.75316221 0.69667158 0.74404847 8.01381970 0.84970393 7.819796771166e+00 2.912150317721e-03 1.751063872325e-06 2.101109898317e+03 4.579575171174e-01
10 1 3 1.75316221 0.69667158 0.74404847 8.01381970 0.84970393 7.450813568035e+00 2.653972814985e-03 6.566327874100e-07 2.038703882755e+03 4.446237125196e-01
10 2 3 1.75316221 0.69667158 0.74404847 8.01381970 0.84970393 7.223181310559e+00 2.281645537262e-03 1.540191282275e-07 1.975275476886e+03 4.304792642630e-01
10 3 3 1.75316221 0.69667158 0.74404847 8.01381970 0.84970393 7.012222959399e+00 1.956416906445e-03 6.661737913513e-08 1.907274549641e+03 4.141317103586e-01
10 4 3 1.75316221 0.69667158 0.74404847 8.01381970 0.84970393 6.691113264466e+00 1.624689855670e-03 1.968659733572e-07 1.843755431278e+03 3.952460921415e-01
10 5 3 1.75316221 0.69667158 0.74404847 8.01381970 0.84970393 6.480514198076e+00 1.386263772793e-03 4.650000482526e-07 1.787946043484e+03 3.801826765925e-01
10 6 3 1.75316221 0.69667158 0.74404847 8.01381970 0.84970393 6.272028244022e+00 1.212694615633e-03 8.905851937668e-07 1.731516124432e+03 3.656296963990e-01
10 7 3 1.75316221 0.69667158 0.74404847 8.01381970 0.84970393 5.982888240821e+00 1.147055160392e-03 1.466421443509e-06 1.673677754105e+03 3.523610155513e-01
10 8 3 1.75316221 0.69667158 0.74404847 8.01381970 0.84970393 5.848631490254e+00 1.157101398774e-03 2.055403356660e-06 1.622123976870e+03 3.449037553612e-01
10 9 3 1.75316221 0.69667158 0.74404847 8.01381970 0.84970393 5.653757127839e+00 1.245009670921e-03 2.412598826775e-06 1.574770039986e+03 3.231666038759e-01
10 10 3 1.75316221 0.69667158 0.74404847 8.01381970 0.84970393 5.325399536734e+00 1.373572648508e-03 2.327278927605e-06 1.524761539469e+03 3.095936149006e-01
10 11 3 1.75316221 0.69667158 0.74404847 8.01381970 0.84970393 5.265360702073e+00 1.515676067219e-03 1.779630988560e-06 1.475097934000e+03 3.056562954319e-01
10 12 3 1.75316221 0.69667158 0.74404847 8.01381970 0.84970393 5.131636328609e+00 1.653299454539e-03 9.899049462478e-07 1.431764590837e+03 2.899160068314e-01
10 13 3 1.75316221 0.69667158 0.74404847 8.01381970 0.84970393 4.814025273100e+00 1.735121579439e-03 3.135006845889e-07 1.393291577797e+03 2.776137191854e-01
10 14 3 1.75316221 0.69667158 0.74404847 8.01381970 0.84970393 4.720982314612e+00 1.788558233213e-03 4.517573273798e-08 1.354346299695e+03 2.704946453845e-01
10 15 3 1.75316221 0.69667158 0.74404847 8.01381970 0.84970393 4.656478556045e+00 1.743942882642e-03 2.587134080820e-07 1.314751925409e+03 2.625721080253e-01
10 16 3 1.75316221 0.69667158 0.74404847 8.01381970 0.84970393 4.412324996141e+00 1.679506058762e-03 7.821388423365e-07 1.279685190327e+03 2.485980114926e-01
10 17 3 1.75316221 0.69667158 0.74404847 8.01381970 0.84970393 4.292902969480e+00 1.518640571337e-03 1.315612227567e-06 1.248830074999e+03 2.415894733536e-01
10 18 3 1.75316221 0.69667158 0.74404847 8.01381970 0.84970393 4.245942104308e+00 1.370354496131e-03 1.607293530343e-06 1.217084876098e+03 2.380535103214e-01
10 19 3 1.75316221 0.69667158 0.74404847 8.01381970 0.84970393 4.054989830346e+00 1.163625957906e-03 1.574004987084e-06 1.187393908048e+03 2.265826361187e-01
10 20 3 1.75316221 0.69667158 0.74404847 8.01381970 0.84970393 3.982399167295e+00 1.007521437631e-03 1.302276792466e-06 1.164313021555e+03 2.231776567831e-01
10 21 3 1.75316221 0.69667158 0.74404847 8.01381970 0.84970393 3.923168828024e+00 8.414779118302e-04 9.512015305287e-07 1.142459752267e+03 2.171456075302e-01
10 22 3 1.75316221 0.69667158 0.74404847 8.01381970 0.84970393 3.772589532004e+00 7.528189193699e-04 6.395776039549e-07 1.118526275378e+03 2.100876490494e-01
10 23 3 1.75316221 0.69667158 0.74404847 8.01381970 0.84970393 3.752727177519e+00 6.854913582244e-04 3.970149848978e-07 1.098289783863e+03 2.066306654955e-01
10 24 3 1.75316221 0.69667158 0.74404847 8.01381970 0.84970393 3.677997445090e+00 7.011665368541e-04 2.006426888217e-07 1.083871113720e+03 2.015469503938e-01
10 25 3 1.75316221 0.69667158 0.74404847 8.01381970 0.84970393 3.578790327585e+00 7.384033421658e-04 5.203412117411e-08 1.070801222587e+03 2.022288883978e-01
10 26 3 1.75316221 0.69667158 0.74404847 8.01381970 0.84970393 3.605246115885e+00 8.414344404861e-04 2.162619157832e-08 1.057033919341e+03 1.985562873766e-01
10 27 3 1.75316221 0.69667158 0.74404847 8.01381970 0.84970393 3.537928518378e+00 9.411113101243e-04 2.173144405806e-07 1.046112913373e+03 1.929495766172e-01
10 28 3 1.75316221 0.69667158 0.74404847 8.01381970 0.84970393 3.437301272204e+00 1.072238589605e-03 6.957584995138e-07 1.041559671740e+03 1.914385785139e-01
10 29 3 1.75316221 0.69667158 0.74404847 8.01381970 0.84970393 3.527783849200e+00 1.169327656222e-03 1.382926334952e-06 1.038987003637e+03 1.954953819082e-01
10 30 3 1.75316221 0.69667158 0.74404847 8.01381970 0.84970393 3.526091314948e+00 1.258104085712e-03 2.069580823916e-06 1.032768992533e+03 1.955255535424e-01
10 31 3 1.75316221 0.69667158 0.74404847 8.01381970 0.84970393 3.375009977045e+00 1.296714311354e-03 2.498067764751e-06 1.029250167758e+03 1.880082103771e-01
10 32 3 1.75316221 0.69667158 0.74404847 8.01381970 0.84970393 3.505149802730e+00 1.296686724948e-03 2.493323203920e-06 1.035220417709e+03 1.953693776546e-01
10 33 3 1.75316221 0.69667158 0.74404847 8.01381970 0.84970393 3.576098897080e+00 1.255521467291e-03 2.057690264986e-06 1.043260561418e+03 1.996558571984e-01
10 34 3 1.75316221 0.69667158 0.74404847 8.01381970 0.84970393 3.456358026964e+00 1.167258422540e-03 1.369483023196e-06 1.047192940499e+03 1.946206268608e-01
10 35 3 1.75316221 0.69667158 0.74404847 8.01381970 0.84970393 3.557097775347e+00 1.069341797865e-03 6.861418497085e-07 1.053400361827e+03 1.986300743002e-01
10 36 3 1.75316221 0.69667158 0.74404847 8.01381970 0.84970393 3.658262858989e+00 9.407789656014e-04 2.133929577736e-07 1.066450810458e+03 2.055135543902e-01
10 37 3 1.75316221 0.69667158 0.74404847 8.01381970 0.84970393 3.640444439184e+00 8.439798880766e-04 2.112021230893e-08 1.082374590827e+03 2.105662678628e-01
10 38 3 1.75316221 0.69667158 0.74404847 8.01381970 0.84970393 3.715631534868e+00 7.474173925327e-04 5.173389376743e-08 1.097479324382e+03 2.104630246387e-01
10 39 3 1.75316221 0.69667158 0.74404847 8.01381970 0.84970393 3.833492096165e+00 7.184142065000e-04 2.020377866652e-07 1.113844685711e+03 2.158470950442e-01
10 40 3 1.75316221 0.69667158 0.74404847 8.01381970 0.84970393 3.854608639059e+00 7.140640265529e-04 4.103821099448e-07 1.135921613864e+03 2.232047202178e-01
10 41 3 1.75316221 0.69667158 0.74404847 8.01381970 0.84970393 3.988004101980e+00 7.949131203464e-04 6.822930699826e-07 1.161669690656e+03 2.289563731763e-01
10 42 3 1.75316221 0.69667158 0.74404847 8.01381970 0.84970393 4.100489267249e+00 8.980788722611e-04 1.039109225160e-06 1.185187609883e+03 2.377363887878e-01
10 43 3 1.75316221 0.69667158 0.74404847 8.01381970 0.84970393 4.142743765778e+00 1.079989646122e-03 1.438048761197e-06 1.209908020237e+03 2.410181945262e-01
10 44 3 1.75316221 0.69667158 0.74404847 8.01381970 0.84970393 4.348712827584e+00 1.249037563678e-03 1.740088487604e-06 1.241826937628e+03 2.516815131401e-01
10 45 3 1.75316221 0.69667158 0.74404847 8.01381970 0.84970393 4.433950274556e+00 1.468624764534e-03 1.769861842395e-06 1.276062625814e+03 2.595785373419e-01
10 46 3 1.75316221 0.69667158 0.74404847 8.01381970 0.84970393 4.527967448466e+00 1.622440327247e-03 1.439556509219e-06 1.308730506347e+03 2.642209727454e-01
10 47 3 1.75316221 0.69667158 0.74404847 8.01381970 0.84970393 4.779217738097e+00 1.787998409089e-03 8.492902433338e-07 1.345220614105e+03 2.797827384743e-01
10 48 3 1.75316221 0.69667158 0.74404847 8.01381970 0.84970393 4.889215880690e+00 1.847285841346e-03 2.778872353647e-07 1.386405667946e+03 2.885407186241e-01
10 49 3 1.75316221 0.69667158 0.74404847 8.01381970 0.84970393 4.960142435858e+00 1.887087621274e-03 4.675676810411e-08 1.426972657996e+03 2.949983673346e-01
10 50 3 1.75316221 0.69667158 0.74404847 8.01381970 0.84970393 5.272417861005e+00 1.820223072324e-03 3.311846925614e-07 1.467495614846e+03 3.067580822596e-01
10 51 3 1.75316221 0.69667158 0.74404847 8.01381970 0.84970393 5.463870098830e+00 1.728748421079e-03 1.041185403051e-06 1.513420415310e+03 3.219888523759e-01
10 52 3 1.75316221 0.69667158 0.74404847 8.01381970 0.84970393 5.496862127086e+00 1.577483102620e-03 1.857873663503e-06 1.565112895939e+03 3.289963142881e-01
10 53 3 1.75316221 0.69667158 0.74404847 8.01381970 0.84970393 5.817373373928e+00 1.430140235207e-03 2.410196422569e-06 1.616408170152e+03 3.378541414795e-01
10 54 3 1.75316221 0.69667158 0.74404847 8.01381970 0.84970393 6.073884065276e+00 1.297612002990e-03 2.480096047468e-06 1.665155453494e+03 3.610869857845e-01
10 55 3 1.75316221 0.69667158 0.74404847 8.01381970 0.84970393 6.180735061676e+00 1.217592756097e-03 2.102990940894e-06 1.718220349425e+03 3.686162439240e-01
10 56 3 1.75316221 0.69667158 0.74404847 8.01381970 0.84970393 6.463629941762e+00 1.219099920896e-03 1.504228901311e-06 1.777893124138e+03 3.765356326296e-01
10 57 3 1.75316221 0.69667158 0.74404847 8.01381970 0.84970393 6.724571626557e+00 1.307802402123e-03 9.299356882628e-07 1.836937745412e+03 3.941510655451e-01
10 58 3 1.75316221 0.69667158 0.74404847 8.01381970 0.84970393 6.913346793720e+00 1.505839009484e-03 5.053015067914e-07 1.894983959156e+03 4.072395914181e-01
10 59 3 1.75316221 0.69667158 0.74404847 8.01381970 0.84970393 7.241633786471e+00 1.774871114821e-03 2.261791204182e-07 1.959654129655e+03 4.245227238629e-01
10 60 3 1.75316221 0.69667158 0.74404847 8.01381970 0.84970393 7.482421101561e+00 2.133144255095e-03 7.821712158371e-08 2.028971389451e+03 4.385744231972e-01
10 61 3 1.75316221 0.69667158 0.74404847 8.01381970 0.84970393 7.697238558707e+00 2.482168166852e-03 1.666267801224e-07 2.093990275785e+03 4.510611360078e-01
10 62 3 1.75316221 0.69667158 0.74404847 8.01381970 0.84970393 8.075068042903e+00 2.869544635039e-03 7.197009626394e-07 2.157730513309e+03 4.638418075361e-01
10 63 3 1.75316221 0.69667158 0.74404847 8.01381970 0.84970393 8.338211896731e+00 3.131713997097e-03 1.925007559747e-06 2.231143308510e+03 4.833581705566e-01
12 0 3 1.10792718 0.56685584 0.61227992 1.80336509 0.71254170 1.256997624119e+00 2.171659741787e-03 1.199091819273e-01 8.234636219117e+00 2.179855245574e-01
12 1 3 1.10792718 0.56685584 0.61227992 1.80336509 0.71254170 9.550723525861e-01 2.299263420987e-03 8.607883035152e-02 8.303691013919e+00 2.116446637486e-01
12 2 3 1.10792718 0.56685584 0.61227992 1.80336509 0.71254170 8.431813755845e-01 2.537843475858e-03 5.154280335016e-02 8.361671186155e+00 2.039979525363e-01
12 3 3 1.10792718 0.56685584 0.61227992 1.80336509 0.71254170 9.172739072975e-01 2.942196294673e-03 3.009363094949e-02 8.411191220131e+00 1.941124367485e-01
12 4 3 1.10792718 0.56685584 0.61227992 1.80336509 0.71254170 1.111299508582e+00 3.475148567523e-03 2.855030017035e-02 8.362465080648e+00 1.856325695949e-01
12 5 3 1.10792718 0.56685584 0.61227992 1.80336509 0.71254170 1.315387537662e+00 4.007408405510e-03 4.369930595887e-02 8.216565230323e+00 1.810820433832e-01
12 6 3 1.10792718 0.56685584 0.61227992 1.80336509 0.71254170 1.386750216316e+00 4.394363780594e-03 6.510107620266e-02 7.938630889871e+00 1.765058426837e-01
12 7 3 1.10792718 0.56685584 0.61227992 1.80336509 0.71254170 1.281106480037e+00 4.564465762665e-03 8.137647023420e-02 7.503009238322e+00 1.688849093521e-01
12 8 3 1.10792718 0.56685584 0.61227992 1.80336509 0.71254170 1.047720139127e+00 4.542405119140e-03 8.638234327369e-02 6.980488562124e+00 1.618497124700e-01
12 9 3 1.10792718 0.56685584 0.61227992 1.80336509 0.71254170 8.026009461439e-01 4.394795910452e-03 8.204012679699e-02 6.399056484097e+00 1.577121354553e-01
12 10 3 1.10792718 0.56685584 0.61227992 1.80336509 0.71254170 6.359981669826e-01 4.160694973818e-03 7.621953392208e-02 5.829424252528e+00 1.543995780763e-01
12 11 3 1.10792718 0.56685584 0.61227992 1.80336509 0.71254170 6.289797487888e-01 3.837308866569e-03 7.689662861630e-02 5.348112022154e+00 1.513961508711e-01
12 12 3 1.10792718 0.56685584 0.61227992 1.80336509 0.71254170 7.487936329651e-01 3.426572267406e-03 8.642085414035e-02 4.970796893552e+00 1.482147336296e-01
12 13 3 1.10792718 0.56685584 0.61227992 1.80336509 0.71254170 9.107573573286e-01 2.981320708437e-03 9.985483032072e-02 4.715936810271e+00 1.426332469952e-01
12 14 3 1.10792718 0.56685584 0.61227992 1.80336509 0.71254170 1.014468346542e+00 2.591487586645e-03 1.083796727406e-01 4.578493161272e+00 1.366631642918e-01
12 15 3 1.10792718 0.56685584 0.61227992 1.80336509 0.71254170 1.009025735213e+00 2.317447957781e-03 1.050534008225e-01 4.544830219364e+00 1.337299773419e-01
12 16 3 1.10792718 0.56685584 0.61227992 1.80336509 0.71254170 8.783800679810e-01 2.136934869702e-03 8.891523514996e-02 4.603805671651e+00 1.310423570499e-01
12 17 3 1.10792718 0.56685584 0.61227992 1.80336509 0.71254170 6.904116594124e-01 1.961315565540e-03 6.522414621131e-02 4.727888241597e+00 1.261071170428e-01
12 18 3 1.10792718 0.56685584 0.61227992 1.80336509 0.71254170 5.269071845986e-01 1.708973416226e-03 4.238918758077e-02 4.886598246220e+00 1.221271549580e-01
12 19 3 1.10792718 0.56685584 0.61227992 1.80336509 0.71254170 4.611379361825e-01 1.369399143084e-03 2.767102911766e-02 5.024506501208e+00 1.193533616094e-01
12 20 3 1.10792718 0.56685584 0.61227992 1.80336509 0.71254170 5.199068165538e-01 1.004659988008e-03 2.376207752317e-02 5.097022055576e+00 1.147184315225e-01
12 21 3 1.10792718 0.56685584 0.61227992 1.80336509 0.71254170 6.544303043197e-01 6.970286915787e-04 2.779887551003e-02 5.075259215045e+00 1.105194975155e-01
12 22 3 1.10792718 0.56685584 0.61227992 1.80336509 0.71254170 7.861851648283e-01 4.971254271030e-04 3.347068882583e-02 4.938743191287e+00 1.091088310902e-01
12 23 3 1.10792718 0.56685584 0.61227992 1.80336509 0.71254170 8.419029603989e-01 4.139167205027e-04 3.529088368038e-02 4.725651267381e+00 1.062952361522e-01
12 24 3 1.10792718 0.56685584 0.61227992 1.80336509 0.71254170 7.771933442972e-01 4.382917360215e-04 3.236562303632e-02 4.456249272815e+00 1.008178592913e-01
12 25 3 1.10792718 0.56685584 0.61227992 1.80336509 0.71254170 6.262961253087e-01 5.619889896024e-04 2.885709854923e-02 4.156051440202e+00 9.761541839196e-02
12 26 3 1.10792718 0.56685584 0.61227992 1.80336509 0.71254170 4.842179432102e-01 7.712984810841e-04 3.063960397543e-02 3.876547602849e+00 9.756353749802e-02
12 27 3 1.10792718 0.56685584 0.61227992 1.80336509 0.71254170 3.969153690112e-01 1.033085145140e-03 4.070289989191e-02 3.619386688516e+00 9.771324393316e-02
12 28 3 1.10792718 0.56685584 0.61227992 1.80336509 0.71254170 4.200386633452e-01 1.302040759342e-03 5.681869989364e-02 3.415455405466e+00 9.789373553345e-02
12 29 3 1.10792718 0.56685584 0.61227992 1.80336509 0.71254170 5.338095350326e-01 1.549894104094e-03 7.293338843772e-02 3.302269641151e+00 9.691870419524e-02
12 30 3 1.10792718 0.56685584 0.61227992 1.80336509 0.71254170 6.745156081050e-01 1.784632985015e-03 8.277127024591e-02 3.279759048367e+00 9.292743028221e-02
12 31 3 1.10792718 0.56685584 0.61227992 1.80336509 0.71254170 7.550606166343e-01 2.032306609074e-03 8.297897042389e-02 3.376000792142e+00 9.088861005179e-02
12 32 3 1.10792718 0.56685584 0.61227992 1.80336509 0.71254170 7.663692513380e-01 2.295009873833e-03 7.429589713304e-02 3.574472893222e+00 9.549886759080e-02
12 33 3 1.10792718 0.56685584 0.61227992 1.80336509 0.71254170 6.668674891141e-01 2.531200817599e-03 6.086425456003e-02 3.819341448183e+00 1.010362515032e-01
12 34 3 1.10792718 0.56685584 0.61227992 1.80336509 0.71254170 5.298259901206e-01 2.687908746934e-03 4.832245952714e-02 4.096703406431e+00 1.016376061821e-01
12 35 3 1.10792718 0.56685584 0.61227992 1.80336509 0.71254170 4.225491696959e-01 2.759663768525e-03 4.117718122202e-02 4.355567645907e+00 1.006489562686e-01
12 36 3 1.10792718 0.56685584 0.61227992 1.80336509 0.71254170 4.138909186631e-01 2.812197784950e-03 4.033476228336e-02 4.561245467538e+00 1.014291300768e-01
12 37 3 1.10792718 0.56685584 0.61227992 1.80336509 0.71254170 5.021902494694e-01 2.934135131427e-03 4.241121632010e-02 4.720892540472e+00 1.032764064098e-01
12 38 3 1.10792718 0.56685584 0.61227992 1.80336509 0.71254170 6.634659027821e-01 3.149451898007e-03 4.199354528986e-02 4.801028429402e+00 1.072588213301e-01
12 39 3 1.10792718 0.56685584 0.61227992 1.80336509 0.71254170 8.034134167348e-01 3.370330410972e-03 3.584305162900e-02 4.813933747186e+00 1.127055644007e-01
12 40 3 1.10792718 0.56685584 0.61227992 1.80336509 0.71254170 8.654639888675e-01 3.443126309537e-03 2.594367209415e-02 4.768871059921e+00 1.150458539179e-01
12 41 3 1.10792718 0.56685584 0.61227992 1.80336509 0.71254170 8.039185509112e-01 3.258757520465e-03 1.873371309949e-02 4.652515795319e+00 1.152467343823e-01
12 42 3 1.10792718 0.56685584 0.61227992 1.80336509 0.71254170 6.855944027878e-01 2.838079607987e-03 2.085810886165e-02 4.511014458457e+00 1.184093104641e-01
12 43 3 1.10792718 0.56685584 0.61227992 1.80336509 0.71254170 5.513984473536e-01 2.321586919901e-03 3.460860626615e-02 4.378435642467e+00 1.227501830296e-01
12 44 3 1.10792718 0.56685584 0.61227992 1.80336509 0.71254170 4.960042159112e-01 1.874825767674e-03 5.628179665987e-02 4.294364069315e+00 1.246996275404e-01
12 45 3 1.10792718 0.56685584 0.61227992 1.80336509 0.71254170 5.549237202056e-01 1.589796068355e-03 7.824710056638e-02 4.310628388473e+00 1.271761908695e-01
12 46 3 1.10792718 0.56685584 0.61227992 1.80336509 0.71254170 7.269778774999e-01 1.456626319755e-03 9.306025391475e-02 4.438809342037e+00 1.313830669078e-01
12 47 3 1.10792718 0.56685584 0.61227992 1.80336509 0.71254170 9.217292529179e-01 1.411099399108e-03 9.724240023538e-02 4.680205735206e+00 1.339602468461e-01
12 48 3 1.10792718 0.56685584 0.61227992 1.80336509 0.71254170 1.079758885265e+00 1.401957483318e-03 9.297671858833e-02 5.016301403956e+00 1.364333493821e-01
12 49 3 1.10792718 0.56685584 0.61227992 1.80336509 0.71254170 1.097334747905e+00 1.421828774923e-03 8.686095971832e-02 5.419097943283e+00 1.420713942795e-01
12 50 3 1.10792718 0.56685584 0.61227992 1.80336509 0.71254170 9.877761840789e-01 1.494323769702e-03 8.593533385635e-02 5.869069799920e+00 1.475733811680e-01
12 51 3 1.10792718 0.56685584 0.61227992 1.80336509 0.71254170 8.006715910031e-01 1.649071165244e-03 9.285578155822e-02 6.338013816523e+00 1.503689555123e-01
12 52 3 1.10792718 0.56685584 0.61227992 1.80336509 0.71254170 6.617723038146e-01 1.909779775916e-03 1.034057555962e-01 6.807719877687e+00 1.537648795343e-01
12 53 3 1.10792718 0.56685584 0.61227992 1.80336509 0.71254170 6.677225159924e-01 2.289506691430e-03 1.086983723508e-01 7.226413673571e+00 1.592689675030e-01
12 54 3 1.10792718 0.56685584 0.61227992 1.80336509 0.71254170 8.524451950437e-01 2.778542623020e-03 1.011602100490e-01 7.552129265385e+00 1.659773199650e-01
12 55 3 1.10792718 0.56685584 0.61227992 1.80336509 0.71254170 1.130677182293e+00 3.334321539410e-03 8.024175274347e-02 7.770511851319e+00 1.747229601074e-01
12 56 3 1.10792718 0.56685584 0.61227992 1.80336509 0.71254170 1.404732832522e+00 3.900877020589e-03 5.374772840582e-02 7.843368259297e+00 1.837701994755e-01
12 57 3 1.10792718 0.56685584 0.61227992 1.80336509 0.71254170 1.520370753792e+00 4.460636204493e-03 3.384647292858e-02 7.830878459653e+00 1.898643327896e-01
12 58 3 1.10792718 0.56685584 0.61227992 1.80336509 0.71254170 1.427173878640e+00 5.072385059839e-03 3.037601352961e-02 7.793616277305e+00 1.960467138558e-01
12 59 3 1.10792718 0.56685584 0.61227992 1.80336509 0.71254170 1.196617962342e+00 5.837531277234e-03 4.540242009486e-02 7.752600593501e+00 2.064917361740e-01
12 60 3 1.10792718 0.56685584 0.61227992 1.80336509 0.71254170 9.598800531860e-01 6.794629153762e-03 7.197878647133e-02 7.790119054311e+00 2.179742746036e-01
12 61 3 1.10792718 0.56685584 0.61227992 1.80336509 0.71254170 8.591668404503e-01 7.823386038397e-03 9.798163265188e-02 7.897360712101e+00 2.263608417986e-01
12 62 3 1.10792718 0.56685584 0.61227992 1.80336509 0.71254170 1.009002543234e+00 8.657346803437e-03 1.134372328842e-01 8.084938683456e+00 2.336855778668e-01
12 63 3 1.10792718 0.56685584 0.61227992 1.80336509 0.71254170 1.393094329597e+00 9.024435455527e-03 1.172794675385e-01 8.428374139969e+00 2.438757999572e-01
14 0 3 1.72125566 0.68224723 0.73643598 4.58911002 0.85858896 6.129105754939e+00 8.371093607549e-04 7.639670684925e-06 3.017424081946e+02 4.754440780479e-01
14 1 3 1.72125566 0.68224723 0.73643598 4.58911002 0.85858896 7.119552133122e+00 7.816649700223e-04 1.001964601584e-05 2.941180725727e+02 4.584159063759e-01
14 2 3 1.72125566 0.68224723 0.73643598 4.58911002 0.85858896 7.828082215593e+00 7.169767492177e-04 6.920435054365e-06 2.831085030720e+02 4.369196655529e-01
14 3 3 1.72125566 0.68224723 0.73643598 4.58911002 0.85858896 6.508410261996e+00 6.018355321405e-04 5.498372631385e-06 2.707212414403e+02 4.239969603900e-01
14 4 3 1.72125566 0.68224723 0.73643598 4.58911002 0.85858896 5.420907953061e+00 5.139126310448e-04 2.267096073253e-06 2.624190810290e+02 4.118634700721e-01
14 5 3 1.72125566 0.68224723 0.73643598 4.58911002 0.85858896 5.872199117757e+00 4.624295082738e-04 3.136384365139e-06 2.566156176608e+02 3.999258159096e-01
14 6 3 1.72125566 0.68224723 0.73643598 4.58911002 0.85858896 6.592071419301e+00 4.027295627229e-04 1.250203667838e-05 2.479221682466e+02 3.856640271538e-01
14 7 3 1.72125566 0.68224723 0.73643598 4.58911002 0.85858896 6.021057590434e+00 3.683001097900e-04 1.564818677075e-05 2.366013641481e+02 3.664698687649e-01
14 8 3 1.72125566 0.68224723 0.73643598 4.58911002 0.85858896 4.726155724067e+00 3.085681545381e-04 4.498211209128e-06 2.276194523120e+02 3.554797277410e-01
14 9 3 1.72125566 0.68224723 0.73643598 4.58911002 0.85858896 4.784658209559e+00 3.002778401840e-04 2.749578143600e-06 2.223296052105e+02 3.458262098516e-01
14 10 3 1.72125566 0.68224723 0.73643598 4.58911002 0.85858896 5.776848465789e+00 3.090875620677e-04 1.089438168269e-05 2.164777846330e+02 3.292502869170e-01
14 11 3 1.72125566 0.68224723 0.73643598 4.58911002 0.85858896 5.346610775844e+00 3.498884891165e-04 5.703968737465e-06 2.080293677233e+02 3.177049837962e-01
14 12 3 1.72125566 0.68224723 0.73643598 4.58911002 0.85858896 4.156786427745e+00 3.842678104605e-04 7.445459874417e-07 2.004830664879e+02 3.106474926550e-01
14 13 3 1.72125566 0.68224723 0.73643598 4.58911002 0.85858896 4.154030069128e+00 3.867444218018e-04 3.878793718593e-06 1.955935293859e+02 2.980310640161e-01
14 14 3 1.72125566 0.68224723 0.73643598 4.58911002 0.85858896 4.824903432465e+00 3.987236013163e-04 5.267125035553e-06 1.903862210426e+02 2.818140046528e-01
14 15 3 1.72125566 0.68224723 0.73643598 4.58911002 0.85858896 4.731424103511e+00 3.880459817119e-04 1.001999493196e-05 1.833466285011e+02 2.726569638220e-01
14 16 3 1.72125566 0.68224723 0.73643598 4.58911002 0.85858896 3.917216565844e+00 4.076977120096e-04 8.548899157241e-06 1.772099312930e+02 2.690609928024e-01
14 17 3 1.72125566 0.68224723 0.73643598 4.58911002 0.85858896 3.528094165289e+00 3.991782727945e-04 7.816969440384e-07 1.738168584774e+02 2.598502217527e-01
14 18 3 1.72125566 0.68224723 0.73643598 4.58911002 0.85858896 4.057317668654e+00 3.746394606250e-04 4.729659240148e-06 1.706181605030e+02 2.481934560755e-01
14 19 3 1.72125566 0.68224723 0.73643598 4.58911002 0.85858896 4.385053955748e+00 3.349469927876e-04 7.951536966032e-06 1.652851403922e+02 2.390282212330e-01
14 20 3 1.72125566 0.68224723 0.73643598 4.58911002 0.85858896 3.632368454289e+00 2.810319702564e-04 1.690541300956e-06 1.599799780682e+02 2.326062155233e-01
14 21 3 1.72125566 0.68224723 0.73643598 4.58911002 0.85858896 3.103612057218e+00 2.626794399292e-04 1.501553726272e-06 1.573050589381e+02 2.302403944358e-01
14 22 3 1.72125566 0.68224723 0.73643598 4.58911002 0.85858896 3.611060947893e+00 2.408626711355e-04 6.997697353014e-06 1.557643158896e+02 2.238008336467e-01
14 23 3 1.72125566 0.68224723 0.73643598 4.58911002 0.85858896 3.958118330281e+00 2.401625466133e-04 7.339840338141e-06 1.525512103435e+02 2.151992172058e-01
14 24 3 1.72125566 0.68224723 0.73643598 4.58911002 0.85858896 3.465780869596e+00 2.234470246356e-04 4.011768864609e-06 1.483245017913e+02 2.132827760218e-01
14 25 3 1.72125566 0.68224723 0.73643598 4.58911002 0.85858896 2.971638798489e+00 2.141195181378e-04 3.044006137141e-06 1.460945732474e+02 2.104874684878e-01
14 26 3 1.72125566 0.68224723 0.73643598 4.58911002 0.85858896 3.172172314452e+00 2.220733953031e-04 2.019791443919e-06 1.460151826824e+02 2.055656038609e-01
14 27 3 1.72125566 0.68224723 0.73643598 4.58911002 0.85858896 3.687701397239e+00 2.388635514211e-04 1.875539902194e-06 1.452800650812e+02 2.029957016089e-01
14 28 3 1.72125566 0.68224723 0.73643598 4.58911002 0.85858896 3.514276831162e+00 2.762689912486e-04 5.254119814113e-06 1.431501220136e+02 2.025099690212e-01
14 29 3 1.72125566 0.68224723 0.73643598 4.58911002 0.85858896 2.876913065430e+00 2.843203230534e-04 2.455009934315e-06 1.416244888446e+02 2.054101094501e-01
14 30 3 1.72125566 0.68224723 0.73643598 4.58911002 0.85858896 2.965625159544e+00 2.944487863575e-04 1.298892320485e-06 1.416990380599e+02 2.021305771338e-01
14 31 3 1.72125566 0.68224723 0.73643598 4.58911002 0.85858896 3.581044243971e+00 2.847533211313e-04 1.207329688816e-05 1.421959945801e+02 1.960779279228e-01
14 32 3 1.72125566 0.68224723 0.73643598 4.58911002 0.85858896 3.575813624668e+00 2.848625572310e-04 1.192430039372e-05 1.420820531961e+02 2.033976594280e-01
14 33 3 1.72125566 0.68224723 0.73643598 4.58911002 0.85858896 3.001419263909e+00 2.932842649053e-04 1.199399524719e-06 1.424261376279e+02 2.098276111404e-01
14 34 3 1.72125566 0.68224723 0.73643598 4.58911002 0.85858896 2.926574589397e+00 2.825535648471e-04 2.541595710047e-06 1.443629051935e+02 2.063726617019e-01
14 35 3 1.72125566 0.68224723 0.73643598 4.58911002 0.85858896 3.514582947616e+00 2.737021639034e-04 5.221884111816e-06 1.463799742541e+02 2.077365869290e-01
14 36 3 1.72125566 0.68224723 0.73643598 4.58911002 0.85858896 3.818001273294e+00 2.364051525615e-04 1.862430984198e-06 1.469705260449e+02 2.131747323394e-01
14 37 3 1.72125566 0.68224723 0.73643598 4.58911002 0.85858896 3.308023478356e+00 2.223350224097e-04 2.213885409670e-06 1.477527790064e+02 2.186518536160e-01
14 38 3 1.72125566 0.68224723 0.73643598 4.58911002 0.85858896 2.972136567956e+00 2.170390696220e-04 3.249632348396e-06 1.508203329393e+02 2.233118518057e-01
14 39 3 1.72125566 0.68224723 0.73643598 4.58911002 0.85858896 3.630341209120e+00 2.310921663498e-04 4.093456544452e-06 1.552405015339e+02 2.260749365442e-01
14 40 3 1.72125566 0.68224723 0.73643598 4.58911002 0.85858896 4.205611913926e+00 2.507966982322e-04 7.572237315116e-06 1.583550394042e+02 2.343782954992e-01
14 41 3 1.72125566 0.68224723 0.73643598 4.58911002 0.85858896 3.684202920138e+00 2.553437890835e-04 7.404223072457e-06 1.600835370749e+02 2.424741618309e-01
14 42 3 1.72125566 0.68224723 0.73643598 4.58911002 0.85858896 3.254090844214e+00 2.818210013813e-04 1.540665420487e-06 1.634010600037e+02 2.447419576392e-01
14 43 3 1.72125566 0.68224723 0.73643598 4.58911002 0.85858896 3.870424564744e+00 3.045616347585e-04 1.848739124319e-06 1.691553794726e+02 2.518457340461e-01
14 44 3 1.72125566 0.68224723 0.73643598 4.58911002 0.85858896 4.564023291311e+00 3.644333589857e-04 8.777835894420e-06 1.743932404208e+02 2.628000536141e-01
14 45 3 1.72125566 0.68224723 0.73643598 4.58911002 0.85858896 4.338468210329e+00 4.054881775320e-04 5.104557604413e-06 1.776874460391e+02 2.728686973534e-01
14 46 3 1.72125566 0.68224723 0.73643598 4.58911002 0.85858896 3.725129642839e+00 4.305401017911e-04 8.506080244409e-07 1.816885611027e+02 2.811258482664e-01
14 47 3 1.72125566 0.68224723 0.73643598 4.58911002 0.85858896 4.084659411100e+00 4.361928165521e-04 9.368885601630e-06 1.884408192426e+02 2.849880319179e-01
14 48 3 1.72125566 0.68224723 0.73643598 4.58911002 0.85858896 5.158707461475e+00 4.134896766909e-04 1.067845026976e-05 1.956845822946e+02 2.937631102021e-01
14 49 3 1.72125566 0.68224723 0.73643598 4.58911002 0.85858896 5.179642496663e+00 4.225112022552e-04 5.381729829507e-06 2.009460865807e+02 3.100650171624e-01
14 50 3 1.72125566 0.68224723 0.73643598 4.58911002 0.85858896 4.261441904916e+00 4.066180125819e-04 4.012431620499e-06 2.062455525905e+02 3.216356182242e-01
14 51 3 1.72125566 0.68224723 0.73643598 4.58911002 0.85858896 4.539576473046e+00 4.015471575260e-04 8.156561941022e-07 2.140652305393e+02 3.269861235261e-01
14 52 3 1.72125566 0.68224723 0.73643598 4.58911002 0.85858896 5.837663821359e+00 3.618779256773e-04 6.130528832166e-06 2.223774427416e+02 3.365124539443e-01
14 53 3 1.72125566 0.68224723 0.73643598 4.58911002 0.85858896 6.012484133370e+00 3.203145140666e-04 1.164865512270e-05 2.285660194531e+02 3.524737263914e-01
14 54 3 1.72125566 0.68224723 0.73643598 4.58911002 0.85858896 5.123274582699e+00 3.135221676868e-04 3.130782827672e-06 2.347094082252e+02 3.630157528588e-01
14 55 3 1.72125566 0.68224723 0.73643598 4.58911002 0.85858896 5.152561078438e+00 3.283103759137e-04 4.713926015648e-06 2.444215902757e+02 3.715780314908e-01
14 56 3 1.72125566 0.68224723 0.73643598 4.58911002 0.85858896 6.380397414259e+00 3.965811574265e-04 1.626450464528e-05 2.558569233555e+02 3.895928770303e-01
14 57 3 1.72125566 0.68224723 0.73643598 4.58911002 0.85858896 7.112391090603e+00 4.370533181932e-04 1.336093694859e-05 2.639205150304e+02 4.038313456401e-01
14 58 3 1.72125566 0.68224723 0.73643598 4.58911002 0.85858896 6.287661678555e+00 5.064612743782e-04 3.403998580217e-06 2.697786081928e+02 4.125272826326e-01
14 59 3 1.72125566 0.68224723 0.73643598 4.58911002 0.85858896 5.729570290948e+00 5.650996370303e-04 2.285689481363e-06 2.791984478108e+02 4.259144013403e-01
14 60 3 1.72125566 0.68224723 0.73643598 4.58911002 0.85858896 7.158635707830e+00 6.653220678848e-04 6.156005143929e-06 2.920194361087e+02 4.405596329286e-01
14 61 3 1.72125566 0.68224723 0.73643598 4.58911002 0.85858896 8.328067614331e+00 7.879366040471e-04 7.721991964877e-06 3.029607498995e+02 4.609837470152e-01
14 62 3 1.72125566 0.68224723 0.73643598 4.58911002 0.85858896 7.481129496174e+00 8.542828384774e-04 1.085460297652e-05 3.110316531264e+02 4.794442656692e-01
14 63 3 1.72125566 0.68224723 0.73643598 4.58911002 0.85858896 6.725206475681e+00 9.067503794504e-04 8.254948427922e-06 3.209864874399e+02 4.900593675375e-01
16 0 3 0.96229860 0.52171895 0.55762191 1.80938584 0.63583316 4.688219401060e-01 1.594861806390e-03 2.226614390834e-02 8.743021961445e+00 1.395064443475e-01
16 1 3 0.96229860 0.52171895 0.55762191 1.80938584 0.63583316 4.118668297377e-01 1.736696628146e-03 2.666473154740e-02 8.380255911281e+00 1.358591497803e-01
16 2 3 0.96229860 0.52171895 0.55762191 1.80938584 0.63583316 3.725812599992e-01 1.832921047640e-03 3.370707819894e-02 8.054847320633e+00 1.304143399435e-01
16 3 3 0.96229860 0.52171895 0.55762191 1.80938584 0.63583316 3.417680129381e-01 1.887457544255e-03 4.298276633317e-02 7.739882069611e+00 1.247391615013e-01
16 4 3 0.96229860 0.52171895 0.55762191 1.80938584 0.63583316 3.138749622093e-01 1.906152000564e-03 5.390296420244e-02 7.454287581169e+00 1.207966702236e-01
16 5 3 0.96229860 0.52171895 0.55762191 1.80938584 0.63583316 2.957342993639e-01 1.885318681820e-03 6.574233818949e-02 7.184495217914e+00 1.186087157977e-01
16 6 3 0.96229860 0.52171895 0.55762191 1.80938584 0.63583316 2.859751161230e-01 1.812385043346e-03 7.757749404968e-02 6.904298723085e+00 1.152636605754e-01
16 7 3 0.96229860 0.52171895 0.55762191 1.80938584 0.63583316 2.785285890371e-01 1.679743831100e-03 8.831925027941e-02 6.630472515097e+00 1.095317783480e-01
16 8 3 0.96229860 0.52171895 0.55762191 1.80938584 0.63583316 2.760308623933e-01 1.497961814543e-03 9.695766658823e-02 6.366433680305e+00 1.047702294582e-01
16 9 3 0.96229860 0.52171895 0.55762191 1.80938584 0.63583316 2.843198405974e-01 1.294063917287e-03 1.028566887886e-01 6.105168391933e+00 1.026287879388e-01
16 10 3 0.96229860 0.52171895 0.55762191 1.80938584 0.63583316 2.914046390586e-01 1.095747302008e-03 1.058515898267e-01 5.866247844815e+00 1.004412041424e-01
16 11 3 0.96229860 0.52171895 0.55762191 1.80938584 0.63583316 3.060539193770e-01 9.165879728292e-04 1.061359102623e-01 5.655615746871e+00 9.728474500389e-02
16 12 3 0.96229860 0.52171895 0.55762191 1.80938584 0.63583316 3.234944083806e-01 7.553697446434e-04 1.041385213938e-01 5.464384768347e+00 9.434442592582e-02
16 13 3 0.96229860 0.52171895 0.55762191 1.80938584 0.63583316 3.430140330390e-01 6.075927049760e-04 1.004989225428e-01 5.295235874362e+00 9.121524670653e-02
16 14 3 0.96229860 0.52171895 0.55762191 1.80938584 0.63583316 3.592124386290e-01 4.759365314187e-04 9.602953318615e-02 5.141550241513e+00 8.833756387720e-02
16 15 3 0.96229860 0.52171895 0.55762191 1.80938584 0.63583316 3.800287534032e-01 3.702116888386e-04 9.156177476179e-02 4.991844290607e+00 8.690205905428e-02
16 16 3 0.96229860 0.52171895 0.55762191 1.80938584 0.63583316 3.924305245936e-01 2.998952125380e-04 8.778793523568e-02 4.844908182457e+00 8.465664790669e-02
16 17 3 0.96229860 0.52171895 0.55762191 1.80938584 0.63583316 4.093486564586e-01 2.688025946582e-04 8.526774184890e-02 4.698028987989e+00 7.996209575702e-02
16 18 3 0.96229860 0.52171895 0.55762191 1.80938584 0.63583316 4.201822112470e-01 2.759316799387e-04 8.453008185088e-02 4.555936879056e+00 7.588008065807e-02
16 19 3 0.96229860 0.52171895 0.55762191 1.80938584 0.63583316 4.324200378346e-01 3.178093249891e-04 8.601017452794e-02 4.427337694475e+00 7.368496704575e-02
16 20 3 0.96229860 0.52171895 0.55762191 1.80938584 0.63583316 4.461988076064e-01 3.871649075658e-04 8.976013116735e-02 4.310506931965e+00 7.106563246515e-02
16 21 3 0.96229860 0.52171895 0.55762191 1.80938584 0.63583316 4.595101482105e-01 4.702767407135e-04 9.524671283069e-02 4.213429551136e+00 6.870863524629e-02
16 22 3 0.96229860 0.52171895 0.55762191 1.80938584 0.63583316 4.688695926060e-01 5.499603595446e-04 1.015665621478e-01 4.141671832110e+00 6.815646023314e-02
16 23 3 0.96229860 0.52171895 0.55762191 1.80938584 0.63583316 4.877121074928e-01 6.154389277984e-04 1.079487051132e-01 4.077850798591e+00 6.678756622746e-02
16 24 3 0.96229860 0.52171895 0.55762191 1.80938584 0.63583316 4.978645127321e-01 6.702974261423e-04 1.140229787727e-01 4.020715572059e+00 6.355244334262e-02
16 25 3 0.96229860 0.52171895 0.55762191 1.80938584 0.63583316 5.040177348014e-01 7.282982672513e-04 1.195544321518e-01 3.978275511155e+00 6.159504451072e-02
16 26 3 0.96229860 0.52171895 0.55762191 1.80938584 0.63583316 5.198532798602e-01 7.980918706218e-04 1.239753486422e-01 3.931010169690e+00 6.136697216815e-02
16 27 3 0.96229860 0.52171895 0.55762191 1.80938584 0.63583316 5.232543144296e-01 8.707478152375e-04 1.263269088647e-01 3.879044458168e+00 6.086970719023e-02
16 28 3 0.96229860 0.52171895 0.55762191 1.80938584 0.63583316 5.247781802568e-01 9.237292034371e-04 1.257694292396e-01 3.846580172841e+00 6.057468474133e-02
16 29 3 0.96229860 0.52171895 0.55762191 1.80938584 0.63583316 5.330170262286e-01 9.396602905483e-04 1.221425744929e-01 3.823118671675e+00 6.025482251245e-02
16 30 3 0.96229860 0.52171895 0.55762191 1.80938584 0.63583316 5.377165364835e-01 9.227039000100e-04 1.159646182674e-01 3.803571969592e+00 5.828270146257e-02
16 31 3 0.96229860 0.52171895 0.55762191 1.80938584 0.63583316 5.317899174476e-01 8.960662262186e-04 1.078785592122e-01 3.814047114873e+00 5.722421396093e-02
16 32 3 0.96229860 0.52171895 0.55762191 1.80938584 0.63583316 5.435493388589e-01 8.817009734960e-04 9.816219470152e-02 3.844509601426e+00 6.002394700532e-02
16 33 3 0.96229860 0.52171895 0.55762191 1.80938584 0.63583316 5.407420558835e-01 8.807848918049e-04 8.681489151070e-02 3.873356372007e+00 6.328793633291e-02
16 34 3 0.96229860 0.52171895 0.55762191 1.80938584 0.63583316 5.402887840039e-01 8.733358264793e-04 7.405998443510e-02 3.918541926383e+00 6.377192981533e-02
16 35 3 0.96229860 0.52171895 0.55762191 1.80938584 0.63583316 5.374976089057e-01 8.371997058147e-04 6.065286162208e-02 3.976744719948e+00 6.385192095568e-02
16 36 3 0.96229860 0.52171895 0.55762191 1.80938584 0.63583316 5.390738544014e-01 7.683153789932e-04 4.764890620343e-02 4.024110192156e+00 6.500826636050e-02
16 37 3 0.96229860 0.52171895 0.55762191 1.80938584 0.63583316 5.245284055944e-01 6.836216058761e-04 3.590091130934e-02 4.078359377146e+00 6.617248381066e-02
16 38 3 0.96229860 0.52171895 0.55762191 1.80938584 0.63583316 5.226139101093e-01 6.052551480395e-04 2.579894566668e-02 4.151981418962e+00 6.837273761557e-02
16 39 3 0.96229860 0.52171895 0.55762191 1.80938584 0.63583316 5.104982282575e-01 5.422291534155e-04 1.741969052968e-02 4.229046252265e+00 7.158278657865e-02
16 40 3 0.96229860 0.52171895 0.55762191 1.80938584 0.63583316 5.035067196094e-01 4.865361972623e-04 1.079569082792e-02 4.321629802631e+00 7.287137884328e-02
16 41 3 0.96229860 0.52171895 0.55762191 1.80938584 0.63583316 4.884961304973e-01 4.251815734238e-04 5.975641335774e-03 4.443818414241e+00 7.303473042119e-02
16 42 3 0.96229860 0.52171895 0.55762191 1.80938584 0.63583316 4.835886555388e-01 3.546559988049e-04 2.881683749276e-03 4.579339958466e+00 7.538185578372e-02
16 43 3 0.96229860 0.52171895 0.55762191 1.80938584 0.63583316 4.680817425227e-01 2.844699153432e-04 1.211882307628e-03 4.725645941761e+00 7.857426250487e-02
16 44 3 0.96229860 0.52171895 0.55762191 1.80938584 0.63583316 4.561241198147e-01 2.293867481106e-04 5.269386793070e-04 4.887970674847e+00 8.068261894214e-02
16 45 3 0.96229860 0.52171895 0.55762191 1.80938584 0.63583316 4.386010104821e-01 2.006897137301e-04 4.190336188314e-04 5.053382408402e+00 8.369701899862e-02
16 46 3 0.96229860 0.52171895 0.55762191 1.80938584 0.63583316 4.233054022272e-01 2.044704406896e-04 6.128214813206e-04 5.219413453189e+00 8.721878781605e-02
16 47 3 0.96229860 0.52171895 0.55762191 1.80938584 0.63583316 3.987983853240e-01 2.445515496390e-04 9.922138607976e-04 5.392789507049e+00 8.823875620119e-02
16 48 3 0.96229860 0.52171895 0.55762191 1.80938584 0.63583316 3.790205771448e-01 3.227420795505e-04 1.632708711441e-03 5.574581508639e+00 8.844383799686e-02
16 49 3 0.96229860 0.52171895 0.55762191 1.80938584 0.63583316 3.571728299012e-01 4.350604370865e-04 2.847380394639e-03 5.773464927279e+00 9.094555837349e-02
16 50 3 0.96229860 0.52171895 0.55762191 1.80938584 0.63583316 3.376734321157e-01 5.705167652122e-04 5.181300345486e-03 5.994290855412e+00 9.428148961692e-02
16 51 3 0.96229860 0.52171895 0.55762191 1.80938584 0.63583316 3.207372019658e-01 7.175138431878e-04 9.337131949280e-03 6.236604746952e+00 9.699976498973e-02
16 52 3 0.96229860 0.52171895 0.55762191 1.80938584 0.63583316 3.096983377994e-01 8.727410934356e-04 1.608183967243e-02 6.505250565074e+00 1.000252089990e-01
16 53 3 0.96229860 0.52171895 0.55762191 1.80938584 0.63583316 3.028448457956e-01 1.041582563351e-03 2.614610750330e-02 6.788169249637e+00 1.029511374615e-01
16 54 3 0.96229860 0.52171895 0.55762191 1.80938584 0.63583316 2.990592257754e-01 1.226700321364e-03 4.007252428929e-02 7.072304619585e+00 1.060446830789e-01
16 55 3 0.96229860 0.52171895 0.55762191 1.80938584 0.63583316 3.010621493657e-01 1.415404585848e-03 5.804403433141e-02 7.363970153282e+00 1.113954392257e-01
16 56 3 0.96229860 0.52171895 0.55762191 1.80938584 0.63583316 3.075077120909e-01 1.580224407550e-03 7.983412945023e-02 7.651554881678e+00 1.174789879146e-01
16 57 3 0.96229860 0.52171895 0.55762191 1.80938584 0.63583316 3.177847168809e-01 1.694535191886e-03 1.049243902031e-01 7.930258273406e+00 1.209395542631e-01
16 58 3 0.96229860 0.52171895 0.55762191 1.80938584 0.63583316 3.308814138750e-01 1.748967813984e-03 1.325837801997e-01 8.228891160293e+00 1.234752793619e-01
16 59 3 0.96229860 0.52171895 0.55762191 1.80938584 0.63583316 3.568407075548e-01 1.752760985701e-03 1.616914465467e-01 8.545457112163e+00 1.285649458269e-01
16 60 3 0.96229860 0.52171895 0.55762191 1.80938584 0.63583316 3.832299746841e-01 1.719683684827e-03 1.904727781963e-01 8.872430167770e+00 1.354593085559e-01
16 61 3 0.96229860 0.52171895 0.55762191 1.80938584 0.63583316 4.175940804870e-01 1.653859081330e-03 2.166353509167e-01 9.240064239863e+00 1.415587880102e-01
16 62 3 0.96229860 0.52171895 0.55762191 1.80938584 0.63583316 4.646157809479e-01 1.549621763719e-03 2.380710119133e-01 9.630105671188e+00 1.461121218252e-01
16 63 3 0.96229860 0.52171895 0.55762191 1.80938584 0.63583316 5.144554247618e-01 1.403518498490e-03 2.535713747028e-01 1.000518615754e+01 1.508625347551e-01
26 0 3 1.43761836 0.66240280 0.73056097 1.58535457 0.88704110 3.279413621017e+00 8.581738823611e-03 1.456467094187e-01 5.269916739557e+00 5.386669567269e-01
26 1 3 1.43761836 0.66240280 0.73056097 1.58535457 0.88704110 3.706685015349e+00 1.049697075922e-02 1.317954240812e-01 5.057772790307e+00 5.197810585503e-01
26 2 3 1.43761836 0.66240280 0.73056097 1.58535457 0.88704110 3.591651192579e+00 1.100874434080e-02 1.082982997498e-01 4.807851997200e+00 4.980291146655e-01
26 3 3 1.43761836 0.66240280 0.73056097 1.58535457 0.88704110 2.942468388844e+00 1.229423687036e-02 1.098162731862e-01 4.638205943248e+00 4.722834365360e-01
26 4 3 1.43761836 0.66240280 0.73056097 1.58535457 0.88704110 2.886635724849e+00 1.403917000123e-02 1.309067136704e-01 4.500772048815e+00 4.460630049651e-01
26 5 3 1.43761836 0.66240280 0.73056097 1.58535457 0.88704110 3.272391795489e+00 1.406719643407e-02 1.365325211639e-01 4.411902335174e+00 4.323431211697e-01
26 6 3 1.43761836 0.66240280 0.73056097 1.58535457 0.88704110 3.061258856748e+00 1.356194210819e-02 1.508183856493e-01 4.268068967108e+00 4.200058027890e-01
26 7 3 1.43761836 0.66240280 0.73056097 1.58535457 0.88704110 2.452760219914e+00 1.391506794842e-02 1.870794542314e-01 4.110818150248e+00 4.011196551618e-01
26 8 3 1.43761836 0.66240280 0.73056097 1.58535457 0.88704110 2.567081682430e+00 1.362982496141e-02 2.043259584996e-01 3.931611100554e+00 3.837916140674e-01
26 9 3 1.43761836 0.66240280 0.73056097 1.58535457 0.88704110 2.936543072628e+00 1.221880916144e-02 2.066471372276e-01 3.778078581983e+00 3.712635415604e-01
26 10 3 1.43761836 0.66240280 0.73056097 1.58535457 0.88704110 2.543499811653e+00 1.111452836926e-02 2.254946592392e-01 3.629254163360e+00 3.648218280845e-01
26 11 3 1.43761836 0.66240280 0.73056097 1.58535457 0.88704110 2.054636909783e+00 1.044858609866e-02 2.342593330547e-01 3.493044448635e+00 3.548033733482e-01
26 12 3 1.43761836 0.66240280 0.73056097 1.58535457 0.88704110 2.373282980113e+00 9.136597035472e-03 2.146766764634e-01 3.373947536703e+00 3.398788725079e-01
26 13 3 1.43761836 0.66240280 0.73056097 1.58535457 0.88704110 2.598537201717e+00 7.264094328665e-03 2.004943410115e-01 3.284687642254e+00 3.317329726430e-01
26 14 3 1.43761836 0.66240280 0.73056097 1.58535457 0.88704110 2.072684327601e+00 5.878496798056e-03 1.944684928150e-01 3.207790999900e+00 3.244507682772e-01
26 15 3 1.43761836 0.66240280 0.73056097 1.58535457 0.88704110 1.798158082289e+00 4.910276333823e-03 1.694467450228e-01 3.115965674061e+00 3.171359563360e-01
26 16 3 1.43761836 0.66240280 0.73056097 1.58535457 0.88704110 2.245922710636e+00 3.594055705563e-03 1.392732112133e-01 3.008395343124e+00 3.127288219608e-01
26 17 3 1.43761836 0.66240280 0.73056097 1.58535457 0.88704110 2.248166149894e+00 2.335777662119e-03 1.242714768941e-01 2.915810499433e+00 3.009982879074e-01
26 18 3 1.43761836 0.66240280 0.73056097 1.58535457 0.88704110 1.693289863945e+00 1.673133808435e-03 1.060632069856e-01 2.836976072453e+00 2.891698526767e-01
26 19 3 1.43761836 0.66240280 0.73056097 1.58535457 0.88704110 1.688929920230e+00 1.090894179638e-03 8.011262951675e-02 2.764976783550e+00 2.834058259551e-01
26 20 3 1.43761836 0.66240280 0.73056097 1.58535457 0.88704110 2.131776338524e+00 4.409558137651e-04 6.897444834788e-02 2.673010162587e+00 2.743973962482e-01
26 21 3 1.43761836 0.66240280 0.73056097 1.58535457 0.88704110 1.906579108034e+00 1.214357922479e-04 6.694955312684e-02 2.592249668614e+00 2.675136230450e-01
26 22 3 1.43761836 0.66240280 0.73056097 1.58535457 0.88704110 1.452039878803e+00 9.121720889852e-05 5.949307886070e-02 2.523173321332e+00 2.641267152129e-01
26 23 3 1.43761836 0.66240280 0.73056097 1.58535457 0.88704110 1.683166811830e+00 2.826354072658e-04 6.258002615106e-02 2.495282061178e+00 2.549020668198e-01
26 24 3 1.43761836 0.66240280 0.73056097 1.58535457 0.88704110 2.010167774722e+00 6.390368468077e-04 7.817308137766e-02 2.475890420165e+00 2.436428064669e-01
26 25 3 1.43761836 0.66240280 0.73056097 1.58535457 0.88704110 1.609072490027e+00 9.875270849055e-04 8.615828064744e-02 2.462515877239e+00 2.374290701688e-01
26 26 3 1.43761836 0.66240280 0.73056097 1.58535457 0.88704110 1.365775014043e+00 1.633903907354e-03 9.508171856402e-02 2.432765695133e+00 2.355594632091e-01
26 27 3 1.43761836 0.66240280 0.73056097 1.58535457 0.88704110 1.741910874176e+00 2.668373950938e-03 1.166634930582e-01 2.404104013284e+00 2.328379399589e-01
26 28 3 1.43761836 0.66240280 0.73056097 1.58535457 0.88704110 1.856179732535e+00 3.476869069189e-03 1.306351878179e-01 2.369696563174e+00 2.310356548102e-01
26 29 3 1.43761836 0.66240280 0.73056097 1.58535457 0.88704110 1.432688111579e+00 4.046327321472e-03 1.322474060696e-01 2.323759935250e+00 2.328272359015e-01
26 30 3 1.43761836 0.66240280 0.73056097 1.58535457 0.88704110 1.409365073533e+00 4.956424485645e-03 1.414540543720e-01 2.290386263997e+00 2.266935413838e-01
26 31 3 1.43761836 0.66240280 0.73056097 1.58535457 0.88704110 1.800323858681e+00 6.040360597990e-03 1.521193427628e-01 2.285415897665e+00 2.196500040997e-01
26 32 3 1.43761836 0.66240280 0.73056097 1.58535457 0.88704110 1.752178396197e+00 6.757443240240e-03 1.479786615888e-01 2.331254820779e+00 2.303806381549e-01
26 33 3 1.43761836 0.66240280 0.73056097 1.58535457 0.88704110 1.366962556974e+00 7.348279702025e-03 1.424453891564e-01 2.374607820601e+00 2.411855538830e-01
26 34 3 1.43761836 0.66240280 0.73056097 1.58535457 0.88704110 1.542570009171e+00 8.278948090496e-03 1.430639461471e-01 2.418996945648e+00 2.388371048433e-01
26 35 3 1.43761836 0.66240280 0.73056097 1.58535457 0.88704110 1.891740707166e+00 8.966000928232e-03 1.306507409319e-01 2.428174719840e+00 2.399152738834e-01
26 36 3 1.43761836 0.66240280 0.73056097 1.58535457 0.88704110 1.686291329465e+00 8.754392366958e-03 1.081050715315e-01 2.448343697944e+00 2.456128436402e-01
26 37 3 1.43761836 0.66240280 0.73056097 1.58535457 0.88704110 1.429052642658e+00 8.548553329237e-03 9.728198854599e-02 2.458332404379e+00 2.496895324767e-01
26 38 3 1.43761836 0.66240280 0.73056097 1.58535457 0.88704110 1.748775333975e+00 8.941546278079e-03 8.855555084431e-02 2.494326859293e+00 2.568116111390e-01
26 39 3 1.43761836 0.66240280 0.73056097 1.58535457 0.88704110 1.996490707978e+00 8.727688978685e-03 7.044992284072e-02 2.524057156024e+00 2.669716038865e-01
26 40 3 1.43761836 0.66240280 0.73056097 1.58535457 0.88704110 1.699166879672e+00 7.762607731208e-03 6.317285453694e-02 2.583043578780e+00 2.740088681793e-01
26 41 3 1.43761836 0.66240280 0.73056097 1.58535457 0.88704110 1.602576217736e+00 7.297502415542e-03 6.850045295645e-02 2.661931433034e+00 2.749473366151e-01
26 42 3 1.43761836 0.66240280 0.73056097 1.58535457 0.88704110 2.008576727508e+00 6.810660134346e-03 6.842695867209e-02 2.764667533267e+00 2.786227708143e-01
26 43 3 1.43761836 0.66240280 0.73056097 1.58535457 0.88704110 2.121936702732e+00 5.376872690745e-03 7.569918395552e-02 2.850311756390e+00 2.877643952558e-01
26 44 3 1.43761836 0.66240280 0.73056097 1.58535457 0.88704110 1.816053275808e+00 4.055275173296e-03 9.986162356526e-02 2.920444057831e+00 2.933572158426e-01
26 45 3 1.43761836 0.66240280 0.73056097 1.58535457 0.88704110 1.872527906622e+00 3.416168568330e-03 1.186455425278e-01 2.996344605873e+00 3.015811951085e-01
26 46 3 1.43761836 0.66240280 0.73056097 1.58535457 0.88704110 2.292171335448e+00 2.592977966482e-03 1.340867223102e-01 3.089540432508e+00 3.124783867944e-01
26 47 3 1.43761836 0.66240280 0.73056097 1.58535457 0.88704110 2.322884989040e+00 1.565520685326e-03 1.667934983489e-01 3.188213392211e+00 3.156471697612e-01
26 48 3 1.43761836 0.66240280 0.73056097 1.58535457 0.88704110 2.019236996868e+00 9.501148068771e-04 1.980096526479e-01 3.276902108013e+00 3.217592787586e-01
26 49 3 1.43761836 0.66240280 0.73056097 1.58535457 0.88704110 2.204250412785e+00 7.613622018608e-04 2.101390005844e-01 3.366463688436e+00 3.333201522068e-01
26 50 3 1.43761836 0.66240280 0.73056097 1.58535457 0.88704110 2.653394367681e+00 8.788989294931e-04 2.288567523160e-01 3.480907179096e+00 3.441539986304e-01
26 51 3 1.43761836 0.66240280 0.73056097 1.58535457 0.88704110 2.573806561915e+00 1.281924753271e-03 2.542914760178e-01 3.624253731925e+00 3.607699091553e-01
26 52 3 1.43761836 0.66240280 0.73056097 1.58535457 0.88704110 2.296110070649e+00 1.959517710362e-03 2.507955765582e-01 3.789479004718e+00 3.751023393525e-01
26 53 3 1.43761836 0.66240280 0.73056097 1.58535457 0.88704110 2.621740582689e+00 3.229756326181e-03 2.331926476851e-01 3.936794053701e+00 3.845173184647e-01
26 54 3 1.43761836 0.66240280 0.73056097 1.58535457 0.88704110 3.074757220456e+00 5.294681120801e-03 2.327174029678e-01 4.087039984190e+00 4.020992350041e-01
26 55 3 1.43761836 0.66240280 0.73056097 1.58535457 0.88704110 2.892726723140e+00 7.465921945785e-03 2.190288245590e-01 4.230321509677e+00 4.244501682527e-01
26 56 3 1.43761836 0.66240280 0.73056097 1.58535457 0.88704110 2.623677036926e+00 9.368107913957e-03 1.813580136178e-01 4.385501361925e+00 4.454035543916e-01
26 57 3 1.43761836 0.66240280 0.73056097 1.58535457 0.88704110 3.130312314517e+00 1.213602187600e-02 1.633980149354e-01 4.506684427242e+00 4.615186406909e-01
26 58 3 1.43761836 0.66240280 0.73056097 1.58535457 0.88704110 3.605944339368e+00 1.566171433307e-02 1.565958184402e-01 4.633334387564e+00 4.772408016201e-01
26 59 3 1.43761836 0.66240280 0.73056097 1.58535457 0.88704110 3.207182311028e+00 1.784051002537e-02 1.305144688702e-01 4.793241051894e+00 5.047430678260e-01
26 60 3 1.43761836 0.66240280 0.73056097 1.58535457 0.88704110 3.018716093987e+00 1.947701632099e-02 1.206582573555e-01 5.017012501353e+00 5.309033493126e-01
26 61 3 1.43761836 0.66240280 0.73056097 1.58535457 0.88704110 3.812558165418e+00 2.274633217328e-02 1.405851151584e-01 5.269169671291e+00 5.470226727402e-01
26 62 3 1.43761836 0.66240280 0.73056097 1.58535457 0.88704110 4.160426064630e+00 2.515640538959e-02 1.518174670841e-01 5.480576756337e+00 5.627967460288e-01
26 63 3 1.43761836 0.66240280 0.73056097 1.58535457 0.88704110 3.487608336266e+00 2.491443355645e-02 1.713851895907e-01 5.668547683065e+00 5.791146086929e-01
29 0 3 1.01535465 0.54873668 0.59396440 1.43100278 0.69290722 9.153361163932e-01 9.640851938456e-04 2.838653106288e-01 3.464022573855e+00 1.908612211192e-01
29 1 3 1.01535465 0.54873668 0.59396440 1.43100278 0.69290722 8.334509980410e-01 9.781124041455e-04 1.196705392746e-01 3.251609688467e+00 1.406156560583e-01
29 2 3 1.01535465 0.54873668 0.59396440 1.43100278 0.69290722 7.974452727117e-01 9.719814348285e-04 4.514297437693e-03 3.107880742910e+00 1.550146912618e-01
29 3 3 1.01535465 0.54873668 0.59396440 1.43100278 0.69290722 7.969314289183e-01 7.837363737633e-04 5.862963216863e-02 3.010035692917e+00 2.048751220921e-01
29 4 3 1.01535465 0.54873668 0.59396440 1.43100278 0.69290722 8.121482057325e-01 5.038727417842e-04 2.114727049335e-01 2.928041663551e+00 2.262417652584e-01
29 5 3 1.01535465 0.54873668 0.59396440 1.43100278 0.69290722 8.024248269516e-01 3.131977158068e-04 2.869754532384e-01 2.858445056286e+00 1.879736506775e-01
29 6 3 1.01535465 0.54873668 0.59396440 1.43100278 0.69290722 7.542599276183e-01 2.803557223787e-04 2.031977992012e-01 2.769063859840e+00 1.256043617610e-01
29 7 3 1.01535465 0.54873668 0.59396440 1.43100278 0.69290722 6.853645128128e-01 3.393124601502e-04 5.558855389401e-02 2.693694373304e+00 1.061369521376e-01
29 8 3 1.01535465 0.54873668 0.59396440 1.43100278 0.69290722 6.362272601633e-01 3.954886314456e-04 2.116188466423e-03 2.624477782652e+00 1.433157750916e-01
29 9 3 1.01535465 0.54873668 0.59396440 1.43100278 0.69290722 6.173601547222e-01 4.090459414121e-04 9.147675785859e-02 2.545019591162e+00 1.847213362786e-01
29 10 3 1.01535465 0.54873668 0.59396440 1.43100278 0.69290722 6.407550654363e-01 4.091307580931e-04 2.182063828143e-01 2.460524198482e+00 1.777291316066e-01
29 11 3 1.01535465 0.54873668 0.59396440 1.43100278 0.69290722 6.525451583064e-01 4.681029223322e-04 2.410839923047e-01 2.364910084474e+00 1.292519059650e-01
29 12 3 1.01535465 0.54873668 0.59396440 1.43100278 0.69290722 6.218679814135e-01 6.413474834796e-04 1.354636090182e-01 2.285877683815e+00 9.159005319610e-02
29 13 3 1.01535465 0.54873668 0.59396440 1.43100278 0.69290722 5.636797416503e-01 8.920439504690e-04 1.850706541551e-02 2.228048604642e+00 9.910460786992e-02
29 14 3 1.01535465 0.54873668 0.59396440 1.43100278 0.69290722 5.222162275913e-01 1.088516890447e-03 1.814904671151e-02 2.179657339541e+00 1.403376229764e-01
29 15 3 1.01535465 0.54873668 0.59396440 1.43100278 0.69290722 4.997291093123e-01 1.124977981424e-03 1.294151947494e-01 2.125166825390e+00 1.659228071512e-01
29 16 3 1.01535465 0.54873668 0.59396440 1.43100278 0.69290722 5.078866967096e-01 1.051605814504e-03 2.223226052139e-01 2.056413889102e+00 1.416398027387e-01
29 17 3 1.01535465 0.54873668 0.59396440 1.43100278 0.69290722 5.139914622050e-01 1.037601537335e-03 1.918749253840e-01 1.981450959591e+00 9.224363200931e-02
29 18 3 1.01535465 0.54873668 0.59396440 1.43100278 0.69290722 5.187384237249e-01 1.176623221840e-03 7.457167459285e-02 1.908478521476e+00 7.333360208809e-02
29 19 3 1.01535465 0.54873668 0.59396440 1.43100278 0.69290722 4.928363171066e-01 1.361893780513e-03 1.117887148546e-03 1.846150002628e+00 1.007064785736e-01
29 20 3 1.01535465 0.54873668 0.59396440 1.43100278 0.69290722 4.520223844353e-01 1.396981437363e-03 4.818806736630e-02 1.782040340043e+00 1.360406000488e-01
29 21 3 1.01535465 0.54873668 0.59396440 1.43100278 0.69290722 4.185163004963e-01 1.218167629886e-03 1.577539807554e-01 1.722087483861e+00 1.359113613853e-01
29 22 3 1.01535465 0.54873668 0.59396440 1.43100278 0.69290722 4.234534116601e-01 9.611175312887e-04 2.057425597523e-01 1.670646341691e+00 1.019997811057e-01
29 23 3 1.01535465 0.54873668 0.59396440 1.43100278 0.69290722 4.369769066817e-01 7.998116239584e-04 1.390780663812e-01 1.631885459340e+00 6.768978890037e-02
29 24 3 1.01535465 0.54873668 0.59396440 1.43100278 0.69290722 4.444118964560e-01 7.625299338772e-04 3.271776334189e-02 1.619824628686e+00 6.766149441336e-02
29 25 3 1.01535465 0.54873668 0.59396440 1.43100278 0.69290722 4.278901043913e-01 7.354514320718e-04 5.467165781164e-03 1.610575501448e+00 9.894416022946e-02
29 26 3 1.01535465 0.54873668 0.59396440 1.43100278 0.69290722 4.172682603655e-01 6.178678173729e-04 8.637309756683e-02 1.602714436895e+00 1.231587879543e-01
29 27 3 1.01535465 0.54873668 0.59396440 1.43100278 0.69290722 3.943623372372e-01 4.273713310032e-04 1.818236447728e-01 1.591785379503e+00 1.100125347344e-01
29 28 3 1.01535465 0.54873668 0.59396440 1.43100278 0.69290722 3.850188931642e-01 2.542734308786e-04 1.826601788191e-01 1.574212115194e+00 7.456665980257e-02
29 29 3 1.01535465 0.54873668 0.59396440 1.43100278 0.69290722 3.961989837576e-01 1.573200612000e-04 8.862489137553e-02 1.574649083696e+00 5.663291491745e-02
29 30 3 1.01535465 0.54873668 0.59396440 1.43100278 0.69290722 4.150281099162e-01 1.271596906412e-04 6.907447804749e-03 1.574313319073e+00 7.547853144661e-02
29 31 3 1.01535465 0.54873668 0.59396440 1.43100278 0.69290722 4.149138124258e-01 1.252871897396e-04 2.914771840335e-02 1.574535421521e+00 1.084395570526e-01
29 32 3 1.01535465 0.54873668 0.59396440 1.43100278 0.69290722 4.081581372460e-01 1.265857699486e-04 1.290519994621e-01 1.572800336506e+00 1.197022865548e-01
29 33 3 1.01535465 0.54873668 0.59396440 1.43100278 0.69290722 3.886199337112e-01 1.320955553974e-04 1.936253840790e-01 1.561508771111e+00 9.498588549524e-02
29 34 3 1.01535465 0.54873668 0.59396440 1.43100278 0.69290722 3.893949367433e-01 1.688430633969e-04 1.498938914046e-01 1.570133768001e+00 6.381948821165e-02
29 35 3 1.01535465 0.54873668 0.59396440 1.43100278 0.69290722 4.067572419292e-01 2.758432513643e-04 4.666713845069e-02 1.584865034251e+00 6.576530990535e-02
29 36 3 1.01535465 0.54873668 0.59396440 1.43100278 0.69290722 4.310900872472e-01 4.598132051587e-04 9.532274017666e-04 1.604445954417e+00 1.014355293078e-01
29 37 3 1.01535465 0.54873668 0.59396440 1.43100278 0.69290722 4.396655425489e-01 6.572745821982e-04 6.620497099389e-02 1.627319923444e+00 1.312268405965e-01
29 38 3 1.01535465 0.54873668 0.59396440 1.43100278 0.69290722 4.385854804463e-01 7.761227461275e-04 1.697370884265e-01 1.643969496164e+00 1.224058104000e-01
29 39 3 1.01535465 0.54873668 0.59396440 1.43100278 0.69290722 4.324595419548e-01 8.038374070248e-04 1.939581421371e-01 1.685106275884e+00 8.659724008193e-02
29 40 3 1.01535465 0.54873668 0.59396440 1.43100278 0.69290722 4.265035669576e-01 8.491578612316e-04 1.110619010296e-01 1.744306161045e+00 6.718930042402e-02
29 41 3 1.01535465 0.54873668 0.59396440 1.43100278 0.69290722 4.361513042421e-01 1.026986454490e-03 1.527448595117e-02 1.813786893815e+00 9.140347769300e-02
29 42 3 1.01535465 0.54873668 0.59396440 1.43100278 0.69290722 4.814826929475e-01 1.298910776989e-03 1.551150867880e-02 1.883479211513e+00 1.376799350005e-01
29 43 3 1.01535465 0.54873668 0.59396440 1.43100278 0.69290722 5.183655162293e-01 1.478804098872e-03 1.128765879569e-01 1.935125453394e+00 1.526000409230e-01
29 44 3 1.01535465 0.54873668 0.59396440 1.43100278 0.69290722 5.236654557891e-01 1.430779598183e-03 2.001498635602e-01 1.989072329772e+00 1.181323539914e-01
29 45 3 1.01535465 0.54873668 0.59396440 1.43100278 0.69290722 5.112745555195e-01 1.231702635208e-03 1.803813122093e-01 2.046414574765e+00 7.902548837764e-02
29 46 3 1.01535465 0.54873668 0.59396440 1.43100278 0.69290722 5.016237716481e-01 1.089933864256e-03 7.442976837968e-02 2.103308677372e+00 8.421964511395e-02
29 47 3 1.01535465 0.54873668 0.59396440 1.43100278 0.69290722 5.182773830152e-01 1.109324875864e-03 1.392367965062e-03 2.151524901875e+00 1.313160275381e-01
29 48 3 1.01535465 0.54873668 0.59396440 1.43100278 0.69290722 5.573307390969e-01 1.182546192256e-03 4.868876877567e-02 2.187266691567e+00 1.701820006425e-01
29 49 3 1.01535465 0.54873668 0.59396440 1.43100278 0.69290722 6.059638030082e-01 1.132497402646e-03 1.702256828562e-01 2.231122497155e+00 1.614172873774e-01
29 50 3 1.01535465 0.54873668 0.59396440 1.43100278 0.69290722 6.484854904150e-01 9.154039261920e-04 2.320842420908e-01 2.299149548120e+00 1.147641455983e-01
29 51 3 1.01535465 0.54873668 0.59396440 1.43100278 0.69290722 6.572392487833e-01 6.494425790312e-04 1.637712064316e-01 2.393416422813e+00 8.611008888827e-02
29 52 3 1.01535465 0.54873668 0.59396440 1.43100278 0.69290722 6.330274253318e-01 4.717231104635e-04 4.222090058270e-02 2.488034132607e+00 1.197295197110e-01
29 53 3 1.01535465 0.54873668 0.59396440 1.43100278 0.69290722 6.273263861638e-01 4.148253691541e-04 6.345183118013e-03 2.575415311793e+00 1.880838497267e-01
29 54 3 1.01535465 0.54873668 0.59396440 1.43100278 0.69290722 6.682465941843e-01 4.164340510014e-04 1.000791964240e-01 2.653087027905e+00 2.153276965046e-01
29 55 3 1.01535465 0.54873668 0.59396440 1.43100278 0.69290722 7.418304839829e-01 4.012966418917e-04 2.239350396522e-01 2.737503065316e+00 1.752726538623e-01
29 56 3 1.01535465 0.54873668 0.59396440 1.43100278 0.69290722 7.972032007171e-01 3.434582683847e-04 2.446942645299e-01 2.849511318694e+00 1.194222417158e-01
29 57 3 1.01535465 0.54873668 0.59396440 1.43100278 0.69290722 8.215957597583e-01 2.907035969246e-04 1.395417676813e-01 2.960440114988e+00 1.222264277528e-01
29 58 3 1.01535465 0.54873668 0.59396440 1.43100278 0.69290722 8.126464006892e-01 3.445450580859e-04 2.326709042547e-02 3.084904792838e+00 1.902619538988e-01
29 59 3 1.01535465 0.54873668 0.59396440 1.43100278 0.69290722 8.007424814230e-01 5.673539526287e-04 2.910122042310e-02 3.218419780911e+00 2.606538990297e-01
29 60 3 1.01535465 0.54873668 0.59396440 1.43100278 0.69290722 8.264020325863e-01 8.738902266215e-04 1.617169828425e-01 3.375347030848e+00 2.607975558371e-01
29 61 3 1.01535465 0.54873668 0.59396440 1.43100278 0.69290722 8.946560223488e-01 1.069079354602e-03 2.823485538850e-01 3.589169019555e+00 1.920406795843e-01
29 62 3 1.01535465 0.54873668 0.59396440 1.43100278 0.69290722 9.771841760724e-01 1.070699552740e-03 2.580034520605e-01 3.795962690915e+00 1.396662131596e-01
29 63 3 1.01535465 0.54873668 0.59396440 1.43100278 0.69290722 1.043034095426e+00 1.067847798127e-03 1.152843812416e-01 3.989893726172e+00 1.810786018246e-01
