# environment=00146 local_bs=3 gain_scale=1.503570885120e-11
# ue subcarrier serving_bs phi0 phi1 phi2 phi3 phi4 gain0 gain1 gain2 gain3 gain4
1 0 3 4.93826168 2.77852824 1.54617695 8.17906982 3.35363382 9.037995362804e+00 1.118918125105e+00 1.072243486526e-01 5.788312670457e+01 1.700686379367e+00
1 1 3 4.93826168 2.77852824 1.54617695 8.17906982 3.35363382 9.287748596475e+00 1.090145729476e+00 1.027663607467e-01 5.813806311446e+01 1.566811904866e+00
1 2 3 4.93826168 2.77852824 1.54617695 8.17906982 3.35363382 9.607683851677e+00 1.059196114132e+00 9.876706069564e-02 5.796635400562e+01 1.449026734542e+00
1 3 3 4.93826168 2.77852824 1.54617695 8.17906982 3.35363382 9.945230318453e+00 1.027824999812e+00 9.525029394054e-02 5.731024831357e+01 1.341388850898e+00
1 4 3 4.93826168 2.77852824 1.54617695 8.17906982 3.35363382 1.024991105268e+01 9.941593839742e-01 9.198469930766e-02 5.614069121635e+01 1.248775519599e+00
1 5 3 4.93826168 2.77852824 1.54617695 8.17906982 3.35363382 1.047698291681e+01 9.541564303645e-01 8.866794303562e-02 5.445831231173e+01 1.168180440062e+00
1 6 3 4.93826168 2.77852824 1.54617695 8.17906982 3.35363382 1.059154935117e+01 9.117313957129e-01 8.515364448491e-02 5.230241173438e+01 1.096921746575e+00
1 7 3 4.93826168 2.77852824 1.54617695 8.17906982 3.35363382 1.057238555716e+01 8.699581137302e-01 8.155471041194e-02 4.975667225354e+01 1.039898945865e+00
1 8 3 4.93826168 2.77852824 1.54617695 8.17906982 3.35363382 1.041381856926e+01 8.277434150413e-01 7.815629026150e-02 4.694012146587e+01 9.935381968469e-01
1 9 3 4.93826168 2.77852824 1.54617695 8.17906982 3.35363382 1.012439735266e+01 7.889045383681e-01 7.521058835441e-02 4.398361902377e+01 9.584016451346e-01
1 10 3 4.93826168 2.77852824 1.54617695 8.17906982 3.35363382 9.722670647229e+00 7.567788380273e-01 7.276322899688e-02 4.100474999552e+01 9.366938932838e-01
1 11 3 4.93826168 2.77852824 1.54617695 8.17906982 3.35363382 9.232026762599e+00 7.287994720692e-01 7.062809319297e-02 3.809562687404e+01 9.228738799994e-01
1 12 3 4.93826168 2.77852824 1.54617695 8.17906982 3.35363382 8.676978525409e+00 7.049475346320e-01 6.851710744597e-02 3.532735125174e+01 9.173010334206e-01
1 13 3 4.93826168 2.77852824 1.54617695 8.17906982 3.35363382 8.082129905909e+00 6.864816602828e-01 6.622641681313e-02 3.276195422139e+01 9.184114823188e-01
1 14 3 4.93826168 2.77852824 1.54617695 8.17906982 3.35363382 7.473159522290e+00 6.698040071239e-01 6.375176553742e-02 3.045919256697e+01 9.212163077212e-01
1 15 3 4.93826168 2.77852824 1.54617695 8.17906982 3.35363382 6.877864823805e+00 6.530887513760e-01 6.126537507239e-02 2.847343408564e+01 9.278125568159e-01
1 16 3 4.93826168 2.77852824 1.54617695 8.17906982 3.35363382 6.325491934008e+00 6.376275381171e-01 5.898491626333e-02 2.684593565773e+01 9.363913607642e-01
1 17 3 4.93826168 2.77852824 1.54617695 8.17906982 3.35363382 5.843977097435e+00 6.211721062164e-01 5.703234470545e-02 2.560025703884e+01 9.450744329954e-01
1 18 3 4.93826168 2.77852824 1.54617695 8.17906982 3.35363382 5.456244165638e+00 6.020731502357e-01 5.537517831923e-02 2.474287630325e+01 9.569637568341e-01
1 19 3 4.93826168 2.77852824 1.54617695 8.17906982 3.35363382 5.177268891268e+00 5.826012243698e-01 5.387704642808e-02 2.426529309718e+01 9.694680285165e-01
1 20 3 4.93826168 2.77852824 1.54617695 8.17906982 3.35363382 5.012977297569e+00 5.627142544487e-01 5.240874973544e-02 2.414440497360e+01 9.821978286173e-01
1 21 3 4.93826168 2.77852824 1.54617695 8.17906982 3.35363382 4.960841769403e+00 5.416379738890e-01 5.093697860065e-02 2.434237380690e+01 9.971487129027e-01
1 22 3 4.93826168 2.77852824 1.54617695 8.17906982 3.35363382 5.011235941079e+00 5.222586921267e-01 4.953314289813e-02 2.480863235356e+01 1.010834427788e+00
1 23 3 4.93826168 2.77852824 1.54617695 8.17906982 3.35363382 5.148715239860e+00 5.058433336995e-01 4.830601021625e-02 2.548322793498e+01 1.023846862006e+00
1 24 3 4.93826168 2.77852824 1.54617695 8.17906982 3.35363382 5.353124787249e+00 4.913476267868e-01 4.731432492740e-02 2.629810085589e+01 1.036788601765e+00
1 25 3 4.93826168 2.77852824 1.54617695 8.17906982 3.35363382 5.601047426032e+00 4.804297295702e-01 4.652495409498e-02 2.717647554081e+01 1.046243881414e+00
1 26 3 4.93826168 2.77852824 1.54617695 8.17906982 3.35363382 5.868021799529e+00 4.739799250573e-01 4.584575741897e-02 2.803681336079e+01 1.054152769660e+00
1 27 3 4.93826168 2.77852824 1.54617695 8.17906982 3.35363382 6.131255445648e+00 4.700022266272e-01 4.520804156247e-02 2.880728341016e+01 1.060878386281e+00
1 28 3 4.93826168 2.77852824 1.54617695 8.17906982 3.35363382 6.371861324981e+00 4.687725999120e-01 4.463859131984e-02 2.944609258336e+01 1.064970261388e+00
1 29 3 4.93826168 2.77852824 1.54617695 8.17906982 3.35363382 6.575617805461e+00 4.711042286702e-01 4.426818208454e-02 2.995179864936e+01 1.070217862579e+00
1 30 3 4.93826168 2.77852824 1.54617695 8.17906982 3.35363382 6.732036551819e+00 4.748384139776e-01 4.426613518494e-02 3.034987830975e+01 1.076566811417e+00
1 31 3 4.93826168 2.77852824 1.54617695 8.17906982 3.35363382 6.832612064689e+00 4.793711467405e-01 4.474003856137e-02 3.065973546428e+01 1.083058920226e+00
1 32 3 4.93826168 2.77852824 1.54617695 8.17906982 3.35363382 6.869727603416e+00 4.856362040216e-01 4.566391609408e-02 3.086526081928e+01 1.092019861126e+00
1 33 3 4.93826168 2.77852824 1.54617695 8.17906982 3.35363382 6.837317874640e+00 4.917774395793e-01 4.688153986431e-02 3.091310948128e+01 1.100310621726e+00
1 34 3 4.93826168 2.77852824 1.54617695 8.17906982 3.35363382 6.733233427408e+00 4.968807939307e-01 4.818494776222e-02 3.074245381657e+01 1.106098221679e+00
1 35 3 4.93826168 2.77852824 1.54617695 8.17906982 3.35363382 6.562073083336e+00 5.028075382303e-01 4.942115230934e-02 3.032507252432e+01 1.110404762200e+00
1 36 3 4.93826168 2.77852824 1.54617695 8.17906982 3.35363382 6.336842207958e+00 5.093161052499e-01 5.056237567628e-02 2.968727570851e+01 1.109825836500e+00
1 37 3 4.93826168 2.77852824 1.54617695 8.17906982 3.35363382 6.078423943077e+00 5.160961195266e-01 5.169838373417e-02 2.890124503261e+01 1.105174843624e+00
1 38 3 4.93826168 2.77852824 1.54617695 8.17906982 3.35363382 5.813070660024e+00 5.258225427114e-01 5.295924251035e-02 2.805738088644e+01 1.098720756479e+00
1 39 3 4.93826168 2.77852824 1.54617695 8.17906982 3.35363382 5.569095259597e+00 5.390229435027e-01 5.442140335500e-02 2.723999774071e+01 1.088474012856e+00
1 40 3 4.93826168 2.77852824 1.54617695 8.17906982 3.35363382 5.374042547534e+00 5.542328534585e-01 5.606019193701e-02 2.651953211080e+01 1.077232440829e+00
1 41 3 4.93826168 2.77852824 1.54617695 8.17906982 3.35363382 5.252886916319e+00 5.725757481553e-01 5.777981416107e-02 2.595751142663e+01 1.066234259789e+00
1 42 3 4.93826168 2.77852824 1.54617695 8.17906982 3.35363382 5.226883063780e+00 5.937146060431e-01 5.949795284972e-02 2.561245501991e+01 1.053198855835e+00
1 43 3 4.93826168 2.77852824 1.54617695 8.17906982 3.35363382 5.312336054168e+00 6.144545637601e-01 6.122209344124e-02 2.554001632750e+01 1.041169978841e+00
1 44 3 4.93826168 2.77852824 1.54617695 8.17906982 3.35363382 5.519002541081e+00 6.346325190945e-01 6.305777394770e-02 2.578962148174e+01 1.029578534460e+00
1 45 3 4.93826168 2.77852824 1.54617695 8.17906982 3.35363382 5.848634855850e+00 6.545916862932e-01 6.513599050987e-02 2.640223453459e+01 1.016729538645e+00
1 46 3 4.93826168 2.77852824 1.54617695 8.17906982 3.35363382 6.294555615880e+00 6.716222270618e-01 6.750772327735e-02 2.740958131911e+01 1.006205799711e+00
1 47 3 4.93826168 2.77852824 1.54617695 8.17906982 3.35363382 6.842665121556e+00 6.860492441535e-01 7.008471549391e-02 2.883195327365e+01 9.963989039820e-01
1 48 3 4.93826168 2.77852824 1.54617695 8.17906982 3.35363382 7.473261359582e+00 7.006056043126e-01 7.268075038356e-02 3.067407419471e+01 9.877193532905e-01
1 49 3 4.93826168 2.77852824 1.54617695 8.17906982 3.35363382 8.162372117410e+00 7.146537483275e-01 7.513839332846e-02 3.292229799853e+01 9.846674351667e-01
1 50 3 4.93826168 2.77852824 1.54617695 8.17906982 3.35363382 8.881677415838e+00 7.293974747986e-01 7.745863512343e-02 3.554528946182e+01 9.858153205110e-01
1 51 3 4.93826168 2.77852824 1.54617695 8.17906982 3.35363382 9.597429798353e+00 7.494057640777e-01 7.983604139276e-02 3.849500579020e+01 9.945135052107e-01
1 52 3 4.93826168 2.77852824 1.54617695 8.17906982 3.35363382 1.027009534735e+01 7.748207283286e-01 8.255827901559e-02 4.170269391731e+01 1.014434753205e+00
1 53 3 4.93826168 2.77852824 1.54617695 8.17906982 3.35363382 1.085661885747e+01 8.047377017351e-01 8.582379418426e-02 4.507035790478e+01 1.042736149578e+00
1 54 3 4.93826168 2.77852824 1.54617695 8.17906982 3.35363382 1.131590344093e+01 8.416205092408e-01 8.959903800821e-02 4.846658653176e+01 1.082850003380e+00
1 55 3 4.93826168 2.77852824 1.54617695 8.17906982 3.35363382 1.161607659375e+01 8.831831479363e-01 9.362274945617e-02 5.173669434684e+01 1.134240963528e+00
1 56 3 4.93826168 2.77852824 1.54617695 8.17906982 3.35363382 1.174080805994e+01 9.242647544239e-01 9.756948661067e-02 5.472737023875e+01 1.193080003649e+00
1 57 3 4.93826168 2.77852824 1.54617695 8.17906982 3.35363382 1.169232274030e+01 9.652059232029e-01 1.012693453067e-01 5.731360448315e+01 1.264112964771e+00
1 58 3 4.93826168 2.77852824 1.54617695 8.17906982 3.35363382 1.149056124550e+01 1.004523321612e+00 1.048297216819e-01 5.941270923820e+01 1.345154670187e+00
1 59 3 4.93826168 2.77852824 1.54617695 8.17906982 3.35363382 1.116986570478e+01 1.037470147511e+00 1.085635296131e-01 6.098046596790e+01 1.435857226292e+00
1 60 3 4.93826168 2.77852824 1.54617695 8.17906982 3.35363382 1.077524936380e+01 1.066658378060e+00 1.127638959054e-01 6.199888160638e+01 1.542542843420e+00
1 61 3 4.93826168 2.77852824 1.54617695 8.17906982 3.35363382 1.035940948253e+01 1.095421159114e+00 1.174831766900e-01 6.247039937112e+01 1.660293486726e+00
1 62 3 4.93826168 2.77852824 1.54617695 8.17906982 3.35363382 9.980091380890e+00 1.121331374701e+00 1.224828252660e-01 6.242470951940e+01 1.790640607297e+00
1 63 3 4.93826168 2.77852824 1.54617695 8.17906982 3.35363382 9.696597017503e+00 1.148095767983e+00 1.274031733580e-01 6.192993428914e+01 1.936491991160e+00
2 0 3 3.22932012 1.91865797 1.23764608 3.72240806 2.19822117 2.552004018353e-03 2.516904810828e-01 3.960224943933e-02 3.015374916354e+00 1.906640817586e-01
2 1 3 3.22932012 1.91865797 1.23764608 3.72240806 2.19822117 2.333680655838e-03 2.422274967190e-01 3.781881898919e-02 2.920068624198e+00 1.822305855171e-01
2 2 3 3.22932012 1.91865797 1.23764608 3.72240806 2.19822117 2.122185848910e-03 2.321649124284e-01 3.622375972392e-02 2.829114081463e+00 1.750052535679e-01
2 3 3 3.22932012 1.91865797 1.23764608 3.72240806 2.19822117 1.916843367453e-03 2.229103845429e-01 3.484191779519e-02 2.741074622032e+00 1.673908931119e-01
2 4 3 3.22932012 1.91865797 1.23764608 3.72240806 2.19822117 1.720968815521e-03 2.143277822741e-01 3.359355437800e-02 2.654418941468e+00 1.605998761585e-01
2 5 3 3.22932012 1.91865797 1.23764608 3.72240806 2.19822117 1.543251980732e-03 2.051880186793e-01 3.235996910247e-02 2.568002037198e+00 1.542210499522e-01
2 6 3 3.22932012 1.91865797 1.23764608 3.72240806 2.19822117 1.396567936087e-03 1.965195303658e-01 3.106976788449e-02 2.482108614808e+00 1.472826288482e-01
2 7 3 3.22932012 1.91865797 1.23764608 3.72240806 2.19822117 1.294549773735e-03 1.886882612945e-01 2.974321224748e-02 2.398701560305e+00 1.410913541360e-01
2 8 3 3.22932012 1.91865797 1.23764608 3.72240806 2.19822117 1.247093821648e-03 1.805625751831e-01 2.846804420043e-02 2.319993202995e+00 1.348853148988e-01
2 9 3 3.22932012 1.91865797 1.23764608 3.72240806 2.19822117 1.256379355177e-03 1.727578977325e-01 2.733082426220e-02 2.246343221547e+00 1.286152710649e-01
2 10 3 3.22932012 1.91865797 1.23764608 3.72240806 2.19822117 1.314839191747e-03 1.659457857952e-01 2.635621262773e-02 2.175580943841e+00 1.233508008644e-01
2 11 3 3.22932012 1.91865797 1.23764608 3.72240806 2.19822117 1.405880644016e-03 1.591692209312e-01 2.549549981603e-02 2.104706102169e+00 1.181488744643e-01
2 12 3 3.22932012 1.91865797 1.23764608 3.72240806 2.19822117 1.507256734477e-03 1.526241607981e-01 2.466717815586e-02 2.032589293035e+00 1.134017341037e-01
2 13 3 3.22932012 1.91865797 1.23764608 3.72240806 2.19822117 1.596131920077e-03 1.470935789720e-01 2.381611633876e-02 1.961208298198e+00 1.094822229759e-01
2 14 3 3.22932012 1.91865797 1.23764608 3.72240806 2.19822117 1.654353477308e-03 1.418306339239e-01 2.294864174949e-02 1.894285722156e+00 1.053993104815e-01
2 15 3 3.22932012 1.91865797 1.23764608 3.72240806 2.19822117 1.672389964129e-03 1.366690469749e-01 2.212187436094e-02 1.834592374683e+00 1.017532142065e-01
2 16 3 3.22932012 1.91865797 1.23764608 3.72240806 2.19822117 1.650829425702e-03 1.323791020852e-01 2.139922523694e-02 1.782266560481e+00 9.843800935217e-02
2 17 3 3.22932012 1.91865797 1.23764608 3.72240806 2.19822117 1.599087379060e-03 1.284617060025e-01 2.080582966382e-02 1.735339349425e+00 9.487895029215e-02
2 18 3 3.22932012 1.91865797 1.23764608 3.72240806 2.19822117 1.531809624025e-03 1.245001486077e-01 2.031430938361e-02 1.691593121304e+00 9.188189579989e-02
2 19 3 3.22932012 1.91865797 1.23764608 3.72240806 2.19822117 1.464109652042e-03 1.211945915591e-01 1.986768512438e-02 1.649967456247e+00 8.912680483803e-02
2 20 3 3.22932012 1.91865797 1.23764608 3.72240806 2.19822117 1.407067883020e-03 1.183246210368e-01 1.942050117466e-02 1.610603279069e+00 8.648558569341e-02
2 21 3 3.22932012 1.91865797 1.23764608 3.72240806 2.19822117 1.364775793871e-03 1.153424043553e-01 1.896873551053e-02 1.574077311927e+00 8.460875463618e-02
2 22 3 3.22932012 1.91865797 1.23764608 3.72240806 2.19822117 1.333700075233e-03 1.128418345346e-01 1.854925843997e-02 1.540875017989e+00 8.290412167118e-02
2 23 3 3.22932012 1.91865797 1.23764608 3.72240806 2.19822117 1.304439245492e-03 1.108746891185e-01 1.821164960850e-02 1.511430032741e+00 8.145446173996e-02
2 24 3 3.22932012 1.91865797 1.23764608 3.72240806 2.19822117 1.265259793391e-03 1.088488295225e-01 1.798340429808e-02 1.486211955385e+00 8.054838272459e-02
2 25 3 3.22932012 1.91865797 1.23764608 3.72240806 2.19822117 1.206321731810e-03 1.072080002041e-01 1.785234462144e-02 1.465403780195e+00 7.952482991783e-02
2 26 3 3.22932012 1.91865797 1.23764608 3.72240806 2.19822117 1.123352611488e-03 1.062256557212e-01 1.777692413011e-02 1.448485040631e+00 7.873787570454e-02
2 27 3 3.22932012 1.91865797 1.23764608 3.72240806 2.19822117 1.019724871853e-03 1.053148595583e-01 1.771591989596e-02 1.434446840467e+00 7.827823337708e-02
2 28 3 3.22932012 1.91865797 1.23764608 3.72240806 2.19822117 9.063605581967e-04 1.047235247581e-01 1.765665651492e-02 1.422779063664e+00 7.771906472374e-02
2 29 3 3.22932012 1.91865797 1.23764608 3.72240806 2.19822117 7.994911668400e-04 1.048774306436e-01 1.762293185322e-02 1.414384026182e+00 7.764999777178e-02
2 30 3 3.22932012 1.91865797 1.23764608 3.72240806 2.19822117 7.168757680574e-04 1.052296183949e-01 1.765805126140e-02 1.411355434092e+00 7.793906478876e-02
2 31 3 3.22932012 1.91865797 1.23764608 3.72240806 2.19822117 6.734824373084e-04 1.058040944245e-01 1.779502235763e-02 1.415523702286e+00 7.834343396558e-02
2 32 3 3.22932012 1.91865797 1.23764608 3.72240806 2.19822117 6.777717857879e-04 1.071199316002e-01 1.803418008546e-02 1.426919896009e+00 7.938449364857e-02
2 33 3 3.22932012 1.91865797 1.23764608 3.72240806 2.19822117 7.295609970532e-04 1.087155783319e-01 1.834325403955e-02 1.443550029231e+00 8.059887644615e-02
2 34 3 3.22932012 1.91865797 1.23764608 3.72240806 2.19822117 8.200367873756e-04 1.103917697237e-01 1.867982712075e-02 1.462761812339e+00 8.190431899449e-02
2 35 3 3.22932012 1.91865797 1.23764608 3.72240806 2.19822117 9.339288779084e-04 1.127203791413e-01 1.902113227767e-02 1.483058241794e+00 8.368023634969e-02
2 36 3 3.22932012 1.91865797 1.23764608 3.72240806 2.19822117 1.053289590201e-03 1.153902451708e-01 1.938098112191e-02 1.504848443297e+00 8.535083164723e-02
2 37 3 3.22932012 1.91865797 1.23764608 3.72240806 2.19822117 1.161892511550e-03 1.180063145195e-01 1.980184209137e-02 1.529658487225e+00 8.719486738752e-02
2 38 3 3.22932012 1.91865797 1.23764608 3.72240806 2.19822117 1.249078731360e-03 1.211564018313e-01 2.032660563708e-02 1.558707038900e+00 8.950948273538e-02
2 39 3 3.22932012 1.91865797 1.23764608 3.72240806 2.19822117 1.312001437399e-03 1.247500176839e-01 2.096870033073e-02 1.592142829545e+00 9.179282032379e-02
2 40 3 3.22932012 1.91865797 1.23764608 3.72240806 2.19822117 1.355631864854e-03 1.282386419043e-01 2.170134752384e-02 1.629376083070e+00 9.461916448078e-02
2 41 3 3.22932012 1.91865797 1.23764608 3.72240806 2.19822117 1.390496739684e-03 1.321680708769e-01 2.247470615869e-02 1.669834156268e+00 9.796776057461e-02
2 42 3 3.22932012 1.91865797 1.23764608 3.72240806 2.19822117 1.428763527021e-03 1.367150515197e-01 2.325071753177e-02 1.713290557602e+00 1.013408218952e-01
2 43 3 3.22932012 1.91865797 1.23764608 3.72240806 2.19822117 1.479794606099e-03 1.412198391099e-01 2.403216469522e-02 1.759696321592e+00 1.053529746771e-01
2 44 3 3.22932012 1.91865797 1.23764608 3.72240806 2.19822117 1.546499009318e-03 1.460916464494e-01 2.486459176689e-02 1.809126243523e+00 1.095276580377e-01
2 45 3 3.22932012 1.91865797 1.23764608 3.72240806 2.19822117 1.623637798265e-03 1.517768064285e-01 2.580725119132e-02 1.862161378911e+00 1.135675369822e-01
2 46 3 3.22932012 1.91865797 1.23764608 3.72240806 2.19822117 1.698710025877e-03 1.575464524717e-01 2.689125825829e-02 1.920143669671e+00 1.181645624636e-01
2 47 3 3.22932012 1.91865797 1.23764608 3.72240806 2.19822117 1.755294742625e-03 1.635540245376e-01 2.809430262382e-02 1.984490198721e+00 1.226341080758e-01
2 48 3 3.22932012 1.91865797 1.23764608 3.72240806 2.19822117 1.777965175951e-03 1.704819745567e-01 2.935227140305e-02 2.055218073516e+00 1.272246660017e-01
2 49 3 3.22932012 1.91865797 1.23764608 3.72240806 2.19822117 1.757358948448e-03 1.776029286011e-01 3.060317512887e-02 2.130055701369e+00 1.326019055894e-01
2 50 3 3.22932012 1.91865797 1.23764608 3.72240806 2.19822117 1.693864790555e-03 1.847122817200e-01 3.183427836032e-02 2.205450139440e+00 1.379099821221e-01
2 51 3 3.22932012 1.91865797 1.23764608 3.72240806 2.19822117 1.598736483802e-03 1.926855722979e-01 3.309754282516e-02 2.279103890979e+00 1.438113633065e-01
2 52 3 3.22932012 1.91865797 1.23764608 3.72240806 2.19822117 1.492185320155e-03 2.009319712026e-01 3.447809267595e-02 2.351946961195e+00 1.504314793670e-01
2 53 3 3.22932012 1.91865797 1.23764608 3.72240806 2.19822117 1.398917053125e-03 2.088465539914e-01 3.603395904971e-02 2.427609308749e+00 1.567164872147e-01
2 54 3 3.22932012 1.91865797 1.23764608 3.72240806 2.19822117 1.342381185587e-03 2.174490056582e-01 3.774933465050e-02 2.509645183158e+00 1.636169631025e-01
2 55 3 3.22932012 1.91865797 1.23764608 3.72240806 2.19822117 1.339422946312e-03 2.264764118784e-01 3.953851697629e-02 2.598912447724e+00 1.706227471827e-01
2 56 3 3.22932012 1.91865797 1.23764608 3.72240806 2.19822117 1.396916869170e-03 2.349461167540e-01 4.130367281053e-02 2.693404705566e+00 1.770691698987e-01
2 57 3 3.22932012 1.91865797 1.23764608 3.72240806 2.19822117 1.511332707878e-03 2.439264577342e-01 4.300876019674e-02 2.790497112043e+00 1.843488975524e-01
2 58 3 3.22932012 1.91865797 1.23764608 3.72240806 2.19822117 1.671232966130e-03 2.536592796404e-01 4.471485343216e-02 2.889358153153e+00 1.915164066627e-01
2 59 3 3.22932012 1.91865797 1.23764608 3.72240806 2.19822117 1.861739567483e-03 2.628357129692e-01 4.654501268992e-02 2.991415113682e+00 1.987257594125e-01
2 60 3 3.22932012 1.91865797 1.23764608 3.72240806 2.19822117 2.069365109808e-03 2.723830764677e-01 4.859723845708e-02 3.098925651239e+00 2.072885380990e-01
2 61 3 3.22932012 1.91865797 1.23764608 3.72240806 2.19822117 2.285513730855e-03 2.831345380197e-01 5.086645793684e-02 3.213451190735e+00 2.155914291561e-01
2 62 3 3.22932012 1.91865797 1.23764608 3.72240806 2.19822117 2.507464603421e-03 2.935137245506e-01 5.323694533398e-02 3.335551905600e+00 2.244316062311e-01
2 63 3 3.22932012 1.91865797 1.23764608 3.72240806 2.19822117 2.736592757724e-03 3.040350336094e-01 5.555939283622e-02 3.465198669365e+00 2.342462714707e-01
3 0 3 5.22439868 2.47118608 1.44949211 6.91142196 3.00874976 1.510696853742e-01 5.789950574806e-01 3.125877963125e-02 2.552995544238e+01 6.521042626198e-01
3 1 3 5.22439868 2.47118608 1.44949211 6.91142196 3.00874976 1.791224212773e-01 5.600314338836e-01 2.929237467980e-02 2.460919787927e+01 6.102016818589e-01
3 2 3 5.22439868 2.47118608 1.44949211 6.91142196 3.00874976 1.965871768014e-01 5.450886666217e-01 2.782441944572e-02 2.400295289371e+01 5.664694796953e-01
3 3 3 5.22439868 2.47118608 1.44949211 6.91142196 3.00874976 1.971032056593e-01 5.316618896641e-01 2.646604642156e-02 2.366573836443e+01 5.207371619555e-01
3 4 3 5.22439868 2.47118608 1.44949211 6.91142196 3.00874976 1.824791682585e-01 5.192398423348e-01 2.526264770695e-02 2.350395836163e+01 4.722632556962e-01
3 5 3 5.22439868 2.47118608 1.44949211 6.91142196 3.00874976 1.572778173336e-01 5.058159468990e-01 2.437406322504e-02 2.343861824103e+01 4.248519016876e-01
3 6 3 5.22439868 2.47118608 1.44949211 6.91142196 3.00874976 1.230987909377e-01 4.898388744278e-01 2.333562292956e-02 2.345551163122e+01 3.776363716675e-01
3 7 3 5.22439868 2.47118608 1.44949211 6.91142196 3.00874976 8.658717840063e-02 4.731036669273e-01 2.223097652764e-02 2.349413051431e+01 3.316180564558e-01
3 8 3 5.22439868 2.47118608 1.44949211 6.91142196 3.00874976 5.424215230579e-02 4.551602548344e-01 2.127654222359e-02 2.351690563306e+01 2.893503071118e-01
3 9 3 5.22439868 2.47118608 1.44949211 6.91142196 3.00874976 2.889985510610e-02 4.361391302587e-01 2.026614049922e-02 2.350036668646e+01 2.506615014900e-01
3 10 3 5.22439868 2.47118608 1.44949211 6.91142196 3.00874976 1.370662564979e-02 4.194803154425e-01 1.936428866683e-02 2.336689985864e+01 2.168490784648e-01
3 11 3 5.22439868 2.47118608 1.44949211 6.91142196 3.00874976 1.007586290890e-02 4.052886447624e-01 1.869168787030e-02 2.307579063878e+01 1.890056227673e-01
3 12 3 5.22439868 2.47118608 1.44949211 6.91142196 3.00874976 1.700703238795e-02 3.928069495885e-01 1.792549810194e-02 2.260291490808e+01 1.668452020761e-01
3 13 3 5.22439868 2.47118608 1.44949211 6.91142196 3.00874976 3.176186121243e-02 3.847033753749e-01 1.714743268436e-02 2.190236701698e+01 1.506379284962e-01
3 14 3 5.22439868 2.47118608 1.44949211 6.91142196 3.00874976 5.076667074330e-02 3.797672676105e-01 1.646480264467e-02 2.099579396543e+01 1.404486543228e-01
3 15 3 5.22439868 2.47118608 1.44949211 6.91142196 3.00874976 7.138727386971e-02 3.751565335683e-01 1.565408531248e-02 1.990967167903e+01 1.355310374706e-01
3 16 3 5.22439868 2.47118608 1.44949211 6.91142196 3.00874976 8.878030221573e-02 3.727909011642e-01 1.497369188923e-02 1.866078337220e+01 1.354953939720e-01
3 17 3 5.22439868 2.47118608 1.44949211 6.91142196 3.00874976 9.956592799725e-02 3.708544723836e-01 1.451737696097e-02 1.733787561478e+01 1.400948464099e-01
3 18 3 5.22439868 2.47118608 1.44949211 6.91142196 3.00874976 1.042284356484e-01 3.661384599586e-01 1.399836175802e-02 1.600986696207e+01 1.480913114309e-01
3 19 3 5.22439868 2.47118608 1.44949211 6.91142196 3.00874976 1.003787965592e-01 3.615913002730e-01 1.362488455016e-02 1.475957430940e+01 1.591531884207e-01
3 20 3 5.22439868 2.47118608 1.44949211 6.91142196 3.00874976 8.872691862580e-02 3.562579685951e-01 1.329513958755e-02 1.371292464305e+01 1.728026360606e-01
3 21 3 5.22439868 2.47118608 1.44949211 6.91142196 3.00874976 7.352574920155e-02 3.481321280826e-01 1.276238530562e-02 1.292576847295e+01 1.874798051073e-01
3 22 3 5.22439868 2.47118608 1.44949211 6.91142196 3.00874976 5.519201666619e-02 3.413544904877e-01 1.237227979724e-02 1.246116449946e+01 2.033337894079e-01
3 23 3 5.22439868 2.47118608 1.44949211 6.91142196 3.00874976 3.684363615889e-02 3.354251265346e-01 1.201102274353e-02 1.235903686896e+01 2.193735433999e-01
3 24 3 5.22439868 2.47118608 1.44949211 6.91142196 3.00874976 2.258348038892e-02 3.291659634051e-01 1.159424682192e-02 1.258203760976e+01 2.341924278298e-01
3 25 3 5.22439868 2.47118608 1.44949211 6.91142196 3.00874976 1.302520945987e-02 3.262201058641e-01 1.144959159187e-02 1.311521536505e+01 2.485372048433e-01
3 26 3 5.22439868 2.47118608 1.44949211 6.91142196 3.00874976 9.321988756651e-03 3.252078999758e-01 1.127851417021e-02 1.387063509786e+01 2.610071010978e-01
3 27 3 5.22439868 2.47118608 1.44949211 6.91142196 3.00874976 1.217200796532e-02 3.250381384237e-01 1.107052270630e-02 1.472005215116e+01 2.712138648789e-01
3 28 3 5.22439868 2.47118608 1.44949211 6.91142196 3.00874976 2.083947484743e-02 3.276784495749e-01 1.107984640064e-02 1.557815565236e+01 2.804186178973e-01
3 29 3 5.22439868 2.47118608 1.44949211 6.91142196 3.00874976 3.273801579565e-02 3.308307853056e-01 1.099701619111e-02 1.631305228678e+01 2.870764855174e-01
3 30 3 5.22439868 2.47118608 1.44949211 6.91142196 3.00874976 4.640016671452e-02 3.339661196404e-01 1.103623456993e-02 1.685943682575e+01 2.918850394769e-01
3 31 3 5.22439868 2.47118608 1.44949211 6.91142196 3.00874976 6.075797361152e-02 3.377222889613e-01 1.136059916370e-02 1.719369796929e+01 2.955795631486e-01
3 32 3 5.22439868 2.47118608 1.44949211 6.91142196 3.00874976 7.129066507010e-02 3.401715164505e-01 1.162010132546e-02 1.724309730061e+01 2.962438612020e-01
3 33 3 5.22439868 2.47118608 1.44949211 6.91142196 3.00874976 7.746941847757e-02 3.423442751935e-01 1.206115992726e-02 1.701474067682e+01 2.949855343370e-01
3 34 3 5.22439868 2.47118608 1.44949211 6.91142196 3.00874976 7.927004415206e-02 3.441962846361e-01 1.259928611286e-02 1.651793565395e+01 2.914594233978e-01
3 35 3 5.22439868 2.47118608 1.44949211 6.91142196 3.00874976 7.353579592725e-02 3.450363007819e-01 1.292472779652e-02 1.578359155936e+01 2.841647212406e-01
3 36 3 5.22439868 2.47118608 1.44949211 6.91142196 3.00874976 6.295150986913e-02 3.473622073038e-01 1.340667114020e-02 1.495663320976e+01 2.748307590406e-01
3 37 3 5.22439868 2.47118608 1.44949211 6.91142196 3.00874976 4.979925522113e-02 3.501079497836e-01 1.389782594910e-02 1.414646714256e+01 2.629041036150e-01
3 38 3 5.22439868 2.47118608 1.44949211 6.91142196 3.00874976 3.446450987229e-02 3.533119249540e-01 1.428256706104e-02 1.347483815019e+01 2.483868519295e-01
3 39 3 5.22439868 2.47118608 1.44949211 6.91142196 3.00874976 2.137924877830e-02 3.596219598701e-01 1.493128432519e-02 1.306997628973e+01 2.334244143236e-01
3 40 3 5.22439868 2.47118608 1.44949211 6.91142196 3.00874976 1.343084093374e-02 3.661690304733e-01 1.551375631606e-02 1.296973928257e+01 2.175723882714e-01
3 41 3 5.22439868 2.47118608 1.44949211 6.91142196 3.00874976 1.179874266198e-02 3.729603282786e-01 1.599192057532e-02 1.323504342749e+01 2.019243539024e-01
3 42 3 5.22439868 2.47118608 1.44949211 6.91142196 3.00874976 1.767359460313e-02 3.820164684122e-01 1.664785411732e-02 1.387939012746e+01 1.880646362998e-01
3 43 3 5.22439868 2.47118608 1.44949211 6.91142196 3.00874976 3.154505229730e-02 3.892162398813e-01 1.715077833377e-02 1.484697561995e+01 1.756727291915e-01
3 44 3 5.22439868 2.47118608 1.44949211 6.91142196 3.00874976 5.178915288337e-02 3.950487662868e-01 1.770698712862e-02 1.610171787316e+01 1.662556005315e-01
3 45 3 5.22439868 2.47118608 1.44949211 6.91142196 3.00874976 7.440335941985e-02 4.017719156922e-01 1.856171460214e-02 1.753347755858e+01 1.606728690267e-01
3 46 3 5.22439868 2.47118608 1.44949211 6.91142196 3.00874976 9.770239216257e-02 4.059173210016e-01 1.937446443596e-02 1.903399783484e+01 1.590332069368e-01
3 47 3 5.22439868 2.47118608 1.44949211 6.91142196 3.00874976 1.178938171737e-01 4.093431963677e-01 2.034060309851e-02 2.053309579351e+01 1.627358900441e-01
3 48 3 5.22439868 2.47118608 1.44949211 6.91142196 3.00874976 1.296534251588e-01 4.152211308172e-01 2.145416944392e-02 2.191354887392e+01 1.721198802839e-01
3 49 3 5.22439868 2.47118608 1.44949211 6.91142196 3.00874976 1.330229328972e-01 4.213383988940e-01 2.235732366321e-02 2.311415414270e+01 1.874010908167e-01
3 50 3 5.22439868 2.47118608 1.44949211 6.91142196 3.00874976 1.267166912535e-01 4.298137779809e-01 2.334090017289e-02 2.409879083150e+01 2.093259668420e-01
3 51 3 5.22439868 2.47118608 1.44949211 6.91142196 3.00874976 1.096941311768e-01 4.433181514824e-01 2.445637931842e-02 2.481699240906e+01 2.377346859788e-01
3 52 3 5.22439868 2.47118608 1.44949211 6.91142196 3.00874976 8.653170764228e-02 4.592258714453e-01 2.553216252613e-02 2.530204843225e+01 2.721170227512e-01
3 53 3 5.22439868 2.47118608 1.44949211 6.91142196 3.00874976 6.084356045425e-02 4.777289592207e-01 2.689484238416e-02 2.559345655322e+01 3.124972789730e-01
3 54 3 5.22439868 2.47118608 1.44949211 6.91142196 3.00874976 3.625634266829e-02 4.997400154187e-01 2.845481281664e-02 2.572003844016e+01 3.579820558532e-01
3 55 3 5.22439868 2.47118608 1.44949211 6.91142196 3.00874976 1.885624064795e-02 5.216912862312e-01 2.990552105050e-02 2.576187794625e+01 4.069269441835e-01
3 56 3 5.22439868 2.47118608 1.44949211 6.91142196 3.00874976 1.291922990163e-02 5.424749829845e-01 3.151546117021e-02 2.575556316547e+01 4.595595851567e-01
3 57 3 5.22439868 2.47118608 1.44949211 6.91142196 3.00874976 2.069183483208e-02 5.630366244667e-01 3.323334338143e-02 2.572168375058e+01 5.141508921376e-01
3 58 3 5.22439868 2.47118608 1.44949211 6.91142196 3.00874976 4.212344369782e-02 5.812656306878e-01 3.490030881819e-02 2.573047886140e+01 5.687337019805e-01
3 59 3 5.22439868 2.47118608 1.44949211 6.91142196 3.00874976 7.565096055577e-02 5.977796400016e-01 3.703467166857e-02 2.580867046550e+01 6.245413541014e-01
3 60 3 5.22439868 2.47118608 1.44949211 6.91142196 3.00874976 1.179766232213e-01 6.153044944908e-01 3.951276337786e-02 2.601329201474e+01 6.778949811011e-01
3 61 3 5.22439868 2.47118608 1.44949211 6.91142196 3.00874976 1.607947387308e-01 6.341520714471e-01 4.195376114601e-02 2.645459252658e+01 7.269565151524e-01
3 62 3 5.22439868 2.47118608 1.44949211 6.91142196 3.00874976 1.991406760244e-01 6.567444285346e-01 4.478112855775e-02 2.717206867091e+01 7.727244689175e-01
3 63 3 5.22439868 2.47118608 1.44949211 6.91142196 3.00874976 2.291447773633e-01 6.846093721318e-01 4.751595019816e-02 2.825819292913e+01 8.085393122656e-01
5 0 3 2.97929112 1.90540890 1.23205702 3.53334028 2.15087580 3.212782257176e-03 2.506811071409e-01 4.177928411454e-02 2.620084518100e+00 2.846504303663e-01
5 1 3 2.97929112 1.90540890 1.23205702 3.53334028 2.15087580 3.258148462244e-03 2.416592799831e-01 3.984266197461e-02 2.524436663749e+00 2.715717472019e-01
5 2 3 2.97929112 1.90540890 1.23205702 3.53334028 2.15087580 3.304927014117e-03 2.318891835951e-01 3.811772165987e-02 2.432972193324e+00 2.598343937444e-01
5 3 3 2.97929112 1.90540890 1.23205702 3.53334028 2.15087580 3.332287467941e-03 2.230358116437e-01 3.662732029153e-02 2.344882233622e+00 2.477634102695e-01
5 4 3 2.97929112 1.90540890 1.23205702 3.53334028 2.15087580 3.330113614937e-03 2.148257930909e-01 3.527297596388e-02 2.259249816898e+00 2.373447938416e-01
5 5 3 2.97929112 1.90540890 1.23205702 3.53334028 2.15087580 3.300808933553e-03 2.058677013928e-01 3.391628996767e-02 2.175472163432e+00 2.272336913097e-01
5 6 3 2.97929112 1.90540890 1.23205702 3.53334028 2.15087580 3.257117049555e-03 1.974095123410e-01 3.248024676443e-02 2.094076259980e+00 2.167851940642e-01
5 7 3 2.97929112 1.90540890 1.23205702 3.53334028 2.15087580 3.216715164488e-03 1.897649946076e-01 3.099703971785e-02 2.016751716502e+00 2.076408456256e-01
5 8 3 2.97929112 1.90540890 1.23205702 3.53334028 2.15087580 3.195374746180e-03 1.816141335032e-01 2.957441274650e-02 1.945025102955e+00 1.982967007035e-01
5 9 3 2.97929112 1.90540890 1.23205702 3.53334028 2.15087580 3.200912301161e-03 1.737511560038e-01 2.831267481865e-02 1.878601094072e+00 1.892558908506e-01
5 10 3 2.97929112 1.90540890 1.23205702 3.53334028 2.15087580 3.229853112616e-03 1.668842636152e-01 2.723558799961e-02 1.815104106530e+00 1.815810642921e-01
5 11 3 2.97929112 1.90540890 1.23205702 3.53334028 2.15087580 3.267824240598e-03 1.598848373179e-01 2.628175946321e-02 1.751784011569e+00 1.738663089948e-01
5 12 3 2.97929112 1.90540890 1.23205702 3.53334028 2.15087580 3.293492629341e-03 1.530759809615e-01 2.535597129689e-02 1.687810529212e+00 1.670483904867e-01
5 13 3 2.97929112 1.90540890 1.23205702 3.53334028 2.15087580 3.284762523152e-03 1.473345596833e-01 2.439841822244e-02 1.625096656652e+00 1.612397887511e-01
5 14 3 2.97929112 1.90540890 1.23205702 3.53334028 2.15087580 3.225285642570e-03 1.417722449197e-01 2.342214545052e-02 1.566907597135e+00 1.552326065968e-01
5 15 3 2.97929112 1.90540890 1.23205702 3.53334028 2.15087580 3.109303158172e-03 1.362876942458e-01 2.249640239052e-02 1.515513732265e+00 1.500390084056e-01
5 16 3 2.97929112 1.90540890 1.23205702 3.53334028 2.15087580 2.943410210477e-03 1.317616629268e-01 2.169316308188e-02 1.470876777626e+00 1.451968868016e-01
5 17 3 2.97929112 1.90540890 1.23205702 3.53334028 2.15087580 2.744805283786e-03 1.275846392250e-01 2.103726592485e-02 1.431230340511e+00 1.401353169201e-01
5 18 3 2.97929112 1.90540890 1.23205702 3.53334028 2.15087580 2.536642407839e-03 1.233471202667e-01 2.049369073447e-02 1.394689863609e+00 1.359364370319e-01
5 19 3 2.97929112 1.90540890 1.23205702 3.53334028 2.15087580 2.341923435842e-03 1.198511624280e-01 1.999671625562e-02 1.360379969840e+00 1.319563426128e-01
5 20 3 2.97929112 1.90540890 1.23205702 3.53334028 2.15087580 2.177722835485e-03 1.168002397447e-01 1.949701455516e-02 1.328396889196e+00 1.282111500415e-01
5 21 3 2.97929112 1.90540890 1.23205702 3.53334028 2.15087580 2.051354440994e-03 1.136150431679e-01 1.899326713566e-02 1.299140043650e+00 1.254846416363e-01
5 22 3 2.97929112 1.90540890 1.23205702 3.53334028 2.15087580 1.959456957446e-03 1.109741464066e-01 1.852865213787e-02 1.272892894284e+00 1.229152654682e-01
5 23 3 2.97929112 1.90540890 1.23205702 3.53334028 2.15087580 1.890103646893e-03 1.088912898198e-01 1.815780884949e-02 1.249886174137e+00 1.207661681811e-01
5 24 3 2.97929112 1.90540890 1.23205702 3.53334028 2.15087580 1.827193143278e-03 1.067254333982e-01 1.790882889254e-02 1.230383768036e+00 1.193346443404e-01
5 25 3 2.97929112 1.90540890 1.23205702 3.53334028 2.15087580 1.755786297655e-03 1.049840480713e-01 1.776584957147e-02 1.214417968718e+00 1.177571490406e-01
5 26 3 2.97929112 1.90540890 1.23205702 3.53334028 2.15087580 1.666862001724e-03 1.039375182323e-01 1.768215758914e-02 1.201458303667e+00 1.165758190318e-01
5 27 3 2.97929112 1.90540890 1.23205702 3.53334028 2.15087580 1.560196994552e-03 1.029467463275e-01 1.761304709263e-02 1.190618995109e+00 1.158338710400e-01
5 28 3 2.97929112 1.90540890 1.23205702 3.53334028 2.15087580 1.444640823608e-03 1.022971666379e-01 1.754562286698e-02 1.181500017562e+00 1.149848662384e-01
5 29 3 2.97929112 1.90540890 1.23205702 3.53334028 2.15087580 1.335788448950e-03 1.024364026766e-01 1.750617419925e-02 1.174938150244e+00 1.148115611842e-01
5 30 3 2.97929112 1.90540890 1.23205702 3.53334028 2.15087580 1.251751592075e-03 1.027699573289e-01 1.754130660698e-02 1.172786284033e+00 1.151050571011e-01
5 31 3 2.97929112 1.90540890 1.23205702 3.53334028 2.15087580 1.208219839307e-03 1.033283975650e-01 1.768614001196e-02 1.176657342622e+00 1.155519853576e-01
5 32 3 2.97929112 1.90540890 1.23205702 3.53334028 2.15087580 1.214169095074e-03 1.046665793814e-01 1.794077945000e-02 1.186612656146e+00 1.168467885738e-01
5 33 3 2.97929112 1.90540890 1.23205702 3.53334028 2.15087580 1.269386652641e-03 1.062878789520e-01 1.827041697940e-02 1.200967214566e+00 1.184033659207e-01
5 34 3 2.97929112 1.90540890 1.23205702 3.53334028 2.15087580 1.364492612908e-03 1.079682009518e-01 1.862890603056e-02 1.217452284470e+00 1.200933577354e-01
5 35 3 2.97929112 1.90540890 1.23205702 3.53334028 2.15087580 1.483470667034e-03 1.103205744180e-01 1.899034109230e-02 1.234775197970e+00 1.224573634595e-01
5 36 3 2.97929112 1.90540890 1.23205702 3.53334028 2.15087580 1.608043578784e-03 1.130222981380e-01 1.936771369993e-02 1.253295938213e+00 1.247599590296e-01
5 37 3 2.97929112 1.90540890 1.23205702 3.53334028 2.15087580 1.722712037949e-03 1.156268003321e-01 1.980570128145e-02 1.274390507920e+00 1.272899103027e-01
5 38 3 2.97929112 1.90540890 1.23205702 3.53334028 2.15087580 1.819058635297e-03 1.187593343498e-01 2.035136543117e-02 1.299237563593e+00 1.305191038767e-01
5 39 3 2.97929112 1.90540890 1.23205702 3.53334028 2.15087580 1.898072138176e-03 1.223520757551e-01 2.102156631358e-02 1.328126528569e+00 1.337500374408e-01
5 40 3 2.97929112 1.90540890 1.23205702 3.53334028 2.15087580 1.969750542056e-03 1.257858299921e-01 2.178929781226e-02 1.360687929833e+00 1.376465391446e-01
5 41 3 2.97929112 1.90540890 1.23205702 3.53334028 2.15087580 2.049979399995e-03 1.296256781793e-01 2.259980611985e-02 1.396512943044e+00 1.423402310759e-01
5 42 3 2.97929112 1.90540890 1.23205702 3.53334028 2.15087580 2.155465513709e-03 1.341089627208e-01 2.340763468189e-02 1.435438566005e+00 1.470674259960e-01
5 43 3 2.97929112 1.90540890 1.23205702 3.53334028 2.15087580 2.298116005891e-03 1.384947507921e-01 2.421027968327e-02 1.477407902342e+00 1.526213177795e-01
5 44 3 2.97929112 1.90540890 1.23205702 3.53334028 2.15087580 2.480499069852e-03 1.431740653521e-01 2.505410050950e-02 1.522414458877e+00 1.585941723657e-01
5 45 3 2.97929112 1.90540890 1.23205702 3.53334028 2.15087580 2.693803778517e-03 1.486871050595e-01 2.600533519458e-02 1.570835728544e+00 1.643721883469e-01
5 46 3 2.97929112 1.90540890 1.23205702 3.53334028 2.15087580 2.919060004715e-03 1.542267147935e-01 2.710343177559e-02 1.623709915879e+00 1.709669570924e-01
5 47 3 2.97929112 1.90540890 1.23205702 3.53334028 2.15087580 3.131449003893e-03 1.598752412981e-01 2.832882499600e-02 1.682233236013e+00 1.776402511958e-01
5 48 3 2.97929112 1.90540890 1.23205702 3.53334028 2.15087580 3.306593296396e-03 1.664346995883e-01 2.961063178041e-02 1.746513388129e+00 1.843621262942e-01
5 49 3 2.97929112 1.90540890 1.23205702 3.53334028 2.15087580 3.427051010151e-03 1.731272669728e-01 3.087341114836e-02 1.814696799707e+00 1.922781520941e-01
5 50 3 2.97929112 1.90540890 1.23205702 3.53334028 2.15087580 3.487081977027e-03 1.796234009505e-01 3.209290056082e-02 1.883667377498e+00 2.002729338855e-01
5 51 3 2.97929112 1.90540890 1.23205702 3.53334028 2.15087580 3.494185885461e-03 1.869360144492e-01 3.331997553701e-02 1.951180467162e+00 2.088469730904e-01
5 52 3 2.97929112 1.90540890 1.23205702 3.53334028 2.15087580 3.466839387024e-03 1.944849060846e-01 3.465070528427e-02 2.017737187112e+00 2.186737149294e-01
5 53 3 2.97929112 1.90540890 1.23205702 3.53334028 2.15087580 3.429015429620e-03 2.014998213148e-01 3.615837195510e-02 2.086415129848e+00 2.281443714077e-01
5 54 3 2.97929112 1.90540890 1.23205702 3.53334028 2.15087580 3.403097168843e-03 2.091383434235e-01 3.783443676095e-02 2.160595212824e+00 2.382819092382e-01
5 55 3 2.97929112 1.90540890 1.23205702 3.53334028 2.15087580 3.403361282758e-03 2.172301739365e-01 3.958478218306e-02 2.241485466404e+00 2.490715417624e-01
5 56 3 2.97929112 1.90540890 1.23205702 3.53334028 2.15087580 3.432094066812e-03 2.246013404259e-01 4.129113122967e-02 2.327561063963e+00 2.590468485499e-01
5 57 3 2.97929112 1.90540890 1.23205702 3.53334028 2.15087580 3.479621359619e-03 2.324213106475e-01 4.289854813509e-02 2.416233601604e+00 2.700817543013e-01
5 58 3 2.97929112 1.90540890 1.23205702 3.53334028 2.15087580 3.528306072506e-03 2.410957332784e-01 4.446471452913e-02 2.506035001739e+00 2.815137422139e-01
5 59 3 2.97929112 1.90540890 1.23205702 3.53334028 2.15087580 3.559280910159e-03 2.491052791967e-01 4.612815094095e-02 2.597375566950e+00 2.925884791959e-01
5 60 3 2.97929112 1.90540890 1.23205702 3.53334028 2.15087580 3.559763185002e-03 2.573947816550e-01 4.801018361399e-02 2.691598054769e+00 3.055539343145e-01
5 61 3 2.97929112 1.90540890 1.23205702 3.53334028 2.15087580 3.528563768672e-03 2.670003734548e-01 5.011885570739e-02 2.789696050575e+00 3.185916773323e-01
5 62 3 2.97929112 1.90540890 1.23205702 3.53334028 2.15087580 3.477954658538e-03 2.761316278073e-01 5.232970963223e-02 2.891957576533e+00 3.316688596082e-01
5 63 3 2.97929112 1.90540890 1.23205702 3.53334028 2.15087580 3.431236774046e-03 2.852148016661e-01 5.446725093422e-02 2.998312743081e+00 3.464966973993e-01
6 0 3 8.34938781 3.09444156 1.65132764 17.26179565 4.07792111 7.482032743747e+01 1.258805000396e+00 4.068312522299e-02 4.257343456555e+02 4.305381449343e+00
6 1 3 8.34938781 3.09444156 1.65132764 17.26179565 4.07792111 7.476563955661e+01 1.191589952191e+00 3.869364104924e-02 4.236322982410e+02 4.155159074317e+00
6 2 3 8.34938781 3.09444156 1.65132764 17.26179565 4.07792111 7.438684841532e+01 1.131988257244e+00 3.708662860496e-02 4.195152439678e+02 4.018577377191e+00
6 3 3 8.34938781 3.09444156 1.65132764 17.26179565 4.07792111 7.349518932519e+01 1.082303432053e+00 3.593947296185e-02 4.118430551194e+02 3.882918639007e+00
6 4 3 8.34938781 3.09444156 1.65132764 17.26179565 4.07792111 7.205768673133e+01 1.041273176668e+00 3.510148609146e-02 4.000091067276e+02 3.748910766251e+00
6 5 3 8.34938781 3.09444156 1.65132764 17.26179565 4.07792111 7.020265271757e+01 1.002993325406e+00 3.428766964643e-02 3.844291853018e+02 3.619220431808e+00
6 6 3 8.34938781 3.09444156 1.65132764 17.26179565 4.07792111 6.817368850295e+01 9.692700704273e-01 3.325445969400e-02 3.663679282680e+02 3.485062595348e+00
6 7 3 8.34938781 3.09444156 1.65132764 17.26179565 4.07792111 6.625010710255e+01 9.419520812949e-01 3.193704885415e-02 3.475698451249e+02 3.356186383453e+00
6 8 3 8.34938781 3.09444156 1.65132764 17.26179565 4.07792111 6.466165805444e+01 9.172530340545e-01 3.046071526616e-02 3.298241366103e+02 3.234243805708e+00
6 9 3 8.34938781 3.09444156 1.65132764 17.26179565 4.07792111 6.352493858491e+01 8.963873992237e-01 2.903041107918e-02 3.145957061345e+02 3.115541899791e+00
6 10 3 8.34938781 3.09444156 1.65132764 17.26179565 4.07792111 6.281916074012e+01 8.814768966979e-01 2.778551079347e-02 3.027987956150e+02 3.008765502108e+00
6 11 3 8.34938781 3.09444156 1.65132764 17.26179565 4.07792111 6.240456999131e+01 8.684882261857e-01 2.672253792746e-02 2.947151631149e+02 2.907978319831e+00
6 12 3 8.34938781 3.09444156 1.65132764 17.26179565 4.07792111 6.207338061321e+01 8.572926203486e-01 2.573141758855e-02 2.900162824202e+02 2.810879185285e+00
6 13 3 8.34938781 3.09444156 1.65132764 17.26179565 4.07792111 6.161488810125e+01 8.511792001645e-01 2.470625431387e-02 2.878565035001e+02 2.722648162829e+00
6 14 3 8.34938781 3.09444156 1.65132764 17.26179565 4.07792111 6.087502863634e+01 8.479471091406e-01 2.364180643906e-02 2.870330586644e+02 2.636182481471e+00
6 15 3 8.34938781 3.09444156 1.65132764 17.26179565 4.07792111 5.979502870037e+01 8.470178654363e-01 2.264451830186e-02 2.862152647704e+02 2.554845738218e+00
6 16 3 8.34938781 3.09444156 1.65132764 17.26179565 4.07792111 5.842135477030e+01 8.513084469432e-01 2.185451333607e-02 2.842145844623e+02 2.481741220869e+00
6 17 3 8.34938781 3.09444156 1.65132764 17.26179565 4.07792111 5.688723917753e+01 8.579099808601e-01 2.134042104331e-02 2.802280677826e+02 2.411134417538e+00
6 18 3 8.34938781 3.09444156 1.65132764 17.26179565 4.07792111 5.537273033968e+01 8.635501193538e-01 2.104553237259e-02 2.739818537704e+02 2.348548879248e+00
6 19 3 8.34938781 3.09444156 1.65132764 17.26179565 4.07792111 5.405457382349e+01 8.701047629302e-01 2.082281732056e-02 2.657407504217e+02 2.292794755463e+00
6 20 3 8.34938781 3.09444156 1.65132764 17.26179565 4.07792111 5.305897228625e+01 8.761239272613e-01 2.053066516527e-02 2.562047757188e+02 2.240207471011e+00
6 21 3 8.34938781 3.09444156 1.65132764 17.26179565 4.07792111 5.242930518614e+01 8.791672695671e-01 2.011917873939e-02 2.463430076929e+02 2.196401332068e+00
6 22 3 8.34938781 3.09444156 1.65132764 17.26179565 4.07792111 5.211724553438e+01 8.824727722052e-01 1.964709773820e-02 2.372066784258e+02 2.156971310559e+00
6 23 3 8.34938781 3.09444156 1.65132764 17.26179565 4.07792111 5.199980850444e+01 8.866920031585e-01 1.922189293931e-02 2.297415112209e+02 2.120562995027e+00
6 24 3 8.34938781 3.09444156 1.65132764 17.26179565 4.07792111 5.191782761783e+01 8.887493237586e-01 1.891092966078e-02 2.246152213210e+02 2.090108236022e+00
6 25 3 8.34938781 3.09444156 1.65132764 17.26179565 4.07792111 5.172501365562e+01 8.901606636942e-01 1.869045416463e-02 2.220931321986e+02 2.059111959563e+00
6 26 3 8.34938781 3.09444156 1.65132764 17.26179565 4.07792111 5.133317917796e+01 8.917422974104e-01 1.846957055642e-02 2.220050202497e+02 2.029572409471e+00
6 27 3 8.34938781 3.09444156 1.65132764 17.26179565 4.07792111 5.073989797715e+01 8.904374181115e-01 1.817083587301e-02 2.238223997418e+02 2.004026362545e+00
6 28 3 8.34938781 3.09444156 1.65132764 17.26179565 4.07792111 5.002997431174e+01 8.881426968500e-01 1.780746003113e-02 2.268143702960e+02 1.979959597088e+00
6 29 3 8.34938781 3.09444156 1.65132764 17.26179565 4.07792111 4.935018118576e+01 8.884920151451e-01 1.749843931535e-02 2.302115782582e+02 1.964819740365e+00
6 30 3 8.34938781 3.09444156 1.65132764 17.26179565 4.07792111 4.886515673669e+01 8.901518422214e-01 1.740597244956e-02 2.333176289238e+02 1.960125507687e+00
6 31 3 8.34938781 3.09444156 1.65132764 17.26179565 4.07792111 4.870824816429e+01 8.939086206291e-01 1.763417957928e-02 2.355605767305e+02 1.964287919062e+00
6 32 3 8.34938781 3.09444156 1.65132764 17.26179565 4.07792111 4.894244575218e+01 9.021825684850e-01 1.815669271717e-02 2.365285350161e+02 1.981463616136e+00
6 33 3 8.34938781 3.09444156 1.65132764 17.26179565 4.07792111 4.954296857472e+01 9.113388283012e-01 1.882328799346e-02 2.360365336997e+02 2.005407784869e+00
6 34 3 8.34938781 3.09444156 1.65132764 17.26179565 4.07792111 5.040591716938e+01 9.184151092843e-01 1.944378680125e-02 2.342220970668e+02 2.032509269810e+00
6 35 3 8.34938781 3.09444156 1.65132764 17.26179565 4.07792111 5.137925555973e+01 9.248776083225e-01 1.989587778689e-02 2.316085190817e+02 2.063633001556e+00
6 36 3 8.34938781 3.09444156 1.65132764 17.26179565 4.07792111 5.230596969395e+01 9.286895903643e-01 2.018729989085e-02 2.290619484964e+02 2.092215771391e+00
6 37 3 8.34938781 3.09444156 1.65132764 17.26179565 4.07792111 5.306648279511e+01 9.281449989625e-01 2.043341377553e-02 2.276178467756e+02 2.121300899417e+00
6 38 3 8.34938781 3.09444156 1.65132764 17.26179565 4.07792111 5.360875084002e+01 9.271818364243e-01 2.076832227673e-02 2.282278600871e+02 2.154282337776e+00
6 39 3 8.34938781 3.09444156 1.65132764 17.26179565 4.07792111 5.395893316676e+01 9.265108723361e-01 2.125257384155e-02 2.315221362057e+02 2.188647250325e+00
6 40 3 8.34938781 3.09444156 1.65132764 17.26179565 4.07792111 5.421129450270e+01 9.238404902433e-01 2.184188676693e-02 2.376654992731e+02 2.231277633047e+00
6 41 3 8.34938781 3.09444156 1.65132764 17.26179565 4.07792111 5.450119048431e+01 9.215626586448e-01 2.243749578831e-02 2.463303379884e+02 2.281685371488e+00
6 42 3 8.34938781 3.09444156 1.65132764 17.26179565 4.07792111 5.496844127699e+01 9.202175543642e-01 2.297962439570e-02 2.567629750762e+02 2.336833763269e+00
6 43 3 8.34938781 3.09444156 1.65132764 17.26179565 4.07792111 5.571983688330e+01 9.165883298400e-01 2.351310882574e-02 2.679128149012e+02 2.401964313825e+00
6 44 3 8.34938781 3.09444156 1.65132764 17.26179565 4.07792111 5.679930180259e+01 9.129689919340e-01 2.417280924998e-02 2.786110334243e+02 2.471948814966e+00
6 45 3 8.34938781 3.09444156 1.65132764 17.26179565 4.07792111 5.817282297762e+01 9.124358134945e-01 2.509466004606e-02 2.877916311855e+02 2.546386264616e+00
6 46 3 8.34938781 3.09444156 1.65132764 17.26179565 4.07792111 5.973274395134e+01 9.129970800581e-01 2.631493790821e-02 2.947247914664e+02 2.629661862503e+00
6 47 3 8.34938781 3.09444156 1.65132764 17.26179565 4.07792111 6.132229731633e+01 9.160740689842e-01 2.773323478217e-02 2.992015469087e+02 2.714935315110e+00
6 48 3 8.34938781 3.09444156 1.65132764 17.26179565 4.07792111 6.277632219678e+01 9.243610874151e-01 2.917141888040e-02 3.016065831560e+02 2.805542336033e+00
6 49 3 8.34938781 3.09444156 1.65132764 17.26179565 4.07792111 6.396878561437e+01 9.341497995836e-01 3.049052193043e-02 3.028547978117e+02 2.902924141099e+00
6 50 3 8.34938781 3.09444156 1.65132764 17.26179565 4.07792111 6.485372356930e+01 9.441229111095e-01 3.168143247644e-02 3.042192339834e+02 3.000701873625e+00
6 51 3 8.34938781 3.09444156 1.65132764 17.26179565 4.07792111 6.548567795692e+01 9.573048911880e-01 3.286020453441e-02 3.071027101627e+02 3.106323159890e+00
6 52 3 8.34938781 3.09444156 1.65132764 17.26179565 4.07792111 6.601007149267e+01 9.716806305890e-01 3.416768742797e-02 3.127913768829e+02 3.218016904857e+00
6 53 3 8.34938781 3.09444156 1.65132764 17.26179565 4.07792111 6.662285773045e+01 9.865521406557e-01 3.564722277281e-02 3.222047812716e+02 3.332102299173e+00
6 54 3 8.34938781 3.09444156 1.65132764 17.26179565 4.07792111 6.750959677078e+01 1.006758478803e+00 3.719672151065e-02 3.356615710804e+02 3.456018441332e+00
6 55 3 8.34938781 3.09444156 1.65132764 17.26179565 4.07792111 6.878273381898e+01 1.031537230759e+00 3.864092718980e-02 3.527158382405e+02 3.581206589530e+00
6 56 3 8.34938781 3.09444156 1.65132764 17.26179565 4.07792111 7.043841206515e+01 1.058475718696e+00 3.987900514693e-02 3.721468283977e+02 3.706183467607e+00
6 57 3 8.34938781 3.09444156 1.65132764 17.26179565 4.07792111 7.234887477746e+01 1.091902457914e+00 4.099840091370e-02 3.921601144944e+02 3.836211757573e+00
6 58 3 8.34938781 3.09444156 1.65132764 17.26179565 4.07792111 7.429485749209e+01 1.132441568980e+00 4.226005783165e-02 4.107787199542e+02 3.962231280298e+00
6 59 3 8.34938781 3.09444156 1.65132764 17.26179565 4.07792111 7.602860287083e+01 1.177796389024e+00 4.394859982803e-02 4.263149579380e+02 4.092681458866e+00
6 60 3 8.34938781 3.09444156 1.65132764 17.26179565 4.07792111 7.734752801345e+01 1.233495050870e+00 4.618271694329e-02 4.377755728582e+02 4.232838973046e+00
6 61 3 8.34938781 3.09444156 1.65132764 17.26179565 4.07792111 7.815510928305e+01 1.301968580518e+00 4.881966770851e-02 4.450851109119e+02 4.375943861856e+00
6 62 3 8.34938781 3.09444156 1.65132764 17.26179565 4.07792111 7.849020303599e+01 1.378351019240e+00 5.152965657477e-02 4.490875096439e+02 4.532741555560e+00
6 63 3 8.34938781 3.09444156 1.65132764 17.26179565 4.07792111 7.851656181815e+01 1.464362066872e+00 5.399792077361e-02 4.513564483797e+02 4.696653269798e+00
10 0 3 4.12972033 5.09519188 2.08795428 6.98859122 5.78450247 2.285262472281e-01 1.158057856342e+01 1.717886676363e-01 2.493546484646e+01 1.629934489739e+01
10 1 3 4.12972033 5.09519188 2.08795428 6.98859122 5.78450247 2.169535100807e-01 1.141755660729e+01 1.650061870313e-01 2.463398332736e+01 1.622206366824e+01
10 2 3 4.12972033 5.09519188 2.08795428 6.98859122 5.78450247 2.038475928134e-01 1.113602474518e+01 1.582803244435e-01 2.413342064695e+01 1.620645735553e+01
10 3 3 4.12972033 5.09519188 2.08795428 6.98859122 5.78450247 1.892123142248e-01 1.075661697308e+01 1.519013648922e-01 2.363634173501e+01 1.633099250319e+01
10 4 3 4.12972033 5.09519188 2.08795428 6.98859122 5.78450247 1.731554288789e-01 1.029810035233e+01 1.463211590645e-01 2.333677980494e+01 1.659767899964e+01
10 5 3 4.12972033 5.09519188 2.08795428 6.98859122 5.78450247 1.559492159287e-01 9.792098209141e+00 1.417311688310e-01 2.334817843036e+01 1.699932998065e+01
10 6 3 4.12972033 5.09519188 2.08795428 6.98859122 5.78450247 1.380269756996e-01 9.293345771765e+00 1.378526800171e-01 2.366999115954e+01 1.749197016205e+01
10 7 3 4.12972033 5.09519188 2.08795428 6.98859122 5.78450247 1.199462373004e-01 8.831063428436e+00 1.341052629402e-01 2.419934231045e+01 1.797088761185e+01
10 8 3 4.12972033 5.09519188 2.08795428 6.98859122 5.78450247 1.023310147183e-01 8.417327632962e+00 1.300074575274e-01 2.477308449629e+01 1.835872715391e+01
10 9 3 4.12972033 5.09519188 2.08795428 6.98859122 5.78450247 8.579212460859e-02 8.081331407633e+00 1.254866160772e-01 2.522026726620e+01 1.858890505008e+01
10 10 3 4.12972033 5.09519188 2.08795428 6.98859122 5.78450247 7.083442437170e-02 7.836795657040e+00 1.208706727033e-01 2.541140175398e+01 1.860729797446e+01
10 11 3 4.12972033 5.09519188 2.08795428 6.98859122 5.78450247 5.778149836733e-02 7.670693877410e+00 1.166056376331e-01 2.529612614049e+01 1.845272904924e+01
10 12 3 4.12972033 5.09519188 2.08795428 6.98859122 5.78450247 4.675538807245e-02 7.575095168657e+00 1.129522255083e-01 2.491975427205e+01 1.820734512972e+01
10 13 3 4.12972033 5.09519188 2.08795428 6.98859122 5.78450247 3.772650573336e-02 7.529087322343e+00 1.098955062828e-01 2.440905770491e+01 1.796128081056e+01
10 14 3 4.12972033 5.09519188 2.08795428 6.98859122 5.78450247 3.060848705614e-02 7.485267544033e+00 1.072904882747e-01 2.392712955901e+01 1.783401293513e+01
10 15 3 4.12972033 5.09519188 2.08795428 6.98859122 5.78450247 2.534389531357e-02 7.411819892196e+00 1.050611270805e-01 2.361348098778e+01 1.788714849320e+01
10 16 3 4.12972033 5.09519188 2.08795428 6.98859122 5.78450247 2.193263938490e-02 7.296141939421e+00 1.032481748529e-01 2.353553596347e+01 1.810140133984e+01
10 17 3 4.12972033 5.09519188 2.08795428 6.98859122 5.78450247 2.039351390516e-02 7.120743728267e+00 1.018692227025e-01 2.367177051217e+01 1.843069788105e+01
10 18 3 4.12972033 5.09519188 2.08795428 6.98859122 5.78450247 2.069376292051e-02 6.886825314585e+00 1.007505752463e-01 2.392908254628e+01 1.877314042628e+01
10 19 3 4.12972033 5.09519188 2.08795428 6.98859122 5.78450247 2.270085864402e-02 6.619969225259e+00 9.953286288530e-02 2.418127635067e+01 1.901073170823e+01
10 20 3 4.12972033 5.09519188 2.08795428 6.98859122 5.78450247 2.619211943814e-02 6.337507042524e+00 9.789819186659e-02 2.431142687809e+01 1.908447415052e+01
10 21 3 4.12972033 5.09519188 2.08795428 6.98859122 5.78450247 3.091583373391e-02 6.059404389586e+00 9.585017384346e-02 2.424614632978e+01 1.896207805986e+01
10 22 3 4.12972033 5.09519188 2.08795428 6.98859122 5.78450247 3.666234321210e-02 5.823370070353e+00 9.379390060123e-02 2.397570244282e+01 1.865983309283e+01
10 23 3 4.12972033 5.09519188 2.08795428 6.98859122 5.78450247 4.329877727966e-02 5.652045550483e+00 9.229825672034e-02 2.355607650951e+01 1.827330592002e+01
10 24 3 4.12972033 5.09519188 2.08795428 6.98859122 5.78450247 5.074793602734e-02 5.547286993513e+00 9.167986150305e-02 2.309078022016e+01 1.790172022668e+01
10 25 3 4.12972033 5.09519188 2.08795428 6.98859122 5.78450247 5.892956857835e-02 5.510874082657e+00 9.171861736350e-02 2.269624068792e+01 1.763489935959e+01
10 26 3 4.12972033 5.09519188 2.08795428 6.98859122 5.78450247 6.770462049214e-02 5.527779141183e+00 9.174961048620e-02 2.246304896434e+01 1.755314516390e+01
10 27 3 4.12972033 5.09519188 2.08795428 6.98859122 5.78450247 7.685649778167e-02 5.565804138456e+00 9.110781352596e-02 2.242891812806e+01 1.765787898322e+01
10 28 3 4.12972033 5.09519188 2.08795428 6.98859122 5.78450247 8.611561031784e-02 5.611396900810e+00 8.962748993401e-02 2.257308353486e+01 1.789908358627e+01
10 29 3 4.12972033 5.09519188 2.08795428 6.98859122 5.78450247 9.520577269855e-02 5.663724280154e+00 8.782996300837e-02 2.283014535276e+01 1.821729557967e+01
10 30 3 4.12972033 5.09519188 2.08795428 6.98859122 5.78450247 1.038823296721e-01 5.713873951966e+00 8.663597660778e-02 2.311333804743e+01 1.851522856043e+01
10 31 3 4.12972033 5.09519188 2.08795428 6.98859122 5.78450247 1.119453971823e-01 5.760895060853e+00 8.677458936766e-02 2.333813270642e+01 1.870848447981e+01
10 32 3 4.12972033 5.09519188 2.08795428 6.98859122 5.78450247 1.192340483950e-01 5.805079337698e+00 8.828722070453e-02 2.344303298041e+01 1.876026478671e+01
10 33 3 4.12972033 5.09519188 2.08795428 6.98859122 5.78450247 1.256198458500e-01 5.824993987407e+00 9.047379854466e-02 2.340724652758e+01 1.864547962470e+01
10 34 3 4.12972033 5.09519188 2.08795428 6.98859122 5.78450247 1.310112179983e-01 5.804125996940e+00 9.232776061785e-02 2.326149742566e+01 1.839590155875e+01
10 35 3 4.12972033 5.09519188 2.08795428 6.98859122 5.78450247 1.353607403086e-01 5.751853336576e+00 9.316849841971e-02 2.308406008436e+01 1.810959741346e+01
10 36 3 4.12972033 5.09519188 2.08795428 6.98859122 5.78450247 1.386536006259e-01 5.683028090413e+00 9.304430902423e-02 2.297694152556e+01 1.788038601964e+01
10 37 3 4.12972033 5.09519188 2.08795428 6.98859122 5.78450247 1.408625748755e-01 5.623124386784e+00 9.264261906203e-02 2.302789770449e+01 1.780194886118e+01
10 38 3 4.12972033 5.09519188 2.08795428 6.98859122 5.78450247 1.418819221110e-01 5.615743458891e+00 9.278915257097e-02 2.327452141950e+01 1.793823202844e+01
10 39 3 4.12972033 5.09519188 2.08795428 6.98859122 5.78450247 1.414812707744e-01 5.686067684078e+00 9.389653408085e-02 2.368752884504e+01 1.825722754157e+01
10 40 3 4.12972033 5.09519188 2.08795428 6.98859122 5.78450247 1.393265886746e-01 5.832029544439e+00 9.573893332245e-02 2.418027184547e+01 1.868115711124e+01
10 41 3 4.12972033 5.09519188 2.08795428 6.98859122 5.78450247 1.350868014268e-01 6.049974847526e+00 9.767966834567e-02 2.463846637292e+01 1.911097688107e+01
10 42 3 4.12972033 5.09519188 2.08795428 6.98859122 5.78450247 1.285934378651e-01 6.322850964157e+00 9.915328229067e-02 2.495739497230e+01 1.941600952300e+01
10 43 3 4.12972033 5.09519188 2.08795428 6.98859122 5.78450247 1.199779731252e-01 6.614813802290e+00 1.000418301421e-01 2.507516791914e+01 1.951755045948e+01
10 44 3 4.12972033 5.09519188 2.08795428 6.98859122 5.78450247 1.097083018101e-01 6.903349402342e+00 1.006959420051e-01 2.499440086322e+01 1.940460227042e+01
10 45 3 4.12972033 5.09519188 2.08795428 6.98859122 5.78450247 9.849081372491e-02 7.172568225437e+00 1.016347522962e-01 2.478604731907e+01 1.909984289291e+01
10 46 3 4.12972033 5.09519188 2.08795428 6.98859122 5.78450247 8.707541302019e-02 7.392860560489e+00 1.031891311642e-01 2.457021098033e+01 1.870437934156e+01
10 47 3 4.12972033 5.09519188 2.08795428 6.98859122 5.78450247 7.605567134260e-02 7.551054663828e+00 1.053574750322e-01 2.447516724211e+01 1.835187648514e+01
10 48 3 4.12972033 5.09519188 2.08795428 6.98859122 5.78450247 6.576036204261e-02 7.658583108395e+00 1.079376134324e-01 2.458765471052e+01 1.812826660240e+01
10 49 3 4.12972033 5.09519188 2.08795428 6.98859122 5.78450247 5.628179649950e-02 7.722852461154e+00 1.107655321537e-01 2.491617148807e+01 1.809512590364e+01
10 50 3 4.12972033 5.09519188 2.08795428 6.98859122 5.78450247 4.761121461573e-02 7.763130225616e+00 1.138272652245e-01 2.538513269471e+01 1.824845846868e+01
10 51 3 4.12972033 5.09519188 2.08795428 6.98859122 5.78450247 3.979762863190e-02 7.821562138108e+00 1.171583568583e-01 2.586197161295e+01 1.849366183363e+01
10 52 3 4.12972033 5.09519188 2.08795428 6.98859122 5.78450247 3.304470723315e-02 7.923631842136e+00 1.206635185740e-01 2.620327384837e+01 1.873668220559e+01
10 53 3 4.12972033 5.09519188 2.08795428 6.98859122 5.78450247 2.770668047675e-02 8.081068149368e+00 1.240750820320e-01 2.630125286657e+01 1.888306353481e+01
10 54 3 4.12972033 5.09519188 2.08795428 6.98859122 5.78450247 2.420507361478e-02 8.320709880679e+00 1.271397013490e-01 2.611809362044e+01 1.884011946306e+01
10 55 3 4.12972033 5.09519188 2.08795428 6.98859122 5.78450247 2.292464555312e-02 8.654625157923e+00 1.298925072038e-01 2.570269607271e+01 1.859996972875e+01
10 56 3 4.12972033 5.09519188 2.08795428 6.98859122 5.78450247 2.414211620075e-02 9.068822366119e+00 1.327605880649e-01 2.518498555939e+01 1.819655308439e+01
10 57 3 4.12972033 5.09519188 2.08795428 6.98859122 5.78450247 2.800809032664e-02 9.556071393810e+00 1.363558080571e-01 2.474205317866e+01 1.767887373060e+01
10 58 3 4.12972033 5.09519188 2.08795428 6.98859122 5.78450247 3.456952770510e-02 1.009193972561e+01 1.410832356810e-01 2.453816564843e+01 1.715957380283e+01
10 59 3 4.12972033 5.09519188 2.08795428 6.98859122 5.78450247 4.380701635702e-02 1.061294111395e+01 1.468742961793e-01 2.465778946439e+01 1.673332321864e+01
10 60 3 4.12972033 5.09519188 2.08795428 6.98859122 5.78450247 5.566592353602e-02 1.106957648009e+01 1.532784946334e-01 2.506343502655e+01 1.644371927753e+01
10 61 3 4.12972033 5.09519188 2.08795428 6.98859122 5.78450247 7.006736847489e-02 1.143765202537e+01 1.598592595373e-01 2.560322098870e+01 1.632687927614e+01
10 62 3 4.12972033 5.09519188 2.08795428 6.98859122 5.78450247 8.688468967193e-02 1.169080614442e+01 1.665777664182e-01 2.606754762222e+01 1.633914816750e+01
10 63 3 4.12972033 5.09519188 2.08795428 6.98859122 5.78450247 1.058732186697e-01 1.184152970918e+01 1.738453381816e-01 2.626862697268e+01 1.637970011504e+01
11 0 3 7.24110827 5.43467818 2.17212777 10.89657414 10.08086264 1.280716221795e-02 1.753321020789e+01 3.969657949115e-01 1.115041039111e+02 8.390306851096e+01
11 1 3 7.24110827 5.43467818 2.17212777 10.89657414 10.08086264 1.193893013612e-02 1.659896840829e+01 3.811793788327e-01 1.084254890580e+02 8.302046017837e+01
11 2 3 7.24110827 5.43467818 2.17212777 10.89657414 10.08086264 1.102761276619e-02 1.556399057195e+01 3.653216205404e-01 1.037593414994e+02 8.053196870766e+01
11 3 3 7.24110827 5.43467818 2.17212777 10.89657414 10.08086264 9.951565321811e-03 1.448181297320e+01 3.506970794720e-01 9.792163993778e+01 7.644370347772e+01
11 4 3 7.24110827 5.43467818 2.17212777 10.89657414 10.08086264 8.618226138373e-03 1.338399911086e+01 3.381613969999e-01 9.151566632571e+01 7.114911784526e+01
11 5 3 7.24110827 5.43467818 2.17212777 10.89657414 10.08086264 7.091093665848e-03 1.228572230004e+01 3.276525338354e-01 8.520203040404e+01 6.526555269502e+01
11 6 3 7.24110827 5.43467818 2.17212777 10.89657414 10.08086264 5.612614965937e-03 1.121332646857e+01 3.180979598579e-01 7.957768360948e+01 5.945939730872e+01
11 7 3 7.24110827 5.43467818 2.17212777 10.89657414 10.08086264 4.466750331824e-03 1.017701049159e+01 3.079153204714e-01 7.508894425166e+01 5.441197690733e+01
11 8 3 7.24110827 5.43467818 2.17212777 10.89657414 10.08086264 3.779509711109e-03 9.178979853170e+00 2.961288082124e-01 7.198483477084e+01 5.061049731885e+01
11 9 3 7.24110827 5.43467818 2.17212777 10.89657414 10.08086264 3.432132739339e-03 8.254908105805e+00 2.833508613862e-01 7.030369486376e+01 4.834707585136e+01
11 10 3 7.24110827 5.43467818 2.17212777 10.89657414 10.08086264 3.168533386668e-03 7.448312759169e+00 2.715480639955e-01 6.988399359728e+01 4.774531075207e+01
11 11 3 7.24110827 5.43467818 2.17212777 10.89657414 10.08086264 2.801639729693e-03 6.776502576575e+00 2.624767541173e-01 7.039586055899e+01 4.861235006160e+01
11 12 3 7.24110827 5.43467818 2.17212777 10.89657414 10.08086264 2.338809028404e-03 6.245429773540e+00 2.561275385179e-01 7.139428028598e+01 5.050888231551e+01
11 13 3 7.24110827 5.43467818 2.17212777 10.89657414 10.08086264 1.934333162261e-03 5.846922064371e+00 2.507216937083e-01 7.239209060807e+01 5.281593586393e+01
11 14 3 7.24110827 5.43467818 2.17212777 10.89657414 10.08086264 1.739522492233e-03 5.555665247581e+00 2.443063553067e-01 7.294236397791e+01 5.481914256851e+01
11 15 3 7.24110827 5.43467818 2.17212777 10.89657414 10.08086264 1.794503351962e-03 5.364617251377e+00 2.363816728786e-01 7.271253979749e+01 5.596072780289e+01
11 16 3 7.24110827 5.43467818 2.17212777 10.89657414 10.08086264 2.034545179395e-03 5.284691786428e+00 2.280479834770e-01 7.153318317403e+01 5.588342165192e+01
11 17 3 7.24110827 5.43467818 2.17212777 10.89657414 10.08086264 2.363231422763e-03 5.310736417827e+00 2.207507612194e-01 6.941283431773e+01 5.445280743803e+01
11 18 3 7.24110827 5.43467818 2.17212777 10.89657414 10.08086264 2.703306812364e-03 5.429016762839e+00 2.150089876558e-01 6.652149253187e+01 5.182863040880e+01
11 19 3 7.24110827 5.43467818 2.17212777 10.89657414 10.08086264 2.996115229714e-03 5.627311607403e+00 2.102393826346e-01 6.315217147334e+01 4.833190442373e+01
11 20 3 7.24110827 5.43467818 2.17212777 10.89657414 10.08086264 3.192746749882e-03 5.880079033893e+00 2.055234165778e-01 5.967018625124e+01 4.440188996269e+01
11 21 3 7.24110827 5.43467818 2.17212777 10.89657414 10.08086264 3.278417635360e-03 6.164064947876e+00 2.004033588334e-01 5.645643532008e+01 4.057415875844e+01
11 22 3 7.24110827 5.43467818 2.17212777 10.89657414 10.08086264 3.309388011933e-03 6.474264382175e+00 1.951134363759e-01 5.384911676046e+01 3.733305239156e+01
11 23 3 7.24110827 5.43467818 2.17212777 10.89657414 10.08086264 3.403868345911e-03 6.801322836273e+00 1.903274432391e-01 5.209051368627e+01 3.509158308234e+01
11 24 3 7.24110827 5.43467818 2.17212777 10.89657414 10.08086264 3.666189822378e-03 7.131227456984e+00 1.867293487044e-01 5.128921941894e+01 3.411932487195e+01
11 25 3 7.24110827 5.43467818 2.17212777 10.89657414 10.08086264 4.096971696539e-03 7.460714847037e+00 1.845710409787e-01 5.140835332846e+01 3.444158865088e+01
11 26 3 7.24110827 5.43467818 2.17212777 10.89657414 10.08086264 4.569242272023e-03 7.775062406114e+00 1.833855849879e-01 5.228394904818e+01 3.590435350710e+01
11 27 3 7.24110827 5.43467818 2.17212777 10.89657414 10.08086264 4.899799326809e-03 8.043451707768e+00 1.821692845390e-01 5.366701287525e+01 3.816950777680e+01
11 28 3 7.24110827 5.43467818 2.17212777 10.89657414 10.08086264 4.965801055131e-03 8.252346151402e+00 1.801379590528e-01 5.527408589106e+01 4.076176124582e+01
11 29 3 7.24110827 5.43467818 2.17212777 10.89657414 10.08086264 4.782330456959e-03 8.405091451122e+00 1.775385102002e-01 5.683032884216e+01 4.322542677010e+01
11 30 3 7.24110827 5.43467818 2.17212777 10.89657414 10.08086264 4.491470299127e-03 8.506447716791e+00 1.756738567402e-01 5.809697026742e+01 4.515080083008e+01
11 31 3 7.24110827 5.43467818 2.17212777 10.89657414 10.08086264 4.277898510942e-03 8.571841390989e+00 1.758979938115e-01 5.888620592321e+01 4.623733567424e+01
11 32 3 7.24110827 5.43467818 2.17212777 10.89657414 10.08086264 4.266704443545e-03 8.609955857872e+00 1.784040541927e-01 5.907357965027e+01 4.633759689048e+01
11 33 3 7.24110827 5.43467818 2.17212777 10.89657414 10.08086264 4.457923541137e-03 8.597278586498e+00 1.819785742283e-01 5.861571075538e+01 4.539717844542e+01
11 34 3 7.24110827 5.43467818 2.17212777 10.89657414 10.08086264 4.726897099192e-03 8.508993301976e+00 1.850145599866e-01 5.757159589304e+01 4.354455809445e+01
11 35 3 7.24110827 5.43467818 2.17212777 10.89657414 10.08086264 4.890120567862e-03 8.346271426518e+00 1.868379135148e-01 5.611568021610e+01 4.112252583862e+01
11 36 3 7.24110827 5.43467818 2.17212777 10.89657414 10.08086264 4.807228176485e-03 8.118575104297e+00 1.881297862005e-01 5.452811282012e+01 3.858366716669e+01
11 37 3 7.24110827 5.43467818 2.17212777 10.89657414 10.08086264 4.464991539237e-03 7.843047370236e+00 1.901772024379e-01 5.315494401602e+01 3.645592894290e+01
11 38 3 7.24110827 5.43467818 2.17212777 10.89657414 10.08086264 3.987908427036e-03 7.547779591214e+00 1.937817282199e-01 5.234449575505e+01 3.520846093548e+01
11 39 3 7.24110827 5.43467818 2.17212777 10.89657414 10.08086264 3.560168062710e-03 7.243573906054e+00 1.987838399832e-01 5.237757540634e+01 3.514333778933e+01
11 40 3 7.24110827 5.43467818 2.17212777 10.89657414 10.08086264 3.308431536819e-03 6.926410284998e+00 2.043914503531e-01 5.341183978610e+01 3.641411352272e+01
11 41 3 7.24110827 5.43467818 2.17212777 10.89657414 10.08086264 3.230391716964e-03 6.607641761123e+00 2.098187872734e-01 5.545359530601e+01 3.894460407600e+01
11 42 3 7.24110827 5.43467818 2.17212777 10.89657414 10.08086264 3.219733595740e-03 6.303426331730e+00 2.147536394232e-01 5.835893807743e+01 4.245167651266e+01
11 43 3 7.24110827 5.43467818 2.17212777 10.89657414 10.08086264 3.157454742463e-03 6.024406712033e+00 2.195198391171e-01 6.185770781569e+01 4.653621345060e+01
11 44 3 7.24110827 5.43467818 2.17212777 10.89657414 10.08086264 2.987943335045e-03 5.796296081540e+00 2.249155956626e-01 6.559221075134e+01 5.066139070914e+01
11 45 3 7.24110827 5.43467818 2.17212777 10.89657414 10.08086264 2.726767145603e-03 5.648543490149e+00 2.316730823431e-01 6.916613699047e+01 5.427251930413e+01
11 46 3 7.24110827 5.43467818 2.17212777 10.89657414 10.08086264 2.422868466837e-03 5.591813213764e+00 2.397551312440e-01 7.220194862028e+01 5.689882411764e+01
11 47 3 7.24110827 5.43467818 2.17212777 10.89657414 10.08086264 2.135540223420e-03 5.634535997039e+00 2.481468840953e-01 7.440302608407e+01 5.818410814240e+01
11 48 3 7.24110827 5.43467818 2.17212777 10.89657414 10.08086264 1.945345055060e-03 5.786180256396e+00 2.556452781519e-01 7.561096087781e+01 5.805938438432e+01
11 49 3 7.24110827 5.43467818 2.17212777 10.89657414 10.08086264 1.953422127729e-03 6.046099390060e+00 2.621536357687e-01 7.584392699903e+01 5.674434960289e+01
11 50 3 7.24110827 5.43467818 2.17212777 10.89657414 10.08086264 2.224860352194e-03 6.427995572463e+00 2.691585983712e-01 7.530415637273e+01 5.467172213420e+01
11 51 3 7.24110827 5.43467818 2.17212777 10.89657414 10.08086264 2.710390248487e-03 6.961422075503e+00 2.786161013178e-01 7.435135761869e+01 5.249084142933e+01
11 52 3 7.24110827 5.43467818 2.17212777 10.89657414 10.08086264 3.242918273828e-03 7.649735243054e+00 2.911187087578e-01 7.344913868969e+01 5.085150143179e+01
11 53 3 7.24110827 5.43467818 2.17212777 10.89657414 10.08086264 3.657181966052e-03 8.470808412455e+00 3.051674425316e-01 7.309661535042e+01 5.027602078036e+01
11 54 3 7.24110827 5.43467818 2.17212777 10.89657414 10.08086264 3.950197269168e-03 9.400416475012e+00 3.183841561352e-01 7.375531316030e+01 5.116541342276e+01
11 55 3 7.24110827 5.43467818 2.17212777 10.89657414 10.08086264 4.326969885876e-03 1.040435738071e+01 3.295327229726e-01 7.577646103103e+01 5.367560043657e+01
11 56 3 7.24110827 5.43467818 2.17212777 10.89657414 10.08086264 5.060258317612e-03 1.145712720232e+01 3.394340407796e-01 7.933267656232e+01 5.775647010533e+01
11 57 3 7.24110827 5.43467818 2.17212777 10.89657414 10.08086264 6.269131252339e-03 1.256572782530e+01 3.500760755050e-01 8.436374991181e+01 6.313357534487e+01
11 58 3 7.24110827 5.43467818 2.17212777 10.89657414 10.08086264 7.810591333341e-03 1.372609301088e+01 3.629723788691e-01 9.055411818991e+01 6.920406335903e+01
11 59 3 7.24110827 5.43467818 2.17212777 10.89657414 10.08086264 9.380848225017e-03 1.490102377792e+01 3.782297862703e-01 9.736059627361e+01 7.524761773373e+01
11 60 3 7.24110827 5.43467818 2.17212777 10.89657414 10.08086264 1.073072558895e-02 1.605932380303e+01 3.947593219472e-01 1.040971700939e+02 8.054728539073e+01
11 61 3 7.24110827 5.43467818 2.17212777 10.89657414 10.08086264 1.180547193838e-02 1.716727797680e+01 4.110758908336e-01 1.100626776992e+02 8.448846083223e+01
11 62 3 7.24110827 5.43467818 2.17212777 10.89657414 10.08086264 1.270966649701e-02 1.817105022453e+01 4.261129472629e-01 1.146787013417e+02 8.679956004368e+01
11 63 3 7.24110827 5.43467818 2.17212777 10.89657414 10.08086264 1.356685737710e-02 1.904533231435e+01 4.398360223496e-01 1.176006742346e+02 8.746818383242e+01
13 0 3 7.27613896 3.65707808 1.79107243 29.47734291 4.92801282 1.903775640819e+01 2.593357171765e+00 1.880898788377e-01 1.170969087356e+03 7.157540678304e+00
13 1 3 7.27613896 3.65707808 1.79107243 29.47734291 4.92801282 1.788172987811e+01 2.515617575611e+00 1.808044249098e-01 1.146593345627e+03 6.892243524737e+00
13 2 3 7.27613896 3.65707808 1.79107243 29.47734291 4.92801282 1.688474524299e+01 2.431144952575e+00 1.735784491628e-01 1.114625155647e+03 6.647833194060e+00
13 3 3 7.27613896 3.65707808 1.79107243 29.47734291 4.92801282 1.604753047245e+01 2.346321743301e+00 1.667770420966e-01 1.076264745471e+03 6.408874225938e+00
13 4 3 7.27613896 3.65707808 1.79107243 29.47734291 4.92801282 1.536310774713e+01 2.261734121134e+00 1.603970023449e-01 1.033746189216e+03 6.181125191223e+00
13 5 3 7.27613896 3.65707808 1.79107243 29.47734291 4.92801282 1.481853359896e+01 2.173253949883e+00 1.541632332467e-01 9.899932742509e+02 5.959794417497e+00
13 6 3 7.27613896 3.65707808 1.79107243 29.47734291 4.92801282 1.439981909759e+01 2.087128004257e+00 1.478492732215e-01 9.481651900084e+02 5.735086018993e+00
13 7 3 7.27613896 3.65707808 1.79107243 29.47734291 4.92801282 1.409637018569e+01 2.007247038032e+00 1.415462801707e-01 9.111028523653e+02 5.520805263191e+00
13 8 3 7.27613896 3.65707808 1.79107243 29.47734291 4.92801282 1.390191062019e+01 1.930842020782e+00 1.356645269186e-01 8.807906693221e+02 5.316906101319e+00
13 9 3 7.27613896 3.65707808 1.79107243 29.47734291 4.92801282 1.381149066410e+01 1.862672183138e+00 1.306667803185e-01 8.580085704390e+02 5.126957744717e+00
13 10 3 7.27613896 3.65707808 1.79107243 29.47734291 4.92801282 1.381688190454e+01 1.806712166665e+00 1.267348236700e-01 8.422882859897e+02 4.963122186494e+00
13 11 3 7.27613896 3.65707808 1.79107243 29.47734291 4.92801282 1.390359826372e+01 1.758018012620e+00 1.236137001062e-01 8.321461418470e+02 4.815596094085e+00
13 12 3 7.27613896 3.65707808 1.79107243 29.47734291 4.92801282 1.405151471285e+01 1.716284117575e+00 1.207431967073e-01 8.254583744499e+02 4.681331791336e+00
13 13 3 7.27613896 3.65707808 1.79107243 29.47734291 4.92801282 1.423864912060e+01 1.683953203164e+00 1.175813701173e-01 8.198499983646e+02 4.557963167283e+00
13 14 3 7.27613896 3.65707808 1.79107243 29.47734291 4.92801282 1.444582514930e+01 1.656809574184e+00 1.138996398998e-01 8.130497775694e+02 4.431447842081e+00
13 15 3 7.27613896 3.65707808 1.79107243 29.47734291 4.92801282 1.465975016827e+01 1.634620443715e+00 1.098640643085e-01 8.032222797879e+02 4.305018554316e+00
13 16 3 7.27613896 3.65707808 1.79107243 29.47734291 4.92801282 1.487337326344e+01 1.622184764385e+00 1.058749904990e-01 7.892665323945e+02 4.180242377130e+00
13 17 3 7.27613896 3.65707808 1.79107243 29.47734291 4.92801282 1.508411303022e+01 1.617589463874e+00 1.022980130237e-01 7.710098363975e+02 4.054811112647e+00
13 18 3 7.27613896 3.65707808 1.79107243 29.47734291 4.92801282 1.529147848955e+01 1.619042150144e+00 9.927295392296e-02 7.492109588826e+02 3.940005281529e+00
13 19 3 7.27613896 3.65707808 1.79107243 29.47734291 4.92801282 1.549532631512e+01 1.629868280425e+00 9.670897072988e-02 7.253544551751e+02 3.836437679920e+00
13 20 3 7.27613896 3.65707808 1.79107243 29.47734291 4.92801282 1.569501326755e+01 1.647896355656e+00 9.443150398326e-02 7.013139775807e+02 3.743712920371e+00
13 21 3 7.27613896 3.65707808 1.79107243 29.47734291 4.92801282 1.588893634573e+01 1.669391520115e+00 9.234640199789e-02 6.790031032948e+02 3.668461844663e+00
13 22 3 7.27613896 3.65707808 1.79107243 29.47734291 4.92801282 1.607398676332e+01 1.696681919979e+00 9.049410595186e-02 6.600905711933e+02 3.604221065072e+00
13 23 3 7.27613896 3.65707808 1.79107243 29.47734291 4.92801282 1.624510919993e+01 1.728086345201e+00 8.896606405486e-02 6.457872912467e+02 3.548958140690e+00
13 24 3 7.27613896 3.65707808 1.79107243 29.47734291 4.92801282 1.639573666304e+01 1.757661709900e+00 8.776687955213e-02 6.366887796113e+02 3.503035507469e+00
13 25 3 7.27613896 3.65707808 1.79107243 29.47734291 4.92801282 1.651970848123e+01 1.785165262627e+00 8.674686851506e-02 6.326921640887e+02 3.457056814888e+00
13 26 3 7.27613896 3.65707808 1.79107243 29.47734291 4.92801282 1.661432585203e+01 1.809493123857e+00 8.567384505201e-02 6.330424665639e+02 3.412318691130e+00
13 27 3 7.27613896 3.65707808 1.79107243 29.47734291 4.92801282 1.668308759212e+01 1.825890983885e+00 8.440398936588e-02 6.365341034534e+02 3.370782164488e+00
13 28 3 7.27613896 3.65707808 1.79107243 29.47734291 4.92801282 1.673624913042e+01 1.836838478377e+00 8.302998658607e-02 6.418059205758e+02 3.331127246349e+00
13 29 3 7.27613896 3.65707808 1.79107243 29.47734291 4.92801282 1.678813585326e+01 1.847465750545e+00 8.188968674952e-02 6.475998195539e+02 3.303924859159e+00
13 30 3 7.27613896 3.65707808 1.79107243 29.47734291 4.92801282 1.685181599044e+01 1.857122182859e+00 8.140831402500e-02 6.528794264857e+02 3.293153495031e+00
13 31 3 7.27613896 3.65707808 1.79107243 29.47734291 4.92801282 1.693335625571e+01 1.867404923049e+00 8.186092144256e-02 6.568186659499e+02 3.298726400337e+00
13 32 3 7.27613896 3.65707808 1.79107243 29.47734291 4.92801282 1.702843549935e+01 1.880895093875e+00 8.320179579300e-02 6.587769755948e+02 3.324998245344e+00
13 33 3 7.27613896 3.65707808 1.79107243 29.47734291 4.92801282 1.712314215926e+01 1.891885211361e+00 8.507191836814e-02 6.583805487525e+02 3.363514417529e+00
13 34 3 7.27613896 3.65707808 1.79107243 29.47734291 4.92801282 1.719877201606e+01 1.895108274006e+00 8.698598836175e-02 6.557174681203e+02 3.407353025482e+00
13 35 3 7.27613896 3.65707808 1.79107243 29.47734291 4.92801282 1.723846027376e+01 1.891237908514e+00 8.858786322221e-02 6.515214611715e+02 3.455288675096e+00
13 36 3 7.27613896 3.65707808 1.79107243 29.47734291 4.92801282 1.723262549503e+01 1.877918503429e+00 8.982118582349e-02 6.471802915614e+02 3.499281903893e+00
13 37 3 7.27613896 3.65707808 1.79107243 29.47734291 4.92801282 1.718093364065e+01 1.854207457169e+00 9.091814707663e-02 6.444975663699e+02 3.542590083145e+00
13 38 3 7.27613896 3.65707808 1.79107243 29.47734291 4.92801282 1.709035945038e+01 1.826965295963e+00 9.222678484525e-02 6.452866451670e+02 3.591523741240e+00
13 39 3 7.27613896 3.65707808 1.79107243 29.47734291 4.92801282 1.697084648531e+01 1.799841507984e+00 9.399813365286e-02 6.509637043162e+02 3.645379501426e+00
13 40 3 7.27613896 3.65707808 1.79107243 29.47734291 4.92801282 1.683098728191e+01 1.772308594802e+00 9.627190043326e-02 6.622752933751e+02 3.712904412148e+00
13 41 3 7.27613896 3.65707808 1.79107243 29.47734291 4.92801282 1.667565995026e+01 1.748782028126e+00 9.892256058367e-02 6.791912375622e+02 3.795706971458e+00
13 42 3 7.27613896 3.65707808 1.79107243 29.47734291 4.92801282 1.650613344563e+01 1.731397861281e+00 1.018111375498e-01 7.009167254867e+02 3.889011059217e+00
13 43 3 7.27613896 3.65707808 1.79107243 29.47734291 4.92801282 1.632177682354e+01 1.716937505988e+00 1.049144110725e-01 7.259832833158e+02 3.996975139709e+00
13 44 3 7.27613896 3.65707808 1.79107243 29.47734291 4.92801282 1.612200986230e+01 1.707799933584e+00 1.083265752443e-01 7.524305060669e+02 4.112830396898e+00
13 45 3 7.27613896 3.65707808 1.79107243 29.47734291 4.92801282 1.590764622062e+01 1.707453164795e+00 1.121328680685e-01 7.781074446887e+02 4.231090625768e+00
13 46 3 7.27613896 3.65707808 1.79107243 29.47734291 4.92801282 1.568170192632e+01 1.712927802589e+00 1.162635093261e-01 8.010683712868e+02 4.355093609006e+00
13 47 3 7.27613896 3.65707808 1.79107243 29.47734291 4.92801282 1.545022908296e+01 1.724896196822e+00 1.204647129852e-01 8.199608748827e+02 4.476825909281e+00
13 48 3 7.27613896 3.65707808 1.79107243 29.47734291 4.92801282 1.522337856542e+01 1.746981515707e+00 1.244424783206e-01 8.342857588001e+02 4.598796752371e+00
13 49 3 7.27613896 3.65707808 1.79107243 29.47734291 4.92801282 1.501605931891e+01 1.776259892451e+00 1.280976335299e-01 8.444729107395e+02 4.729407568206e+00
13 50 3 7.27613896 3.65707808 1.79107243 29.47734291 4.92801282 1.484710327963e+01 1.812543885508e+00 1.316796664328e-01 8.518050179157e+02 4.866623333285e+00
13 51 3 7.27613896 3.65707808 1.79107243 29.47734291 4.92801282 1.473640333260e+01 1.861426064055e+00 1.357197567869e-01 8.582498444243e+02 5.022369292737e+00
13 52 3 7.27613896 3.65707808 1.79107243 29.47734291 4.92801282 1.470088323836e+01 1.921564287009e+00 1.407501993398e-01 8.662174246557e+02 5.201466186867e+00
13 53 3 7.27613896 3.65707808 1.79107243 29.47734291 4.92801282 1.475138975979e+01 1.990202415160e+00 1.469788317541e-01 8.782112489742e+02 5.395776844199e+00
13 54 3 7.27613896 3.65707808 1.79107243 29.47734291 4.92801282 1.489256682637e+01 2.070269424300e+00 1.541413168645e-01 8.963696887648e+02 5.609215824972e+00
13 55 3 7.27613896 3.65707808 1.79107243 29.47734291 4.92801282 1.512617700721e+01 2.157603941464e+00 1.616480773275e-01 9.219892470332e+02 5.830216445590e+00
13 56 3 7.27613896 3.65707808 1.79107243 29.47734291 4.92801282 1.545607389746e+01 2.244411400923e+00 1.689401316239e-01 9.551921446329e+02 6.047784283877e+00
13 57 3 7.27613896 3.65707808 1.79107243 29.47734291 4.92801282 1.589169066292e+01 2.332272722209e+00 1.758128055035e-01 9.948631783863e+02 6.269780566970e+00
13 58 3 7.27613896 3.65707808 1.79107243 29.47734291 4.92801282 1.644763890520e+01 2.419962967041e+00 1.824795802995e-01 1.038852881035e+03 6.489244990334e+00
13 59 3 7.27613896 3.65707808 1.79107243 29.47734291 4.92801282 1.713954808354e+01 2.500711963440e+00 1.893334420959e-01 1.084335117850e+03 6.712505358928e+00
13 60 3 7.27613896 3.65707808 1.79107243 29.47734291 4.92801282 1.797895870978e+01 2.578069323418e+00 1.965914637869e-01 1.128207556548e+03 6.953466129473e+00
13 61 3 7.27613896 3.65707808 1.79107243 29.47734291 4.92801282 1.897094028273e+01 2.655609995101e+00 2.041067764621e-01 1.167509259535e+03 7.201875510355e+00
13 62 3 7.27613896 3.65707808 1.79107243 29.47734291 4.92801282 2.011631548296e+01 2.728219338596e+00 2.115131968083e-01 1.199887889509e+03 7.464715437557e+00
13 63 3 7.27613896 3.65707808 1.79107243 29.47734291 4.92801282 2.141701460282e+01 2.801403031031e+00 2.186064774410e-01 1.224099081997e+03 7.742250687621e+00
16 0 3 7.00391331 4.39084041 1.95227962 20.76978207 6.33189940 1.277356077907e+00 4.944668262657e+00 2.686672415847e-01 7.050938967975e+02 2.146788466705e+01
16 1 3 7.00391331 4.39084041 1.95227962 20.76978207 6.33189940 1.226947644143e+00 4.758003597346e+00 2.580391886426e-01 6.720738218655e+02 2.044557582135e+01
16 2 3 7.00391331 4.39084041 1.95227962 20.76978207 6.33189940 1.160959061952e+00 4.586031556276e+00 2.477113936727e-01 6.309067104885e+02 1.958118848731e+01
16 3 3 7.00391331 4.39084041 1.95227962 20.76978207 6.33189940 1.081792855336e+00 4.432246927492e+00 2.382025019674e-01 5.865591023223e+02 1.885945437438e+01
16 4 3 7.00391331 4.39084041 1.95227962 20.76978207 6.33189940 9.926819467496e-01 4.292652762613e+00 2.297058148125e-01 5.440319787053e+02 1.830374899174e+01
16 5 3 7.00391331 4.39084041 1.95227962 20.76978207 6.33189940 8.972909526385e-01 4.157973769372e+00 2.221561448947e-01 5.074183328810e+02 1.789994940316e+01
16 6 3 7.00391331 4.39084041 1.95227962 20.76978207 6.33189940 7.989722862345e-01 4.034562726173e+00 2.153329612091e-01 4.793409835748e+02 1.760709936738e+01
16 7 3 7.00391331 4.39084041 1.95227962 20.76978207 6.33189940 7.002201397896e-01 3.921879218134e+00 2.089101042282e-01 4.608012110667e+02 1.739942951767e+01
16 8 3 7.00391331 4.39084041 1.95227962 20.76978207 6.33189940 6.026930470555e-01 3.806158653828e+00 2.024992924168e-01 4.513328498687e+02 1.720410668326e+01
16 9 3 7.00391331 4.39084041 1.95227962 20.76978207 6.33189940 5.077305584206e-01 3.686160993929e+00 1.957613650285e-01 4.493290630944e+02 1.696408854836e+01
16 10 3 7.00391331 4.39084041 1.95227962 20.76978207 6.33189940 4.169367459284e-01 3.565070595583e+00 1.885641456479e-01 4.524498223393e+02 1.665935681602e+01
16 11 3 7.00391331 4.39084041 1.95227962 20.76978207 6.33189940 3.323983429315e-01 3.440479201022e+00 1.810737622979e-01 4.580525518501e+02 1.626093079061e+01
16 12 3 7.00391331 4.39084041 1.95227962 20.76978207 6.33189940 2.564118163868e-01 3.323251557667e+00 1.736885537586e-01 4.635885396451e+02 1.578506054852e+01
16 13 3 7.00391331 4.39084041 1.95227962 20.76978207 6.33189940 1.909474659053e-01 3.228829629232e+00 1.668438733958e-01 4.669043956103e+02 1.525894001363e+01
16 14 3 7.00391331 4.39084041 1.95227962 20.76978207 6.33189940 1.372185559873e-01 3.157565746443e+00 1.608150748936e-01 4.664161860832e+02 1.468561891128e+01
16 15 3 7.00391331 4.39084041 1.95227962 20.76978207 6.33189940 9.558715134237e-02 3.109621054994e+00 1.556344799754e-01 4.611748661309e+02 1.409328686946e+01
16 16 3 7.00391331 4.39084041 1.95227962 20.76978207 6.33189940 6.577645048391e-02 3.088471632018e+00 1.511390392320e-01 4.508733039316e+02 1.349624560330e+01
16 17 3 7.00391331 4.39084041 1.95227962 20.76978207 6.33189940 4.718437423250e-02 3.086433398210e+00 1.470792465779e-01 4.358327234310e+02 1.290057439335e+01
16 18 3 7.00391331 4.39084041 1.95227962 20.76978207 6.33189940 3.910618158985e-02 3.097984148902e+00 1.432167338177e-01 4.169690832709e+02 1.234195100736e+01
16 19 3 7.00391331 4.39084041 1.95227962 20.76978207 6.33189940 4.081044385847e-02 3.127734053063e+00 1.393931600929e-01 3.957167640511e+02 1.183840512307e+01
16 20 3 7.00391331 4.39084041 1.95227962 20.76978207 6.33189940 5.152990857013e-02 3.173097219065e+00 1.355874139200e-01 3.738939232293e+02 1.140879350090e+01
16 21 3 7.00391331 4.39084041 1.95227962 20.76978207 6.33189940 7.043970103085e-02 3.229639922089e+00 1.319519433664e-01 3.535129697244e+02 1.108264925373e+01
16 22 3 7.00391331 4.39084041 1.95227962 20.76978207 6.33189940 9.663113945481e-02 3.302113342872e+00 1.287758802786e-01 3.365477752613e+02 1.085836837278e+01
16 23 3 7.00391331 4.39084041 1.95227962 20.76978207 6.33189940 1.290476455565e-01 3.388288591013e+00 1.263381998753e-01 3.246684136508e+02 1.073577000920e+01
16 24 3 7.00391331 4.39084041 1.95227962 20.76978207 6.33189940 1.663883684536e-01 3.478220995949e+00 1.247047373354e-01 3.189654569395e+02 1.070888605181e+01
16 25 3 7.00391331 4.39084041 1.95227962 20.76978207 6.33189940 2.070663880394e-01 3.568943062465e+00 1.236123416379e-01 3.197162880544e+02 1.074372716251e+01
16 26 3 7.00391331 4.39084041 1.95227962 20.76978207 6.33189940 2.493340629184e-01 3.654092691312e+00 1.225691109091e-01 3.262706607028e+02 1.082018771856e+01
16 27 3 7.00391331 4.39084041 1.95227962 20.76978207 6.33189940 2.915987304448e-01 3.721192630110e+00 1.211577330406e-01 3.371170330318e+02 1.091551609894e+01
16 28 3 7.00391331 4.39084041 1.95227962 20.76978207 6.33189940 3.327928906650e-01 3.770724204157e+00 1.193563330978e-01 3.501302415356e+02 1.100336254120e+01
16 29 3 7.00391331 4.39084041 1.95227962 20.76978207 6.33189940 3.725594793035e-01 3.809920802965e+00 1.176352346099e-01 3.629328874981e+02 1.108678586978e+01
16 30 3 7.00391331 4.39084041 1.95227962 20.76978207 6.33189940 4.110705569463e-01 3.839091214451e+00 1.167190208733e-01 3.732759952962e+02 1.116178618963e+01
16 31 3 7.00391331 4.39084041 1.95227962 20.76978207 6.33189940 4.485090108690e-01 3.862453880737e+00 1.171416030844e-01 3.793718904432e+02 1.122141821712e+01
16 32 3 7.00391331 4.39084041 1.95227962 20.76978207 6.33189940 4.844765291888e-01 3.884235329976e+00 1.188892197665e-01 3.801582318290e+02 1.127036439134e+01
16 33 3 7.00391331 4.39084041 1.95227962 20.76978207 6.33189940 5.176800513270e-01 3.893683021500e+00 1.213849402736e-01 3.754884879085e+02 1.129010873994e+01
16 34 3 7.00391331 4.39084041 1.95227962 20.76978207 6.33189940 5.461129336785e-01 3.880364912399e+00 1.238367515961e-01 3.662192199136e+02 1.126968414166e+01
16 35 3 7.00391331 4.39084041 1.95227962 20.76978207 6.33189940 5.676594309620e-01 3.845133396897e+00 1.257170519060e-01 3.541359953270e+02 1.121742599436e+01
16 36 3 7.00391331 4.39084041 1.95227962 20.76978207 6.33189940 5.807957820450e-01 3.786928331176e+00 1.270533268940e-01 3.416767844412e+02 1.113606340441e+01
16 37 3 7.00391331 4.39084041 1.95227962 20.76978207 6.33189940 5.850076479387e-01 3.708636743816e+00 1.283513634138e-01 3.314833791787e+02 1.105575150593e+01
16 38 3 7.00391331 4.39084041 1.95227962 20.76978207 6.33189940 5.807272342323e-01 3.625333214796e+00 1.302328792642e-01 3.258927930465e+02 1.101454556020e+01
16 39 3 7.00391331 4.39084041 1.95227962 20.76978207 6.33189940 5.688888227891e-01 3.545416355208e+00 1.330532533684e-01 3.265114414628e+02 1.103222710781e+01
16 40 3 7.00391331 4.39084041 1.95227962 20.76978207 6.33189940 5.504106228533e-01 3.468437164238e+00 1.367453423484e-01 3.339735575989e+02 1.114021482683e+01
16 41 3 7.00391331 4.39084041 1.95227962 20.76978207 6.33189940 5.259034458852e-01 3.400549984588e+00 1.409478033519e-01 3.479061751499e+02 1.135056921376e+01
16 42 3 7.00391331 4.39084041 1.95227962 20.76978207 6.33189940 4.957100415328e-01 3.344800760396e+00 1.452786982815e-01 3.670617461689e+02 1.165633516573e+01
16 43 3 7.00391331 4.39084041 1.95227962 20.76978207 6.33189940 4.601508061582e-01 3.296521933645e+00 1.495523585337e-01 3.895625832020e+02 1.206372654194e+01
16 44 3 7.00391331 4.39084041 1.95227962 20.76978207 6.33189940 4.197566067310e-01 3.260391289636e+00 1.538287777418e-01 4.132104580530e+02 1.255502524078e+01
16 45 3 7.00391331 4.39084041 1.95227962 20.76978207 6.33189940 3.753546582386e-01 3.243810500223e+00 1.583260341461e-01 4.358173758888e+02 1.311065913435e+01
16 46 3 7.00391331 4.39084041 1.95227962 20.76978207 6.33189940 3.280403772032e-01 3.245146411967e+00 1.632959447842e-01 4.555031731801e+02 1.372632277020e+01
16 47 3 7.00391331 4.39084041 1.95227962 20.76978207 6.33189940 2.791630859351e-01 3.268817857051e+00 1.689297814648e-01 4.709058618821e+02 1.437157054766e+01
16 48 3 7.00391331 4.39084041 1.95227962 20.76978207 6.33189940 2.303997027412e-01 3.322984533472e+00 1.752940132197e-01 4.812816434817e+02 1.502778629799e+01
16 49 3 7.00391331 4.39084041 1.95227962 20.76978207 6.33189940 1.838520102872e-01 3.402074807259e+00 1.822798170679e-01 4.865190783004e+02 1.567899341597e+01
16 50 3 7.00391331 4.39084041 1.95227962 20.76978207 6.33189940 1.420232321405e-01 3.499066735176e+00 1.895918733472e-01 4.871179979746e+02 1.627701417686e+01
16 51 3 7.00391331 4.39084041 1.95227962 20.76978207 6.33189940 1.075980473346e-01 3.611687681875e+00 1.968303810017e-01 4.841672585998e+02 1.679771011780e+01
16 52 3 7.00391331 4.39084041 1.95227962 20.76978207 6.33189940 8.311480463540e-02 3.727202390586e+00 2.036726411129e-01 4.793155349499e+02 1.721858651407e+01
16 53 3 7.00391331 4.39084041 1.95227962 20.76978207 6.33189940 7.072684127880e-02 3.836063461599e+00 2.100642535051e-01 4.747033091472e+02 1.751684015549e+01
16 54 3 7.00391331 4.39084041 1.95227962 20.76978207 6.33189940 7.218750564708e-02 3.945973477773e+00 2.162846871303e-01 4.728257707425e+02 1.772975563264e+01
16 55 3 7.00391331 4.39084041 1.95227962 20.76978207 6.33189940 8.899976960117e-02 4.060241532987e+00 2.228244681015e-01 4.763060671597e+02 1.789630505207e+01
16 56 3 7.00391331 4.39084041 1.95227962 20.76978207 6.33189940 1.225167897856e-01 4.177150489009e+00 2.301520370834e-01 4.875585438475e+02 1.806015826863e+01
16 57 3 7.00391331 4.39084041 1.95227962 20.76978207 6.33189940 1.738165936281e-01 4.305175078710e+00 2.385279422718e-01 5.083306121995e+02 1.829264088485e+01
16 58 3 7.00391331 4.39084041 1.95227962 20.76978207 6.33189940 2.433869595319e-01 4.443551916103e+00 2.479632557735e-01 5.391667323109e+02 1.861531140544e+01
16 59 3 7.00391331 4.39084041 1.95227962 20.76978207 6.33189940 3.308575695529e-01 4.580780990197e+00 2.582801732722e-01 5.789368455782e+02 1.904920369800e+01
16 60 3 7.00391331 4.39084041 1.95227962 20.76978207 6.33189940 4.350057282177e-01 4.722881503376e+00 2.691642820017e-01 6.246456716049e+02 1.962868146116e+01
16 61 3 7.00391331 4.39084041 1.95227962 20.76978207 6.33189940 5.540209956568e-01 4.879435297340e+00 2.801760391540e-01 6.717033363160e+02 2.034466033076e+01
16 62 3 7.00391331 4.39084041 1.95227962 20.76978207 6.33189940 6.857507957174e-01 5.048518367556e+00 2.908197319615e-01 7.146790000958e+02 2.121950171677e+01
16 63 3 7.00391331 4.39084041 1.95227962 20.76978207 6.33189940 8.276293231177e-01 5.243406428035e+00 3.007731142622e-01 7.483678527720e+02 2.226314522824e+01
17 0 3 5.64530664 3.70074581 1.79528294 14.07971529 4.70709820 5.137865140302e+00 2.782229225769e+00 1.992504422667e-01 2.350923648820e+02 8.007063437182e+00
17 1 3 5.64530664 3.70074581 1.79528294 14.07971529 4.70709820 4.961244522737e+00 2.758735806728e+00 1.917702122233e-01 2.335000517624e+02 7.735476535540e+00
17 2 3 5.64530664 3.70074581 1.79528294 14.07971529 4.70709820 4.833735022096e+00 2.745176876984e+00 1.850277331081e-01 2.333389244523e+02 7.465933783538e+00
17 3 3 5.64530664 3.70074581 1.79528294 14.07971529 4.70709820 4.733519092383e+00 2.741832150697e+00 1.789349329260e-01 2.340480222543e+02 7.185452460905e+00
17 4 3 5.64530664 3.70074581 1.79528294 14.07971529 4.70709820 4.645915159346e+00 2.740570383224e+00 1.730094459155e-01 2.349836662758e+02 6.909565605356e+00
17 5 3 5.64530664 3.70074581 1.79528294 14.07971529 4.70709820 4.573331770245e+00 2.727286723348e+00 1.667040591811e-01 2.354786791420e+02 6.634932966149e+00
17 6 3 5.64530664 3.70074581 1.79528294 14.07971529 4.70709820 4.530388254958e+00 2.702416883435e+00 1.597933317230e-01 2.349407129886e+02 6.366062212299e+00
17 7 3 5.64530664 3.70074581 1.79528294 14.07971529 4.70709820 4.529077968880e+00 2.666533058196e+00 1.525515166825e-01 2.329378252064e+02 6.122209222776e+00
17 8 3 5.64530664 3.70074581 1.79528294 14.07971529 4.70709820 4.566424681687e+00 2.613370081985e+00 1.456016073255e-01 2.292332439718e+02 5.896769797825e+00
17 9 3 5.64530664 3.70074581 1.79528294 14.07971529 4.70709820 4.624357311451e+00 2.548102328467e+00 1.395396063222e-01 2.237729930043e+02 5.692973653858e+00
17 10 3 5.64530664 3.70074581 1.79528294 14.07971529 4.70709820 4.681377446952e+00 2.477747722688e+00 1.345842816258e-01 2.166579770459e+02 5.514555797020e+00
17 11 3 5.64530664 3.70074581 1.79528294 14.07971529 4.70709820 4.726432065090e+00 2.398537386714e+00 1.304750107284e-01 2.081238480479e+02 5.344582215390e+00
17 12 3 5.64530664 3.70074581 1.79528294 14.07971529 4.70709820 4.764258903819e+00 2.312946608892e+00 1.266667457641e-01 1.985242593734e+02 5.184108555368e+00
17 13 3 5.64530664 3.70074581 1.79528294 14.07971529 4.70709820 4.808674503507e+00 2.228286025308e+00 1.226767014672e-01 1.882995142535e+02 5.030783474608e+00
17 14 3 5.64530664 3.70074581 1.79528294 14.07971529 4.70709820 4.869710366618e+00 2.142051560399e+00 1.183527597616e-01 1.779261065407e+02 4.873753645849e+00
17 15 3 5.64530664 3.70074581 1.79528294 14.07971529 4.70709820 4.944786771960e+00 2.055053880345e+00 1.139061353409e-01 1.678644269137e+02 4.722583846349e+00
17 16 3 5.64530664 3.70074581 1.79528294 14.07971529 4.70709820 5.020334837802e+00 1.975648249721e+00 1.097189255662e-01 1.585256221499e+02 4.577102201660e+00
17 17 3 5.64530664 3.70074581 1.79528294 14.07971529 4.70709820 5.081879886588e+00 1.904036349326e+00 1.060805744826e-01 1.502603964922e+02 4.435220435072e+00
17 18 3 5.64530664 3.70074581 1.79528294 14.07971529 4.70709820 5.124288849777e+00 1.839891357092e+00 1.030332229649e-01 1.433535357870e+02 4.309121178613e+00
17 19 3 5.64530664 3.70074581 1.79528294 14.07971529 4.70709820 5.154304493997e+00 1.790620933109e+00 1.004091594154e-01 1.380087468839e+02 4.195569776213e+00
17 20 3 5.64530664 3.70074581 1.79528294 14.07971529 4.70709820 5.183867013058e+00 1.756768862821e+00 9.800213251233e-02 1.343262452492e+02 4.094471159360e+00
17 21 3 5.64530664 3.70074581 1.79528294 14.07971529 4.70709820 5.219849723215e+00 1.734465167246e+00 9.572909292784e-02 1.322890386085e+02 4.012466636895e+00
17 22 3 5.64530664 3.70074581 1.79528294 14.07971529 4.70709820 5.258291321702e+00 1.726483115995e+00 9.366329647279e-02 1.317684629214e+02 3.939916098980e+00
17 23 3 5.64530664 3.70074581 1.79528294 14.07971529 4.70709820 5.287426463577e+00 1.730560784431e+00 9.192697965198e-02 1.325434976348e+02 3.875676374792e+00
17 24 3 5.64530664 3.70074581 1.79528294 14.07971529 4.70709820 5.296984411675e+00 1.738177399329e+00 9.053998184498e-02 1.343218737095e+02 3.820220146464e+00
17 25 3 5.64530664 3.70074581 1.79528294 14.07971529 4.70709820 5.286599659668e+00 1.748320408328e+00 8.935255289556e-02 1.367615023135e+02 3.763245550234e+00
17 26 3 5.64530664 3.70074581 1.79528294 14.07971529 4.70709820 5.267076729384e+00 1.760124991094e+00 8.812644645229e-02 1.395036464134e+02 3.709198108268e+00
17 27 3 5.64530664 3.70074581 1.79528294 14.07971529 4.70709820 5.253737150569e+00 1.767680161208e+00 8.671639896001e-02 1.422245550835e+02 3.661102024745e+00
17 28 3 5.64530664 3.70074581 1.79528294 14.07971529 4.70709820 5.256896390499e+00 1.773169570638e+00 8.522429239814e-02 1.446893592003e+02 3.617181847735e+00
17 29 3 5.64530664 3.70074581 1.79528294 14.07971529 4.70709820 5.276387162752e+00 1.781830643051e+00 8.400714459866e-02 1.467740861784e+02 3.589532416315e+00
17 30 3 5.64530664 3.70074581 1.79528294 14.07971529 4.70709820 5.303763249935e+00 1.791226033229e+00 8.351292396587e-02 1.484330167569e+02 3.580493748005e+00
17 31 3 5.64530664 3.70074581 1.79528294 14.07971529 4.70709820 5.329997467279e+00 1.801875703348e+00 8.403353145407e-02 1.496273518427e+02 3.588383202401e+00
17 32 3 5.64530664 3.70074581 1.79528294 14.07971529 4.70709820 5.352503708380e+00 1.816823510621e+00 8.552520459333e-02 1.502661524195e+02 3.618948457929e+00
17 33 3 5.64530664 3.70074581 1.79528294 14.07971529 4.70709820 5.376066148392e+00 1.829850533960e+00 8.761144791787e-02 1.502084439165e+02 3.662931993556e+00
17 34 3 5.64530664 3.70074581 1.79528294 14.07971529 4.70709820 5.407098143412e+00 1.835729432306e+00 8.977323182299e-02 1.493329036226e+02 3.713702649727e+00
17 35 3 5.64530664 3.70074581 1.79528294 14.07971529 4.70709820 5.445909399297e+00 1.836512746122e+00 9.161562151844e-02 1.476312131660e+02 3.771804607901e+00
17 36 3 5.64530664 3.70074581 1.79528294 14.07971529 4.70709820 5.483356049067e+00 1.829690340865e+00 9.305333223689e-02 1.452638317077e+02 3.827058758101e+00
17 37 3 5.64530664 3.70074581 1.79528294 14.07971529 4.70709820 5.505036465753e+00 1.814033069352e+00 9.431028472181e-02 1.425457333629e+02 3.881748270376e+00
17 38 3 5.64530664 3.70074581 1.79528294 14.07971529 4.70709820 5.500398902333e+00 1.798125013084e+00 9.574638614831e-02 1.398787747244e+02 3.942469037489e+00
17 39 3 5.64530664 3.70074581 1.79528294 14.07971529 4.70709820 5.470097065111e+00 1.786820976582e+00 9.763185896531e-02 1.376762426625e+02 4.006151577019e+00
17 40 3 5.64530664 3.70074581 1.79528294 14.07971529 4.70709820 5.425844527245e+00 1.780715309699e+00 1.000155415920e-01 1.363147056180e+02 4.082875807852e+00
17 41 3 5.64530664 3.70074581 1.79528294 14.07971529 4.70709820 5.382425710253e+00 1.787064243629e+00 1.027620246772e-01 1.361154031808e+02 4.176557259079e+00
17 42 3 5.64530664 3.70074581 1.79528294 14.07971529 4.70709820 5.347496576324e+00 1.809033994390e+00 1.057123437814e-01 1.373351503391e+02 4.281466120204e+00
17 43 3 5.64530664 3.70074581 1.79528294 14.07971529 4.70709820 5.316768210878e+00 1.841986928450e+00 1.088374115719e-01 1.401516757496e+02 4.404254597161e+00
17 44 3 5.64530664 3.70074581 1.79528294 14.07971529 4.70709820 5.278361626423e+00 1.887688165345e+00 1.122632469015e-01 1.446473993060e+02 4.539099294881e+00
17 45 3 5.64530664 3.70074581 1.79528294 14.07971529 4.70709820 5.223180336500e+00 1.947731714051e+00 1.161470470587e-01 1.508041051893e+02 4.678169678530e+00
17 46 3 5.64530664 3.70074581 1.79528294 14.07971529 4.70709820 5.153319272596e+00 2.015465529035e+00 1.205023938640e-01 1.585103146210e+02 4.827193396037e+00
17 47 3 5.64530664 3.70074581 1.79528294 14.07971529 4.70709820 5.081744088066e+00 2.090322552792e+00 1.251215230476e-01 1.675689625501e+02 4.977224531337e+00
17 48 3 5.64530664 3.70074581 1.79528294 14.07971529 4.70709820 5.023137123202e+00 2.174953181960e+00 1.296797379981e-01 1.776948973236e+02 5.127068359198e+00
17 49 3 5.64530664 3.70074581 1.79528294 14.07971529 4.70709820 4.982933553878e+00 2.262435053074e+00 1.339700908790e-01 1.885094101738e+02 5.286181808076e+00
17 50 3 5.64530664 3.70074581 1.79528294 14.07971529 4.70709820 4.953459252089e+00 2.349425923154e+00 1.381032861583e-01 1.995517708303e+02 5.447973268864e+00
17 51 3 5.64530664 3.70074581 1.79528294 14.07971529 4.70709820 4.920846622744e+00 2.438721551895e+00 1.425079436563e-01 2.103187822770e+02 5.621026306505e+00
17 52 3 5.64530664 3.70074581 1.79528294 14.07971529 4.70709820 4.877805895133e+00 2.522991599135e+00 1.476931192233e-01 2.203205839373e+02 5.815277353270e+00
17 53 3 5.64530664 3.70074581 1.79528294 14.07971529 4.70709820 4.832152463948e+00 2.595056724558e+00 1.539076560328e-01 2.291292872304e+02 6.022880678232e+00
17 54 3 5.64530664 3.70074581 1.79528294 14.07971529 4.70709820 4.803736487220e+00 2.657238291678e+00 1.609257867702e-01 2.364097389115e+02 6.253021357625e+00
17 55 3 5.64530664 3.70074581 1.79528294 14.07971529 4.70709820 4.811424591395e+00 2.704193826223e+00 1.681265031101e-01 2.419435172762e+02 6.502615788872e+00
17 56 3 5.64530664 3.70074581 1.79528294 14.07971529 4.70709820 4.860089562323e+00 2.728869636457e+00 1.748444184319e-01 2.456609032836e+02 6.754831213966e+00
17 57 3 5.64530664 3.70074581 1.79528294 14.07971529 4.70709820 4.938248758696e+00 2.738563020195e+00 1.807776366895e-01 2.476743631421e+02 7.014247709158e+00
17 58 3 5.64530664 3.70074581 1.79528294 14.07971529 4.70709820 5.028911092199e+00 2.738155100793e+00 1.861818411832e-01 2.482857212028e+02 7.268420223068e+00
17 59 3 5.64530664 3.70074581 1.79528294 14.07971529 4.70709820 5.125406194237e+00 2.727315431628e+00 1.917102830398e-01 2.479473167146e+02 7.508113426635e+00
17 60 3 5.64530664 3.70074581 1.79528294 14.07971529 4.70709820 5.239279739338e+00 2.718745655623e+00 1.979960415224e-01 2.471936712159e+02 7.749558460057e+00
17 61 3 5.64530664 3.70074581 1.79528294 14.07971529 4.70709820 5.393151279060e+00 2.722924160304e+00 2.052534219091e-01 2.465886149518e+02 7.986930070833e+00
17 62 3 5.64530664 3.70074581 1.79528294 14.07971529 4.70709820 5.603687683263e+00 2.737209028181e+00 2.131684715105e-01 2.467195386915e+02 8.227713171082e+00
17 63 3 5.64530664 3.70074581 1.79528294 14.07971529 4.70709820 5.868715135235e+00 2.767810389998e+00 2.211517762070e-01 2.482222867250e+02 8.490543540726e+00
18 0 3 4.32821583 2.94725334 1.59900827 7.39760736 3.45643914 4.958985315519e+00 1.167540415933e+00 1.266165595904e-01 2.954973742313e+01 2.181024706039e+00
18 1 3 4.32821583 2.94725334 1.59900827 7.39760736 3.45643914 4.493292960747e+00 1.128268114805e+00 1.212949178428e-01 2.750933609807e+01 2.146452124905e+00
18 2 3 4.32821583 2.94725334 1.59900827 7.39760736 3.45643914 4.095279042172e+00 1.092837497218e+00 1.168514175830e-01 2.573266458657e+01 2.112699291628e+00
18 3 3 4.32821583 2.94725334 1.59900827 7.39760736 3.45643914 3.766037967055e+00 1.064621237938e+00 1.132366295032e-01 2.422519505695e+01 2.079490397601e+00
18 4 3 4.32821583 2.94725334 1.59900827 7.39760736 3.45643914 3.492052324429e+00 1.041532350140e+00 1.100713217267e-01 2.297744525774e+01 2.051020374759e+00
18 5 3 4.32821583 2.94725334 1.59900827 7.39760736 3.45643914 3.257717260945e+00 1.017885526106e+00 1.068752182321e-01 2.197194974430e+01 2.018506511192e+00
18 6 3 4.32821583 2.94725334 1.59900827 7.39760736 3.45643914 3.057510230676e+00 9.956745553222e-01 1.033463329042e-01 2.119029090642e+01 1.984606991047e+00
18 7 3 4.32821583 2.94725334 1.59900827 7.39760736 3.45643914 2.897756018949e+00 9.747236285010e-01 9.950352381040e-02 2.061417295036e+01 1.951826202406e+00
18 8 3 4.32821583 2.94725334 1.59900827 7.39760736 3.45643914 2.787578794346e+00 9.501288455525e-01 9.561183384615e-02 2.022246319439e+01 1.914157081944e+00
18 9 3 4.32821583 2.94725334 1.59900827 7.39760736 3.45643914 2.727853940367e+00 9.235719156444e-01 9.196367491977e-02 1.999053484085e+01 1.877872507585e+00
18 10 3 4.32821583 2.94725334 1.59900827 7.39760736 3.45643914 2.707973960196e+00 8.970402476186e-01 8.867837875802e-02 1.989487671404e+01 1.843858244730e+00
18 11 3 4.32821583 2.94725334 1.59900827 7.39760736 3.45643914 2.712759552237e+00 8.668335848372e-01 8.565199703839e-02 1.991900480925e+01 1.808197566789e+00
18 12 3 4.32821583 2.94725334 1.59900827 7.39760736 3.45643914 2.732866308798e+00 8.336766364807e-01 8.267144656984e-02 2.005399199780e+01 1.777094972179e+00
18 13 3 4.32821583 2.94725334 1.59900827 7.39760736 3.45643914 2.769368750989e+00 8.004980747465e-01 7.959253357340e-02 2.029153684808e+01 1.748070598297e+00
18 14 3 4.32821583 2.94725334 1.59900827 7.39760736 3.45643914 2.828764622586e+00 7.646613398579e-01 7.644891488361e-02 2.061482749451e+01 1.718138973437e+00
18 15 3 4.32821583 2.94725334 1.59900827 7.39760736 3.45643914 2.913188716702e+00 7.259051407655e-01 7.342223089038e-02 2.099515247261e+01 1.691930806248e+00
18 16 3 4.32821583 2.94725334 1.59900827 7.39760736 3.45643914 3.014650521745e+00 6.878125278335e-01 7.070829486080e-02 2.139761919863e+01 1.665003324270e+00
18 17 3 4.32821583 2.94725334 1.59900827 7.39760736 3.45643914 3.118368502664e+00 6.496913068871e-01 6.838337558687e-02 2.179193084672e+01 1.636606297988e+00
18 18 3 4.32821583 2.94725334 1.59900827 7.39760736 3.45643914 3.212301257674e+00 6.114770584328e-01 6.636423344522e-02 2.216074149059e+01 1.610908113072e+00
18 19 3 4.32821583 2.94725334 1.59900827 7.39760736 3.45643914 3.294727125340e+00 5.774917188203e-01 6.448124023063e-02 2.250107847871e+01 1.583987329043e+00
18 20 3 4.32821583 2.94725334 1.59900827 7.39760736 3.45643914 3.373528904363e+00 5.487615135380e-01 6.260349269563e-02 2.281993609839e+01 1.557880771530e+00
18 21 3 4.32821583 2.94725334 1.59900827 7.39760736 3.45643914 3.457909744213e+00 5.246829713592e-01 6.072426469973e-02 2.312795989690e+01 1.535805642339e+00
18 22 3 4.32821583 2.94725334 1.59900827 7.39760736 3.45643914 3.549503456940e+00 5.080418363188e-01 5.895064844151e-02 2.343367060934e+01 1.513774524409e+00
18 23 3 4.32821583 2.94725334 1.59900827 7.39760736 3.45643914 3.640124444735e+00 4.989407400591e-01 5.741257093756e-02 2.373827545828e+01 1.494213451645e+00
18 24 3 4.32821583 2.94725334 1.59900827 7.39760736 3.45643914 3.717749993919e+00 4.944585145848e-01 5.616192729546e-02 2.403152186283e+01 1.477699184305e+00
18 25 3 4.32821583 2.94725334 1.59900827 7.39760736 3.45643914 3.775613861955e+00 4.948232300184e-01 5.513584479441e-02 2.429173750250e+01 1.460113277145e+00
18 26 3 4.32821583 2.94725334 1.59900827 7.39760736 3.45643914 3.817008988888e+00 4.995579540405e-01 5.421034939072e-02 2.449376874863e+01 1.444747778688e+00
18 27 3 4.32821583 2.94725334 1.59900827 7.39760736 3.45643914 3.852177018080e+00 5.053676358724e-01 5.330680987256e-02 2.462387237862e+01 1.431880046283e+00
18 28 3 4.32821583 2.94725334 1.59900827 7.39760736 3.45643914 3.890158812271e+00 5.122209555557e-01 5.247663406518e-02 2.469335126902e+01 1.420033632629e+00
18 29 3 4.32821583 2.94725334 1.59900827 7.39760736 3.45643914 3.932330009525e+00 5.210017963618e-01 5.190301780143e-02 2.473978327185e+01 1.414415488508e+00
18 30 3 4.32821583 2.94725334 1.59900827 7.39760736 3.45643914 3.972578000945e+00 5.292220878074e-01 5.181208740982e-02 2.481080778502e+01 1.414770973903e+00
18 31 3 4.32821583 2.94725334 1.59900827 7.39760736 3.45643914 4.003386180050e+00 5.362515463987e-01 5.234450792990e-02 2.493768783656e+01 1.419979156307e+00
18 32 3 4.32821583 2.94725334 1.59900827 7.39760736 3.45643914 4.022276059646e+00 5.431343803460e-01 5.346542320900e-02 2.511496178482e+01 1.433117468849e+00
18 33 3 4.32821583 2.94725334 1.59900827 7.39760736 3.45643914 4.033036666190e+00 5.473929086293e-01 5.496899722697e-02 2.530033718941e+01 1.450145776979e+00
18 34 3 4.32821583 2.94725334 1.59900827 7.39760736 3.45643914 4.040834837511e+00 5.475439785007e-01 5.657735075566e-02 2.543599986002e+01 1.468636915917e+00
18 35 3 4.32821583 2.94725334 1.59900827 7.39760736 3.45643914 4.045681141238e+00 5.455960528064e-01 5.807696237090e-02 2.547805703292e+01 1.489980462059e+00
18 36 3 4.32821583 2.94725334 1.59900827 7.39760736 3.45643914 4.040281569745e+00 5.414355827247e-01 5.941326709496e-02 2.541579756090e+01 1.509619432551e+00
18 37 3 4.32821583 2.94725334 1.59900827 7.39760736 3.45643914 4.014660707737e+00 5.351802580440e-01 6.069004535734e-02 2.527037830386e+01 1.528051523544e+00
18 38 3 4.32821583 2.94725334 1.59900827 7.39760736 3.45643914 3.964072174564e+00 5.310416684180e-01 6.207872512406e-02 2.507686886683e+01 1.548322529064e+00
18 39 3 4.32821583 2.94725334 1.59900827 7.39760736 3.45643914 3.893562218819e+00 5.313043329638e-01 6.369799928878e-02 2.486333249315e+01 1.567409723202e+00
18 40 3 4.32821583 2.94725334 1.59900827 7.39760736 3.45643914 3.814957454358e+00 5.359308225839e-01 6.554142756881e-02 2.463947526516e+01 1.588154833403e+00
18 41 3 4.32821583 2.94725334 1.59900827 7.39760736 3.45643914 3.738252944584e+00 5.477363142496e-01 6.749813386840e-02 2.439823717807e+01 1.612383215066e+00
18 42 3 4.32821583 2.94725334 1.59900827 7.39760736 3.45643914 3.664293381644e+00 5.676722810671e-01 6.944912205975e-02 2.412501042439e+01 1.635794801653e+00
18 43 3 4.32821583 2.94725334 1.59900827 7.39760736 3.45643914 3.584983854683e+00 5.927412641769e-01 7.136959290685e-02 2.380714844364e+01 1.661161020496e+00
18 44 3 4.32821583 2.94725334 1.59900827 7.39760736 3.45643914 3.491258498947e+00 6.227774647855e-01 7.336180173486e-02 2.344020924929e+01 1.688003771550e+00
18 45 3 4.32821583 2.94725334 1.59900827 7.39760736 3.45643914 3.382490482945e+00 6.578135736452e-01 7.559011651433e-02 2.303135838620e+01 1.712273588596e+00
18 46 3 4.32821583 2.94725334 1.59900827 7.39760736 3.45643914 3.269511767361e+00 6.937870091001e-01 7.816032113005e-02 2.260059899295e+01 1.738585472849e+00
18 47 3 4.32821583 2.94725334 1.59900827 7.39760736 3.45643914 3.168497495864e+00 7.295699672880e-01 8.103008995090e-02 2.217844728131e+01 1.765834281842e+00
18 48 3 4.32821583 2.94725334 1.59900827 7.39760736 3.45643914 3.090627144950e+00 7.664003484885e-01 8.402191858589e-02 2.179867295815e+01 1.791865884929e+00
18 49 3 4.32821583 2.94725334 1.59900827 7.39760736 3.45643914 3.036183216690e+00 8.009226115464e-01 8.693931286470e-02 2.148838932734e+01 1.822374662887e+00
18 50 3 4.32821583 2.94725334 1.59900827 7.39760736 3.45643914 2.998158044423e+00 8.314665671543e-01 8.970869778226e-02 2.126161233922e+01 1.853965923946e+00
18 51 3 4.32821583 2.94725334 1.59900827 7.39760736 3.45643914 2.972310677225e+00 8.606374824209e-01 9.244161902905e-02 2.112146926910e+01 1.885209585733e+00
18 52 3 4.32821583 2.94725334 1.59900827 7.39760736 3.45643914 2.964878574836e+00 8.865525622398e-01 9.536147630191e-02 2.106996671867e+01 1.920613605898e+00
18 53 3 4.32821583 2.94725334 1.59900827 7.39760736 3.45643914 2.990975760266e+00 9.072493438713e-01 9.863749503414e-02 2.111792816966e+01 1.953895989765e+00
18 54 3 4.32821583 2.94725334 1.59900827 7.39760736 3.45643914 3.064821646591e+00 9.268441048165e-01 1.022460135894e-01 2.128757356843e+01 1.985380911559e+00
18 55 3 4.32821583 2.94725334 1.59900827 7.39760736 3.45643914 3.190380516753e+00 9.459035284431e-01 1.059728573247e-01 2.160678592149e+01 2.018749671345e+00
18 56 3 4.32821583 2.94725334 1.59900827 7.39760736 3.45643914 3.361010710738e+00 9.624556995740e-01 1.095747632237e-01 2.210122523318e+01 2.047373115141e+00
18 57 3 4.32821583 2.94725334 1.59900827 7.39760736 3.45643914 3.568889336107e+00 9.812821013153e-01 1.129954121981e-01 2.279120663071e+01 2.075871663162e+00
18 58 3 4.32821583 2.94725334 1.59900827 7.39760736 3.45643914 3.815950380260e+00 1.004823350760e+00 1.164742054948e-01 2.369415226739e+01 2.107667650780e+00
18 59 3 4.32821583 2.94725334 1.59900827 7.39760736 3.45643914 4.116029847918e+00 1.030015770360e+00 1.204460909700e-01 2.482709266532e+01 2.137400266196e+00
18 60 3 4.32821583 2.94725334 1.59900827 7.39760736 3.45643914 4.485225402195e+00 1.060131820110e+00 1.252764123892e-01 2.620410152889e+01 2.172871108328e+00
18 61 3 4.32821583 2.94725334 1.59900827 7.39760736 3.45643914 4.928157202368e+00 1.097996787624e+00 1.310040724815e-01 2.783047428954e+01 2.213754925595e+00
18 62 3 4.32821583 2.94725334 1.59900827 7.39760736 3.45643914 5.432351308983e+00 1.138702684839e+00 1.372788279039e-01 2.970127216324e+01 2.254196924956e+00
18 63 3 4.32821583 2.94725334 1.59900827 7.39760736 3.45643914 5.976714668417e+00 1.183381156436e+00 1.435531621272e-01 3.180932997098e+01 2.301803803715e+00
23 0 3 4.12698825 4.15556110 1.91076376 7.33667961 4.74141371 3.357458743630e+00 4.838045393483e+00 2.632502481997e-01 4.375353984159e+01 8.050245754393e+00
23 1 3 4.12698825 4.15556110 1.91076376 7.33667961 4.74141371 3.222100716125e+00 4.678074860373e+00 2.549233517764e-01 4.334784913264e+01 7.764891615990e+00
23 2 3 4.12698825 4.15556110 1.91076376 7.33667961 4.74141371 3.099382170390e+00 4.471046561489e+00 2.473037812885e-01 4.250518907876e+01 7.481299544379e+00
23 3 3 4.12698825 4.15556110 1.91076376 7.33667961 4.74141371 2.991302096196e+00 4.235468976513e+00 2.394871463306e-01 4.139628822881e+01 7.219586744880e+00
23 4 3 4.12698825 4.15556110 1.91076376 7.33667961 4.74141371 2.894147333830e+00 3.981433494297e+00 2.305688478730e-01 4.026515465264e+01 6.974915509787e+00
23 5 3 4.12698825 4.15556110 1.91076376 7.33667961 4.74141371 2.800907652421e+00 3.723754382395e+00 2.202361012751e-01 3.933416872597e+01 6.743653073732e+00
23 6 3 4.12698825 4.15556110 1.91076376 7.33667961 4.74141371 2.705400140418e+00 3.493378745872e+00 2.090482660688e-01 3.873241922141e+01 6.536485572469e+00
23 7 3 4.12698825 4.15556110 1.91076376 7.33667961 4.74141371 2.605596472184e+00 3.308049831456e+00 1.982048988612e-01 3.846498225778e+01 6.338211743920e+00
23 8 3 4.12698825 4.15556110 1.91076376 7.33667961 4.74141371 2.504354850369e+00 3.171081330981e+00 1.889260426172e-01 3.842129491820e+01 6.142234978441e+00
23 9 3 4.12698825 4.15556110 1.91076376 7.33667961 4.74141371 2.407407626890e+00 3.088766766754e+00 1.818150919426e-01 3.841440280496e+01 5.955603055445e+00
23 10 3 4.12698825 4.15556110 1.91076376 7.33667961 4.74141371 2.320004000683e+00 3.053204713127e+00 1.765817223624e-01 3.824278007565e+01 5.766705277162e+00
23 11 3 4.12698825 4.15556110 1.91076376 7.33667961 4.74141371 2.244193742302e+00 3.040181616553e+00 1.722719143251e-01 3.776103505326e+01 5.578833369271e+00
23 12 3 4.12698825 4.15556110 1.91076376 7.33667961 4.74141371 2.178149461123e+00 3.034856581216e+00 1.678393394578e-01 3.693561118597e+01 5.402984799385e+00
23 13 3 4.12698825 4.15556110 1.91076376 7.33667961 4.74141371 2.117635232608e+00 3.025804550695e+00 1.626989490087e-01 3.585949719142e+01 5.230984925664e+00
23 14 3 4.12698825 4.15556110 1.91076376 7.33667961 4.74141371 2.058543659763e+00 2.995068727162e+00 1.569443357804e-01 3.471548130555e+01 5.067414127597e+00
23 15 3 4.12698825 4.15556110 1.91076376 7.33667961 4.74141371 1.998983609327e+00 2.937619249048e+00 1.511439854184e-01 3.370363078102e+01 4.917109497193e+00
23 16 3 4.12698825 4.15556110 1.91076376 7.33667961 4.74141371 1.939850230333e+00 2.858667201928e+00 1.458966333096e-01 3.296685976967e+01 4.768978662131e+00
23 17 3 4.12698825 4.15556110 1.91076376 7.33667961 4.74141371 1.883781670585e+00 2.755956251710e+00 1.414530594923e-01 3.254596960315e+01 4.627831633979e+00
23 18 3 4.12698825 4.15556110 1.91076376 7.33667961 4.74141371 1.833301325832e+00 2.633156854326e+00 1.376323516870e-01 3.237678553286e+01 4.497969724657e+00
23 19 3 4.12698825 4.15556110 1.91076376 7.33667961 4.74141371 1.789285333794e+00 2.505313100413e+00 1.340439830761e-01 3.232237619559e+01 4.373340994005e+00
23 20 3 4.12698825 4.15556110 1.91076376 7.33667961 4.74141371 1.750573295501e+00 2.380620496875e+00 1.304246155867e-01 3.222400931401e+01 4.263370165030e+00
23 21 3 4.12698825 4.15556110 1.91076376 7.33667961 4.74141371 1.714817877400e+00 2.266080775035e+00 1.268406477711e-01 3.195452762969e+01 4.171025385758e+00
23 22 3 4.12698825 4.15556110 1.91076376 7.33667961 4.74141371 1.679984504861e+00 2.176545250225e+00 1.236207550010e-01 3.146005951181e+01 4.088523279306e+00
23 23 3 4.12698825 4.15556110 1.91076376 7.33667961 4.74141371 1.645623027577e+00 2.117302239868e+00 1.210802487009e-01 3.077756306304e+01 4.019901596632e+00
23 24 3 4.12698825 4.15556110 1.91076376 7.33667961 4.74141371 1.613240490222e+00 2.083351647447e+00 1.192447000148e-01 3.002053981175e+01 3.959911248966e+00
23 25 3 4.12698825 4.15556110 1.91076376 7.33667961 4.74141371 1.585639128032e+00 2.074131712143e+00 1.177792195837e-01 2.933659712402e+01 3.898572114023e+00
23 26 3 4.12698825 4.15556110 1.91076376 7.33667961 4.74141371 1.565632742240e+00 2.084531169249e+00 1.161876342634e-01 2.885389407533e+01 3.841442291484e+00
23 27 3 4.12698825 4.15556110 1.91076376 7.33667961 4.74141371 1.554837385269e+00 2.102173503799e+00 1.141598396273e-01 2.863913342776e+01 3.787864466999e+00
23 28 3 4.12698825 4.15556110 1.91076376 7.33667961 4.74141371 1.553135698620e+00 2.124245599510e+00 1.118387284885e-01 2.868245260169e+01 3.738329967123e+00
23 29 3 4.12698825 4.15556110 1.91076376 7.33667961 4.74141371 1.559024885065e+00 2.151762169803e+00 1.098198262827e-01 2.890968975041e+01 3.706658178690e+00
23 30 3 4.12698825 4.15556110 1.91076376 7.33667961 4.74141371 1.570595553594e+00 2.178151056253e+00 1.088609570233e-01 2.921128777779e+01 3.694811159240e+00
23 31 3 4.12698825 4.15556110 1.91076376 7.33667961 4.74141371 1.586585728658e+00 2.201250320545e+00 1.094626175108e-01 2.947594917645e+01 3.702621140540e+00
23 32 3 4.12698825 4.15556110 1.91076376 7.33667961 4.74141371 1.606948345203e+00 2.222125586832e+00 1.115672443773e-01 2.962227274173e+01 3.735741096031e+00
23 33 3 4.12698825 4.15556110 1.91076376 7.33667961 4.74141371 1.632648362775e+00 2.232027919358e+00 1.145615927558e-01 2.962443100216e+01 3.783855229332e+00
23 34 3 4.12698825 4.15556110 1.91076376 7.33667961 4.74141371 1.664820318248e+00 2.224958557825e+00 1.175885475244e-01 2.952522328714e+01 3.838379301628e+00
23 35 3 4.12698825 4.15556110 1.91076376 7.33667961 4.74141371 1.703761329712e+00 2.206185988266e+00 1.199905131543e-01 2.942725012182e+01 3.899318747815e+00
23 36 3 4.12698825 4.15556110 1.91076376 7.33667961 4.74141371 1.748336385775e+00 2.179000032446e+00 1.216283769515e-01 2.945835909272e+01 3.956510710344e+00
23 37 3 4.12698825 4.15556110 1.91076376 7.33667961 4.74141371 1.796175025695e+00 2.149590346254e+00 1.228963036292e-01 2.972107896015e+01 4.010313621246e+00
23 38 3 4.12698825 4.15556110 1.91076376 7.33667961 4.74141371 1.844628967874e+00 2.135603481950e+00 1.244373844603e-01 3.024791111822e+01 4.070551289981e+00
23 39 3 4.12698825 4.15556110 1.91076376 7.33667961 4.74141371 1.892037823727e+00 2.148874314617e+00 1.267450452634e-01 3.098429555388e+01 4.135481649770e+00
23 40 3 4.12698825 4.15556110 1.91076376 7.33667961 4.74141371 1.938636388733e+00 2.191379575701e+00 1.298983640114e-01 3.180740166107e+01 4.212242118214e+00
23 41 3 4.12698825 4.15556110 1.91076376 7.33667961 4.74141371 1.986566954782e+00 2.267978752003e+00 1.335860611628e-01 3.257125917976e+01 4.308824139958e+00
23 42 3 4.12698825 4.15556110 1.91076376 7.33667961 4.74141371 2.038900806344e+00 2.376266594232e+00 1.373829629701e-01 3.315884150034e+01 4.416588442614e+00
23 43 3 4.12698825 4.15556110 1.91076376 7.33667961 4.74141371 2.098118107824e+00 2.501459411315e+00 1.410774748563e-01 3.352303555355e+01 4.536427229987e+00
23 44 3 4.12698825 4.15556110 1.91076376 7.33667961 4.74141371 2.164851398417e+00 2.634712827441e+00 1.448185763433e-01 3.370524982712e+01 4.668348960184e+00
23 45 3 4.12698825 4.15556110 1.91076376 7.33667961 4.74141371 2.237635272117e+00 2.769410806166e+00 1.489790000872e-01 3.382615725065e+01 4.800362602000e+00
23 46 3 4.12698825 4.15556110 1.91076376 7.33667961 4.74141371 2.313900285390e+00 2.889370218913e+00 1.538345289481e-01 3.404786123687e+01 4.937418379919e+00
23 47 3 4.12698825 4.15556110 1.91076376 7.33667961 4.74141371 2.391735410197e+00 2.985279424608e+00 1.592993336918e-01 3.451517088403e+01 5.082959012489e+00
23 48 3 4.12698825 4.15556110 1.91076376 7.33667961 4.74141371 2.471416002273e+00 3.057499965750e+00 1.649317554060e-01 3.529565735275e+01 5.229971087429e+00
23 49 3 4.12698825 4.15556110 1.91076376 7.33667961 4.74141371 2.555701884299e+00 3.100052255357e+00 1.702409326398e-01 3.634512959734e+01 5.388388889299e+00
23 50 3 4.12698825 4.15556110 1.91076376 7.33667961 4.74141371 2.648532538747e+00 3.113996646124e+00 1.751013859337e-01 3.751749961215e+01 5.558781038658e+00
23 51 3 4.12698825 4.15556110 1.91076376 7.33667961 4.74141371 2.752696812845e+00 3.117746328084e+00 1.799766359725e-01 3.861681891671e+01 5.730943623628e+00
23 52 3 4.12698825 4.15556110 1.91076376 7.33667961 4.74141371 2.867793212211e+00 3.126032463650e+00 1.857511223936e-01 3.946833606308e+01 5.913411118197e+00
23 53 3 4.12698825 4.15556110 1.91076376 7.33667961 4.74141371 2.989825958377e+00 3.151166212061e+00 1.932226349008e-01 3.997925921559e+01 6.103086253128e+00
23 54 3 4.12698825 4.15556110 1.91076376 7.33667961 4.74141371 3.112968227931e+00 3.215425966654e+00 2.025524949413e-01 4.016994624774e+01 6.293289736593e+00
23 55 3 4.12698825 4.15556110 1.91076376 7.33667961 4.74141371 3.232746297826e+00 3.329166297977e+00 2.130363952539e-01 4.017057206144e+01 6.499924658561e+00
23 56 3 4.12698825 4.15556110 1.91076376 7.33667961 4.74141371 3.348892257837e+00 3.485058540620e+00 2.233837308115e-01 4.018566195677e+01 6.722215625137e+00
23 57 3 4.12698825 4.15556110 1.91076376 7.33667961 4.74141371 3.466058273029e+00 3.680884310865e+00 2.323771300382e-01 4.043087174566e+01 6.957260211660e+00
23 58 3 4.12698825 4.15556110 1.91076376 7.33667961 4.74141371 3.591660376886e+00 3.909085111100e+00 2.395300181705e-01 4.105339161416e+01 7.219395651377e+00
23 59 3 4.12698825 4.15556110 1.91076376 7.33667961 4.74141371 3.731807752889e+00 4.146542226804e+00 2.453420708270e-01 4.206219683766e+01 7.496683728980e+00
23 60 3 4.12698825 4.15556110 1.91076376 7.33667961 4.74141371 3.887589464824e+00 4.381546394224e+00 2.509935512186e-01 4.330408574268e+01 7.779499476964e+00
23 61 3 4.12698825 4.15556110 1.91076376 7.33667961 4.74141371 4.054047125888e+00 4.609867887499e+00 2.576691994049e-01 4.450909145110e+01 8.076395698661e+00
23 62 3 4.12698825 4.15556110 1.91076376 7.33667961 4.74141371 4.222755663024e+00 4.811550156068e+00 2.659318497549e-01 4.539420100834e+01 8.370866849502e+00
23 63 3 4.12698825 4.15556110 1.91076376 7.33667961 4.74141371 4.386772377252e+00 4.974251041058e+00 2.755220623611e-01 4.577952642571e+01 8.661991849254e+00
24 0 3 7.88562004 3.11895194 1.65586448 17.42687849 4.08930158 6.202474978149e+01 1.292952532298e+00 5.252645889067e-02 4.479114972991e+02 1.529313427806e+00
24 1 3 7.88562004 3.11895194 1.65586448 17.42687849 4.08930158 6.149504946988e+01 1.233558120142e+00 4.996360682385e-02 4.434606914750e+02 1.474435025191e+00
24 2 3 7.88562004 3.11895194 1.65586448 17.42687849 4.08930158 6.050483508435e+01 1.181919967020e+00 4.790695904625e-02 4.354528966177e+02 1.426368400180e+00
24 3 3 7.88562004 3.11895194 1.65586448 17.42687849 4.08930158 5.908947281915e+01 1.139136950235e+00 4.633161722128e-02 4.232186779886e+02 1.378583660982e+00
24 4 3 7.88562004 3.11895194 1.65586448 17.42687849 4.08930158 5.739513787505e+01 1.102849975708e+00 4.502234240175e-02 4.070425296525e+02 1.331514253072e+00
24 5 3 7.88562004 3.11895194 1.65586448 17.42687849 4.08930158 5.563549792161e+01 1.068480710269e+00 4.369201079956e-02 3.880751717728e+02 1.285448516784e+00
24 6 3 7.88562004 3.11895194 1.65586448 17.42687849 4.08930158 5.403059656148e+01 1.037795886495e+00 4.213837919594e-02 3.680346487461e+02 1.236615153988e+00
24 7 3 7.88562004 3.11895194 1.65586448 17.42687849 4.08930158 5.274660133937e+01 1.011837549805e+00 4.033850201425e-02 3.487864956842e+02 1.189720930206e+00
24 8 3 7.88562004 3.11895194 1.65586448 17.42687849 4.08930158 5.185412945541e+01 9.878500278601e-01 3.842673722968e-02 3.319342653825e+02 1.145052438114e+00
24 9 3 7.88562004 3.11895194 1.65586448 17.42687849 4.08930158 5.131617587699e+01 9.670832384136e-01 3.658270408242e-02 3.185346564870e+02 1.101386780229e+00
24 10 3 7.88562004 3.11895194 1.65586448 17.42687849 4.08930158 5.100685494997e+01 9.507529717971e-01 3.491240693341e-02 3.089844742794e+02 1.062483683933e+00
24 11 3 7.88562004 3.11895194 1.65586448 17.42687849 4.08930158 5.075284457894e+01 9.357610907038e-01 3.340159327332e-02 3.030525187117e+02 1.025440972044e+00
24 12 3 7.88562004 3.11895194 1.65586448 17.42687849 4.08930158 5.038368485037e+01 9.224973529068e-01 3.196276596947e-02 2.999948410170e+02 9.897328705288e-01
24 13 3 7.88562004 3.11895194 1.65586448 17.42687849 4.08930158 4.977633045380e+01 9.135655732122e-01 3.053020183667e-02 2.987084948244e+02 9.575598853204e-01
24 14 3 7.88562004 3.11895194 1.65586448 17.42687849 4.08930158 4.888299382586e+01 9.074673637575e-01 2.912809973635e-02 2.979150956977e+02 9.259694763241e-01
24 15 3 7.88562004 3.11895194 1.65586448 17.42687849 4.08930158 4.773735191018e+01 9.041031170236e-01 2.786284021204e-02 2.963774143582e+02 8.968243801393e-01
24 16 3 7.88562004 3.11895194 1.65586448 17.42687849 4.08930158 4.644031065892e+01 9.054606263094e-01 2.684878882485e-02 2.931267499309e+02 8.712309636830e-01
24 17 3 7.88562004 3.11895194 1.65586448 17.42687849 4.08930158 4.513105251651e+01 9.089188429463e-01 2.612459958741e-02 2.876448918518e+02 8.467777589011e-01
24 18 3 7.88562004 3.11895194 1.65586448 17.42687849 4.08930158 4.395140782042e+01 9.118257870973e-01 2.562095303982e-02 2.799421370822e+02 8.258529806810e-01
24 19 3 7.88562004 3.11895194 1.65586448 17.42687849 4.08930158 4.301192066972e+01 9.153225087945e-01 2.520126321514e-02 2.705119397586e+02 8.076470329954e-01
24 20 3 7.88562004 3.11895194 1.65586448 17.42687849 4.08930158 4.236688305288e+01 9.181417266769e-01 2.474454481941e-02 2.601932961723e+02 7.907043357744e-01
24 21 3 7.88562004 3.11895194 1.65586448 17.42687849 4.08930158 4.200352515409e+01 9.186423708832e-01 2.421177588031e-02 2.499947521427e+02 7.773252047064e-01
24 22 3 7.88562004 3.11895194 1.65586448 17.42687849 4.08930158 4.184767390201e+01 9.193947880809e-01 2.365175230723e-02 2.409192059631e+02 7.653840655289e-01
24 23 3 7.88562004 3.11895194 1.65586448 17.42687849 4.08930158 4.178470043268e+01 9.208585544264e-01 2.314706712494e-02 2.338027933400e+02 7.542459788316e-01
24 24 3 7.88562004 3.11895194 1.65586448 17.42687849 4.08930158 4.169092625776e+01 9.207526308796e-01 2.274287945709e-02 2.291758105170e+02 7.448098285983e-01
24 25 3 7.88562004 3.11895194 1.65586448 17.42687849 4.08930158 4.146769963014e+01 9.201351810471e-01 2.241146069047e-02 2.271712389606e+02 7.340830286413e-01
24 26 3 7.88562004 3.11895194 1.65586448 17.42687849 4.08930158 4.106911616430e+01 9.194799766283e-01 2.207817765806e-02 2.275179494516e+02 7.229551759402e-01
24 27 3 7.88562004 3.11895194 1.65586448 17.42687849 4.08930158 4.051557863793e+01 9.166325938497e-01 2.168972558337e-02 2.296334348881e+02 7.126011720481e-01
24 28 3 7.88562004 3.11895194 1.65586448 17.42687849 4.08930158 3.988906027384e+01 9.133289305413e-01 2.127449459522e-02 2.327819546868e+02 7.023927160478e-01
24 29 3 7.88562004 3.11895194 1.65586448 17.42687849 4.08930158 3.931112410880e+01 9.126203995098e-01 2.094908327016e-02 2.362281442807e+02 6.960221181606e-01
24 30 3 7.88562004 3.11895194 1.65586448 17.42687849 4.08930158 3.890985224517e+01 9.139000510064e-01 2.086115731632e-02 2.393289576645e+02 6.945278681436e-01
24 31 3 7.88562004 3.11895194 1.65586448 17.42687849 4.08930158 3.878514885461e+01 9.179746448375e-01 2.110254668949e-02 2.415625280075e+02 6.974783399952e-01
24 32 3 7.88562004 3.11895194 1.65586448 17.42687849 4.08930158 3.898226187078e+01 9.264944333855e-01 2.164827237499e-02 2.425447732055e+02 7.064969999172e-01
24 33 3 7.88562004 3.11895194 1.65586448 17.42687849 4.08930158 3.948070426704e+01 9.363895736401e-01 2.236229632706e-02 2.420864021496e+02 7.185054492821e-01
24 34 3 7.88562004 3.11895194 1.65586448 17.42687849 4.08930158 4.020099999888e+01 9.449932425527e-01 2.306864093695e-02 2.402903600473e+02 7.314016817766e-01
24 35 3 7.88562004 3.11895194 1.65586448 17.42687849 4.08930158 4.102647593008e+01 9.529070216821e-01 2.364459575432e-02 2.376276925033e+02 7.450196465498e-01
24 36 3 7.88562004 3.11895194 1.65586448 17.42687849 4.08930158 4.183336311069e+01 9.583702509798e-01 2.407857674705e-02 2.349140365137e+02 7.562667148823e-01
24 37 3 7.88562004 3.11895194 1.65586448 17.42687849 4.08930158 4.252087250731e+01 9.601576182129e-01 2.445838954444e-02 2.331569461986e+02 7.663947232521e-01
24 38 3 7.88562004 3.11895194 1.65586448 17.42687849 4.08930158 4.303384765829e+01 9.613573616430e-01 2.490119562498e-02 2.333197775359e+02 7.771585756620e-01
24 39 3 7.88562004 3.11895194 1.65586448 17.42687849 4.08930158 4.337335846866e+01 9.627559751094e-01 2.547433349843e-02 2.360928336149e+02 7.878703135976e-01
24 40 3 7.88562004 3.11895194 1.65586448 17.42687849 4.08930158 4.359400003363e+01 9.628546836517e-01 2.616086075646e-02 2.417472061711e+02 8.018066985647e-01
24 41 3 7.88562004 3.11895194 1.65586448 17.42687849 4.08930158 4.378959821128e+01 9.634064439808e-01 2.689166580693e-02 2.500927514651e+02 8.191223488255e-01
24 42 3 7.88562004 3.11895194 1.65586448 17.42687849 4.08930158 4.407092039996e+01 9.647518587686e-01 2.761866841019e-02 2.605176287047e+02 8.385182955784e-01
24 43 3 7.88562004 3.11895194 1.65586448 17.42687849 4.08930158 4.453988595250e+01 9.644785899760e-01 2.837365230852e-02 2.720822604642e+02 8.622045962982e-01
24 44 3 7.88562004 3.11895194 1.65586448 17.42687849 4.08930158 4.526506551720e+01 9.642660532358e-01 2.926636504589e-02 2.836614238832e+02 8.880249830095e-01
24 45 3 7.88562004 3.11895194 1.65586448 17.42687849 4.08930158 4.626327115368e+01 9.666255383913e-01 3.041866267271e-02 2.941368531211e+02 9.155680108246e-01
24 46 3 7.88562004 3.11895194 1.65586448 17.42687849 4.08930158 4.749167913774e+01 9.704208258938e-01 3.187905058629e-02 3.026200719116e+02 9.467955389657e-01
24 47 3 7.88562004 3.11895194 1.65586448 17.42687849 4.08930158 4.885371526640e+01 9.767821369164e-01 3.357954334636e-02 3.086511151333e+02 9.787684361442e-01
24 48 3 7.88562004 3.11895194 1.65586448 17.42687849 4.08930158 5.021939241128e+01 9.877219074033e-01 3.536969073904e-02 3.123107787894e+02 1.012599438352e+00
24 49 3 7.88562004 3.11895194 1.65586448 17.42687849 4.08930158 5.145699151636e+01 1.000360971298e+00 3.710804813434e-02 3.142162820148e+02 1.048992351040e+00
24 50 3 7.88562004 3.11895194 1.65586448 17.42687849 4.08930158 5.246885859028e+01 1.013145176369e+00 3.874791620603e-02 3.154171888663e+02 1.084878459829e+00
24 51 3 7.88562004 3.11895194 1.65586448 17.42687849 4.08930158 5.322127688775e+01 1.027946601971e+00 4.035495529994e-02 3.172306225066e+02 1.123190185309e+00
24 52 3 7.88562004 3.11895194 1.65586448 17.42687849 4.08930158 5.375847992614e+01 1.043319352088e+00 4.204187482967e-02 3.210402315682e+02 1.163495915289e+00
24 53 3 7.88562004 3.11895194 1.65586448 17.42687849 4.08930158 5.419460602300e+01 1.058597207145e+00 4.386749803916e-02 3.280604912120e+02 1.203970126782e+00
24 54 3 7.88562004 3.11895194 1.65586448 17.42687849 4.08930158 5.468396837895e+01 1.077536258198e+00 4.577829087884e-02 3.390749940175e+02 1.248078459235e+00
24 55 3 7.88562004 3.11895194 1.65586448 17.42687849 4.08930158 5.537724161571e+01 1.100188621862e+00 4.764394762378e-02 3.541994343101e+02 1.292541356323e+00
24 56 3 7.88562004 3.11895194 1.65586448 17.42687849 4.08930158 5.637631096059e+01 1.124697389583e+00 4.936999446162e-02 3.727588222954e+02 1.336249678502e+00
24 57 3 7.88562004 3.11895194 1.65586448 17.42687849 4.08930158 5.770151574117e+01 1.154145273306e+00 5.100797522976e-02 3.933578104226e+02 1.381892696241e+00
24 58 3 7.88562004 3.11895194 1.65586448 17.42687849 4.08930158 5.928138390807e+01 1.189642436118e+00 5.277554684678e-02 4.141543901464e+02 1.425646254920e+00
24 59 3 7.88562004 3.11895194 1.65586448 17.42687849 4.08930158 6.096806358570e+01 1.229679842359e+00 5.495602451374e-02 4.332610332317e+02 1.470923291230e+00
24 60 3 7.88562004 3.11895194 1.65586448 17.42687849 4.08930158 6.257404755385e+01 1.278601432202e+00 5.773267228940e-02 4.491490213379e+02 1.521113732020e+00
24 61 3 7.88562004 3.11895194 1.65586448 17.42687849 4.08930158 6.392000986851e+01 1.339607966460e+00 6.106608032476e-02 4.609464732174e+02 1.573277268514e+00
24 62 3 7.88562004 3.11895194 1.65586448 17.42687849 4.08930158 6.488116216771e+01 1.409615656519e+00 6.470173316705e-02 4.685784483899e+02 1.632007156537e+00
24 63 3 7.88562004 3.11895194 1.65586448 17.42687849 4.08930158 6.542059769632e+01 1.489301852502e+00 6.830990795398e-02 4.727565786065e+02 1.694829696968e+00
29 0 3 4.12593249 3.52801163 1.76342166 7.37198443 4.05205717 2.346788675931e+00 2.222194286376e+00 1.876809249534e-01 4.401838055099e+01 5.797548532988e+00
29 1 3 4.12593249 3.52801163 1.76342166 7.37198443 4.05205717 2.317743201302e+00 2.083277282963e+00 1.788221377280e-01 4.362183259237e+01 5.659235879496e+00
29 2 3 4.12593249 3.52801163 1.76342166 7.37198443 4.05205717 2.277302577839e+00 1.940500859619e+00 1.716315121363e-01 4.318659035533e+01 5.515550464492e+00
29 3 3 4.12593249 3.52801163 1.76342166 7.37198443 4.05205717 2.228846223067e+00 1.811472439739e+00 1.661941080875e-01 4.271929489956e+01 5.373133563745e+00
29 4 3 4.12593249 3.52801163 1.76342166 7.37198443 4.05205717 2.180253710971e+00 1.702277599501e+00 1.619724912124e-01 4.222286428438e+01 5.225418276846e+00
29 5 3 4.12593249 3.52801163 1.76342166 7.37198443 4.05205717 2.138943941078e+00 1.613462671041e+00 1.581133770596e-01 4.168637154190e+01 5.063664589555e+00
29 6 3 4.12593249 3.52801163 1.76342166 7.37198443 4.05205717 2.107446274992e+00 1.551031488724e+00 1.538795576156e-01 4.109244620410e+01 4.900649764575e+00
29 7 3 4.12593249 3.52801163 1.76342166 7.37198443 4.05205717 2.082452692578e+00 1.512446271351e+00 1.489518849854e-01 4.043520809399e+01 4.734915037404e+00
29 8 3 4.12593249 3.52801163 1.76342166 7.37198443 4.05205717 2.057762478710e+00 1.488414570514e+00 1.434578670904e-01 3.973101663485e+01 4.567177055237e+00
29 9 3 4.12593249 3.52801163 1.76342166 7.37198443 4.05205717 2.028873049495e+00 1.477370229638e+00 1.377668549712e-01 3.901227481005e+01 4.412287979198e+00
29 10 3 4.12593249 3.52801163 1.76342166 7.37198443 4.05205717 1.996002052450e+00 1.475722561212e+00 1.322221004453e-01 3.831093843929e+01 4.266734359793e+00
29 11 3 4.12593249 3.52801163 1.76342166 7.37198443 4.05205717 1.963591331204e+00 1.473423327545e+00 1.269824291047e-01 3.764580134568e+01 4.130301127701e+00
29 12 3 4.12593249 3.52801163 1.76342166 7.37198443 4.05205717 1.936842099262e+00 1.467591053488e+00 1.220390673456e-01 3.702059545384e+01 4.010348360687e+00
29 13 3 4.12593249 3.52801163 1.76342166 7.37198443 4.05205717 1.917800981611e+00 1.456982912620e+00 1.173436893183e-01 3.642878124752e+01 3.896935555908e+00
29 14 3 4.12593249 3.52801163 1.76342166 7.37198443 4.05205717 1.903674141887e+00 1.433394005480e+00 1.129217245749e-01 3.585794904373e+01 3.788458563440e+00
29 15 3 4.12593249 3.52801163 1.76342166 7.37198443 4.05205717 1.888409461268e+00 1.394183000196e+00 1.088819257555e-01 3.529255723393e+01 3.689094990320e+00
29 16 3 4.12593249 3.52801163 1.76342166 7.37198443 4.05205717 1.866365633092e+00 1.342827538668e+00 1.053285023101e-01 3.471863897351e+01 3.590330211969e+00
29 17 3 4.12593249 3.52801163 1.76342166 7.37198443 4.05205717 1.835590834114e+00 1.278231444314e+00 1.022597360813e-01 3.413137944434e+01 3.495683749409e+00
29 18 3 4.12593249 3.52801163 1.76342166 7.37198443 4.05205717 1.798647821342e+00 1.203079138214e+00 9.954234656478e-02 3.354030122157e+01 3.410589000765e+00
29 19 3 4.12593249 3.52801163 1.76342166 7.37198443 4.05205717 1.760649159652e+00 1.127778011018e+00 9.698684556371e-02 3.296618083504e+01 3.329173723611e+00
29 20 3 4.12593249 3.52801163 1.76342166 7.37198443 4.05205717 1.725981164516e+00 1.058051261663e+00 9.446849835007e-02 3.243075099435e+01 3.256579501828e+00
29 21 3 4.12593249 3.52801163 1.76342166 7.37198443 4.05205717 1.695913748464e+00 9.973470928868e-01 9.200235411071e-02 3.194703150162e+01 3.194485412760e+00
29 22 3 4.12593249 3.52801163 1.76342166 7.37198443 4.05205717 1.668538093393e+00 9.532790368410e-01 8.971448863414e-02 3.151682826814e+01 3.135041942384e+00
29 23 3 4.12593249 3.52801163 1.76342166 7.37198443 4.05205717 1.640850687512e+00 9.276382116848e-01 8.772892355898e-02 3.113415187073e+01 3.081638456271e+00
29 24 3 4.12593249 3.52801163 1.76342166 7.37198443 4.05205717 1.611426506222e+00 9.162373084221e-01 8.605387285394e-02 3.078840901165e+01 3.032755819520e+00
29 25 3 4.12593249 3.52801163 1.76342166 7.37198443 4.05205717 1.581862239206e+00 9.186821766740e-01 8.455559574757e-02 3.046500111643e+01 2.982366687772e+00
29 26 3 4.12593249 3.52801163 1.76342166 7.37198443 4.05205717 1.556105254209e+00 9.326187451248e-01 8.304903874943e-02 3.014827495823e+01 2.937091963809e+00
29 27 3 4.12593249 3.52801163 1.76342166 7.37198443 4.05205717 1.538225029507e+00 9.510007547035e-01 8.145167093209e-02 2.983224098759e+01 2.897709596302e+00
29 28 3 4.12593249 3.52801163 1.76342166 7.37198443 4.05205717 1.530167018892e+00 9.720239737168e-01 7.989693968342e-02 2.953515254681e+01 2.863386018990e+00
29 29 3 4.12593249 3.52801163 1.76342166 7.37198443 4.05205717 1.530949394920e+00 9.954745393116e-01 7.872162502016e-02 2.930433609385e+01 2.843440724619e+00
29 30 3 4.12593249 3.52801163 1.76342166 7.37198443 4.05205717 1.537734697177e+00 1.015915929802e+00 7.831761977763e-02 2.920008487347e+01 2.837432590582e+00
29 31 3 4.12593249 3.52801163 1.76342166 7.37198443 4.05205717 1.547947567117e+00 1.031128202213e+00 7.892558202422e-02 2.926338241693e+01 2.843640150377e+00
29 32 3 4.12593249 3.52801163 1.76342166 7.37198443 4.05205717 1.560948621580e+00 1.041978217817e+00 8.049002932978e-02 2.948840359321e+01 2.866935548059e+00
29 33 3 4.12593249 3.52801163 1.76342166 7.37198443 4.05205717 1.578126456286e+00 1.044055814259e+00 8.266476249244e-02 2.982110117838e+01 2.900417604906e+00
29 34 3 4.12593249 3.52801163 1.76342166 7.37198443 4.05205717 1.601379491586e+00 1.035053957662e+00 8.497127810259e-02 3.018707629530e+01 2.939315742755e+00
29 35 3 4.12593249 3.52801163 1.76342166 7.37198443 4.05205717 1.631081106065e+00 1.019255639092e+00 8.702317313102e-02 3.052996013664e+01 2.985448703440e+00
29 36 3 4.12593249 3.52801163 1.76342166 7.37198443 4.05205717 1.665004302064e+00 9.984613481189e-01 8.869134738022e-02 3.083454377046e+01 3.030747910344e+00
29 37 3 4.12593249 3.52801163 1.76342166 7.37198443 4.05205717 1.699057139094e+00 9.752901163972e-01 9.012167762991e-02 3.112240690909e+01 3.074563773059e+00
29 38 3 4.12593249 3.52801163 1.76342166 7.37198443 4.05205717 1.729444148794e+00 9.593102533362e-01 9.160609747629e-02 3.142909869512e+01 3.122350793692e+00
29 39 3 4.12593249 3.52801163 1.76342166 7.37198443 4.05205717 1.754841905803e+00 9.569762401707e-01 9.339437346849e-02 3.178250426638e+01 3.169903570496e+00
29 40 3 4.12593249 3.52801163 1.76342166 7.37198443 4.05205717 1.777074025076e+00 9.699049254181e-01 9.556379989796e-02 3.219494264673e+01 3.222054450508e+00
29 41 3 4.12593249 3.52801163 1.76342166 7.37198443 4.05205717 1.799717288999e+00 1.002771132976e+00 9.801977263041e-02 3.266659706553e+01 3.285005986847e+00
29 42 3 4.12593249 3.52801163 1.76342166 7.37198443 4.05205717 1.825480651258e+00 1.055969636221e+00 1.006115570721e-01 3.319029002289e+01 3.353299223465e+00
29 43 3 4.12593249 3.52801163 1.76342166 7.37198443 4.05205717 1.854125549611e+00 1.121963271485e+00 1.032731279855e-01 3.375251012663e+01 3.430950547582e+00
29 44 3 4.12593249 3.52801163 1.76342166 7.37198443 4.05205717 1.882453932699e+00 1.196427797770e+00 1.060877926989e-01 3.433440996376e+01 3.519260003209e+00
29 45 3 4.12593249 3.52801163 1.76342166 7.37198443 4.05205717 1.906551884717e+00 1.275446034711e+00 1.092338384512e-01 3.491798543782e+01 3.609474047283e+00
29 46 3 4.12593249 3.52801163 1.76342166 7.37198443 4.05205717 1.924887546518e+00 1.348926290364e+00 1.128552376096e-01 3.549564282282e+01 3.705983023011e+00
29 47 3 4.12593249 3.52801163 1.76342166 7.37198443 4.05205717 1.940119798856e+00 1.411646170401e+00 1.169549125497e-01 3.607514582288e+01 3.808874341658e+00
29 48 3 4.12593249 3.52801163 1.76342166 7.37198443 4.05205717 1.958179760272e+00 1.463785394623e+00 1.213895055543e-01 3.667463981418e+01 3.911929330402e+00
29 49 3 4.12593249 3.52801163 1.76342166 7.37198443 4.05205717 1.984973644436e+00 1.499922725070e+00 1.259669334198e-01 3.731134867882e+01 4.024221263447e+00
29 50 3 4.12593249 3.52801163 1.76342166 7.37198443 4.05205717 2.022756860947e+00 1.517398182014e+00 1.305685384424e-01 3.799255809761e+01 4.145782113908e+00
29 51 3 4.12593249 3.52801163 1.76342166 7.37198443 4.05205717 2.068633809562e+00 1.521955998317e+00 1.351976686577e-01 3.871344431309e+01 4.271431153404e+00
29 52 3 4.12593249 3.52801163 1.76342166 7.37198443 4.05205717 2.116347378395e+00 1.515316550114e+00 1.399150936354e-01 3.945894310808e+01 4.409477970598e+00
29 53 3 4.12593249 3.52801163 1.76342166 7.37198443 4.05205717 2.160310389440e+00 1.499560404600e+00 1.447177097231e-01 4.020541437864e+01 4.553181129088e+00
29 54 3 4.12593249 3.52801163 1.76342166 7.37198443 4.05205717 2.199194722990e+00 1.487331843044e+00 1.494757724318e-01 4.092322192456e+01 4.694080341283e+00
29 55 3 4.12593249 3.52801163 1.76342166 7.37198443 4.05205717 2.236541985226e+00 1.488979121812e+00 1.540120683647e-01 4.158480032864e+01 4.837839574030e+00
29 56 3 4.12593249 3.52801163 1.76342166 7.37198443 4.05205717 2.277821183090e+00 1.509663333508e+00 1.582965333062e-01 4.217749722086e+01 4.974043698307e+00
29 57 3 4.12593249 3.52801163 1.76342166 7.37198443 4.05205717 2.325863555761e+00 1.561016833720e+00 1.626188233112e-01 4.271160397836e+01 5.099067447974e+00
29 58 3 4.12593249 3.52801163 1.76342166 7.37198443 4.05205717 2.377894203837e+00 1.649687989322e+00 1.675791210389e-01 4.321373210617e+01 5.224479321209e+00
29 59 3 4.12593249 3.52801163 1.76342166 7.37198443 4.05205717 2.426440491391e+00 1.768822570577e+00 1.738385582415e-01 4.370794443032e+01 5.344367729872e+00
29 60 3 4.12593249 3.52801163 1.76342166 7.37198443 4.05205717 2.463750312519e+00 1.913483553452e+00 1.817395815703e-01 4.420018383222e+01 5.464735259260e+00
29 61 3 4.12593249 3.52801163 1.76342166 7.37198443 4.05205717 2.486794523507e+00 2.076619375982e+00 1.910272559119e-01 4.468004561405e+01 5.600408197581e+00
29 62 3 4.12593249 3.52801163 1.76342166 7.37198443 4.05205717 2.499315885129e+00 2.238003548571e+00 2.008772017734e-01 4.513698578858e+01 5.743122104579e+00
29 63 3 4.12593249 3.52801163 1.76342166 7.37198443 4.05205717 2.509296193567e+00 2.383009370398e+00 2.102606718313e-01 4.557286677697e+01 5.898535998942e+00
