# environment=00096 local_bs=4 gain_scale=2.407426973873e-14
# ue subcarrier serving_bs phi0 phi1 phi2 phi3 phi4 gain0 gain1 gain2 gain3 gain4
1 0 4 0.63464248 0.73554684 0.84617240 0.46819709 1.89457405 2.069138053116e+00 2.659627405565e+00 6.193129715097e+00 4.126925374849e-01 1.560953869687e+02
1 1 4 0.63464248 0.73554684 0.84617240 0.46819709 1.89457405 2.022437042875e+00 2.548950895914e+00 5.728827704197e+00 3.831555564274e-01 1.491635022820e+02
1 2 4 0.63464248 0.73554684 0.84617240 0.46819709 1.89457405 1.992812793013e+00 2.513492800704e+00 5.440839274908e+00 3.686223405037e-01 1.426938344472e+02
1 3 4 0.63464248 0.73554684 0.84617240 0.46819709 1.89457405 1.924563375103e+00 2.468311958283e+00 5.237169888915e+00 3.537953660364e-01 1.380788967871e+02
1 4 4 0.63464248 0.73554684 0.84617240 0.46819709 1.89457405 1.853024534036e+00 2.375005122317e+00 4.992456154706e+00 3.421506801124e-01 1.344724991316e+02
1 5 4 0.63464248 0.73554684 0.84617240 0.46819709 1.89457405 1.807363810548e+00 2.218758063574e+00 4.562599385793e+00 3.295405828271e-01 1.303517194249e+02
1 6 4 0.63464248 0.73554684 0.84617240 0.46819709 1.89457405 1.719112079632e+00 2.173570978183e+00 4.430587907540e+00 3.183358932685e-01 1.265416176198e+02
1 7 4 0.63464248 0.73554684 0.84617240 0.46819709 1.89457405 1.608598929910e+00 2.092846871400e+00 4.040369853068e+00 3.098800890243e-01 1.218137051515e+02
1 8 4 0.63464248 0.73554684 0.84617240 0.46819709 1.89457405 1.527306375919e+00 2.010004580241e+00 3.826361187082e+00 3.019744062189e-01 1.161614436664e+02
1 9 4 0.63464248 0.73554684 0.84617240 0.46819709 1.89457405 1.480305926305e+00 1.972194141721e+00 3.592981222681e+00 2.992895757330e-01 1.111257783463e+02
1 10 4 0.63464248 0.73554684 0.84617240 0.46819709 1.89457405 1.420296421307e+00 1.866117082051e+00 3.381390179722e+00 2.859935889597e-01 1.073874459259e+02
1 11 4 0.63464248 0.73554684 0.84617240 0.46819709 1.89457405 1.347706762328e+00 1.799412683621e+00 3.134106466776e+00 2.786545562184e-01 1.041443028464e+02
1 12 4 0.63464248 0.73554684 0.84617240 0.46819709 1.89457405 1.296589103354e+00 1.757636145472e+00 2.903801993873e+00 2.709590101467e-01 1.007665641337e+02
1 13 4 0.63464248 0.73554684 0.84617240 0.46819709 1.89457405 1.250648161760e+00 1.706653438127e+00 2.723517469261e+00 2.724859000453e-01 9.746034221265e+01
1 14 4 0.63464248 0.73554684 0.84617240 0.46819709 1.89457405 1.209656077082e+00 1.655672792921e+00 2.419500993382e+00 2.623055468735e-01 9.525770900092e+01
1 15 4 0.63464248 0.73554684 0.84617240 0.46819709 1.89457405 1.187268671944e+00 1.626948538461e+00 2.261619468751e+00 2.552850878961e-01 9.274596334717e+01
1 16 4 0.63464248 0.73554684 0.84617240 0.46819709 1.89457405 1.180059717554e+00 1.605409720040e+00 2.096374042229e+00 2.419256327259e-01 8.969421951505e+01
1 17 4 0.63464248 0.73554684 0.84617240 0.46819709 1.89457405 1.140898305575e+00 1.551635200331e+00 1.976306692902e+00 2.363431712289e-01 8.651377833712e+01
1 18 4 0.63464248 0.73554684 0.84617240 0.46819709 1.89457405 1.121071769115e+00 1.498234132554e+00 1.751175509183e+00 2.304421700284e-01 8.438980617702e+01
1 19 4 0.63464248 0.73554684 0.84617240 0.46819709 1.89457405 1.122233331004e+00 1.464822015196e+00 1.543845741569e+00 2.272965729856e-01 8.126531295518e+01
1 20 4 0.63464248 0.73554684 0.84617240 0.46819709 1.89457405 1.086032193526e+00 1.423913992636e+00 1.401225447598e+00 2.168332122825e-01 7.892993249948e+01
1 21 4 0.63464248 0.73554684 0.84617240 0.46819709 1.89457405 1.028135453266e+00 1.349874272070e+00 1.255607047168e+00 2.069430074772e-01 7.743872285981e+01
1 22 4 0.63464248 0.73554684 0.84617240 0.46819709 1.89457405 1.023448566065e+00 1.338634781604e+00 1.136336719125e+00 2.028530007520e-01 7.617226739271e+01
1 23 4 0.63464248 0.73554684 0.84617240 0.46819709 1.89457405 1.034871697030e+00 1.360456385043e+00 1.000369121048e+00 1.993717620583e-01 7.447686104161e+01
1 24 4 0.63464248 0.73554684 0.84617240 0.46819709 1.89457405 1.007490371843e+00 1.369740333281e+00 9.107423369756e-01 1.953578411935e-01 7.331808939664e+01
1 25 4 0.63464248 0.73554684 0.84617240 0.46819709 1.89457405 9.897278239871e-01 1.375030739464e+00 7.403072467241e-01 1.881315065913e-01 7.300052214292e+01
1 26 4 0.63464248 0.73554684 0.84617240 0.46819709 1.89457405 9.866892196143e-01 1.337786758876e+00 6.381875273138e-01 1.877065397504e-01 7.246950791953e+01
1 27 4 0.63464248 0.73554684 0.84617240 0.46819709 1.89457405 9.218847721239e-01 1.332349707514e+00 5.420841662743e-01 1.861432325486e-01 7.151527143357e+01
1 28 4 0.63464248 0.73554684 0.84617240 0.46819709 1.89457405 8.586019280050e-01 1.316752006400e+00 4.521757671797e-01 1.907490657281e-01 7.036367676641e+01
1 29 4 0.63464248 0.73554684 0.84617240 0.46819709 1.89457405 8.433682495457e-01 1.304735355270e+00 3.795740848343e-01 1.885695982916e-01 6.940633248811e+01
1 30 4 0.63464248 0.73554684 0.84617240 0.46819709 1.89457405 8.169919091414e-01 1.283310347062e+00 3.153135736249e-01 1.890234883465e-01 6.838791551646e+01
1 31 4 0.63464248 0.73554684 0.84617240 0.46819709 1.89457405 7.866983599245e-01 1.249885411003e+00 2.614684167401e-01 1.885332861736e-01 6.790037250304e+01
1 32 4 0.63464248 0.73554684 0.84617240 0.46819709 1.89457405 8.696405358561e-01 1.343806521600e+00 1.489404298316e-01 1.992601403840e-01 6.952475987256e+01
1 33 4 0.63464248 0.73554684 0.84617240 0.46819709 1.89457405 9.437995259295e-01 1.402910479150e+00 1.248168704380e-01 2.053476324915e-01 7.084270776905e+01
1 34 4 0.63464248 0.73554684 0.84617240 0.46819709 1.89457405 9.686906495805e-01 1.411201464402e+00 8.610299850369e-02 2.099669518593e-01 7.172085757186e+01
1 35 4 0.63464248 0.73554684 0.84617240 0.46819709 1.89457405 1.007455116673e+00 1.437233100344e+00 5.752444712572e-02 2.114484033131e-01 7.203217328609e+01
1 36 4 0.63464248 0.73554684 0.84617240 0.46819709 1.89457405 1.056828870843e+00 1.444900479476e+00 2.847783198563e-02 2.185210477998e-01 7.303065350839e+01
1 37 4 0.63464248 0.73554684 0.84617240 0.46819709 1.89457405 1.027445669812e+00 1.485121419158e+00 1.259187570360e-02 2.272116191363e-01 7.329356610692e+01
1 38 4 0.63464248 0.73554684 0.84617240 0.46819709 1.89457405 1.008056277454e+00 1.487786715798e+00 1.438279851319e-03 2.356720210474e-01 7.406081323597e+01
1 39 4 0.63464248 0.73554684 0.84617240 0.46819709 1.89457405 1.025784120118e+00 1.507686340787e+00 3.428241947689e-03 2.430492600481e-01 7.546949398488e+01
1 40 4 0.63464248 0.73554684 0.84617240 0.46819709 1.89457405 1.016132592821e+00 1.549243406735e+00 9.762776995982e-03 2.454904123139e-01 7.744604045543e+01
1 41 4 0.63464248 0.73554684 0.84617240 0.46819709 1.89457405 1.022812628903e+00 1.614451261134e+00 2.688814983071e-02 2.545997148031e-01 7.926276728742e+01
1 42 4 0.63464248 0.73554684 0.84617240 0.46819709 1.89457405 1.072842341300e+00 1.743267779639e+00 4.576445854413e-02 2.626470362894e-01 8.099108339385e+01
1 43 4 0.63464248 0.73554684 0.84617240 0.46819709 1.89457405 1.119804434196e+00 1.810933711592e+00 7.899560037247e-02 2.726619351569e-01 8.391799831093e+01
1 44 4 0.63464248 0.73554684 0.84617240 0.46819709 1.89457405 1.103368016440e+00 1.855198781778e+00 1.153161144644e-01 2.715307851414e-01 8.726412619796e+01
1 45 4 0.63464248 0.73554684 0.84617240 0.46819709 1.89457405 1.130467644269e+00 1.922305194316e+00 1.828827735758e-01 2.803061737518e-01 8.958600909439e+01
1 46 4 0.63464248 0.73554684 0.84617240 0.46819709 1.89457405 1.174870379011e+00 1.997003984100e+00 2.487767528196e-01 2.878062010288e-01 9.197152987832e+01
1 47 4 0.63464248 0.73554684 0.84617240 0.46819709 1.89457405 1.210999316651e+00 2.051658940863e+00 2.915936127255e-01 3.020740512828e-01 9.468688423660e+01
1 48 4 0.63464248 0.73554684 0.84617240 0.46819709 1.89457405 1.240921962372e+00 2.115309124476e+00 3.528838240970e-01 3.072037219095e-01 9.750705043375e+01
1 49 4 0.63464248 0.73554684 0.84617240 0.46819709 1.89457405 1.313915744335e+00 2.223346844962e+00 4.312085903232e-01 3.157014289468e-01 9.980175884334e+01
1 50 4 0.63464248 0.73554684 0.84617240 0.46819709 1.89457405 1.381395827642e+00 2.334593273229e+00 5.618737732622e-01 3.200313894068e-01 1.036914477500e+02
1 51 4 0.63464248 0.73554684 0.84617240 0.46819709 1.89457405 1.442848671755e+00 2.444905080563e+00 6.355235084984e-01 3.345616344437e-01 1.074202244533e+02
1 52 4 0.63464248 0.73554684 0.84617240 0.46819709 1.89457405 1.524088811697e+00 2.556672584525e+00 7.561178788963e-01 3.532982910268e-01 1.117263188226e+02
1 53 4 0.63464248 0.73554684 0.84617240 0.46819709 1.89457405 1.582104582658e+00 2.721121102334e+00 8.678924435455e-01 3.692513658409e-01 1.157705118561e+02
1 54 4 0.63464248 0.73554684 0.84617240 0.46819709 1.89457405 1.639953977172e+00 2.810597942655e+00 9.808432495091e-01 3.820039716778e-01 1.210124981375e+02
1 55 4 0.63464248 0.73554684 0.84617240 0.46819709 1.89457405 1.702962519972e+00 2.923360238171e+00 1.096656997191e+00 3.963146638559e-01 1.260843591465e+02
1 56 4 0.63464248 0.73554684 0.84617240 0.46819709 1.89457405 1.807891338466e+00 3.089476447569e+00 1.236559496410e+00 4.214329958871e-01 1.303871796548e+02
1 57 4 0.63464248 0.73554684 0.84617240 0.46819709 1.89457405 1.860298106989e+00 3.172788348838e+00 1.438969248625e+00 4.397190203826e-01 1.336407088200e+02
1 58 4 0.63464248 0.73554684 0.84617240 0.46819709 1.89457405 1.884045889522e+00 3.401043702994e+00 1.519139350057e+00 4.667545226860e-01 1.380497643932e+02
1 59 4 0.63464248 0.73554684 0.84617240 0.46819709 1.89457405 1.920865530822e+00 3.544304653824e+00 1.779510840654e+00 4.842352506494e-01 1.423658186789e+02
1 60 4 0.63464248 0.73554684 0.84617240 0.46819709 1.89457405 1.986619193778e+00 3.615096310285e+00 1.898554252516e+00 5.124211570092e-01 1.478557462451e+02
1 61 4 0.63464248 0.73554684 0.84617240 0.46819709 1.89457405 2.025997081425e+00 3.770158079598e+00 2.029922123568e+00 5.320245908987e-01 1.548706045468e+02
1 62 4 0.63464248 0.73554684 0.84617240 0.46819709 1.89457405 2.074797902611e+00 3.965934748189e+00 2.232529916767e+00 5.669077875834e-01 1.623179914544e+02
1 63 4 0.63464248 0.73554684 0.84617240 0.46819709 1.89457405 2.178350496200e+00 4.265571043070e+00 2.524370509073e+00 5.816439073372e-01 1.672599144310e+02
3 0 4 0.85673823 0.98809544 1.00619011 0.55589499 6.62943817 8.664658431688e+00 1.182064926101e+01 1.278199564714e+01 9.521075218072e-01 1.649460666676e+04
3 1 4 0.85673823 0.98809544 1.00619011 0.55589499 6.62943817 7.153586562155e+00 1.162944552722e+01 1.209504782997e+01 9.460994479308e-01 1.593931456046e+04
3 2 4 0.85673823 0.98809544 1.00619011 0.55589499 6.62943817 5.095323038955e+00 1.138500917502e+01 1.153353216090e+01 9.522486104384e-01 1.539637458130e+04
3 3 4 0.85673823 0.98809544 1.00619011 0.55589499 6.62943817 4.855707131881e+00 1.124641538995e+01 1.111168143917e+01 9.729775234864e-01 1.488702272374e+04
3 4 4 0.85673823 0.98809544 1.00619011 0.55589499 6.62943817 6.442540780570e+00 1.074938973693e+01 1.077238191047e+01 9.714722345882e-01 1.440239752295e+04
3 5 4 0.85673823 0.98809544 1.00619011 0.55589499 6.62943817 7.513580382849e+00 1.018973511726e+01 1.027519387439e+01 9.644861670862e-01 1.394177116100e+04
3 6 4 0.85673823 0.98809544 1.00619011 0.55589499 6.62943817 6.470588239502e+00 1.012315012878e+01 9.956936733828e+00 9.683360950344e-01 1.349820096396e+04
3 7 4 0.85673823 0.98809544 1.00619011 0.55589499 6.62943817 4.629384423683e+00 9.860707869653e+00 9.574614348811e+00 9.603473553086e-01 1.304903659142e+04
3 8 4 0.85673823 0.98809544 1.00619011 0.55589499 6.62943817 3.932291500554e+00 9.600535619212e+00 9.240544367584e+00 9.630012041772e-01 1.260888621829e+04
3 9 4 0.85673823 0.98809544 1.00619011 0.55589499 6.62943817 4.813407678915e+00 9.325165090298e+00 8.811901381555e+00 9.501093600381e-01 1.220752251630e+04
3 10 4 0.85673823 0.98809544 1.00619011 0.55589499 6.62943817 5.833752471694e+00 9.023489139516e+00 8.372618055906e+00 9.380827904627e-01 1.184622974393e+04
3 11 4 0.85673823 0.98809544 1.00619011 0.55589499 6.62943817 5.518523128572e+00 8.661637404121e+00 8.294867838573e+00 8.861455181531e-01 1.147360795983e+04
3 12 4 0.85673823 0.98809544 1.00619011 0.55589499 6.62943817 3.972659077364e+00 8.115208993815e+00 8.018559176718e+00 8.415616892411e-01 1.113178642106e+04
3 13 4 0.85673823 0.98809544 1.00619011 0.55589499 6.62943817 3.195795452269e+00 7.833291971848e+00 7.746480680557e+00 7.780045083773e-01 1.078691247261e+04
3 14 4 0.85673823 0.98809544 1.00619011 0.55589499 6.62943817 3.842918466139e+00 7.460550784854e+00 7.226473563410e+00 7.070713251031e-01 1.046794338534e+04
3 15 4 0.85673823 0.98809544 1.00619011 0.55589499 6.62943817 4.910620406204e+00 7.048214220195e+00 7.101673108243e+00 6.543312064896e-01 1.017230602652e+04
3 16 4 0.85673823 0.98809544 1.00619011 0.55589499 6.62943817 4.920922582403e+00 6.783641655053e+00 6.996163576246e+00 6.084369580249e-01 9.909233608912e+03
3 17 4 0.85673823 0.98809544 1.00619011 0.55589499 6.62943817 3.724014216253e+00 6.472341897701e+00 6.835281786645e+00 5.744301161408e-01 9.660152537570e+03
3 18 4 0.85673823 0.98809544 1.00619011 0.55589499 6.62943817 2.690081155652e+00 6.293654338618e+00 6.524400524213e+00 5.310294498156e-01 9.408959494544e+03
3 19 4 0.85673823 0.98809544 1.00619011 0.55589499 6.62943817 2.986408329221e+00 6.179197532809e+00 6.253852923076e+00 5.006657964924e-01 9.168086857947e+03
3 20 4 0.85673823 0.98809544 1.00619011 0.55589499 6.62943817 3.996686768178e+00 5.996124192668e+00 6.269071934098e+00 4.507157555121e-01 8.974704688463e+03
3 21 4 0.85673823 0.98809544 1.00619011 0.55589499 6.62943817 4.328625644224e+00 5.835127565495e+00 5.988440122623e+00 4.035612744413e-01 8.793604034448e+03
3 22 4 0.85673823 0.98809544 1.00619011 0.55589499 6.62943817 3.573027994615e+00 5.691083640128e+00 5.967923843051e+00 3.644992369611e-01 8.630007120245e+03
3 23 4 0.85673823 0.98809544 1.00619011 0.55589499 6.62943817 2.716456753159e+00 5.541452795029e+00 5.878637915979e+00 3.330927197962e-01 8.486451954336e+03
3 24 4 0.85673823 0.98809544 1.00619011 0.55589499 6.62943817 2.713913358822e+00 5.475287917683e+00 5.670532727427e+00 3.000459548297e-01 8.343130096992e+03
3 25 4 0.85673823 0.98809544 1.00619011 0.55589499 6.62943817 3.325764383006e+00 5.334693053008e+00 5.652659409061e+00 2.797916724440e-01 8.219832029658e+03
3 26 4 0.85673823 0.98809544 1.00619011 0.55589499 6.62943817 3.846452192518e+00 5.175190474075e+00 5.519913146966e+00 2.699681061939e-01 8.139605003240e+03
3 27 4 0.85673823 0.98809544 1.00619011 0.55589499 6.62943817 3.560585966333e+00 5.144419883363e+00 5.531234773188e+00 2.558636270839e-01 8.067485068081e+03
3 28 4 0.85673823 0.98809544 1.00619011 0.55589499 6.62943817 2.710942927431e+00 4.958587556604e+00 5.458467019775e+00 2.543993631054e-01 8.005724292530e+03
3 29 4 0.85673823 0.98809544 1.00619011 0.55589499 6.62943817 2.328605867226e+00 4.911402555441e+00 5.564033239676e+00 2.608433429945e-01 7.980127475571e+03
3 30 4 0.85673823 0.98809544 1.00619011 0.55589499 6.62943817 2.698647257585e+00 4.846667143986e+00 5.560270649307e+00 2.819727038937e-01 7.950589553041e+03
3 31 4 0.85673823 0.98809544 1.00619011 0.55589499 6.62943817 3.259133176400e+00 4.674722883825e+00 5.151626879972e+00 3.104028237575e-01 7.916672618384e+03
3 32 4 0.85673823 0.98809544 1.00619011 0.55589499 6.62943817 3.602582090766e+00 5.047481698056e+00 5.624202065750e+00 3.719042221601e-01 7.971452346023e+03
3 33 4 0.85673823 0.98809544 1.00619011 0.55589499 6.62943817 3.106207647168e+00 5.337731263202e+00 5.668694747360e+00 4.288108706825e-01 8.018694439225e+03
3 34 4 0.85673823 0.98809544 1.00619011 0.55589499 6.62943817 2.462796599698e+00 5.385482388625e+00 5.561388836343e+00 4.833991093726e-01 8.048138212652e+03
3 35 4 0.85673823 0.98809544 1.00619011 0.55589499 6.62943817 2.767760511415e+00 5.591750642025e+00 5.657024760520e+00 5.379750595088e-01 8.120860605205e+03
3 36 4 0.85673823 0.98809544 1.00619011 0.55589499 6.62943817 3.715769330844e+00 5.656199256845e+00 5.706134597931e+00 5.879741121954e-01 8.218608503052e+03
3 37 4 0.85673823 0.98809544 1.00619011 0.55589499 6.62943817 4.119723512208e+00 5.764299982920e+00 5.907131734122e+00 6.305577665648e-01 8.314452343175e+03
3 38 4 0.85673823 0.98809544 1.00619011 0.55589499 6.62943817 3.552053431077e+00 5.922952592567e+00 5.964565306450e+00 6.672649826302e-01 8.450919568377e+03
3 39 4 0.85673823 0.98809544 1.00619011 0.55589499 6.62943817 2.625271314877e+00 5.983614454564e+00 6.217059832775e+00 7.217812529681e-01 8.613775311862e+03
3 40 4 0.85673823 0.98809544 1.00619011 0.55589499 6.62943817 2.629121587521e+00 6.122791304717e+00 6.271620607140e+00 7.549780954692e-01 8.767910146249e+03
3 41 4 0.85673823 0.98809544 1.00619011 0.55589499 6.62943817 3.788824629773e+00 6.290560838049e+00 6.435785176046e+00 7.905499973877e-01 8.942146933842e+03
3 42 4 0.85673823 0.98809544 1.00619011 0.55589499 6.62943817 4.556137756659e+00 6.456260544093e+00 6.656494136699e+00 8.237705489557e-01 9.136909309958e+03
3 43 4 0.85673823 0.98809544 1.00619011 0.55589499 6.62943817 4.033964423887e+00 6.641390555910e+00 6.807802430577e+00 8.554300089377e-01 9.359811996941e+03
3 44 4 0.85673823 0.98809544 1.00619011 0.55589499 6.62943817 2.951989409840e+00 6.816962010141e+00 7.073084742216e+00 8.612911338157e-01 9.612443353989e+03
3 45 4 0.85673823 0.98809544 1.00619011 0.55589499 6.62943817 2.965619502356e+00 7.031946430614e+00 7.440896620854e+00 8.751315833718e-01 9.880040548511e+03
3 46 4 0.85673823 0.98809544 1.00619011 0.55589499 6.62943817 4.245581768736e+00 7.391406445510e+00 7.585351582270e+00 8.993071435195e-01 1.013115709137e+04
3 47 4 0.85673823 0.98809544 1.00619011 0.55589499 6.62943817 5.385015687111e+00 7.700877820502e+00 7.775307981781e+00 9.193888558303e-01 1.040799630579e+04
3 48 4 0.85673823 0.98809544 1.00619011 0.55589499 6.62943817 5.112289838153e+00 8.019714480240e+00 8.009960319139e+00 9.576264160615e-01 1.073412623946e+04
3 49 4 0.85673823 0.98809544 1.00619011 0.55589499 6.62943817 3.848873280705e+00 8.337329922836e+00 8.522060908568e+00 9.879892136883e-01 1.106681022752e+04
3 50 4 0.85673823 0.98809544 1.00619011 0.55589499 6.62943817 3.301498452754e+00 8.495343394888e+00 8.941618032570e+00 1.017303165658e+00 1.142055838417e+04
3 51 4 0.85673823 0.98809544 1.00619011 0.55589499 6.62943817 4.512679819569e+00 8.813173737968e+00 9.096507104821e+00 1.004571228283e+00 1.178080680701e+04
3 52 4 0.85673823 0.98809544 1.00619011 0.55589499 6.62943817 6.140483823280e+00 9.058177868860e+00 9.355363759072e+00 1.006016819283e+00 1.215579797000e+04
3 53 4 0.85673823 0.98809544 1.00619011 0.55589499 6.62943817 6.382908066111e+00 9.132279965598e+00 9.743792663038e+00 9.872146643811e-01 1.254387929764e+04
3 54 4 0.85673823 0.98809544 1.00619011 0.55589499 6.62943817 5.238695986771e+00 9.278966531287e+00 1.041006811911e+01 9.695950326206e-01 1.295837388633e+04
3 55 4 0.85673823 0.98809544 1.00619011 0.55589499 6.62943817 4.229331493367e+00 9.470536143914e+00 1.069329604074e+01 9.725398844787e-01 1.342037030380e+04
3 56 4 0.85673823 0.98809544 1.00619011 0.55589499 6.62943817 5.030082040420e+00 9.733355348707e+00 1.102162907187e+01 9.851046519093e-01 1.387386098470e+04
3 57 4 0.85673823 0.98809544 1.00619011 0.55589499 6.62943817 7.026955944124e+00 9.907181622476e+00 1.159399137014e+01 1.015795796184e+00 1.433743764551e+04
3 58 4 0.85673823 0.98809544 1.00619011 0.55589499 6.62943817 7.798787974126e+00 1.038577324712e+01 1.190599730475e+01 1.043839602648e+00 1.480065080874e+04
3 59 4 0.85673823 0.98809544 1.00619011 0.55589499 6.62943817 6.491823725048e+00 1.095823892347e+01 1.248639088972e+01 1.095931354341e+00 1.530394275576e+04
3 60 4 0.85673823 0.98809544 1.00619011 0.55589499 6.62943817 5.015457918072e+00 1.106261036026e+01 1.295904573248e+01 1.125921828640e+00 1.584105978131e+04
3 61 4 0.85673823 0.98809544 1.00619011 0.55589499 6.62943817 5.501959866899e+00 1.133444916069e+01 1.345336829515e+01 1.193257543885e+00 1.639908617210e+04
3 62 4 0.85673823 0.98809544 1.00619011 0.55589499 6.62943817 7.715494854095e+00 1.177509668611e+01 1.423822554075e+01 1.280292530126e+00 1.695065672177e+04
3 63 4 0.85673823 0.98809544 1.00619011 0.55589499 6.62943817 9.233318943657e+00 1.244702750802e+01 1.447378702050e+01 1.395010623722e+00 1.750724318882e+04
5 0 4 0.61641919 0.55423517 1.26641508 0.38644638 1.28261408 5.997797464714e-03 1.076723745001e+00 3.165551099631e-05 2.559781820751e-01 3.095239908673e+01
5 1 4 0.61641919 0.55423517 1.26641508 0.38644638 1.28261408 7.298596007029e-03 1.040396967704e+00 1.059691714078e-05 2.472760952758e-01 2.938105144508e+01
5 2 4 0.61641919 0.55423517 1.26641508 0.38644638 1.28261408 5.828391253818e-03 1.018715093609e+00 1.150411670559e-05 2.386984225754e-01 2.851104796374e+01
5 3 4 0.61641919 0.55423517 1.26641508 0.38644638 1.28261408 7.100701114055e-03 9.888911361590e-01 9.602909937481e-06 2.306791737004e-01 2.764257925497e+01
5 4 4 0.61641919 0.55423517 1.26641508 0.38644638 1.28261408 7.353315761040e-03 9.352322823653e-01 1.954140552004e-05 2.233364848492e-01 2.648206181138e+01
5 5 4 0.61641919 0.55423517 1.26641508 0.38644638 1.28261408 3.951916844437e-03 8.760529138835e-01 6.413133062192e-05 2.164766809111e-01 2.581906337907e+01
5 6 4 0.61641919 0.55423517 1.26641508 0.38644638 1.28261408 4.881167614492e-03 8.317411247684e-01 8.664722403255e-05 2.096744645309e-01 2.469448075931e+01
5 7 4 0.61641919 0.55423517 1.26641508 0.38644638 1.28261408 8.874753458967e-03 8.001432972231e-01 4.646987125312e-05 2.024062132386e-01 2.363762459904e+01
5 8 4 0.61641919 0.55423517 1.26641508 0.38644638 1.28261408 6.206130164632e-03 7.797401213572e-01 1.213175117982e-05 1.942022935348e-01 2.306702883181e+01
5 9 4 0.61641919 0.55423517 1.26641508 0.38644638 1.28261408 3.106279264095e-03 7.748896833177e-01 3.026618825990e-05 1.847817300317e-01 2.230336621055e+01
5 10 4 0.61641919 0.55423517 1.26641508 0.38644638 1.28261408 4.726968952283e-03 7.793757909282e-01 4.454244949135e-05 1.741385593971e-01 2.159767101540e+01
5 11 4 0.61641919 0.55423517 1.26641508 0.38644638 1.28261408 6.674944494318e-03 7.662563500417e-01 3.160517382228e-05 1.625618368111e-01 2.060866228849e+01
5 12 4 0.61641919 0.55423517 1.26641508 0.38644638 1.28261408 5.388392441875e-03 7.327674287862e-01 3.918507362671e-05 1.505872396163e-01 1.988391909821e+01
5 13 4 0.61641919 0.55423517 1.26641508 0.38644638 1.28261408 3.728776807059e-03 7.159404759375e-01 5.543692268340e-05 1.388936947563e-01 1.952620002967e+01
5 14 4 0.61641919 0.55423517 1.26641508 0.38644638 1.28261408 3.819566391058e-03 7.121839343171e-01 3.055850803538e-05 1.281700012894e-01 1.887146930407e+01
5 15 4 0.61641919 0.55423517 1.26641508 0.38644638 1.28261408 4.546097087765e-03 6.894998861842e-01 3.537642403485e-06 1.189817291390e-01 1.819465386973e+01
5 16 4 0.61641919 0.55423517 1.26641508 0.38644638 1.28261408 4.954482758821e-03 6.585191117874e-01 3.046139822757e-05 1.116670229203e-01 1.765637165554e+01
5 17 4 0.61641919 0.55423517 1.26641508 0.38644638 1.28261408 4.294827483938e-03 6.413257726946e-01 6.981015338901e-05 1.062821970090e-01 1.702545588615e+01
5 18 4 0.61641919 0.55423517 1.26641508 0.38644638 1.28261408 3.366527594684e-03 6.348008731060e-01 8.137876954460e-05 1.026063090448e-01 1.669748364164e+01
5 19 4 0.61641919 0.55423517 1.26641508 0.38644638 1.28261408 3.176724171925e-03 6.232193190713e-01 1.015476253251e-04 1.002010511174e-01 1.647119932518e+01
5 20 4 0.61641919 0.55423517 1.26641508 0.38644638 1.28261408 4.029097913612e-03 5.994412751128e-01 1.230142533098e-04 9.851110212084e-02 1.587732308508e+01
5 21 4 0.61641919 0.55423517 1.26641508 0.38644638 1.28261408 4.858542820276e-03 5.686861483893e-01 8.087233236558e-05 9.698273129341e-02 1.530859135978e+01
5 22 4 0.61641919 0.55423517 1.26641508 0.38644638 1.28261408 2.991729000259e-03 5.356065350324e-01 1.017148356344e-05 9.517610925870e-02 1.521715743514e+01
5 23 4 0.61641919 0.55423517 1.26641508 0.38644638 1.28261408 2.511063340985e-03 5.063900187274e-01 1.608941097875e-05 9.284950048741e-02 1.494477259082e+01
5 24 4 0.61641919 0.55423517 1.26641508 0.38644638 1.28261408 3.755319906532e-03 4.827710649193e-01 8.180924302880e-05 9.000029505327e-02 1.478675828142e+01
5 25 4 0.61641919 0.55423517 1.26641508 0.38644638 1.28261408 3.162950565569e-03 4.618100046345e-01 1.017675064397e-04 8.685701223378e-02 1.444465640291e+01
5 26 4 0.61641919 0.55423517 1.26641508 0.38644638 1.28261408 3.416415407825e-03 4.468490345597e-01 6.267168136141e-05 8.382602851231e-02 1.410587708693e+01
5 27 4 0.61641919 0.55423517 1.26641508 0.38644638 1.28261408 3.138170989766e-03 4.410452319546e-01 2.193607541188e-05 8.140504179100e-02 1.419768783816e+01
5 28 4 0.61641919 0.55423517 1.26641508 0.38644638 1.28261408 1.869685115416e-03 4.441615807340e-01 4.752844357656e-07 8.008082808180e-02 1.409042976825e+01
5 29 4 0.61641919 0.55423517 1.26641508 0.38644638 1.28261408 2.479134754139e-03 4.442707840640e-01 2.789470121354e-05 8.023094531322e-02 1.405455843135e+01
5 30 4 0.61641919 0.55423517 1.26641508 0.38644638 1.28261408 4.701941167957e-03 4.315951013166e-01 1.483410286951e-04 8.204760858638e-02 1.406011144424e+01
5 31 4 0.61641919 0.55423517 1.26641508 0.38644638 1.28261408 3.230623560743e-03 4.320786322632e-01 2.863705039692e-04 8.549748075632e-02 1.368796982958e+01
5 32 4 0.61641919 0.55423517 1.26641508 0.38644638 1.28261408 7.759205054083e-04 4.642109275079e-01 2.874968198017e-04 9.032447837634e-02 1.413116746789e+01
5 33 4 0.61641919 0.55423517 1.26641508 0.38644638 1.28261408 3.335660332298e-03 4.988840284827e-01 1.501736026561e-04 9.609500974032e-02 1.431722893294e+01
5 34 4 0.61641919 0.55423517 1.26641508 0.38644638 1.28261408 3.655873668824e-03 5.129107528341e-01 2.860442497898e-05 1.022775422889e-01 1.419172394293e+01
5 35 4 0.61641919 0.55423517 1.26641508 0.38644638 1.28261408 1.937206118967e-03 5.208632369131e-01 4.231476230835e-07 1.083421901959e-01 1.444623171852e+01
5 36 4 0.61641919 0.55423517 1.26641508 0.38644638 1.28261408 1.556382275325e-03 5.419263760592e-01 2.169303474257e-05 1.138620994517e-01 1.454378783005e+01
5 37 4 0.61641919 0.55423517 1.26641508 0.38644638 1.28261408 2.243356323215e-03 5.718957312053e-01 6.242137264290e-05 1.185974891432e-01 1.486529804077e+01
5 38 4 0.61641919 0.55423517 1.26641508 0.38644638 1.28261408 1.887108737977e-03 5.987598383818e-01 1.024221899342e-04 1.225456001851e-01 1.537753501525e+01
5 39 4 0.61641919 0.55423517 1.26641508 0.38644638 1.28261408 2.428044113165e-03 6.230638188237e-01 8.326238892858e-05 1.259453408927e-01 1.546370275345e+01
5 40 4 0.61641919 0.55423517 1.26641508 0.38644638 1.28261408 2.284720183619e-03 6.447724690149e-01 1.666522052201e-05 1.292333978621e-01 1.584476515732e+01
5 41 4 0.61641919 0.55423517 1.26641508 0.38644638 1.28261408 1.036382954550e-03 6.626529002697e-01 9.964881958101e-06 1.329577758230e-01 1.615564173495e+01
5 42 4 0.61641919 0.55423517 1.26641508 0.38644638 1.28261408 1.776316968894e-03 6.750103446084e-01 8.169380083051e-05 1.376635235635e-01 1.675593685168e+01
5 43 4 0.61641919 0.55423517 1.26641508 0.38644638 1.28261408 2.390702140350e-03 6.766887990257e-01 1.248523570778e-04 1.437720293671e-01 1.739082781494e+01
5 44 4 0.61641919 0.55423517 1.26641508 0.38644638 1.28261408 1.985401785485e-03 6.744845588055e-01 1.037231633794e-04 1.514781561624e-01 1.771921093399e+01
5 45 4 0.61641919 0.55423517 1.26641508 0.38644638 1.28261408 1.232349754106e-03 6.764461155628e-01 8.486064001338e-05 1.606876279795e-01 1.812266863625e+01
5 46 4 0.61641919 0.55423517 1.26641508 0.38644638 1.28261408 1.269949663193e-03 6.909691852300e-01 7.403859376899e-05 1.710103547344e-01 1.895628926872e+01
5 47 4 0.61641919 0.55423517 1.26641508 0.38644638 1.28261408 1.691815490760e-03 7.204071085689e-01 3.269067899798e-05 1.818147242517e-01 1.958231376243e+01
5 48 4 0.61641919 0.55423517 1.26641508 0.38644638 1.28261408 2.011281163000e-03 7.382997133174e-01 4.367038115195e-06 1.923352266930e-01 2.029582717876e+01
5 49 4 0.61641919 0.55423517 1.26641508 0.38644638 1.28261408 1.761245858428e-03 7.393440977096e-01 3.346006002073e-05 2.018137204071e-01 2.104616985496e+01
5 50 4 0.61641919 0.55423517 1.26641508 0.38644638 1.28261408 1.032010699196e-03 7.565115975289e-01 6.007332903615e-05 2.096459722047e-01 2.164524172679e+01
5 51 4 0.61641919 0.55423517 1.26641508 0.38644638 1.28261408 9.451996324922e-04 7.910321378460e-01 4.276868012567e-05 2.155021002740e-01 2.239409478740e+01
5 52 4 0.61641919 0.55423517 1.26641508 0.38644638 1.28261408 2.289834100722e-03 8.118097437668e-01 3.468170725478e-05 2.193934166718e-01 2.363928228153e+01
5 53 4 0.61641919 0.55423517 1.26641508 0.38644638 1.28261408 2.380412404917e-03 8.199274863851e-01 4.812632191097e-05 2.216686080108e-01 2.433629845529e+01
5 54 4 0.61641919 0.55423517 1.26641508 0.38644638 1.28261408 1.136518469430e-03 8.511182313879e-01 3.258394792557e-05 2.229373152248e-01 2.527332119420e+01
5 55 4 0.61641919 0.55423517 1.26641508 0.38644638 1.28261408 5.352843861153e-04 9.097250757657e-01 1.410590849043e-05 2.239357891927e-01 2.609828293544e+01
5 56 4 0.61641919 0.55423517 1.26641508 0.38644638 1.28261408 3.009213074866e-03 9.703247171183e-01 5.224262538308e-05 2.253635799474e-01 2.720741708127e+01
5 57 4 0.61641919 0.55423517 1.26641508 0.38644638 1.28261408 2.732962480976e-03 1.032947013816e+00 9.491520583445e-05 2.277285725928e-01 2.851829416225e+01
5 58 4 0.61641919 0.55423517 1.26641508 0.38644638 1.28261408 5.643726617150e-04 1.095290777331e+00 6.890170099821e-05 2.312376664788e-01 2.945077381593e+01
5 59 4 0.61641919 0.55423517 1.26641508 0.38644638 1.28261408 1.249396163189e-03 1.138961141355e+00 2.041982609364e-05 2.357614075590e-01 3.055044510769e+01
5 60 4 0.61641919 0.55423517 1.26641508 0.38644638 1.28261408 2.121004504381e-03 1.163310478497e+00 1.096581983575e-05 2.408844809465e-01 3.188141899066e+01
5 61 4 0.61641919 0.55423517 1.26641508 0.38644638 1.28261408 1.291061910356e-03 1.184156734290e+00 1.365881252901e-05 2.460336467769e-01 3.274699467652e+01
5 62 4 0.61641919 0.55423517 1.26641508 0.38644638 1.28261408 1.761136220617e-03 1.230147057644e+00 1.148447667248e-05 2.506551778633e-01 3.458493917422e+01
5 63 4 0.61641919 0.55423517 1.26641508 0.38644638 1.28261408 1.722261216318e-03 1.294498468366e+00 3.271237197540e-05 2.543999952273e-01 3.583749719831e+01
11 0 4 0.91126568 0.79206813 1.56723522 0.49112013 3.85855421 1.347936614440e+01 4.924592943242e+00 6.967030060347e+01 4.024197125076e-01 2.590599765192e+03
11 1 4 0.91126568 0.79206813 1.56723522 0.49112013 3.85855421 1.079928877567e+01 4.662800677342e+00 6.731340761721e+01 3.677219983836e-01 2.550025555796e+03
11 2 4 0.91126568 0.79206813 1.56723522 0.49112013 3.85855421 9.196356315041e+00 4.441966935081e+00 6.464729970698e+01 3.312713548252e-01 2.341826094929e+03
11 3 4 0.91126568 0.79206813 1.56723522 0.49112013 3.85855421 9.893710918671e+00 4.426826861627e+00 6.270022897752e+01 3.028634869712e-01 2.061275285758e+03
11 4 4 0.91126568 0.79206813 1.56723522 0.49112013 3.85855421 7.730763000449e+00 4.593316823602e+00 5.971466357170e+01 2.892001451416e-01 1.835704159885e+03
11 5 4 0.91126568 0.79206813 1.56723522 0.49112013 3.85855421 4.235769306006e+00 4.542020718990e+00 5.839026572051e+01 2.853387765528e-01 1.764258770808e+03
11 6 4 0.91126568 0.79206813 1.56723522 0.49112013 3.85855421 4.700892913241e+00 4.076433524917e+00 5.577239555357e+01 2.861803969205e-01 1.828320172613e+03
11 7 4 0.91126568 0.79206813 1.56723522 0.49112013 3.85855421 6.218837763842e+00 3.672532605673e+00 5.387555937996e+01 2.923394118759e-01 1.941359416158e+03
11 8 4 0.91126568 0.79206813 1.56723522 0.49112013 3.85855421 5.392539033248e+00 3.493345811068e+00 5.209404872890e+01 3.040209944468e-01 1.982377294849e+03
11 9 4 0.91126568 0.79206813 1.56723522 0.49112013 3.85855421 6.388565098780e+00 3.442852836263e+00 5.023870216073e+01 3.212413754450e-01 1.907148774586e+03
11 10 4 0.91126568 0.79206813 1.56723522 0.49112013 3.85855421 9.368496559817e+00 3.459818442499e+00 4.848361453194e+01 3.414259047403e-01 1.725355271505e+03
11 11 4 0.91126568 0.79206813 1.56723522 0.49112013 3.85855421 9.014784128517e+00 3.322598377336e+00 4.656259582336e+01 3.551191100963e-01 1.520375188428e+03
11 12 4 0.91126568 0.79206813 1.56723522 0.49112013 3.85855421 6.511598540929e+00 3.108575714069e+00 4.536090555777e+01 3.573372282922e-01 1.386704777828e+03
11 13 4 0.91126568 0.79206813 1.56723522 0.49112013 3.85855421 6.396815015371e+00 2.941980917653e+00 4.387388132301e+01 3.515053317668e-01 1.373134389095e+03
11 14 4 0.91126568 0.79206813 1.56723522 0.49112013 3.85855421 6.243516491689e+00 2.855191241914e+00 4.215649360055e+01 3.379362570752e-01 1.443985586905e+03
11 15 4 0.91126568 0.79206813 1.56723522 0.49112013 3.85855421 3.917056634318e+00 2.879563900257e+00 4.107646956477e+01 3.176837923704e-01 1.526133297406e+03
11 16 4 0.91126568 0.79206813 1.56723522 0.49112013 3.85855421 2.764716988757e+00 2.929733970391e+00 3.997277593777e+01 2.965047739661e-01 1.543102100649e+03
11 17 4 0.91126568 0.79206813 1.56723522 0.49112013 3.85855421 4.068704750129e+00 2.992459345137e+00 3.864408495062e+01 2.779480049495e-01 1.463658215415e+03
11 18 4 0.91126568 0.79206813 1.56723522 0.49112013 3.85855421 4.572569161612e+00 2.942147259955e+00 3.753918827967e+01 2.649854943949e-01 1.317574598734e+03
11 19 4 0.91126568 0.79206813 1.56723522 0.49112013 3.85855421 4.094801826124e+00 2.716161365328e+00 3.678385823147e+01 2.591106350592e-01 1.169520490818e+03
11 20 4 0.91126568 0.79206813 1.56723522 0.49112013 3.85855421 5.603113460697e+00 2.521793852498e+00 3.566831348182e+01 2.549251080254e-01 1.102283394685e+03
11 21 4 0.91126568 0.79206813 1.56723522 0.49112013 3.85855421 7.140446305659e+00 2.483291726552e+00 3.495980555661e+01 2.472694087737e-01 1.129775607968e+03
11 22 4 0.91126568 0.79206813 1.56723522 0.49112013 3.85855421 5.649834016360e+00 2.474842736433e+00 3.415706565402e+01 2.367468835007e-01 1.213459389681e+03
11 23 4 0.91126568 0.79206813 1.56723522 0.49112013 3.85855421 4.029563495727e+00 2.465464470269e+00 3.387226918146e+01 2.232720899609e-01 1.279470283733e+03
11 24 4 0.91126568 0.79206813 1.56723522 0.49112013 3.85855421 4.367609538838e+00 2.492454959075e+00 3.279907358937e+01 2.074176605839e-01 1.286060182096e+03
11 25 4 0.91126568 0.79206813 1.56723522 0.49112013 3.85855421 3.650232954781e+00 2.428370013495e+00 3.268560629743e+01 1.928078598116e-01 1.209880722988e+03
11 26 4 0.91126568 0.79206813 1.56723522 0.49112013 3.85855421 2.170523993434e+00 2.251738337070e+00 3.226106512969e+01 1.800814970089e-01 1.092964730491e+03
11 27 4 0.91126568 0.79206813 1.56723522 0.49112013 3.85855421 2.648381400954e+00 2.063867580758e+00 3.186635215780e+01 1.681817819969e-01 1.000450706597e+03
11 28 4 0.91126568 0.79206813 1.56723522 0.49112013 3.85855421 3.865673489948e+00 2.015929160037e+00 3.162359856087e+01 1.585802129527e-01 9.859063313572e+02
11 29 4 0.91126568 0.79206813 1.56723522 0.49112013 3.85855421 3.729284187423e+00 2.049511830157e+00 3.157865065360e+01 1.534151775675e-01 1.044577525076e+03
11 30 4 0.91126568 0.79206813 1.56723522 0.49112013 3.85855421 3.982751552473e+00 2.019424506225e+00 3.173113516590e+01 1.564476155717e-01 1.142508860751e+03
11 31 4 0.91126568 0.79206813 1.56723522 0.49112013 3.85855421 5.417341690506e+00 1.983332660898e+00 3.103333929826e+01 1.722272447917e-01 1.204465544854e+03
11 32 4 0.91126568 0.79206813 1.56723522 0.49112013 3.85855421 5.852112986362e+00 2.218549013318e+00 3.226843009627e+01 1.983552438107e-01 1.218155441571e+03
11 33 4 0.91126568 0.79206813 1.56723522 0.49112013 3.85855421 4.312531057289e+00 2.350022320805e+00 3.167914016064e+01 2.252210328065e-01 1.146022437437e+03
11 34 4 0.91126568 0.79206813 1.56723522 0.49112013 3.85855421 3.794536464898e+00 2.239993772781e+00 3.222839611284e+01 2.464543722811e-01 1.051318161753e+03
11 35 4 0.91126568 0.79206813 1.56723522 0.49112013 3.85855421 4.051482400448e+00 2.185035575772e+00 3.251959689410e+01 2.606378470909e-01 9.989843648749e+02
11 36 4 0.91126568 0.79206813 1.56723522 0.49112013 3.85855421 2.806999700435e+00 2.317228570987e+00 3.317581600881e+01 2.683045794938e-01 1.023094041709e+03
11 37 4 0.91126568 0.79206813 1.56723522 0.49112013 3.85855421 2.175339115658e+00 2.532304198902e+00 3.364946364071e+01 2.733843053414e-01 1.125744012500e+03
11 38 4 0.91126568 0.79206813 1.56723522 0.49112013 3.85855421 3.843954949254e+00 2.661578432611e+00 3.415949289428e+01 2.770579290657e-01 1.251056261061e+03
11 39 4 0.91126568 0.79206813 1.56723522 0.49112013 3.85855421 4.705225401224e+00 2.666780649333e+00 3.502741946262e+01 2.767962462607e-01 1.327417496785e+03
11 40 4 0.91126568 0.79206813 1.56723522 0.49112013 3.85855421 4.577641545980e+00 2.606813524976e+00 3.612169793307e+01 2.742118130331e-01 1.330801996355e+03
11 41 4 0.91126568 0.79206813 1.56723522 0.49112013 3.85855421 6.119167480124e+00 2.509697262279e+00 3.650061090114e+01 2.714708788269e-01 1.255255734678e+03
11 42 4 0.91126568 0.79206813 1.56723522 0.49112013 3.85855421 7.500269624641e+00 2.419052076988e+00 3.790218262019e+01 2.685080227782e-01 1.171343712018e+03
11 43 4 0.91126568 0.79206813 1.56723522 0.49112013 3.85855421 6.092751176222e+00 2.549455225830e+00 3.904694904356e+01 2.690250638335e-01 1.155413203865e+03
11 44 4 0.91126568 0.79206813 1.56723522 0.49112013 3.85855421 4.452911238216e+00 2.838252116520e+00 4.001534223218e+01 2.758997244523e-01 1.235746595443e+03
11 45 4 0.91126568 0.79206813 1.56723522 0.49112013 3.85855421 4.727264017324e+00 2.986363071811e+00 4.120201643026e+01 2.856386572207e-01 1.391339943101e+03
11 46 4 0.91126568 0.79206813 1.56723522 0.49112013 3.85855421 4.405161948450e+00 2.967581139613e+00 4.295151763355e+01 2.942094505713e-01 1.547038447204e+03
11 47 4 0.91126568 0.79206813 1.56723522 0.49112013 3.85855421 2.963105342956e+00 2.918735602171e+00 4.416882436002e+01 2.979685217396e-01 1.631188771706e+03
11 48 4 0.91126568 0.79206813 1.56723522 0.49112013 3.85855421 3.992678464325e+00 2.806294990296e+00 4.589593597389e+01 2.933797698370e-01 1.616503721006e+03
11 49 4 0.91126568 0.79206813 1.56723522 0.49112013 3.85855421 6.691339425391e+00 2.832222288641e+00 4.725292136398e+01 2.841425571299e-01 1.529516710027e+03
11 50 4 0.91126568 0.79206813 1.56723522 0.49112013 3.85855421 6.620732628908e+00 3.084513782594e+00 4.956319147168e+01 2.758144832645e-01 1.449435387676e+03
11 51 4 0.91126568 0.79206813 1.56723522 0.49112013 3.85855421 6.749170977426e+00 3.469549019319e+00 5.084317928348e+01 2.696757937450e-01 1.473860023879e+03
11 52 4 0.91126568 0.79206813 1.56723522 0.49112013 3.85855421 9.626194001456e+00 3.837611345838e+00 5.304892897322e+01 2.708380119032e-01 1.624674558637e+03
11 53 4 0.91126568 0.79206813 1.56723522 0.49112013 3.85855421 9.838388681032e+00 3.967189160019e+00 5.519305258349e+01 2.866219416839e-01 1.847938152606e+03
11 54 4 0.91126568 0.79206813 1.56723522 0.49112013 3.85855421 6.439563498747e+00 3.950924956676e+00 5.699707564837e+01 3.166231110301e-01 2.042496019308e+03
11 55 4 0.91126568 0.79206813 1.56723522 0.49112013 3.85855421 5.512019371103e+00 3.974974718982e+00 5.948323888857e+01 3.556822654801e-01 2.119774330553e+03
11 56 4 0.91126568 0.79206813 1.56723522 0.49112013 3.85855421 6.407062123751e+00 4.114563922392e+00 6.174975119203e+01 3.994699390989e-01 2.066100164550e+03
11 57 4 0.91126568 0.79206813 1.56723522 0.49112013 3.85855421 4.841482845744e+00 4.463420787186e+00 6.444199991089e+01 4.432187774598e-01 1.939386496502e+03
11 58 4 0.91126568 0.79206813 1.56723522 0.49112013 3.85855421 4.437899672377e+00 4.630851898614e+00 6.643810605642e+01 4.880766963001e-01 1.871904201898e+03
11 59 4 0.91126568 0.79206813 1.56723522 0.49112013 3.85855421 8.423153511515e+00 4.722009881453e+00 6.953485550367e+01 5.379314752407e-01 1.967234600536e+03
11 60 4 0.91126568 0.79206813 1.56723522 0.49112013 3.85855421 1.089129045746e+01 4.948140344245e+00 7.217671214380e+01 5.840816974418e-01 2.218916630057e+03
11 61 4 0.91126568 0.79206813 1.56723522 0.49112013 3.85855421 9.731432398812e+00 5.155409344646e+00 7.466708981127e+01 6.161818371780e-01 2.513583271226e+03
11 62 4 0.91126568 0.79206813 1.56723522 0.49112013 3.85855421 1.167114703745e+01 5.197803532375e+00 7.805390901422e+01 6.354116471165e-01 2.726596617288e+03
11 63 4 0.91126568 0.79206813 1.56723522 0.49112013 3.85855421 1.492303576526e+01 5.301037161372e+00 8.055827580365e+01 6.439055107965e-01 2.760342867785e+03
12 0 4 0.61763905 0.68642446 0.87170762 0.44716584 1.73973285 2.021692284782e+00 2.268847867785e+00 1.028392464686e-01 3.665364385936e-01 1.118471528127e+02
12 1 4 0.61763905 0.68642446 0.87170762 0.44716584 1.73973285 1.944870357339e+00 2.116585772998e+00 1.118157398924e-01 3.563910083421e-01 1.080539320096e+02
12 2 4 0.61763905 0.68642446 0.87170762 0.44716584 1.73973285 1.790669311922e+00 2.116082165666e+00 8.556327526380e-02 3.389636885677e-01 1.042329072126e+02
12 3 4 0.61763905 0.68642446 0.87170762 0.44716584 1.73973285 1.671089407243e+00 2.011476778443e+00 8.924120814684e-02 3.287712547597e-01 1.000724435722e+02
12 4 4 0.61763905 0.68642446 0.87170762 0.44716584 1.73973285 1.594172804441e+00 1.876627255221e+00 9.609108578837e-02 3.109960575067e-01 9.547925932482e+01
12 5 4 0.61763905 0.68642446 0.87170762 0.44716584 1.73973285 1.525214600481e+00 1.822619941574e+00 8.787977407286e-02 3.025609734495e-01 9.200228681154e+01
12 6 4 0.61763905 0.68642446 0.87170762 0.44716584 1.73973285 1.443720195380e+00 1.762602729027e+00 8.105688814391e-02 2.929444528869e-01 8.824307894801e+01
12 7 4 0.61763905 0.68642446 0.87170762 0.44716584 1.73973285 1.395160098225e+00 1.734962245008e+00 7.465845046897e-02 2.843748639697e-01 8.632702184620e+01
12 8 4 0.61763905 0.68642446 0.87170762 0.44716584 1.73973285 1.343870128434e+00 1.664936348650e+00 7.924563657219e-02 2.819498728433e-01 8.437289280215e+01
12 9 4 0.61763905 0.68642446 0.87170762 0.44716584 1.73973285 1.294767588325e+00 1.575449961033e+00 7.559555955684e-02 2.745395099925e-01 8.138810060965e+01
12 10 4 0.61763905 0.68642446 0.87170762 0.44716584 1.73973285 1.245994787876e+00 1.507418405215e+00 6.735494603171e-02 2.688035862941e-01 7.784820468286e+01
12 11 4 0.61763905 0.68642446 0.87170762 0.44716584 1.73973285 1.220392054446e+00 1.424582883788e+00 8.002445997513e-02 2.554084491609e-01 7.524588148663e+01
12 12 4 0.61763905 0.68642446 0.87170762 0.44716584 1.73973285 1.195854816070e+00 1.351946093527e+00 5.562831404814e-02 2.531837222619e-01 7.240561335401e+01
12 13 4 0.61763905 0.68642446 0.87170762 0.44716584 1.73973285 1.193829257886e+00 1.325591327205e+00 6.401415007681e-02 2.465151956340e-01 6.944096625706e+01
12 14 4 0.61763905 0.68642446 0.87170762 0.44716584 1.73973285 1.168301344357e+00 1.309356052343e+00 6.388764092691e-02 2.440357130800e-01 6.687735597649e+01
12 15 4 0.61763905 0.68642446 0.87170762 0.44716584 1.73973285 1.126987003685e+00 1.307158924989e+00 6.771342206077e-02 2.368347026340e-01 6.497063311873e+01
12 16 4 0.61763905 0.68642446 0.87170762 0.44716584 1.73973285 1.070071028491e+00 1.266876630219e+00 5.127373058565e-02 2.269150640318e-01 6.386123462581e+01
12 17 4 0.61763905 0.68642446 0.87170762 0.44716584 1.73973285 1.003948551793e+00 1.231444812716e+00 5.643056744227e-02 2.167206059766e-01 6.259942167738e+01
12 18 4 0.61763905 0.68642446 0.87170762 0.44716584 1.73973285 9.809313684125e-01 1.161794521484e+00 5.081365586671e-02 2.073652553004e-01 6.120428206901e+01
12 19 4 0.61763905 0.68642446 0.87170762 0.44716584 1.73973285 9.827227419835e-01 1.121132326661e+00 5.648852314278e-02 2.058304633032e-01 5.913916998165e+01
12 20 4 0.61763905 0.68642446 0.87170762 0.44716584 1.73973285 9.477036714305e-01 1.093661285035e+00 5.848039605273e-02 1.978157274022e-01 5.690404057192e+01
12 21 4 0.61763905 0.68642446 0.87170762 0.44716584 1.73973285 9.157394898468e-01 1.080287949529e+00 4.455483643931e-02 1.936070168404e-01 5.514221538305e+01
12 22 4 0.61763905 0.68642446 0.87170762 0.44716584 1.73973285 9.357557038812e-01 1.055343810233e+00 4.598510559354e-02 1.844435147579e-01 5.369455365201e+01
12 23 4 0.61763905 0.68642446 0.87170762 0.44716584 1.73973285 9.385895565278e-01 1.032208356671e+00 4.857145208908e-02 1.787063662834e-01 5.288795486483e+01
12 24 4 0.61763905 0.68642446 0.87170762 0.44716584 1.73973285 9.052544725830e-01 1.054401519561e+00 5.312296973134e-02 1.709157376255e-01 5.241663778813e+01
12 25 4 0.61763905 0.68642446 0.87170762 0.44716584 1.73973285 8.829021704435e-01 1.075477704185e+00 4.407810594360e-02 1.683650344831e-01 5.231093674225e+01
12 26 4 0.61763905 0.68642446 0.87170762 0.44716584 1.73973285 8.718807240229e-01 1.044438561630e+00 4.672479613947e-02 1.690431569932e-01 5.181369690322e+01
12 27 4 0.61763905 0.68642446 0.87170762 0.44716584 1.73973285 8.190116435078e-01 1.045594876310e+00 4.141002560105e-02 1.678404407404e-01 5.121565122425e+01
12 28 4 0.61763905 0.68642446 0.87170762 0.44716584 1.73973285 7.766711400661e-01 1.028372944351e+00 4.424955975063e-02 1.690775480004e-01 5.049168571953e+01
12 29 4 0.61763905 0.68642446 0.87170762 0.44716584 1.73973285 7.613236185632e-01 1.016518035084e+00 4.593377900428e-02 1.655765891231e-01 4.978925092528e+01
12 30 4 0.61763905 0.68642446 0.87170762 0.44716584 1.73973285 7.264831001950e-01 1.000406795411e+00 5.289518985433e-02 1.662216150053e-01 4.881721633252e+01
12 31 4 0.61763905 0.68642446 0.87170762 0.44716584 1.73973285 6.957862061626e-01 9.701479879401e-01 3.839927112119e-02 1.657417311518e-01 4.838862982179e+01
12 32 4 0.61763905 0.68642446 0.87170762 0.44716584 1.73973285 7.785722022392e-01 1.054048090170e+00 3.844885376123e-02 1.748096376257e-01 4.988683815212e+01
12 33 4 0.61763905 0.68642446 0.87170762 0.44716584 1.73973285 8.540223567068e-01 1.101398905847e+00 5.324731583442e-02 1.811831300344e-01 5.074957156623e+01
12 34 4 0.61763905 0.68642446 0.87170762 0.44716584 1.73973285 8.749420966747e-01 1.119809886953e+00 4.642134156233e-02 1.864792885971e-01 5.120889147686e+01
12 35 4 0.61763905 0.68642446 0.87170762 0.44716584 1.73973285 8.971814276979e-01 1.134132322800e+00 4.504450295467e-02 1.897835940251e-01 5.158491698981e+01
12 36 4 0.61763905 0.68642446 0.87170762 0.44716584 1.73973285 9.367652095837e-01 1.149508134785e+00 4.210597865793e-02 1.926657038056e-01 5.227410243846e+01
12 37 4 0.61763905 0.68642446 0.87170762 0.44716584 1.73973285 9.249406575640e-01 1.164106154366e+00 4.798155980679e-02 1.994887059986e-01 5.212972697392e+01
12 38 4 0.61763905 0.68642446 0.87170762 0.44716584 1.73973285 9.149510204188e-01 1.183324318239e+00 4.517368329459e-02 2.052804516158e-01 5.293056027308e+01
12 39 4 0.61763905 0.68642446 0.87170762 0.44716584 1.73973285 9.313518802451e-01 1.182568519470e+00 5.494340759612e-02 2.181555184765e-01 5.377246984907e+01
12 40 4 0.61763905 0.68642446 0.87170762 0.44716584 1.73973285 9.196271846150e-01 1.256342343878e+00 5.019984839834e-02 2.233651824753e-01 5.488492795511e+01
12 41 4 0.61763905 0.68642446 0.87170762 0.44716584 1.73973285 9.083358683435e-01 1.321306308905e+00 4.788643840267e-02 2.311199578456e-01 5.675988686582e+01
12 42 4 0.61763905 0.68642446 0.87170762 0.44716584 1.73973285 9.378625106179e-01 1.373314213815e+00 4.627897502478e-02 2.340626076555e-01 5.918314751775e+01
12 43 4 0.61763905 0.68642446 0.87170762 0.44716584 1.73973285 9.973406884585e-01 1.430243592297e+00 6.117416312422e-02 2.396939101432e-01 6.108716977868e+01
12 44 4 0.61763905 0.68642446 0.87170762 0.44716584 1.73973285 9.985966880567e-01 1.503449041260e+00 5.914664038954e-02 2.444170054799e-01 6.235695674342e+01
12 45 4 0.61763905 0.68642446 0.87170762 0.44716584 1.73973285 1.035082492622e+00 1.584597702064e+00 5.335351365637e-02 2.524020124170e-01 6.376068614133e+01
12 46 4 0.61763905 0.68642446 0.87170762 0.44716584 1.73973285 1.099175421190e+00 1.635802633183e+00 5.930401145642e-02 2.655967774222e-01 6.507403746521e+01
12 47 4 0.61763905 0.68642446 0.87170762 0.44716584 1.73973285 1.154756805242e+00 1.670632635370e+00 5.405802620752e-02 2.701421082358e-01 6.623370072453e+01
12 48 4 0.61763905 0.68642446 0.87170762 0.44716584 1.73973285 1.167682994379e+00 1.710762538241e+00 7.137366305788e-02 2.773392084172e-01 6.893433908500e+01
12 49 4 0.61763905 0.68642446 0.87170762 0.44716584 1.73973285 1.184862294887e+00 1.782853260207e+00 6.752600180064e-02 2.789518338018e-01 7.250614447386e+01
12 50 4 0.61763905 0.68642446 0.87170762 0.44716584 1.73973285 1.188753107884e+00 1.882309203281e+00 6.782535583959e-02 2.908647898722e-01 7.561570621986e+01
12 51 4 0.61763905 0.68642446 0.87170762 0.44716584 1.73973285 1.230730840332e+00 2.016563283472e+00 5.869677448052e-02 3.001720943751e-01 7.764279641573e+01
12 52 4 0.61763905 0.68642446 0.87170762 0.44716584 1.73973285 1.290103277961e+00 2.152632260131e+00 8.507258047156e-02 3.180734001735e-01 8.083860082708e+01
12 53 4 0.61763905 0.68642446 0.87170762 0.44716584 1.73973285 1.357717607729e+00 2.254732115080e+00 7.116123480196e-02 3.317365171118e-01 8.381371867952e+01
12 54 4 0.61763905 0.68642446 0.87170762 0.44716584 1.73973285 1.430447234512e+00 2.341190716353e+00 8.039247810729e-02 3.418056447372e-01 8.644022606773e+01
12 55 4 0.61763905 0.68642446 0.87170762 0.44716584 1.73973285 1.497947643874e+00 2.447065783227e+00 8.396221277920e-02 3.576530916088e-01 8.800801800708e+01
12 56 4 0.61763905 0.68642446 0.87170762 0.44716584 1.73973285 1.564104486079e+00 2.497323118324e+00 7.934549432832e-02 3.744147636165e-01 9.131352219458e+01
12 57 4 0.61763905 0.68642446 0.87170762 0.44716584 1.73973285 1.647723433451e+00 2.621210386371e+00 8.594106924422e-02 4.005933323290e-01 9.549804422651e+01
12 58 4 0.61763905 0.68642446 0.87170762 0.44716584 1.73973285 1.733576872573e+00 2.736660975835e+00 9.331651827972e-02 4.176306619805e-01 9.957550353891e+01
12 59 4 0.61763905 0.68642446 0.87170762 0.44716584 1.73973285 1.798124164580e+00 2.934267076612e+00 1.020885282147e-01 4.479752868856e-01 1.040482543994e+02
12 60 4 0.61763905 0.68642446 0.87170762 0.44716584 1.73973285 1.895566623892e+00 3.096688268073e+00 9.469610930730e-02 4.668943887752e-01 1.085218791513e+02
12 61 4 0.61763905 0.68642446 0.87170762 0.44716584 1.73973285 1.981646422312e+00 3.146700631385e+00 9.075063466878e-02 4.911673355559e-01 1.112463613034e+02
12 62 4 0.61763905 0.68642446 0.87170762 0.44716584 1.73973285 2.016374085008e+00 3.323437431842e+00 1.187627847751e-01 5.129174216524e-01 1.149385301059e+02
12 63 4 0.61763905 0.68642446 0.87170762 0.44716584 1.73973285 1.956521222908e+00 3.556121071949e+00 1.088725060737e-01 5.406084848048e-01 1.196483686706e+02
13 0 4 1.22226955 1.08108355 1.24729837 0.59341831 4.33445802 2.769932705043e+01 1.721912394217e+01 2.963656090674e+01 1.045075079978e+00 3.721685659001e+03
13 1 4 1.22226955 1.08108355 1.24729837 0.59341831 4.33445802 2.644855784696e+01 1.768825464752e+01 2.831447660739e+01 9.904970787111e-01 3.397726980391e+03
13 2 4 1.22226955 1.08108355 1.24729837 0.59341831 4.33445802 2.636062872557e+01 1.773099211790e+01 2.792643819923e+01 9.498587528367e-01 3.292359775830e+03
13 3 4 1.22226955 1.08108355 1.24729837 0.59341831 4.33445802 2.515651566429e+01 1.584002476443e+01 2.667278300875e+01 8.807535627631e-01 3.363043457763e+03
13 4 4 1.22226955 1.08108355 1.24729837 0.59341831 4.33445802 2.466167738074e+01 1.393466544302e+01 2.537736839634e+01 8.551921630871e-01 3.239856125686e+03
13 5 4 1.22226955 1.08108355 1.24729837 0.59341831 4.33445802 2.375072854869e+01 1.320595657696e+01 2.462673395760e+01 8.430166004153e-01 2.958932527999e+03
13 6 4 1.22226955 1.08108355 1.24729837 0.59341831 4.33445802 2.227922837651e+01 1.367593678960e+01 2.418307327055e+01 8.360226963552e-01 2.860852556989e+03
13 7 4 1.22226955 1.08108355 1.24729837 0.59341831 4.33445802 2.200087185992e+01 1.439518437302e+01 2.335392720972e+01 8.517364029175e-01 2.933030892323e+03
13 8 4 1.22226955 1.08108355 1.24729837 0.59341831 4.33445802 2.041636480492e+01 1.383194210659e+01 2.277007480180e+01 8.679768852048e-01 2.823246846684e+03
13 9 4 1.22226955 1.08108355 1.24729837 0.59341831 4.33445802 1.948542677223e+01 1.258388410865e+01 2.177695220911e+01 9.024526954624e-01 2.576670163550e+03
13 10 4 1.22226955 1.08108355 1.24729837 0.59341831 4.33445802 1.967453844787e+01 1.149378391120e+01 2.095214251952e+01 9.524806902414e-01 2.503222336442e+03
13 11 4 1.22226955 1.08108355 1.24729837 0.59341831 4.33445802 1.869920645068e+01 1.057741596439e+01 2.054365480293e+01 1.002613497324e+00 2.562456928184e+03
13 12 4 1.22226955 1.08108355 1.24729837 0.59341831 4.33445802 1.813278838789e+01 1.078618169913e+01 2.003892445379e+01 1.027645262791e+00 2.472807877991e+03
13 13 4 1.22226955 1.08108355 1.24729837 0.59341831 4.33445802 1.731604586294e+01 1.110218027370e+01 1.945328113864e+01 1.033682233823e+00 2.263558573030e+03
13 14 4 1.22226955 1.08108355 1.24729837 0.59341831 4.33445802 1.660358497117e+01 1.074685223988e+01 1.864898965146e+01 1.011588563449e+00 2.204790994624e+03
13 15 4 1.22226955 1.08108355 1.24729837 0.59341831 4.33445802 1.631594465296e+01 9.894202274265e+00 1.786178434676e+01 9.732335278014e-01 2.260482293464e+03
13 16 4 1.22226955 1.08108355 1.24729837 0.59341831 4.33445802 1.545199059629e+01 8.972792562863e+00 1.749527578903e+01 9.590087921296e-01 2.190702043272e+03
13 17 4 1.22226955 1.08108355 1.24729837 0.59341831 4.33445802 1.526844751920e+01 8.795439023696e+00 1.698296398743e+01 9.405836011629e-01 2.014208472615e+03
13 18 4 1.22226955 1.08108355 1.24729837 0.59341831 4.33445802 1.505282646968e+01 9.315770507443e+00 1.664128315773e+01 9.329274050091e-01 1.969576920203e+03
13 19 4 1.22226955 1.08108355 1.24729837 0.59341831 4.33445802 1.463893915090e+01 9.574062727961e+00 1.595948440015e+01 9.388494985185e-01 2.027086576336e+03
13 20 4 1.22226955 1.08108355 1.24729837 0.59341831 4.33445802 1.459419700103e+01 9.238366455185e+00 1.519986096933e+01 9.187601394412e-01 1.975665470075e+03
13 21 4 1.22226955 1.08108355 1.24729837 0.59341831 4.33445802 1.389835513303e+01 8.680412125784e+00 1.504920246281e+01 9.136065453004e-01 1.831766216722e+03
13 22 4 1.22226955 1.08108355 1.24729837 0.59341831 4.33445802 1.360252792099e+01 8.303181474756e+00 1.462376633115e+01 9.098879187788e-01 1.794341368881e+03
13 23 4 1.22226955 1.08108355 1.24729837 0.59341831 4.33445802 1.314256705965e+01 8.156936222995e+00 1.437500201465e+01 8.781034588248e-01 1.864949536126e+03
13 24 4 1.22226955 1.08108355 1.24729837 0.59341831 4.33445802 1.327005351014e+01 8.447703930288e+00 1.404821995583e+01 8.640043606833e-01 1.830450896874e+03
13 25 4 1.22226955 1.08108355 1.24729837 0.59341831 4.33445802 1.316932296262e+01 8.507335919289e+00 1.363182970074e+01 8.175953945166e-01 1.707810859554e+03
13 26 4 1.22226955 1.08108355 1.24729837 0.59341831 4.33445802 1.268095948958e+01 8.108862804908e+00 1.324008779779e+01 7.520034226342e-01 1.689627547981e+03
13 27 4 1.22226955 1.08108355 1.24729837 0.59341831 4.33445802 1.277394822791e+01 7.431257846975e+00 1.342627945489e+01 7.199384453641e-01 1.769687812592e+03
13 28 4 1.22226955 1.08108355 1.24729837 0.59341831 4.33445802 1.214531837927e+01 6.781818853050e+00 1.333418954293e+01 6.681871370842e-01 1.749797523927e+03
13 29 4 1.22226955 1.08108355 1.24729837 0.59341831 4.33445802 1.213344014510e+01 6.965253168879e+00 1.303382510904e+01 6.616285660886e-01 1.652510903404e+03
13 30 4 1.22226955 1.08108355 1.24729837 0.59341831 4.33445802 1.225047022568e+01 7.416440325682e+00 1.337130204447e+01 6.845494275836e-01 1.652112702205e+03
13 31 4 1.22226955 1.08108355 1.24729837 0.59341831 4.33445802 1.118318297190e+01 7.462752891948e+00 1.263188501998e+01 6.949240808842e-01 1.731336975966e+03
13 32 4 1.22226955 1.08108355 1.24729837 0.59341831 4.33445802 1.237443366344e+01 7.936793869140e+00 1.348268337632e+01 7.590828114570e-01 1.750244223971e+03
13 33 4 1.22226955 1.08108355 1.24729837 0.59341831 4.33445802 1.288061429311e+01 7.761761512164e+00 1.341480464411e+01 8.000596331474e-01 1.660615143120e+03
13 34 4 1.22226955 1.08108355 1.24729837 0.59341831 4.33445802 1.245500218659e+01 7.114744227824e+00 1.348804543297e+01 8.414466430313e-01 1.664463794316e+03
13 35 4 1.22226955 1.08108355 1.24729837 0.59341831 4.33445802 1.318527407839e+01 7.423151581329e+00 1.383263715291e+01 9.014042005155e-01 1.785133784912e+03
13 36 4 1.22226955 1.08108355 1.24729837 0.59341831 4.33445802 1.306588896332e+01 8.291560445789e+00 1.380186472613e+01 8.989844464069e-01 1.803989658803e+03
13 37 4 1.22226955 1.08108355 1.24729837 0.59341831 4.33445802 1.320017479427e+01 9.019817240736e+00 1.411169341161e+01 8.999684760099e-01 1.731538327527e+03
13 38 4 1.22226955 1.08108355 1.24729837 0.59341831 4.33445802 1.351903491123e+01 9.264473592019e+00 1.470140093536e+01 8.796899117829e-01 1.755384196216e+03
13 39 4 1.22226955 1.08108355 1.24729837 0.59341831 4.33445802 1.323814705001e+01 8.647560640402e+00 1.509028400726e+01 8.248921445638e-01 1.892563280126e+03
13 40 4 1.22226955 1.08108355 1.24729837 0.59341831 4.33445802 1.381133625161e+01 8.054034408503e+00 1.513081335652e+01 8.039274562064e-01 1.932839950383e+03
13 41 4 1.22226955 1.08108355 1.24729837 0.59341831 4.33445802 1.422058505914e+01 7.969875458481e+00 1.564924683460e+01 7.734431780947e-01 1.867465539296e+03
13 42 4 1.22226955 1.08108355 1.24729837 0.59341831 4.33445802 1.467521346098e+01 8.646394255837e+00 1.585409921547e+01 7.459576601713e-01 1.908741805850e+03
13 43 4 1.22226955 1.08108355 1.24729837 0.59341831 4.33445802 1.490107622109e+01 9.618648058483e+00 1.654898738112e+01 7.409956337078e-01 2.069025049528e+03
13 44 4 1.22226955 1.08108355 1.24729837 0.59341831 4.33445802 1.502686759078e+01 9.928489376674e+00 1.718645492574e+01 7.167914230331e-01 2.129488765332e+03
13 45 4 1.22226955 1.08108355 1.24729837 0.59341831 4.33445802 1.562766678179e+01 9.374878544107e+00 1.734545661174e+01 7.048156202027e-01 2.070196101792e+03
13 46 4 1.22226955 1.08108355 1.24729837 0.59341831 4.33445802 1.585182976844e+01 8.985990481108e+00 1.778130398335e+01 7.049957074959e-01 2.123623960105e+03
13 47 4 1.22226955 1.08108355 1.24729837 0.59341831 4.33445802 1.682031161857e+01 9.590378127710e+00 1.827525688009e+01 6.882933108277e-01 2.313566233305e+03
13 48 4 1.22226955 1.08108355 1.24729837 0.59341831 4.33445802 1.746663082492e+01 1.073016034140e+01 1.883567050103e+01 6.771935114520e-01 2.398339803400e+03
13 49 4 1.22226955 1.08108355 1.24729837 0.59341831 4.33445802 1.790146862899e+01 1.187439561160e+01 1.976437639187e+01 6.477165538778e-01 2.332504930997e+03
13 50 4 1.22226955 1.08108355 1.24729837 0.59341831 4.33445802 1.900563151191e+01 1.226277147100e+01 2.005802601871e+01 6.016749259896e-01 2.403023680122e+03
13 51 4 1.22226955 1.08108355 1.24729837 0.59341831 4.33445802 1.936407039860e+01 1.186501153116e+01 2.069835956605e+01 5.707311729179e-01 2.630345630523e+03
13 52 4 1.22226955 1.08108355 1.24729837 0.59341831 4.33445802 2.020511257390e+01 1.188305928578e+01 2.105909765534e+01 5.531432426395e-01 2.728740637513e+03
13 53 4 1.22226955 1.08108355 1.24729837 0.59341831 4.33445802 2.055765572158e+01 1.243183885192e+01 2.202710685948e+01 5.619155167405e-01 2.663407234511e+03
13 54 4 1.22226955 1.08108355 1.24729837 0.59341831 4.33445802 2.105564477933e+01 1.354704726178e+01 2.310349679969e+01 5.916707394802e-01 2.742204433041e+03
13 55 4 1.22226955 1.08108355 1.24729837 0.59341831 4.33445802 2.317458479741e+01 1.503122190221e+01 2.377599399308e+01 6.273137442998e-01 3.019086473143e+03
13 56 4 1.22226955 1.08108355 1.24729837 0.59341831 4.33445802 2.341410128384e+01 1.498508666106e+01 2.450988299706e+01 6.531354509164e-01 3.123416817728e+03
13 57 4 1.22226955 1.08108355 1.24729837 0.59341831 4.33445802 2.417408726854e+01 1.428045490329e+01 2.524792241856e+01 6.850424256370e-01 3.053331691059e+03
13 58 4 1.22226955 1.08108355 1.24729837 0.59341831 4.33445802 2.553252765782e+01 1.420013442655e+01 2.642220439443e+01 7.115512594701e-01 3.158875515746e+03
13 59 4 1.22226955 1.08108355 1.24729837 0.59341831 4.33445802 2.542727065340e+01 1.535468016709e+01 2.771582614556e+01 7.267837240951e-01 3.456734767555e+03
13 60 4 1.22226955 1.08108355 1.24729837 0.59341831 4.33445802 2.666354219454e+01 1.736830778607e+01 2.918947850629e+01 7.537734827036e-01 3.592338248065e+03
13 61 4 1.22226955 1.08108355 1.24729837 0.59341831 4.33445802 2.724703569513e+01 1.836915659991e+01 2.968984726570e+01 7.341283196676e-01 3.515945589478e+03
13 62 4 1.22226955 1.08108355 1.24729837 0.59341831 4.33445802 2.819809181002e+01 1.829071581963e+01 3.112314828659e+01 7.086697978312e-01 3.619995887171e+03
13 63 4 1.22226955 1.08108355 1.24729837 0.59341831 4.33445802 3.008257447623e+01 1.768720005678e+01 3.239009782119e+01 6.827615829109e-01 3.972083495378e+03
14 0 4 0.84311852 0.77873179 1.39627824 0.48426195 3.85603150 5.535603039582e+00 4.683347269149e+00 4.188886952019e+01 4.451512132425e-01 2.549701582742e+03
14 1 4 0.84311852 0.77873179 1.39627824 0.48426195 3.85603150 4.224535652344e+00 4.381256500000e+00 4.051850035839e+01 4.450795317739e-01 2.233776475208e+03
14 2 4 0.84311852 0.77873179 1.39627824 0.48426195 3.85603150 3.714728158371e+00 4.103326392776e+00 3.904666103023e+01 4.458257051777e-01 1.971715522268e+03
14 3 4 0.84311852 0.77873179 1.39627824 0.48426195 3.85603150 3.967544649864e+00 3.927993949072e+00 3.785719773363e+01 4.333448648333e-01 1.855937989443e+03
14 4 4 0.84311852 0.77873179 1.39627824 0.48426195 3.85603150 4.676064955471e+00 3.774092113432e+00 3.626394419002e+01 4.307526445838e-01 1.879988180547e+03
14 5 4 0.84311852 0.77873179 1.39627824 0.48426195 3.85603150 5.566166233822e+00 3.613270583449e+00 3.515410825573e+01 4.251547461244e-01 2.013079844823e+03
14 6 4 0.84311852 0.77873179 1.39627824 0.48426195 3.85603150 6.388611788035e+00 3.524487390736e+00 3.395886004518e+01 4.155392731857e-01 2.084831346284e+03
14 7 4 0.84311852 0.77873179 1.39627824 0.48426195 3.85603150 6.904900829931e+00 3.450747255504e+00 3.262837446711e+01 4.176977926871e-01 2.085030865786e+03
14 8 4 0.84311852 0.77873179 1.39627824 0.48426195 3.85603150 6.822667182079e+00 3.302004972640e+00 3.149792117576e+01 4.146596068006e-01 1.945197609395e+03
14 9 4 0.84311852 0.77873179 1.39627824 0.48426195 3.85603150 6.226068636906e+00 3.330308830755e+00 3.047123264573e+01 4.118308832827e-01 1.721505396325e+03
14 10 4 0.84311852 0.77873179 1.39627824 0.48426195 3.85603150 5.263478367322e+00 3.436581153490e+00 2.954599067734e+01 4.114672219960e-01 1.522181300638e+03
14 11 4 0.84311852 0.77873179 1.39627824 0.48426195 3.85603150 4.261856481041e+00 3.409389776929e+00 2.839746855921e+01 3.961588339321e-01 1.401226025283e+03
14 12 4 0.84311852 0.77873179 1.39627824 0.48426195 3.85603150 3.390821016507e+00 3.292453609172e+00 2.740814534945e+01 3.826747813196e-01 1.421832454454e+03
14 13 4 0.84311852 0.77873179 1.39627824 0.48426195 3.85603150 2.952383018822e+00 3.121362292613e+00 2.685349431509e+01 3.711038606446e-01 1.502677436564e+03
14 14 4 0.84311852 0.77873179 1.39627824 0.48426195 3.85603150 2.740933512863e+00 2.969909842509e+00 2.563214886407e+01 3.484547571328e-01 1.588266684598e+03
14 15 4 0.84311852 0.77873179 1.39627824 0.48426195 3.85603150 2.851293944131e+00 2.809179561155e+00 2.493392356326e+01 3.309396132743e-01 1.605355128432e+03
14 16 4 0.84311852 0.77873179 1.39627824 0.48426195 3.85603150 3.317471351045e+00 2.666048506995e+00 2.431608049382e+01 3.117718334507e-01 1.511683191858e+03
14 17 4 0.84311852 0.77873179 1.39627824 0.48426195 3.85603150 3.954135546031e+00 2.518527005584e+00 2.363727624732e+01 2.868379678864e-01 1.371686262558e+03
14 18 4 0.84311852 0.77873179 1.39627824 0.48426195 3.85603150 4.350049281907e+00 2.491332189923e+00 2.270448591973e+01 2.747316276724e-01 1.203041840693e+03
14 19 4 0.84311852 0.77873179 1.39627824 0.48426195 3.85603150 4.573026443921e+00 2.458299085528e+00 2.258475192760e+01 2.642439176602e-01 1.118322198922e+03
14 20 4 0.84311852 0.77873179 1.39627824 0.48426195 3.85603150 4.541257578995e+00 2.396603189385e+00 2.163812229571e+01 2.521738206400e-01 1.120697320200e+03
14 21 4 0.84311852 0.77873179 1.39627824 0.48426195 3.85603150 4.170369339925e+00 2.407836654992e+00 2.128899014123e+01 2.494027542307e-01 1.185722879555e+03
14 22 4 0.84311852 0.77873179 1.39627824 0.48426195 3.85603150 3.564725254284e+00 2.382221312937e+00 2.089200600047e+01 2.434493638427e-01 1.278675426177e+03
14 23 4 0.84311852 0.77873179 1.39627824 0.48426195 3.85603150 2.894502505972e+00 2.325481305744e+00 2.039911977025e+01 2.365908115145e-01 1.308597958684e+03
14 24 4 0.84311852 0.77873179 1.39627824 0.48426195 3.85603150 2.290813044499e+00 2.217301750842e+00 2.017453412016e+01 2.334791604684e-01 1.282035340972e+03
14 25 4 0.84311852 0.77873179 1.39627824 0.48426195 3.85603150 2.007991559826e+00 2.108118625103e+00 1.975372817708e+01 2.226813017073e-01 1.172194882732e+03
14 26 4 0.84311852 0.77873179 1.39627824 0.48426195 3.85603150 2.006021494221e+00 2.061921069008e+00 1.966265960273e+01 2.118448988595e-01 1.050790878017e+03
14 27 4 0.84311852 0.77873179 1.39627824 0.48426195 3.85603150 2.086656662615e+00 2.001440019697e+00 1.940566938080e+01 2.026944189834e-01 9.793192337349e+02
14 28 4 0.84311852 0.77873179 1.39627824 0.48426195 3.85603150 2.572156128942e+00 1.958463536909e+00 1.918048603599e+01 1.897251881353e-01 9.778925649047e+02
14 29 4 0.84311852 0.77873179 1.39627824 0.48426195 3.85603150 3.251043789803e+00 1.905463319044e+00 1.916694795829e+01 1.847206652960e-01 1.059007371037e+03
14 30 4 0.84311852 0.77873179 1.39627824 0.48426195 3.85603150 3.499460093683e+00 1.830215328032e+00 1.933444260020e+01 1.860709421915e-01 1.148720588740e+03
14 31 4 0.84311852 0.77873179 1.39627824 0.48426195 3.85603150 3.479706700869e+00 1.759936988437e+00 1.875233714515e+01 1.938914518975e-01 1.215556968027e+03
14 32 4 0.84311852 0.77873179 1.39627824 0.48426195 3.85603150 3.873025925655e+00 1.966218179924e+00 1.960109078285e+01 2.165280847824e-01 1.228363733312e+03
14 33 4 0.84311852 0.77873179 1.39627824 0.48426195 3.85603150 3.908135857429e+00 2.130282333729e+00 1.923347229257e+01 2.384141655824e-01 1.154649106578e+03
14 34 4 0.84311852 0.77873179 1.39627824 0.48426195 3.85603150 3.264423811076e+00 2.159003195461e+00 1.945550333633e+01 2.562076472965e-01 1.063464117943e+03
14 35 4 0.84311852 0.77873179 1.39627824 0.48426195 3.85603150 2.600194263461e+00 2.195040366781e+00 1.971988551868e+01 2.754220834171e-01 9.898126510359e+02
14 36 4 0.84311852 0.77873179 1.39627824 0.48426195 3.85603150 2.305630292365e+00 2.255681850218e+00 2.010986623282e+01 2.827705754870e-01 1.002022490637e+03
14 37 4 0.84311852 0.77873179 1.39627824 0.48426195 3.85603150 2.057938651120e+00 2.319835575804e+00 2.025832953880e+01 2.866224920885e-01 1.082627153529e+03
14 38 4 0.84311852 0.77873179 1.39627824 0.48426195 3.85603150 2.016588466057e+00 2.383046675175e+00 2.066280256736e+01 2.939945037474e-01 1.215224803619e+03
14 39 4 0.84311852 0.77873179 1.39627824 0.48426195 3.85603150 2.463959952960e+00 2.434374428618e+00 2.124810189814e+01 2.931801790560e-01 1.320337384898e+03
14 40 4 0.84311852 0.77873179 1.39627824 0.48426195 3.85603150 3.140022356556e+00 2.400723629233e+00 2.165605681835e+01 2.970444347456e-01 1.356719203910e+03
14 41 4 0.84311852 0.77873179 1.39627824 0.48426195 3.85603150 3.883654936973e+00 2.397261591976e+00 2.211067304114e+01 3.079511409118e-01 1.330519558119e+03
14 42 4 0.84311852 0.77873179 1.39627824 0.48426195 3.85603150 4.536579535054e+00 2.415999071672e+00 2.274778313640e+01 3.149978891376e-01 1.234102771051e+03
14 43 4 0.84311852 0.77873179 1.39627824 0.48426195 3.85603150 4.939971818009e+00 2.481191378762e+00 2.350507173023e+01 3.298277700849e-01 1.167078503653e+03
14 44 4 0.84311852 0.77873179 1.39627824 0.48426195 3.85603150 4.997354419042e+00 2.562654020445e+00 2.410700221823e+01 3.466185931546e-01 1.176529597091e+03
14 45 4 0.84311852 0.77873179 1.39627824 0.48426195 3.85603150 4.779522939284e+00 2.602463582028e+00 2.463709678480e+01 3.593306188719e-01 1.272549494304e+03
14 46 4 0.84311852 0.77873179 1.39627824 0.48426195 3.85603150 4.136587818528e+00 2.761438442382e+00 2.602252560341e+01 3.783688036834e-01 1.451582423022e+03
14 47 4 0.84311852 0.77873179 1.39627824 0.48426195 3.85603150 3.411238867209e+00 2.946218449556e+00 2.635991683367e+01 3.888483692630e-01 1.602542480432e+03
14 48 4 0.84311852 0.77873179 1.39627824 0.48426195 3.85603150 2.947494315231e+00 3.066942015061e+00 2.748112424328e+01 3.914203793234e-01 1.704108489292e+03
14 49 4 0.84311852 0.77873179 1.39627824 0.48426195 3.85603150 2.696213162961e+00 3.131813256163e+00 2.841773292295e+01 3.985253417533e-01 1.678177844165e+03
14 50 4 0.84311852 0.77873179 1.39627824 0.48426195 3.85603150 2.835352054613e+00 3.166655091333e+00 2.956525397278e+01 3.967030540751e-01 1.592417612076e+03
14 51 4 0.84311852 0.77873179 1.39627824 0.48426195 3.85603150 3.498943465813e+00 3.183954066964e+00 3.028301934482e+01 3.969737094038e-01 1.503149345059e+03
14 52 4 0.84311852 0.77873179 1.39627824 0.48426195 3.85603150 4.644799105344e+00 3.175225375602e+00 3.190893733511e+01 4.035328855120e-01 1.492513292841e+03
14 53 4 0.84311852 0.77873179 1.39627824 0.48426195 3.85603150 5.839873624715e+00 3.153719456783e+00 3.274671349462e+01 3.983630082071e-01 1.634642612285e+03
14 54 4 0.84311852 0.77873179 1.39627824 0.48426195 3.85603150 6.861528430769e+00 3.229134421623e+00 3.415474924623e+01 4.030700269306e-01 1.841568191677e+03
14 55 4 0.84311852 0.77873179 1.39627824 0.48426195 3.85603150 7.323533478367e+00 3.494990108359e+00 3.547357488016e+01 4.189455722965e-01 2.076206568620e+03
14 56 4 0.84311852 0.77873179 1.39627824 0.48426195 3.85603150 7.210738469082e+00 3.677051456497e+00 3.669832365713e+01 4.292679195126e-01 2.229650528209e+03
14 57 4 0.84311852 0.77873179 1.39627824 0.48426195 3.85603150 6.575399658040e+00 3.843048629157e+00 3.825592588298e+01 4.542080591262e-01 2.225794439700e+03
14 58 4 0.84311852 0.77873179 1.39627824 0.48426195 3.85603150 5.662692237224e+00 4.157067654162e+00 3.952674047205e+01 4.804157743232e-01 2.143094746050e+03
14 59 4 0.84311852 0.77873179 1.39627824 0.48426195 3.85603150 4.726023146979e+00 4.393721264038e+00 4.130785233325e+01 4.970179284013e-01 1.996421529940e+03
14 60 4 0.84311852 0.77873179 1.39627824 0.48426195 3.85603150 4.051584582663e+00 4.621685556558e+00 4.277814006020e+01 5.272239133564e-01 1.978837669463e+03
14 61 4 0.84311852 0.77873179 1.39627824 0.48426195 3.85603150 4.074092891894e+00 4.870492663926e+00 4.445949387786e+01 5.526274156619e-01 2.112679276542e+03
14 62 4 0.84311852 0.77873179 1.39627824 0.48426195 3.85603150 4.929012785644e+00 5.166337224320e+00 4.598781484721e+01 5.772326205160e-01 2.407073380688e+03
14 63 4 0.84311852 0.77873179 1.39627824 0.48426195 3.85603150 6.263277231177e+00 5.306571842465e+00 4.818499946800e+01 6.224307104252e-01 2.729937137732e+03
16 0 4 0.73106358 0.86126728 0.91951609 0.51444128 3.05204583 3.000398217382e+00 7.648383525066e+00 8.191919814061e+00 6.670387164692e-01 9.742354832374e+02
16 1 4 0.73106358 0.86126728 0.91951609 0.51444128 3.05204583 3.650969431581e+00 7.230371603935e+00 7.693633098642e+00 6.306476153958e-01 9.432306573748e+02
16 2 4 0.73106358 0.86126728 0.91951609 0.51444128 3.05204583 4.266551878333e+00 7.012376056451e+00 7.374339792350e+00 6.041703747253e-01 9.123627427875e+02
16 3 4 0.73106358 0.86126728 0.91951609 0.51444128 3.05204583 4.371406001699e+00 6.532610350769e+00 7.234733763277e+00 5.633210938967e-01 8.753534766877e+02
16 4 4 0.73106358 0.86126728 0.91951609 0.51444128 3.05204583 3.802238089997e+00 6.104239959674e+00 6.923332870295e+00 5.406715685505e-01 8.438392075340e+02
16 5 4 0.73106358 0.86126728 0.91951609 0.51444128 3.05204583 2.869767234266e+00 5.906476986328e+00 6.627996633641e+00 5.262149910978e-01 8.127307185039e+02
16 6 4 0.73106358 0.86126728 0.91951609 0.51444128 3.05204583 2.196717325195e+00 5.861595397708e+00 6.454672207432e+00 5.016173943733e-01 7.844931543253e+02
16 7 4 0.73106358 0.86126728 0.91951609 0.51444128 3.05204583 2.094508055691e+00 5.672961637132e+00 6.373084836461e+00 4.697966839419e-01 7.598753482690e+02
16 8 4 0.73106358 0.86126728 0.91951609 0.51444128 3.05204583 2.528937918344e+00 5.351120143347e+00 5.963274175611e+00 4.463782410299e-01 7.368606062221e+02
16 9 4 0.73106358 0.86126728 0.91951609 0.51444128 3.05204583 3.153523624086e+00 5.157687696714e+00 5.775568018966e+00 4.384775933420e-01 7.110309769367e+02
16 10 4 0.73106358 0.86126728 0.91951609 0.51444128 3.05204583 3.346593978887e+00 4.829057428761e+00 5.601874072883e+00 4.165984984522e-01 6.865558914893e+02
16 11 4 0.73106358 0.86126728 0.91951609 0.51444128 3.05204583 2.931848747004e+00 4.482398254590e+00 5.364380915687e+00 4.015699759606e-01 6.646197516690e+02
16 12 4 0.73106358 0.86126728 0.91951609 0.51444128 3.05204583 2.225265857499e+00 4.194293440553e+00 5.191946817118e+00 3.878095185573e-01 6.411760333054e+02
16 13 4 0.73106358 0.86126728 0.91951609 0.51444128 3.05204583 1.735327202103e+00 3.965507834060e+00 5.122648524778e+00 3.864080995629e-01 6.176220263806e+02
16 14 4 0.73106358 0.86126728 0.91951609 0.51444128 3.05204583 1.691305405466e+00 3.867672855222e+00 4.996709339332e+00 3.692579682078e-01 5.987639087606e+02
16 15 4 0.73106358 0.86126728 0.91951609 0.51444128 3.05204583 2.045227399851e+00 3.706566784847e+00 4.701740843940e+00 3.594566527752e-01 5.811544238171e+02
16 16 4 0.73106358 0.86126728 0.91951609 0.51444128 3.05204583 2.437144421146e+00 3.567781188234e+00 4.603043232411e+00 3.464557087710e-01 5.668490542292e+02
16 17 4 0.73106358 0.86126728 0.91951609 0.51444128 3.05204583 2.571739700114e+00 3.513170606373e+00 4.427587953261e+00 3.422970298630e-01 5.501192814247e+02
16 18 4 0.73106358 0.86126728 0.91951609 0.51444128 3.05204583 2.286754937597e+00 3.382139519220e+00 4.341146967878e+00 3.309239725219e-01 5.384186296844e+02
16 19 4 0.73106358 0.86126728 0.91951609 0.51444128 3.05204583 1.836044205224e+00 3.159955482487e+00 4.219795899080e+00 3.224124170574e-01 5.251706739164e+02
16 20 4 0.73106358 0.86126728 0.91951609 0.51444128 3.05204583 1.465786682995e+00 3.058156649563e+00 4.173721909596e+00 3.115293471884e-01 5.095707743641e+02
16 21 4 0.73106358 0.86126728 0.91951609 0.51444128 3.05204583 1.361758697732e+00 2.948609653521e+00 4.118590971800e+00 3.006693391265e-01 4.932288243867e+02
16 22 4 0.73106358 0.86126728 0.91951609 0.51444128 3.05204583 1.611664469062e+00 2.785350359187e+00 3.940372714336e+00 2.875626206193e-01 4.844064374706e+02
16 23 4 0.73106358 0.86126728 0.91951609 0.51444128 3.05204583 2.056095005805e+00 2.690496812388e+00 3.881144218609e+00 2.713796079764e-01 4.778968093642e+02
16 24 4 0.73106358 0.86126728 0.91951609 0.51444128 3.05204583 2.269942935050e+00 2.713443031220e+00 3.708881333502e+00 2.627977805046e-01 4.689635566730e+02
16 25 4 0.73106358 0.86126728 0.91951609 0.51444128 3.05204583 2.111609879340e+00 2.776469961874e+00 3.772323498054e+00 2.531741077406e-01 4.642719067646e+02
16 26 4 0.73106358 0.86126728 0.91951609 0.51444128 3.05204583 1.761895707151e+00 2.746703667703e+00 3.779395462518e+00 2.465440384797e-01 4.610073490416e+02
16 27 4 0.73106358 0.86126728 0.91951609 0.51444128 3.05204583 1.361936800592e+00 2.700501362573e+00 3.687545430345e+00 2.360232061913e-01 4.542244753463e+02
16 28 4 0.73106358 0.86126728 0.91951609 0.51444128 3.05204583 1.165793717898e+00 2.678750890711e+00 3.655617557698e+00 2.403406726137e-01 4.494211396447e+02
16 29 4 0.73106358 0.86126728 0.91951609 0.51444128 3.05204583 1.320009291813e+00 2.683738130790e+00 3.679035766859e+00 2.427586691534e-01 4.480932238809e+02
16 30 4 0.73106358 0.86126728 0.91951609 0.51444128 3.05204583 1.623244992029e+00 2.640149909108e+00 3.672290950914e+00 2.496045285177e-01 4.438368254428e+02
16 31 4 0.73106358 0.86126728 0.91951609 0.51444128 3.05204583 1.839600545474e+00 2.551046901859e+00 3.443340334901e+00 2.569747449779e-01 4.394881073005e+02
16 32 4 0.73106358 0.86126728 0.91951609 0.51444128 3.05204583 1.995253968876e+00 2.766221107783e+00 3.697803121770e+00 2.824947623635e-01 4.471204724415e+02
16 33 4 0.73106358 0.86126728 0.91951609 0.51444128 3.05204583 1.834997359380e+00 2.921074226212e+00 3.788279447646e+00 3.037028783602e-01 4.529325610277e+02
16 34 4 0.73106358 0.86126728 0.91951609 0.51444128 3.05204583 1.455123377903e+00 2.936699967547e+00 3.685593639784e+00 3.228929057190e-01 4.543029024465e+02
16 35 4 0.73106358 0.86126728 0.91951609 0.51444128 3.05204583 1.263877359870e+00 2.994864744488e+00 3.773875973039e+00 3.407590509409e-01 4.573180375070e+02
16 36 4 0.73106358 0.86126728 0.91951609 0.51444128 3.05204583 1.423089381693e+00 3.069904593526e+00 3.809163855657e+00 3.663150103430e-01 4.646882931083e+02
16 37 4 0.73106358 0.86126728 0.91951609 0.51444128 3.05204583 1.794695786550e+00 3.149165168983e+00 3.888068755762e+00 3.870073509703e-01 4.689010986506e+02
16 38 4 0.73106358 0.86126728 0.91951609 0.51444128 3.05204583 2.226109069783e+00 3.163575776200e+00 3.834676651800e+00 3.999876699513e-01 4.744365561082e+02
16 39 4 0.73106358 0.86126728 0.91951609 0.51444128 3.05204583 2.359684613549e+00 3.256764406777e+00 4.047444107617e+00 4.176767907846e-01 4.856156712564e+02
16 40 4 0.73106358 0.86126728 0.91951609 0.51444128 3.05204583 2.041347843771e+00 3.488866974177e+00 4.197288409514e+00 4.329791788740e-01 4.949825479819e+02
16 41 4 0.73106358 0.86126728 0.91951609 0.51444128 3.05204583 1.601860487591e+00 3.722631235207e+00 4.268584522902e+00 4.504366800863e-01 5.054049740571e+02
16 42 4 0.73106358 0.86126728 0.91951609 0.51444128 3.05204583 1.350271918939e+00 3.901441113457e+00 4.405624602504e+00 4.558766719817e-01 5.221400733858e+02
16 43 4 0.73106358 0.86126728 0.91951609 0.51444128 3.05204583 1.457123197734e+00 3.985424690784e+00 4.405897663419e+00 4.710832783915e-01 5.386358910899e+02
16 44 4 0.73106358 0.86126728 0.91951609 0.51444128 3.05204583 1.931629005576e+00 4.206869696018e+00 4.594256255233e+00 4.799672272384e-01 5.510000916330e+02
16 45 4 0.73106358 0.86126728 0.91951609 0.51444128 3.05204583 2.576560636290e+00 4.348543496863e+00 4.734424584107e+00 5.002137190001e-01 5.631036350135e+02
16 46 4 0.73106358 0.86126728 0.91951609 0.51444128 3.05204583 2.870840808273e+00 4.394877307053e+00 4.952300607406e+00 5.123340268929e-01 5.798222221459e+02
16 47 4 0.73106358 0.86126728 0.91951609 0.51444128 3.05204583 2.669357991222e+00 4.552391544292e+00 5.092262813533e+00 5.375996065894e-01 5.965692876906e+02
16 48 4 0.73106358 0.86126728 0.91951609 0.51444128 3.05204583 2.135646030298e+00 4.800649036557e+00 5.344271505820e+00 5.607952725405e-01 6.162630067583e+02
16 49 4 0.73106358 0.86126728 0.91951609 0.51444128 3.05204583 1.726044599550e+00 4.963236976657e+00 5.534493597024e+00 5.895599761251e-01 6.380722524095e+02
16 50 4 0.73106358 0.86126728 0.91951609 0.51444128 3.05204583 1.808625497251e+00 5.222309673410e+00 5.569039317316e+00 6.096484198321e-01 6.623057917279e+02
16 51 4 0.73106358 0.86126728 0.91951609 0.51444128 3.05204583 2.427743222072e+00 5.571588770022e+00 5.824834705723e+00 6.391921217632e-01 6.864447100532e+02
16 52 4 0.73106358 0.86126728 0.91951609 0.51444128 3.05204583 3.187836550848e+00 5.818454356623e+00 6.117817817781e+00 6.825247345216e-01 7.090301486918e+02
16 53 4 0.73106358 0.86126728 0.91951609 0.51444128 3.05204583 3.544084973288e+00 6.070186803437e+00 6.377012194986e+00 7.203596167864e-01 7.327467381660e+02
16 54 4 0.73106358 0.86126728 0.91951609 0.51444128 3.05204583 3.320103122710e+00 6.135435378546e+00 6.547726933350e+00 7.557770530628e-01 7.573619334285e+02
16 55 4 0.73106358 0.86126728 0.91951609 0.51444128 3.05204583 2.802065063297e+00 6.270513781821e+00 6.965951889987e+00 7.931540391177e-01 7.823479040128e+02
16 56 4 0.73106358 0.86126728 0.91951609 0.51444128 3.05204583 2.415998532309e+00 6.462693672785e+00 7.135178891305e+00 8.547646682828e-01 8.093111347963e+02
16 57 4 0.73106358 0.86126728 0.91951609 0.51444128 3.05204583 2.446668857258e+00 6.443309251614e+00 7.247856378768e+00 8.885754861159e-01 8.398477887727e+02
16 58 4 0.73106358 0.86126728 0.91951609 0.51444128 3.05204583 3.104566578443e+00 6.704816110907e+00 7.696737557484e+00 9.260323651356e-01 8.746974053673e+02
16 59 4 0.73106358 0.86126728 0.91951609 0.51444128 3.05204583 3.996727241363e+00 7.123542208711e+00 8.014651555176e+00 9.645600007967e-01 9.070203491866e+02
16 60 4 0.73106358 0.86126728 0.91951609 0.51444128 3.05204583 4.578563134366e+00 7.533571824225e+00 8.292424833389e+00 1.037708852748e+00 9.420895804100e+02
16 61 4 0.73106358 0.86126728 0.91951609 0.51444128 3.05204583 4.512130756184e+00 7.689917097630e+00 8.555949026256e+00 1.082421799505e+00 9.737306380196e+02
16 62 4 0.73106358 0.86126728 0.91951609 0.51444128 3.05204583 3.841841861943e+00 7.790498059593e+00 9.145776254979e+00 1.136148411124e+00 1.002248536681e+03
16 63 4 0.73106358 0.86126728 0.91951609 0.51444128 3.05204583 3.023209320060e+00 8.112924601513e+00 9.274595558577e+00 1.189980246102e+00 1.038456874756e+03
20 0 4 0.67710594 0.66940545 1.12843164 0.43846032 2.01883199 2.645375768878e+00 2.480885657227e+00 7.203658818423e-02 2.625725481413e-01 1.990064847596e+02
20 1 4 0.67710594 0.66940545 1.12843164 0.43846032 2.01883199 2.689822708409e+00 2.425500250990e+00 8.086414506009e-02 1.593915306804e-01 1.943505730941e+02
20 2 4 0.67710594 0.66940545 1.12843164 0.43846032 2.01883199 2.634866304526e+00 2.467363634494e+00 6.895667103932e-02 9.728701773160e-02 1.866783990708e+02
20 3 4 0.67710594 0.66940545 1.12843164 0.43846032 2.01883199 2.417744669435e+00 2.400357778087e+00 7.572210898545e-02 7.731167256693e-02 1.794804243059e+02
20 4 4 0.67710594 0.66940545 1.12843164 0.43846032 2.01883199 2.383908606221e+00 2.269706030221e+00 6.235414467859e-02 9.369918901274e-02 1.733251223235e+02
20 5 4 0.67710594 0.66940545 1.12843164 0.43846032 2.01883199 2.449349483268e+00 2.180052394909e+00 6.706568248999e-02 1.392179888149e-01 1.662715641768e+02
20 6 4 0.67710594 0.66940545 1.12843164 0.43846032 2.01883199 2.306942448841e+00 2.120621084876e+00 6.560762253072e-02 2.084097468265e-01 1.614107152690e+02
20 7 4 0.67710594 0.66940545 1.12843164 0.43846032 2.01883199 2.056095577150e+00 2.075946734689e+00 5.772014533843e-02 2.931509273647e-01 1.564041750199e+02
20 8 4 0.67710594 0.66940545 1.12843164 0.43846032 2.01883199 1.954110371524e+00 2.053656448434e+00 5.692062545150e-02 3.829115345219e-01 1.486797144038e+02
20 9 4 0.67710594 0.66940545 1.12843164 0.43846032 2.01883199 2.029553460001e+00 2.026225809878e+00 6.333045814176e-02 4.734199771155e-01 1.425247759549e+02
20 10 4 0.67710594 0.66940545 1.12843164 0.43846032 2.01883199 1.958389394359e+00 1.998266759514e+00 4.654251002258e-02 5.634834258827e-01 1.369235082379e+02
20 11 4 0.67710594 0.66940545 1.12843164 0.43846032 2.01883199 1.794344120597e+00 1.925194137442e+00 5.491134340772e-02 6.441708806013e-01 1.333836260906e+02
20 12 4 0.67710594 0.66940545 1.12843164 0.43846032 2.01883199 1.708568955890e+00 1.807853380007e+00 5.517985216466e-02 7.074165988229e-01 1.295636568183e+02
20 13 4 0.67710594 0.66940545 1.12843164 0.43846032 2.01883199 1.718754104613e+00 1.726307392177e+00 4.196301053637e-02 7.566568889314e-01 1.245016756797e+02
20 14 4 0.67710594 0.66940545 1.12843164 0.43846032 2.01883199 1.684956313069e+00 1.667308054179e+00 5.177243477749e-02 7.936131901528e-01 1.195824370833e+02
20 15 4 0.67710594 0.66940545 1.12843164 0.43846032 2.01883199 1.570992924198e+00 1.583213903978e+00 4.433749846259e-02 8.115186704992e-01 1.168454082798e+02
20 16 4 0.67710594 0.66940545 1.12843164 0.43846032 2.01883199 1.521051121603e+00 1.509885100846e+00 4.623073404066e-02 8.091489449599e-01 1.136399467404e+02
20 17 4 0.67710594 0.66940545 1.12843164 0.43846032 2.01883199 1.521781526975e+00 1.445325742963e+00 3.671452652318e-02 7.906646114654e-01 1.113788086066e+02
20 18 4 0.67710594 0.66940545 1.12843164 0.43846032 2.01883199 1.464647226253e+00 1.369474553639e+00 5.253735063996e-02 7.538731792350e-01 1.090382669392e+02
20 19 4 0.67710594 0.66940545 1.12843164 0.43846032 2.01883199 1.362196121466e+00 1.313098316812e+00 3.264911237144e-02 6.969649692549e-01 1.059197061631e+02
20 20 4 0.67710594 0.66940545 1.12843164 0.43846032 2.01883199 1.345625819434e+00 1.276788867606e+00 4.145677300722e-02 6.264522921254e-01 1.020308283929e+02
20 21 4 0.67710594 0.66940545 1.12843164 0.43846032 2.01883199 1.383303870209e+00 1.216178104201e+00 4.125756141149e-02 5.485766639414e-01 1.004755889903e+02
20 22 4 0.67710594 0.66940545 1.12843164 0.43846032 2.01883199 1.326009184590e+00 1.164459469326e+00 3.570065264260e-02 4.655543788379e-01 9.924225990706e+01
20 23 4 0.67710594 0.66940545 1.12843164 0.43846032 2.01883199 1.178383023801e+00 1.128519517244e+00 3.246090654808e-02 3.804566435051e-01 9.714883107945e+01
20 24 4 0.67710594 0.66940545 1.12843164 0.43846032 2.01883199 1.138419000085e+00 1.074426474314e+00 4.488203837237e-02 2.973300402171e-01 9.505964954855e+01
20 25 4 0.67710594 0.66940545 1.12843164 0.43846032 2.01883199 1.200897492330e+00 1.027637129123e+00 2.949246097576e-02 2.209377455054e-01 9.204054797651e+01
20 26 4 0.67710594 0.66940545 1.12843164 0.43846032 2.01883199 1.152684288286e+00 1.023862134531e+00 3.600445847739e-02 1.568056434449e-01 9.055964637753e+01
20 27 4 0.67710594 0.66940545 1.12843164 0.43846032 2.01883199 1.071300642944e+00 9.989075469727e-01 3.807062054316e-02 1.078005261999e-01 9.061051536961e+01
20 28 4 0.67710594 0.66940545 1.12843164 0.43846032 2.01883199 1.120309134889e+00 9.840743954712e-01 3.233077428198e-02 7.551319614475e-02 8.990600551453e+01
20 29 4 0.67710594 0.66940545 1.12843164 0.43846032 2.01883199 1.171084082271e+00 9.840871815369e-01 3.043038471108e-02 6.308247072678e-02 8.902250816359e+01
20 30 4 0.67710594 0.66940545 1.12843164 0.43846032 2.01883199 1.080523777506e+00 9.462335589804e-01 4.077759035161e-02 7.161117355575e-02 8.844452366127e+01
20 31 4 0.67710594 0.66940545 1.12843164 0.43846032 2.01883199 9.822162275375e-01 9.223161865549e-01 3.242926450379e-02 9.963446732919e-02 8.704538219471e+01
20 32 4 0.67710594 0.66940545 1.12843164 0.43846032 2.01883199 1.131955132447e+00 1.020931318328e+00 3.252163660880e-02 1.455446006264e-01 8.946313028323e+01
20 33 4 0.67710594 0.66940545 1.12843164 0.43846032 2.01883199 1.254862385319e+00 1.111783505404e+00 4.107812523909e-02 2.055542404426e-01 9.059480107057e+01
20 34 4 0.67710594 0.66940545 1.12843164 0.43846032 2.01883199 1.202506637394e+00 1.134026107479e+00 3.082423627349e-02 2.756508507912e-01 9.088204229778e+01
20 35 4 0.67710594 0.66940545 1.12843164 0.43846032 2.01883199 1.153658911790e+00 1.156418027875e+00 3.290552540224e-02 3.542675690898e-01 9.182615836285e+01
20 36 4 0.67710594 0.66940545 1.12843164 0.43846032 2.01883199 1.246205888938e+00 1.208531163382e+00 3.890994039385e-02 4.364275959193e-01 9.315561583358e+01
20 37 4 0.67710594 0.66940545 1.12843164 0.43846032 2.01883199 1.322489549308e+00 1.230169464061e+00 3.698919350296e-02 5.148949171676e-01 9.409671010547e+01
20 38 4 0.67710594 0.66940545 1.12843164 0.43846032 2.01883199 1.275920698133e+00 1.287558990862e+00 3.043318857212e-02 5.882229491266e-01 9.745726124456e+01
20 39 4 0.67710594 0.66940545 1.12843164 0.43846032 2.01883199 1.308974460920e+00 1.356017071839e+00 4.648672592838e-02 6.547188723956e-01 9.881481159074e+01
20 40 4 0.67710594 0.66940545 1.12843164 0.43846032 2.01883199 1.461215230990e+00 1.392509089898e+00 3.379408989538e-02 7.067908626282e-01 1.009712895904e+02
20 41 4 0.67710594 0.66940545 1.12843164 0.43846032 2.01883199 1.499596218187e+00 1.420112830419e+00 3.724867672912e-02 7.418504737419e-01 1.020509536640e+02
20 42 4 0.67710594 0.66940545 1.12843164 0.43846032 2.01883199 1.428610280358e+00 1.484176755028e+00 4.320960822326e-02 7.639438237962e-01 1.037770369870e+02
20 43 4 0.67710594 0.66940545 1.12843164 0.43846032 2.01883199 1.431811306662e+00 1.508559191693e+00 4.354825638539e-02 7.715276447231e-01 1.070426758871e+02
20 44 4 0.67710594 0.66940545 1.12843164 0.43846032 2.01883199 1.549191621317e+00 1.544755457463e+00 3.438673862751e-02 7.594595539673e-01 1.113226417608e+02
20 45 4 0.67710594 0.66940545 1.12843164 0.43846032 2.01883199 1.601574801129e+00 1.611557359985e+00 5.552842730994e-02 7.288375415107e-01 1.132304254403e+02
20 46 4 0.67710594 0.66940545 1.12843164 0.43846032 2.01883199 1.590596316910e+00 1.664690309552e+00 3.885506071138e-02 6.837929224450e-01 1.156523986059e+02
20 47 4 0.67710594 0.66940545 1.12843164 0.43846032 2.01883199 1.637507822370e+00 1.701584493948e+00 4.909246298382e-02 6.265680345393e-01 1.191920195072e+02
20 48 4 0.67710594 0.66940545 1.12843164 0.43846032 2.01883199 1.745373638418e+00 1.758209270143e+00 4.705566521863e-02 5.597106345783e-01 1.237938055242e+02
20 49 4 0.67710594 0.66940545 1.12843164 0.43846032 2.01883199 1.782634611220e+00 1.789279241878e+00 5.511203790447e-02 4.865490066042e-01 1.291007248441e+02
20 50 4 0.67710594 0.66940545 1.12843164 0.43846032 2.01883199 1.783368462232e+00 1.829074316394e+00 4.471796542463e-02 4.099003006597e-01 1.345616824737e+02
20 51 4 0.67710594 0.66940545 1.12843164 0.43846032 2.01883199 1.865177302110e+00 1.888449045183e+00 5.886090026659e-02 3.322850327377e-01 1.384138606943e+02
20 52 4 0.67710594 0.66940545 1.12843164 0.43846032 2.01883199 2.031252802987e+00 1.913011624314e+00 5.863967472559e-02 2.567487019078e-01 1.424438704625e+02
20 53 4 0.67710594 0.66940545 1.12843164 0.43846032 2.01883199 2.080000215910e+00 1.903634841134e+00 4.978340013251e-02 1.891353524069e-01 1.494833933591e+02
20 54 4 0.67710594 0.66940545 1.12843164 0.43846032 2.01883199 2.033983440869e+00 1.906625647495e+00 6.759395037799e-02 1.371631300687e-01 1.554584584921e+02
20 55 4 0.67710594 0.66940545 1.12843164 0.43846032 2.01883199 2.109993468724e+00 1.947656489488e+00 6.096391744034e-02 1.056365148738e-01 1.623185957460e+02
20 56 4 0.67710594 0.66940545 1.12843164 0.43846032 2.01883199 2.381061420795e+00 2.018649577219e+00 6.167123700291e-02 9.869239371928e-02 1.670201185194e+02
20 57 4 0.67710594 0.66940545 1.12843164 0.43846032 2.01883199 2.458995691936e+00 2.116343993970e+00 7.025936599652e-02 1.231709722761e-01 1.718014835182e+02
20 58 4 0.67710594 0.66940545 1.12843164 0.43846032 2.01883199 2.362459398445e+00 2.208696474002e+00 7.174414474000e-02 1.831233178063e-01 1.777968736254e+02
20 59 4 0.67710594 0.66940545 1.12843164 0.43846032 2.01883199 2.370680082491e+00 2.323770748741e+00 6.675929052205e-02 2.792129087506e-01 1.851081532292e+02
20 60 4 0.67710594 0.66940545 1.12843164 0.43846032 2.01883199 2.594104453625e+00 2.387529783332e+00 8.096426290281e-02 4.130832172861e-01 1.906074988064e+02
20 61 4 0.67710594 0.66940545 1.12843164 0.43846032 2.01883199 2.673128425057e+00 2.385121913994e+00 7.375877879380e-02 5.812825047269e-01 1.989982457411e+02
20 62 4 0.67710594 0.66940545 1.12843164 0.43846032 2.01883199 2.643492430972e+00 2.450585390779e+00 8.646694750791e-02 7.747672654847e-01 2.030327610036e+02
20 63 4 0.67710594 0.66940545 1.12843164 0.43846032 2.01883199 2.788433857800e+00 2.671065316547e+00 7.701804453945e-02 9.907197463288e-01 2.095027483015e+02
24 0 4 0.65749069 0.61580743 1.23011741 0.41502309 1.65114844 1.884299447832e+00 1.918118101630e+00 1.041757831648e-05 4.627802282301e-01 9.285395283966e+01
24 1 4 0.65749069 0.61580743 1.23011741 0.41502309 1.65114844 1.867605677775e+00 1.838259730857e+00 2.130423878700e-05 4.363796549557e-01 8.893798378161e+01
24 2 4 0.65749069 0.61580743 1.23011741 0.41502309 1.65114844 1.817513951999e+00 1.785000035969e+00 4.314547068029e-05 4.121619214212e-01 8.649650432753e+01
24 3 4 0.65749069 0.61580743 1.23011741 0.41502309 1.65114844 1.724098820688e+00 1.706620802007e+00 4.346734811550e-05 3.900193490686e-01 8.289500929701e+01
24 4 4 0.65749069 0.61580743 1.23011741 0.41502309 1.65114844 1.685042781354e+00 1.589470649866e+00 4.460839307131e-05 3.686474802172e-01 7.976688379171e+01
24 5 4 0.65749069 0.61580743 1.23011741 0.41502309 1.65114844 1.624033962852e+00 1.488478341924e+00 1.161176284700e-04 3.469527562490e-01 7.692774290804e+01
24 6 4 0.65749069 0.61580743 1.23011741 0.41502309 1.65114844 1.499351192278e+00 1.435724808743e+00 1.765768622588e-04 3.247690493286e-01 7.328995093922e+01
24 7 4 0.65749069 0.61580743 1.23011741 0.41502309 1.65114844 1.467538961906e+00 1.412089027587e+00 1.398304639155e-04 3.024913078431e-01 7.085067631195e+01
24 8 4 0.65749069 0.61580743 1.23011741 0.41502309 1.65114844 1.518357982915e+00 1.396560702820e+00 2.379701832548e-05 2.803125942837e-01 6.847809797505e+01
24 9 4 0.65749069 0.61580743 1.23011741 0.41502309 1.65114844 1.449541758944e+00 1.390905863491e+00 1.361160996040e-05 2.580017930262e-01 6.586822051958e+01
24 10 4 0.65749069 0.61580743 1.23011741 0.41502309 1.65114844 1.332279871221e+00 1.391832209031e+00 6.036836978534e-05 2.354440744236e-01 6.323134173869e+01
24 11 4 0.65749069 0.61580743 1.23011741 0.41502309 1.65114844 1.266558032909e+00 1.358821895815e+00 1.174316796570e-04 2.132994147476e-01 6.036564816068e+01
24 12 4 0.65749069 0.61580743 1.23011741 0.41502309 1.65114844 1.259434548575e+00 1.290767572734e+00 1.307112200381e-04 1.930007022761e-01 5.856283623792e+01
24 13 4 0.65749069 0.61580743 1.23011741 0.41502309 1.65114844 1.254674473811e+00 1.241598821335e+00 1.310059461543e-04 1.759948699232e-01 5.701754085171e+01
24 14 4 0.65749069 0.61580743 1.23011741 0.41502309 1.65114844 1.210440412953e+00 1.204419027629e+00 5.998951882583e-05 1.628948837668e-01 5.453828689965e+01
24 15 4 0.65749069 0.61580743 1.23011741 0.41502309 1.65114844 1.166645619900e+00 1.144023686241e+00 1.239183416250e-05 1.532921139572e-01 5.263763111123e+01
24 16 4 0.65749069 0.61580743 1.23011741 0.41502309 1.65114844 1.110027267165e+00 1.078778372716e+00 6.441394462120e-05 1.463326157768e-01 5.091962698657e+01
24 17 4 0.65749069 0.61580743 1.23011741 0.41502309 1.65114844 1.084601718041e+00 1.035059544072e+00 1.289347634501e-04 1.414544808676e-01 4.919243372522e+01
24 18 4 0.65749069 0.61580743 1.23011741 0.41502309 1.65114844 1.065432627725e+00 1.008507897063e+00 9.077923472102e-05 1.385977236041e-01 4.805522798863e+01
24 19 4 0.65749069 0.61580743 1.23011741 0.41502309 1.65114844 1.048101299892e+00 9.797880767894e-01 9.431686890809e-05 1.377695700472e-01 4.701581364601e+01
24 20 4 0.65749069 0.61580743 1.23011741 0.41502309 1.65114844 1.019639945522e+00 9.411949022947e-01 1.402996873210e-04 1.384815841861e-01 4.516768208254e+01
24 21 4 0.65749069 0.61580743 1.23011741 0.41502309 1.65114844 9.858503300949e-01 8.960949789815e-01 1.422545388027e-04 1.396625296066e-01 4.384327187626e+01
24 22 4 0.65749069 0.61580743 1.23011741 0.41502309 1.65114844 9.852319079346e-01 8.477032913089e-01 4.831861260987e-05 1.401525340386e-01 4.336705033973e+01
24 23 4 0.65749069 0.61580743 1.23011741 0.41502309 1.65114844 9.780224331753e-01 8.062000105861e-01 3.321080716492e-06 1.393217106608e-01 4.249434247496e+01
24 24 4 0.65749069 0.61580743 1.23011741 0.41502309 1.65114844 9.313414173511e-01 7.728598358733e-01 5.571656300924e-05 1.372711669586e-01 4.191003871284e+01
24 25 4 0.65749069 0.61580743 1.23011741 0.41502309 1.65114844 9.235125517573e-01 7.411855568059e-01 1.192541845320e-04 1.345091170304e-01 4.089302073894e+01
24 26 4 0.65749069 0.61580743 1.23011741 0.41502309 1.65114844 9.247412049691e-01 7.146841928179e-01 1.112786885942e-04 1.314906695313e-01 4.011924199245e+01
24 27 4 0.65749069 0.61580743 1.23011741 0.41502309 1.65114844 9.144807966663e-01 6.988979686563e-01 6.566020532744e-05 1.284821381925e-01 4.022320008502e+01
24 28 4 0.65749069 0.61580743 1.23011741 0.41502309 1.65114844 9.274309454024e-01 6.967327108919e-01 1.440228306644e-05 1.258177267709e-01 3.995314674141e+01
24 29 4 0.65749069 0.61580743 1.23011741 0.41502309 1.65114844 9.389905958860e-01 6.923729181043e-01 3.864271148260e-05 1.241750162813e-01 3.977379106216e+01
24 30 4 0.65749069 0.61580743 1.23011741 0.41502309 1.65114844 9.044991820888e-01 6.721317547326e-01 2.202714066480e-04 1.244549717506e-01 3.977267546948e+01
24 31 4 0.65749069 0.61580743 1.23011741 0.41502309 1.65114844 8.521200705846e-01 6.737276164072e-01 4.616064515179e-04 1.272539930852e-01 3.903575690693e+01
24 32 4 0.65749069 0.61580743 1.23011741 0.41502309 1.65114844 9.297770767450e-01 7.243538123916e-01 4.613050075025e-04 1.323613456060e-01 4.006646425319e+01
24 33 4 0.65749069 0.61580743 1.23011741 0.41502309 1.65114844 9.699112000677e-01 7.822269600141e-01 2.208442747899e-04 1.387588487394e-01 4.051611681326e+01
24 34 4 0.65749069 0.61580743 1.23011741 0.41502309 1.65114844 9.405967904826e-01 8.111285776506e-01 3.847107541268e-05 1.451812645971e-01 4.047634112844e+01
24 35 4 0.65749069 0.61580743 1.23011741 0.41502309 1.65114844 9.258861499438e-01 8.291024949029e-01 1.493109537764e-05 1.508033506840e-01 4.110354573524e+01
24 36 4 0.65749069 0.61580743 1.23011741 0.41502309 1.65114844 9.526650911527e-01 8.633220050521e-01 6.704430077629e-05 1.555195607523e-01 4.160755071883e+01
24 37 4 0.65749069 0.61580743 1.23011741 0.41502309 1.65114844 9.702612162006e-01 9.081282604746e-01 1.138644342774e-04 1.596717312087e-01 4.230383770830e+01
24 38 4 0.65749069 0.61580743 1.23011741 0.41502309 1.65114844 9.889621964710e-01 9.464406690180e-01 1.211388057114e-04 1.635869112166e-01 4.380671613252e+01
24 39 4 0.65749069 0.61580743 1.23011741 0.41502309 1.65114844 1.035778776584e+00 9.814851978794e-01 5.709209368427e-05 1.674233087347e-01 4.433840621091e+01
24 40 4 0.65749069 0.61580743 1.23011741 0.41502309 1.65114844 1.049844837060e+00 1.016663900706e+00 3.523605573120e-06 1.714564337681e-01 4.553412272538e+01
24 41 4 0.65749069 0.61580743 1.23011741 0.41502309 1.65114844 1.046113250696e+00 1.049605334037e+00 5.083487630681e-05 1.764356701524e-01 4.637146392285e+01
24 42 4 0.65749069 0.61580743 1.23011741 0.41502309 1.65114844 1.097439603782e+00 1.076960724806e+00 1.476742040643e-04 1.835187266903e-01 4.786487508686e+01
24 43 4 0.65749069 0.61580743 1.23011741 0.41502309 1.65114844 1.127188934067e+00 1.091979199700e+00 1.462982443817e-04 1.936988112886e-01 4.978603319646e+01
24 44 4 0.65749069 0.61580743 1.23011741 0.41502309 1.65114844 1.154844598441e+00 1.104628986581e+00 9.827429923977e-05 2.071881867714e-01 5.128295872763e+01
24 45 4 0.65749069 0.61580743 1.23011741 0.41502309 1.65114844 1.180383165802e+00 1.124713375079e+00 9.739805642427e-05 2.233445979032e-01 5.225326238725e+01
24 46 4 0.65749069 0.61580743 1.23011741 0.41502309 1.65114844 1.228483199784e+00 1.157969568167e+00 1.389611375680e-04 2.412496065788e-01 5.429588798977e+01
24 47 4 0.65749069 0.61580743 1.23011741 0.41502309 1.65114844 1.286506322756e+00 1.210361870722e+00 6.984605795590e-05 2.604045385380e-01 5.624603449882e+01
24 48 4 0.65749069 0.61580743 1.23011741 0.41502309 1.65114844 1.330044780781e+00 1.250040029072e+00 1.405896277815e-05 2.808507992446e-01 5.836274527348e+01
24 49 4 0.65749069 0.61580743 1.23011741 0.41502309 1.65114844 1.360976689213e+00 1.259553725593e+00 6.555340728791e-05 3.025604075355e-01 6.056955552229e+01
24 50 4 0.65749069 0.61580743 1.23011741 0.41502309 1.65114844 1.379712430252e+00 1.278208799457e+00 1.417105720191e-04 3.246933847942e-01 6.249112254841e+01
24 51 4 0.65749069 0.61580743 1.23011741 0.41502309 1.65114844 1.420871600890e+00 1.313799482652e+00 1.426151712195e-04 3.455296779914e-01 6.413757285620e+01
24 52 4 0.65749069 0.61580743 1.23011741 0.41502309 1.65114844 1.517013798703e+00 1.327812862632e+00 1.266029370056e-04 3.632877493399e-01 6.725102180398e+01
24 53 4 0.65749069 0.61580743 1.23011741 0.41502309 1.65114844 1.623061519956e+00 1.319322720870e+00 6.396374997012e-05 3.771758461167e-01 6.984766586113e+01
24 54 4 0.65749069 0.61580743 1.23011741 0.41502309 1.65114844 1.662078919900e+00 1.337214564055e+00 1.391657343427e-05 3.877417299797e-01 7.219943785006e+01
24 55 4 0.65749069 0.61580743 1.23011741 0.41502309 1.65114844 1.617754363982e+00 1.396260921760e+00 2.682786938318e-05 3.962146134897e-01 7.470820455921e+01
24 56 4 0.65749069 0.61580743 1.23011741 0.41502309 1.65114844 1.680459684793e+00 1.467620396593e+00 1.524745505420e-04 4.034852857482e-01 7.693855542739e+01
24 57 4 0.65749069 0.61580743 1.23011741 0.41502309 1.65114844 1.852766302355e+00 1.559856198694e+00 1.918757129135e-04 4.096946629194e-01 8.035167488811e+01
24 58 4 0.65749069 0.61580743 1.23011741 0.41502309 1.65114844 1.911275536377e+00 1.681219065416e+00 1.268992403469e-04 4.147388961201e-01 8.342412208687e+01
24 59 4 0.65749069 0.61580743 1.23011741 0.41502309 1.65114844 1.939993781798e+00 1.786060714265e+00 4.904886519515e-05 4.190010854459e-01 8.598307638087e+01
24 60 4 0.65749069 0.61580743 1.23011741 0.41502309 1.65114844 2.020494668280e+00 1.843347870892e+00 4.785269412709e-05 4.233329186122e-01 8.933184959940e+01
24 61 4 0.65749069 0.61580743 1.23011741 0.41502309 1.65114844 2.100712024874e+00 1.871957181132e+00 4.808744684213e-05 4.281002573485e-01 9.181690805493e+01
24 62 4 0.65749069 0.61580743 1.23011741 0.41502309 1.65114844 2.121513595530e+00 1.927952976622e+00 2.337375991109e-05 4.322142078627e-01 9.492951208705e+01
24 63 4 0.65749069 0.61580743 1.23011741 0.41502309 1.65114844 2.244475976384e+00 2.021313569743e+00 1.051237127564e-05 4.333174099782e-01 9.943616124129e+01
27 0 4 1.57781187 0.98967351 1.48589630 0.58036002 2.25049423 7.641007121637e+01 1.260972286463e+01 5.868248846303e+01 5.785554984072e-03 3.107886833318e+02
27 1 4 1.57781187 0.98967351 1.48589630 0.58036002 2.25049423 7.439009144841e+01 1.205852872282e+01 5.752723457076e+01 5.133228703274e-03 3.315647753887e+02
27 2 4 1.57781187 0.98967351 1.48589630 0.58036002 2.25049423 7.027151358249e+01 1.150579891515e+01 5.575328509424e+01 8.133324022814e-03 2.982372827210e+02
27 3 4 1.57781187 0.98967351 1.48589630 0.58036002 2.25049423 6.859969227445e+01 1.067922113967e+01 5.423645387772e+01 1.268852229113e-02 2.464644163032e+02
27 4 4 1.57781187 0.98967351 1.48589630 0.58036002 2.25049423 6.543402716170e+01 1.077765646615e+01 5.147153077422e+01 1.680718124856e-02 2.349766341613e+02
27 5 4 1.57781187 0.98967351 1.48589630 0.58036002 2.25049423 6.276269254182e+01 1.035556984935e+01 5.002542711722e+01 1.912464499258e-02 2.588013100039e+02
27 6 4 1.57781187 0.98967351 1.48589630 0.58036002 2.25049423 6.003787050461e+01 9.939561931859e+00 4.845609205772e+01 1.847004234659e-02 2.748821571003e+02
27 7 4 1.57781187 0.98967351 1.48589630 0.58036002 2.25049423 5.862724952395e+01 9.934617261697e+00 4.662940204512e+01 1.555451358104e-02 2.507777093557e+02
27 8 4 1.57781187 0.98967351 1.48589630 0.58036002 2.25049423 5.493205854885e+01 9.427018732916e+00 4.603293686195e+01 1.330979466746e-02 2.087674380892e+02
27 9 4 1.57781187 0.98967351 1.48589630 0.58036002 2.25049423 5.387692718276e+01 8.644227493414e+00 4.394574553491e+01 1.445484749441e-02 1.941498881506e+02
27 10 4 1.57781187 0.98967351 1.48589630 0.58036002 2.25049423 5.215326252292e+01 8.328315108595e+00 4.231211841494e+01 1.306866152676e-02 2.169586152207e+02
27 11 4 1.57781187 0.98967351 1.48589630 0.58036002 2.25049423 5.084103650783e+01 8.585295551296e+00 3.980189394100e+01 8.467000854148e-03 2.295781437929e+02
27 12 4 1.57781187 0.98967351 1.48589630 0.58036002 2.25049423 4.902949145716e+01 8.364283569565e+00 3.896569436277e+01 6.232694525770e-03 2.101774909190e+02
27 13 4 1.57781187 0.98967351 1.48589630 0.58036002 2.25049423 4.852798997188e+01 7.853410852218e+00 3.708240178903e+01 3.936236579174e-03 1.789963916364e+02
27 14 4 1.57781187 0.98967351 1.48589630 0.58036002 2.25049423 4.694929074875e+01 7.311887266355e+00 3.625984719240e+01 1.485233903484e-03 1.647312199623e+02
27 15 4 1.57781187 0.98967351 1.48589630 0.58036002 2.25049423 4.462621099540e+01 6.986990691042e+00 3.541961229396e+01 8.656617875981e-04 1.794824233986e+02
27 16 4 1.57781187 0.98967351 1.48589630 0.58036002 2.25049423 4.382214956989e+01 6.845624791446e+00 3.400419988447e+01 1.901207673076e-03 1.955773689896e+02
27 17 4 1.57781187 0.98967351 1.48589630 0.58036002 2.25049423 4.283405621266e+01 6.825352552841e+00 3.280813287393e+01 4.224050031204e-03 1.828683103553e+02
27 18 4 1.57781187 0.98967351 1.48589630 0.58036002 2.25049423 4.180740178947e+01 6.615996893054e+00 3.211347251358e+01 5.908804628675e-03 1.536501891214e+02
27 19 4 1.57781187 0.98967351 1.48589630 0.58036002 2.25049423 4.029929699303e+01 6.460898331058e+00 3.108062353313e+01 9.057312387461e-03 1.428095807237e+02
27 20 4 1.57781187 0.98967351 1.48589630 0.58036002 2.25049423 3.939265683279e+01 5.978254341911e+00 3.109013223719e+01 1.125973765828e-02 1.548066244906e+02
27 21 4 1.57781187 0.98967351 1.48589630 0.58036002 2.25049423 3.777838692899e+01 5.758560507351e+00 3.052357794852e+01 1.070124128467e-02 1.700527232931e+02
27 22 4 1.57781187 0.98967351 1.48589630 0.58036002 2.25049423 3.715809503115e+01 5.523617455923e+00 2.970230882561e+01 1.278949330636e-02 1.629936924376e+02
27 23 4 1.57781187 0.98967351 1.48589630 0.58036002 2.25049423 3.664137121237e+01 5.675254379865e+00 2.920598640176e+01 1.288098101624e-02 1.389782815790e+02
27 24 4 1.57781187 0.98967351 1.48589630 0.58036002 2.25049423 3.588368174370e+01 5.708868513822e+00 2.810540305453e+01 1.126426640053e-02 1.267376063880e+02
27 25 4 1.57781187 0.98967351 1.48589630 0.58036002 2.25049423 3.476395668950e+01 5.725912203773e+00 2.765392358049e+01 1.362427131168e-02 1.405065015068e+02
27 26 4 1.57781187 0.98967351 1.48589630 0.58036002 2.25049423 3.525741026741e+01 5.360592440106e+00 2.742803005256e+01 1.492326596889e-02 1.552832451078e+02
27 27 4 1.57781187 0.98967351 1.48589630 0.58036002 2.25049423 3.374182883537e+01 5.092403896018e+00 2.739982869747e+01 1.459923190616e-02 1.515400425829e+02
27 28 4 1.57781187 0.98967351 1.48589630 0.58036002 2.25049423 3.411575661393e+01 4.950239987402e+00 2.679016358875e+01 1.142463555755e-02 1.315421995568e+02
27 29 4 1.57781187 0.98967351 1.48589630 0.58036002 2.25049423 3.313823158450e+01 5.226560940173e+00 2.649623283925e+01 5.314357918242e-03 1.212167415435e+02
27 30 4 1.57781187 0.98967351 1.48589630 0.58036002 2.25049423 3.362365858262e+01 5.239778864598e+00 2.650647216102e+01 2.127318807110e-03 1.337493864163e+02
27 31 4 1.57781187 0.98967351 1.48589630 0.58036002 2.25049423 3.154596860394e+01 4.933945792003e+00 2.570818596665e+01 4.606856284987e-04 1.484122796501e+02
27 32 4 1.57781187 0.98967351 1.48589630 0.58036002 2.25049423 3.428509278708e+01 5.249842500673e+00 2.695870241141e+01 5.158684807087e-04 1.518930867983e+02
27 33 4 1.57781187 0.98967351 1.48589630 0.58036002 2.25049423 3.409589793691e+01 5.419732305691e+00 2.693807458218e+01 2.268732620905e-03 1.335643797625e+02
27 34 4 1.57781187 0.98967351 1.48589630 0.58036002 2.25049423 3.513796547853e+01 5.211279747899e+00 2.739767240532e+01 5.584255009388e-03 1.223929281065e+02
27 35 4 1.57781187 0.98967351 1.48589630 0.58036002 2.25049423 3.452624797691e+01 5.419375375512e+00 2.774609344687e+01 1.177593169192e-02 1.337286131054e+02
27 36 4 1.57781187 0.98967351 1.48589630 0.58036002 2.25049423 3.633913044845e+01 5.815288905997e+00 2.790234723841e+01 1.492378128037e-02 1.559605406407e+02
27 37 4 1.57781187 0.98967351 1.48589630 0.58036002 2.25049423 3.556164018428e+01 5.974755313197e+00 2.834172291451e+01 1.521417815930e-02 1.603835158463e+02
27 38 4 1.57781187 0.98967351 1.48589630 0.58036002 2.25049423 3.688473358152e+01 5.950718980913e+00 2.859280856354e+01 1.382833235114e-02 1.427685599590e+02
27 39 4 1.57781187 0.98967351 1.48589630 0.58036002 2.25049423 3.741100468270e+01 5.754714596476e+00 2.985444268694e+01 1.153139883061e-02 1.314064426790e+02
27 40 4 1.57781187 0.98967351 1.48589630 0.58036002 2.25049423 3.834899549882e+01 5.865334653889e+00 3.005668261581e+01 1.334307842384e-02 1.453443261994e+02
27 41 4 1.57781187 0.98967351 1.48589630 0.58036002 2.25049423 3.862246629318e+01 6.105631485228e+00 3.089478506217e+01 1.326696171129e-02 1.704926451503e+02
27 42 4 1.57781187 0.98967351 1.48589630 0.58036002 2.25049423 4.061252234161e+01 6.592346435670e+00 3.107447488462e+01 1.114293998111e-02 1.776482573726e+02
27 43 4 1.57781187 0.98967351 1.48589630 0.58036002 2.25049423 4.118561750566e+01 6.807930157800e+00 3.174246641424e+01 1.170241317748e-02 1.629207801295e+02
27 44 4 1.57781187 0.98967351 1.48589630 0.58036002 2.25049423 4.256033822120e+01 7.062538240127e+00 3.246600509204e+01 9.418465071910e-03 1.488088773769e+02
27 45 4 1.57781187 0.98967351 1.48589630 0.58036002 2.25049423 4.338719594070e+01 6.961487574547e+00 3.391286828585e+01 6.136060464837e-03 1.629783382306e+02
27 46 4 1.57781187 0.98967351 1.48589630 0.58036002 2.25049423 4.427382781469e+01 7.188315491388e+00 3.518156883906e+01 4.321742054133e-03 1.956224824980e+02
27 47 4 1.57781187 0.98967351 1.48589630 0.58036002 2.25049423 4.537419220448e+01 7.271542350508e+00 3.658568846438e+01 1.934746937668e-03 2.060481821232e+02
27 48 4 1.57781187 0.98967351 1.48589630 0.58036002 2.25049423 4.754129708297e+01 7.792720025394e+00 3.776727521104e+01 9.370957864313e-04 1.906821610906e+02
27 49 4 1.57781187 0.98967351 1.48589630 0.58036002 2.25049423 4.928157317224e+01 8.178542755802e+00 3.847046673252e+01 1.698511043668e-03 1.750553892412e+02
27 50 4 1.57781187 0.98967351 1.48589630 0.58036002 2.25049423 4.964264067653e+01 8.542886247743e+00 4.053462788088e+01 4.380579037755e-03 1.896097109101e+02
27 51 4 1.57781187 0.98967351 1.48589630 0.58036002 2.25049423 5.175454626020e+01 8.574617945893e+00 4.188027669270e+01 6.813457917214e-03 2.265360029387e+02
27 52 4 1.57781187 0.98967351 1.48589630 0.58036002 2.25049423 5.370479718135e+01 8.414657797808e+00 4.406803366389e+01 9.129142880310e-03 2.484681684618e+02
27 53 4 1.57781187 0.98967351 1.48589630 0.58036002 2.25049423 5.593027468507e+01 8.743631421924e+00 4.544528680190e+01 1.385226298499e-02 2.275542614861e+02
27 54 4 1.57781187 0.98967351 1.48589630 0.58036002 2.25049423 5.750377412415e+01 9.611256701262e+00 4.715979840763e+01 1.514838829495e-02 2.061588421621e+02
27 55 4 1.57781187 0.98967351 1.48589630 0.58036002 2.25049423 6.176160827015e+01 1.004570422762e+01 4.753489888774e+01 1.385749925630e-02 2.266162668101e+02
27 56 4 1.57781187 0.98967351 1.48589630 0.58036002 2.25049423 6.336904942759e+01 9.876021843784e+00 4.933374701326e+01 1.621863178947e-02 2.692690533583e+02
27 57 4 1.57781187 0.98967351 1.48589630 0.58036002 2.25049423 6.644065642304e+01 1.013178217204e+01 5.147769198347e+01 1.944597837089e-02 2.954415536612e+02
27 58 4 1.57781187 0.98967351 1.48589630 0.58036002 2.25049423 6.800537953987e+01 1.068489586633e+01 5.302156967293e+01 2.016366697940e-02 2.748740863008e+02
27 59 4 1.57781187 0.98967351 1.48589630 0.58036002 2.25049423 7.301585152253e+01 1.079182825758e+01 5.556759600217e+01 1.757158797356e-02 2.495098130950e+02
27 60 4 1.57781187 0.98967351 1.48589630 0.58036002 2.25049423 7.240828789843e+01 1.135981785658e+01 5.774634858065e+01 1.333063044742e-02 2.666135395529e+02
27 61 4 1.57781187 0.98967351 1.48589630 0.58036002 2.25049423 7.814515902229e+01 1.219826086555e+01 5.903746632586e+01 8.658816942080e-03 3.231817426840e+02
27 62 4 1.57781187 0.98967351 1.48589630 0.58036002 2.25049423 7.813103302806e+01 1.221605871877e+01 6.134875556089e+01 5.653463754976e-03 3.518226207916e+02
27 63 4 1.57781187 0.98967351 1.48589630 0.58036002 2.25049423 8.317128681336e+01 1.247215419634e+01 6.445946885364e+01 6.380249648551e-03 3.309385640094e+02
