# environment=00131 local_bs=4 gain_scale=3.363250405364e-14
# ue subcarrier serving_bs phi0 phi1 phi2 phi3 phi4 gain0 gain1 gain2 gain3 gain4
6 0 4 0.29744196 0.44717577 0.42406325 0.52899530 0.80854177 2.528154398142e-07 4.507411040415e-04 5.679193599314e-03 1.348992519309e-04 3.075466607841e+00
6 1 4 0.29744196 0.44717577 0.42406325 0.52899530 0.80854177 2.435141069925e-07 4.315498193087e-04 5.400687774831e-03 1.210989318376e-04 4.201335911771e+00
6 2 4 0.29744196 0.44717577 0.42406325 0.52899530 0.80854177 2.345223548697e-07 3.841123948575e-04 5.242252678121e-03 1.153171380529e-04 5.129769585991e+00
6 3 4 0.29744196 0.44717577 0.42406325 0.52899530 0.80854177 2.258401857076e-07 3.264578597322e-04 5.081095655072e-03 1.168454508119e-04 5.205140287713e+00
6 4 4 0.29744196 0.44717577 0.42406325 0.52899530 0.80854177 2.174676016905e-07 2.803109598486e-04 4.823669510847e-03 1.226454994715e-04 4.359452894167e+00
6 5 4 0.29744196 0.44717577 0.42406325 0.52899530 0.80854177 2.094046049249e-07 2.602331738354e-04 4.479597012422e-03 1.284487446377e-04 3.096867523752e+00
6 6 4 0.29744196 0.44717577 0.42406325 0.52899530 0.80854177 2.016511974388e-07 2.757526519225e-04 4.137616634581e-03 1.300881498503e-04 2.213218686804e+00
6 7 4 0.29744196 0.44717577 0.42406325 0.52899530 0.80854177 1.942073811838e-07 3.352796552030e-04 3.878071221312e-03 1.246836746207e-04 2.204430004719e+00
6 8 4 0.29744196 0.44717577 0.42406325 0.52899530 0.80854177 1.870731580323e-07 4.406329139550e-04 3.704274948411e-03 1.113769005780e-04 2.959487061972e+00
6 9 4 0.29744196 0.44717577 0.42406325 0.52899530 0.80854177 1.802485297787e-07 5.772892827038e-04 3.548060681566e-03 9.145738232173e-05 3.777392331660e+00
6 10 4 0.29744196 0.44717577 0.42406325 0.52899530 0.80854177 1.737334981412e-07 7.148267172052e-04 3.335208254277e-03 6.789900889850e-05 3.972167284638e+00
6 11 4 0.29744196 0.44717577 0.42406325 0.52899530 0.80854177 1.675280647578e-07 8.214333436940e-04 3.048167712298e-03 4.447990673365e-05 3.353540532793e+00
6 12 4 0.29744196 0.44717577 0.42406325 0.52899530 0.80854177 1.616322311897e-07 8.795924502031e-04 2.734269081155e-03 2.475517586512e-05 2.354058743763e+00
6 13 4 0.29744196 0.44717577 0.42406325 0.52899530 0.80854177 1.560459989210e-07 8.887895685118e-04 2.460417685665e-03 1.116819589425e-05 1.595696011166e+00
6 14 4 0.29744196 0.44717577 0.42406325 0.52899530 0.80854177 1.507693693564e-07 8.565931053482e-04 2.259710781631e-03 4.526142645553e-06 1.518667482813e+00
6 15 4 0.29744196 0.44717577 0.42406325 0.52899530 0.80854177 1.458023438240e-07 7.917454396231e-04 2.114944113654e-03 3.951223770569e-06 2.047789526731e+00
6 16 4 0.29744196 0.44717577 0.42406325 0.52899530 0.80854177 1.411449235733e-07 7.070299915207e-04 1.985428200660e-03 7.285420381169e-06 2.737126055040e+00
6 17 4 0.29744196 0.44717577 0.42406325 0.52899530 0.80854177 1.367971097758e-07 6.244439148706e-04 1.845600034523e-03 1.180948937355e-05 3.057589981812e+00
6 18 4 0.29744196 0.44717577 0.42406325 0.52899530 0.80854177 1.327589035257e-07 5.708547461386e-04 1.699530895404e-03 1.506519818776e-05 2.706787467950e+00
6 19 4 0.29744196 0.44717577 0.42406325 0.52899530 0.80854177 1.290303058387e-07 5.643479216500e-04 1.563704912037e-03 1.555754354788e-05 1.943163519650e+00
6 20 4 0.29744196 0.44717577 0.42406325 0.52899530 0.80854177 1.256113176529e-07 6.041968714522e-04 1.441524207538e-03 1.315895876884e-05 1.335846574753e+00
6 21 4 0.29744196 0.44717577 0.42406325 0.52899530 0.80854177 1.225019398286e-07 6.744884178668e-04 1.317945721039e-03 9.124014837517e-06 1.239221861019e+00
6 22 4 0.29744196 0.44717577 0.42406325 0.52899530 0.80854177 1.197021731480e-07 7.565195430638e-04 1.179403169653e-03 5.726072724970e-06 1.622484420539e+00
6 23 4 0.29744196 0.44717577 0.42406325 0.52899530 0.80854177 1.172120183156e-07 8.365707728596e-04 1.036998941360e-03 5.620409152298e-06 2.194283989548e+00
6 24 4 0.29744196 0.44717577 0.42406325 0.52899530 0.80854177 1.150314759578e-07 9.034547685137e-04 9.263402417216e-04 1.110015626292e-05 2.480607752218e+00
6 25 4 0.29744196 0.44717577 0.42406325 0.52899530 0.80854177 1.131605466232e-07 9.438232341714e-04 8.795638278126e-04 2.343005761219e-05 2.275482522665e+00
6 26 4 0.29744196 0.44717577 0.42406325 0.52899530 0.80854177 1.115992307826e-07 9.454435945405e-04 8.930287211882e-04 4.241771588256e-05 1.749101777138e+00
6 27 4 0.29744196 0.44717577 0.42406325 0.52899530 0.80854177 1.103475288286e-07 9.071774173990e-04 9.214544172036e-04 6.632177939895e-05 1.242091243562e+00
6 28 4 0.29744196 0.44717577 0.42406325 0.52899530 0.80854177 1.094054410763e-07 8.440812190242e-04 9.081857049075e-04 9.211718729067e-05 1.069943211668e+00
6 29 4 0.29744196 0.44717577 0.42406325 0.52899530 0.80854177 1.087729677627e-07 7.801272571712e-04 8.296043839146e-04 1.160575200436e-04 1.341842303046e+00
6 30 4 0.29744196 0.44717577 0.42406325 0.52899530 0.80854177 1.084501090468e-07 7.347149771672e-04 7.172372831127e-04 1.344105498216e-04 1.815410937100e+00
6 31 4 0.29744196 0.44717577 0.42406325 0.52899530 0.80854177 1.084368650100e-07 7.157582514393e-04 6.373139040206e-04 1.442075276063e-04 2.188542695403e+00
6 32 4 0.29744196 0.44717577 0.42406325 0.52899530 0.80854177 1.087332356555e-07 7.237826544793e-04 6.417770432322e-04 1.438454828916e-04 2.280423982408e+00
6 33 4 0.29744196 0.44717577 0.42406325 0.52899530 0.80854177 1.093392209088e-07 7.585831361704e-04 7.287259460115e-04 1.334139308436e-04 1.952240479124e+00
6 34 4 0.29744196 0.44717577 0.42406325 0.52899530 0.80854177 1.102548206175e-07 8.183590198991e-04 8.436975985487e-04 1.146758138586e-04 1.406912319351e+00
6 35 4 0.29744196 0.44717577 0.42406325 0.52899530 0.80854177 1.114800345511e-07 8.925559697332e-04 9.209401134947e-04 9.070549505661e-05 1.115606005102e+00
6 36 4 0.29744196 0.44717577 0.42406325 0.52899530 0.80854177 1.130148624014e-07 9.594757284989e-04 9.321150161075e-04 6.525973381496e-05 1.347575226722e+00
6 37 4 0.29744196 0.44717577 0.42406325 0.52899530 0.80854177 1.148593037823e-07 9.953705648701e-04 9.046057817179e-04 4.201604363838e-05 1.968530716926e+00
6 38 4 0.29744196 0.44717577 0.42406325 0.52899530 0.80854177 1.170133582297e-07 9.881169390695e-04 8.968952704274e-04 2.384410348469e-05 2.605718462635e+00
6 39 4 0.29744196 0.44717577 0.42406325 0.52899530 0.80854177 1.194770252017e-07 9.423801285367e-04 9.530921810371e-04 1.227208468643e-05 2.779882366293e+00
6 40 4 0.29744196 0.44717577 0.42406325 0.52899530 0.80854177 1.222503040785e-07 8.723741713336e-04 1.073876515471e-03 7.269677752968e-06 2.368962905458e+00
6 41 4 0.29744196 0.44717577 0.42406325 0.52899530 0.80854177 1.253331941623e-07 7.919151066649e-04 1.224869207148e-03 7.399808768276e-06 1.719009095391e+00
6 42 4 0.29744196 0.44717577 0.42406325 0.52899530 0.80854177 1.287256946776e-07 7.128400248606e-04 1.370625184723e-03 1.030539610733e-05 1.317466013490e+00
6 43 4 0.29744196 0.44717577 0.42406325 0.52899530 0.80854177 1.324278047708e-07 6.504701395697e-04 1.501992807216e-03 1.341501601828e-05 1.514561549806e+00
6 44 4 0.29744196 0.44717577 0.42406325 0.52899530 0.80854177 1.364395235105e-07 6.244799302962e-04 1.633966559962e-03 1.469230170967e-05 2.272011581686e+00
6 45 4 0.29744196 0.44717577 0.42406325 0.52899530 0.80854177 1.407608498874e-07 6.488739362448e-04 1.780809940785e-03 1.323498939978e-05 3.063407927387e+00
6 46 4 0.29744196 0.44717577 0.42406325 0.52899530 0.80854177 1.453917828141e-07 7.195712793112e-04 1.936969538027e-03 9.559084486137e-06 3.324073589744e+00
6 47 4 0.29744196 0.44717577 0.42406325 0.52899530 0.80854177 1.503323211259e-07 8.135132851162e-04 2.085224619747e-03 5.478318237284e-06 2.968530795124e+00
6 48 4 0.29744196 0.44717577 0.42406325 0.52899530 0.80854177 1.555824635796e-07 9.014884976806e-04 2.224074425652e-03 3.593248414551e-06 2.263572519437e+00
6 49 4 0.29744196 0.44717577 0.42406325 0.52899530 0.80854177 1.611422088542e-07 9.618938233064e-04 2.383478646531e-03 6.512729274379e-06 1.754339989376e+00
6 50 4 0.29744196 0.44717577 0.42406325 0.52899530 0.80854177 1.670115555515e-07 9.830216752713e-04 2.606152214809e-03 1.601386157421e-05 1.914129670922e+00
6 51 4 0.29744196 0.44717577 0.42406325 0.52899530 0.80854177 1.731905021941e-07 9.567180858828e-04 2.905837403930e-03 3.237953636604e-05 2.777004135221e+00
6 52 4 0.29744196 0.44717577 0.42406325 0.52899530 0.80854177 1.796790472280e-07 8.768143285568e-04 3.242069670097e-03 5.412128838398e-05 3.832483305371e+00
6 53 4 0.29744196 0.44717577 0.42406325 0.52899530 0.80854177 1.864771890203e-07 7.477589083694e-04 3.542552880100e-03 7.820202947967e-05 4.405320086052e+00
6 54 4 0.29744196 0.44717577 0.42406325 0.52899530 0.80854177 1.935849258604e-07 5.926463630601e-04 3.761843104038e-03 1.007388039209e-04 4.109183491779e+00
6 55 4 0.29744196 0.44717577 0.42406325 0.52899530 0.80854177 2.010022559614e-07 4.471264517759e-04 3.926044306581e-03 1.180243821818e-04 3.214323938417e+00
6 56 4 0.29744196 0.44717577 0.42406325 0.52899530 0.80854177 2.087291774559e-07 3.413164884602e-04 4.117570422487e-03 1.275982118006e-04 2.424794837468e+00
6 57 4 0.29744196 0.44717577 0.42406325 0.52899530 0.80854177 2.167656884003e-07 2.864366306419e-04 4.404676752674e-03 1.290564867739e-04 2.354217019741e+00
6 58 4 0.29744196 0.44717577 0.42406325 0.52899530 0.80854177 2.251117867733e-07 2.774448181425e-04 4.774933802912e-03 1.243364083372e-04 3.169555744385e+00
6 59 4 0.29744196 0.44717577 0.42406325 0.52899530 0.80854177 2.337674704740e-07 3.041227618328e-04 5.137301976272e-03 1.173365828061e-04 4.413266487679e+00
6 60 4 0.29744196 0.44717577 0.42406325 0.52899530 0.80854177 2.427327373253e-07 3.552520048650e-04 5.401016179851e-03 1.129153322820e-04 5.329460771141e+00
6 61 4 0.29744196 0.44717577 0.42406325 0.52899530 0.80854177 2.520075850716e-07 4.137511211956e-04 5.566389666146e-03 1.154946483339e-04 5.257781100544e+00
6 62 4 0.29744196 0.44717577 0.42406325 0.52899530 0.80854177 2.615920113795e-07 4.564871427681e-04 5.740883592269e-03 1.276363219539e-04 4.227337023961e+00
6 63 4 0.29744196 0.44717577 0.42406325 0.52899530 0.80854177 2.714860138382e-07 4.680941111495e-04 6.051828683369e-03 1.490035577739e-04 3.043121723598e+00
10 0 4 0.29299052 0.40643165 0.39659317 0.46021079 0.74555841 2.962292654658e-05 2.169064815779e-01 9.866608144598e-04 1.115646820563e-05 2.428251995086e+00
10 1 4 0.29299052 0.40643165 0.39659317 0.46021079 0.74555841 2.853678651331e-05 2.077237441921e-01 8.277310389011e-04 2.472264532935e-05 1.647226006303e+00
10 2 4 0.29299052 0.40643165 0.39659317 0.46021079 0.74555841 2.748679472759e-05 2.001436394296e-01 7.100029105128e-04 1.339044625060e-05 1.697795853216e+00
10 3 4 0.29299052 0.40643165 0.39659317 0.46021079 0.74555841 2.647295152336e-05 1.939568815931e-01 6.362820029578e-04 6.103230181379e-05 2.356066357031e+00
10 4 4 0.29299052 0.40643165 0.39659317 0.46021079 0.74555841 2.549525722308e-05 1.886437933962e-01 5.973385941124e-04 1.058107937492e-04 2.999585109979e+00
10 5 4 0.29299052 0.40643165 0.39659317 0.46021079 0.74555841 2.455371213776e-05 1.836770133876e-01 5.813744693023e-04 6.917052605628e-05 2.987837884159e+00
10 6 4 0.29299052 0.40643165 0.39659317 0.46021079 0.74555841 2.364831656675e-05 1.787798909366e-01 5.843194851136e-04 1.032657469206e-04 2.264889732430e+00
10 7 4 0.29299052 0.40643165 0.39659317 0.46021079 0.74555841 2.277907079809e-05 1.739824530053e-01 6.121718097930e-04 7.784724805643e-05 1.429786758300e+00
10 8 4 0.29299052 0.40643165 0.39659317 0.46021079 0.74555841 2.194597510823e-05 1.694653874254e-01 6.728318169009e-04 1.855476948983e-05 1.038464029410e+00
10 9 4 0.29299052 0.40643165 0.39659317 0.46021079 0.74555841 2.114902976214e-05 1.653240850421e-01 7.637404759732e-04 2.591793037297e-05 1.273523365044e+00
10 10 4 0.29299052 0.40643165 0.39659317 0.46021079 0.74555841 2.038823501333e-05 1.614257761618e-01 8.659680501029e-04 6.509200624582e-06 1.820638115469e+00
10 11 4 0.29299052 0.40643165 0.39659317 0.46021079 0.74555841 1.966359110369e-05 1.574541874460e-01 9.512051644930e-04 4.048597185610e-05 2.107421370248e+00
10 12 4 0.29299052 0.40643165 0.39659317 0.46021079 0.74555841 1.897509826376e-05 1.531001814347e-01 9.981276033837e-04 6.752593222059e-05 1.900724300006e+00
10 13 4 0.29299052 0.40643165 0.39659317 0.46021079 0.74555841 1.832275671249e-05 1.482590123550e-01 1.006528098981e-03 5.757369379721e-05 1.369405020772e+00
10 14 4 0.29299052 0.40643165 0.39659317 0.46021079 0.74555841 1.770656665739e-05 1.430977151752e-01 9.980728653932e-04 1.055239888349e-04 8.868835270683e-01
10 15 4 0.29299052 0.40643165 0.39659317 0.46021079 0.74555841 1.712652829441e-05 1.379505114299e-01 1.001728931644e-03 8.052287134504e-05 7.619713537533e-01
10 16 4 0.29299052 0.40643165 0.39659317 0.46021079 0.74555841 1.658264180806e-05 1.331167580707e-01 1.033164963358e-03 3.655599147220e-05 1.007193854683e+00
10 17 4 0.29299052 0.40643165 0.39659317 0.46021079 0.74555841 1.607490737129e-05 1.286961412150e-01 1.082305702737e-03 4.148337649112e-05 1.389279294978e+00
10 18 4 0.29299052 0.40643165 0.39659317 0.46021079 0.74555841 1.560332514562e-05 1.245638142047e-01 1.117958547190e-03 9.269256894890e-06 1.575772797659e+00
10 19 4 0.29299052 0.40643165 0.39659317 0.46021079 0.74555841 1.516789528102e-05 1.204913490404e-01 1.106785062633e-03 1.887842269675e-05 1.371938909365e+00
10 20 4 0.29299052 0.40643165 0.39659317 0.46021079 0.74555841 1.476861791599e-05 1.163253201849e-01 1.034205887983e-03 3.267489424347e-05 9.356757793310e-01
10 21 4 0.29299052 0.40643165 0.39659317 0.46021079 0.74555841 1.440549317753e-05 1.121048308400e-01 9.137963156590e-04 3.424548587085e-05 6.066860510072e-01
10 22 4 0.29299052 0.40643165 0.39659317 0.46021079 0.74555841 1.407852118110e-05 1.080474404078e-01 7.796686462490e-04 8.013267429398e-05 6.142049857178e-01
10 23 4 0.29299052 0.40643165 0.39659317 0.46021079 0.74555841 1.378770203073e-05 1.044230292457e-01 6.673758011689e-04 6.409837116758e-05 9.521549656477e-01
10 24 4 0.29299052 0.40643165 0.39659317 0.46021079 0.74555841 1.353303581890e-05 1.014061358134e-01 5.955222179475e-04 4.189238056149e-05 1.297432738448e+00
10 25 4 0.29299052 0.40643165 0.39659317 0.46021079 0.74555841 1.331452262661e-05 9.900480585167e-02 5.586920209340e-04 4.933115922017e-05 1.329782156397e+00
10 26 4 0.29299052 0.40643165 0.39659317 0.46021079 0.74555841 1.313216252336e-05 9.710731014034e-02 5.344570923063e-04 1.342791298772e-05 1.081849185988e+00
10 27 4 0.29299052 0.40643165 0.39659317 0.46021079 0.74555841 1.298595556715e-05 9.560765619017e-02 4.987912809451e-04 8.330546649465e-06 7.396813319337e-01
10 28 4 0.29299052 0.40643165 0.39659317 0.46021079 0.74555841 1.287590180448e-05 9.451988211208e-02 4.403422516176e-04 1.129544663729e-05 5.459170853774e-01
10 29 4 0.29299052 0.40643165 0.39659317 0.46021079 0.74555841 1.280200127035e-05 9.400126284424e-02 3.661383816710e-04 1.615139056887e-05 6.967207762984e-01
10 30 4 0.29299052 0.40643165 0.39659317 0.46021079 0.74555841 1.276425398828e-05 9.426692096768e-02 2.970202583705e-04 5.330142598839e-05 1.039957458203e+00
10 31 4 0.29299052 0.40643165 0.39659317 0.46021079 0.74555841 1.276265997025e-05 9.545107428618e-02 2.564907984307e-04 4.239388177526e-05 1.313767701281e+00
10 32 4 0.29299052 0.40643165 0.39659317 0.46021079 0.74555841 1.279721921679e-05 9.750605633889e-02 2.591183262745e-04 4.305268974590e-05 1.364507786729e+00
10 33 4 0.29299052 0.40643165 0.39659317 0.46021079 0.74555841 1.286793171690e-05 1.002065956622e-01 3.038201753749e-04 5.372545911205e-05 1.095597142523e+00
10 34 4 0.29299052 0.40643165 0.39659317 0.46021079 0.74555841 1.297479744809e-05 1.032591968476e-01 3.746341219673e-04 1.609955533468e-05 7.255042888884e-01
10 35 4 0.29299052 0.40643165 0.39659317 0.46021079 0.74555841 1.311781637636e-05 1.064484175250e-01 4.484316543893e-04 1.117728283074e-05 6.325143603265e-01
10 36 4 0.29299052 0.40643165 0.39659317 0.46021079 0.74555841 1.329698845624e-05 1.097273774866e-01 5.062877631416e-04 7.470927234679e-06 9.094139748797e-01
10 37 4 0.29299052 0.40643165 0.39659317 0.46021079 0.74555841 1.351231363074e-05 1.131954483860e-01 5.434091910872e-04 1.318792925007e-05 1.386377442684e+00
10 38 4 0.29299052 0.40643165 0.39659317 0.46021079 0.74555841 1.376379183137e-05 1.169797302324e-01 5.723960240586e-04 4.833952083023e-05 1.731370118728e+00
10 39 4 0.29299052 0.40643165 0.39659317 0.46021079 0.74555841 1.405142297814e-05 1.211012509884e-01 6.169979753943e-04 4.058736475554e-05 1.626519500393e+00
10 40 4 0.29299052 0.40643165 0.39659317 0.46021079 0.74555841 1.437520697958e-05 1.254189222044e-01 6.982582539186e-04 6.545994057636e-05 1.185974744307e+00
10 41 4 0.29299052 0.40643165 0.39659317 0.46021079 0.74555841 1.473514373270e-05 1.296939596474e-01 8.199592885164e-04 8.009313697836e-05 8.580074107276e-01
10 42 4 0.29299052 0.40643165 0.39659317 0.46021079 0.74555841 1.513123312303e-05 1.337356779742e-01 9.622506176903e-04 3.341422923098e-05 9.229339897105e-01
10 43 4 0.29299052 0.40643165 0.39659317 0.46021079 0.74555841 1.556347502458e-05 1.375301855376e-01 1.088869417152e-03 3.354034139071e-05 1.414469039363e+00
10 44 4 0.29299052 0.40643165 0.39659317 0.46021079 0.74555841 1.603186929989e-05 1.412586624898e-01 1.165434298055e-03 1.799641833455e-05 2.038741173126e+00
10 45 4 0.29299052 0.40643165 0.39659317 0.46021079 0.74555841 1.653641579998e-05 1.451825489169e-01 1.178557307788e-03 1.072834958516e-05 2.317880011790e+00
10 46 4 0.29299052 0.40643165 0.39659317 0.46021079 0.74555841 1.707711436436e-05 1.494650489427e-01 1.143602075971e-03 4.456752728338e-05 2.092359722010e+00
10 47 4 0.29299052 0.40643165 0.39659317 0.46021079 0.74555841 1.765396482108e-05 1.540494750581e-01 1.095194987878e-03 3.957537802599e-05 1.553499087590e+00
10 48 4 0.29299052 0.40643165 0.39659317 0.46021079 0.74555841 1.826696698666e-05 1.586860163193e-01 1.065699705598e-03 8.991024625142e-05 1.170326814432e+00
10 49 4 0.29299052 0.40643165 0.39659317 0.46021079 0.74555841 1.891612066614e-05 1.631029535709e-01 1.065331007553e-03 1.135958166410e-04 1.405193015564e+00
10 50 4 0.29299052 0.40643165 0.39659317 0.46021079 0.74555841 1.960142565303e-05 1.672173969913e-01 1.077046283445e-03 6.297363637567e-05 2.218522053103e+00
10 51 4 0.29299052 0.40643165 0.39659317 0.46021079 0.74555841 2.032288172941e-05 1.712445947897e-01 1.069562992817e-03 7.607638809989e-05 3.086381485314e+00
10 52 4 0.29299052 0.40643165 0.39659317 0.46021079 0.74555841 2.108048866579e-05 1.756244119985e-01 1.019437409160e-03 4.379905508674e-05 3.337065112870e+00
10 53 4 0.29299052 0.40643165 0.39659317 0.46021079 0.74555841 2.187424622121e-05 1.808044897052e-01 9.270398476766e-04 8.610256063444e-06 2.760726484304e+00
10 54 4 0.29299052 0.40643165 0.39659317 0.46021079 0.74555841 2.270415414318e-05 1.870212992543e-01 8.160030145520e-04 2.992348624193e-05 1.936566920957e+00
10 55 4 0.29299052 0.40643165 0.39659317 0.46021079 0.74555841 2.357021216781e-05 1.942291541820e-01 7.177916947295e-04 2.138310337922e-05 1.660087278948e+00
10 56 4 0.29299052 0.40643165 0.39659317 0.46021079 0.74555841 2.447242001963e-05 2.022297356592e-01 6.534142069903e-04 8.741582783998e-05 2.308904990952e+00
10 57 4 0.29299052 0.40643165 0.39659317 0.46021079 0.74555841 2.541077741167e-05 2.109124384989e-01 6.253285458973e-04 1.130144635190e-04 3.545298142996e+00
10 58 4 0.29299052 0.40643165 0.39659317 0.46021079 0.74555841 2.638528404549e-05 2.204278857394e-01 6.239236345303e-04 7.745706686943e-05 4.457961351535e+00
10 59 4 0.29299052 0.40643165 0.39659317 0.46021079 0.74555841 2.739593961109e-05 2.311516378573e-01 6.416379636317e-04 1.183322034857e-04 4.371451679631e+00
10 60 4 0.29299052 0.40643165 0.39659317 0.46021079 0.74555841 2.844274378713e-05 2.434379803284e-01 6.825990702084e-04 6.729553686519e-05 3.462991481962e+00
10 61 4 0.29299052 0.40643165 0.39659317 0.46021079 0.74555841 2.952569624062e-05 2.573205123374e-01 7.602293823085e-04 1.552092024377e-05 2.521668417808e+00
10 62 4 0.29299052 0.40643165 0.39659317 0.46021079 0.74555841 3.064479662712e-05 2.723742333693e-01 8.854223921995e-04 2.604374194323e-05 2.414480791770e+00
10 63 4 0.29299052 0.40643165 0.39659317 0.46021079 0.74555841 3.180004459070e-05 2.878615356324e-01 1.055421105537e-03 1.057199455210e-05 3.530855573952e+00
12 0 4 0.26078483 0.36125324 0.34710771 0.41458390 0.57754043 1.618790276562e-07 1.367126587576e-04 1.858107204743e-03 9.366854263167e-05 6.061209216512e-01
12 1 4 0.26078483 0.36125324 0.34710771 0.41458390 0.57754043 1.559255497845e-07 1.407345180211e-04 1.788553986847e-03 8.499394372902e-05 6.809705627676e-01
12 2 4 0.26078483 0.36125324 0.34710771 0.41458390 0.57754043 1.501702406488e-07 1.524530891283e-04 1.752023949061e-03 7.415035956152e-05 1.022872704999e+00
12 3 4 0.26078483 0.36125324 0.34710771 0.41458390 0.57754043 1.446131013915e-07 1.714284036736e-04 1.719362538767e-03 6.243036477637e-05 1.335348827911e+00
12 4 4 0.26078483 0.36125324 0.34710771 0.41458390 0.57754043 1.392541331162e-07 1.965500821947e-04 1.660789729304e-03 5.103125924917e-05 1.368950836963e+00
12 5 4 0.26078483 0.36125324 0.34710771 0.41458390 0.57754043 1.340933368872e-07 2.249330978819e-04 1.565768698714e-03 4.091462152717e-05 1.100120044725e+00
12 6 4 0.26078483 0.36125324 0.34710771 0.41458390 0.57754043 1.291307137290e-07 2.528815229323e-04 1.448207225401e-03 3.271369677960e-05 7.108131966187e-01
12 7 4 0.26078483 0.36125324 0.34710771 0.41458390 0.57754043 1.243662646280e-07 2.779976053111e-04 1.335092668264e-03 2.669616251745e-05 4.815322223304e-01
12 8 4 0.26078483 0.36125324 0.34710771 0.41458390 0.57754043 1.197999905298e-07 3.003878509011e-04 1.247629887392e-03 2.278153291233e-05 5.549287877081e-01
12 9 4 0.26078483 0.36125324 0.34710771 0.41458390 0.57754043 1.154318923417e-07 3.218008796019e-04 1.187913979212e-03 2.060505606484e-05 8.272402163878e-01
12 10 4 0.26078483 0.36125324 0.34710771 0.41458390 0.57754043 1.112619709308e-07 3.435040529307e-04 1.139234043160e-03 1.961437907087e-05 1.042345746795e+00
12 11 4 0.26078483 0.36125324 0.34710771 0.41458390 0.57754043 1.072902271257e-07 3.648643063034e-04 1.078499620072e-03 1.918210792257e-05 1.031975517007e+00
12 12 4 0.26078483 0.36125324 0.34710771 0.41458390 0.57754043 1.035166617148e-07 3.838845453063e-04 9.917759977195e-04 1.871687631114e-05 8.173042849858e-01
12 13 4 0.26078483 0.36125324 0.34710771 0.41458390 0.57754043 9.994127544785e-08 3.990922834956e-04 8.829848745755e-04 1.775746964113e-05 5.300269728370e-01
12 14 4 0.26078483 0.36125324 0.34710771 0.41458390 0.57754043 9.656406903460e-08 4.109437434409e-04 7.711070493991e-04 1.603841146951e-05 3.677350476582e-01
12 15 4 0.26078483 0.36125324 0.34710771 0.41458390 0.57754043 9.338504314614e-08 4.214126329442e-04 6.785765367432e-04 1.352047349303e-05 4.243166128791e-01
12 16 4 0.26078483 0.36125324 0.34710771 0.41458390 0.57754043 9.040419841345e-08 4.321523842408e-04 6.183416998110e-04 1.038499185008e-05 6.281221498997e-01
12 17 4 0.26078483 0.36125324 0.34710771 0.41458390 0.57754043 8.762153542891e-08 4.429363001035e-04 5.870066510092e-04 6.995876376116e-06 8.040291528766e-01
12 18 4 0.26078483 0.36125324 0.34710771 0.41458390 0.57754043 8.503705474487e-08 4.518036351431e-04 5.673901358451e-04 3.837149232880e-06 7.981617053591e-01
12 19 4 0.26078483 0.36125324 0.34710771 0.41458390 0.57754043 8.265075687471e-08 4.567721660302e-04 5.385067569375e-04 1.436332637580e-06 6.012387887756e-01
12 20 4 0.26078483 0.36125324 0.34710771 0.41458390 0.57754043 8.046264229235e-08 4.575750542145e-04 4.872257519494e-04 2.848659414815e-07 3.787452582237e-01
12 21 4 0.26078483 0.36125324 0.34710771 0.41458390 0.57754043 7.847271143236e-08 4.558958835115e-04 4.153135187158e-04 7.660591892238e-07 2.824582452458e-01
12 22 4 0.26078483 0.36125324 0.34710771 0.41458390 0.57754043 7.668096468994e-08 4.539499134772e-04 3.382064083428e-04 3.099171383848e-06 3.455767780841e-01
12 23 4 0.26078483 0.36125324 0.34710771 0.41458390 0.57754043 7.508740242093e-08 4.527246246089e-04 2.762874080052e-04 7.305452627731e-06 5.132649231683e-01
12 24 4 0.26078483 0.36125324 0.34710771 0.41458390 0.57754043 7.369202494182e-08 4.514473249380e-04 2.434665571274e-04 1.319887304827e-05 6.403725513228e-01
12 25 4 0.26078483 0.36125324 0.34710771 0.41458390 0.57754043 7.249483252973e-08 4.487068264901e-04 2.394053841435e-04 2.040121269126e-05 6.229983531446e-01
12 26 4 0.26078483 0.36125324 0.34710771 0.41458390 0.57754043 7.149582542243e-08 4.441705528738e-04 2.498186060762e-04 2.837855341100e-05 4.841224233958e-01
12 27 4 0.26078483 0.36125324 0.34710771 0.41458390 0.57754043 7.069500381831e-08 4.393271454615e-04 2.547832124939e-04 3.649422356548e-05 3.264499190994e-01
12 28 4 0.26078483 0.36125324 0.34710771 0.41458390 0.57754043 7.009236787642e-08 4.365725188161e-04 2.403304742790e-04 4.407199847683e-05 2.532077911494e-01
12 29 4 0.26078483 0.36125324 0.34710771 0.41458390 0.57754043 6.968791771644e-08 4.374325754772e-04 2.065516803593e-04 5.046284206782e-05 3.208058635076e-01
12 30 4 0.26078483 0.36125324 0.34710771 0.41458390 0.57754043 6.948165341871e-08 4.414723123929e-04 1.673904552738e-04 5.510859708084e-05 4.641546239990e-01
12 31 4 0.26078483 0.36125324 0.34710771 0.41458390 0.57754043 6.947357502418e-08 4.468267541150e-04 1.422060140389e-04 5.759666304387e-05 5.828083963848e-01
12 32 4 0.26078483 0.36125324 0.34710771 0.41458390 0.57754043 6.966368253447e-08 4.518594497618e-04 1.441432380264e-04 5.770071049763e-05 6.134877499630e-01
12 33 4 0.26078483 0.36125324 0.34710771 0.41458390 0.57754043 7.005197591180e-08 4.564702403015e-04 1.722839141217e-04 5.540375793842e-05 5.073091379840e-01
12 34 4 0.26078483 0.36125324 0.34710771 0.41458390 0.57754043 7.063845507908e-08 4.618978171146e-04 2.122587756882e-04 5.090140850063e-05 3.357146005849e-01
12 35 4 0.26078483 0.36125324 0.34710771 0.41458390 0.57754043 7.142311991983e-08 4.692086892289e-04 2.448895540994e-04 4.458465733610e-05 2.539960217882e-01
12 36 4 0.26078483 0.36125324 0.34710771 0.41458390 0.57754043 7.240597027819e-08 4.778484899726e-04 2.576523951371e-04 3.700339652561e-05 3.399468122366e-01
12 37 4 0.26078483 0.36125324 0.34710771 0.41458390 0.57754043 7.358700595899e-08 4.856029443621e-04 2.521797150710e-04 2.881350401057e-05 5.399369901379e-01
12 38 4 0.26078483 0.36125324 0.34710771 0.41458390 0.57754043 7.496622672765e-08 4.900808185193e-04 2.434746106258e-04 2.071210958401e-05 7.194299878729e-01
12 39 4 0.26078483 0.36125324 0.34710771 0.41458390 0.57754043 7.654363231028e-08 4.904659475485e-04 2.513896770250e-04 1.336713747232e-05 7.284793456463e-01
12 40 4 0.26078483 0.36125324 0.34710771 0.41458390 0.57754043 7.831922239361e-08 4.880064985688e-04 2.893013709182e-04 7.348339327210e-06 5.653980064649e-01
12 41 4 0.26078483 0.36125324 0.34710771 0.41458390 0.57754043 8.029299662498e-08 4.847959075732e-04 3.563697580387e-04 3.067539293312e-06 3.727343705483e-01
12 42 4 0.26078483 0.36125324 0.34710771 0.41458390 0.57754043 8.246495461241e-08 4.819148543912e-04 4.376902765483e-04 7.355167020207e-07 3.033702742075e-01
12 43 4 0.26078483 0.36125324 0.34710771 0.41458390 0.57754043 8.483509592455e-08 4.785940039387e-04 5.123187483821e-04 3.417188997273e-07 4.471739457918e-01
12 44 4 0.26078483 0.36125324 0.34710771 0.41458390 0.57754043 8.740342009068e-08 4.731582428726e-04 5.649055828168e-04 1.660805368569e-06 7.227088366652e-01
12 45 4 0.26078483 0.36125324 0.34710771 0.41458390 0.57754043 9.016992660072e-08 4.648922273531e-04 5.946370394946e-04 4.287000051175e-06 9.159736606568e-01
12 46 4 0.26078483 0.36125324 0.34710771 0.41458390 0.57754043 9.313461490525e-08 4.550814484820e-04 6.163755987016e-04 7.693657121670e-06 8.852674775021e-01
12 47 4 0.26078483 0.36125324 0.34710771 0.41458390 0.57754043 9.629748441537e-08 4.461761406920e-04 6.528675885931e-04 1.131175637238e-05 6.813728427764e-01
12 48 4 0.26078483 0.36125324 0.34710771 0.41458390 0.57754043 9.965853450323e-08 4.397227097641e-04 7.218345505268e-04 1.461776622052e-05 4.551154572044e-01
12 49 4 0.26078483 0.36125324 0.34710771 0.41458390 0.57754043 1.032177645009e-07 4.348807279466e-04 8.251188243094e-04 1.721899866924e-05 4.012732559129e-01
12 50 4 0.26078483 0.36125324 0.34710771 0.41458390 0.57754043 1.069751737020e-07 4.288836453471e-04 9.466227713720e-04 1.892372016878e-05 5.926772049593e-01
12 51 4 0.26078483 0.36125324 0.34710771 0.41458390 0.57754043 1.109307613598e-07 4.190710263353e-04 1.061141465623e-03 1.978420630841e-05 9.147099674893e-01
12 52 4 0.26078483 0.36125324 0.34710771 0.41458390 0.57754043 1.150845266892e-07 4.046841777846e-04 1.149508043329e-03 2.010373085889e-05 1.160034527087e+00
12 53 4 0.26078483 0.36125324 0.34710771 0.41458390 0.57754043 1.194364688647e-07 3.868286300785e-04 1.210800247132e-03 2.040296883298e-05 1.134000150555e+00
12 54 4 0.26078483 0.36125324 0.34710771 0.41458390 0.57754043 1.239865870226e-07 3.667215406107e-04 1.263251876700e-03 2.134698353867e-05 8.482943263959e-01
12 55 4 0.26078483 0.36125324 0.34710771 0.41458390 0.57754043 1.287348802587e-07 3.439863441170e-04 1.332286495555e-03 2.364012192248e-05 5.494189074798e-01
12 56 4 0.26078483 0.36125324 0.34710771 0.41458390 0.57754043 1.336813476305e-07 3.167614605211e-04 1.432839757494e-03 2.790186093888e-05 5.123806712351e-01
12 57 4 0.26078483 0.36125324 0.34710771 0.41458390 0.57754043 1.388259881550e-07 2.836899891506e-04 1.557846721083e-03 3.454099401993e-05 7.877950596213e-01
12 58 4 0.26078483 0.36125324 0.34710771 0.41458390 0.57754043 1.441688008112e-07 2.460239072918e-04 1.681512982472e-03 4.364769521214e-05 1.206474540754e+00
12 59 4 0.26078483 0.36125324 0.34710771 0.41458390 0.57754043 1.497097845373e-07 2.078749114295e-04 1.776224470639e-03 5.492237853142e-05 1.475937836898e+00
12 60 4 0.26078483 0.36125324 0.34710771 0.41458390 0.57754043 1.554489382331e-07 1.743323332439e-04 1.832124983561e-03 6.765668428871e-05 1.403000172568e+00
12 61 4 0.26078483 0.36125324 0.34710771 0.41458390 0.57754043 1.613862607589e-07 1.491738153173e-04 1.865615489415e-03 8.077561854747e-05 1.038821099017e+00
12 62 4 0.26078483 0.36125324 0.34710771 0.41458390 0.57754043 1.675217509356e-07 1.342644094537e-04 1.909826852701e-03 9.294154113176e-05 6.867191900839e-01
12 63 4 0.26078483 0.36125324 0.34710771 0.41458390 0.57754043 1.738554075453e-07 1.310456676632e-04 1.992243528957e-03 1.027114190800e-04 6.847693698655e-01
13 0 4 0.39350402 0.69649456 0.66205392 0.82342263 2.36393443 6.725066071270e-07 2.017782845551e+00 6.722757180283e-03 1.300890190845e-03 3.123808220105e+02
13 1 4 0.39350402 0.69649456 0.66205392 0.82342263 2.36393443 6.477475949267e-07 1.941701947855e+00 5.798325028003e-03 1.228292989489e-03 2.896688665856e+02
13 2 4 0.39350402 0.69649456 0.66205392 0.82342263 2.36393443 6.238114977972e-07 1.865166933009e+00 5.048252978932e-03 1.126752472894e-03 2.466097535138e+02
13 3 4 0.39350402 0.69649456 0.66205392 0.82342263 2.36393443 6.006983251410e-07 1.788995839572e+00 4.448737443820e-03 1.009494685163e-03 2.037810508761e+02
13 4 4 0.39350402 0.69649456 0.66205392 0.82342263 2.36393443 5.784080860367e-07 1.714090829428e+00 3.960623105168e-03 8.887924499426e-04 1.827664972355e+02
13 5 4 0.39350402 0.69649456 0.66205392 0.82342263 2.36393443 5.569407892427e-07 1.641241816542e+00 3.572888262688e-03 7.745735058711e-04 1.895580280368e+02
13 6 4 0.39350402 0.69649456 0.66205392 0.82342263 2.36393443 5.362964431907e-07 1.570989575289e+00 3.310415356258e-03 6.735446277277e-04 2.131350477578e+02
13 7 4 0.39350402 0.69649456 0.66205392 0.82342263 2.36393443 5.164750559905e-07 1.503574264929e+00 3.206037473035e-03 5.888861216331e-04 2.340532261693e+02
13 8 4 0.39350402 0.69649456 0.66205392 0.82342263 2.36393443 4.974766354276e-07 1.438971387497e+00 3.261831084800e-03 5.204882351609e-04 2.344871478924e+02
13 9 4 0.39350402 0.69649456 0.66205392 0.82342263 2.36393443 4.793011889669e-07 1.376994949446e+00 3.430483510670e-03 4.656305205387e-04 2.138124415884e+02
13 10 4 0.39350402 0.69649456 0.66205392 0.82342263 2.36393443 4.619487237473e-07 1.317432524747e+00 3.632042244033e-03 4.199554431847e-04 1.821544375364e+02
13 11 4 0.39350402 0.69649456 0.66205392 0.82342263 2.36393443 4.454192465853e-07 1.260172204142e+00 3.796022476872e-03 3.785632561641e-04 1.549663861792e+02
13 12 4 0.39350402 0.69649456 0.66205392 0.82342263 2.36393443 4.297127639738e-07 1.205287322160e+00 3.900826837099e-03 3.370570748024e-04 1.426119792154e+02
13 13 4 0.39350402 0.69649456 0.66205392 0.82342263 2.36393443 4.148292820835e-07 1.153058917090e+00 3.983287693480e-03 2.923921822053e-04 1.489209593020e+02
13 14 4 0.39350402 0.69649456 0.66205392 0.82342263 2.36393443 4.007688067603e-07 1.103933796405e+00 4.109970386436e-03 2.434259608154e-04 1.663838813800e+02
13 15 4 0.39350402 0.69649456 0.66205392 0.82342263 2.36393443 3.875313435283e-07 1.058432978037e+00 4.326454011214e-03 1.911167941346e-04 1.807502471172e+02
13 16 4 0.39350402 0.69649456 0.66205392 0.82342263 2.36393443 3.751168975869e-07 1.017037003297e+00 4.615616996658e-03 1.383736497086e-04 1.803911008373e+02
13 17 4 0.39350402 0.69649456 0.66205392 0.82342263 2.36393443 3.635254738133e-07 9.800787120089e-01 4.891796877176e-03 8.960540992086e-05 1.651058441087e+02
13 18 4 0.39350402 0.69649456 0.66205392 0.82342263 2.36393443 3.527570767606e-07 9.476702145887e-01 5.037043233124e-03 5.005464740708e-05 1.400367884507e+02
13 19 4 0.39350402 0.69649456 0.66205392 0.82342263 2.36393443 3.428117106594e-07 9.196806639306e-01 4.960857755440e-03 2.502106321463e-05 1.186821886926e+02
13 20 4 0.39350402 0.69649456 0.66205392 0.82342263 2.36393443 3.336893794158e-07 8.957680644502e-01 4.650423985060e-03 1.908435885737e-05 1.122994038244e+02
13 21 4 0.39350402 0.69649456 0.66205392 0.82342263 2.36393443 3.253900866139e-07 8.754552719997e-01 4.182706197722e-03 3.542635497112e-05 1.217131087616e+02
13 22 4 0.39350402 0.69649456 0.66205392 0.82342263 2.36393443 3.179138355134e-07 8.582306217289e-01 3.690407169017e-03 7.533094016966e-05 1.389379896470e+02
13 23 4 0.39350402 0.69649456 0.66205392 0.82342263 2.36393443 3.112606290517e-07 8.436492386929e-01 3.298977073237e-03 1.379122255826e-04 1.510418174777e+02
13 24 4 0.39350402 0.69649456 0.66205392 0.82342263 2.36393443 3.054304698420e-07 8.314125576056e-01 3.067693199564e-03 2.200906445834e-04 1.489190403979e+02
13 25 4 0.39350402 0.69649456 0.66205392 0.82342263 2.36393443 3.004233601748e-07 8.214100311601e-01 2.965749940463e-03 3.168077713098e-04 1.340148208787e+02
13 26 4 0.39350402 0.69649456 0.66205392 0.82342263 2.36393443 2.962393020169e-07 8.137165469228e-01 2.895663744571e-03 4.214464547261e-04 1.140668254179e+02
13 27 4 0.39350402 0.69649456 0.66205392 0.82342263 2.36393443 2.928782970118e-07 8.085493332940e-01 2.751285644369e-03 5.264053422015e-04 1.001135063749e+02
13 28 4 0.39350402 0.69649456 0.66205392 0.82342263 2.36393443 2.903403464800e-07 8.061968427259e-01 2.479635605926e-03 6.237665965690e-04 9.859168753536e+01
13 29 4 0.39350402 0.69649456 0.66205392 0.82342263 2.36393443 2.886254514184e-07 8.069375372058e-01 2.113996448084e-03 7.059921385836e-04 1.093637728484e+02
13 30 4 0.39350402 0.69649456 0.66205392 0.82342263 2.36393443 2.877336125007e-07 8.109677764710e-01 1.760920143846e-03 7.665859269666e-04 1.252028298041e+02
13 31 4 0.39350402 0.69649456 0.66205392 0.82342263 2.36393443 2.876648300771e-07 8.183551305112e-01 1.547909391852e-03 8.006662004402e-04 1.362639125149e+02
13 32 4 0.39350402 0.69649456 0.66205392 0.82342263 2.36393443 2.884191041748e-07 8.290272067152e-01 1.559008706074e-03 8.054009282400e-04 1.385545591312e+02
13 33 4 0.39350402 0.69649456 0.66205392 0.82342263 2.36393443 2.899964344973e-07 8.427978780156e-01 1.791852254306e-03 7.802709754830e-04 1.286512344349e+02
13 34 4 0.39350402 0.69649456 0.66205392 0.82342263 2.36393443 2.923968204252e-07 8.594243036066e-01 2.158659662572e-03 7.271381512157e-04 1.124044195680e+02
13 35 4 0.39350402 0.69649456 0.66205392 0.82342263 2.36393443 2.956202610154e-07 8.786810455465e-01 2.530912781097e-03 6.501091856037e-04 1.016712697140e+02
13 36 4 0.39350402 0.69649456 0.66205392 0.82342263 2.36393443 2.996667550017e-07 9.004333434122e-01 2.804659623270e-03 5.552017286856e-04 1.042668770749e+02
13 37 4 0.39350402 0.69649456 0.66205392 0.82342263 2.36393443 3.045363007946e-07 9.246911599188e-01 2.952372536062e-03 4.498344779746e-04 1.204666835162e+02
13 38 4 0.39350402 0.69649456 0.66205392 0.82342263 2.36393443 3.102288964810e-07 9.516292153616e-01 3.033936542409e-03 3.421799140325e-04 1.421915327454e+02
13 39 4 0.39350402 0.69649456 0.66205392 0.82342263 2.36393443 3.167445398249e-07 9.815653622911e-01 3.160508892384e-03 2.404336617278e-04 1.569014806906e+02
13 40 4 0.39350402 0.69649456 0.66205392 0.82342263 2.36393443 3.240832282667e-07 1.014899013780e+00 3.429855983885e-03 1.520674283737e-04 1.568535805192e+02
13 41 4 0.39350402 0.69649456 0.66205392 0.82342263 2.36393443 3.322449589236e-07 1.052021019269e+00 3.867270505200e-03 8.314063012327e-05 1.425161629953e+02
13 42 4 0.39350402 0.69649456 0.66205392 0.82342263 2.36393443 3.412297285894e-07 1.093214188839e+00 4.403807021218e-03 3.774699847415e-05 1.256380177041e+02
13 43 4 0.39350402 0.69649456 0.66205392 0.82342263 2.36393443 3.510375337345e-07 1.138567581021e+00 4.904152706560e-03 1.766488851958e-05 1.172754632692e+02
13 44 4 0.39350402 0.69649456 0.66205392 0.82342263 2.36393443 3.616683705065e-07 1.187926350322e+00 5.230028093402e-03 2.226285268041e-05 1.255778209332e+02
13 45 4 0.39350402 0.69649456 0.66205392 0.82342263 2.36393443 3.731222347285e-07 1.240892167240e+00 5.305802468042e-03 4.868581138610e-05 1.477299404090e+02
13 46 4 0.39350402 0.69649456 0.66205392 0.82342263 2.36393443 3.853991219022e-07 1.296878077868e+00 5.151707837601e-03 9.231393962720e-05 1.731023107760e+02
13 47 4 0.39350402 0.69649456 0.66205392 0.82342263 2.36393443 3.984990272041e-07 1.355208509988e+00 4.867709362667e-03 1.474498361436e-04 1.906467023668e+02
13 48 4 0.39350402 0.69649456 0.66205392 0.82342263 2.36393443 4.124219454887e-07 1.415243113909e+00 4.578178542340e-03 2.081545027392e-04 1.915272782548e+02
13 49 4 0.39350402 0.69649456 0.66205392 0.82342263 2.36393443 4.271678712861e-07 1.476495488196e+00 4.368871320818e-03 2.691245819523e-04 1.759827797506e+02
13 50 4 0.39350402 0.69649456 0.66205392 0.82342263 2.36393443 4.427367988045e-07 1.538717045483e+00 4.251128624178e-03 3.264873981791e-04 1.572830786379e+02
13 51 4 0.39350402 0.69649456 0.66205392 0.82342263 2.36393443 4.591287219271e-07 1.601923239898e+00 4.171638719653e-03 3.783906934107e-04 1.496619530322e+02
13 52 4 0.39350402 0.69649456 0.66205392 0.82342263 2.36393443 4.763436342155e-07 1.666353032979e+00 4.059171750033e-03 4.252826273931e-04 1.619205898442e+02
13 53 4 0.39350402 0.69649456 0.66205392 0.82342263 2.36393443 4.943815289064e-07 1.732369808529e+00 3.878364198270e-03 4.698140937323e-04 1.934304285880e+02
13 54 4 0.39350402 0.69649456 0.66205392 0.82342263 2.36393443 5.132423989144e-07 1.800328611253e+00 3.657704116844e-03 5.163462815251e-04 2.301198751562e+02
13 55 4 0.39350402 0.69649456 0.66205392 0.82342263 2.36393443 5.329262368305e-07 1.870445947707e+00 3.476087633967e-03 5.701055854297e-04 2.526870210479e+02
13 56 4 0.39350402 0.69649456 0.66205392 0.82342263 2.36393443 5.534330349233e-07 1.942710793349e+00 3.418937478257e-03 6.360872905242e-04 2.484934535506e+02
13 57 4 0.39350402 0.69649456 0.66205392 0.82342263 2.36393443 5.747627851351e-07 2.016867340641e+00 3.534009314273e-03 7.178598031516e-04 2.246737917216e+02
13 58 4 0.39350402 0.69649456 0.66205392 0.82342263 2.36393443 5.969154790881e-07 2.092482606437e+00 3.816181852622e-03 8.164537925550e-04 2.009867889068e+02
13 59 4 0.39350402 0.69649456 0.66205392 0.82342263 2.36393443 6.198911080800e-07 2.169089211793e+00 4.229916232656e-03 9.295284610568e-04 1.978712977513e+02
13 60 4 0.39350402 0.69649456 0.66205392 0.82342263 2.36393443 6.436896630864e-07 2.246371264526e+00 4.751024783950e-03 1.050986358639e-03 2.241771034446e+02
13 61 4 0.39350402 0.69649456 0.66205392 0.82342263 2.36393443 6.683111347566e-07 2.324345576299e+00 5.394304052256e-03 1.171158796663e-03 2.711633055978e+02
13 62 4 0.39350402 0.69649456 0.66205392 0.82342263 2.36393443 6.937555134194e-07 2.403486433028e+00 6.201882032290e-03 1.277610493985e-03 3.164150450640e+02
13 63 4 0.39350402 0.69649456 0.66205392 0.82342263 2.36393443 7.200227890797e-07 2.484752028392e+00 7.194953834979e-03 1.356523248781e-03 3.398047105419e+02
15 0 4 0.31542544 0.44446150 0.43646999 0.50107767 0.90544765 3.533397862998e-05 3.005901344753e-01 1.998764363314e-03 1.750889857974e-04 5.072065713910e+00
15 1 4 0.31542544 0.44446150 0.43646999 0.50107767 0.90544765 3.403844159741e-05 2.960235276432e-01 1.833459314931e-03 3.166209277532e-04 3.531960095986e+00
15 2 4 0.31542544 0.44446150 0.43646999 0.50107767 0.90544765 3.278602093392e-05 2.919418888438e-01 1.655859484305e-03 2.950118136092e-04 3.520061592230e+00
15 3 4 0.31542544 0.44446150 0.43646999 0.50107767 0.90544765 3.157671709093e-05 2.877881585357e-01 1.470343227212e-03 4.688211104108e-04 4.655424816291e+00
15 4 4 0.31542544 0.44446150 0.43646999 0.50107767 0.90544765 3.041053050416e-05 2.830771812959e-01 1.269736559991e-03 5.630909434438e-04 5.870822831021e+00
15 5 4 0.31542544 0.44446150 0.43646999 0.50107767 0.90544765 2.928746159380e-05 2.776558779833e-01 1.053206219797e-03 4.192217499630e-04 5.989782843103e+00
15 6 4 0.31542544 0.44446150 0.43646999 0.50107767 0.90544765 2.820751076466e-05 2.717277724235e-01 8.392180150896e-04 4.416983609669e-04 4.831076988427e+00
15 7 4 0.31542544 0.44446150 0.43646999 0.50107767 0.90544765 2.717067840579e-05 2.656447355173e-01 6.619048998603e-04 3.569906584387e-04 3.295639131403e+00
15 8 4 0.31542544 0.44446150 0.43646999 0.50107767 0.90544765 2.617696489092e-05 2.596188416554e-01 5.523081071662e-04 1.473934485019e-04 2.431808524561e+00
15 9 4 0.31542544 0.44446150 0.43646999 0.50107767 0.90544765 2.522637057810e-05 2.535493167796e-01 5.181869721929e-04 9.170694366602e-05 2.757541413831e+00
15 10 4 0.31542544 0.44446150 0.43646999 0.50107767 0.90544765 2.431889580981e-05 2.470746166168e-01 5.379725177348e-04 4.434545397413e-05 3.831604409601e+00
15 11 4 0.31542544 0.44446150 0.43646999 0.50107767 0.90544765 2.345454091318e-05 2.398098305209e-01 5.744023338609e-04 9.619512786167e-06 4.508481595218e+00
15 12 4 0.31542544 0.44446150 0.43646999 0.50107767 0.90544765 2.263330619957e-05 2.316132936372e-01 5.988924242597e-04 7.748903871317e-06 4.194758369511e+00
15 13 4 0.31542544 0.44446150 0.43646999 0.50107767 0.90544765 2.185519196503e-05 2.227141415598e-01 6.095647231381e-04 3.591223305154e-05 3.192668585852e+00
15 14 4 0.31542544 0.44446150 0.43646999 0.50107767 0.90544765 2.112019848986e-05 2.136255169403e-01 6.300677418985e-04 8.002115207271e-05 2.179078776118e+00
15 15 4 0.31542544 0.44446150 0.43646999 0.50107767 0.90544765 2.042832603896e-05 2.049020990001e-01 6.897978196641e-04 5.001181300855e-05 1.893736473375e+00
15 16 4 0.31542544 0.44446150 0.43646999 0.50107767 0.90544765 1.977957486163e-05 1.968907694322e-01 7.991328051176e-04 8.362121077982e-05 2.407308077715e+00
15 17 4 0.31542544 0.44446150 0.43646999 0.50107767 0.90544765 1.917394519166e-05 1.896176977652e-01 9.367075579232e-04 1.154024907978e-04 3.130862162999e+00
15 18 4 0.31542544 0.44446150 0.43646999 0.50107767 0.90544765 1.861143724728e-05 1.828641471634e-01 1.057505029047e-03 9.971318857991e-05 3.538900322046e+00
15 19 4 0.31542544 0.44446150 0.43646999 0.50107767 0.90544765 1.809205123122e-05 1.763680646392e-01 1.116652340486e-03 2.073557472689e-04 3.214190223379e+00
15 20 4 0.31542544 0.44446150 0.43646999 0.50107767 0.90544765 1.761578733062e-05 1.700200816671e-01 1.093819248938e-03 2.424030819758e-04 2.311060100287e+00
15 21 4 0.31542544 0.44446150 0.43646999 0.50107767 0.90544765 1.718264571709e-05 1.639381937389e-01 1.003318508357e-03 2.387199173695e-04 1.628474988449e+00
15 22 4 0.31542544 0.44446150 0.43646999 0.50107767 0.90544765 1.679262654674e-05 1.583889838867e-01 8.845533646747e-04 3.373414264404e-04 1.607632186156e+00
15 23 4 0.31542544 0.44446150 0.43646999 0.50107767 0.90544765 1.644572996011e-05 1.536192726263e-01 7.795738975721e-04 2.849579829751e-04 2.234931936435e+00
15 24 4 0.31542544 0.44446150 0.43646999 0.50107767 0.90544765 1.614195608220e-05 1.497118836076e-01 7.114867735133e-04 2.004923640057e-04 2.998291106736e+00
15 25 4 0.31542544 0.44446150 0.43646999 0.50107767 0.90544765 1.588130502247e-05 1.465562032068e-01 6.756589146473e-04 1.987153531409e-04 3.120865074893e+00
15 26 4 0.31542544 0.44446150 0.43646999 0.50107767 0.90544765 1.566377687486e-05 1.439471497489e-01 6.471904055998e-04 1.010369942415e-04 2.592292437461e+00
15 27 4 0.31542544 0.44446150 0.43646999 0.50107767 0.90544765 1.548937171775e-05 1.417448214680e-01 5.987666727547e-04 3.258947514667e-05 1.882275589536e+00
15 28 4 0.31542544 0.44446150 0.43646999 0.50107767 0.90544765 1.535808961398e-05 1.399907999734e-01 5.181143843150e-04 2.402756924512e-05 1.456894718826e+00
15 29 4 0.31542544 0.44446150 0.43646999 0.50107767 0.90544765 1.526993061087e-05 1.389057859848e-01 4.158289060351e-04 5.376951406680e-07 1.725573146575e+00
15 30 4 0.31542544 0.44446150 0.43646999 0.50107767 0.90544765 1.522489474018e-05 1.387674084676e-01 3.204168963664e-04 1.241879249829e-05 2.429682202080e+00
15 31 4 0.31542544 0.44446150 0.43646999 0.50107767 0.90544765 1.522298201814e-05 1.397409649739e-01 2.641386439870e-04 8.456302031681e-06 2.998273702275e+00
15 32 4 0.31542544 0.44446150 0.43646999 0.50107767 0.90544765 1.526419244544e-05 1.417652887739e-01 2.672905445168e-04 8.122003408809e-06 3.103595874282e+00
15 33 4 0.31542544 0.44446150 0.43646999 0.50107767 0.90544765 1.534852600724e-05 1.445638235139e-01 3.286002468039e-04 1.194477512353e-05 2.551514676235e+00
15 34 4 0.31542544 0.44446150 0.43646999 0.50107767 0.90544765 1.547598267314e-05 1.477767304627e-01 4.260853401498e-04 4.103121118302e-07 1.796962794424e+00
15 35 4 0.31542544 0.44446150 0.43646999 0.50107767 0.90544765 1.564656239720e-05 1.511376058801e-01 5.278191273465e-04 2.230722242219e-05 1.592223966229e+00
15 36 4 0.31542544 0.44446150 0.43646999 0.50107767 0.90544765 1.586026511798e-05 1.545912191226e-01 6.075168186118e-04 3.085498348931e-05 2.113526488270e+00
15 37 4 0.31542544 0.44446150 0.43646999 0.50107767 0.90544765 1.611709075844e-05 1.582833730245e-01 6.573930582843e-04 1.034199221856e-04 3.074999884283e+00
15 38 4 0.31542544 0.44446150 0.43646999 0.50107767 0.90544765 1.641703922605e-05 1.624307313618e-01 6.915064780694e-04 2.005281457067e-04 3.736819088724e+00
15 39 4 0.31542544 0.44446150 0.43646999 0.50107767 0.90544765 1.676011041272e-05 1.671517162514e-01 7.369813070352e-04 2.034547754542e-04 3.482112609014e+00
15 40 4 0.31542544 0.44446150 0.43646999 0.50107767 0.90544765 1.714630419483e-05 1.723644866731e-01 8.167226105896e-04 2.961028516251e-04 2.667258773867e+00
15 41 4 0.31542544 0.44446150 0.43646999 0.50107767 0.90544765 1.757562043320e-05 1.778175383812e-01 9.325936457089e-04 3.468472644787e-04 2.027321721080e+00
15 42 4 0.31542544 0.44446150 0.43646999 0.50107767 0.90544765 1.804805897313e-05 1.832352144899e-01 1.059143717176e-03 2.456822525607e-04 2.113415269280e+00
15 43 4 0.31542544 0.44446150 0.43646999 0.50107767 0.90544765 1.856361964438e-05 1.884849073463e-01 1.153177675045e-03 2.536758206573e-04 3.085154504080e+00
15 44 4 0.31542544 0.44446150 0.43646999 0.50107767 0.90544765 1.912230226116e-05 1.936536283397e-01 1.175499218976e-03 2.129033730382e-04 4.243072135743e+00
15 45 4 0.31542544 0.44446150 0.43646999 0.50107767 0.90544765 1.972410662214e-05 1.989748687133e-01 1.113046637035e-03 1.015970306184e-04 4.755052549440e+00
15 46 4 0.31542544 0.44446150 0.43646999 0.50107767 0.90544765 2.036903251048e-05 2.046428479252e-01 9.879167110368e-04 1.186479062628e-04 4.349532426194e+00
15 47 4 0.31542544 0.44446150 0.43646999 0.50107767 0.90544765 2.105707969376e-05 2.106307972587e-01 8.466528570986e-04 8.224268228783e-05 3.269943773145e+00
15 48 4 0.31542544 0.44446150 0.43646999 0.50107767 0.90544765 2.178824792406e-05 2.166391814299e-01 7.352400504273e-04 4.991831394955e-05 2.537253864041e+00
15 49 4 0.31542544 0.44446150 0.43646999 0.50107767 0.90544765 2.256253693786e-05 2.222264088905e-01 6.749005871863e-04 7.998162213609e-05 3.088779318618e+00
15 50 4 0.31542544 0.44446150 0.43646999 0.50107767 0.90544765 2.337994645619e-05 2.270594694165e-01 6.540935615489e-04 3.292948454635e-05 4.645974301769e+00
15 51 4 0.31542544 0.44446150 0.43646999 0.50107767 0.90544765 2.424047618443e-05 2.311370815202e-01 6.419877379438e-04 6.786904903031e-06 6.179785864529e+00
15 52 4 0.31542544 0.44446150 0.43646999 0.50107767 0.90544765 2.514412581260e-05 2.348418821827e-01 6.143620312582e-04 8.729616998576e-06 6.523918160758e+00
15 53 4 0.31542544 0.44446150 0.43646999 0.50107767 0.90544765 2.609089501495e-05 2.387760781357e-01 5.742066994766e-04 4.947078595895e-05 5.354985361014e+00
15 54 4 0.31542544 0.44446150 0.43646999 0.50107767 0.90544765 2.708078345040e-05 2.434702847527e-01 5.527207302552e-04 1.016142826897e-04 3.913965736475e+00
15 55 4 0.31542544 0.44446150 0.43646999 0.50107767 0.90544765 2.811379076215e-05 2.491419208051e-01 5.899937332295e-04 1.650789533599e-04 3.583516048062e+00
15 56 4 0.31542544 0.44446150 0.43646999 0.50107767 0.90544765 2.918991657799e-05 2.556566281142e-01 7.089561068767e-04 3.950614670412e-04 4.848167650146e+00
15 57 4 0.31542544 0.44446150 0.43646999 0.50107767 0.90544765 3.030916051020e-05 2.627209074143e-01 9.008161226162e-04 4.806775220543e-04 7.097289064052e+00
15 58 4 0.31542544 0.44446150 0.43646999 0.50107767 0.90544765 3.147152215535e-05 2.701826378023e-01 1.131647939690e-03 4.612528544555e-04 8.666963865011e+00
15 59 4 0.31542544 0.44446150 0.43646999 0.50107767 0.90544765 3.267700109469e-05 2.782380260139e-01 1.364275173981e-03 6.185859232391e-04 8.377770218823e+00
15 60 4 0.31542544 0.44446150 0.43646999 0.50107767 0.90544765 3.392559689370e-05 2.873966916865e-01 1.578668621771e-03 5.071098992685e-04 6.620951258267e+00
15 61 4 0.31542544 0.44446150 0.43646999 0.50107767 0.90544765 3.521730910250e-05 2.982145181938e-01 1.775957709542e-03 3.251924698020e-04 4.908975131247e+00
15 62 4 0.31542544 0.44446150 0.43646999 0.50107767 0.90544765 3.655213725570e-05 3.109666928692e-01 1.964356222667e-03 3.486478599670e-04 5.031489798949e+00
15 63 4 0.31542544 0.44446150 0.43646999 0.50107767 0.90544765 3.793008087214e-05 3.254896629211e-01 2.139631953223e-03 1.900024185676e-04 7.442877073117e+00
18 0 4 0.25146558 0.36605433 0.34309364 0.43396529 0.54125888 1.406780630154e-07 2.524089335454e-04 1.594283946802e-01 7.063383206816e-05 1.104746294528e+00
18 1 4 0.25146558 0.36605433 0.34309364 0.43396529 0.54125888 1.355043589235e-07 1.923564063467e-04 1.571692515064e-01 8.785582395755e-05 1.180043568865e+00
18 2 4 0.25146558 0.36605433 0.34309364 0.43396529 0.54125888 1.305028728955e-07 1.578453444308e-04 1.551745573366e-01 9.504716927231e-05 1.015722266075e+00
18 3 4 0.25146558 0.36605433 0.34309364 0.43396529 0.54125888 1.256736059164e-07 1.568127689496e-04 1.536796068295e-01 8.990038392635e-05 7.511822385023e-01
18 4 4 0.25146558 0.36605433 0.34309364 0.43396529 0.54125888 1.210165589342e-07 1.833161134120e-04 1.523823891311e-01 7.414382982946e-05 5.235532241849e-01
18 5 4 0.25146558 0.36605433 0.34309364 0.43396529 0.54125888 1.165317328662e-07 2.209320304975e-04 1.506804531376e-01 5.263574080154e-05 4.571484425500e-01
18 6 4 0.25146558 0.36605433 0.34309364 0.43396529 0.54125888 1.122191285935e-07 2.500552905152e-04 1.483135240947e-01 3.142514526052e-05 5.410867268470e-01
18 7 4 0.25146558 0.36605433 0.34309364 0.43396529 0.54125888 1.080787469646e-07 2.559022374871e-04 1.456721712234e-01 1.558135336992e-05 7.075889070004e-01
18 8 4 0.25146558 0.36605433 0.34309364 0.43396529 0.54125888 1.041105887935e-07 2.340047450607e-04 1.433992879888e-01 7.609595349665e-06 8.592904615408e-01
18 9 4 0.25146558 0.36605433 0.34309364 0.43396529 0.54125888 1.003146548606e-07 1.912267719001e-04 1.417152163616e-01 6.974660681577e-06 8.754042744189e-01
18 10 4 0.25146558 0.36605433 0.34309364 0.43396529 0.54125888 9.669094591215e-08 1.422526367989e-04 1.402095203214e-01 1.078748305252e-05 7.462139962780e-01
18 11 4 0.25146558 0.36605433 0.34309364 0.43396529 0.54125888 9.323946266067e-08 1.032769346625e-04 1.383165683743e-01 1.526585557281e-05 5.263685493929e-01
18 12 4 0.25146558 0.36605433 0.34309364 0.43396529 0.54125888 8.996020578528e-08 8.558505841017e-05 1.359374591500e-01 1.732784674385e-05 3.364995380121e-01
18 13 4 0.25146558 0.36605433 0.34309364 0.43396529 0.54125888 8.685317593061e-08 9.154435116388e-05 1.335309466376e-01 1.569398192709e-05 2.930330501255e-01
18 14 4 0.25146558 0.36605433 0.34309364 0.43396529 0.54125888 8.391837370763e-08 1.143884770856e-04 1.315992888854e-01 1.112940510445e-05 4.068535235129e-01
18 15 4 0.25146558 0.36605433 0.34309364 0.43396529 0.54125888 8.115579969330e-08 1.415937724549e-04 1.301480618091e-01 5.829118884600e-06 5.792496389128e-01
18 16 4 0.25146558 0.36605433 0.34309364 0.43396529 0.54125888 7.856545443106e-08 1.602661555485e-04 1.286929193365e-01 2.283636229082e-06 6.735800944534e-01
18 17 4 0.25146558 0.36605433 0.34309364 0.43396529 0.54125888 7.614733843044e-08 1.622961110681e-04 1.267701569325e-01 2.133736964356e-06 6.331319157785e-01
18 18 4 0.25146558 0.36605433 0.34309364 0.43396529 0.54125888 7.390145216685e-08 1.472922860728e-04 1.243844316880e-01 5.480680095148e-06 4.743056989819e-01
18 19 4 0.25146558 0.36605433 0.34309364 0.43396529 0.54125888 7.182779608166e-08 1.223004469857e-04 1.219454332717e-01 1.089799255860e-05 2.999187840439e-01
18 20 4 0.25146558 0.36605433 0.34309364 0.43396529 0.54125888 6.992637058298e-08 9.861565583493e-05 1.198223442565e-01 1.609324834418e-05 2.282458328168e-01
18 21 4 0.25146558 0.36605433 0.34309364 0.43396529 0.54125888 6.819717604454e-08 8.708582744772e-05 1.180233486244e-01 1.891377809842e-05 2.773853398045e-01
18 22 4 0.25146558 0.36605433 0.34309364 0.43396529 0.54125888 6.664021280648e-08 9.379143618932e-05 1.163048002753e-01 1.827260126809e-05 4.086787265563e-01
18 23 4 0.25146558 0.36605433 0.34309364 0.43396529 0.54125888 6.525548117492e-08 1.177334281674e-04 1.145110862331e-01 1.462412383121e-05 5.181035692864e-01
18 24 4 0.25146558 0.36605433 0.34309364 0.43396529 0.54125888 6.404298142212e-08 1.513171497999e-04 1.127216319979e-01 9.810819223247e-06 5.317131352511e-01
18 25 4 0.25146558 0.36605433 0.34309364 0.43396529 0.54125888 6.300271378659e-08 1.833358696662e-04 1.110573146985e-01 6.351241614006e-06 4.450929252112e-01
18 26 4 0.25146558 0.36605433 0.34309364 0.43396529 0.54125888 6.213467847283e-08 2.032438227502e-04 1.094226696210e-01 6.450582560590e-06 3.212910391586e-01
18 27 4 0.25146558 0.36605433 0.34309364 0.43396529 0.54125888 6.143887565158e-08 2.050843112616e-04 1.075366596525e-01 1.111264748693e-05 2.255884455695e-01
18 28 4 0.25146558 0.36605433 0.34309364 0.43396529 0.54125888 6.091530545966e-08 1.896262159917e-04 1.052548364277e-01 1.968718371886e-05 2.067343387520e-01
18 29 4 0.25146558 0.36605433 0.34309364 0.43396529 0.54125888 6.056396800001e-08 1.639629473680e-04 1.028193071828e-01 3.002166474211e-05 2.762072012454e-01
18 30 4 0.25146558 0.36605433 0.34309364 0.43396529 0.54125888 6.038486334173e-08 1.387703942193e-04 1.007158872013e-01 3.916516514632e-05 3.792028669540e-01
18 31 4 0.25146558 0.36605433 0.34309364 0.43396529 0.54125888 6.037799152005e-08 1.242650987246e-04 9.923562232017e-02 4.437352347885e-05 4.577257624245e-01
18 32 4 0.25146558 0.36605433 0.34309364 0.43396529 0.54125888 6.054335253630e-08 1.263593240773e-04 9.817563754168e-02 4.405815271088e-05 4.855580658614e-01
18 33 4 0.25146558 0.36605433 0.34309364 0.43396529 0.54125888 6.088094635798e-08 1.444264434261e-04 9.699686825210e-02 3.834095348105e-05 4.192507577167e-01
18 34 4 0.25146558 0.36605433 0.34309364 0.43396529 0.54125888 6.139077291869e-08 1.715043834599e-04 9.529767099508e-02 2.901649607541e-05 3.002215444670e-01
18 35 4 0.25146558 0.36605433 0.34309364 0.43396529 0.54125888 6.207283211819e-08 1.968825952273e-04 9.314400001343e-02 1.893166113339e-05 2.151531246675e-01
18 36 4 0.25146558 0.36605433 0.34309364 0.43396529 0.54125888 6.292712382235e-08 2.101461284136e-04 9.095150356007e-02 1.100008819409e-05 2.381842700003e-01
18 37 4 0.25146558 0.36605433 0.34309364 0.43396529 0.54125888 6.395364786317e-08 2.051964369559e-04 8.907313497105e-02 7.201643413564e-06 3.606215814977e-01
18 38 4 0.25146558 0.36605433 0.34309364 0.43396529 0.54125888 6.515240403881e-08 1.827380892297e-04 8.752241105793e-02 7.927172601647e-06 5.196001952825e-01
18 39 4 0.25146558 0.36605433 0.34309364 0.43396529 0.54125888 6.652339211348e-08 1.502433540199e-04 8.607814635834e-02 1.190880820811e-05 6.156377871639e-01
18 40 4 0.25146558 0.36605433 0.34309364 0.43396529 0.54125888 6.806661181767e-08 1.193170562461e-04 8.459223003597e-02 1.676464227156e-05 5.668555511879e-01
18 41 4 0.25146558 0.36605433 0.34309364 0.43396529 0.54125888 6.978206284782e-08 1.013668626379e-04 8.312803064678e-02 1.995728771931e-05 4.267069302419e-01
18 42 4 0.25146558 0.36605433 0.34309364 0.43396529 0.54125888 7.166974486663e-08 1.031766419648e-04 8.179313909464e-02 1.980331850113e-05 2.853915846403e-01
18 43 4 0.25146558 0.36605433 0.34309364 0.43396529 0.54125888 7.372965750297e-08 1.241020937379e-04 8.050920453629e-02 1.614004723688e-05 2.490458151454e-01
18 44 4 0.25146558 0.36605433 0.34309364 0.43396529 0.54125888 7.596180035163e-08 1.560722218257e-04 7.903843345160e-02 1.037725657020e-05 3.549618717609e-01
18 45 4 0.25146558 0.36605433 0.34309364 0.43396529 0.54125888 7.836617297390e-08 1.865467811096e-04 7.726820262996e-02 4.896806699582e-06 5.383920961822e-01
18 46 4 0.25146558 0.36605433 0.34309364 0.43396529 0.54125888 8.094277489656e-08 2.034155696855e-04 7.541577017767e-02 2.026985264155e-06 6.899959808059e-01
18 47 4 0.25146558 0.36605433 0.34309364 0.43396529 0.54125888 8.369160561327e-08 1.999814012754e-04 7.386901274188e-02 3.006828851999e-06 7.192690541122e-01
18 48 4 0.25146558 0.36605433 0.34309364 0.43396529 0.54125888 8.661266458357e-08 1.780086065229e-04 7.279188339144e-02 7.385593058320e-06 6.208746487529e-01
18 49 4 0.25146558 0.36605433 0.34309364 0.43396529 0.54125888 8.970595123290e-08 1.474642562962e-04 7.192590375279e-02 1.314856462438e-05 4.585623500465e-01
18 50 4 0.25146558 0.36605433 0.34309364 0.43396529 0.54125888 9.297146495274e-08 1.228348768576e-04 7.083798819945e-02 1.757070319215e-05 3.574787376207e-01
18 51 4 0.25146558 0.36605433 0.34309364 0.43396529 0.54125888 9.640920510115e-08 1.173040425407e-04 6.937262773421e-02 1.848370252445e-05 3.974178244279e-01
18 52 4 0.25146558 0.36605433 0.34309364 0.43396529 0.54125888 1.000191710021e-07 1.370594022651e-04 6.781572987710e-02 1.543132126347e-05 5.480188683759e-01
18 53 4 0.25146558 0.36605433 0.34309364 0.43396529 0.54125888 1.038013619460e-07 1.781172532455e-04 6.657647627429e-02 1.018230471315e-05 7.651911628060e-01
18 54 4 0.25146558 0.36605433 0.34309364 0.43396529 0.54125888 1.077557771885e-07 2.271847912229e-04 6.572946764390e-02 6.292953707424e-06 9.202252832875e-01
18 55 4 0.25146558 0.36605433 0.34309364 0.43396529 0.54125888 1.118824159524e-07 2.665040627697e-04 6.492767683657e-02 7.790544683865e-06 9.316649569981e-01
18 56 4 0.25146558 0.36605433 0.34309364 0.43396529 0.54125888 1.161812774260e-07 2.809406433498e-04 6.378989737237e-02 1.743833000146e-05 7.748128034117e-01
18 57 4 0.25146558 0.36605433 0.34309364 0.43396529 0.54125888 1.206523607641e-07 2.644958671459e-04 6.233238288780e-02 3.527721236492e-05 5.475055693679e-01
18 58 4 0.25146558 0.36605433 0.34309364 0.43396529 0.54125888 1.252956650877e-07 2.234447730791e-04 6.096116732447e-02 5.810213906939e-05 4.016187453936e-01
18 59 4 0.25146558 0.36605433 0.34309364 0.43396529 0.54125888 1.301111894832e-07 1.745169712793e-04 6.003681896525e-02 8.021056270383e-05 4.738393622589e-01
18 60 4 0.25146558 0.36605433 0.34309364 0.43396529 0.54125888 1.350989330045e-07 1.385270350607e-04 5.950310747830e-02 9.526337129600e-05 7.679216591113e-01
18 61 4 0.25146558 0.36605433 0.34309364 0.43396529 0.54125888 1.402588946693e-07 1.318395445645e-04 5.898453788104e-02 9.861839568176e-05 1.094731406403e+00
18 62 4 0.25146558 0.36605433 0.34309364 0.43396529 0.54125888 1.455910734644e-07 1.591726859015e-04 5.821075097493e-02 8.923720789425e-05 1.241590806656e+00
18 63 4 0.25146558 0.36605433 0.34309364 0.43396529 0.54125888 1.510954683399e-07 2.109502279093e-04 5.726221665648e-02 7.035704328769e-05 1.107578014219e+00
22 0 4 0.38779618 0.69210535 0.65214794 0.82995103 2.14783949 6.335437812735e-07 2.045684548724e+00 5.989106605798e-03 1.185923327256e-03 2.126530571041e+02
22 1 4 0.38779618 0.69210535 0.65214794 0.82995103 2.14783949 6.102191190208e-07 1.969898146682e+00 5.566332810942e-03 1.156267458252e-03 1.798398520779e+02
22 2 4 0.38779618 0.69210535 0.65214794 0.82995103 2.14783949 5.876698654544e-07 1.895940817305e+00 5.419340936257e-03 1.090986411208e-03 1.470797838485e+02
22 3 4 0.38779618 0.69210535 0.65214794 0.82995103 2.14783949 5.658960293417e-07 1.823990575801e+00 5.481614859266e-03 9.996654808344e-04 1.283710147440e+02
22 4 4 0.38779618 0.69210535 0.65214794 0.82995103 2.14783949 5.448976191439e-07 1.754122570299e+00 5.648507678892e-03 8.926995956266e-04 1.297187432399e+02
22 5 4 0.38779618 0.69210535 0.65214794 0.82995103 2.14783949 5.246746430245e-07 1.686247654849e+00 5.843863900461e-03 7.799590474799e-04 1.466749307411e+02
22 6 4 0.38779618 0.69210535 0.65214794 0.82995103 2.14783949 5.052271088427e-07 1.620119991703e+00 6.050497525997e-03 6.697245792822e-04 1.643864236184e+02
22 7 4 0.38779618 0.69210535 0.65214794 0.82995103 2.14783949 4.865550241565e-07 1.555404480807e+00 6.290770913611e-03 5.679999361552e-04 1.700410738653e+02
22 8 4 0.38779618 0.69210535 0.65214794 0.82995103 2.14783949 4.686583962251e-07 1.491780838892e+00 6.579210607898e-03 4.782455477014e-04 1.594204159489e+02
22 9 4 0.38779618 0.69210535 0.65214794 0.82995103 2.14783949 4.515372320029e-07 1.429053907899e+00 6.886079480310e-03 4.015132035011e-04 1.372215503660e+02
22 10 4 0.38779618 0.69210535 0.65214794 0.82995103 2.14783949 4.351915381460e-07 1.367240361479e+00 7.139844190444e-03 3.369074746582e-04 1.142298412123e+02
22 11 4 0.38779618 0.69210535 0.65214794 0.82995103 2.14783949 4.196213210070e-07 1.306609584635e+00 7.267095962482e-03 2.822619817989e-04 1.000661015854e+02
22 12 4 0.38779618 0.69210535 0.65214794 0.82995103 2.14783949 4.048265866374e-07 1.247668760720e+00 7.241423639412e-03 2.349010934806e-04 9.846089228624e+01
22 13 4 0.38779618 0.69210535 0.65214794 0.82995103 2.14783949 3.908073407876e-07 1.191095886508e+00 7.105876097661e-03 1.923606139862e-04 1.096324656004e+02
22 14 4 0.38779618 0.69210535 0.65214794 0.82995103 2.14783949 3.775635889067e-07 1.137636288572e+00 6.950848682369e-03 1.529618058581e-04 1.234154660137e+02
22 15 4 0.38779618 0.69210535 0.65214794 0.82995103 2.14783949 3.650953361427e-07 1.087985688094e+00 6.858697101375e-03 1.161666961786e-04 1.299805156817e+02
22 16 4 0.38779618 0.69210535 0.65214794 0.82995103 2.14783949 3.534025873411e-07 1.042684640883e+00 6.848894406049e-03 8.268272955859e-05 1.246131612237e+02
22 17 4 0.38779618 0.69210535 0.65214794 0.82995103 2.14783949 3.424853470468e-07 1.002045354411e+00 6.858780953249e-03 5.432493034823e-05 1.089969595345e+02
22 18 4 0.38779618 0.69210535 0.65214794 0.82995103 2.14783949 3.323436195035e-07 9.661237851549e-01 6.774174118671e-03 3.367808589220e-05 9.005098501958e+01
22 19 4 0.38779618 0.69210535 0.65214794 0.82995103 2.14783949 3.229774086525e-07 9.347396905298e-01 6.494118241071e-03 2.362588202026e-05 7.794434249369e+01
22 20 4 0.38779618 0.69210535 0.65214794 0.82995103 2.14783949 3.143867181347e-07 9.075373414605e-01 5.993035872433e-03 2.682621946895e-05 7.767915294409e+01
22 21 4 0.38779618 0.69210535 0.65214794 0.82995103 2.14783949 3.065715512888e-07 8.840719800055e-01 5.343999174722e-03 4.521197618048e-05 8.773979516326e+01
22 22 4 0.38779618 0.69210535 0.65214794 0.82995103 2.14783949 2.995319111524e-07 8.639031950965e-01 4.688437921889e-03 7.958590009781e-05 1.002142728590e+02
22 23 4 0.38779618 0.69210535 0.65214794 0.82995103 2.14783949 2.932678004619e-07 8.466766251569e-01 4.167756876759e-03 1.293600332387e-04 1.066497338773e+02
22 24 4 0.38779618 0.69210535 0.65214794 0.82995103 2.14783949 2.877792216518e-07 8.321793137610e-01 3.853828577149e-03 1.924676180065e-04 1.027309919596e+02
22 25 4 0.38779618 0.69210535 0.65214794 0.82995103 2.14783949 2.830661768556e-07 8.203604899997e-01 3.716182786705e-03 2.654523380175e-04 9.034916958518e+01
22 26 4 0.38779618 0.69210535 0.65214794 0.82995103 2.14783949 2.791286679050e-07 8.113170032928e-01 3.643707779454e-03 3.437189614772e-04 7.598524062405e+01
22 27 4 0.38779618 0.69210535 0.65214794 0.82995103 2.14783949 2.759666963304e-07 8.052495841867e-01 3.509066931230e-03 4.219130509686e-04 6.701614049795e+01
22 28 4 0.38779618 0.69210535 0.65214794 0.82995103 2.14783949 2.735802633609e-07 8.024012788387e-01 3.241040858842e-03 4.943864263189e-04 6.708717554637e+01
22 29 4 0.38779618 0.69210535 0.65214794 0.82995103 2.14783949 2.719693699239e-07 8.029920327509e-01 2.865926200636e-03 5.556996327635e-04 7.576858269808e+01
22 30 4 0.38779618 0.69210535 0.65214794 0.82995103 2.14783949 2.711340166457e-07 8.071632298268e-01 2.495887963086e-03 6.011122024409e-04 8.740755397332e+01
22 31 4 0.38779618 0.69210535 0.65214794 0.82995103 2.14783949 2.710742038509e-07 8.149432731024e-01 2.270604640044e-03 6.270150618324e-04 9.530042329493e+01
22 32 4 0.38779618 0.69210535 0.65214794 0.82995103 2.14783949 2.717899315628e-07 8.262406591371e-01 2.283472735350e-03 6.312660309283e-04 9.698917934691e+01
22 33 4 0.38779618 0.69210535 0.65214794 0.82995103 2.14783949 2.732811995031e-07 8.408653331941e-01 2.531882201108e-03 6.133981509218e-04 8.985091919655e+01
22 34 4 0.38779618 0.69210535 0.65214794 0.82995103 2.14783949 2.755480070922e-07 8.585734071377e-01 2.918317769102e-03 5.746810043546e-04 7.766334321474e+01
22 35 4 0.38779618 0.69210535 0.65214794 0.82995103 2.14783949 2.785903534492e-07 8.791255423826e-01 3.301995258357e-03 5.180269230414e-04 6.893459285965e+01
22 36 4 0.38779618 0.69210535 0.65214794 0.82995103 2.14783949 2.824082373914e-07 9.023462725166e-01 3.573654647258e-03 4.477467613614e-04 6.948623285856e+01
22 37 4 0.38779618 0.69210535 0.65214794 0.82995103 2.14783949 2.870016574350e-07 9.281708465105e-01 3.713401783751e-03 3.691733623627e-04 8.008521480016e+01
22 38 4 0.38779618 0.69210535 0.65214794 0.82995103 2.14783949 2.923706117945e-07 9.566680578065e-01 3.800116179968e-03 2.881842549384e-04 9.628122809260e+01
22 39 4 0.38779618 0.69210535 0.65214794 0.82995103 2.14783949 2.985150983833e-07 9.880318195719e-01 3.966673515068e-03 2.106673532354e-04 1.088495323882e+02
22 40 4 0.38779618 0.69210535 0.65214794 0.82995103 2.14783949 3.054351148130e-07 1.022540340534e+00 4.324537171620e-03 1.419829407545e-04 1.117004903240e+02
22 41 4 0.38779618 0.69210535 0.65214794 0.82995103 2.14783949 3.131306583941e-07 1.060488628681e+00 4.898322618279e-03 8.648024627988e-05 1.033248314003e+02
22 42 4 0.38779618 0.69210535 0.65214794 0.82995103 2.14783949 3.216017261355e-07 1.102106395714e+00 5.606115669665e-03 4.712579105933e-05 8.998692578292e+01
22 43 4 0.38779618 0.69210535 0.65214794 0.82995103 2.14783949 3.308483147446e-07 1.147477876114e+00 6.296747027468e-03 2.529224158895e-05 8.049209858548e+01
22 44 4 0.38779618 0.69210535 0.65214794 0.82995103 2.14783949 3.408704206271e-07 1.196481443175e+00 6.824044714210e-03 2.074047426920e-05 8.209637971873e+01
22 45 4 0.38779618 0.69210535 0.65214794 0.82995103 2.14783949 3.516680398883e-07 1.248764536281e+00 7.117580224882e-03 3.180488074475e-05 9.528477966333e+01
22 46 4 0.38779618 0.69210535 0.65214794 0.82995103 2.14783949 3.632411683309e-07 1.303763384522e+00 7.211373886529e-03 5.576486325956e-05 1.144953685173e+02
22 47 4 0.38779618 0.69210535 0.65214794 0.82995103 2.14783949 3.755898014570e-07 1.360768237731e+00 7.215735486867e-03 8.935741852719e-05 1.307097840748e+02
22 48 4 0.38779618 0.69210535 0.65214794 0.82995103 2.14783949 3.887139344668e-07 1.419024967960e+00 7.249617478730e-03 1.293609099166e-04 1.370410899255e+02
22 49 4 0.38779618 0.69210535 0.65214794 0.82995103 2.14783949 4.026135622590e-07 1.477855118685e+00 7.372987461036e-03 1.731629828339e-04 1.304210774602e+02
22 50 4 0.38779618 0.69210535 0.65214794 0.82995103 2.14783949 4.172886794316e-07 1.536770906451e+00 7.557725145063e-03 2.192199143032e-04 1.159029015913e+02
22 51 4 0.38779618 0.69210535 0.65214794 0.82995103 2.14783949 4.327392802805e-07 1.595560962135e+00 7.711878095729e-03 2.673229918454e-04 1.049429495935e+02
22 52 4 0.38779618 0.69210535 0.65214794 0.82995103 2.14783949 4.489653588000e-07 1.654327400322e+00 7.739932922696e-03 3.186102988091e-04 1.052474614630e+02
22 53 4 0.38779618 0.69210535 0.65214794 0.82995103 2.14783949 4.659669086837e-07 1.713464525169e+00 7.600702829336e-03 3.752977048835e-04 1.204775701228e+02
22 54 4 0.38779618 0.69210535 0.65214794 0.82995103 2.14783949 4.837439233234e-07 1.773582253760e+00 7.327574327763e-03 4.401467302146e-04 1.472415919224e+02
22 55 4 0.38779618 0.69210535 0.65214794 0.82995103 2.14783949 5.022963958105e-07 1.835390352098e+00 7.001260584427e-03 5.157331338376e-04 1.724848514143e+02
22 56 4 0.38779618 0.69210535 0.65214794 0.82995103 2.14783949 5.216243189323e-07 1.899569676988e+00 6.696625754948e-03 6.036212904652e-04 1.831446552483e+02
22 57 4 0.38779618 0.69210535 0.65214794 0.82995103 2.14783949 5.417276851783e-07 1.966661051965e+00 6.441966060792e-03 7.035783276036e-04 1.750107472896e+02
22 58 4 0.38779618 0.69210535 0.65214794 0.82995103 2.14783949 5.626064867329e-07 2.036999575738e+00 6.219735087951e-03 8.129724318262e-04 1.543445435873e+02
22 59 4 0.38779618 0.69210535 0.65214794 0.82995103 2.14783949 5.842607154819e-07 2.110712133574e+00 6.007644247606e-03 9.264878662724e-04 1.384180052362e+02
22 60 4 0.38779618 0.69210535 0.65214794 0.82995103 2.14783949 6.066903630096e-07 2.187780539644e+00 5.828377107434e-03 1.036254463989e-03 1.395733774933e+02
22 61 4 0.38779618 0.69210535 0.65214794 0.82995103 2.14783949 6.298954205963e-07 2.268155484084e+00 5.766655201983e-03 1.132434735717e-03 1.626733713030e+02
22 62 4 0.38779618 0.69210535 0.65214794 0.82995103 2.14783949 6.538758792247e-07 2.351891496507e+00 5.932823339634e-03 1.204243862992e-03 1.998110919573e+02
22 63 4 0.38779618 0.69210535 0.65214794 0.82995103 2.14783949 6.786317295708e-07 2.439264483142e+00 6.390881871975e-03 1.241306164988e-03 2.345769722922e+02
23 0 4 0.25294552 0.35783016 0.33967803 0.41677268 0.54616415 1.447918793836e-07 1.730283926517e-04 4.723939720257e-03 5.720734405395e-05 6.197324647184e-01
23 1 4 0.25294552 0.35783016 0.33967803 0.41677268 0.54616415 1.394669913422e-07 1.801019144158e-04 4.427238698977e-03 5.219757461721e-05 8.955181914666e-01
23 2 4 0.25294552 0.35783016 0.33967803 0.41677268 0.54616415 1.343193531168e-07 1.749188832563e-04 4.170453114802e-03 4.894974815542e-05 1.125750167959e+00
23 3 4 0.25294552 0.35783016 0.33967803 0.41677268 0.54616415 1.293489657049e-07 1.581379785889e-04 3.915271567010e-03 4.754363785259e-05 1.152564843112e+00
23 4 4 0.25294552 0.35783016 0.33967803 0.41677268 0.54616415 1.245558300713e-07 1.353245160535e-04 3.647376436693e-03 4.734202891563e-05 9.108779549632e-01
23 5 4 0.25294552 0.35783016 0.33967803 0.41677268 0.54616415 1.199399471468e-07 1.145571558649e-04 3.386473262829e-03 4.726888868279e-05 5.840440895084e-01
23 6 4 0.25294552 0.35783016 0.33967803 0.41677268 0.54616415 1.155013178269e-07 1.035799732861e-04 3.162401183248e-03 4.618443045477e-05 3.850590735190e-01
23 7 4 0.25294552 0.35783016 0.33967803 0.41677268 0.54616415 1.112399429727e-07 1.073198659828e-04 2.984049708342e-03 4.324470909316e-05 4.120031712739e-01
23 8 4 0.25294552 0.35783016 0.33967803 0.41677268 0.54616415 1.071558234112e-07 1.264199916309e-04 2.830285245881e-03 3.814775431695e-05 6.131704505207e-01
23 9 4 0.25294552 0.35783016 0.33967803 0.41677268 0.54616415 1.032489599352e-07 1.571118914198e-04 2.668868759109e-03 3.120784785878e-05 8.288018230482e-01
23 10 4 0.25294552 0.35783016 0.33967803 0.41677268 0.54616415 9.951935330205e-08 1.923624239087e-04 2.483927167461e-03 2.325146839557e-05 8.675206712471e-01
23 11 4 0.25294552 0.35783016 0.33967803 0.41677268 0.54616415 9.596700423647e-08 2.238937285493e-04 2.287194457056e-03 1.537758149956e-05 7.183806526209e-01
23 12 4 0.25294552 0.35783016 0.33967803 0.41677268 0.54616415 9.259191342707e-08 2.444702065792e-04 2.105129301097e-03 8.658354601392e-06 4.804382128745e-01
23 13 4 0.25294552 0.35783016 0.33967803 0.41677268 0.54616415 8.939408152903e-08 2.498184513575e-04 1.955812477573e-03 3.866441067211e-06 3.098816512233e-01
23 14 4 0.25294552 0.35783016 0.33967803 0.41677268 0.54616415 8.637350916287e-08 2.396868014206e-04 1.836653602665e-03 1.301048528164e-06 3.091070224227e-01
23 15 4 0.25294552 0.35783016 0.33967803 0.41677268 0.54616415 8.353019691474e-08 2.178099771786e-04 1.731799716101e-03 7.528870031366e-07 4.536745459510e-01
23 16 4 0.25294552 0.35783016 0.33967803 0.41677268 0.54616415 8.086414533638e-08 1.908442576121e-04 1.629527899286e-03 1.607880695455e-06 6.183421631648e-01
23 17 4 0.25294552 0.35783016 0.33967803 0.41677268 0.54616415 7.837535494529e-08 1.665993359696e-04 1.532047684178e-03 3.052527148862e-06 6.922885926870e-01
23 18 4 0.25294552 0.35783016 0.33967803 0.41677268 0.54616415 7.606382622402e-08 1.520512580538e-04 1.449127613228e-03 4.319412685794e-06 6.051233758076e-01
23 19 4 0.25294552 0.35783016 0.33967803 0.41677268 0.54616415 7.392955962145e-08 1.516454005857e-04 1.383295919823e-03 4.904897256965e-06 4.160580133211e-01
23 20 4 0.25294552 0.35783016 0.33967803 0.41677268 0.54616415 7.197255555171e-08 1.662944974287e-04 1.322543865956e-03 4.702522005978e-06 2.615471295588e-01
23 21 4 0.25294552 0.35783016 0.33967803 0.41677268 0.54616415 7.019281439436e-08 1.932808583581e-04 1.249161735359e-03 4.020820374625e-06 2.318523418105e-01
23 22 4 0.25294552 0.35783016 0.33967803 0.41677268 0.54616415 6.859033649501e-08 2.270396956784e-04 1.157566908197e-03 3.485491641277e-06 3.312114605357e-01
23 23 4 0.25294552 0.35783016 0.33967803 0.41677268 0.54616415 6.716512216444e-08 2.605907285783e-04 1.064332019841e-03 3.855082508794e-06 4.783400665727e-01
23 24 4 0.25294552 0.35783016 0.33967803 0.41677268 0.54616415 6.591717167931e-08 2.872456102676e-04 9.991571402726e-04 5.799485836229e-06 5.432169964191e-01
23 25 4 0.25294552 0.35783016 0.33967803 0.41677268 0.54616415 6.484648528170e-08 3.021757058949e-04 9.818747540299e-04 9.697606197209e-06 4.837310896662e-01
23 26 4 0.25294552 0.35783016 0.33967803 0.41677268 0.54616415 6.395306317942e-08 3.034800743608e-04 1.003732407228e-03 1.550383024142e-05 3.597971348326e-01
23 27 4 0.25294552 0.35783016 0.33967803 0.41677268 0.54616415 6.323690554584e-08 2.925267595730e-04 1.029525642213e-03 2.271505162298e-05 2.418922038340e-01
23 28 4 0.25294552 0.35783016 0.33967803 0.41677268 0.54616415 6.269801251994e-08 2.735162885437e-04 1.021266768678e-03 3.044575894152e-05 2.045679178059e-01
23 29 4 0.25294552 0.35783016 0.33967803 0.41677268 0.54616415 6.233638420627e-08 2.523935665438e-04 9.665021904518e-04 3.759386153752e-05 2.706338342760e-01
23 30 4 0.25294552 0.35783016 0.33967803 0.41677268 0.54616415 6.215202067501e-08 2.353755114574e-04 8.894489362101e-04 4.305989084800e-05 3.826754794697e-01
23 31 4 0.25294552 0.35783016 0.33967803 0.41677268 0.54616415 6.214492196194e-08 2.274395059955e-04 8.353164121732e-04 4.597095515230e-05 4.737904120994e-01
23 32 4 0.25294552 0.35783016 0.33967803 0.41677268 0.54616415 6.231508806844e-08 2.311191612398e-04 8.384435042521e-04 4.586029853353e-05 5.013407704030e-01
23 33 4 0.25294552 0.35783016 0.33967803 0.41677268 0.54616415 6.266251896148e-08 2.458814234801e-04 8.975696518512e-04 4.276327369823e-05 4.211254270950e-01
23 34 4 0.25294552 0.35783016 0.33967803 0.41677268 0.54616415 6.318721457365e-08 2.682289799919e-04 9.766658479139e-04 3.720873241186e-05 2.876559784289e-01
23 35 4 0.25294552 0.35783016 0.33967803 0.41677268 0.54616415 6.388917480313e-08 2.925109310752e-04 1.030783966071e-03 3.010749316267e-05 2.110057738548e-01
23 36 4 0.25294552 0.35783016 0.33967803 0.41677268 0.54616415 6.476839951369e-08 3.122653239637e-04 1.037755407645e-03 2.256203892500e-05 2.612416810511e-01
23 37 4 0.25294552 0.35783016 0.33967803 0.41677268 0.54616415 6.582488853475e-08 3.217923394984e-04 1.012507784207e-03 1.563924539445e-05 4.173141240403e-01
23 38 4 0.25294552 0.35783016 0.33967803 0.41677268 0.54616415 6.705864166128e-08 3.175942885417e-04 9.942800721086e-04 1.015684160377e-05 5.869666543973e-01
23 39 4 0.25294552 0.35783016 0.33967803 0.41677268 0.54616415 6.846965865388e-08 2.993348325611e-04 1.017531759183e-03 6.532140721409e-06 6.324034698948e-01
23 40 4 0.25294552 0.35783016 0.33967803 0.41677268 0.54616415 7.005793923867e-08 2.700664234668e-04 1.088955968990e-03 4.728228522526e-06 5.275490998699e-01
23 41 4 0.25294552 0.35783016 0.33967803 0.41677268 0.54616415 7.182348310757e-08 2.356358731169e-04 1.186981629553e-03 4.310613868117e-06 3.570029835488e-01
23 42 4 0.25294552 0.35783016 0.33967803 0.41677268 0.54616415 7.376628991786e-08 2.033710421171e-04 1.281795575362e-03 4.600936374378e-06 2.589303594580e-01
23 43 4 0.25294552 0.35783016 0.33967803 0.41677268 0.54616415 7.588635929272e-08 1.803337345001e-04 1.358244382090e-03 4.889762542803e-06 3.096934352350e-01
23 44 4 0.25294552 0.35783016 0.33967803 0.41677268 0.54616415 7.818369082049e-08 1.715497148555e-04 1.423456502425e-03 4.654026919578e-06 4.914033386368e-01
23 45 4 0.25294552 0.35783016 0.33967803 0.41677268 0.54616415 8.065828405559e-08 1.786598610381e-04 1.495355844126e-03 3.721146142999e-06 6.792985437327e-01
23 46 4 0.25294552 0.35783016 0.33967803 0.41677268 0.54616415 8.331013851784e-08 1.993597155767e-04 1.584703877292e-03 2.333268793945e-06 7.563097494180e-01
23 47 4 0.25294552 0.35783016 0.33967803 0.41677268 0.54616415 8.613925369229e-08 2.278174327010e-04 1.687669774774e-03 1.089790353851e-06 6.655138056695e-01
23 48 4 0.25294552 0.35783016 0.33967803 0.41677268 0.54616415 8.914562903041e-08 2.560191115003e-04 1.794771805206e-03 7.786681086989e-07 4.795653609796e-01
23 49 4 0.25294552 0.35783016 0.33967803 0.41677268 0.54616415 9.232926394862e-08 2.757435556766e-04 1.905851925372e-03 2.139012992354e-06 3.318901284542e-01
23 50 4 0.25294552 0.35783016 0.33967803 0.41677268 0.54616415 9.569015782915e-08 2.806812174336e-04 2.034693350549e-03 5.619972565870e-06 3.521008592985e-01
23 51 4 0.25294552 0.35783016 0.33967803 0.41677268 0.54616415 9.922831001982e-08 2.681406922939e-04 2.196980978642e-03 1.120682248764e-05 5.526025031442e-01
23 52 4 0.25294552 0.35783016 0.33967803 0.41677268 0.54616415 1.029437198341e-07 2.398607019957e-04 2.392407475729e-03 1.837121006735e-05 8.179816355657e-01
23 53 4 0.25294552 0.35783016 0.33967803 0.41677268 0.54616415 1.068363865506e-07 2.016585532198e-04 2.599381575687e-03 2.617078030500e-05 9.602022499590e-01
23 54 4 0.25294552 0.35783016 0.33967803 0.41677268 0.54616415 1.109063094149e-07 1.619505717770e-04 2.790484128839e-03 3.348146211797e-05 8.905907994392e-01
23 55 4 0.25294552 0.35783016 0.33967803 0.41677268 0.54616415 1.151534876361e-07 1.294985955565e-04 2.956888784805e-03 3.930475914230e-05 6.667875700823e-01
23 56 4 0.25294552 0.35783016 0.33967803 0.41677268 0.54616415 1.195779203909e-07 1.109804693737e-04 3.119138885126e-03 4.306459165425e-05 4.641462017390e-01
23 57 4 0.25294552 0.35783016 0.33967803 0.41677268 0.54616415 1.241796068204e-07 1.090757378576e-04 3.311872506781e-03 4.480306479183e-05 4.533871686019e-01
23 58 4 0.25294552 0.35783016 0.33967803 0.41677268 0.54616415 1.289585460317e-07 1.216605321741e-04 3.553978993580e-03 4.520577569735e-05 6.840058304152e-01
23 59 4 0.25294552 0.35783016 0.33967803 0.41677268 0.54616415 1.339147370975e-07 1.424291922030e-04 3.831470006652e-03 4.543127751675e-05 1.021930989640e+00
23 60 4 0.25294552 0.35783016 0.33967803 0.41677268 0.54616415 1.390481790562e-07 1.628683492131e-04 4.111302380159e-03 4.677534427702e-05 1.250870226803e+00
23 61 4 0.25294552 0.35783016 0.33967803 0.41677268 0.54616415 1.443588709112e-07 1.751050524483e-04 4.375887085782e-03 5.025334185066e-05 1.227823041205e+00
23 62 4 0.25294552 0.35783016 0.33967803 0.41677268 0.54616415 1.498468116314e-07 1.748499904393e-04 4.645447289535e-03 5.621738186257e-05 9.723178529918e-01
23 63 4 0.25294552 0.35783016 0.33967803 0.41677268 0.54616415 1.555120001535e-07 1.635563010527e-04 4.962208802407e-03 6.412722169529e-05 6.768581776632e-01
25 0 4 0.45180746 1.11475796 0.96602778 1.38685647 2.03987915 8.062209868157e-04 1.341132660508e+01 5.957016268988e+00 2.158079183310e-04 1.434368114733e+02
25 1 4 0.45180746 1.11475796 0.96602778 1.38685647 2.03987915 7.424622346969e-04 1.292659514529e+01 5.805978385152e+00 4.316962815916e-04 1.211774096510e+02
25 2 4 0.45180746 1.11475796 0.96602778 1.38685647 2.03987915 7.713872716320e-04 1.252964388505e+01 5.612363814701e+00 1.654119973660e-04 1.028137554789e+02
25 3 4 0.45180746 1.11475796 0.96602778 1.38685647 2.03987915 8.114546900447e-04 1.218778182189e+01 5.397761284127e+00 4.512944235789e-04 8.953885801318e+01
25 4 4 0.45180746 1.11475796 0.96602778 1.38685647 2.03987915 7.732343900439e-04 1.187872668163e+01 5.190547936697e+00 5.870846583584e-04 8.273535828236e+01
25 5 4 0.45180746 1.11475796 0.96602778 1.38685647 2.03987915 6.753057107240e-04 1.160212770639e+01 5.000453383170e+00 2.472980355748e-04 8.203971465127e+01
25 6 4 0.45180746 1.11475796 0.96602778 1.38685647 2.03987915 6.133149760640e-04 1.135524273627e+01 4.826362849729e+00 2.880802678965e-04 8.754787521547e+01
25 7 4 0.45180746 1.11475796 0.96602778 1.38685647 2.03987915 6.316361886816e-04 1.111668910533e+01 4.667437610831e+00 6.692274662411e-04 9.711587212703e+01
25 8 4 0.45180746 1.11475796 0.96602778 1.38685647 2.03987915 6.695195582346e-04 1.086126706389e+01 4.522092418668e+00 7.264664341444e-04 1.091211249767e+02
25 9 4 0.45180746 1.11475796 0.96602778 1.38685647 2.03987915 6.462649991392e-04 1.057597873574e+01 4.387223082440e+00 6.016178778076e-04 1.214203334576e+02
25 10 4 0.45180746 1.11475796 0.96602778 1.38685647 2.03987915 5.665039688459e-04 1.025457843385e+01 4.260575509231e+00 1.183321652179e-03 1.324457410637e+02
25 11 4 0.45180746 1.11475796 0.96602778 1.38685647 2.03987915 5.086457729028e-04 9.891511682834e+00 4.137650254739e+00 1.434463206090e-03 1.391808240324e+02
25 12 4 0.45180746 1.11475796 0.96602778 1.38685647 2.03987915 5.190746047026e-04 9.492347059262e+00 4.009425805933e+00 8.711086429098e-04 1.413636461293e+02
25 13 4 0.45180746 1.11475796 0.96602778 1.38685647 2.03987915 5.544902083405e-04 9.077980952734e+00 3.871678706301e+00 9.558959820897e-04 1.388379617748e+02
25 14 4 0.45180746 1.11475796 0.96602778 1.38685647 2.03987915 5.434354709792e-04 8.664172661869e+00 3.733765568074e+00 8.541821937419e-04 1.323101261795e+02
25 15 4 0.45180746 1.11475796 0.96602778 1.38685647 2.03987915 4.801138920499e-04 8.244820336757e+00 3.609064029289e+00 2.310389365094e-04 1.219315455724e+02
25 16 4 0.45180746 1.11475796 0.96602778 1.38685647 2.03987915 4.277540372876e-04 7.811801052755e+00 3.498492857387e+00 2.381858024118e-04 1.092362710203e+02
25 17 4 0.45180746 1.11475796 0.96602778 1.38685647 2.03987915 4.329210779715e-04 7.388460714420e+00 3.392379084126e+00 1.427234147644e-04 9.474086820911e+01
25 18 4 0.45180746 1.11475796 0.96602778 1.38685647 2.03987915 4.664985395165e-04 7.025726136127e+00 3.287512146237e+00 1.839298977784e-04 8.007811095559e+01
25 19 4 0.45180746 1.11475796 0.96602778 1.38685647 2.03987915 4.656173507491e-04 6.759052516274e+00 3.192975194222e+00 5.777083718829e-04 6.686290134240e+01
25 20 4 0.45180746 1.11475796 0.96602778 1.38685647 2.03987915 4.166525479192e-04 6.579030790050e+00 3.117729741125e+00 4.491682391888e-04 5.661055099898e+01
25 21 4 0.45180746 1.11475796 0.96602778 1.38685647 2.03987915 3.701771162113e-04 6.448676866570e+00 3.059709987767e+00 6.738834385978e-04 4.949654272851e+01
25 22 4 0.45180746 1.11475796 0.96602778 1.38685647 2.03987915 3.723455889778e-04 6.340192309629e+00 3.009307216113e+00 8.588131493600e-04 4.590482895789e+01
25 23 4 0.45180746 1.11475796 0.96602778 1.38685647 2.03987915 4.054036665911e-04 6.249429606200e+00 2.958889647123e+00 4.118176534738e-04 4.545355289220e+01
25 24 4 0.45180746 1.11475796 0.96602778 1.38685647 2.03987915 4.135316111150e-04 6.184331710770e+00 2.908172301178e+00 5.132089514669e-04 4.801905784807e+01
25 25 4 0.45180746 1.11475796 0.96602778 1.38685647 2.03987915 3.767957034774e-04 6.149546952716e+00 2.864065346806e+00 4.679011809629e-04 5.304011746846e+01
25 26 4 0.45180746 1.11475796 0.96602778 1.38685647 2.03987915 3.357121818693e-04 6.137810313213e+00 2.834153752291e+00 3.917340658222e-04 6.016483286622e+01
25 27 4 0.45180746 1.11475796 0.96602778 1.38685647 2.03987915 3.365444209556e-04 6.127232966624e+00 2.815995828431e+00 1.053066173127e-03 6.808683135419e+01
25 28 4 0.45180746 1.11475796 0.96602778 1.38685647 2.03987915 3.708228231238e-04 6.090967177232e+00 2.796136224896e+00 1.187744422748e-03 7.602145174197e+01
25 29 4 0.45180746 1.11475796 0.96602778 1.38685647 2.03987915 3.876956608569e-04 6.021465286174e+00 2.767585822142e+00 1.664486522061e-03 8.237518287421e+01
25 30 4 0.45180746 1.11475796 0.96602778 1.38685647 2.03987915 3.613089936690e-04 5.946080702903e+00 2.746082243683e+00 2.627510640632e-03 8.678982071528e+01
25 31 4 0.45180746 1.11475796 0.96602778 1.38685647 2.03987915 3.244196394418e-04 5.907359482144e+00 2.757543443574e+00 2.344897351330e-03 8.967958582458e+01
25 32 4 0.45180746 1.11475796 0.96602778 1.38685647 2.03987915 3.248107224040e-04 5.922292610419e+00 2.806556184385e+00 2.359731933175e-03 9.179953723516e+01
25 33 4 0.45180746 1.11475796 0.96602778 1.38685647 2.03987915 3.621777918194e-04 5.968093829323e+00 2.867685723637e+00 2.629258859315e-03 9.137254156567e+01
25 34 4 0.45180746 1.11475796 0.96602778 1.38685647 2.03987915 3.883857548342e-04 6.013545387460e+00 2.913915818945e+00 1.648334353703e-03 8.744293019163e+01
25 35 4 0.45180746 1.11475796 0.96602778 1.38685647 2.03987915 3.709746150393e-04 6.057867846042e+00 2.945392612805e+00 1.184731356597e-03 8.058692642342e+01
25 36 4 0.45180746 1.11475796 0.96602778 1.38685647 2.03987915 3.366081689744e-04 6.131714975977e+00 2.982718732034e+00 1.028725359090e-03 7.267703783909e+01
25 37 4 0.45180746 1.11475796 0.96602778 1.38685647 2.03987915 3.365967359337e-04 6.265013255341e+00 3.039059893705e+00 3.618265638605e-04 6.457239366714e+01
25 38 4 0.45180746 1.11475796 0.96602778 1.38685647 2.03987915 3.787539434005e-04 6.462230371772e+00 3.109028072010e+00 4.515532776217e-04 5.746856472168e+01
25 39 4 0.45180746 1.11475796 0.96602778 1.38685647 2.03987915 4.156167798802e-04 6.705376606510e+00 3.181884543085e+00 4.836903152040e-04 5.208567420859e+01
25 40 4 0.45180746 1.11475796 0.96602778 1.38685647 2.03987915 4.065178552248e-04 6.970326553087e+00 3.255648458227e+00 4.204624071968e-04 4.937647209165e+01
25 41 4 0.45180746 1.11475796 0.96602778 1.38685647 2.03987915 3.728024625326e-04 7.240541937627e+00 3.337361763360e+00 8.990650207404e-04 4.999759581926e+01
25 42 4 0.45180746 1.11475796 0.96602778 1.38685647 2.03987915 3.715641405652e-04 7.516492725752e+00 3.435717968374e+00 6.915381056046e-04 5.483850527275e+01
25 43 4 0.45180746 1.11475796 0.96602778 1.38685647 2.03987915 4.197683385966e-04 7.814891858247e+00 3.553787016010e+00 5.037698665362e-04 6.362783158636e+01
25 44 4 0.45180746 1.11475796 0.96602778 1.38685647 2.03987915 4.691404852105e-04 8.147302287096e+00 3.684775342303e+00 6.450642943679e-04 7.620430944018e+01
25 45 4 0.45180746 1.11475796 0.96602778 1.38685647 2.03987915 4.685377558483e-04 8.492779992662e+00 3.816613832834e+00 2.087737847029e-04 9.099856187319e+01
25 46 4 0.45180746 1.11475796 0.96602778 1.38685647 2.03987915 4.336956079740e-04 8.802298938165e+00 3.945079256719e+00 1.863887585208e-04 1.065179983063e+02
25 47 4 0.45180746 1.11475796 0.96602778 1.38685647 2.03987915 4.296195833145e-04 9.042033883421e+00 4.078945618851e+00 2.792787850000e-04 1.210189365159e+02
25 48 4 0.45180746 1.11475796 0.96602778 1.38685647 2.03987915 4.844428911443e-04 9.227272014687e+00 4.226335629578e+00 2.589314938888e-04 1.340052626958e+02
25 49 4 0.45180746 1.11475796 0.96602778 1.38685647 2.03987915 5.484622720300e-04 9.403300363757e+00 4.380667344570e+00 9.203051629112e-04 1.435829467210e+02
25 50 4 0.45180746 1.11475796 0.96602778 1.38685647 2.03987915 5.574459902793e-04 9.598398377250e+00 4.529203231464e+00 1.012812856582e-03 1.489838622740e+02
25 51 4 0.45180746 1.11475796 0.96602778 1.38685647 2.03987915 5.200888671767e-04 9.809167703998e+00 4.672642567076e+00 9.299880987722e-04 1.491991731921e+02
25 52 4 0.45180746 1.11475796 0.96602778 1.38685647 2.03987915 5.109332423617e-04 1.002800419729e+01 4.825992816715e+00 1.530952141251e-03 1.442406776334e+02
25 53 4 0.45180746 1.11475796 0.96602778 1.38685647 2.03987915 5.720783225033e-04 1.026529979398e+01 5.001015256266e+00 1.251404749599e-03 1.343757337862e+02
25 54 4 0.45180746 1.11475796 0.96602778 1.38685647 2.03987915 6.528756974210e-04 1.053923659550e+01 5.197592711151e+00 6.436397678170e-04 1.222413068788e+02
25 55 4 0.45180746 1.11475796 0.96602778 1.38685647 2.03987915 6.734176280755e-04 1.086041767320e+01 5.411618471591e+00 7.884853843165e-04 1.095055583358e+02
25 56 4 0.45180746 1.11475796 0.96602778 1.38685647 2.03987915 6.328222640464e-04 1.123597828124e+01 5.640863754090e+00 7.344441670099e-04 9.770848652907e+01
25 57 4 0.45180746 1.11475796 0.96602778 1.38685647 2.03987915 6.159391343737e-04 1.167412950834e+01 5.882253923760e+00 3.286903311760e-04 8.854748875134e+01
25 58 4 0.45180746 1.11475796 0.96602778 1.38685647 2.03987915 6.821245733292e-04 1.217119695442e+01 6.131591346471e+00 2.951594299311e-04 8.434734691295e+01
25 59 4 0.45180746 1.11475796 0.96602778 1.38685647 2.03987915 7.815129247354e-04 1.270567608796e+01 6.384384782031e+00 6.787807930262e-04 8.561811814587e+01
25 60 4 0.45180746 1.11475796 0.96602778 1.38685647 2.03987915 8.163568725069e-04 1.326103203500e+01 6.629959948965e+00 5.186661390143e-04 9.337734898046e+01
25 61 4 0.45180746 1.11475796 0.96602778 1.38685647 2.03987915 7.726999061818e-04 1.384590009896e+01 6.854664161952e+00 1.993576459300e-04 1.075141582655e+02
25 62 4 0.45180746 1.11475796 0.96602778 1.38685647 2.03987915 7.453168142876e-04 1.447451066693e+01 7.068078941434e+00 4.779490321821e-04 1.279717698653e+02
25 63 4 0.45180746 1.11475796 0.96602778 1.38685647 2.03987915 8.142434760818e-04 1.513470838929e+01 7.316479526692e+00 2.249519423007e-04 1.537466757314e+02
28 0 4 0.25112626 0.33806454 0.32689907 0.38326258 0.52730059 1.426015523634e-07 1.266858074692e-01 1.057174333173e-03 7.635721577877e-05 5.615836031472e-01
28 1 4 0.25112626 0.33806454 0.32689907 0.38326258 0.52730059 1.373576163061e-07 1.227272460611e-01 1.037760859728e-03 6.805310294476e-05 4.568240256100e-01
28 2 4 0.25112626 0.33806454 0.32689907 0.38326258 0.52730059 1.322882377776e-07 1.191061955295e-01 1.021852676500e-03 5.836274394485e-05 6.521669196199e-01
28 3 4 0.25112626 0.33806454 0.32689907 0.38326258 0.52730059 1.273934177126e-07 1.156524048672e-01 1.004023361502e-03 4.838075155604e-05 9.342956028162e-01
28 4 4 0.25112626 0.33806454 0.32689907 0.38326258 0.52730059 1.226731570111e-07 1.121993662092e-01 9.796969530367e-04 3.906531533063e-05 1.047046879325e+00
28 5 4 0.25112626 0.33806454 0.32689907 0.38326258 0.52730059 1.181274565426e-07 1.086059296858e-01 9.476955151324e-04 3.113466278154e-05 9.038325983578e-01
28 6 4 0.25112626 0.33806454 0.32689907 0.38326258 0.52730059 1.137563171445e-07 1.047735009392e-01 9.100569879492e-04 2.500753191694e-05 6.186603731660e-01
28 7 4 0.25112626 0.33806454 0.32689907 0.38326258 0.52730059 1.095597396209e-07 1.006564810713e-01 8.702205920133e-04 2.079071980044e-05 3.871524102641e-01
28 8 4 0.25112626 0.33806454 0.32689907 0.38326258 0.52730059 1.055377247451e-07 9.626478030183e-02 8.308374704797e-04 1.831023055325e-05 3.495792129243e-01
28 9 4 0.25112626 0.33806454 0.32689907 0.38326258 0.52730059 1.016902732569e-07 9.165852694325e-02 7.920744873564e-04 1.717711009444e-05 5.061598543747e-01
28 10 4 0.25112626 0.33806454 0.32689907 0.38326258 0.52730059 9.801738586543e-08 8.693628158666e-02 7.511584914604e-04 1.687534889005e-05 6.857520664849e-01
28 11 4 0.25112626 0.33806454 0.32689907 0.38326258 0.52730059 9.451906324647e-08 8.221896441117e-02 7.037990824274e-04 1.685758655626e-05 7.289510220390e-01
28 12 4 0.25112626 0.33806454 0.32689907 0.38326258 0.52730059 9.119530604416e-08 7.763218594960e-02 6.472929251644e-04 1.663477789305e-05 6.079616196827e-01
28 13 4 0.25112626 0.33806454 0.32689907 0.38326258 0.52730059 8.804611487025e-08 7.328969271899e-02 5.836469481553e-04 1.584820808546e-05 4.095568489310e-01
28 14 4 0.25112626 0.33806454 0.32689907 0.38326258 0.52730059 8.507149030496e-08 6.928023402371e-02 5.202382092402e-04 1.431578598100e-05 2.639422772006e-01
28 15 4 0.25112626 0.33806454 0.32689907 0.38326258 0.52730059 8.227143289556e-08 6.565942792080e-02 4.666268226916e-04 1.204878167046e-05 2.577641738937e-01
28 16 4 0.25112626 0.33806454 0.32689907 0.38326258 0.52730059 7.964594315797e-08 6.244729967942e-02 4.288770029845e-04 9.239464009690e-06 3.688506715384e-01
28 17 4 0.25112626 0.33806454 0.32689907 0.38326258 0.52730059 7.719502157536e-08 5.963124651583e-02 4.050979320401e-04 6.223857529923e-06 4.993437070919e-01
28 18 4 0.25112626 0.33806454 0.32689907 0.38326258 0.52730059 7.491866859900e-08 5.717339503784e-02 3.857216336191e-04 3.426638769249e-06 5.385823305774e-01
28 19 4 0.25112626 0.33806454 0.32689907 0.38326258 0.52730059 7.281688464792e-08 5.502077212974e-02 3.589912555697e-04 1.296776732649e-06 4.305628711895e-01
28 20 4 0.25112626 0.33806454 0.32689907 0.38326258 0.52730059 7.088967010917e-08 5.311646365046e-02 3.183433024649e-04 2.428356648004e-07 2.711226387577e-01
28 21 4 0.25112626 0.33806454 0.32689907 0.38326258 0.52730059 6.913702533757e-08 5.140999100013e-02 2.667578719249e-04 5.760244410487e-07 1.804172913842e-01
28 22 4 0.25112626 0.33806454 0.32689907 0.38326258 0.52730059 6.755895065586e-08 4.986544772704e-02 2.150797423310e-04 2.467356073968e-06 2.001250489240e-01
28 23 4 0.25112626 0.33806454 0.32689907 0.38326258 0.52730059 6.615544635452e-08 4.846642725839e-02 1.754181413033e-04 5.923012832212e-06 3.063234058102e-01
28 24 4 0.25112626 0.33806454 0.32689907 0.38326258 0.52730059 6.492651269189e-08 4.721734294321e-02 1.540016431982e-04 1.077955525329e-05 4.051291371821e-01
28 25 4 0.25112626 0.33806454 0.32689907 0.38326258 0.52730059 6.387214989438e-08 4.614129932695e-02 1.480000731804e-04 1.671828858999e-05 4.102809870121e-01
28 26 4 0.25112626 0.33806454 0.32689907 0.38326258 0.52730059 6.299235815601e-08 4.527514198808e-02 1.479422895831e-04 2.329615342649e-05 3.236800196135e-01
28 27 4 0.25112626 0.33806454 0.32689907 0.38326258 0.52730059 6.228713763881e-08 4.466264101783e-02 1.437066882117e-04 2.998908687213e-05 2.119490370161e-01
28 28 4 0.25112626 0.33806454 0.32689907 0.38326258 0.52730059 6.175648847258e-08 4.434692735972e-02 1.301622525060e-04 3.624295772606e-05 1.502139574163e-01
28 29 4 0.25112626 0.33806454 0.32689907 0.38326258 0.52730059 6.140041075505e-08 4.436330444124e-02 1.093483752525e-04 4.152688263080e-05 1.880574418549e-01
28 30 4 0.25112626 0.33806454 0.32689907 0.38326258 0.52730059 6.121890455177e-08 4.473342177350e-02 8.857878025168e-05 4.538389566487e-05 2.844893906524e-01
28 31 4 0.25112626 0.33806454 0.32689907 0.38326258 0.52730059 6.121196989615e-08 4.546155581963e-02 7.614098759205e-05 4.747446333071e-05 3.677232143820e-01
28 32 4 0.25112626 0.33806454 0.32689907 0.38326258 0.52730059 6.137960678949e-08 4.653343404546e-02 7.707521652015e-05 4.760910776438e-05 3.896856176393e-01
28 33 4 0.25112626 0.33806454 0.32689907 0.38326258 0.52730059 6.172181520089e-08 4.791769749528e-02 9.090325596961e-05 4.576734435266e-05 3.156169697036e-01
28 34 4 0.25112626 0.33806454 0.32689907 0.38326258 0.52730059 6.223859506738e-08 4.956975913637e-02 1.120040583275e-04 4.210120721858e-05 1.977582692390e-01
28 35 4 0.25112626 0.33806454 0.32689907 0.38326258 0.52730059 6.292994629379e-08 5.143750986200e-02 1.323224505919e-04 3.692280289268e-05 1.451459838343e-01
28 36 4 0.25112626 0.33806454 0.32689907 0.38326258 0.52730059 6.379586875286e-08 5.346807916694e-02 1.453687808585e-04 3.067658304381e-05 2.082531593534e-01
28 37 4 0.25112626 0.33806454 0.32689907 0.38326258 0.52730059 6.483636228512e-08 5.561469879565e-02 1.498756683014e-04 2.389833357418e-05 3.450041307663e-01
28 38 4 0.25112626 0.33806454 0.32689907 0.38326258 0.52730059 6.605142669904e-08 5.784266773991e-02 1.512068139193e-04 1.716418115791e-05 4.583859051723e-01
28 39 4 0.25112626 0.33806454 0.32689907 0.38326258 0.52730059 6.744106177086e-08 6.013349239133e-02 1.592218639354e-04 1.103411910750e-05 4.504627267576e-01
28 40 4 0.25112626 0.33806454 0.32689907 0.38326258 0.52730059 6.900526724486e-08 6.248648227568e-02 1.830552669460e-04 5.995511278732e-06 3.311408845000e-01
28 41 4 0.25112626 0.33806454 0.32689907 0.38326258 0.52730059 7.074404283286e-08 6.491740965786e-02 2.254296361913e-04 2.412578952942e-06 2.077893027279e-01
28 42 4 0.25112626 0.33806454 0.32689907 0.38326258 0.52730059 7.265738821481e-08 6.745426086767e-02 2.801202599034e-04 4.878468087131e-07 1.816297727086e-01
28 43 4 0.25112626 0.33806454 0.32689907 0.38326258 0.52730059 7.474530303851e-08 7.013056866100e-02 3.347932363777e-04 2.407939009723e-07 3.052645949901e-01
28 44 4 0.25112626 0.33806454 0.32689907 0.38326258 0.52730059 7.700778691949e-08 7.297725195571e-02 3.780786122572e-04 1.507473169904e-06 4.966437663847e-01
28 45 4 0.25112626 0.33806454 0.32689907 0.38326258 0.52730059 7.944483944119e-08 7.601422746620e-02 4.066008242050e-04 3.962683629587e-06 6.011530715826e-01
28 46 4 0.25112626 0.33806454 0.32689907 0.38326258 0.52730059 8.205646015484e-08 7.924322700668e-02 4.272451917087e-04 7.163580409034e-06 5.543000218781e-01
28 47 4 0.25112626 0.33806454 0.32689907 0.38326258 0.52730059 8.484264857967e-08 8.264320295990e-02 4.529006753187e-04 1.061068451351e-05 4.050332457090e-01
28 48 4 0.25112626 0.33806454 0.32689907 0.38326258 0.52730059 8.780340420271e-08 8.616941269269e-02 4.943729247470e-04 1.381949257953e-05 2.641457477219e-01
28 49 4 0.25112626 0.33806454 0.32689907 0.38326258 0.52730059 9.093872647907e-08 8.975676125646e-02 5.538464466305e-04 1.639371528432e-05 2.691521597135e-01
28 50 4 0.25112626 0.33806454 0.32689907 0.38326258 0.52730059 9.424861483105e-08 9.332731398795e-02 6.241221914329e-04 1.808999777634e-05 4.563381696452e-01
28 51 4 0.25112626 0.33806454 0.32689907 0.38326258 0.52730059 9.773306864972e-08 9.680116656405e-02 6.937157924664e-04 1.886411045729e-05 7.055836527410e-01
28 52 4 0.25112626 0.33806454 0.32689907 0.38326258 0.52730059 1.013920872931e-07 1.001092016936e-01 7.539163464695e-04 1.889020006168e-05 8.437904422408e-01
28 53 4 0.25112626 0.33806454 0.32689907 0.38326258 0.52730059 1.052256700877e-07 1.032057923919e-01 8.029953512241e-04 1.854771030916e-05 7.481425051049e-01
28 54 4 0.25112626 0.33806454 0.32689907 0.38326258 0.52730059 1.092338163277e-07 1.060793332501e-01 8.453147550350e-04 1.837474408193e-05 5.057391890098e-01
28 55 4 0.25112626 0.33806454 0.32689907 0.38326258 0.52730059 1.134165252754e-07 1.087586514606e-01 8.868436042728e-04 1.899145971906e-05 3.408734743110e-01
28 56 4 0.25112626 0.33806454 0.32689907 0.38326258 0.52730059 1.177737961603e-07 1.113138682544e-01 9.306705018188e-04 2.100192666046e-05 4.126600569509e-01
28 57 4 0.25112626 0.33806454 0.32689907 0.38326258 0.52730059 1.223056281806e-07 1.138510849191e-01 9.753381702085e-04 2.488698605045e-05 7.031100126498e-01
28 58 4 0.25112626 0.33806454 0.32689907 0.38326258 0.52730059 1.270120205014e-07 1.165012350417e-01 1.016408867200e-03 3.090337153142e-05 1.022763749499e+00
28 59 4 0.25112626 0.33806454 0.32689907 0.38326258 0.52730059 1.318929722567e-07 1.194044170523e-01 1.049682265363e-03 3.900508295329e-05 1.133078865417e+00
28 60 4 0.25112626 0.33806454 0.32689907 0.38326258 0.52730059 1.369484825477e-07 1.226918283581e-01 1.074028344477e-03 4.880144833386e-05 9.364485834491e-01
28 61 4 0.25112626 0.33806454 0.32689907 0.38326258 0.52730059 1.421785504429e-07 1.264679141567e-01 1.092430445609e-03 5.956244750868e-05 6.176629685502e-01
28 62 4 0.25112626 0.33806454 0.32689907 0.38326258 0.52730059 1.475831749806e-07 1.307954193668e-01 1.110635190042e-03 7.027604119782e-05 4.622589928985e-01
28 63 4 0.25112626 0.33806454 0.32689907 0.38326258 0.52730059 1.531623551644e-07 1.356856606320e-01 1.133571175377e-03 7.975511751998e-05 6.327972562565e-01
29 0 4 0.44591798 0.88103256 0.84477405 0.99618559 4.17457404 1.926834045863e-04 4.758651484836e+00 3.621106687327e-02 1.115823412457e-03 2.113073373750e+03
29 1 4 0.44591798 0.88103256 0.84477405 0.99618559 4.17457404 1.856204579149e-04 4.630338677881e+00 3.525362604376e-02 1.028741547786e-03 1.902896214938e+03
29 2 4 0.44591798 0.88103256 0.84477405 0.99618559 4.17457404 1.787920337194e-04 4.502378229759e+00 3.567461978615e-02 6.707024625459e-04 1.786407446048e+03
29 3 4 0.44591798 0.88103256 0.84477405 0.99618559 4.17457404 1.721981373007e-04 4.367643348715e+00 3.661461617075e-02 1.176239421456e-03 1.764653287825e+03
29 4 4 0.44591798 0.88103256 0.84477405 0.99618559 4.17457404 1.658387737782e-04 4.223275451188e+00 3.720280895498e-02 1.871377074364e-03 1.816520117220e+03
29 5 4 0.44591798 0.88103256 0.84477405 0.99618559 4.17457404 1.597139480892e-04 4.072069636034e+00 3.692782959530e-02 1.520906319136e-03 1.907706989428e+03
29 6 4 0.44591798 0.88103256 0.84477405 0.99618559 4.17457404 1.538236649887e-04 3.920488371235e+00 3.579613452105e-02 1.889895653989e-03 1.993590529554e+03
29 7 4 0.44591798 0.88103256 0.84477405 0.99618559 4.17457404 1.481679290500e-04 3.774670096231e+00 3.420995129530e-02 1.392685097570e-03 2.031740381966e+03
29 8 4 0.44591798 0.88103256 0.84477405 0.99618559 4.17457404 1.427467446638e-04 3.636943746667e+00 3.266028729939e-02 7.142628145731e-04 1.991158393856e+03
29 9 4 0.44591798 0.88103256 0.84477405 0.99618559 4.17457404 1.375601160392e-04 3.504916686709e+00 3.142864234229e-02 9.215020995860e-04 1.880157085861e+03
29 10 4 0.44591798 0.88103256 0.84477405 0.99618559 4.17457404 1.326080472028e-04 3.373531785625e+00 3.046715664025e-02 7.430138149495e-04 1.719486514476e+03
29 11 4 0.44591798 0.88103256 0.84477405 0.99618559 4.17457404 1.278905419992e-04 3.238674161637e+00 2.950312503503e-02 1.570393919356e-03 1.544453835749e+03
29 12 4 0.44591798 0.88103256 0.84477405 0.99618559 4.17457404 1.234076040910e-04 3.100055463407e+00 2.827292568389e-02 2.267234771950e-03 1.377922128852e+03
29 13 4 0.44591798 0.88103256 0.84477405 0.99618559 4.17457404 1.191592369588e-04 2.961669353845e+00 2.672055631764e-02 2.254034889885e-03 1.255536624495e+03
29 14 4 0.44591798 0.88103256 0.84477405 0.99618559 4.17457404 1.151454439006e-04 2.829668521196e+00 2.503516864811e-02 2.940905873571e-03 1.196240638120e+03
29 15 4 0.44591798 0.88103256 0.84477405 0.99618559 4.17457404 1.113662280328e-04 2.709065704275e+00 2.351755876243e-02 2.433677222214e-03 1.203014252113e+03
29 16 4 0.44591798 0.88103256 0.84477405 0.99618559 4.17457404 1.078215922894e-04 2.601281104302e+00 2.237899464359e-02 1.530404319022e-03 1.252294319192e+03
29 17 4 0.44591798 0.88103256 0.84477405 0.99618559 4.17457404 1.045115394224e-04 2.503936055193e+00 2.161468223380e-02 1.306907751193e-03 1.323221535108e+03
29 18 4 0.44591798 0.88103256 0.84477405 0.99618559 4.17457404 1.014360720017e-04 2.412877431601e+00 2.103742558664e-02 5.524939314379e-04 1.385634689393e+03
29 19 4 0.44591798 0.88103256 0.84477405 0.99618559 4.17457404 9.859519241481e-05 2.325098203461e+00 2.044523994826e-02 4.484680271753e-04 1.413100972892e+03
29 20 4 0.44591798 0.88103256 0.84477405 0.99618559 4.17457404 9.598890286748e-05 2.240769321582e+00 1.980387200676e-02 6.205548055329e-04 1.388713867886e+03
29 21 4 0.44591798 0.88103256 0.84477405 0.99618559 4.17457404 9.361720538308e-05 2.163226437659e+00 1.931123505051e-02 6.409451013475e-04 1.317368987401e+03
29 22 4 0.44591798 0.88103256 0.84477405 0.99618559 4.17457404 9.148010180296e-05 2.097025818335e+00 1.928465526169e-02 1.171511385566e-03 1.212093314471e+03
29 23 4 0.44591798 0.88103256 0.84477405 0.99618559 4.17457404 8.957759378631e-05 2.045315071257e+00 1.992748936301e-02 9.999033668704e-04 1.096336683820e+03
29 24 4 0.44591798 0.88103256 0.84477405 0.99618559 4.17457404 8.790968281016e-05 2.008105238699e+00 2.111728077734e-02 7.696596665853e-04 9.981754108869e+02
29 25 4 0.44591798 0.88103256 0.84477405 0.99618559 4.17457404 8.647637016945e-05 1.982428421498e+00 2.235925508057e-02 7.629756821927e-04 9.396965383902e+02
29 26 4 0.44591798 0.88103256 0.84477405 0.99618559 4.17457404 8.527765697696e-05 1.964218805329e+00 2.296244823148e-02 3.249985948640e-04 9.281666406662e+02
29 27 4 0.44591798 0.88103256 0.84477405 0.99618559 4.17457404 8.431354416333e-05 1.950753491511e+00 2.236877642587e-02 5.058553268750e-04 9.598822295757e+02
29 28 4 0.44591798 0.88103256 0.84477405 0.99618559 4.17457404 8.358403247708e-05 1.942202462195e+00 2.046977362935e-02 7.007810795594e-04 1.026734619037e+03
29 29 4 0.44591798 0.88103256 0.84477405 0.99618559 4.17457404 8.308912248457e-05 1.941399730927e+00 1.773698262286e-02 1.007188273037e-03 1.101833513067e+03
29 30 4 0.44591798 0.88103256 0.84477405 0.99618559 4.17457404 8.282881457004e-05 1.952007498144e+00 1.507831301585e-02 1.826750539587e-03 1.162655881722e+03
29 31 4 0.44591798 0.88103256 0.84477405 0.99618559 4.17457404 8.280310893559e-05 1.976180665861e+00 1.347055566523e-02 1.775920079095e-03 1.198950310102e+03
29 32 4 0.44591798 0.88103256 0.84477405 0.99618559 4.17457404 8.301200560118e-05 2.013117862639e+00 1.353573040733e-02 1.801989442084e-03 1.212855541234e+03
29 33 4 0.44591798 0.88103256 0.84477405 0.99618559 4.17457404 8.345550440461e-05 2.059357818285e+00 1.526382664703e-02 1.856325601627e-03 1.186995597952e+03
29 34 4 0.44591798 0.88103256 0.84477405 0.99618559 4.17457404 8.413360500158e-05 2.110655402118e+00 1.801702839973e-02 1.033343006865e-03 1.121144769791e+03
29 35 4 0.44591798 0.88103256 0.84477405 0.99618559 4.17457404 8.504630686563e-05 2.164339110525e+00 2.081394139802e-02 7.521121446746e-04 1.038946522424e+03
29 36 4 0.44591798 0.88103256 0.84477405 0.99618559 4.17457404 8.619360928815e-05 2.220750195176e+00 2.275595524265e-02 5.402174403962e-04 9.739099775154e+02
29 37 4 0.44591798 0.88103256 0.84477405 0.99618559 4.17457404 8.757551137842e-05 2.282877924407e+00 2.339132959063e-02 3.569149242195e-04 9.439851650740e+02
29 38 4 0.44591798 0.88103256 0.84477405 0.99618559 4.17457404 8.919201206356e-05 2.354355444817e+00 2.284967362766e-02 8.076079775786e-04 9.627465155346e+02
29 39 4 0.44591798 0.88103256 0.84477405 0.99618559 4.17457404 9.104311008856e-05 2.436967734539e+00 2.170011238364e-02 8.027898677490e-04 1.034260579017e+03
29 40 4 0.44591798 0.88103256 0.84477405 0.99618559 4.17457404 9.312880401631e-05 2.529162688316e+00 2.062672009018e-02 1.051138848704e-03 1.144715982132e+03
29 41 4 0.44591798 0.88103256 0.84477405 0.99618559 4.17457404 9.544909222749e-05 2.626518033840e+00 2.010067367892e-02 1.215562444211e-03 1.267847672201e+03
29 42 4 0.44591798 0.88103256 0.84477405 0.99618559 4.17457404 9.800397292072e-05 2.723978212384e+00 2.021565587595e-02 6.576308861780e-04 1.378064616548e+03
29 43 4 0.44591798 0.88103256 0.84477405 0.99618559 4.17457404 1.007934441125e-04 2.818588472353e+00 2.075123029933e-02 6.325391080691e-04 1.453231180539e+03
29 44 4 0.44591798 0.88103256 0.84477405 0.99618559 4.17457404 1.038175036371e-04 2.911079487515e+00 2.139742660308e-02 4.350010666476e-04 1.477019480248e+03
29 45 4 0.44591798 0.88103256 0.84477405 0.99618559 4.17457404 1.070761491467e-04 3.005267517914e+00 2.198803858419e-02 5.579845567917e-04 1.450816780615e+03
29 46 4 0.44591798 0.88103256 0.84477405 0.99618559 4.17457404 1.105693781115e-04 3.105522189243e+00 2.259843986865e-02 1.334455206510e-03 1.391524440067e+03
29 47 4 0.44591798 0.88103256 0.84477405 0.99618559 4.17457404 1.142971878193e-04 3.213768633536e+00 2.345849890171e-02 1.581264361419e-03 1.323793271542e+03
29 48 4 0.44591798 0.88103256 0.84477405 0.99618559 4.17457404 1.182595753760e-04 3.327874966911e+00 2.475275856768e-02 2.584882513469e-03 1.273190059355e+03
29 49 4 0.44591798 0.88103256 0.84477405 0.99618559 4.17457404 1.224565377054e-04 3.442531597673e+00 2.645215191436e-02 3.098864182391e-03 1.272976688329e+03
29 50 4 0.44591798 0.88103256 0.84477405 0.99618559 4.17457404 1.268880715491e-04 3.552240487727e+00 2.829824889077e-02 2.402387104179e-03 1.339043754469e+03
29 51 4 0.44591798 0.88103256 0.84477405 0.99618559 4.17457404 1.315541734663e-04 3.654681491979e+00 2.995662606547e-02 2.460928432412e-03 1.468244191909e+03
29 52 4 0.44591798 0.88103256 0.84477405 0.99618559 4.17457404 1.364548398347e-04 3.752370708929e+00 3.123769750510e-02 1.688759902589e-03 1.640094840531e+03
29 53 4 0.44591798 0.88103256 0.84477405 0.99618559 4.17457404 1.415900668495e-04 3.851466520843e+00 3.223000925637e-02 8.365123957667e-04 1.833706581405e+03
29 54 4 0.44591798 0.88103256 0.84477405 0.99618559 4.17457404 1.469598505237e-04 3.958307656561e+00 3.324177710429e-02 1.032391327909e-03 2.008771474872e+03
29 55 4 0.44591798 0.88103256 0.84477405 0.99618559 4.17457404 1.525641866884e-04 4.075740036344e+00 3.457303066864e-02 7.931859503269e-04 2.125076877684e+03
29 56 4 0.44591798 0.88103256 0.84477405 0.99618559 4.17457404 1.584030709926e-04 4.201548995002e+00 3.626224913267e-02 1.537464867996e-03 2.157788208423e+03
29 57 4 0.44591798 0.88103256 0.84477405 0.99618559 4.17457404 1.644764989031e-04 4.330112311115e+00 3.798505814620e-02 2.037147434491e-03 2.116776707013e+03
29 58 4 0.44591798 0.88103256 0.84477405 0.99618559 4.17457404 1.707844657049e-04 4.456398763300e+00 3.919880553368e-02 1.640611101532e-03 2.031941487121e+03
29 59 4 0.44591798 0.88103256 0.84477405 0.99618559 4.17457404 1.773269665003e-04 4.579881839230e+00 3.947241074284e-02 2.007626127315e-03 1.941617050364e+03
29 60 4 0.44591798 0.88103256 0.84477405 0.99618559 4.17457404 1.841039962101e-04 4.705845937113e+00 3.881268577543e-02 1.225732619989e-03 1.887967712069e+03
29 61 4 0.44591798 0.88103256 0.84477405 0.99618559 4.17457404 1.911155495727e-04 4.843084518988e+00 3.778210635495e-02 6.850376786162e-04 1.912486108119e+03
29 62 4 0.44591798 0.88103256 0.84477405 0.99618559 4.17457404 1.983616211445e-04 4.999245114115e+00 3.731589210699e-02 1.023687744606e-03 2.039412680156e+03
29 63 4 0.44591798 0.88103256 0.84477405 0.99618559 4.17457404 2.058422053003e-04 5.176654274399e+00 3.832180243786e-02 1.128881195654e-03 2.258988838261e+03
