# environment=00184 local_bs=1 gain_scale=1.388594522651e-12
# ue subcarrier serving_bs phi0 phi1 phi2 phi3 phi4 gain0 gain1 gain2 gain3 gain4
2 0 1 1.02381381 1.62785543 1.42352924 1.49581217 1.45638768 6.353952272161e-05 1.374055831035e+00 7.647400896677e-01 1.188698294400e-03 1.151610844865e+00
2 1 1 1.02381381 1.62785543 1.42352924 1.49581217 1.45638768 6.070264459407e-05 1.377485271490e+00 7.576576402791e-01 1.102948172844e-03 1.126571871850e+00
2 2 1 1.02381381 1.62785543 1.42352924 1.49581217 1.45638768 5.815204484236e-05 1.388408888723e+00 7.520424078904e-01 1.008505864549e-03 1.096546493715e+00
2 3 1 1.02381381 1.62785543 1.42352924 1.49581217 1.45638768 5.587104986167e-05 1.400029064290e+00 7.457478218204e-01 9.335752414959e-04 1.061160635120e+00
2 4 1 1.02381381 1.62785543 1.42352924 1.49581217 1.45638768 5.384158107140e-05 1.407844905338e+00 7.378821241377e-01 8.071946224162e-04 1.020638601135e+00
2 5 1 1.02381381 1.62785543 1.42352924 1.49581217 1.45638768 5.204458084835e-05 1.408811229146e+00 7.282316974243e-01 6.043650120714e-04 9.757057354543e-01
2 6 1 1.02381381 1.62785543 1.42352924 1.49581217 1.45638768 5.046042437047e-05 1.400388114562e+00 7.163282637406e-01 4.298248718918e-04 9.270633906358e-01
2 7 1 1.02381381 1.62785543 1.42352924 1.49581217 1.45638768 4.906930985035e-05 1.380072460145e+00 7.007142652208e-01 4.087832634109e-04 8.749100585915e-01
2 8 1 1.02381381 1.62785543 1.42352924 1.49581217 1.45638768 4.785162047456e-05 1.345587541107e+00 6.789899766909e-01 5.278652775628e-04 8.189950707381e-01
2 9 1 1.02381381 1.62785543 1.42352924 1.49581217 1.45638768 4.678825230692e-05 1.295491233007e+00 6.487865474689e-01 6.452728474162e-04 7.592715613851e-01
2 10 1 1.02381381 1.62785543 1.42352924 1.49581217 1.45638768 4.586090343978e-05 1.229759032140e+00 6.091566344223e-01 6.617486559053e-04 6.967110457380e-01
2 11 1 1.02381381 1.62785543 1.42352924 1.49581217 1.45638768 4.505232076418e-05 1.150014213089e+00 5.615025869023e-01 6.265323038232e-04 6.336612782384e-01
2 12 1 1.02381381 1.62785543 1.42352924 1.49581217 1.45638768 4.434650185172e-05 1.059396022545e+00 5.093926813039e-01 6.423698301024e-04 5.734121549596e-01
2 13 1 1.02381381 1.62785543 1.42352924 1.49581217 1.45638768 4.372885057695e-05 9.622789233111e-01 4.573119279689e-01 7.068802944564e-04 5.191613502533e-01
2 14 1 1.02381381 1.62785543 1.42352924 1.49581217 1.45638768 4.318628623122e-05 8.639718908833e-01 4.090593281408e-01 7.106188762972e-04 4.729576312198e-01
2 15 1 1.02381381 1.62785543 1.42352924 1.49581217 1.45638768 4.270730696819e-05 7.702571452063e-01 3.666769774174e-01 5.928363637350e-04 4.351951594992e-01
2 16 1 1.02381381 1.62785543 1.42352924 1.49581217 1.45638768 4.228200945168e-05 6.865389755525e-01 3.303993720631e-01 4.366702475857e-04 4.048808043098e-01
2 17 1 1.02381381 1.62785543 1.42352924 1.49581217 1.45638768 4.190206753092e-05 6.166896468857e-01 2.994682406655e-01 3.685006677047e-04 3.804601499188e-01
2 18 1 1.02381381 1.62785543 1.42352924 1.49581217 1.45638768 4.156067362577e-05 5.621736059560e-01 2.732101259140e-01 3.973040107722e-04 3.607312140085e-01
2 19 1 1.02381381 1.62785543 1.42352924 1.49581217 1.45638768 4.125244725006e-05 5.221652029778e-01 2.517514073488e-01 4.142854005831e-04 3.453986804029e-01
2 20 1 1.02381381 1.62785543 1.42352924 1.49581217 1.45638768 4.097331572109e-05 4.948264493298e-01 2.360605878084e-01 3.525860343599e-04 3.350492385843e-01
2 21 1 1.02381381 1.62785543 1.42352924 1.49581217 1.45638768 4.072037258576e-05 4.789896019758e-01 2.273989712620e-01 2.852692007137e-04 3.306100357975e-01
2 22 1 1.02381381 1.62785543 1.42352924 1.49581217 1.45638768 4.049171963254e-05 4.749787720233e-01 2.265157026306e-01 3.244519414088e-04 3.325683648780e-01
2 23 1 1.02381381 1.62785543 1.42352924 1.49581217 1.45638768 4.028629854683e-05 4.837892797683e-01 2.329842011525e-01 4.597974237059e-04 3.403256222901e-01
2 24 1 1.02381381 1.62785543 1.42352924 1.49581217 1.45638768 4.010371830552e-05 5.051017758920e-01 2.449915114020e-01 5.600644924322e-04 3.520137202596e-01
2 25 1 1.02381381 1.62785543 1.42352924 1.49581217 1.45638768 3.994408429476e-05 5.356749728674e-01 2.597131499213e-01 5.379743871749e-04 3.649186501947e-01
2 26 1 1.02381381 1.62785543 1.42352924 1.49581217 1.45638768 3.980783487907e-05 5.695867385114e-01 2.741653054091e-01 4.544776124904e-04 3.763766276057e-01
2 27 1 1.02381381 1.62785543 1.42352924 1.49581217 1.45638768 3.969559075672e-05 6.004869991282e-01 2.861837852306e-01 4.229976814696e-04 3.847441743483e-01
2 28 1 1.02381381 1.62785543 1.42352924 1.49581217 1.45638768 3.960802191699e-05 6.244317255701e-01 2.950557600116e-01 4.500077706930e-04 3.899457249448e-01
2 29 1 1.02381381 1.62785543 1.42352924 1.49581217 1.45638768 3.954573638248e-05 6.412636480388e-01 3.014464853448e-01 4.339331021577e-04 3.932695342309e-01
2 30 1 1.02381381 1.62785543 1.42352924 1.49581217 1.45638768 3.950919418921e-05 6.534635526444e-01 3.066188359087e-01 3.221755580381e-04 3.964671098263e-01
2 31 1 1.02381381 1.62785543 1.42352924 1.49581217 1.45638768 3.949864924661e-05 6.632606750698e-01 3.113604261755e-01 2.044310811467e-04 4.006113906032e-01
2 32 1 1.02381381 1.62785543 1.42352924 1.49581217 1.45638768 3.951412084809e-05 6.701427777807e-01 3.152431967635e-01 2.069768548723e-04 4.053385255102e-01
2 33 1 1.02381381 1.62785543 1.42352924 1.49581217 1.45638768 3.955539568977e-05 6.706689273958e-01 3.166758303567e-01 3.284243330473e-04 4.089106552561e-01
2 34 1 1.02381381 1.62785543 1.42352924 1.49581217 1.45638768 3.962206032315e-05 6.607949141313e-01 3.137458846735e-01 4.411249029555e-04 4.090844586137e-01
2 35 1 1.02381381 1.62785543 1.42352924 1.49581217 1.45638768 3.971356303652e-05 6.390429534911e-01 3.053741191164e-01 4.569371231922e-04 4.043175000652e-01
2 36 1 1.02381381 1.62785543 1.42352924 1.49581217 1.45638768 3.982930325340e-05 6.082130264787e-01 2.921227062490e-01 4.315023996854e-04 3.946624970876e-01
2 37 1 1.02381381 1.62785543 1.42352924 1.49581217 1.45638768 3.996874567298e-05 5.744187978710e-01 2.762185197373e-01 4.675112711324e-04 3.818901453178e-01
2 38 1 1.02381381 1.62785543 1.42352924 1.49581217 1.45638768 4.013155557991e-05 5.441925463086e-01 2.608132569139e-01 5.558890879086e-04 3.688159907193e-01
2 39 1 1.02381381 1.62785543 1.42352924 1.49581217 1.45638768 4.031775103591e-05 5.217457221384e-01 2.489050589150e-01 5.794274062022e-04 3.582212265742e-01
2 40 1 1.02381381 1.62785543 1.42352924 1.49581217 1.45638768 4.052786705102e-05 5.082155984722e-01 2.424672913023e-01 4.768192015676e-04 3.519246276228e-01
2 41 1 1.02381381 1.62785543 1.42352924 1.49581217 1.45638768 4.076312633436e-05 5.031483914230e-01 2.421528109325e-01 3.394306834797e-04 3.504262360257e-01
2 42 1 1.02381381 1.62785543 1.42352924 1.49581217 1.45638768 4.102561085300e-05 5.068278199547e-01 2.476225467998e-01 3.023592613050e-04 3.532209427496e-01
2 43 1 1.02381381 1.62785543 1.42352924 1.49581217 1.45638768 4.131842819623e-05 5.215811546201e-01 2.582692539258e-01 3.745039905932e-04 3.595609264222e-01
2 44 1 1.02381381 1.62785543 1.42352924 1.49581217 1.45638768 4.164586665544e-05 5.511314716128e-01 2.739658754991e-01 4.384546729634e-04 3.692699697457e-01
2 45 1 1.02381381 1.62785543 1.42352924 1.49581217 1.45638768 4.201353299328e-05 5.985752017639e-01 2.954672483874e-01 4.191220131131e-04 3.832190389905e-01
2 46 1 1.02381381 1.62785543 1.42352924 1.49581217 1.45638768 4.242846708979e-05 6.644692812956e-01 3.242176585093e-01 3.885469822224e-04 4.032268487566e-01
2 47 1 1.02381381 1.62785543 1.42352924 1.49581217 1.45638768 4.289922801567e-05 7.462379462957e-01 3.615614781288e-01 4.625276999127e-04 4.313925265456e-01
2 48 1 1.02381381 1.62785543 1.42352924 1.49581217 1.45638768 4.343594658893e-05 8.390466889956e-01 4.076759910727e-01 6.317494145968e-04 4.691297692178e-01
2 49 1 1.02381381 1.62785543 1.42352924 1.49581217 1.45638768 4.405034011218e-05 9.373489695855e-01 4.607963833165e-01 7.609696012750e-04 5.163550270781e-01
2 50 1 1.02381381 1.62785543 1.42352924 1.49581217 1.45638768 4.475568575212e-05 1.036127324313e+00 5.172755750887e-01 7.593712711909e-04 5.712715263481e-01
2 51 1 1.02381381 1.62785543 1.42352924 1.49581217 1.45638768 4.556674989694e-05 1.131355113703e+00 5.726218026306e-01 6.902990174989e-04 6.309290890993e-01
2 52 1 1.02381381 1.62785543 1.42352924 1.49581217 1.45638768 4.649967179396e-05 1.219839329463e+00 6.230582782686e-01 6.721831998272e-04 6.923168878310e-01
2 53 1 1.02381381 1.62785543 1.42352924 1.49581217 1.45638768 4.757180081070e-05 1.298884139676e+00 6.667466624201e-01 7.100179342104e-04 7.534030639355e-01
2 54 1 1.02381381 1.62785543 1.42352924 1.49581217 1.45638768 4.880148775596e-05 1.366089246244e+00 7.039486769707e-01 6.931347530884e-04 8.135244950798e-01
2 55 1 1.02381381 1.62785543 1.42352924 1.49581217 1.45638768 5.020783182279e-05 1.419346325345e+00 7.360491158769e-01 5.658490301181e-04 8.729144171008e-01
2 56 1 1.02381381 1.62785543 1.42352924 1.49581217 1.45638768 5.181038584687e-05 1.456975673752e+00 7.641042015062e-01 4.351364118500e-04 9.317099520776e-01
2 57 1 1.02381381 1.62785543 1.42352924 1.49581217 1.45638768 5.362882368991e-05 1.477973584540e+00 7.878788881007e-01 4.583835711378e-04 9.891199538799e-01
2 58 1 1.02381381 1.62785543 1.42352924 1.49581217 1.45638768 5.568257463298e-05 1.482388863237e+00 8.059760626585e-01 6.524049314897e-04 1.043296729253e+00
2 59 1 1.02381381 1.62785543 1.42352924 1.49581217 1.45638768 5.799043067507e-05 1.471826047863e+00 8.169184128100e-01 8.765074236785e-04 1.091934219882e+00
2 60 1 1.02381381 1.62785543 1.42352924 1.49581217 1.45638768 6.057013355567e-05 1.449992891457e+00 8.204697137180e-01 1.009851012912e-03 1.133106529309e+00
2 61 1 1.02381381 1.62785543 1.42352924 1.49581217 1.45638768 6.343794913380e-05 1.423096361427e+00 8.184487593912e-01 1.080693074357e-03 1.165759360539e+00
2 62 1 1.02381381 1.62785543 1.42352924 1.49581217 1.45638768 6.660823743984e-05 1.399758877578e+00 8.147157315190e-01 1.175907997037e-03 1.189639581778e+00
2 63 1 1.02381381 1.62785543 1.42352924 1.49581217 1.45638768 7.009302725318e-05 1.390076005876e+00 8.144950149276e-01 1.271036690055e-03 1.204967327674e+00
3 0 1 1.49028436 2.29671597 1.91157654 1.59324018 2.02584629 1.865672331883e-04 5.539468571813e+00 2.704881770518e+00 1.115308353063e+00 3.414313012335e+00
3 1 1 1.49028436 2.29671597 1.91157654 1.59324018 2.02584629 1.797268032544e-04 5.351193473921e+00 2.602267010504e+00 1.074559927870e+00 3.304990650301e+00
3 2 1 1.49028436 2.29671597 1.91157654 1.59324018 2.02584629 1.731136505576e-04 5.147935044382e+00 2.491045969481e+00 1.033938569465e+00 3.170709005914e+00
3 3 1 1.49028436 2.29671597 1.91157654 1.59324018 2.02584629 1.667278191866e-04 4.948094686059e+00 2.388049732758e+00 9.946128076815e-01 3.039260601394e+00
3 4 1 1.49028436 2.29671597 1.91157654 1.59324018 2.02584629 1.605693517146e-04 4.744105812988e+00 2.289664378435e+00 9.596979927063e-01 2.919060263425e+00
3 5 1 1.49028436 2.29671597 1.91157654 1.59324018 2.02584629 1.546382891993e-04 4.539574695072e+00 2.194808078596e+00 9.303627731526e-01 2.797753517746e+00
3 6 1 1.49028436 2.29671597 1.91157654 1.59324018 2.02584629 1.489346711819e-04 4.367819930333e+00 2.117566422599e+00 9.030627549907e-01 2.683953082218e+00
3 7 1 1.49028436 2.29671597 1.91157654 1.59324018 2.02584629 1.434585356875e-04 4.229344585812e+00 2.053921785269e+00 8.724207075415e-01 2.586484974685e+00
3 8 1 1.49028436 2.29671597 1.91157654 1.59324018 2.02584629 1.382099192246e-04 4.089646776727e+00 1.985240070920e+00 8.371653547089e-01 2.490147531456e+00
3 9 1 1.49028436 2.29671597 1.91157654 1.59324018 2.02584629 1.331888567848e-04 3.947639563078e+00 1.917280196335e+00 8.021199040085e-01 2.393136493562e+00
3 10 1 1.49028436 2.29671597 1.91157654 1.59324018 2.02584629 1.283953818427e-04 3.822987409753e+00 1.865962949336e+00 7.734392859015e-01 2.315650794775e+00
3 11 1 1.49028436 2.29671597 1.91157654 1.59324018 2.02584629 1.238295263557e-04 3.702659952672e+00 1.821879103308e+00 7.521969077359e-01 2.255921035406e+00
3 12 1 1.49028436 2.29671597 1.91157654 1.59324018 2.02584629 1.194913207634e-04 3.572719010597e+00 1.770613950342e+00 7.334312457131e-01 2.192559632677e+00
3 13 1 1.49028436 2.29671597 1.91157654 1.59324018 2.02584629 1.153807939881e-04 3.453959649575e+00 1.717941097037e+00 7.115164519984e-01 2.124359898482e+00
3 14 1 1.49028436 2.29671597 1.91157654 1.59324018 2.02584629 1.114979734338e-04 3.359387898894e+00 1.668431440636e+00 6.857359698860e-01 2.061869801797e+00
3 15 1 1.49028436 2.29671597 1.91157654 1.59324018 2.02584629 1.078428849866e-04 3.273298239566e+00 1.614662298459e+00 6.602337141911e-01 2.000868446652e+00
3 16 1 1.49028436 2.29671597 1.91157654 1.59324018 2.02584629 1.044155530146e-04 3.189235472839e+00 1.558686268263e+00 6.391760694534e-01 1.937483987807e+00
3 17 1 1.49028436 2.29671597 1.91157654 1.59324018 2.02584629 1.012160003670e-04 3.114324021566e+00 1.511215046212e+00 6.228890880912e-01 1.881700079770e+00
3 18 1 1.49028436 2.29671597 1.91157654 1.59324018 2.02584629 9.824424837480e-05 3.040222133040e+00 1.470555859528e+00 6.086822720817e-01 1.836070706185e+00
3 19 1 1.49028436 2.29671597 1.91157654 1.59324018 2.02584629 9.550031685014e-05 2.954865656874e+00 1.428961901141e+00 5.943430881529e-01 1.790524083052e+00
3 20 1 1.49028436 2.29671597 1.91157654 1.59324018 2.02584629 9.298422408635e-05 2.869371750477e+00 1.390850049233e+00 5.799028115517e-01 1.745774543643e+00
3 21 1 1.49028436 2.29671597 1.91157654 1.59324018 2.02584629 9.069598685780e-05 2.799427219208e+00 1.362802327505e+00 5.663444301420e-01 1.711340028055e+00
3 22 1 1.49028436 2.29671597 1.91157654 1.59324018 2.02584629 8.863562041978e-05 2.738150955409e+00 1.337638627855e+00 5.538572541709e-01 1.681863328024e+00
3 23 1 1.49028436 2.29671597 1.91157654 1.59324018 2.02584629 8.680313850840e-05 2.675243963761e+00 1.307372377957e+00 5.421352500191e-01 1.645971955258e+00
3 24 1 1.49028436 2.29671597 1.91157654 1.59324018 2.02584629 8.519855334053e-05 2.621087208859e+00 1.278280497790e+00 5.318436928128e-01 1.609516569940e+00
3 25 1 1.49028436 2.29671597 1.91157654 1.59324018 2.02584629 8.382187561365e-05 2.584825058999e+00 1.256766331343e+00 5.245856073078e-01 1.581990950713e+00
3 26 1 1.49028436 2.29671597 1.91157654 1.59324018 2.02584629 8.267311450586e-05 2.554478385471e+00 1.237268400897e+00 5.208718122194e-01 1.557525382005e+00
3 27 1 1.49028436 2.29671597 1.91157654 1.59324018 2.02584629 8.175227767573e-05 2.522273051388e+00 1.217407130465e+00 5.187137868965e-01 1.532038151820e+00
3 28 1 1.49028436 2.29671597 1.91157654 1.59324018 2.02584629 8.105937126234e-05 2.497077737234e+00 1.203823583798e+00 5.151834094799e-01 1.513590210519e+00
3 29 1 1.49028436 2.29671597 1.91157654 1.59324018 2.02584629 8.059439988517e-05 2.478725149622e+00 1.195769950718e+00 5.096606480287e-01 1.502535385738e+00
3 30 1 1.49028436 2.29671597 1.91157654 1.59324018 2.02584629 8.035736664413e-05 2.461197294742e+00 1.187989475124e+00 5.050076582148e-01 1.492740876668e+00
3 31 1 1.49028436 2.29671597 1.91157654 1.59324018 2.02584629 8.034827311945e-05 2.459076539956e+00 1.187834645589e+00 5.049093627125e-01 1.492405299797e+00
3 32 1 1.49028436 2.29671597 1.91157654 1.59324018 2.02584629 8.056711937178e-05 2.485438363472e+00 1.202817837405e+00 5.100183075964e-01 1.510287402672e+00
3 33 1 1.49028436 2.29671597 1.91157654 1.59324018 2.02584629 8.101390394209e-05 2.521933810091e+00 1.222931489971e+00 5.171522674472e-01 1.534566071699e+00
3 34 1 1.49028436 2.29671597 1.91157654 1.59324018 2.02584629 8.168862385176e-05 2.550171853435e+00 1.238614422102e+00 5.225398725697e-01 1.554049512072e+00
3 35 1 1.49028436 2.29671597 1.91157654 1.59324018 2.02584629 8.259127460253e-05 2.579065279957e+00 1.255916756552e+00 5.256234127810e-01 1.575667793496e+00
3 36 1 1.49028436 2.29671597 1.91157654 1.59324018 2.02584629 8.372185017658e-05 2.615773283784e+00 1.278383262358e+00 5.293614105547e-01 1.602626110738e+00
3 37 1 1.49028436 2.29671597 1.91157654 1.59324018 2.02584629 8.508034303657e-05 2.653412124492e+00 1.299796816688e+00 5.369474573159e-01 1.627441745412e+00
3 38 1 1.49028436 2.29671597 1.91157654 1.59324018 2.02584629 8.666674412564e-05 2.696849959347e+00 1.321117122442e+00 5.487396989134e-01 1.652564488851e+00
3 39 1 1.49028436 2.29671597 1.91157654 1.59324018 2.02584629 8.848104286753e-05 2.756714747635e+00 1.348466064683e+00 5.625744432573e-01 1.685054647053e+00
3 40 1 1.49028436 2.29671597 1.91157654 1.59324018 2.02584629 9.052322716660e-05 2.823891593712e+00 1.377475347781e+00 5.765176106500e-01 1.718167268512e+00
3 41 1 1.49028436 2.29671597 1.91157654 1.59324018 2.02584629 9.279328340798e-05 2.886585112645e+00 1.402735115049e+00 5.905462102197e-01 1.746821493439e+00
3 42 1 1.49028436 2.29671597 1.91157654 1.59324018 2.02584629 9.529119645756e-05 2.954175037677e+00 1.432340344975e+00 6.055491508635e-01 1.782759697742e+00
3 43 1 1.49028436 2.29671597 1.91157654 1.59324018 2.02584629 9.801694966218e-05 3.034857768417e+00 1.473618628291e+00 6.216620832291e-01 1.832284886677e+00
3 44 1 1.49028436 2.29671597 1.91157654 1.59324018 2.02584629 1.009705248497e-04 3.114751086861e+00 1.518845987267e+00 6.385246789827e-01 1.884568606354e+00
3 45 1 1.49028436 2.29671597 1.91157654 1.59324018 2.02584629 1.041519023291e-04 3.184942000072e+00 1.561370869224e+00 6.569284668045e-01 1.936223980865e+00
3 46 1 1.49028436 2.29671597 1.91157654 1.59324018 2.02584629 1.075610608908e-04 3.262268330780e+00 1.608318853494e+00 6.789002523795e-01 1.997380775020e+00
3 47 1 1.49028436 2.29671597 1.91157654 1.59324018 2.02584629 1.111979778064e-04 3.359864764602e+00 1.662544516111e+00 7.051908834150e-01 2.066632883400e+00
3 48 1 1.49028436 2.29671597 1.91157654 1.59324018 2.02584629 1.150626288291e-04 3.468690520068e+00 1.713535548402e+00 7.331776454336e-01 2.132529988336e+00
3 49 1 1.49028436 2.29671597 1.91157654 1.59324018 2.02584629 1.191549881941e-04 3.587557864466e+00 1.759352757782e+00 7.586988093252e-01 2.198530341122e+00
3 50 1 1.49028436 2.29671597 1.91157654 1.59324018 2.02584629 1.234750286183e-04 3.727854424401e+00 1.810995879140e+00 7.807521187447e-01 2.273426026161e+00
3 51 1 1.49028436 2.29671597 1.91157654 1.59324018 2.02584629 1.280227213006e-04 3.876997424573e+00 1.868449737976e+00 8.036615878372e-01 2.350717234829e+00
3 52 1 1.49028436 2.29671597 1.91157654 1.59324018 2.02584629 1.327980359224e-04 4.013832047837e+00 1.925862693248e+00 8.332802981171e-01 2.429983510972e+00
3 53 1 1.49028436 2.29671597 1.91157654 1.59324018 2.02584629 1.378009406475e-04 4.153805999925e+00 1.994600296717e+00 8.706698743380e-01 2.529097889178e+00
3 54 1 1.49028436 2.29671597 1.91157654 1.59324018 2.02584629 1.430314021222e-04 4.316224895133e+00 2.082471965481e+00 9.103840007114e-01 2.646815577803e+00
3 55 1 1.49028436 2.29671597 1.91157654 1.59324018 2.02584629 1.484893854761e-04 4.483495901718e+00 2.172050224529e+00 9.458522372413e-01 2.758416373726e+00
3 56 1 1.49028436 2.29671597 1.91157654 1.59324018 2.02584629 1.541748543217e-04 4.650801802587e+00 2.255587549591e+00 9.762320551851e-01 2.863646852668e+00
3 57 1 1.49028436 2.29671597 1.91157654 1.59324018 2.02584629 1.600877707548e-04 4.847111713918e+00 2.352000194189e+00 1.007127538864e+00 2.981447246470e+00
3 58 1 1.49028436 2.29671597 1.91157654 1.59324018 2.02584629 1.662280953552e-04 5.066935292444e+00 2.464526779401e+00 1.044484826544e+00 3.104003572699e+00
3 59 1 1.49028436 2.29671597 1.91157654 1.59324018 2.02584629 1.725957871861e-04 5.269006183396e+00 2.573040003957e+00 1.088713117554e+00 3.216717826171e+00
3 60 1 1.49028436 2.29671597 1.91157654 1.59324018 2.02584629 1.791908037955e-04 5.450122971326e+00 2.674443023453e+00 1.135379532782e+00 3.330294230875e+00
3 61 1 1.49028436 2.29671597 1.91157654 1.59324018 2.02584629 1.860131012153e-04 5.633054691208e+00 2.777289540296e+00 1.180725760656e+00 3.444286614843e+00
3 62 1 1.49028436 2.29671597 1.91157654 1.59324018 2.02584629 1.930626339624e-04 5.813135229072e+00 2.872613148967e+00 1.224919273292e+00 3.538957857569e+00
3 63 1 1.49028436 2.29671597 1.91157654 1.59324018 2.02584629 2.003393550389e-04 5.991180166545e+00 2.957804687576e+00 1.269825304274e+00 3.628709778082e+00
9 0 1 1.13350738 1.80633738 1.55339681 1.53504496 1.60356713 8.375742703275e-05 2.605565097039e+00 1.491204931453e+00 1.847276354118e-03 1.489644885617e+00
9 1 1 1.13350738 1.80633738 1.55339681 1.53504496 1.60356713 8.891161438329e-05 2.468888634903e+00 1.418165815494e+00 1.939266700643e-03 1.389035857688e+00
9 2 1 1.13350738 1.80633738 1.55339681 1.53504496 1.60356713 9.402071044415e-05 2.332431619559e+00 1.345982166295e+00 2.015862751529e-03 1.297378691297e+00
9 3 1 1.13350738 1.80633738 1.55339681 1.53504496 1.60356713 9.849599896779e-05 2.205211631638e+00 1.276662944114e+00 1.925973588922e-03 1.218644161707e+00
9 4 1 1.13350738 1.80633738 1.55339681 1.53504496 1.60356713 1.018450895768e-04 2.082063530449e+00 1.207679838892e+00 1.788174250914e-03 1.149045724048e+00
9 5 1 1.13350738 1.80633738 1.55339681 1.53504496 1.60356713 1.036992118280e-04 1.951736575270e+00 1.136048284468e+00 1.900230326679e-03 1.082257161361e+00
9 6 1 1.13350738 1.80633738 1.55339681 1.53504496 1.60356713 1.038295355538e-04 1.810113701849e+00 1.062432610090e+00 2.313557395172e-03 1.015974799136e+00
9 7 1 1.13350738 1.80633738 1.55339681 1.53504496 1.60356713 1.021522434747e-04 1.665439160809e+00 9.908079229730e-01 2.650581137800e-03 9.530847560075e-01
9 8 1 1.13350738 1.80633738 1.55339681 1.53504496 1.60356713 9.872294056262e-05 1.531154326919e+00 9.243794182840e-01 2.488347629256e-03 8.973133927846e-01
9 9 1 1.13350738 1.80633738 1.55339681 1.53504496 1.60356713 9.372172402317e-05 1.414896357536e+00 8.627986466627e-01 1.868646285569e-03 8.491178784402e-01
9 10 1 1.13350738 1.80633738 1.55339681 1.53504496 1.60356713 8.743080985512e-05 1.314982895319e+00 8.039668057491e-01 1.281450175543e-03 8.063287851960e-01
9 11 1 1.13350738 1.80633738 1.55339681 1.53504496 1.60356713 8.020698615802e-05 1.226227268950e+00 7.480700714543e-01 1.128840108451e-03 7.680009836097e-01
9 12 1 1.13350738 1.80633738 1.55339681 1.53504496 1.60356713 7.245132792016e-05 1.147121796498e+00 6.988596423887e-01 1.322985027649e-03 7.364380794604e-01
9 13 1 1.13350738 1.80633738 1.55339681 1.53504496 1.60356713 6.457856949100e-05 1.080921524638e+00 6.605594082403e-01 1.462991974729e-03 7.149496427720e-01
9 14 1 1.13350738 1.80633738 1.55339681 1.53504496 1.60356713 5.698831218561e-05 1.031329732836e+00 6.338334225464e-01 1.310407667693e-03 7.039160684578e-01
9 15 1 1.13350738 1.80633738 1.55339681 1.53504496 1.60356713 5.003988134812e-05 9.988000852665e-01 6.150855286798e-01 9.955467363479e-04 6.994548372606e-01
9 16 1 1.13350738 1.80633738 1.55339681 1.53504496 1.60356713 4.403218437570e-05 9.810004248388e-01 5.995540448339e-01 7.997253096303e-04 6.960679802933e-01
9 17 1 1.13350738 1.80633738 1.55339681 1.53504496 1.60356713 3.918940745283e-05 9.755509010114e-01 5.849225790835e-01 8.457503310567e-04 6.906947205244e-01
9 18 1 1.13350738 1.80633738 1.55339681 1.53504496 1.60356713 3.565287227681e-05 9.813839726507e-01 5.722675079407e-01 1.030702425323e-03 6.845293342643e-01
9 19 1 1.13350738 1.80633738 1.55339681 1.53504496 1.60356713 3.347889821240e-05 9.976730348426e-01 5.641464486913e-01 1.191411503794e-03 6.812826037374e-01
9 20 1 1.13350738 1.80633738 1.55339681 1.53504496 1.60356713 3.264211506712e-05 1.022210566008e+00 5.620303688957e-01 1.268326660632e-03 6.837109395638e-01
9 21 1 1.13350738 1.80633738 1.55339681 1.53504496 1.60356713 3.304337116790e-05 1.051425007817e+00 5.652328421050e-01 1.307499289868e-03 6.914705593156e-01
9 22 1 1.13350738 1.80633738 1.55339681 1.53504496 1.60356713 3.452119270435e-05 1.082346470560e+00 5.718014679582e-01 1.345324010803e-03 7.018967431071e-01
9 23 1 1.13350738 1.80633738 1.55339681 1.53504496 1.60356713 3.686567339458e-05 1.114723615176e+00 5.801980856597e-01 1.336399419478e-03 7.125812571999e-01
9 24 1 1.13350738 1.80633738 1.55339681 1.53504496 1.60356713 3.983369758177e-05 1.150826445252e+00 5.900834043230e-01 1.220027113884e-03 7.230429309194e-01
9 25 1 1.13350738 1.80633738 1.55339681 1.53504496 1.60356713 4.316450538565e-05 1.192159262084e+00 6.014294719722e-01 1.041637085705e-03 7.338584881847e-01
9 26 1 1.13350738 1.80633738 1.55339681 1.53504496 1.60356713 4.659477027347e-05 1.235598305299e+00 6.129360103873e-01 9.488745774118e-04 7.444215847789e-01
9 27 1 1.13350738 1.80633738 1.55339681 1.53504496 1.60356713 4.987254970003e-05 1.273257646796e+00 6.217674797317e-01 1.021212266531e-03 7.521789566943e-01
9 28 1 1.13350738 1.80633738 1.55339681 1.53504496 1.60356713 5.276966149413e-05 1.297700144600e+00 6.255369736228e-01 1.134314104255e-03 7.547280545106e-01
9 29 1 1.13350738 1.80633738 1.55339681 1.53504496 1.60356713 5.509220952580e-05 1.308427693163e+00 6.248925567380e-01 1.071743619171e-03 7.528267730906e-01
9 30 1 1.13350738 1.80633738 1.55339681 1.53504496 1.60356713 5.668911521891e-05 1.312926883925e+00 6.237754748900e-01 7.938712293623e-04 7.508213487002e-01
9 31 1 1.13350738 1.80633738 1.55339681 1.53504496 1.60356713 5.745859781415e-05 1.320043255328e+00 6.263578564605e-01 5.298139909470e-04 7.533238815571e-01
9 32 1 1.13350738 1.80633738 1.55339681 1.53504496 1.60356713 5.735258540029e-05 1.331393659984e+00 6.331982587496e-01 5.405951376630e-04 7.609863655062e-01
9 33 1 1.13350738 1.80633738 1.55339681 1.53504496 1.60356713 5.637903793384e-05 1.339291218898e+00 6.403897155654e-01 8.195667605899e-04 7.695483207055e-01
9 34 1 1.13350738 1.80633738 1.55339681 1.53504496 1.60356713 5.460213651650e-05 1.333528738133e+00 6.427232896686e-01 1.097974679896e-03 7.732820897478e-01
9 35 1 1.13350738 1.80633738 1.55339681 1.53504496 1.60356713 5.214025811917e-05 1.310501916846e+00 6.379207421513e-01 1.150604769213e-03 7.696151748914e-01
9 36 1 1.13350738 1.80633738 1.55339681 1.53504496 1.60356713 4.916163134432e-05 1.276023612128e+00 6.280544693772e-01 1.028904077312e-03 7.606573465995e-01
9 37 1 1.13350738 1.80633738 1.55339681 1.53504496 1.60356713 4.587757502602e-05 1.239838174246e+00 6.172616707407e-01 9.601024741986e-04 7.506237894096e-01
9 38 1 1.13350738 1.80633738 1.55339681 1.53504496 1.60356713 4.253327176266e-05 1.207839562880e+00 6.084050307588e-01 1.071294772609e-03 7.421426477948e-01
9 39 1 1.13350738 1.80633738 1.55339681 1.53504496 1.60356713 3.939613080579e-05 1.179161818797e+00 6.018017957137e-01 1.275848963597e-03 7.350461181084e-01
9 40 1 1.13350738 1.80633738 1.55339681 1.53504496 1.60356713 3.674194910798e-05 1.149569555321e+00 5.965662992016e-01 1.412682822741e-03 7.282188360925e-01
9 41 1 1.13350738 1.80633738 1.55339681 1.53504496 1.60356713 3.483927719442e-05 1.116771051058e+00 5.925799722636e-01 1.425378566716e-03 7.219221378136e-01
9 42 1 1.13350738 1.80633738 1.55339681 1.53504496 1.60356713 3.393262106042e-05 1.082797804538e+00 5.910061901398e-01 1.375154385959e-03 7.179248297735e-01
9 43 1 1.13350738 1.80633738 1.55339681 1.53504496 1.60356713 3.422533884594e-05 1.052391480011e+00 5.931038790091e-01 1.319635874774e-03 7.174338531794e-01
9 44 1 1.13350738 1.80633738 1.55339681 1.53504496 1.60356713 3.586329336065e-05 1.029852106762e+00 5.987834173819e-01 1.235152676824e-03 7.192462445550e-01
9 45 1 1.13350738 1.80633738 1.55339681 1.53504496 1.60356713 3.892046880506e-05 1.017319450441e+00 6.065470452614e-01 1.078134983649e-03 7.203771883015e-01
9 46 1 1.13350738 1.80633738 1.55339681 1.53504496 1.60356713 4.338782424563e-05 1.015552688682e+00 6.152273586259e-01 9.027871258590e-04 7.189824055480e-01
9 47 1 1.13350738 1.80633738 1.55339681 1.53504496 1.60356713 4.916661482022e-05 1.025856749037e+00 6.261798911643e-01 8.687392373612e-04 7.170055998922e-01
9 48 1 1.13350738 1.80633738 1.55339681 1.53504496 1.60356713 5.606724998397e-05 1.050703566872e+00 6.436572048920e-01 1.077413213367e-03 7.198432551676e-01
9 49 1 1.13350738 1.80633738 1.55339681 1.53504496 1.60356713 6.381447300937e-05 1.091999263818e+00 6.722501419129e-01 1.398571956172e-03 7.327840251600e-01
9 50 1 1.13350738 1.80633738 1.55339681 1.53504496 1.60356713 7.205924659081e-05 1.148996877043e+00 7.131646307797e-01 1.541616245228e-03 7.571045574336e-01
9 51 1 1.13350738 1.80633738 1.55339681 1.53504496 1.60356713 8.039723780813e-05 1.219100171835e+00 7.629697179043e-01 1.384198625753e-03 7.894956892739e-01
9 52 1 1.13350738 1.80633738 1.55339681 1.53504496 1.60356713 8.839324586918e-05 1.301663228293e+00 8.165960745990e-01 1.194184152089e-03 8.256169603261e-01
9 53 1 1.13350738 1.80633738 1.55339681 1.53504496 1.60356713 9.561035172037e-05 1.400230529785e+00 8.719258204074e-01 1.392723691350e-03 8.643840101782e-01
9 54 1 1.13350738 1.80633738 1.55339681 1.53504496 1.60356713 1.016420399064e-04 1.518971321826e+00 9.311708044952e-01 2.045478657219e-03 9.085495657453e-01
9 55 1 1.13350738 1.80633738 1.55339681 1.53504496 1.60356713 1.061451022157e-04 1.655866911115e+00 9.974897084864e-01 2.699240638946e-03 9.610093344549e-01
9 56 1 1.13350738 1.80633738 1.55339681 1.53504496 1.60356713 1.088708291940e-04 1.800843898652e+00 1.070705706854e+00 2.837618725578e-03 1.021207907307e+00
9 57 1 1.13350738 1.80633738 1.55339681 1.53504496 1.60356713 1.096918714231e-04 1.943059700363e+00 1.147107184242e+00 2.447293724133e-03 1.086160427553e+00
9 58 1 1.13350738 1.80633738 1.55339681 1.53504496 1.60356713 1.086222371745e-04 2.080767996269e+00 1.223462687749e+00 2.003493656889e-03 1.155121421209e+00
9 59 1 1.13350738 1.80633738 1.55339681 1.53504496 1.60356713 1.058282001952e-04 2.222438137253e+00 1.300269447861e+00 1.906226582271e-03 1.232011174452e+00
9 60 1 1.13350738 1.80633738 1.55339681 1.53504496 1.60356713 1.016284158428e-04 2.376286016669e+00 1.380149051660e+00 2.081722820105e-03 1.321703055544e+00
9 61 1 1.13350738 1.80633738 1.55339681 1.53504496 1.60356713 9.648226064304e-05 2.538358086905e+00 1.463136131874e+00 2.195448601768e-03 1.423562401253e+00
9 62 1 1.13350738 1.80633738 1.55339681 1.53504496 1.60356713 9.096627554493e-05 2.691764484235e+00 1.544309495026e+00 2.110811700434e-03 1.529691135900e+00
9 63 1 1.13350738 1.80633738 1.55339681 1.53504496 1.60356713 8.573954591882e-05 2.818512679275e+00 1.616552601565e+00 1.986713661458e-03 1.630775540824e+00
11 0 1 1.44906519 3.78628344 2.83930398 2.61567252 2.96990656 4.626975114996e-04 3.361086997843e+01 1.486778643351e+01 6.169621610284e+00 1.926402940103e+01
11 1 1 1.44906519 3.78628344 2.83930398 2.61567252 2.96990656 4.993847901324e-04 3.545201244745e+01 1.531248071420e+01 5.284756522627e+00 1.790854461765e+01
11 2 1 1.44906519 3.78628344 2.83930398 2.61567252 2.96990656 5.284580326894e-04 3.743365533480e+01 1.520304529966e+01 4.272641492983e+00 1.614793069595e+01
11 3 1 1.44906519 3.78628344 2.83930398 2.61567252 2.96990656 5.477859677794e-04 3.892790317234e+01 1.456708892803e+01 3.603146475477e+00 1.427435826474e+01
11 4 1 1.44906519 3.78628344 2.83930398 2.61567252 2.96990656 5.560256098429e-04 3.935749810088e+01 1.345935093336e+01 3.526081838494e+00 1.247575773404e+01
11 5 1 1.44906519 3.78628344 2.83930398 2.61567252 2.96990656 5.526441404863e-04 3.855473973451e+01 1.207440901574e+01 3.974082688926e+00 1.097964964359e+01
11 6 1 1.44906519 3.78628344 2.83930398 2.61567252 2.96990656 5.378881966024e-04 3.657831187177e+01 1.062753534648e+01 4.627225083530e+00 9.933459400436e+00
11 7 1 1.44906519 3.78628344 2.83930398 2.61567252 2.96990656 5.127069449312e-04 3.356733988371e+01 9.264973339475e+00 5.072523735458e+00 9.331534074797e+00
11 8 1 1.44906519 3.78628344 2.83930398 2.61567252 2.96990656 4.786378357488e-04 3.002767147481e+01 8.175787562445e+00 5.013331281061e+00 9.177902364396e+00
11 9 1 1.44906519 3.78628344 2.83930398 2.61567252 2.96990656 4.376656163002e-04 2.656178638071e+01 7.467203126512e+00 4.435445163736e+00 9.391536487677e+00
11 10 1 1.44906519 3.78628344 2.83930398 2.61567252 2.96990656 3.920659959162e-04 2.364581220530e+01 7.129415151179e+00 3.619892741137e+00 9.809987647005e+00
11 11 1 1.44906519 3.78628344 2.83930398 2.61567252 2.96990656 3.442453062803e-04 2.172309224140e+01 7.161391524845e+00 2.974307233544e+00 1.034506682636e+01
11 12 1 1.44906519 3.78628344 2.83930398 2.61567252 2.96990656 2.965866709697e-04 2.095322264951e+01 7.488726393255e+00 2.781311892062e+00 1.088853976435e+01
11 13 1 1.44906519 3.78628344 2.83930398 2.61567252 2.96990656 2.513117188931e-04 2.120156727648e+01 7.973392889976e+00 3.046908360642e+00 1.130445465972e+01
11 14 1 1.44906519 3.78628344 2.83930398 2.61567252 2.96990656 2.103649152383e-04 2.220928844192e+01 8.499004227774e+00 3.536187115037e+00 1.152155861199e+01
11 15 1 1.44906519 3.78628344 2.83930398 2.61567252 2.96990656 1.753253318137e-04 2.351641463468e+01 8.912787344649e+00 3.927950112816e+00 1.145975203268e+01
11 16 1 1.44906519 3.78628344 2.83930398 2.61567252 2.96990656 1.473483325760e-04 2.465107849022e+01 9.085980541285e+00 3.987577932568e+00 1.106429508582e+01
11 17 1 1.44906519 3.78628344 2.83930398 2.61567252 2.96990656 1.271373956657e-04 2.529921947352e+01 8.976075690239e+00 3.669642571201e+00 1.038368980592e+01
11 18 1 1.44906519 3.78628344 2.83930398 2.61567252 2.96990656 1.149442919502e-04 2.519386672473e+01 8.558217154949e+00 3.112025265322e+00 9.488074943800e+00
11 19 1 1.44906519 3.78628344 2.83930398 2.61567252 2.96990656 1.105942178172e-04 2.424016307042e+01 7.872105573745e+00 2.562975049320e+00 8.473931567000e+00
11 20 1 1.44906519 3.78628344 2.83930398 2.61567252 2.96990656 1.135313194956e-04 2.260448039053e+01 7.048506439175e+00 2.266153583711e+00 7.490855569697e+00
11 21 1 1.44906519 3.78628344 2.83930398 2.61567252 2.96990656 1.228793836340e-04 2.053439534194e+01 6.206765040812e+00 2.330719107302e+00 6.644425813909e+00
11 22 1 1.44906519 3.78628344 2.83930398 2.61567252 2.96990656 1.375122944184e-04 1.836199290994e+01 5.462903819166e+00 2.674796909225e+00 6.011824946947e+00
11 23 1 1.44906519 3.78628344 2.83930398 2.61567252 2.96990656 1.561291200031e-04 1.651331361288e+01 4.947061252143e+00 3.073172964656e+00 5.678622245231e+00
11 24 1 1.44906519 3.78628344 2.83930398 2.61567252 2.96990656 1.773293058324e-04 1.529369544472e+01 4.712590847666e+00 3.271824291398e+00 5.649689621225e+00
11 25 1 1.44906519 3.78628344 2.83930398 2.61567252 2.96990656 1.996843118129e-04 1.486390170840e+01 4.756464744625e+00 3.134637577236e+00 5.881149462379e+00
11 26 1 1.44906519 3.78628344 2.83930398 2.61567252 2.96990656 2.218030152351e-04 1.526550836237e+01 5.058104575616e+00 2.725772699800e+00 6.330209320435e+00
11 27 1 1.44906519 3.78628344 2.83930398 2.61567252 2.96990656 2.423891937018e-04 1.628699394927e+01 5.519349305017e+00 2.250834248439e+00 6.887336656306e+00
11 28 1 1.44906519 3.78628344 2.83930398 2.61567252 2.96990656 2.602902963071e-04 1.761059347168e+01 6.029535138455e+00 1.929870487260e+00 7.445651350779e+00
11 29 1 1.44906519 3.78628344 2.83930398 2.61567252 2.96990656 2.745374231591e-04 1.897079500622e+01 6.520594392408e+00 1.890829065864e+00 7.953371283064e+00
11 30 1 1.44906519 3.78628344 2.83930398 2.61567252 2.96990656 2.843769084892e-04 2.006434233845e+01 6.900355242607e+00 2.115093160049e+00 8.333189276253e+00
11 31 1 1.44906519 3.78628344 2.83930398 2.61567252 2.96990656 2.892941196786e-04 2.069455665556e+01 7.115292438898e+00 2.463992638147e+00 8.547016869939e+00
11 32 1 1.44906519 3.78628344 2.83930398 2.61567252 2.96990656 2.890300560124e-04 2.080458030404e+01 7.163099179943e+00 2.750849149259e+00 8.603772212316e+00
11 33 1 1.44906519 3.78628344 2.83930398 2.61567252 2.96990656 2.835911002797e-04 2.028880862645e+01 6.995071737565e+00 2.808153460993e+00 8.449382432928e+00
11 34 1 1.44906519 3.78628344 2.83930398 2.61567252 2.96990656 2.732519120553e-04 1.919731366397e+01 6.611462839662e+00 2.572106525879e+00 8.070872845953e+00
11 35 1 1.44906519 3.78628344 2.83930398 2.61567252 2.96990656 2.585510389628e-04 1.782993098152e+01 6.106957741755e+00 2.145788239620e+00 7.549777250409e+00
11 36 1 1.44906519 3.78628344 2.83930398 2.61567252 2.96990656 2.402784535199e-04 1.651162091928e+01 5.571069566756e+00 1.751327684598e+00 6.957276137468e+00
11 37 1 1.44906519 3.78628344 2.83930398 2.61567252 2.96990656 2.194539864606e-04 1.561894698950e+01 5.126699607578e+00 1.601335751699e+00 6.403462578914e+00
11 38 1 1.44906519 3.78628344 2.83930398 2.61567252 2.96990656 1.972955965134e-04 1.548954286130e+01 4.911860752229e+00 1.776113456804e+00 6.028659475172e+00
11 39 1 1.44906519 3.78628344 2.83930398 2.61567252 2.96990656 1.751766419286e-04 1.620075140587e+01 4.979221983764e+00 2.168701832519e+00 5.897712780849e+00
11 40 1 1.44906519 3.78628344 2.83930398 2.61567252 2.96990656 1.545718208049e-04 1.768267377785e+01 5.346851526342e+00 2.551516498152e+00 6.058352467460e+00
11 41 1 1.44906519 3.78628344 2.83930398 2.61567252 2.96990656 1.369922115506e-04 1.975140856547e+01 5.998151760977e+00 2.716107151001e+00 6.538762905256e+00
11 42 1 1.44906519 3.78628344 2.83930398 2.61567252 2.96990656 1.239108230250e-04 2.204106990034e+01 6.826747527405e+00 2.573528994454e+00 7.278063248934e+00
11 43 1 1.44906519 3.78628344 2.83930398 2.61567252 2.96990656 1.166811756606e-04 2.418545747747e+01 7.718226484798e+00 2.191809519990e+00 8.207733882357e+00
11 44 1 1.44906519 3.78628344 2.83930398 2.61567252 2.96990656 1.164525743027e-04 2.587190743248e+01 8.566084969722e+00 1.770783548447e+00 9.252206107627e+00
11 45 1 1.44906519 3.78628344 2.83930398 2.61567252 2.96990656 1.240867783696e-04 2.678855056800e+01 9.227026124444e+00 1.540939894586e+00 1.026941708499e+01
11 46 1 1.44906519 3.78628344 2.83930398 2.61567252 2.96990656 1.400815978639e-04 2.682341257179e+01 9.615770422543e+00 1.644248105082e+00 1.114614946747e+01
11 47 1 1.44906519 3.78628344 2.83930398 2.61567252 2.96990656 1.645074246532e-04 2.609974475751e+01 9.721838636850e+00 2.056597106737e+00 1.181145278079e+01
11 48 1 1.44906519 3.78628344 2.83930398 2.61567252 2.96990656 1.969627469602e-04 2.482525711242e+01 9.532611862929e+00 2.575219956202e+00 1.218202986865e+01
11 49 1 1.44906519 3.78628344 2.83930398 2.61567252 2.96990656 2.365542220496e-04 2.341466322046e+01 9.108158794913e+00 2.912601934842e+00 1.224578357416e+01
11 50 1 1.44906519 3.78628344 2.83930398 2.61567252 2.96990656 2.819058690380e-04 2.242063697293e+01 8.581227280940e+00 2.869044774323e+00 1.203878740133e+01
11 51 1 1.44906519 3.78628344 2.83930398 2.61567252 2.96990656 3.312004087317e-04 2.224084117188e+01 8.061803521025e+00 2.464286071575e+00 1.157440647441e+01
11 52 1 1.44906519 3.78628344 2.83930398 2.61567252 2.96990656 3.822537876709e-04 2.316927185467e+01 7.702071658813e+00 1.940486602275e+00 1.094594403621e+01
11 53 1 1.44906519 3.78628344 2.83930398 2.61567252 2.96990656 4.326215938237e-04 2.529900671339e+01 7.659338088947e+00 1.622758124950e+00 1.029611800837e+01
11 54 1 1.44906519 3.78628344 2.83930398 2.61567252 2.96990656 4.797335576140e-04 2.836827462393e+01 8.008880139215e+00 1.718344835332e+00 9.752049292705e+00
11 55 1 1.44906519 3.78628344 2.83930398 2.61567252 2.96990656 5.210498214606e-04 3.200064350092e+01 8.820844862022e+00 2.200278827996e+00 9.522246000825e+00
11 56 1 1.44906519 3.78628344 2.83930398 2.61567252 2.96990656 5.542303588026e-04 3.566528904787e+01 1.006421491613e+01 2.835273275046e+00 9.771805778177e+00
11 57 1 1.44906519 3.78628344 2.83930398 2.61567252 2.96990656 5.773070367143e-04 3.871569012425e+01 1.155699816206e+01 3.307573032889e+00 1.052589392181e+01
11 58 1 1.44906519 3.78628344 2.83930398 2.61567252 2.96990656 5.888465364508e-04 4.075096422406e+01 1.312997589135e+01 3.374597769491e+00 1.180519262814e+01
11 59 1 1.44906519 3.78628344 2.83930398 2.61567252 2.96990656 5.880918331899e-04 4.146078552976e+01 1.455583252891e+01 2.995504686497e+00 1.350879286912e+01
11 60 1 1.44906519 3.78628344 2.83930398 2.61567252 2.96990656 5.750703016478e-04 4.069334861466e+01 1.556273562806e+01 2.380532832959e+00 1.539523166727e+01
11 61 1 1.44906519 3.78628344 2.83930398 2.61567252 2.96990656 5.506578094993e-04 3.884584785245e+01 1.602989226558e+01 1.908490452841e+00 1.728030750885e+01
11 62 1 1.44906519 3.78628344 2.83930398 2.61567252 2.96990656 5.165903679313e-04 3.657950286655e+01 1.590922132534e+01 1.911156739926e+00 1.892507149131e+01
11 63 1 1.44906519 3.78628344 2.83930398 2.61567252 2.96990656 4.754179377597e-04 3.467879291544e+01 1.525496491213e+01 2.459944670293e+00 2.010807081012e+01
13 0 1 2.34782424 4.48494964 3.46823694 1.98556377 3.98186081 1.018642811818e-03 9.004914888619e+01 3.605722317511e+01 4.071558707660e+00 6.079872896397e+01
13 1 1 2.34782424 4.48494964 3.46823694 1.98556377 3.98186081 9.812974055830e-04 8.875409296158e+01 3.527272796099e+01 4.032967052531e+00 5.915875526637e+01
13 2 1 2.34782424 4.48494964 3.46823694 1.98556377 3.98186081 9.451893956508e-04 8.749994811000e+01 3.453103227402e+01 3.963922005663e+00 5.766906512755e+01
13 3 1 2.34782424 4.48494964 3.46823694 1.98556377 3.98186081 9.103193487797e-04 8.633627382402e+01 3.382415081592e+01 3.907556342235e+00 5.627600825196e+01
13 4 1 2.34782424 4.48494964 3.46823694 1.98556377 3.98186081 8.766878122963e-04 8.498122713878e+01 3.318876894026e+01 3.854965521254e+00 5.511203735124e+01
13 5 1 2.34782424 4.48494964 3.46823694 1.98556377 3.98186081 8.442953140874e-04 8.331499203092e+01 3.243567586182e+01 3.783245721937e+00 5.396096198588e+01
13 6 1 2.34782424 4.48494964 3.46823694 1.98556377 3.98186081 8.131423625916e-04 8.152808946266e+01 3.167650277431e+01 3.715833704569e+00 5.279353698366e+01
13 7 1 2.34782424 4.48494964 3.46823694 1.98556377 3.98186081 7.832294467914e-04 7.963147427420e+01 3.087922972772e+01 3.646637813506e+00 5.163651851017e+01
13 8 1 2.34782424 4.48494964 3.46823694 1.98556377 3.98186081 7.545570362054e-04 7.782203845274e+01 3.005525972910e+01 3.576083181236e+00 5.031064287528e+01
13 9 1 2.34782424 4.48494964 3.46823694 1.98556377 3.98186081 7.271255808811e-04 7.618099293969e+01 2.923854689148e+01 3.516913677310e+00 4.895247439659e+01
13 10 1 2.34782424 4.48494964 3.46823694 1.98556377 3.98186081 7.009355113876e-04 7.468827420175e+01 2.845480414889e+01 3.440695212648e+00 4.752983906054e+01
13 11 1 2.34782424 4.48494964 3.46823694 1.98556377 3.98186081 6.759872388092e-04 7.340021741211e+01 2.778857378652e+01 3.358734652298e+00 4.628630537814e+01
13 12 1 2.34782424 4.48494964 3.46823694 1.98556377 3.98186081 6.522811547384e-04 7.204030631857e+01 2.714922640480e+01 3.300664864849e+00 4.510990811664e+01
13 13 1 2.34782424 4.48494964 3.46823694 1.98556377 3.98186081 6.298176312704e-04 7.077963829290e+01 2.652636500558e+01 3.239739337823e+00 4.402608175673e+01
13 14 1 2.34782424 4.48494964 3.46823694 1.98556377 3.98186081 6.085970209967e-04 6.934317466940e+01 2.589091433004e+01 3.174121990785e+00 4.296750595375e+01
13 15 1 2.34782424 4.48494964 3.46823694 1.98556377 3.98186081 5.886196570000e-04 6.787536346263e+01 2.522185444949e+01 3.116658536644e+00 4.193551275949e+01
13 16 1 2.34782424 4.48494964 3.46823694 1.98556377 3.98186081 5.698858528487e-04 6.630555629372e+01 2.458045983610e+01 3.048676145464e+00 4.090885914007e+01
13 17 1 2.34782424 4.48494964 3.46823694 1.98556377 3.98186081 5.523959025920e-04 6.489623925383e+01 2.398048767929e+01 2.981733119058e+00 3.997631055726e+01
13 18 1 2.34782424 4.48494964 3.46823694 1.98556377 3.98186081 5.361500807553e-04 6.360976802198e+01 2.351525261940e+01 2.922276115520e+00 3.914265214322e+01
13 19 1 2.34782424 4.48494964 3.46823694 1.98556377 3.98186081 5.211486423361e-04 6.238278530909e+01 2.304823445950e+01 2.853683902275e+00 3.836638638080e+01
13 20 1 2.34782424 4.48494964 3.46823694 1.98556377 3.98186081 5.073918227998e-04 6.125816344629e+01 2.263454500287e+01 2.796816077136e+00 3.758670262611e+01
13 21 1 2.34782424 4.48494964 3.46823694 1.98556377 3.98186081 4.948798380759e-04 6.029951775426e+01 2.225548782992e+01 2.755695570013e+00 3.693509013449e+01
13 22 1 2.34782424 4.48494964 3.46823694 1.98556377 3.98186081 4.836128845548e-04 5.946440405288e+01 2.191875246142e+01 2.714039002716e+00 3.631398125170e+01
13 23 1 2.34782424 4.48494964 3.46823694 1.98556377 3.98186081 4.735911390847e-04 5.879514448735e+01 2.160916836407e+01 2.690567735431e+00 3.580978937111e+01
13 24 1 2.34782424 4.48494964 3.46823694 1.98556377 3.98186081 4.648147589688e-04 5.815479978057e+01 2.131013062356e+01 2.676615218500e+00 3.531279626084e+01
13 25 1 2.34782424 4.48494964 3.46823694 1.98556377 3.98186081 4.572838819628e-04 5.762482794969e+01 2.105039672109e+01 2.648614793720e+00 3.492013456647e+01
13 26 1 2.34782424 4.48494964 3.46823694 1.98556377 3.98186081 4.509986262726e-04 5.706306133926e+01 2.081286602177e+01 2.623593697667e+00 3.454998905469e+01
13 27 1 2.34782424 4.48494964 3.46823694 1.98556377 3.98186081 4.459590905529e-04 5.651842964813e+01 2.056881988051e+01 2.601232352875e+00 3.418682928646e+01
13 28 1 2.34782424 4.48494964 3.46823694 1.98556377 3.98186081 4.421653539050e-04 5.605383299454e+01 2.037955395418e+01 2.575997726348e+00 3.388074272743e+01
13 29 1 2.34782424 4.48494964 3.46823694 1.98556377 3.98186081 4.396174758762e-04 5.564828437426e+01 2.020083088663e+01 2.563576397271e+00 3.360427152500e+01
13 30 1 2.34782424 4.48494964 3.46823694 1.98556377 3.98186081 4.383154964585e-04 5.543171958445e+01 2.011383883454e+01 2.553769797787e+00 3.345342617441e+01
13 31 1 2.34782424 4.48494964 3.46823694 1.98556377 3.98186081 4.382594360880e-04 5.538775640707e+01 2.009061273284e+01 2.551851365008e+00 3.341769738770e+01
13 32 1 2.34782424 4.48494964 3.46823694 1.98556377 3.98186081 4.394492956445e-04 5.570126189899e+01 2.024017962889e+01 2.580267065553e+00 3.363355962720e+01
13 33 1 2.34782424 4.48494964 3.46823694 1.98556377 3.98186081 4.418850564519e-04 5.611447805415e+01 2.042280635404e+01 2.613364425255e+00 3.391086655572e+01
13 34 1 2.34782424 4.48494964 3.46823694 1.98556377 3.98186081 4.455666802780e-04 5.660064594272e+01 2.063614048573e+01 2.638368751010e+00 3.423903748721e+01
13 35 1 2.34782424 4.48494964 3.46823694 1.98556377 3.98186081 4.504941093353e-04 5.706871568834e+01 2.083492243163e+01 2.671347378555e+00 3.454211610787e+01
13 36 1 2.34782424 4.48494964 3.46823694 1.98556377 3.98186081 4.566672662820e-04 5.755582846884e+01 2.104169481464e+01 2.700075263170e+00 3.486850630788e+01
13 37 1 2.34782424 4.48494964 3.46823694 1.98556377 3.98186081 4.640860542232e-04 5.807245809663e+01 2.126366237803e+01 2.727308618673e+00 3.522021644171e+01
13 38 1 2.34782424 4.48494964 3.46823694 1.98556377 3.98186081 4.727503567120e-04 5.863841371108e+01 2.150106474832e+01 2.761915872955e+00 3.562381145448e+01
13 39 1 2.34782424 4.48494964 3.46823694 1.98556377 3.98186081 4.826600377521e-04 5.930750321607e+01 2.178204277089e+01 2.789489217797e+00 3.612037250329e+01
13 40 1 2.34782424 4.48494964 3.46823694 1.98556377 3.98186081 4.938149417993e-04 6.019771582038e+01 2.212614980573e+01 2.830003626721e+00 3.672211722536e+01
13 41 1 2.34782424 4.48494964 3.46823694 1.98556377 3.98186081 5.062148937641e-04 6.117321963945e+01 2.247308216063e+01 2.894956507371e+00 3.736173653008e+01
13 42 1 2.34782424 4.48494964 3.46823694 1.98556377 3.98186081 5.198596990147e-04 6.237991726881e+01 2.291774761348e+01 2.957439149891e+00 3.812632912211e+01
13 43 1 2.34782424 4.48494964 3.46823694 1.98556377 3.98186081 5.347491433795e-04 6.363950962582e+01 2.338038606993e+01 3.026631797925e+00 3.892890251350e+01
13 44 1 2.34782424 4.48494964 3.46823694 1.98556377 3.98186081 5.508829931512e-04 6.501262605552e+01 2.392243935253e+01 3.104214845732e+00 3.980410189384e+01
13 45 1 2.34782424 4.48494964 3.46823694 1.98556377 3.98186081 5.682609950899e-04 6.634966026069e+01 2.445812556145e+01 3.165920945481e+00 4.067478182929e+01
13 46 1 2.34782424 4.48494964 3.46823694 1.98556377 3.98186081 5.868828764273e-04 6.778645919747e+01 2.511334914512e+01 3.228946629763e+00 4.169672919153e+01
13 47 1 2.34782424 4.48494964 3.46823694 1.98556377 3.98186081 6.067483448708e-04 6.927259772769e+01 2.577790685009e+01 3.295576917371e+00 4.275428858038e+01
13 48 1 2.34782424 4.48494964 3.46823694 1.98556377 3.98186081 6.278570886085e-04 7.065060054169e+01 2.643618008206e+01 3.350103667362e+00 4.382960099390e+01
13 49 1 2.34782424 4.48494964 3.46823694 1.98556377 3.98186081 6.502087763136e-04 7.197543740137e+01 2.704971884311e+01 3.413566114507e+00 4.492224633261e+01
13 50 1 2.34782424 4.48494964 3.46823694 1.98556377 3.98186081 6.738030571499e-04 7.325856792291e+01 2.766847318455e+01 3.479572669095e+00 4.603357203011e+01
13 51 1 2.34782424 4.48494964 3.46823694 1.98556377 3.98186081 6.986395607771e-04 7.470036579291e+01 2.833651764069e+01 3.539941424437e+00 4.728597225377e+01
13 52 1 2.34782424 4.48494964 3.46823694 1.98556377 3.98186081 7.247178973571e-04 7.627520320895e+01 2.906991757197e+01 3.620296650329e+00 4.852927928492e+01
13 53 1 2.34782424 4.48494964 3.46823694 1.98556377 3.98186081 7.520376575593e-04 7.796874809454e+01 2.985002219965e+01 3.694384799333e+00 4.989600021344e+01
13 54 1 2.34782424 4.48494964 3.46823694 1.98556377 3.98186081 7.805984125678e-04 7.985970071037e+01 3.070194781033e+01 3.744344391990e+00 5.114754577419e+01
13 55 1 2.34782424 4.48494964 3.46823694 1.98556377 3.98186081 8.103997140878e-04 8.174331248837e+01 3.142906491942e+01 3.805693491616e+00 5.232021060058e+01
13 56 1 2.34782424 4.48494964 3.46823694 1.98556377 3.98186081 8.414410943524e-04 8.351682804605e+01 3.218485627096e+01 3.868269792048e+00 5.340653195972e+01
13 57 1 2.34782424 4.48494964 3.46823694 1.98556377 3.98186081 8.737220661306e-04 8.512410771117e+01 3.285121420482e+01 3.920817294373e+00 5.459295893581e+01
13 58 1 2.34782424 4.48494964 3.46823694 1.98556377 3.98186081 9.072421227341e-04 8.645649178054e+01 3.357831370675e+01 3.976190924212e+00 5.586560206661e+01
13 59 1 2.34782424 4.48494964 3.46823694 1.98556377 3.98186081 9.420007380261e-04 8.769562846930e+01 3.423291703120e+01 4.013548801118e+00 5.724979284379e+01
13 60 1 2.34782424 4.48494964 3.46823694 1.98556377 3.98186081 9.779973664288e-04 8.879929250573e+01 3.500865485238e+01 4.047647796255e+00 5.880720561782e+01
13 61 1 2.34782424 4.48494964 3.46823694 1.98556377 3.98186081 1.015231442933e-03 9.023683868486e+01 3.584232467903e+01 4.095110819822e+00 6.044793289078e+01
13 62 1 2.34782424 4.48494964 3.46823694 1.98556377 3.98186081 1.053702383105e-03 9.169877464327e+01 3.672360386372e+01 4.113576376945e+00 6.202082866656e+01
13 63 1 2.34782424 4.48494964 3.46823694 1.98556377 3.98186081 1.093409583098e-03 9.328628119602e+01 3.757739778407e+01 4.116643303788e+00 6.347380735926e+01
14 0 1 1.52273531 7.09369909 4.99725438 4.81613548 4.89994805 1.786609059967e-03 3.676016150747e+02 9.948675561583e+01 1.199625121902e+02 9.942360238595e+01
14 1 1 1.52273531 7.09369909 4.99725438 4.81613548 4.89994805 1.721111294919e-03 3.386410704101e+02 9.211343499168e+01 1.101699397560e+02 1.024340321324e+02
14 2 1 1.52273531 7.09369909 4.99725438 4.81613548 4.89994805 1.657786073714e-03 3.157822341179e+02 8.998729071922e+01 9.671236542653e+01 1.022878006735e+02
14 3 1 1.52273531 7.09369909 4.99725438 4.81613548 4.89994805 1.596634015308e-03 3.047768202306e+02 9.209491441503e+01 8.716292859208e+01 9.801354726601e+01
14 4 1 1.52273531 7.09369909 4.99725438 4.81613548 4.89994805 1.537655717415e-03 3.048739871888e+02 9.545166253322e+01 8.361783376590e+01 9.024819386354e+01
14 5 1 1.52273531 7.09369909 4.99725438 4.81613548 4.89994805 1.480851756507e-03 3.092903170192e+02 9.688352912621e+01 8.103159936522e+01 8.107479182786e+01
14 6 1 1.52273531 7.09369909 4.99725438 4.81613548 4.89994805 1.426222687797e-03 3.101321022427e+02 9.395936008654e+01 7.415759897924e+01 7.292984023959e+01
14 7 1 1.52273531 7.09369909 4.99725438 4.81613548 4.89994805 1.373769045245e-03 3.020443297907e+02 8.715248908941e+01 6.389000499719e+01 6.811080345413e+01
14 8 1 1.52273531 7.09369909 4.99725438 4.81613548 4.89994805 1.323491341546e-03 2.852073547531e+02 7.853552735484e+01 5.599871548996e+01 6.716871877755e+01
14 9 1 1.52273531 7.09369909 4.99725438 4.81613548 4.89994805 1.275390068127e-03 2.643431749570e+02 7.138741307335e+01 5.350247507552e+01 6.933465088242e+01
14 10 1 1.52273531 7.09369909 4.99725438 4.81613548 4.89994805 1.229465695141e-03 2.461428103224e+02 6.778818632012e+01 5.314609194022e+01 7.245616179149e+01
14 11 1 1.52273531 7.09369909 4.99725438 4.81613548 4.89994805 1.185718671466e-03 2.358630887034e+02 6.800462101672e+01 5.025962847163e+01 7.436862187131e+01
14 12 1 1.52273531 7.09369909 4.99725438 4.81613548 4.89994805 1.144149424695e-03 2.345470416726e+02 7.059720648345e+01 4.471687913788e+01 7.366107303951e+01
14 13 1 1.52273531 7.09369909 4.99725438 4.81613548 4.89994805 1.104758361137e-03 2.384777951287e+02 7.299734410349e+01 4.047740713141e+01 6.989171238951e+01
14 14 1 1.52273531 7.09369909 4.99725438 4.81613548 4.89994805 1.067545865810e-03 2.414382321925e+02 7.316015309971e+01 4.051091417290e+01 6.406481321097e+01
14 15 1 1.52273531 7.09369909 4.99725438 4.81613548 4.89994805 1.032512302439e-03 2.381461356430e+02 6.997158650053e+01 4.292369571740e+01 5.769817857288e+01
14 16 1 1.52273531 7.09369909 4.99725438 4.81613548 4.89994805 9.996580134497e-04 2.273604273930e+02 6.440692226923e+01 4.356178025765e+01 5.278284240478e+01
14 17 1 1.52273531 7.09369909 4.99725438 4.81613548 4.89994805 9.689833199689e-04 2.121923327565e+02 5.839794084272e+01 4.149727436493e+01 5.046140190283e+01
14 18 1 1.52273531 7.09369909 4.99725438 4.81613548 4.89994805 9.404885218187e-04 1.980391779123e+02 5.422854642187e+01 3.985552732890e+01 5.092819115680e+01
14 19 1 1.52273531 7.09369909 4.99725438 4.81613548 4.89994805 9.141738975145e-04 1.895717320190e+02 5.301049376777e+01 4.159459824504e+01 5.317992305460e+01
14 20 1 1.52273531 7.09369909 4.99725438 4.81613548 4.89994805 8.900397042619e-04 1.882565567695e+02 5.436080559756e+01 4.572168790001e+01 5.563921423736e+01
14 21 1 1.52273531 7.09369909 4.99725438 4.81613548 4.89994805 8.680861779548e-04 1.921367899255e+02 5.689098959620e+01 4.844149162170e+01 5.697252797072e+01
14 22 1 1.52273531 7.09369909 4.99725438 4.81613548 4.89994805 8.483135331724e-04 1.965478883100e+02 5.861861037613e+01 4.798170166142e+01 5.618556055057e+01
14 23 1 1.52273531 7.09369909 4.99725438 4.81613548 4.89994805 8.307219631774e-04 1.972816837488e+02 5.835905121407e+01 4.691980480785e+01 5.343047027136e+01
14 24 1 1.52273531 7.09369909 4.99725438 4.81613548 4.89994805 8.153116399144e-04 1.920503878173e+02 5.565895835620e+01 4.849767120473e+01 4.930515883459e+01
14 25 1 1.52273531 7.09369909 4.99725438 4.81613548 4.89994805 8.020827140078e-04 1.824378977770e+02 5.155452419498e+01 5.257458635478e+01 4.522128887504e+01
14 26 1 1.52273531 7.09369909 4.99725438 4.81613548 4.89994805 7.910353147604e-04 1.724001725428e+02 4.770004525078e+01 5.587660604267e+01 4.246836643455e+01
14 27 1 1.52273531 7.09369909 4.99725438 4.81613548 4.89994805 7.821695501522e-04 1.661822932189e+02 4.569597559765e+01 5.594152094629e+01 4.186663823525e+01
14 28 1 1.52273531 7.09369909 4.99725438 4.81613548 4.89994805 7.754855068395e-04 1.661643774178e+02 4.627016129997e+01 5.412977102012e+01 4.344158258230e+01
14 29 1 1.52273531 7.09369909 4.99725438 4.81613548 4.89994805 7.709832501539e-04 1.713037985043e+02 4.878435420545e+01 5.393929495593e+01 4.628333012068e+01
14 30 1 1.52273531 7.09369909 4.99725438 4.81613548 4.89994805 7.686628241014e-04 1.785930047669e+02 5.196515172891e+01 5.653622170952e+01 4.930221717310e+01
14 31 1 1.52273531 7.09369909 4.99725438 4.81613548 4.89994805 7.685242513626e-04 1.837383414268e+02 5.409027293182e+01 5.944497465938e+01 5.118652386853e+01
14 32 1 1.52273531 7.09369909 4.99725438 4.81613548 4.89994805 7.705675332918e-04 1.843041604687e+02 5.428060083883e+01 5.957049989088e+01 5.136675272799e+01
14 33 1 1.52273531 7.09369909 4.99725438 4.81613548 4.89994805 7.747926499176e-04 1.798582471053e+02 5.233017572656e+01 5.675416397979e+01 4.964418792666e+01
14 34 1 1.52273531 7.09369909 4.99725438 4.81613548 4.89994805 7.811995599426e-04 1.732858801455e+02 4.935867677349e+01 5.423755646477e+01 4.680836221501e+01
14 35 1 1.52273531 7.09369909 4.99725438 4.81613548 4.89994805 7.897882007439e-04 1.688200601537e+02 4.703337447678e+01 5.470067514154e+01 4.409787239504e+01
14 36 1 1.52273531 7.09369909 4.99725438 4.81613548 4.89994805 8.005584883742e-04 1.699506651102e+02 4.681733572993e+01 5.679753413801e+01 4.280216854604e+01
14 37 1 1.52273531 7.09369909 4.99725438 4.81613548 4.89994805 8.135103175618e-04 1.776302859848e+02 4.931893041412e+01 5.682073213128e+01 4.384081692964e+01
14 38 1 1.52273531 7.09369909 4.99725438 4.81613548 4.89994805 8.286435617123e-04 1.888743781556e+02 5.356030778503e+01 5.344179828797e+01 4.699913004631e+01
14 39 1 1.52273531 7.09369909 4.99725438 4.81613548 4.89994805 8.459580729096e-04 1.993540297404e+02 5.802791545706e+01 4.932705918176e+01 5.152359359274e+01
14 40 1 1.52273531 7.09369909 4.99725438 4.81613548 4.89994805 8.654536819173e-04 2.047302782725e+02 6.082218354044e+01 4.804105189061e+01 5.588443163205e+01
14 41 1 1.52273531 7.09369909 4.99725438 4.81613548 4.89994805 8.871301981804e-04 2.040924641441e+02 6.112631069852e+01 4.945393892515e+01 5.886077608576e+01
14 42 1 1.52273531 7.09369909 4.99725438 4.81613548 4.89994805 9.109874098271e-04 1.996025233745e+02 5.916672096829e+01 4.986622878490e+01 5.952256975020e+01
14 43 1 1.52273531 7.09369909 4.99725438 4.81613548 4.89994805 9.370250836710e-04 1.960529488831e+02 5.646322757887e+01 4.697611304824e+01 5.794498467055e+01
14 44 1 1.52273531 7.09369909 4.99725438 4.81613548 4.89994805 9.652429652134e-04 1.981351840684e+02 5.518506613782e+01 4.287661727125e+01 5.519418783258e+01
14 45 1 1.52273531 7.09369909 4.99725438 4.81613548 4.89994805 9.956407786456e-04 2.077746700344e+02 5.682113092593e+01 4.139539370580e+01 5.290174810551e+01
14 46 1 1.52273531 7.09369909 4.99725438 4.81613548 4.89994805 1.028218226852e-03 2.232227103412e+02 6.169495652669e+01 4.338380552283e+01 5.284830587910e+01
14 47 1 1.52273531 7.09369909 4.99725438 4.81613548 4.89994805 1.062974991411e-03 2.390256426156e+02 6.809446516150e+01 4.561417553372e+01 5.569121824269e+01
14 48 1 1.52273531 7.09369909 4.99725438 4.81613548 4.89994805 1.099910732603e-03 2.498300313275e+02 7.387491433709e+01 4.488030582488e+01 6.122510902452e+01
14 49 1 1.52273531 7.09369909 4.99725438 4.81613548 4.89994805 1.139025089408e-03 2.527888473023e+02 7.686157276626e+01 4.256883447256e+01 6.790264374128e+01
14 50 1 1.52273531 7.09369909 4.99725438 4.81613548 4.89994805 1.180317679513e-03 2.498180897104e+02 7.654001570230e+01 4.295642063126e+01 7.395700876325e+01
14 51 1 1.52273531 7.09369909 4.99725438 4.81613548 4.89994805 1.223788099312e-03 2.464477165437e+02 7.401227393779e+01 4.776553464259e+01 7.769636862851e+01
14 52 1 1.52273531 7.09369909 4.99725438 4.81613548 4.89994805 1.269435923916e-03 2.487170635809e+02 7.150423127903e+01 5.379955401128e+01 7.823030610698e+01
14 53 1 1.52273531 7.09369909 4.99725438 4.81613548 4.89994805 1.317260707151e-03 2.602795192987e+02 7.186265016857e+01 5.682386934501e+01 7.612860763501e+01
14 54 1 1.52273531 7.09369909 4.99725438 4.81613548 4.89994805 1.367261981566e-03 2.800921027588e+02 7.628705299675e+01 5.733793050930e+01 7.298427809503e+01
14 55 1 1.52273531 7.09369909 4.99725438 4.81613548 4.89994805 1.419439258435e-03 3.027735224962e+02 8.445701742713e+01 6.050875916062e+01 7.132778333765e+01
14 56 1 1.52273531 7.09369909 4.99725438 4.81613548 4.89994805 1.473792027765e-03 3.210260767025e+02 9.352820369708e+01 6.929336581247e+01 7.295699676496e+01
14 57 1 1.52273531 7.09369909 4.99725438 4.81613548 4.89994805 1.530319758298e-03 3.294429000589e+02 1.005221742342e+02 8.019886433988e+01 7.865040204348e+01
14 58 1 1.52273531 7.09369909 4.99725438 4.81613548 4.89994805 1.589021897517e-03 3.283164403923e+02 1.032402903283e+02 8.751295213050e+01 8.736126295245e+01
14 59 1 1.52273531 7.09369909 4.99725438 4.81613548 4.89994805 1.649897871654e-03 3.236698836474e+02 1.017621446833e+02 9.031449842663e+01 9.705927894307e+01
14 60 1 1.52273531 7.09369909 4.99725438 4.81613548 4.89994805 1.712947085690e-03 3.246767865708e+02 9.844080191143e+01 9.430552696968e+01 1.052084134816e+02
14 61 1 1.52273531 7.09369909 4.99725438 4.81613548 4.89994805 1.778168923368e-03 3.378185370650e+02 9.640664678646e+01 1.047151075439e+02 1.095947329956e+02
14 62 1 1.52273531 7.09369909 4.99725438 4.81613548 4.89994805 1.845562747192e-03 3.630438028956e+02 9.902777654430e+01 1.189973878413e+02 1.095829143417e+02
14 63 1 1.52273531 7.09369909 4.99725438 4.81613548 4.89994805 1.915127898438e-03 3.939655682547e+02 1.069804697310e+02 1.292637558910e+02 1.060395177261e+02
15 0 1 1.02740946 1.69156256 1.47489961 1.58484042 1.50577379 8.223736527101e-05 1.274840807949e+00 5.526772698913e-01 7.485615432658e-04 7.909094115617e-01
15 1 1 1.02740946 1.69156256 1.47489961 1.58484042 1.50577379 7.999724630722e-05 1.128829838584e+00 4.919316780574e-01 8.152043053182e-04 7.860690313958e-01
15 2 1 1.02740946 1.69156256 1.47489961 1.58484042 1.50577379 7.780996166782e-05 1.024160934286e+00 4.510141952695e-01 8.183260598064e-04 7.925822207226e-01
15 3 1 1.02740946 1.69156256 1.47489961 1.58484042 1.50577379 7.567472091885e-05 9.630847952999e-01 4.314471658370e-01 8.328249011643e-04 8.081621457200e-01
15 4 1 1.02740946 1.69156256 1.47489961 1.58484042 1.50577379 7.359118048359e-05 9.436033946294e-01 4.314870761772e-01 8.943977167119e-04 8.271662154110e-01
15 5 1 1.02740946 1.69156256 1.47489961 1.58484042 1.50577379 7.155941953899e-05 9.580955890106e-01 4.461945866775e-01 9.204217332305e-04 8.422028284881e-01
15 6 1 1.02740946 1.69156256 1.47489961 1.58484042 1.50577379 6.957991339684e-05 9.945676958684e-01 4.689448367046e-01 8.359863195096e-04 8.468774106363e-01
15 7 1 1.02740946 1.69156256 1.47489961 1.58484042 1.50577379 6.765350463195e-05 1.040065607682e+00 4.932997224311e-01 6.946804151544e-04 8.378227139181e-01
15 8 1 1.02740946 1.69156256 1.47489961 1.58484042 1.50577379 6.578137223042e-05 1.083865268725e+00 5.141113030179e-01 6.028977909609e-04 8.149428072483e-01
15 9 1 1.02740946 1.69156256 1.47489961 1.58484042 1.50577379 6.396499904107e-05 1.118436514721e+00 5.275915136795e-01 5.710980768145e-04 7.801998662348e-01
15 10 1 1.02740946 1.69156256 1.47489961 1.58484042 1.50577379 6.220613782022e-05 1.138277749381e+00 5.309834411530e-01 5.243864857705e-04 7.361366749031e-01
15 11 1 1.02740946 1.69156256 1.47489961 1.58484042 1.50577379 6.050677616594e-05 1.138470113700e+00 5.225809251721e-01 4.478050369901e-04 6.851232665176e-01
15 12 1 1.02740946 1.69156256 1.47489961 1.58484042 1.50577379 5.886910064125e-05 1.114712997590e+00 5.021877728233e-01 4.290418337226e-04 6.294486277007e-01
15 13 1 1.02740946 1.69156256 1.47489961 1.58484042 1.50577379 5.729546038741e-05 1.065000663233e+00 4.714449216669e-01 5.232925318093e-04 5.716820930645e-01
15 14 1 1.02740946 1.69156256 1.47489961 1.58484042 1.50577379 5.578833052814e-05 9.915269591299e-01 4.334614418159e-01 6.472270906554e-04 5.147025061049e-01
15 15 1 1.02740946 1.69156256 1.47489961 1.58484042 1.50577379 5.435027566295e-05 9.011218372660e-01 3.918061845829e-01 6.735527483835e-04 4.612742272961e-01
15 16 1 1.02740946 1.69156256 1.47489961 1.58484042 1.50577379 5.298391374387e-05 8.035739631632e-01 3.494984034663e-01 5.956978254487e-04 4.135108914101e-01
15 17 1 1.02740946 1.69156256 1.47489961 1.58484042 1.50577379 5.169188062305e-05 7.086526407375e-01 3.086295569018e-01 5.222095864503e-04 3.726417974029e-01
15 18 1 1.02740946 1.69156256 1.47489961 1.58484042 1.50577379 5.047679555116e-05 6.234834761394e-01 2.707143797544e-01 5.111981713529e-04 3.392215387517e-01
15 19 1 1.02740946 1.69156256 1.47489961 1.58484042 1.50577379 4.934122789608e-05 5.516823591881e-01 2.373255036534e-01 4.920340703726e-04 3.135922281915e-01
15 20 1 1.02740946 1.69156256 1.47489961 1.58484042 1.50577379 4.828766534023e-05 4.945192994794e-01 2.104427488451e-01 3.902318295402e-04 2.962578423769e-01
15 21 1 1.02740946 1.69156256 1.47489961 1.58484042 1.50577379 4.731848380116e-05 4.530556964089e-01 1.922390637992e-01 2.664735809138e-04 2.879022704982e-01
15 22 1 1.02740946 1.69156256 1.47489961 1.58484042 1.50577379 4.643591930538e-05 4.295147495857e-01 1.844166272383e-01 2.547406360794e-04 2.889890888066e-01
15 23 1 1.02740946 1.69156256 1.47489961 1.58484042 1.50577379 4.564204202912e-05 4.266517607120e-01 1.874375330862e-01 3.785581017782e-04 2.991232723424e-01
15 24 1 1.02740946 1.69156256 1.47489961 1.58484042 1.50577379 4.493873270195e-05 4.453958902596e-01 2.000285301817e-01 5.082761086891e-04 3.165454118121e-01
15 25 1 1.02740946 1.69156256 1.47489961 1.58484042 1.50577379 4.432766155022e-05 4.825306239314e-01 2.192514204189e-01 5.255148423285e-04 3.381585614343e-01
15 26 1 1.02740946 1.69156256 1.47489961 1.58484042 1.50577379 4.381026993755e-05 5.304517835824e-01 2.412357997675e-01 4.661548706953e-04 3.602646785873e-01
15 27 1 1.02740946 1.69156256 1.47489961 1.58484042 1.50577379 4.338775483823e-05 5.796649450757e-01 2.623549094898e-01 4.452121124920e-04 3.797594866049e-01
15 28 1 1.02740946 1.69156256 1.47489961 1.58484042 1.50577379 4.306105625783e-05 6.225704205329e-01 2.803009685543e-01 4.790309405087e-04 3.951512375616e-01
15 29 1 1.02740946 1.69156256 1.47489961 1.58484042 1.50577379 4.283084769251e-05 6.559192075069e-01 2.944436303988e-01 4.641813910551e-04 4.067479895745e-01
15 30 1 1.02740946 1.69156256 1.47489961 1.58484042 1.50577379 4.269752969575e-05 6.801933122707e-01 3.052166885703e-01 3.430578821306e-04 4.158151480592e-01
15 31 1 1.02740946 1.69156256 1.47489961 1.58484042 1.50577379 4.266122659713e-05 6.965220778595e-01 3.129205021754e-01 2.135997210847e-04 4.231878095695e-01
15 32 1 1.02740946 1.69156256 1.47489961 1.58484042 1.50577379 4.272178639459e-05 7.037264122951e-01 3.167882208295e-01 2.163591164214e-04 4.282448534295e-01
15 33 1 1.02740946 1.69156256 1.47489961 1.58484042 1.50577379 4.287878381712e-05 6.980160061426e-01 3.150352337961e-01 3.498814378697e-04 4.289635599594e-01
15 34 1 1.02740946 1.69156256 1.47489961 1.58484042 1.50577379 4.313152653128e-05 6.757294787698e-01 3.059279127976e-01 4.720749228282e-04 4.230651988860e-01
15 35 1 1.02740946 1.69156256 1.47489961 1.58484042 1.50577379 4.347906444103e-05 6.370163086011e-01 2.891695670129e-01 4.865366305680e-04 4.095279531820e-01
15 36 1 1.02740946 1.69156256 1.47489961 1.58484042 1.50577379 4.392020200695e-05 5.875469536342e-01 2.666733764210e-01 4.542184319198e-04 3.895101756313e-01
15 37 1 1.02740946 1.69156256 1.47489961 1.58484042 1.50577379 4.445351348827e-05 5.368515616627e-01 2.422298850682e-01 4.797145424543e-04 3.661453715159e-01
15 38 1 1.02740946 1.69156256 1.47489961 1.58484042 1.50577379 4.507736098832e-05 4.944631559525e-01 2.203121503544e-01 5.433268605368e-04 3.434108744697e-01
15 39 1 1.02740946 1.69156256 1.47489961 1.58484042 1.50577379 4.578991516310e-05 4.665971182575e-01 2.047400735185e-01 5.256776671113e-04 3.248013564588e-01
15 40 1 1.02740946 1.69156256 1.47489961 1.58484042 1.50577379 4.658917843147e-05 4.554763646298e-01 1.978678855340e-01 3.916976617721e-04 3.125330406448e-01
15 41 1 1.02740946 1.69156256 1.47489961 1.58484042 1.50577379 4.747301050631e-05 4.612541004836e-01 2.005285439612e-01 2.660961997971e-04 3.075597318786e-01
15 42 1 1.02740946 1.69156256 1.47489961 1.58484042 1.50577379 4.843915604729e-05 4.845787654638e-01 2.125382441204e-01 2.828706927063e-04 3.101692212990e-01
15 43 1 1.02740946 1.69156256 1.47489961 1.58484042 1.50577379 4.948527421885e-05 5.275969369214e-01 2.333674753940e-01 4.149100944543e-04 3.206734413556e-01
15 44 1 1.02740946 1.69156256 1.47489961 1.58484042 1.50577379 5.060896992118e-05 5.925911023786e-01 2.626036156237e-01 5.211099099081e-04 3.397761186728e-01
15 45 1 1.02740946 1.69156256 1.47489961 1.58484042 1.50577379 5.180782644781e-05 6.792865761937e-01 2.999551899480e-01 5.396649937560e-04 3.684530438412e-01
15 46 1 1.02740946 1.69156256 1.47489961 1.58484042 1.50577379 5.307943931064e-05 7.828004843369e-01 3.447534494434e-01 5.513401279755e-04 4.074396213321e-01
15 47 1 1.02740946 1.69156256 1.47489961 1.58484042 1.50577379 5.442145096233e-05 8.937377912897e-01 3.952031809863e-01 6.312007993035e-04 4.565995733469e-01
15 48 1 1.02740946 1.69156256 1.47489961 1.58484042 1.50577379 5.583158613659e-05 1.000537745781e+00 4.478976776442e-01 7.166548628716e-04 5.145110032448e-01
15 49 1 1.02740946 1.69156256 1.47489961 1.58484042 1.50577379 5.730768751971e-05 1.092790935313e+00 4.980850950526e-01 6.912456999209e-04 5.785081613923e-01
15 50 1 1.02740946 1.69156256 1.47489961 1.58484042 1.50577379 5.884775146084e-05 1.163703905725e+00 5.407340063504e-01 5.610430340987e-04 6.451545875078e-01
15 51 1 1.02740946 1.69156256 1.47489961 1.58484042 1.50577379 6.044996342524e-05 1.210498068762e+00 5.718609173102e-01 4.613585040959e-04 7.108315598920e-01
15 52 1 1.02740946 1.69156256 1.47489961 1.58484042 1.50577379 6.211273289254e-05 1.232952481409e+00 5.893654095028e-01 4.818079349116e-04 7.720549843725e-01
15 53 1 1.02740946 1.69156256 1.47489961 1.58484042 1.50577379 6.383472740306e-05 1.231627952484e+00 5.930329872251e-01 5.642485318283e-04 8.254236776975e-01
15 54 1 1.02740946 1.69156256 1.47489961 1.58484042 1.50577379 6.561490545663e-05 1.207524813178e+00 5.840736683888e-01 6.140783507259e-04 8.675578181460e-01
15 55 1 1.02740946 1.69156256 1.47489961 1.58484042 1.50577379 6.745254797359e-05 1.163681165912e+00 5.648781924644e-01 6.455690685541e-04 8.955556732022e-01
15 56 1 1.02740946 1.69156256 1.47489961 1.58484042 1.50577379 6.934728803299e-05 1.107361367644e+00 5.392484372201e-01 7.400187086505e-04 9.080842905621e-01
15 57 1 1.02740946 1.69156256 1.47489961 1.58484042 1.50577379 7.129913861183e-05 1.050612623066e+00 5.126138746286e-01 8.911011197794e-04 9.064751606642e-01
15 58 1 1.02740946 1.69156256 1.47489961 1.58484042 1.50577379 7.330851805895e-05 1.008057422620e+00 4.914979628239e-01 9.877486585837e-04 8.948172242406e-01
15 59 1 1.02740946 1.69156256 1.47489961 1.58484042 1.50577379 7.537627304918e-05 9.930786634827e-01 4.821072279087e-01 9.678277079695e-04 8.785576077571e-01
15 60 1 1.02740946 1.69156256 1.47489961 1.58484042 1.50577379 7.750369877735e-05 1.014973173221e+00 4.888378060482e-01 9.033170583524e-04 8.622945905484e-01
15 61 1 1.02740946 1.69156256 1.47489961 1.58484042 1.50577379 7.969255616675e-05 1.078726096764e+00 5.137757779231e-01 8.814446428755e-04 8.483199993299e-01
15 62 1 1.02740946 1.69156256 1.47489961 1.58484042 1.50577379 8.194508588438e-05 1.186536032481e+00 5.575231759222e-01 8.720064691956e-04 8.371568009876e-01
15 63 1 1.02740946 1.69156256 1.47489961 1.58484042 1.50577379 8.426401897345e-05 1.338568412150e+00 6.205365741268e-01 8.012620124379e-04 8.298943001928e-01
16 0 1 1.20567151 2.05273251 1.73235824 1.69106479 1.79424617 9.659235448124e-05 3.927057785962e+00 2.167558697969e+00 3.179201167057e-03 2.616002359440e+00
16 1 1 1.20567151 2.05273251 1.73235824 1.69106479 1.79424617 1.038945374662e-04 3.879398649826e+00 2.134032804668e+00 3.493513563738e-03 2.467724691854e+00
16 2 1 1.20567151 2.05273251 1.73235824 1.69106479 1.79424617 1.122926100254e-04 3.807362042215e+00 2.086062583203e+00 3.904637776109e-03 2.307917519333e+00
16 3 1 1.20567151 2.05273251 1.73235824 1.69106479 1.79424617 1.207386751562e-04 3.725921743826e+00 2.029950442854e+00 3.725595914256e-03 2.153271697425e+00
16 4 1 1.20567151 2.05273251 1.73235824 1.69106479 1.79424617 1.282709332908e-04 3.628265772047e+00 1.961488057778e+00 3.021633337874e-03 2.007140784473e+00
16 5 1 1.20567151 2.05273251 1.73235824 1.69106479 1.79424617 1.340796835664e-04 3.491824490881e+00 1.873106048665e+00 2.564807227990e-03 1.861563928391e+00
16 6 1 1.20567151 2.05273251 1.73235824 1.69106479 1.79424617 1.375564986271e-04 3.307957149250e+00 1.767648732148e+00 2.924658026103e-03 1.714347030929e+00
16 7 1 1.20567151 2.05273251 1.73235824 1.69106479 1.79424617 1.383241548396e-04 3.094092428695e+00 1.657563251628e+00 3.765307322571e-03 1.574369575714e+00
16 8 1 1.20567151 2.05273251 1.73235824 1.69106479 1.79424617 1.362466279935e-04 2.873895962047e+00 1.550367350488e+00 4.222404881917e-03 1.449249992774e+00
16 9 1 1.20567151 2.05273251 1.73235824 1.69106479 1.79424617 1.314200986634e-04 2.656688381083e+00 1.442309161684e+00 3.885004770913e-03 1.336424561492e+00
16 10 1 1.20567151 2.05273251 1.73235824 1.69106479 1.79424617 1.241473227454e-04 2.442199412334e+00 1.329125816770e+00 3.171379640311e-03 1.230753142206e+00
16 11 1 1.20567151 2.05273251 1.73235824 1.69106479 1.79424617 1.148988126203e-04 2.235120938957e+00 1.216833391897e+00 2.727377003799e-03 1.135376445146e+00
16 12 1 1.20567151 2.05273251 1.73235824 1.69106479 1.79424617 1.042649806911e-04 2.044441692749e+00 1.116911992833e+00 2.700552613351e-03 1.059290959782e+00
16 13 1 1.20567151 2.05273251 1.73235824 1.69106479 1.79424617 9.290369647794e-05 1.873484221579e+00 1.034445111153e+00 2.743192493534e-03 1.006363929965e+00
16 14 1 1.20567151 2.05273251 1.73235824 1.69106479 1.79424617 8.148761567312e-05 1.721315112104e+00 9.663000977933e-01 2.557441803077e-03 9.718481955409e-01
16 15 1 1.20567151 2.05273251 1.73235824 1.69106479 1.79424617 7.065520251968e-05 1.593603395901e+00 9.093878831341e-01 2.211122809204e-03 9.495790207614e-01
16 16 1 1.20567151 2.05273251 1.73235824 1.69106479 1.79424617 6.096865952064e-05 1.503568988106e+00 8.653904633444e-01 1.940632609290e-03 9.382490577477e-01
16 17 1 1.20567151 2.05273251 1.73235824 1.69106479 1.79424617 5.288109158657e-05 1.459385741183e+00 8.365227951039e-01 1.840348115240e-03 9.389382848675e-01
16 18 1 1.20567151 2.05273251 1.73235824 1.69106479 1.79424617 4.671426280160e-05 1.455133879406e+00 8.206246665671e-01 1.832805046009e-03 9.496096480714e-01
16 19 1 1.20567151 2.05273251 1.73235824 1.69106479 1.79424617 4.264734741289e-05 1.476904584035e+00 8.131424423132e-01 1.848273893447e-03 9.655760320613e-01
16 20 1 1.20567151 2.05273251 1.73235824 1.69106479 1.79424617 4.071621488239e-05 1.515665919279e+00 8.127366941291e-01 1.922502666031e-03 9.852190918031e-01
16 21 1 1.20567151 2.05273251 1.73235824 1.69106479 1.79424617 4.082208553641e-05 1.572044547790e+00 8.225721420876e-01 2.108941046436e-03 1.012202961252e+00
16 22 1 1.20567151 2.05273251 1.73235824 1.69106479 1.79424617 4.274788895723e-05 1.649617170223e+00 8.454269072733e-01 2.344183180066e-03 1.050044199424e+00
16 23 1 1.20567151 2.05273251 1.73235824 1.69106479 1.79424617 4.618036735768e-05 1.746270700756e+00 8.787021967337e-01 2.446722124854e-03 1.095765613284e+00
16 24 1 1.20567151 2.05273251 1.73235824 1.69106479 1.79424617 5.073588254424e-05 1.853824998972e+00 9.156147371794e-01 2.287778319133e-03 1.141369709728e+00
16 25 1 1.20567151 2.05273251 1.73235824 1.69106479 1.79424617 5.598797919990e-05 1.964653864402e+00 9.509957818315e-01 1.970855604026e-03 1.181410073045e+00
16 26 1 1.20567151 2.05273251 1.73235824 1.69106479 1.79424617 6.149498573622e-05 2.074441447363e+00 9.839272740384e-01 1.780630061967e-03 1.216272701547e+00
16 27 1 1.20567151 2.05273251 1.73235824 1.69106479 1.79424617 6.682624527349e-05 2.176595582464e+00 1.013954906481e+00 1.879129843583e-03 1.247052455319e+00
16 28 1 1.20567151 2.05273251 1.73235824 1.69106479 1.79424617 7.158591060319e-05 2.258905474865e+00 1.037499945727e+00 2.076705648235e-03 1.270715557421e+00
16 29 1 1.20567151 2.05273251 1.73235824 1.69106479 1.79424617 7.543356088792e-05 2.312395537721e+00 1.051296258024e+00 2.013088474838e-03 1.283977604136e+00
16 30 1 1.20567151 2.05273251 1.73235824 1.69106479 1.79424617 7.810116789426e-05 2.342444494139e+00 1.058255616120e+00 1.602715349160e-03 1.290242795701e+00
16 31 1 1.20567151 2.05273251 1.73235824 1.69106479 1.79424617 7.940613394838e-05 2.363525102450e+00 1.065518701133e+00 1.198206632233e-03 1.297612526240e+00
16 32 1 1.20567151 2.05273251 1.73235824 1.69106479 1.79424617 7.926023713723e-05 2.380149917471e+00 1.075248382606e+00 1.214065827032e-03 1.308634565627e+00
16 33 1 1.20567151 2.05273251 1.73235824 1.69106479 1.79424617 7.767436197036e-05 2.378817063447e+00 1.080597566256e+00 1.640421056382e-03 1.315773086937e+00
16 34 1 1.20567151 2.05273251 1.73235824 1.69106479 1.79424617 7.475888941180e-05 2.343092262628e+00 1.073132555059e+00 2.051974091431e-03 1.309594742950e+00
16 35 1 1.20567151 2.05273251 1.73235824 1.69106479 1.79424617 7.071960142819e-05 2.272473392174e+00 1.052000070809e+00 2.103663971736e-03 1.288903787289e+00
16 36 1 1.20567151 2.05273251 1.73235824 1.69106479 1.79424617 6.584895791534e-05 2.181527662480e+00 1.023185669909e+00 1.899905532557e-03 1.259809288650e+00
16 37 1 1.20567151 2.05273251 1.73235824 1.69106479 1.79424617 6.051266144381e-05 2.083914692994e+00 9.917202630136e-01 1.815532541244e-03 1.226883601733e+00
16 38 1 1.20567151 2.05273251 1.73235824 1.69106479 1.79424617 5.513156284264e-05 1.983850599148e+00 9.584656169659e-01 2.039430845410e-03 1.189761014412e+00
16 39 1 1.20567151 2.05273251 1.73235824 1.69106479 1.79424617 5.015919041799e-05 1.882322254103e+00 9.243878353641e-01 2.393303039264e-03 1.148655421004e+00
16 40 1 1.20567151 2.05273251 1.73235824 1.69106479 1.79424617 4.605550374736e-05 1.784294780301e+00 8.939945042185e-01 2.570988035897e-03 1.108674270243e+00
16 41 1 1.20567151 2.05273251 1.73235824 1.69106479 1.79424617 4.325785857423e-05 1.696248491009e+00 8.722021853167e-01 2.458801350249e-03 1.075605931342e+00
16 42 1 1.20567151 2.05273251 1.73235824 1.69106479 1.79424617 4.215058551282e-05 1.620456004063e+00 8.594133935049e-01 2.198114415789e-03 1.049344477242e+00
16 43 1 1.20567151 2.05273251 1.73235824 1.69106479 1.79424617 4.303498268229e-05 1.556654988544e+00 8.521711939419e-01 1.997621288271e-03 1.024795817338e+00
16 44 1 1.20567151 2.05273251 1.73235824 1.69106479 1.79424617 4.610184438023e-05 1.509970663764e+00 8.489958996553e-01 1.936568395585e-03 9.994622542190e-01
16 45 1 1.20567151 2.05273251 1.73235824 1.69106479 1.79424617 5.140883719943e-05 1.494048191082e+00 8.540939662333e-01 1.949423001128e-03 9.777517147011e-01
16 46 1 1.20567151 2.05273251 1.73235824 1.69106479 1.79424617 5.886504097758e-05 1.522762924814e+00 8.741079620739e-01 1.975760990537e-03 9.667529797396e-01
16 47 1 1.20567151 2.05273251 1.73235824 1.69106479 1.79424617 6.822475783860e-05 1.597943431649e+00 9.118356723715e-01 2.077662394262e-03 9.697243089248e-01
16 48 1 1.20567151 2.05273251 1.73235824 1.69106479 1.79424617 7.909224149425e-05 1.708112008314e+00 9.651811923982e-01 2.346770762920e-03 9.862005924118e-01
16 49 1 1.20567151 2.05273251 1.73235824 1.69106479 1.79424617 9.093831844715e-05 1.841799543994e+00 1.032764472898e+00 2.701039138236e-03 1.017779133293e+00
16 50 1 1.20567151 2.05273251 1.73235824 1.69106479 1.79424617 1.031289966900e-04 1.999277156438e+00 1.117358159105e+00 2.901381416665e-03 1.069801686398e+00
16 51 1 1.20567151 2.05273251 1.73235824 1.69106479 1.79424617 1.149651455037e-04 2.186963353717e+00 1.220419943015e+00 2.878531889571e-03 1.144812860834e+00
16 52 1 1.20567151 2.05273251 1.73235824 1.69106479 1.79424617 1.257312636292e-04 2.403390292889e+00 1.335339263524e+00 2.941122882816e-03 1.237204657344e+00
16 53 1 1.20567151 2.05273251 1.73235824 1.69106479 1.79424617 1.347503297252e-04 2.638074977576e+00 1.451694628573e+00 3.436484117832e-03 1.339022618759e+00
16 54 1 1.20567151 2.05273251 1.73235824 1.69106479 1.79424617 1.414408530642e-04 2.882547827199e+00 1.566642911960e+00 4.183540253294e-03 1.450396807979e+00
16 55 1 1.20567151 2.05273251 1.73235824 1.69106479 1.79424617 1.453716153527e-04 3.131676534766e+00 1.686005688869e+00 4.499389110623e-03 1.578652580103e+00
16 56 1 1.20567151 2.05273251 1.73235824 1.69106479 1.79424617 1.463093043187e-04 3.371847563387e+00 1.811348058804e+00 3.979754277023e-03 1.725749596150e+00
16 57 1 1.20567151 2.05273251 1.73235824 1.69106479 1.79424617 1.442543504949e-04 3.580606908688e+00 1.931974155005e+00 3.099890522414e-03 1.882893282746e+00
16 58 1 1.20567151 2.05273251 1.73235824 1.69106479 1.79424617 1.394608223505e-04 3.747053290777e+00 2.035159870542e+00 2.768441861885e-03 2.041768093950e+00
16 59 1 1.20567151 2.05273251 1.73235824 1.69106479 1.79424617 1.324372050982e-04 3.883958528926e+00 2.120068674421e+00 3.291053926828e-03 2.205089477598e+00
16 60 1 1.20567151 2.05273251 1.73235824 1.69106479 1.79424617 1.239262375219e-04 4.008360747520e+00 2.194417010090e+00 4.026149985827e-03 2.378186365753e+00
16 61 1 1.20567151 2.05273251 1.73235824 1.69106479 1.79424617 1.148636213076e-04 4.114997549783e+00 2.259207883242e+00 4.168775941485e-03 2.553440911625e+00
16 62 1 1.20567151 2.05273251 1.73235824 1.69106479 1.79424617 1.063172258345e-04 4.181198188112e+00 2.304789548255e+00 3.695580851718e-03 2.713452809092e+00
16 63 1 1.20567151 2.05273251 1.73235824 1.69106479 1.79424617 9.941023909793e-05 4.197624332968e+00 2.323725331439e+00 3.368225086456e-03 2.851088183668e+00
20 0 1 1.40188301 2.79746188 2.23258134 2.01532038 2.34471379 2.906535541671e-04 1.219243806147e+01 4.620378968931e+00 1.359727012875e-02 6.859210412858e+00
20 1 1 1.40188301 2.79746188 2.23258134 2.01532038 2.34471379 2.367920577191e-04 1.229284236865e+01 4.819798697669e+00 1.844590300811e-02 6.965078374057e+00
20 2 1 1.40188301 2.79746188 2.23258134 2.01532038 2.34471379 1.877856936276e-04 1.245663612901e+01 5.026113621444e+00 6.152110739122e-02 7.009873750635e+00
20 3 1 1.40188301 2.79746188 2.23258134 2.01532038 2.34471379 1.482776685172e-04 1.262705829387e+01 5.205914648608e+00 1.302371596035e-01 6.965046480072e+00
20 4 1 1.40188301 2.79746188 2.23258134 2.01532038 2.34471379 1.214228959525e-04 1.278499319021e+01 5.345788936718e+00 2.085112022382e-01 6.850280245707e+00
20 5 1 1.40188301 2.79746188 2.23258134 2.01532038 2.34471379 1.086051043215e-04 1.284618053319e+01 5.405161602827e+00 2.784579626576e-01 6.658272327278e+00
20 6 1 1.40188301 2.79746188 2.23258134 2.01532038 2.34471379 1.093980644915e-04 1.271060405912e+01 5.357610059386e+00 3.232552149208e-01 6.371353475987e+00
20 7 1 1.40188301 2.79746188 2.23258134 2.01532038 2.34471379 1.217563570370e-04 1.238208840181e+01 5.233719820484e+00 3.307336529848e-01 6.026922713091e+00
20 8 1 1.40188301 2.79746188 2.23258134 2.01532038 2.34471379 1.423931283811e-04 1.188569526623e+01 5.050989021661e+00 2.983783435516e-01 5.657348620058e+00
20 9 1 1.40188301 2.79746188 2.23258134 2.01532038 2.34471379 1.672821711962e-04 1.119892633279e+01 4.787976624331e+00 2.362443907542e-01 5.243855750502e+00
20 10 1 1.40188301 2.79746188 2.23258134 2.01532038 2.34471379 1.922113366600e-04 1.035451743018e+01 4.457138264134e+00 1.624412443574e-01 4.791901587661e+00
20 11 1 1.40188301 2.79746188 2.23258134 2.01532038 2.34471379 2.133142043251e-04 9.436946402200e+00 4.102715271142e+00 9.390199732248e-02 4.350261914816e+00
20 12 1 1.40188301 2.79746188 2.23258134 2.01532038 2.34471379 2.275161591892e-04 8.475684562193e+00 3.741740978195e+00 4.139224681133e-02 3.944512496536e+00
20 13 1 1.40188301 2.79746188 2.23258134 2.01532038 2.34471379 2.328474722463e-04 7.486477360469e+00 3.383800599121e+00 1.131263330611e-02 3.579087469236e+00
20 14 1 1.40188301 2.79746188 2.23258134 2.01532038 2.34471379 2.285968169348e-04 6.535808261114e+00 3.055661742137e+00 8.060395958595e-03 3.271185985473e+00
20 15 1 1.40188301 2.79746188 2.23258134 2.01532038 2.34471379 2.153007545881e-04 5.678216651393e+00 2.764722061333e+00 3.226513652687e-02 3.023480326110e+00
20 16 1 1.40188301 2.79746188 2.23258134 2.01532038 2.34471379 1.945851256278e-04 4.938107384294e+00 2.500515950309e+00 7.746339308535e-02 2.816633429514e+00
20 17 1 1.40188301 2.79746188 2.23258134 2.01532038 2.34471379 1.688905772121e-04 4.365379989010e+00 2.275510169377e+00 1.302417910379e-01 2.652404509180e+00
20 18 1 1.40188301 2.79746188 2.23258134 2.01532038 2.34471379 1.411250463989e-04 4.006365751578e+00 2.110637306323e+00 1.753152531801e-01 2.548514013424e+00
20 19 1 1.40188301 2.79746188 2.23258134 2.01532038 2.34471379 1.142902440207e-04 3.849117043539e+00 2.003042617975e+00 2.020762399731e-01 2.498845604100e+00
20 20 1 1.40188301 2.79746188 2.23258134 2.01532038 2.34471379 9.112730597092e-05 3.865718742051e+00 1.946243681939e+00 2.073596842302e-01 2.489855614912e+00
20 21 1 1.40188301 2.79746188 2.23258134 2.01532038 2.34471379 7.381981393356e-05 4.055985116146e+00 1.948016175884e+00 1.929834015885e-01 2.528330582510e+00
20 22 1 1.40188301 2.79746188 2.23258134 2.01532038 2.34471379 6.378187193837e-05 4.408988969252e+00 2.004541209784e+00 1.622872625594e-01 2.613329458404e+00
20 23 1 1.40188301 2.79746188 2.23258134 2.01532038 2.34471379 6.154662309480e-05 4.884757705494e+00 2.094278526230e+00 1.198592635439e-01 2.721867437213e+00
20 24 1 1.40188301 2.79746188 2.23258134 2.01532038 2.34471379 6.675821542516e-05 5.456159621054e+00 2.207642228029e+00 7.319657162602e-02 2.843946486135e+00
20 25 1 1.40188301 2.79746188 2.23258134 2.01532038 2.34471379 7.825920666892e-05 6.101857739386e+00 2.343611134903e+00 3.250549921430e-02 2.981944952236e+00
20 26 1 1.40188301 2.79746188 2.23258134 2.01532038 2.34471379 9.425673039986e-05 6.761463459652e+00 2.482941001660e+00 7.739260732442e-03 3.117282114636e+00
20 27 1 1.40188301 2.79746188 2.23258134 2.01532038 2.34471379 1.125449326439e-04 7.368301381069e+00 2.605159282766e+00 4.757559704123e-03 3.229318346426e+00
20 28 1 1.40188301 2.79746188 2.23258134 2.01532038 2.34471379 1.307582726319e-04 7.893162856311e+00 2.710409245266e+00 2.281229718931e-02 3.322267718817e+00
20 29 1 1.40188301 2.79746188 2.23258134 2.01532038 2.34471379 1.466299507618e-04 8.306591869023e+00 2.795587218159e+00 5.533625692025e-02 3.396776139906e+00
20 30 1 1.40188301 2.79746188 2.23258134 2.01532038 2.34471379 1.582314580455e-04 8.577066860827e+00 2.850296629950e+00 9.404329726153e-02 3.443500869535e+00
20 31 1 1.40188301 2.79746188 2.23258134 2.01532038 2.34471379 1.641724527742e-04 8.723728203853e+00 2.885459313950e+00 1.323762134037e-01 3.476029603745e+00
20 32 1 1.40188301 2.79746188 2.23258134 2.01532038 2.34471379 1.637443494653e-04 8.767816047189e+00 2.912699997273e+00 1.646010882718e-01 3.508254994808e+00
20 33 1 1.40188301 2.79746188 2.23258134 2.01532038 2.34471379 1.569957876002e-04 8.663337775434e+00 2.910804514868e+00 1.833414865933e-01 3.516284177928e+00
20 34 1 1.40188301 2.79746188 2.23258134 2.01532038 2.34471379 1.447333339958e-04 8.371320753282e+00 2.860433983635e+00 1.813523207568e-01 3.477407000619e+00
20 35 1 1.40188301 2.79746188 2.23258134 2.01532038 2.34471379 1.284462887376e-04 7.926062064675e+00 2.773575355706e+00 1.569619702634e-01 3.403074777417e+00
20 36 1 1.40188301 2.79746188 2.23258134 2.01532038 2.34471379 1.101602779680e-04 7.372472147355e+00 2.661552706668e+00 1.166176737269e-01 3.302487388804e+00
20 37 1 1.40188301 2.79746188 2.23258134 2.01532038 2.34471379 9.223033491290e-05 6.740611101335e+00 2.526542910541e+00 7.164676015601e-02 3.174287076898e+00
20 38 1 1.40188301 2.79746188 2.23258134 2.01532038 2.34471379 7.709014985077e-05 6.088684649720e+00 2.387684662375e+00 3.314232839056e-02 3.037473939009e+00
20 39 1 1.40188301 2.79746188 2.23258134 2.01532038 2.34471379 6.697966300725e-05 5.475849979301e+00 2.266583972382e+00 9.130432668046e-03 2.913149995586e+00
20 40 1 1.40188301 2.79746188 2.23258134 2.01532038 2.34471379 6.367753539358e-05 4.923292171358e+00 2.165450127745e+00 4.281611000596e-03 2.799148453900e+00
20 41 1 1.40188301 2.79746188 2.23258134 2.01532038 2.34471379 6.826748636749e-05 4.457436186700e+00 2.091075149343e+00 2.064487176386e-02 2.700333791258e+00
20 42 1 1.40188301 2.79746188 2.23258134 2.01532038 2.34471379 8.096725799469e-05 4.130283913831e+00 2.064985592737e+00 5.777223380524e-02 2.638904852465e+00
20 43 1 1.40188301 2.79746188 2.23258134 2.01532038 2.34471379 1.010454465459e-04 3.974529165921e+00 2.094010262284e+00 1.110207222805e-01 2.619182741670e+00
20 44 1 1.40188301 2.79746188 2.23258134 2.01532038 2.34471379 1.268443625198e-04 4.004877998181e+00 2.170486533832e+00 1.695902303150e-01 2.633893863090e+00
20 45 1 1.40188301 2.79746188 2.23258134 2.01532038 2.34471379 1.559166591963e-04 4.255233238787e+00 2.301353675951e+00 2.183051284678e-01 2.697310430648e+00
20 46 1 1.40188301 2.79746188 2.23258134 2.01532038 2.34471379 1.852704878620e-04 4.743544659857e+00 2.496159670238e+00 2.439116617347e-01 2.823672021503e+00
20 47 1 1.40188301 2.79746188 2.23258134 2.01532038 2.34471379 2.117037321408e-04 5.425927062969e+00 2.741145644524e+00 2.409371106660e-01 3.002279309802e+00
20 48 1 1.40188301 2.79746188 2.23258134 2.01532038 2.34471379 2.321942216991e-04 6.250618707029e+00 3.025786258713e+00 2.122970370010e-01 3.233122214978e+00
20 49 1 1.40188301 2.79746188 2.23258134 2.01532038 2.34471379 2.443017331749e-04 7.201241782657e+00 3.362454380874e+00 1.655891681390e-01 3.538685974101e+00
20 50 1 1.40188301 2.79746188 2.23258134 2.01532038 2.34471379 2.465310023182e-04 8.235923091080e+00 3.743957740963e+00 1.097529652769e-01 3.915448204297e+00
20 51 1 1.40188301 2.79746188 2.23258134 2.01532038 2.34471379 2.386044669251e-04 9.281033513503e+00 4.132855273792e+00 5.508616897959e-02 4.332927612973e+00
20 52 1 1.40188301 2.79746188 2.23258134 2.01532038 2.34471379 2.215999239457e-04 1.030285970017e+01 4.507983015346e+00 1.491466374328e-02 4.776593569520e+00
20 53 1 1.40188301 2.79746188 2.23258134 2.01532038 2.34471379 1.979216881048e-04 1.126573391180e+01 4.855153840540e+00 3.924708721499e-03 5.228201923080e+00
20 54 1 1.40188301 2.79746188 2.23258134 2.01532038 2.34471379 1.710931211912e-04 1.207592088179e+01 5.136030059572e+00 3.117702065541e-02 5.648433352885e+00
20 55 1 1.40188301 2.79746188 2.23258134 2.01532038 2.34471379 1.453814968041e-04 1.268362948960e+01 5.335329269217e+00 9.360771782946e-02 6.032951480090e+00
20 56 1 1.40188301 2.79746188 2.23258134 2.01532038 2.34471379 1.252902032011e-04 1.311480687889e+01 5.474622855210e+00 1.772736066710e-01 6.403841383420e+00
20 57 1 1.40188301 2.79746188 2.23258134 2.01532038 2.34471379 1.149749300351e-04 1.335814722003e+01 5.541231489794e+00 2.644993605286e-01 6.730650592002e+00
20 58 1 1.40188301 2.79746188 2.23258134 2.01532038 2.34471379 1.176563825030e-04 1.340274817791e+01 5.503451163671e+00 3.388638912578e-01 6.968603950156e+00
20 59 1 1.40188301 2.79746188 2.23258134 2.01532038 2.34471379 1.351093554017e-04 1.333732784519e+01 5.388938462437e+00 3.859944144477e-01 7.135317230945e+00
20 60 1 1.40188301 2.79746188 2.23258134 2.01532038 2.34471379 1.673047812899e-04 1.324192142769e+01 5.245354111274e+00 3.947192385698e-01 7.248214657142e+00
20 61 1 1.40188301 2.79746188 2.23258134 2.01532038 2.34471379 2.122670857216e-04 1.311371688406e+01 5.078565264243e+00 3.600525573208e-01 7.282564845763e+00
20 62 1 1.40188301 2.79746188 2.23258134 2.01532038 2.34471379 2.661848367786e-04 1.298542176226e+01 4.899658958080e+00 2.858382900556e-01 7.249195829418e+00
20 63 1 1.40188301 2.79746188 2.23258134 2.01532038 2.34471379 3.237808160831e-04 1.293307024501e+01 4.742567916765e+00 1.868508025125e-01 7.183415190700e+00
21 0 1 2.09713513 4.60069315 3.40215240 2.07735273 3.85566018 8.041343410022e-04 7.192081468192e+01 1.825560494757e+01 5.220336664478e+00 2.803686421196e+01
21 1 1 2.09713513 4.60069315 3.40215240 2.07735273 3.85566018 7.746527204360e-04 6.551497458146e+01 1.690823424649e+01 4.684116229079e+00 2.651540280649e+01
21 2 1 2.09713513 4.60069315 3.40215240 2.07735273 3.85566018 7.461485965799e-04 5.960951892476e+01 1.574826931446e+01 4.146261248813e+00 2.516854059353e+01
21 3 1 2.09713513 4.60069315 3.40215240 2.07735273 3.85566018 7.186223533801e-04 5.435022170662e+01 1.476620805634e+01 3.659838358415e+00 2.404442039392e+01
21 4 1 2.09713513 4.60069315 3.40215240 2.07735273 3.85566018 6.920743616111e-04 4.964592087596e+01 1.396601548054e+01 3.212201721027e+00 2.305534962306e+01
21 5 1 2.09713513 4.60069315 3.40215240 2.07735273 3.85566018 6.665049788703e-04 4.578953153773e+01 1.337873342127e+01 2.806390078712e+00 2.230374264639e+01
21 6 1 2.09713513 4.60069315 3.40215240 2.07735273 3.85566018 6.419145495737e-04 4.258414860854e+01 1.296574476120e+01 2.463270641790e+00 2.174984894620e+01
21 7 1 2.09713513 4.60069315 3.40215240 2.07735273 3.85566018 6.183034049507e-04 4.011386848092e+01 1.268367690603e+01 2.161166770027e+00 2.136460491271e+01
21 8 1 2.09713513 4.60069315 3.40215240 2.07735273 3.85566018 5.956718630400e-04 3.825722288854e+01 1.258772653841e+01 1.898789645287e+00 2.122198006014e+01
21 9 1 2.09713513 4.60069315 3.40215240 2.07735273 3.85566018 5.740202286849e-04 3.692711303265e+01 1.257387518688e+01 1.684246531828e+00 2.127242958401e+01
21 10 1 2.09713513 4.60069315 3.40215240 2.07735273 3.85566018 5.533487935300e-04 3.606811035618e+01 1.269586000904e+01 1.501277562390e+00 2.147379874916e+01
21 11 1 2.09713513 4.60069315 3.40215240 2.07735273 3.85566018 5.336578360164e-04 3.558033251668e+01 1.282410112886e+01 1.361799220136e+00 2.174463284191e+01
21 12 1 2.09713513 4.60069315 3.40215240 2.07735273 3.85566018 5.149476213783e-04 3.548251031267e+01 1.298664414291e+01 1.278436634473e+00 2.200373521905e+01
21 13 1 2.09713513 4.60069315 3.40215240 2.07735273 3.85566018 4.972184016396e-04 3.573154998843e+01 1.314886346328e+01 1.239176932215e+00 2.228992448234e+01
21 14 1 2.09713513 4.60069315 3.40215240 2.07735273 3.85566018 4.804704156103e-04 3.625166178996e+01 1.332386990256e+01 1.247752997172e+00 2.252628237539e+01
21 15 1 2.09713513 4.60069315 3.40215240 2.07735273 3.85566018 4.647038888833e-04 3.710220312273e+01 1.354199401867e+01 1.294723625577e+00 2.281207250068e+01
21 16 1 2.09713513 4.60069315 3.40215240 2.07735273 3.85566018 4.499190338313e-04 3.812087556037e+01 1.380494607918e+01 1.357274415202e+00 2.312925732828e+01
21 17 1 2.09713513 4.60069315 3.40215240 2.07735273 3.85566018 4.361160496043e-04 3.933175365821e+01 1.410990628789e+01 1.440255881667e+00 2.347986164876e+01
21 18 1 2.09713513 4.60069315 3.40215240 2.07735273 3.85566018 4.232951221263e-04 4.058968151311e+01 1.446130649856e+01 1.537821695594e+00 2.387282798968e+01
21 19 1 2.09713513 4.60069315 3.40215240 2.07735273 3.85566018 4.114564240934e-04 4.181028929041e+01 1.476869279258e+01 1.636411947090e+00 2.421762976119e+01
21 20 1 2.09713513 4.60069315 3.40215240 2.07735273 3.85566018 4.006001149711e-04 4.306523339534e+01 1.510376359644e+01 1.746872097305e+00 2.458245967175e+01
21 21 1 2.09713513 4.60069315 3.40215240 2.07735273 3.85566018 3.907263409922e-04 4.431970818733e+01 1.540689275562e+01 1.865724185786e+00 2.493759485737e+01
21 22 1 2.09713513 4.60069315 3.40215240 2.07735273 3.85566018 3.818352351551e-04 4.563381614775e+01 1.572381904047e+01 1.988961960408e+00 2.530069344000e+01
21 23 1 2.09713513 4.60069315 3.40215240 2.07735273 3.85566018 3.739269172216e-04 4.691054589614e+01 1.598323624284e+01 2.128718659410e+00 2.563307111082e+01
21 24 1 2.09713513 4.60069315 3.40215240 2.07735273 3.85566018 3.670014937157e-04 4.812002819223e+01 1.621804471033e+01 2.263997059932e+00 2.591847323151e+01
21 25 1 2.09713513 4.60069315 3.40215240 2.07735273 3.85566018 3.610590579216e-04 4.922128492305e+01 1.641721951774e+01 2.374016260442e+00 2.617969034078e+01
21 26 1 2.09713513 4.60069315 3.40215240 2.07735273 3.85566018 3.560996898833e-04 5.008318148160e+01 1.655340047264e+01 2.471376463739e+00 2.634832451359e+01
21 27 1 2.09713513 4.60069315 3.40215240 2.07735273 3.85566018 3.521234564026e-04 5.074108587346e+01 1.663010107088e+01 2.553711422990e+00 2.643568341122e+01
21 28 1 2.09713513 4.60069315 3.40215240 2.07735273 3.85566018 3.491304110388e-04 5.123203836380e+01 1.668787373792e+01 2.616777710086e+00 2.648492201213e+01
21 29 1 2.09713513 4.60069315 3.40215240 2.07735273 3.85566018 3.471205941078e-04 5.154897234883e+01 1.670459811042e+01 2.666487733363e+00 2.648466482989e+01
21 30 1 2.09713513 4.60069315 3.40215240 2.07735273 3.85566018 3.460940326815e-04 5.179792297440e+01 1.673932036531e+01 2.693682623910e+00 2.651063788834e+01
21 31 1 2.09713513 4.60069315 3.40215240 2.07735273 3.85566018 3.460507405877e-04 5.196073006567e+01 1.676543263611e+01 2.710928401311e+00 2.654274584139e+01
21 32 1 2.09713513 4.60069315 3.40215240 2.07735273 3.85566018 3.469907184093e-04 5.222359806733e+01 1.688377527119e+01 2.737777954532e+00 2.670666535849e+01
21 33 1 2.09713513 4.60069315 3.40215240 2.07735273 3.85566018 3.489139534850e-04 5.233932537676e+01 1.697257990512e+01 2.748124368663e+00 2.684058055253e+01
21 34 1 2.09713513 4.60069315 3.40215240 2.07735273 3.85566018 3.518204199092e-04 5.224661918043e+01 1.701215150589e+01 2.724059841580e+00 2.691483967335e+01
21 35 1 2.09713513 4.60069315 3.40215240 2.07735273 3.85566018 3.557100785322e-04 5.191131390616e+01 1.699152793760e+01 2.679301164631e+00 2.689996941109e+01
21 36 1 2.09713513 4.60069315 3.40215240 2.07735273 3.85566018 3.605828769608e-04 5.133142719598e+01 1.690064934871e+01 2.613765866586e+00 2.679670933444e+01
21 37 1 2.09713513 4.60069315 3.40215240 2.07735273 3.85566018 3.664387495592e-04 5.055291583124e+01 1.676340300285e+01 2.528759989623e+00 2.662467364346e+01
21 38 1 2.09713513 4.60069315 3.40215240 2.07735273 3.85566018 3.732776174496e-04 4.958774338173e+01 1.655487506211e+01 2.429804584507e+00 2.637906225131e+01
21 39 1 2.09713513 4.60069315 3.40215240 2.07735273 3.85566018 3.810993885135e-04 4.851610365759e+01 1.632646418447e+01 2.311217710168e+00 2.611893101965e+01
21 40 1 2.09713513 4.60069315 3.40215240 2.07735273 3.85566018 3.899039573928e-04 4.748306326399e+01 1.610096154130e+01 2.189322915518e+00 2.588393150399e+01
21 41 1 2.09713513 4.60069315 3.40215240 2.07735273 3.85566018 3.996912054912e-04 4.634467228673e+01 1.582878566132e+01 2.081847248783e+00 2.558954793547e+01
21 42 1 2.09713513 4.60069315 3.40215240 2.07735273 3.85566018 4.104610009759e-04 4.525350001208e+01 1.557822202093e+01 1.972570822003e+00 2.535309792407e+01
21 43 1 2.09713513 4.60069315 3.40215240 2.07735273 3.85566018 4.222131987795e-04 4.407164981630e+01 1.531855314546e+01 1.856070316725e+00 2.506790563775e+01
21 44 1 2.09713513 4.60069315 3.40215240 2.07735273 3.85566018 4.349476406014e-04 4.283910299273e+01 1.505165902511e+01 1.741114379070e+00 2.479823700592e+01
21 45 1 2.09713513 4.60069315 3.40215240 2.07735273 3.85566018 4.486641549107e-04 4.154457996003e+01 1.478541673063e+01 1.624084766031e+00 2.447208037339e+01
21 46 1 2.09713513 4.60069315 3.40215240 2.07735273 3.85566018 4.633625569480e-04 4.028999745496e+01 1.450763113207e+01 1.516858763571e+00 2.415302572569e+01
21 47 1 2.09713513 4.60069315 3.40215240 2.07735273 3.85566018 4.790426487278e-04 3.919311203514e+01 1.429033747968e+01 1.433496933296e+00 2.385046440324e+01
21 48 1 2.09713513 4.60069315 3.40215240 2.07735273 3.85566018 4.957042190418e-04 3.831324160967e+01 1.405760550910e+01 1.372746842618e+00 2.354305579839e+01
21 49 1 2.09713513 4.60069315 3.40215240 2.07735273 3.85566018 5.133470434610e-04 3.762915171726e+01 1.382878905584e+01 1.352102511361e+00 2.321042051287e+01
21 50 1 2.09713513 4.60069315 3.40215240 2.07735273 3.85566018 5.319708843391e-04 3.724976747084e+01 1.358572644616e+01 1.382873179188e+00 2.286147768542e+01
21 51 1 2.09713513 4.60069315 3.40215240 2.07735273 3.85566018 5.515754908158e-04 3.709097213511e+01 1.333339261722e+01 1.454628698722e+00 2.248922213800e+01
21 52 1 2.09713513 4.60069315 3.40215240 2.07735273 3.85566018 5.721605988198e-04 3.735345045481e+01 1.312678999683e+01 1.572380883935e+00 2.222080454251e+01
21 53 1 2.09713513 4.60069315 3.40215240 2.07735273 3.85566018 5.937259310729e-04 3.795601195373e+01 1.299235328165e+01 1.731896866319e+00 2.202833475662e+01
21 54 1 2.09713513 4.60069315 3.40215240 2.07735273 3.85566018 6.162711970932e-04 3.910046473082e+01 1.299059344557e+01 1.924517926879e+00 2.207384699425e+01
21 55 1 2.09713513 4.60069315 3.40215240 2.07735273 3.85566018 6.397960931993e-04 4.081290449467e+01 1.314691869020e+01 2.170755694489e+00 2.227819796282e+01
21 56 1 2.09713513 4.60069315 3.40215240 2.07735273 3.85566018 6.643003025142e-04 4.320325887092e+01 1.344149359638e+01 2.473691078879e+00 2.271327072512e+01
21 57 1 2.09713513 4.60069315 3.40215240 2.07735273 3.85566018 6.897834949699e-04 4.634410157155e+01 1.391203510711e+01 2.829700248558e+00 2.323899438230e+01
21 58 1 2.09713513 4.60069315 3.40215240 2.07735273 3.85566018 7.162453273116e-04 5.013225893573e+01 1.449324897559e+01 3.254823388827e+00 2.391788518515e+01
21 59 1 2.09713513 4.60069315 3.40215240 2.07735273 3.85566018 7.436854431022e-04 5.465747620868e+01 1.529986990775e+01 3.729332588700e+00 2.478991513076e+01
21 60 1 2.09713513 4.60069315 3.40215240 2.07735273 3.85566018 7.721034727275e-04 5.978926797253e+01 1.622460100107e+01 4.234407229731e+00 2.580393797164e+01
21 61 1 2.09713513 4.60069315 3.40215240 2.07735273 3.85566018 8.014990334007e-04 6.542736480584e+01 1.732132773884e+01 4.776474967948e+00 2.704188084978e+01
21 62 1 2.09713513 4.60069315 3.40215240 2.07735273 3.85566018 8.318717291681e-04 7.173796079160e+01 1.856906757341e+01 5.315548850340e+00 2.855266985112e+01
21 63 1 2.09713513 4.60069315 3.40215240 2.07735273 3.85566018 8.632211509138e-04 7.863421966238e+01 2.000899187646e+01 5.825278264300e+00 3.040950003879e+01
22 0 1 1.48312450 5.57245830 3.92214868 3.84238617 3.98890473 9.175509967944e-04 1.453627180455e+02 4.728068959825e+01 3.633023384913e+01 5.039436220495e+01
22 1 1 1.48312450 5.57245830 3.92214868 3.84238617 3.98890473 8.839111079240e-04 1.487844051159e+02 4.808714556631e+01 3.825069727032e+01 4.458499247023e+01
22 2 1 1.48312450 5.57245830 3.92214868 3.84238617 3.98890473 8.513878230454e-04 1.532160662263e+02 4.672650149407e+01 3.941313240264e+01 3.943709247329e+01
22 3 1 1.48312450 5.57245830 3.92214868 3.84238617 3.98890473 8.199814334384e-04 1.544412702438e+02 4.316296273738e+01 3.734161920396e+01 3.581140020148e+01
22 4 1 1.48312450 5.57245830 3.92214868 3.84238617 3.98890473 7.896922203799e-04 1.499080585460e+02 3.842293524816e+01 3.312701257662e+01 3.428173886202e+01
22 5 1 1.48312450 5.57245830 3.92214868 3.84238617 3.98890473 7.605204551415e-04 1.400536789098e+02 3.384437849350e+01 3.006322519061e+01 3.477462382605e+01
22 6 1 1.48312450 5.57245830 3.92214868 3.84238617 3.98890473 7.324663989864e-04 1.273348012239e+02 3.062052857959e+01 2.993412057215e+01 3.643274601752e+01
22 7 1 1.48312450 5.57245830 3.92214868 3.84238617 3.98890473 7.055303031682e-04 1.157109361203e+02 2.939502760634e+01 3.149511830847e+01 3.845669663211e+01
22 8 1 1.48312450 5.57245830 3.92214868 3.84238617 3.98890473 6.797124089273e-04 1.080967040281e+02 2.998308798757e+01 3.201981656602e+01 3.966149511011e+01
22 9 1 1.48312450 5.57245830 3.92214868 3.84238617 3.98890473 6.550129474901e-04 1.057092804112e+02 3.165309067853e+01 2.999095465026e+01 3.949262890567e+01
22 10 1 1.48312450 5.57245830 3.92214868 3.84238617 3.98890473 6.314321400657e-04 1.076195017570e+02 3.327653479898e+01 2.664541187740e+01 3.767082337354e+01
22 11 1 1.48312450 5.57245830 3.92214868 3.84238617 3.98890473 6.089701978450e-04 1.108857527926e+02 3.386157124068e+01 2.453779798645e+01 3.447318587691e+01
22 12 1 1.48312450 5.57245830 3.92214868 3.84238617 3.98890473 5.876273219980e-04 1.127283595441e+02 3.284203816645e+01 2.478298307045e+01 3.068700212757e+01
22 13 1 1.48312450 5.57245830 3.92214868 3.84238617 3.98890473 5.674037036723e-04 1.108038813678e+02 3.033559658956e+01 2.613018073271e+01 2.708554403351e+01
22 14 1 1.48312450 5.57245830 3.92214868 3.84238617 3.98890473 5.482995239915e-04 1.049491200604e+02 2.700845151696e+01 2.637109364749e+01 2.454746786073e+01
22 15 1 1.48312450 5.57245830 3.92214868 3.84238617 3.98890473 5.303149540533e-04 9.656941544315e+01 2.389093150443e+01 2.451230582257e+01 2.346779539254e+01
22 16 1 1.48312450 5.57245830 3.92214868 3.84238617 3.98890473 5.134501549284e-04 8.814965205924e+01 2.186046931006e+01 2.181812821492e+01 2.384980857938e+01
22 17 1 1.48312450 5.57245830 3.92214868 3.84238617 3.98890473 4.977052776584e-04 8.218837407462e+01 2.129365880234e+01 2.046000032797e+01 2.519604823741e+01
22 18 1 1.48312450 5.57245830 3.92214868 3.84238617 3.98890473 4.830804632553e-04 7.987686125374e+01 2.204175426554e+01 2.110429640059e+01 2.680594717680e+01
22 19 1 1.48312450 5.57245830 3.92214868 3.84238617 3.98890473 4.695758426993e-04 8.113452854337e+01 2.343764131832e+01 2.237368588442e+01 2.795794025791e+01
22 20 1 1.48312450 5.57245830 3.92214868 3.84238617 3.98890473 4.571915369385e-04 8.430633399155e+01 2.476903724902e+01 2.240062436214e+01 2.816708526465e+01
22 21 1 1.48312450 5.57245830 3.92214868 3.84238617 3.98890473 4.459276568871e-04 8.715025377485e+01 2.532354751463e+01 2.068579549661e+01 2.727470690422e+01
22 22 1 1.48312450 5.57245830 3.92214868 3.84238617 3.98890473 4.357843034250e-04 8.769184724611e+01 2.479818034943e+01 1.863506966792e+01 2.544016253100e+01
22 23 1 1.48312450 5.57245830 3.92214868 3.84238617 3.98890473 4.267615673964e-04 8.503854572014e+01 2.323789886409e+01 1.799769214474e+01 2.309479944175e+01
22 24 1 1.48312450 5.57245830 3.92214868 3.84238617 3.98890473 4.188595296093e-04 7.978847675226e+01 2.104348191540e+01 1.895523990486e+01 2.076809251745e+01
22 25 1 1.48312450 5.57245830 3.92214868 3.84238617 3.98890473 4.120782608347e-04 7.390013167074e+01 1.902043803519e+01 2.011558540067e+01 1.913232133521e+01
22 26 1 1.48312450 5.57245830 3.92214868 3.84238617 3.98890473 4.064178218059e-04 6.945811091209e+01 1.775535808939e+01 2.005391451433e+01 1.851603655649e+01
22 27 1 1.48312450 5.57245830 3.92214868 3.84238617 3.98890473 4.018782632180e-04 6.802366517823e+01 1.768506257015e+01 1.864942784650e+01 1.905603526506e+01
22 28 1 1.48312450 5.57245830 3.92214868 3.84238617 3.98890473 3.984596257275e-04 6.969696829535e+01 1.865717414693e+01 1.717780559887e+01 2.042963516955e+01
22 29 1 1.48312450 5.57245830 3.92214868 3.84238617 3.98890473 3.961619399518e-04 7.339420694302e+01 2.020617055996e+01 1.702811367770e+01 2.213300089500e+01
22 30 1 1.48312450 5.57245830 3.92214868 3.84238617 3.98890473 3.949852264691e-04 7.751494696476e+01 2.177836307895e+01 1.822293423790e+01 2.369985574915e+01
22 31 1 1.48312450 5.57245830 3.92214868 3.84238617 3.98890473 3.949294958182e-04 8.015311446687e+01 2.272786304041e+01 1.949457270054e+01 2.460498104531e+01
22 32 1 1.48312450 5.57245830 3.92214868 3.84238617 3.98890473 3.959947484980e-04 8.044766994182e+01 2.283268742829e+01 1.958103504380e+01 2.471689517595e+01
22 33 1 1.48312450 5.57245830 3.92214868 3.84238617 3.98890473 3.981809749682e-04 7.807168294633e+01 2.194068683904e+01 1.837269403041e+01 2.387773558875e+01
22 34 1 1.48312450 5.57245830 3.92214868 3.84238617 3.98890473 4.014881556489e-04 7.414203902900e+01 2.039796999955e+01 1.719027331008e+01 2.234226178750e+01
22 35 1 1.48312450 5.57245830 3.92214868 3.84238617 3.98890473 4.059162609208e-04 7.064199616167e+01 1.887478411793e+01 1.748095005079e+01 2.064608726604e+01
22 36 1 1.48312450 5.57245830 3.92214868 3.84238617 3.98890473 4.114652511256e-04 6.943647296943e+01 1.801363729766e+01 1.917623124944e+01 1.935473556735e+01
22 37 1 1.48312450 5.57245830 3.92214868 3.84238617 3.98890473 4.181350765663e-04 7.175897079692e+01 1.837919295603e+01 2.076859400912e+01 1.907622107425e+01
22 38 1 1.48312450 5.57245830 3.92214868 3.84238617 3.98890473 4.259256775077e-04 7.701652765234e+01 1.990060227446e+01 2.083891158336e+01 1.995527960093e+01
22 39 1 1.48312450 5.57245830 3.92214868 3.84238617 3.98890473 4.348369841769e-04 8.354063473671e+01 2.218525368629e+01 1.956219027006e+01 2.189128471991e+01
22 40 1 1.48312450 5.57245830 3.92214868 3.84238617 3.98890473 4.448689167639e-04 8.901101323367e+01 2.451734014377e+01 1.867581147372e+01 2.443356499110e+01
22 41 1 1.48312450 5.57245830 3.92214868 3.84238617 3.98890473 4.560213854222e-04 9.175135989276e+01 2.618070601388e+01 1.964374915572e+01 2.698434474664e+01
22 42 1 1.48312450 5.57245830 3.92214868 3.84238617 3.98890473 4.682942902699e-04 9.129081709181e+01 2.677368767274e+01 2.197886065127e+01 2.897475343970e+01
22 43 1 1.48312450 5.57245830 3.92214868 3.84238617 3.98890473 4.816875213903e-04 8.858115543476e+01 2.614057435744e+01 2.373735603022e+01 2.989589011255e+01
22 44 1 1.48312450 5.57245830 3.92214868 3.84238617 3.98890473 4.962009588333e-04 8.559246131085e+01 2.470616491951e+01 2.362226308663e+01 2.957630301302e+01
22 45 1 1.48312450 5.57245830 3.92214868 3.84238617 3.98890473 5.118344726157e-04 8.471785722823e+01 2.324562504121e+01 2.231362414348e+01 2.825836864943e+01
22 46 1 1.48312450 5.57245830 3.92214868 3.84238617 3.98890473 5.285879227233e-04 8.758605334898e+01 2.264604705896e+01 2.183961640456e+01 2.656559232455e+01
22 47 1 1.48312450 5.57245830 3.92214868 3.84238617 3.98890473 5.464611591114e-04 9.435360190783e+01 2.356053686182e+01 2.353258880849e+01 2.529993226149e+01
22 48 1 1.48312450 5.57245830 3.92214868 3.84238617 3.98890473 5.654540217067e-04 1.036574730342e+02 2.601812528625e+01 2.646466310942e+01 2.519821388286e+01
22 49 1 1.48312450 5.57245830 3.92214868 3.84238617 3.98890473 5.855663404083e-04 1.125935313308e+02 2.946546322550e+01 2.838622008462e+01 2.662353841804e+01
22 50 1 1.48312450 5.57245830 3.92214868 3.84238617 3.98890473 6.067979350894e-04 1.187254834983e+02 3.291326447096e+01 2.810230750501e+01 2.952975141190e+01
22 51 1 1.48312450 5.57245830 3.92214868 3.84238617 3.98890473 6.291486155991e-04 1.203537475383e+02 3.539156046217e+01 2.667960322853e+01 3.335619799453e+01
22 52 1 1.48312450 5.57245830 3.92214868 3.84238617 3.98890473 6.526181817637e-04 1.181771025353e+02 3.630564425572e+01 2.654905578549e+01 3.733075169014e+01
22 53 1 1.48312450 5.57245830 3.92214868 3.84238617 3.98890473 6.772064233889e-04 1.145681132795e+02 3.559568604192e+01 2.908046746128e+01 4.058692768069e+01
22 54 1 1.48312450 5.57245830 3.92214868 3.84238617 3.98890473 7.029131202614e-04 1.127709147646e+02 3.387393815908e+01 3.282293903975e+01 4.234704160010e+01
22 55 1 1.48312450 5.57245830 3.92214868 3.84238617 3.98890473 7.297380421509e-04 1.158433462741e+02 3.219747982267e+01 3.489653631750e+01 4.244480560748e+01
22 56 1 1.48312450 5.57245830 3.92214868 3.84238617 3.98890473 7.576809488125e-04 1.243098663439e+02 3.168976208898e+01 3.415931737662e+01 4.099846296623e+01
22 57 1 1.48312450 5.57245830 3.92214868 3.84238617 3.98890473 7.867415899882e-04 1.370060405936e+02 3.317234357329e+01 3.242122695724e+01 3.885306867125e+01
22 58 1 1.48312450 5.57245830 3.92214868 3.84238617 3.98890473 8.169197054098e-04 1.501686461966e+02 3.673338825618e+01 3.283408451793e+01 3.706667443827e+01
22 59 1 1.48312450 5.57245830 3.92214868 3.84238617 3.98890473 8.482150248009e-04 1.599814127289e+02 4.162543792225e+01 3.660056181421e+01 3.663958130088e+01
22 60 1 1.48312450 5.57245830 3.92214868 3.84238617 3.98890473 8.806272678794e-04 1.639566849458e+02 4.655076665268e+01 4.118223802977e+01 3.845163213558e+01
22 61 1 1.48312450 5.57245830 3.92214868 3.84238617 3.98890473 9.141561443600e-04 1.620128555143e+02 5.006186933923e+01 4.303235406426e+01 4.237338653949e+01
22 62 1 1.48312450 5.57245830 3.92214868 3.84238617 3.98890473 9.488013539565e-04 1.572011262975e+02 5.131602619341e+01 4.152851437182e+01 4.801069889493e+01
22 63 1 1.48312450 5.57245830 3.92214868 3.84238617 3.98890473 9.845625863852e-04 1.537403334037e+02 5.024080088160e+01 3.962388614938e+01 5.404517198659e+01
23 0 1 1.49558419 2.72590647 2.18986259 1.84382987 2.32345698 2.418165214456e-04 1.257819353017e+01 4.634447978459e+00 1.707524231752e+00 5.280061151444e+00
23 1 1 1.49558419 2.72590647 2.18986259 1.84382987 2.32345698 2.329504477244e-04 1.160740669142e+01 4.284007717732e+00 1.883063618374e+00 4.922390456715e+00
23 2 1 1.49558419 2.72590647 2.18986259 1.84382987 2.32345698 2.243788987076e-04 1.070551651153e+01 3.970059737956e+00 2.040956052084e+00 4.618488610482e+00
23 3 1 1.49558419 2.72590647 2.18986259 1.84382987 2.32345698 2.161019365777e-04 9.818641985415e+00 3.669778541696e+00 2.161802611961e+00 4.341509815531e+00
23 4 1 1.49558419 2.72590647 2.18986259 1.84382987 2.32345698 2.081196213804e-04 8.954818240775e+00 3.397676548626e+00 2.243378994265e+00 4.081606416189e+00
23 5 1 1.49558419 2.72590647 2.18986259 1.84382987 2.32345698 2.004320110238e-04 8.179656093478e+00 3.178003410732e+00 2.291506171452e+00 3.867787076798e+00
23 6 1 1.49558419 2.72590647 2.18986259 1.84382987 2.32345698 1.930391612780e-04 7.492362170601e+00 2.987354003980e+00 2.305915690423e+00 3.687694123375e+00
23 7 1 1.49558419 2.72590647 2.18986259 1.84382987 2.32345698 1.859411257746e-04 6.878991018649e+00 2.808449448865e+00 2.275650772808e+00 3.516151881830e+00
23 8 1 1.49558419 2.72590647 2.18986259 1.84382987 2.32345698 1.791379560068e-04 6.372643827918e+00 2.661883802795e+00 2.190282394250e+00 3.375776799264e+00
23 9 1 1.49558419 2.72590647 2.18986259 1.84382987 2.32345698 1.726297013285e-04 5.970755795178e+00 2.552027812947e+00 2.054417937982e+00 3.283620475169e+00
23 10 1 1.49558419 2.72590647 2.18986259 1.84382987 2.32345698 1.664164089540e-04 5.645802579745e+00 2.470441340656e+00 1.886902415864e+00 3.226771123562e+00
23 11 1 1.49558419 2.72590647 2.18986259 1.84382987 2.32345698 1.604981239580e-04 5.408678870312e+00 2.424461209760e+00 1.705444481044e+00 3.202818269151e+00
23 12 1 1.49558419 2.72590647 2.18986259 1.84382987 2.32345698 1.548748892749e-04 5.246556814053e+00 2.402483223364e+00 1.516996608742e+00 3.201074811606e+00
23 13 1 1.49558419 2.72590647 2.18986259 1.84382987 2.32345698 1.495467456988e-04 5.115497543563e+00 2.377940404549e+00 1.324771523465e+00 3.191849708090e+00
23 14 1 1.49558419 2.72590647 2.18986259 1.84382987 2.32345698 1.445137318828e-04 5.026708388828e+00 2.357315414445e+00 1.138455737615e+00 3.177085134962e+00
23 15 1 1.49558419 2.72590647 2.18986259 1.84382987 2.32345698 1.397758843393e-04 5.009675068590e+00 2.355338575943e+00 9.719414921593e-01 3.178396788736e+00
23 16 1 1.49558419 2.72590647 2.18986259 1.84382987 2.32345698 1.353332374392e-04 5.040800309793e+00 2.358543253675e+00 8.338143270449e-01 3.183824613269e+00
23 17 1 1.49558419 2.72590647 2.18986259 1.84382987 2.32345698 1.311858234118e-04 5.097834516552e+00 2.359976189305e+00 7.256211124359e-01 3.176931152724e+00
23 18 1 1.49558419 2.72590647 2.18986259 1.84382987 2.32345698 1.273336723447e-04 5.192015187202e+00 2.374128883905e+00 6.486515294593e-01 3.174188130983e+00
23 19 1 1.49558419 2.72590647 2.18986259 1.84382987 2.32345698 1.237768121836e-04 5.312236254263e+00 2.400960727199e+00 6.071833785289e-01 3.185313966393e+00
23 20 1 1.49558419 2.72590647 2.18986259 1.84382987 2.32345698 1.205152687318e-04 5.429675710152e+00 2.428456144474e+00 6.036743289977e-01 3.196608779967e+00
23 21 1 1.49558419 2.72590647 2.18986259 1.84382987 2.32345698 1.175490656503e-04 5.549108924917e+00 2.461354390567e+00 6.339405552894e-01 3.209767199134e+00
23 22 1 1.49558419 2.72590647 2.18986259 1.84382987 2.32345698 1.148782244577e-04 5.683595682040e+00 2.504244879461e+00 6.889001563546e-01 3.234188756921e+00
23 23 1 1.49558419 2.72590647 2.18986259 1.84382987 2.32345698 1.125027645296e-04 5.816763710274e+00 2.542486321683e+00 7.600437727348e-01 3.255640354935e+00
23 24 1 1.49558419 2.72590647 2.18986259 1.84382987 2.32345698 1.104227030990e-04 5.941387654757e+00 2.569875220031e+00 8.429033087338e-01 3.264710124821e+00
23 25 1 1.49558419 2.72590647 2.18986259 1.84382987 2.32345698 1.086380552556e-04 6.073413333045e+00 2.597416683938e+00 9.361089006345e-01 3.274763502193e+00
23 26 1 1.49558419 2.72590647 2.18986259 1.84382987 2.32345698 1.071488339464e-04 6.201944811350e+00 2.623180199712e+00 1.036573740978e+00 3.285213042556e+00
23 27 1 1.49558419 2.72590647 2.18986259 1.84382987 2.32345698 1.059550499750e-04 6.301896649144e+00 2.638583593929e+00 1.134619347220e+00 3.285162693975e+00
23 28 1 1.49558419 2.72590647 2.18986259 1.84382987 2.32345698 1.050567120017e-04 6.380255491047e+00 2.651705927517e+00 1.215711219773e+00 3.284394400976e+00
23 29 1 1.49558419 2.72590647 2.18986259 1.84382987 2.32345698 1.044538265435e-04 6.440201488967e+00 2.664780323416e+00 1.270151470366e+00 3.287718130018e+00
23 30 1 1.49558419 2.72590647 2.18986259 1.84382987 2.32345698 1.041463979741e-04 6.469060601325e+00 2.668659619369e+00 1.300455783130e+00 3.285043863663e+00
23 31 1 1.49558419 2.72590647 2.18986259 1.84382987 2.32345698 1.041344285238e-04 6.494910718877e+00 2.676587011524e+00 1.315493865616e+00 3.291125707155e+00
23 32 1 1.49558419 2.72590647 2.18986259 1.84382987 2.32345698 1.044179182794e-04 6.546959230736e+00 2.704112372415e+00 1.316897387065e+00 3.323898714023e+00
23 33 1 1.49558419 2.72590647 2.18986259 1.84382987 2.32345698 1.049968651843e-04 6.584493292312e+00 2.730546757913e+00 1.295279027463e+00 3.359333468691e+00
23 34 1 1.49558419 2.72590647 2.18986259 1.84382987 2.32345698 1.058712650384e-04 6.567793956892e+00 2.736351561367e+00 1.241946551698e+00 3.374756815615e+00
23 35 1 1.49558419 2.72590647 2.18986259 1.84382987 2.32345698 1.070411114986e-04 6.516874790457e+00 2.733204895722e+00 1.161091228820e+00 3.383122485635e+00
23 36 1 1.49558419 2.72590647 2.18986259 1.84382987 2.32345698 1.085063960779e-04 6.444455655667e+00 2.725865623182e+00 1.067296501499e+00 3.388195737866e+00
23 37 1 1.49558419 2.72590647 2.18986259 1.84382987 2.32345698 1.102671081466e-04 6.342126899178e+00 2.705038064887e+00 9.730806807210e-01 3.378919409337e+00
23 38 1 1.49558419 2.72590647 2.18986259 1.84382987 2.32345698 1.123232349313e-04 6.228146729006e+00 2.676988738901e+00 8.823541631310e-01 3.364139432707e+00
23 39 1 1.49558419 2.72590647 2.18986259 1.84382987 2.32345698 1.146747615158e-04 6.115626561950e+00 2.648416819034e+00 7.951630097195e-01 3.350843856489e+00
23 40 1 1.49558419 2.72590647 2.18986259 1.84382987 2.32345698 1.173216708410e-04 5.985955374946e+00 2.610815546851e+00 7.152060496637e-01 3.327704055582e+00
23 41 1 1.49558419 2.72590647 2.18986259 1.84382987 2.32345698 1.202639437045e-04 5.838836251927e+00 2.567660403265e+00 6.518480901821e-01 3.300158535330e+00
23 42 1 1.49558419 2.72590647 2.18986259 1.84382987 2.32345698 1.235015587617e-04 5.694381755807e+00 2.533893842660e+00 6.165402808503e-01 3.283993459533e+00
23 43 1 1.49558419 2.72590647 2.18986259 1.84382987 2.32345698 1.270344925251e-04 5.548084000209e+00 2.505634575032e+00 6.175001006221e-01 3.270533371491e+00
23 44 1 1.49558419 2.72590647 2.18986259 1.84382987 2.32345698 1.308627193648e-04 5.395428486686e+00 2.473125187289e+00 6.565483509470e-01 3.250851864356e+00
23 45 1 1.49558419 2.72590647 2.18986259 1.84382987 2.32345698 1.349862115088e-04 5.266303857237e+00 2.445226307437e+00 7.311747678854e-01 3.236536558834e+00
23 46 1 1.49558419 2.72590647 2.18986259 1.84382987 2.32345698 1.394049390431e-04 5.179342246478e+00 2.425851721516e+00 8.400319092802e-01 3.224462238415e+00
23 47 1 1.49558419 2.72590647 2.18986259 1.84382987 2.32345698 1.441188699118e-04 5.122407203736e+00 2.402400731226e+00 9.842103719021e-01 3.200206410094e+00
23 48 1 1.49558419 2.72590647 2.18986259 1.84382987 2.32345698 1.491279699174e-04 5.109287337341e+00 2.380547148298e+00 1.161165323720e+00 3.180005769763e+00
23 49 1 1.49558419 2.72590647 2.18986259 1.84382987 2.32345698 1.544322027213e-04 5.167165768886e+00 2.378994332311e+00 1.360236379646e+00 3.182731328656e+00
23 50 1 1.49558419 2.72590647 2.18986259 1.84382987 2.32345698 1.600315298436e-04 5.276170596069e+00 2.390334781554e+00 1.568296330272e+00 3.192028135128e+00
23 51 1 1.49558419 2.72590647 2.18986259 1.84382987 2.32345698 1.659259106638e-04 5.427531438850e+00 2.409105921246e+00 1.777811518372e+00 3.206395006756e+00
23 52 1 1.49558419 2.72590647 2.18986259 1.84382987 2.32345698 1.721153024208e-04 5.673951216151e+00 2.463997848567e+00 1.983480315337e+00 3.260770543893e+00
23 53 1 1.49558419 2.72590647 2.18986259 1.84382987 2.32345698 1.785996602134e-04 6.036928112598e+00 2.568025728535e+00 2.171433217594e+00 3.364654695406e+00
23 54 1 1.49558419 2.72590647 2.18986259 1.84382987 2.32345698 1.853789370005e-04 6.490608137551e+00 2.702835424810e+00 2.319666649059e+00 3.501791298227e+00
23 55 1 1.49558419 2.72590647 2.18986259 1.84382987 2.32345698 1.924530836016e-04 7.047580766285e+00 2.867636283676e+00 2.413376022159e+00 3.672937903637e+00
23 56 1 1.49558419 2.72590647 2.18986259 1.84382987 2.32345698 1.998220486969e-04 7.715018852905e+00 3.065297502095e+00 2.455126527045e+00 3.867080760952e+00
23 57 1 1.49558419 2.72590647 2.18986259 1.84382987 2.32345698 2.074857788280e-04 8.452376781620e+00 3.280864611259e+00 2.455150313430e+00 4.064373970840e+00
23 58 1 1.49558419 2.72590647 2.18986259 1.84382987 2.32345698 2.154442183980e-04 9.257872270079e+00 3.527754650814e+00 2.414730247388e+00 4.290121652241e+00
23 59 1 1.49558419 2.72590647 2.18986259 1.84382987 2.32345698 2.236973096720e-04 1.014286852386e+01 3.830042134781e+00 2.324734480571e+00 4.565569980889e+00
23 60 1 1.49558419 2.72590647 2.18986259 1.84382987 2.32345698 2.322449927776e-04 1.105675609904e+01 4.163204136595e+00 2.180731041822e+00 4.861828427316e+00
23 61 1 1.49558419 2.72590647 2.18986259 1.84382987 2.32345698 2.410872057053e-04 1.198848112661e+01 4.505821869003e+00 1.996604930423e+00 5.179996609330e+00
23 62 1 1.49558419 2.72590647 2.18986259 1.84382987 2.32345698 2.502238843088e-04 1.299403659810e+01 4.883188019372e+00 1.802617838918e+00 5.552296896919e+00
23 63 1 1.49558419 2.72590647 2.18986259 1.84382987 2.32345698 2.596549623057e-04 1.404983384261e+01 5.298806767264e+00 1.630175320269e+00 5.957361697156e+00
25 0 1 1.08822265 1.61677380 1.41045189 1.38123356 1.45514743 5.142663255914e-05 1.480211470339e+00 8.772779867183e-01 2.166108708714e-03 1.001621550866e+00
25 1 1 1.08822265 1.61677380 1.41045189 1.38123356 1.45514743 4.953082676968e-05 1.396022886257e+00 8.429586854338e-01 2.196200327264e-03 9.510885542074e-01
25 2 1 1.08822265 1.61677380 1.41045189 1.38123356 1.45514743 4.989976207421e-05 1.319225486336e+00 8.108198652562e-01 2.091260139502e-03 9.018267333698e-01
25 3 1 1.08822265 1.61677380 1.41045189 1.38123356 1.45514743 5.209386011247e-05 1.255117554538e+00 7.825375653914e-01 1.815603324690e-03 8.572807490690e-01
25 4 1 1.08822265 1.61677380 1.41045189 1.38123356 1.45514743 5.554745876595e-05 1.202730112098e+00 7.577970815470e-01 1.509654906606e-03 8.188475206011e-01
25 5 1 1.08822265 1.61677380 1.41045189 1.38123356 1.45514743 5.963028697793e-05 1.155349084416e+00 7.340969364234e-01 1.356179506821e-03 7.846524835058e-01
25 6 1 1.08822265 1.61677380 1.41045189 1.38123356 1.45514743 6.371010626369e-05 1.105450901100e+00 7.083665889374e-01 1.360996192382e-03 7.510297766227e-01
25 7 1 1.08822265 1.61677380 1.41045189 1.38123356 1.45514743 6.721057615058e-05 1.050590384684e+00 6.792367895102e-01 1.330698239245e-03 7.154248560816e-01
25 8 1 1.08822265 1.61677380 1.41045189 1.38123356 1.45514743 6.965935378413e-05 9.953396819369e-01 6.481201047619e-01 1.113472949449e-03 6.783378989448e-01
25 9 1 1.08822265 1.61677380 1.41045189 1.38123356 1.45514743 7.072279016557e-05 9.474267576918e-01 6.182024026410e-01 8.077718890741e-04 6.428662867381e-01
25 10 1 1.08822265 1.61677380 1.41045189 1.38123356 1.45514743 7.022516810007e-05 9.113221781166e-01 5.921902798189e-01 6.541386423617e-04 6.124118320071e-01
25 11 1 1.08822265 1.61677380 1.41045189 1.38123356 1.45514743 6.815206250645e-05 8.848152725409e-01 5.706261652167e-01 7.398581627683e-04 5.884391402446e-01
25 12 1 1.08822265 1.61677380 1.41045189 1.38123356 1.45514743 6.463892548083e-05 8.613266117412e-01 5.519633703053e-01 8.996477666276e-04 5.698539149797e-01
25 13 1 1.08822265 1.61677380 1.41045189 1.38123356 1.45514743 5.994726680034e-05 8.355430473475e-01 5.340627887149e-01 9.308710485512e-04 5.541333918288e-01
25 14 1 1.08822265 1.61677380 1.41045189 1.38123356 1.45514743 5.443171518989e-05 8.073387067536e-01 5.157381618744e-01 8.316417644565e-04 5.390897174245e-01
25 15 1 1.08822265 1.61677380 1.41045189 1.38123356 1.45514743 4.850175278889e-05 7.810099739627e-01 4.972186686194e-01 7.697262571784e-04 5.239670901002e-01
25 16 1 1.08822265 1.61677380 1.41045189 1.38123356 1.45514743 4.258200859372e-05 7.611734375257e-01 4.794753488092e-01 8.576101695328e-04 5.093384649650e-01
25 17 1 1.08822265 1.61677380 1.41045189 1.38123356 1.45514743 3.707471350211e-05 7.491143189602e-01 4.632220639840e-01 1.028062019457e-03 4.961990606573e-01
25 18 1 1.08822265 1.61677380 1.41045189 1.38123356 1.45514743 3.232733222489e-05 7.422181146929e-01 4.484274551191e-01 1.132491370780e-03 4.850794747369e-01
25 19 1 1.08822265 1.61677380 1.41045189 1.38123356 1.45514743 2.860759137229e-05 7.361884634359e-01 4.345760185237e-01 1.109236648689e-03 4.757862210936e-01
25 20 1 1.08822265 1.61677380 1.41045189 1.38123356 1.45514743 2.608722423585e-05 7.279125268943e-01 4.213205343320e-01 1.029335292523e-03 4.678218149445e-01
25 21 1 1.08822265 1.61677380 1.41045189 1.38123356 1.45514743 2.483485408065e-05 7.171141158247e-01 4.089754287856e-01 9.982988286084e-04 4.610424097658e-01
25 22 1 1.08822265 1.61677380 1.41045189 1.38123356 1.45514743 2.481762783798e-05 7.062241865840e-01 3.984839631883e-01 1.036898198901e-03 4.559569198297e-01
25 23 1 1.08822265 1.61677380 1.41045189 1.38123356 1.45514743 2.591055700589e-05 6.988251508016e-01 3.908370209249e-01 1.061574225498e-03 4.533393895158e-01
25 24 1 1.08822265 1.61677380 1.41045189 1.38123356 1.45514743 2.791206097346e-05 6.974010803611e-01 3.862668510177e-01 9.808676391177e-04 4.533710876107e-01
25 25 1 1.08822265 1.61677380 1.41045189 1.38123356 1.45514743 3.056395030116e-05 7.014592526040e-01 3.837617499666e-01 8.089943739517e-04 4.549927735284e-01
25 26 1 1.08822265 1.61677380 1.41045189 1.38123356 1.45514743 3.357401877037e-05 7.073101623104e-01 3.813763558854e-01 6.660412089036e-04 4.561363691647e-01
25 27 1 1.08822265 1.61677380 1.41045189 1.38123356 1.45514743 3.663949882453e-05 7.101554620317e-01 3.773477787343e-01 6.459350708696e-04 4.549093963134e-01
25 28 1 1.08822265 1.61677380 1.41045189 1.38123356 1.45514743 3.946982925315e-05 7.074648513821e-01 3.713805983790e-01 6.989412730403e-04 4.510005032397e-01
25 29 1 1.08822265 1.61677380 1.41045189 1.38123356 1.45514743 4.180743737956e-05 7.011639013439e-01 3.651439146588e-01 6.852250237352e-04 4.462182332766e-01
25 30 1 1.08822265 1.61677380 1.41045189 1.38123356 1.45514743 4.344550623606e-05 6.965751883465e-01 3.614312065552e-01 5.521679517814e-04 4.435696641073e-01
25 31 1 1.08822265 1.61677380 1.41045189 1.38123356 1.45514743 4.424194711029e-05 6.985196927402e-01 3.623967448759e-01 4.135650793374e-04 4.453543725498e-01
25 32 1 1.08822265 1.61677380 1.41045189 1.38123356 1.45514743 4.412901139968e-05 7.075227143600e-01 3.680683163950e-01 4.169555718851e-04 4.515732428772e-01
25 33 1 1.08822265 1.61677380 1.41045189 1.38123356 1.45514743 4.311815097545e-05 7.192593658681e-01 3.762433709138e-01 5.604959380535e-04 4.598241158217e-01
25 34 1 1.08822265 1.61677380 1.41045189 1.38123356 1.45514743 4.129988542560e-05 7.277959173166e-01 3.838938430439e-01 6.951363611190e-04 4.668097430657e-01
25 35 1 1.08822265 1.61677380 1.41045189 1.38123356 1.45514743 3.883857950260e-05 7.300277925998e-01 3.890910339300e-01 7.093167934403e-04 4.704114122337e-01
25 36 1 1.08822265 1.61677380 1.41045189 1.38123356 1.45514743 3.596220026608e-05 7.277927788205e-01 3.921094499631e-01 6.588524266122e-04 4.708979591595e-01
25 37 1 1.08822265 1.61677380 1.41045189 1.38123356 1.45514743 3.294733290205e-05 7.262010747245e-01 3.950333428317e-01 6.848058562068e-04 4.705228623210e-01
25 38 1 1.08822265 1.61677380 1.41045189 1.38123356 1.45514743 3.009999944368e-05 7.298093128183e-01 4.002915635951e-01 8.362275783391e-04 4.719409723311e-01
25 39 1 1.08822265 1.61677380 1.41045189 1.38123356 1.45514743 2.773314348436e-05 7.396756934649e-01 4.092103523129e-01 1.017658418415e-03 4.766334028934e-01
25 40 1 1.08822265 1.61677380 1.41045189 1.38123356 1.45514743 2.614199729630e-05 7.531695274528e-01 4.214785035013e-01 1.106591382802e-03 4.843544792296e-01
25 41 1 1.08822265 1.61677380 1.41045189 1.38123356 1.45514743 2.557889980176e-05 7.661224130358e-01 4.356654041192e-01 1.086410699262e-03 4.937607171644e-01
25 42 1 1.08822265 1.61677380 1.41045189 1.38123356 1.45514743 2.622943574466e-05 7.755435095386e-01 4.502612435782e-01 1.049223334866e-03 5.035644053567e-01
25 43 1 1.08822265 1.61677380 1.41045189 1.38123356 1.45514743 2.819196243495e-05 7.813337088053e-01 4.645278083499e-01 1.082753051019e-03 5.133369789154e-01
25 44 1 1.08822265 1.61677380 1.41045189 1.38123356 1.45514743 3.146262610644e-05 7.863521092481e-01 4.787115672791e-01 1.168404859117e-03 5.235002351790e-01
25 45 1 1.08822265 1.61677380 1.41045189 1.38123356 1.45514743 3.592780107300e-05 7.948846749421e-01 4.935988147670e-01 1.196220990209e-03 5.346864050422e-01
25 46 1 1.08822265 1.61677380 1.41045189 1.38123356 1.45514743 4.136548630948e-05 8.100882511944e-01 5.097632638734e-01 1.089368061051e-03 5.470671923496e-01
25 47 1 1.08822265 1.61677380 1.41045189 1.38123356 1.45514743 4.745656662276e-05 8.317201735870e-01 5.270487326010e-01 9.121138861658e-04 5.602238620447e-01
25 48 1 1.08822265 1.61677380 1.41045189 1.38123356 1.45514743 5.380602014302e-05 8.559364898491e-01 5.447236100184e-01 8.226100276925e-04 5.737091033356e-01
25 49 1 1.08822265 1.61677380 1.41045189 1.38123356 1.45514743 5.997319196195e-05 8.780169474769e-01 5.622791796715e-01 8.909226229158e-04 5.878895784543e-01
25 50 1 1.08822265 1.61677380 1.41045189 1.38123356 1.45514743 6.550924377617e-05 8.964815284311e-01 5.802438086853e-01 9.946499935895e-04 6.043184129550e-01
25 51 1 1.08822265 1.61677380 1.41045189 1.38123356 1.45514743 6.999893896035e-05 9.151699153065e-01 6.001724167909e-01 9.568909114440e-04 6.250894590348e-01
25 52 1 1.08822265 1.61677380 1.41045189 1.38123356 1.45514743 7.310314727944e-05 9.408564082800e-01 6.235287854218e-01 7.863462917332e-04 6.513814699156e-01
25 53 1 1.08822265 1.61677380 1.41045189 1.38123356 1.45514743 7.459796383744e-05 9.777762412216e-01 6.502107657096e-01 7.016351787159e-04 6.822269268229e-01
25 54 1 1.08822265 1.61677380 1.41045189 1.38123356 1.45514743 7.440622376361e-05 1.023721527106e+00 6.780496132438e-01 8.722016727127e-04 7.146828775831e-01
25 55 1 1.08822265 1.61677380 1.41045189 1.38123356 1.45514743 7.261751575586e-05 1.071563708496e+00 7.040154654576e-01 1.197602605836e-03 7.456665893607e-01
25 56 1 1.08822265 1.61677380 1.41045189 1.38123356 1.45514743 6.949356884219e-05 1.115331107247e+00 7.264090324351e-01 1.424236817928e-03 7.742943049220e-01
25 57 1 1.08822265 1.61677380 1.41045189 1.38123356 1.45514743 6.545707280870e-05 1.155622584725e+00 7.462943168701e-01 1.455757367464e-03 8.028481857726e-01
25 58 1 1.08822265 1.61677380 1.41045189 1.38123356 1.45514743 6.106350815964e-05 1.199506392836e+00 7.668911813575e-01 1.455020515705e-03 8.353423092527e-01
25 59 1 1.08822265 1.61677380 1.41045189 1.38123356 1.45514743 5.695727481085e-05 1.254952426756e+00 7.913181632085e-01 1.620986437048e-03 8.745865101683e-01
25 60 1 1.08822265 1.61677380 1.41045189 1.38123356 1.45514743 5.381515333602e-05 1.324603102000e+00 8.204747583194e-01 1.945081361945e-03 9.200464232141e-01
25 61 1 1.08822265 1.61677380 1.41045189 1.38123356 1.45514743 5.228172232413e-05 1.403904428570e+00 8.526939275244e-01 2.239363904696e-03 9.683075148060e-01
25 62 1 1.08822265 1.61677380 1.41045189 1.38123356 1.45514743 5.290260388348e-05 1.484549526002e+00 8.852525065594e-01 2.357852878350e-03 1.015817320242e+00
25 63 1 1.08822265 1.61677380 1.41045189 1.38123356 1.45514743 5.606215087522e-05 1.560045823272e+00 9.163447425725e-01 2.330773868026e-03 1.061608325402e+00
26 0 1 1.13214278 1.75263352 1.51289239 1.47699104 1.56339631 6.002454353550e-05 2.181291746623e+00 1.143464695985e+00 2.623960453122e-03 1.267278849421e+00
26 1 1 1.13214278 1.75263352 1.51289239 1.47699104 1.56339631 5.910449857907e-05 2.007731232670e+00 1.079660212103e+00 2.878041522021e-03 1.187881162172e+00
26 2 1 1.13214278 1.75263352 1.51289239 1.47699104 1.56339631 6.083328021910e-05 1.851062079297e+00 1.023043110271e+00 2.919592730094e-03 1.117694716923e+00
26 3 1 1.13214278 1.75263352 1.51289239 1.47699104 1.56339631 6.458093409703e-05 1.712101660640e+00 9.704429313720e-01 2.650072690902e-03 1.055370758297e+00
26 4 1 1.13214278 1.75263352 1.51289239 1.47699104 1.56339631 6.959445331500e-05 1.584214167980e+00 9.182578940260e-01 2.266438052385e-03 9.968881365853e-01
26 5 1 1.13214278 1.75263352 1.51289239 1.47699104 1.56339631 7.507433294277e-05 1.461250072133e+00 8.661083149272e-01 2.076256047552e-03 9.401934491120e-01
26 6 1 1.13214278 1.75263352 1.51289239 1.47699104 1.56339631 8.024930674191e-05 1.343730910546e+00 8.171682181130e-01 2.141752169688e-03 8.870991829678e-01
26 7 1 1.13214278 1.75263352 1.51289239 1.47699104 1.56339631 8.444262207957e-05 1.237896888458e+00 7.747632563164e-01 2.188604100169e-03 8.406853936995e-01
26 8 1 1.13214278 1.75263352 1.51289239 1.47699104 1.56339631 8.712455097262e-05 1.149564848075e+00 7.389062984326e-01 1.938061422349e-03 8.015528964203e-01
26 9 1 1.13214278 1.75263352 1.51289239 1.47699104 1.56339631 8.794756009765e-05 1.079428689725e+00 7.065388129083e-01 1.464700159136e-03 7.672377641679e-01
26 10 1 1.13214278 1.75263352 1.51289239 1.47699104 1.56339631 8.676247024403e-05 1.023833684797e+00 6.751121318982e-01 1.114669188969e-03 7.352161734884e-01
26 11 1 1.13214278 1.75263352 1.51289239 1.47699104 1.56339631 8.361582523821e-05 9.789119534486e-01 6.454905473732e-01 1.088140297876e-03 7.059283050523e-01
26 12 1 1.13214278 1.75263352 1.51289239 1.47699104 1.56339631 7.873038084539e-05 9.433259204951e-01 6.210773873543e-01 1.226892137946e-03 6.824796888585e-01
26 13 1 1.13214278 1.75263352 1.51289239 1.47699104 1.56339631 7.247197122793e-05 9.176702275601e-01 6.042713112436e-01 1.253884928627e-03 6.674204029008e-01
26 14 1 1.13214278 1.75263352 1.51289239 1.47699104 1.56339631 6.530691811875e-05 9.024547945622e-01 5.940141312987e-01 1.117078423056e-03 6.599437152909e-01
26 15 1 1.13214278 1.75263352 1.51289239 1.47699104 1.56339631 5.775457359706e-05 8.971646314319e-01 5.866742822277e-01 1.005391876173e-03 6.561476019544e-01
26 16 1 1.13214278 1.75263352 1.51289239 1.47699104 1.56339631 5.033954192781e-05 9.006939272837e-01 5.790040750708e-01 1.075262428177e-03 6.519082466810e-01
26 17 1 1.13214278 1.75263352 1.51289239 1.47699104 1.56339631 4.354766672320e-05 9.118692789194e-01 5.702613046820e-01 1.266638072598e-03 6.456948048799e-01
26 18 1 1.13214278 1.75263352 1.51289239 1.47699104 1.56339631 3.778908993063e-05 9.292925195685e-01 5.619560137990e-01 1.402584381361e-03 6.390830571421e-01
26 19 1 1.13214278 1.75263352 1.51289239 1.47699104 1.56339631 3.337070411904e-05 9.509306206857e-01 5.560285345042e-01 1.399018637553e-03 6.349032901846e-01
26 20 1 1.13214278 1.75263352 1.51289239 1.47699104 1.56339631 3.047925162686e-05 9.742002350419e-01 5.532635830704e-01 1.332868741973e-03 6.348107930642e-01
26 21 1 1.13214278 1.75263352 1.51289239 1.47699104 1.56339631 2.917528860638e-05 9.968095857536e-01 5.530458920266e-01 1.327448224029e-03 6.382525661671e-01
26 22 1 1.13214278 1.75263352 1.51289239 1.47699104 1.56339631 2.939732494561e-05 1.018003500145e+00 5.542817225974e-01 1.404454777940e-03 6.434204332190e-01
26 23 1 1.13214278 1.75263352 1.51289239 1.47699104 1.56339631 3.097474086745e-05 1.039279666711e+00 5.564673337817e-01 1.456317451588e-03 6.490247398274e-01
26 24 1 1.13214278 1.75263352 1.51289239 1.47699104 1.56339631 3.364760405095e-05 1.063419021183e+00 5.598655441540e-01 1.365333344452e-03 6.550596729271e-01
26 25 1 1.13214278 1.75263352 1.51289239 1.47699104 1.56339631 3.709127174422e-05 1.091677125118e+00 5.645630871711e-01 1.149266312983e-03 6.618198114571e-01
26 26 1 1.13214278 1.75263352 1.51289239 1.47699104 1.56339631 4.094363691436e-05 1.121135389510e+00 5.693639659003e-01 9.649192528629e-04 6.683523593379e-01
26 27 1 1.13214278 1.75263352 1.51289239 1.47699104 1.56339631 4.483302158128e-05 1.145279438970e+00 5.719543005634e-01 9.381050353890e-04 6.723444241629e-01
26 28 1 1.13214278 1.75263352 1.51289239 1.47699104 1.56339631 4.840497801906e-05 1.158594090929e+00 5.707189085932e-01 1.007088420200e-03 6.720620715150e-01
26 29 1 1.13214278 1.75263352 1.51289239 1.47699104 1.56339631 5.134657145170e-05 1.161644760108e+00 5.667050909222e-01 9.890573747442e-04 6.685869102848e-01
26 30 1 1.13214278 1.75263352 1.51289239 1.47699104 1.56339631 5.340703519672e-05 1.161434046057e+00 5.635417813966e-01 8.137208542698e-04 6.658039367891e-01
26 31 1 1.13214278 1.75263352 1.51289239 1.47699104 1.56339631 5.441397387647e-05 1.165663626475e+00 5.648025478788e-01 6.307051942854e-04 6.675573271735e-01
26 32 1 1.13214278 1.75263352 1.51289239 1.47699104 1.56339631 5.428452338282e-05 1.175708180700e+00 5.709331865278e-01 6.353171610284e-04 6.743176932820e-01
26 33 1 1.13214278 1.75263352 1.51289239 1.47699104 1.56339631 5.303105775148e-05 1.185020720823e+00 5.786339400164e-01 8.251934893807e-04 6.825063152291e-01
26 34 1 1.13214278 1.75263352 1.51289239 1.47699104 1.56339631 5.076117949735e-05 1.184731460875e+00 5.834196186859e-01 1.003063178499e-03 6.872565354180e-01
26 35 1 1.13214278 1.75263352 1.51289239 1.47699104 1.56339631 4.767186911890e-05 1.171230186685e+00 5.830777116067e-01 1.022156575274e-03 6.861554407215e-01
26 36 1 1.13214278 1.75263352 1.51289239 1.47699104 1.56339631 4.403783343690e-05 1.148778157889e+00 5.789921603254e-01 9.569901606918e-04 6.806744021041e-01
26 37 1 1.13214278 1.75263352 1.51289239 1.47699104 1.56339631 4.019430956158e-05 1.125311515284e+00 5.744851236985e-01 9.921078887858e-04 6.743382219133e-01
26 38 1 1.13214278 1.75263352 1.51289239 1.47699104 1.56339631 3.651486888097e-05 1.105973138986e+00 5.720707490498e-01 1.188219009907e-03 6.697176460439e-01
26 39 1 1.13214278 1.75263352 1.51289239 1.47699104 1.56339631 3.338512403450e-05 1.090176204329e+00 5.721044444238e-01 1.416976227411e-03 6.670550728937e-01
26 40 1 1.13214278 1.75263352 1.51289239 1.47699104 1.56339631 3.117365199366e-05 1.073781626181e+00 5.735503653417e-01 1.517918958842e-03 6.653271894773e-01
26 41 1 1.13214278 1.75263352 1.51289239 1.47699104 1.56339631 3.020186900106e-05 1.053346776840e+00 5.755914848203e-01 1.470278104854e-03 6.641204761477e-01
26 42 1 1.13214278 1.75263352 1.51289239 1.47699104 1.56339631 3.071497296033e-05 1.028674904335e+00 5.784300594859e-01 1.393325413497e-03 6.642339767147e-01
26 43 1 1.13214278 1.75263352 1.51289239 1.47699104 1.56339631 3.285634119123e-05 1.002476296869e+00 5.827603152074e-01 1.400691756211e-03 6.665517824026e-01
26 44 1 1.13214278 1.75263352 1.51289239 1.47699104 1.56339631 3.664787109188e-05 9.784308923584e-01 5.886735857602e-01 1.473554254974e-03 6.705816647119e-01
26 45 1 1.13214278 1.75263352 1.51289239 1.47699104 1.56339631 4.197862276340e-05 9.594166011940e-01 5.951799103599e-01 1.482597740094e-03 6.743814377390e-01
26 46 1 1.13214278 1.75263352 1.51289239 1.47699104 1.56339631 4.860373043040e-05 9.468506610743e-01 6.010020684932e-01 1.343492734918e-03 6.762546766037e-01
26 47 1 1.13214278 1.75263352 1.51289239 1.47699104 1.56339631 5.615488612347e-05 9.411756609737e-01 6.061906332185e-01 1.144005972512e-03 6.768566317667e-01
26 48 1 1.13214278 1.75263352 1.51289239 1.47699104 1.56339631 6.416279087497e-05 9.428078128803e-01 6.130992579224e-01 1.073147922909e-03 6.797000794778e-01
26 49 1 1.13214278 1.75263352 1.51289239 1.47699104 1.56339631 7.209087716166e-05 9.525639624790e-01 6.253551629904e-01 1.193836166401e-03 6.891670940484e-01
26 50 1 1.13214278 1.75263352 1.51289239 1.47699104 1.56339631 7.937842533065e-05 9.712488073859e-01 6.451502640923e-01 1.337124531548e-03 7.073392733045e-01
26 51 1 1.13214278 1.75263352 1.51289239 1.47699104 1.56339631 8.549004483676e-05 9.993347210102e-01 6.712163332171e-01 1.304674266670e-03 7.324083085165e-01
26 52 1 1.13214278 1.75263352 1.51289239 1.47699104 1.56339631 8.996750009052e-05 1.037776505018e+00 6.998354749398e-01 1.159686215850e-03 7.604318327498e-01
26 53 1 1.13214278 1.75263352 1.51289239 1.47699104 1.56339631 9.247916113396e-05 1.089222880951e+00 7.284184173661e-01 1.198537598975e-03 7.891345804214e-01
26 54 1 1.13214278 1.75263352 1.51289239 1.47699104 1.56339631 9.286206475483e-05 1.157408698441e+00 7.581941787883e-01 1.579413386740e-03 8.201549879936e-01
26 55 1 1.13214278 1.75263352 1.51289239 1.47699104 1.56339631 9.115176314508e-05 1.244104971589e+00 7.930211840422e-01 2.080155856087e-03 8.573563480643e-01
26 56 1 1.13214278 1.75263352 1.51289239 1.47699104 1.56339631 8.759585049452e-05 1.346572950135e+00 8.353531089968e-01 2.338229126685e-03 9.028518277337e-01
26 57 1 1.13214278 1.75263352 1.51289239 1.47699104 1.56339631 8.264827433760e-05 1.459271262810e+00 8.836713817101e-01 2.287543468046e-03 9.550374715284e-01
26 58 1 1.13214278 1.75263352 1.51289239 1.47699104 1.56339631 7.694318163319e-05 1.579305711136e+00 9.342648401666e-01 2.226555692812e-03 1.010904944879e+00
26 59 1 1.13214278 1.75263352 1.51289239 1.47699104 1.56339631 7.124898826016e-05 1.710109825939e+00 9.854448750394e-01 2.436279023472e-03 1.070059056004e+00
26 60 1 1.13214278 1.75263352 1.51289239 1.47699104 1.56339631 6.640541835437e-05 1.858553523704e+00 1.039552411858e+00 2.844256588656e-03 1.135679410175e+00
26 61 1 1.13214278 1.75263352 1.51289239 1.47699104 1.56339631 6.324823035474e-05 2.027329827702e+00 1.100561584670e+00 3.129037789581e-03 1.210991285158e+00
26 62 1 1.13214278 1.75263352 1.51289239 1.47699104 1.56339631 6.252801370021e-05 2.209930949386e+00 1.169839030759e+00 3.085962452244e-03 1.295087730940e+00
26 63 1 1.13214278 1.75263352 1.51289239 1.47699104 1.56339631 6.483060090810e-05 2.393565705527e+00 1.244365413927e+00 2.814754973013e-03 1.382993007461e+00
27 0 1 1.57683008 5.15871836 3.53927485 2.88252951 3.75721869 6.515560077229e-04 1.086756021253e+02 2.561759121854e+01 1.438095216994e+01 4.144165595352e+01
27 1 1 1.57683008 5.15871836 3.53927485 2.88252951 3.75721869 6.276678330433e-04 1.001538981650e+02 2.709529892061e+01 1.235935039566e+01 4.210076843628e+01
27 2 1 1.57683008 5.15871836 3.53927485 2.88252951 3.75721869 6.045725807196e-04 9.563863780059e+01 2.871341009101e+01 1.052558066501e+01 4.152304350169e+01
27 3 1 1.57683008 5.15871836 3.53927485 2.88252951 3.75721869 5.822704692868e-04 9.526531567960e+01 2.999427471285e+01 9.608483746135e+00 3.977825257459e+01
27 4 1 1.57683008 5.15871836 3.53927485 2.88252951 3.75721869 5.607617097748e-04 9.793067087984e+01 3.046935455820e+01 9.823442940290e+00 3.702350904019e+01
27 5 1 1.57683008 5.15871836 3.53927485 2.88252951 3.75721869 5.400465057067e-04 1.017010177043e+02 2.987727602921e+01 1.076460693508e+01 3.354206395190e+01
27 6 1 1.57683008 5.15871836 3.53927485 2.88252951 3.75721869 5.201250530967e-04 1.047405330352e+02 2.832820188083e+01 1.166388077075e+01 2.989082870183e+01
27 7 1 1.57683008 5.15871836 3.53927485 2.88252951 3.75721869 5.009975404480e-04 1.052502496998e+02 2.596324257563e+01 1.182411525063e+01 2.648502970286e+01
27 8 1 1.57683008 5.15871836 3.53927485 2.88252951 3.75721869 4.826641487517e-04 1.024540535349e+02 2.318558934662e+01 1.099479432033e+01 2.376847112505e+01
27 9 1 1.57683008 5.15871836 3.53927485 2.88252951 3.75721869 4.651250514844e-04 9.651379563002e+01 2.046543585074e+01 9.513958486651e+00 2.202104771112e+01
27 10 1 1.57683008 5.15871836 3.53927485 2.88252951 3.75721869 4.483804146068e-04 8.835512918972e+01 1.816002604251e+01 8.076014617550e+00 2.125748223292e+01
27 11 1 1.57683008 5.15871836 3.53927485 2.88252951 3.75721869 4.324303965623e-04 7.985300054559e+01 1.666591561271e+01 7.299219533241e+00 2.147744212585e+01
27 12 1 1.57683008 5.15871836 3.53927485 2.88252951 3.75721869 4.172751482752e-04 7.257138194712e+01 1.608677044341e+01 7.396374655591e+00 2.240583110904e+01
27 13 1 1.57683008 5.15871836 3.53927485 2.88252951 3.75721869 4.029148131495e-04 6.764377070306e+01 1.635116169831e+01 8.094593117087e+00 2.368863695286e+01
27 14 1 1.57683008 5.15871836 3.53927485 2.88252951 3.75721869 3.893495270675e-04 6.561567124514e+01 1.724741808730e+01 8.824901160231e+00 2.498122040024e+01
27 15 1 1.57683008 5.15871836 3.53927485 2.88252951 3.75721869 3.765794183885e-04 6.604544369239e+01 1.834091252843e+01 9.052803397225e+00 2.585783032355e+01
27 16 1 1.57683008 5.15871836 3.53927485 2.88252951 3.75721869 3.646046079475e-04 6.817586531554e+01 1.930038627814e+01 8.557492494814e+00 2.612252418549e+01
27 17 1 1.57683008 5.15871836 3.53927485 2.88252951 3.75721869 3.534252090541e-04 7.091716857071e+01 1.984199975724e+01 7.530798918655e+00 2.567139849062e+01
27 18 1 1.57683008 5.15871836 3.53927485 2.88252951 3.75721869 3.430413274914e-04 7.306145674333e+01 1.975724344914e+01 6.446518967125e+00 2.447034486747e+01
27 19 1 1.57683008 5.15871836 3.53927485 2.88252951 3.75721869 3.334530615153e-04 7.369526685906e+01 1.902890078141e+01 5.793721958367e+00 2.270921267009e+01
27 20 1 1.57683008 5.15871836 3.53927485 2.88252951 3.75721869 3.246605018531e-04 7.215767925776e+01 1.770660407562e+01 5.820453086408e+00 2.059802263617e+01
27 21 1 1.57683008 5.15871836 3.53927485 2.88252951 3.75721869 3.166637317029e-04 6.849069463360e+01 1.600919712143e+01 6.397023983250e+00 1.843168500554e+01
27 22 1 1.57683008 5.15871836 3.53927485 2.88252951 3.75721869 3.094628267328e-04 6.340284426799e+01 1.426230268173e+01 7.096902874929e+00 1.654776748851e+01
27 23 1 1.57683008 5.15871836 3.53927485 2.88252951 3.75721869 3.030578550802e-04 5.792840546144e+01 1.275640257414e+01 7.447879604169e+00 1.517379693082e+01
27 24 1 1.57683008 5.15871836 3.53927485 2.88252951 3.75721869 2.974488773511e-04 5.335665791129e+01 1.177979849469e+01 7.192824501457e+00 1.450831266807e+01
27 25 1 1.57683008 5.15871836 3.53927485 2.88252951 3.75721869 2.926359466194e-04 5.061599218977e+01 1.145191974357e+01 6.442562978760e+00 1.456837499320e+01
27 26 1 1.57683008 5.15871836 3.53927485 2.88252951 3.75721869 2.886191084267e-04 5.010107958819e+01 1.175251382950e+01 5.602001518027e+00 1.524536980440e+01
27 27 1 1.57683008 5.15871836 3.53927485 2.88252951 3.75721869 2.853984007817e-04 5.170612858519e+01 1.257731468247e+01 5.099569704031e+00 1.638336808503e+01
27 28 1 1.57683008 5.15871836 3.53927485 2.88252951 3.75721869 2.829738541597e-04 5.465944984941e+01 1.365644116582e+01 5.154085106581e+00 1.768240364370e+01
27 29 1 1.57683008 5.15871836 3.53927485 2.88252951 3.75721869 2.813454915027e-04 5.808125359692e+01 1.475611218039e+01 5.690116926963e+00 1.891677593089e+01
27 30 1 1.57683008 5.15871836 3.53927485 2.88252951 3.75721869 2.805133282188e-04 6.106166965418e+01 1.565374625310e+01 6.392868662102e+00 1.988671095924e+01
27 31 1 1.57683008 5.15871836 3.53927485 2.88252951 3.75721869 2.804773721821e-04 6.282739846783e+01 1.616444596838e+01 6.886691671837e+00 2.043117641388e+01
27 32 1 1.57683008 5.15871836 3.53927485 2.88252951 3.75721869 2.812376237329e-04 6.307555750161e+01 1.624782315589e+01 6.912141600578e+00 2.053217187600e+01
27 33 1 1.57683008 5.15871836 3.53927485 2.88252951 3.75721869 2.827940756774e-04 6.159296258283e+01 1.581777545774e+01 6.437386104556e+00 2.009082462347e+01
27 34 1 1.57683008 5.15871836 3.53927485 2.88252951 3.75721869 2.851467132880e-04 5.871333473879e+01 1.493071055820e+01 5.718160805906e+00 1.913933077348e+01
27 35 1 1.57683008 5.15871836 3.53927485 2.88252951 3.75721869 2.882955143032e-04 5.536599758534e+01 1.382321378596e+01 5.194023112804e+00 1.789373633841e+01
27 36 1 1.57683008 5.15871836 3.53927485 2.88252951 3.75721869 2.922404489280e-04 5.257702047245e+01 1.274446093175e+01 5.224581736422e+00 1.658012573515e+01
27 37 1 1.57683008 5.15871836 3.53927485 2.88252951 3.75721869 2.969814798342e-04 5.146524785326e+01 1.202860823697e+01 5.868120445283e+00 1.553916192019e+01
27 38 1 1.57683008 5.15871836 3.53927485 2.88252951 3.75721869 3.025185621605e-04 5.262587520046e+01 1.189654717310e+01 6.823548251580e+00 1.502178102693e+01
27 39 1 1.57683008 5.15871836 3.53927485 2.88252951 3.75721869 3.088516435132e-04 5.601309006699e+01 1.243416235761e+01 7.592256841087e+00 1.517521693477e+01
27 40 1 1.57683008 5.15871836 3.53927485 2.88252951 3.75721869 3.159806639666e-04 6.109222286780e+01 1.363745614562e+01 7.794900244939e+00 1.609233705947e+01
27 41 1 1.57683008 5.15871836 3.53927485 2.88252951 3.75721869 3.239055560635e-04 6.674832400393e+01 1.529040753897e+01 7.389259743646e+00 1.765353718931e+01
27 42 1 1.57683008 5.15871836 3.53927485 2.88252951 3.75721869 3.326262448160e-04 7.186216266018e+01 1.712719060571e+01 6.676101261268e+00 1.968471818980e+01
27 43 1 1.57683008 5.15871836 3.53927485 2.88252951 3.75721869 3.421426477060e-04 7.548926675675e+01 1.884914075038e+01 6.148260088565e+00 2.193062228371e+01
27 44 1 1.57683008 5.15871836 3.53927485 2.88252951 3.75721869 3.524546746862e-04 7.699387753450e+01 2.014712293145e+01 6.224956105108e+00 2.406420126468e+01
27 45 1 1.57683008 5.15871836 3.53927485 2.88252951 3.75721869 3.635622281806e-04 7.641575297918e+01 2.085874654159e+01 7.011058112110e+00 2.584003366108e+01
27 46 1 1.57683008 5.15871836 3.53927485 2.88252951 3.75721869 3.754652030861e-04 7.418528795895e+01 2.086958531549e+01 8.229074176897e+00 2.698414541427e+01
27 47 1 1.57683008 5.15871836 3.53927485 2.88252951 3.75721869 3.881634867725e-04 7.122257718845e+01 2.021725725166e+01 9.340642419146e+00 2.736111165970e+01
27 48 1 1.57683008 5.15871836 3.53927485 2.88252951 3.75721869 4.016569590846e-04 6.889494233916e+01 1.913974592087e+01 9.830702296647e+00 2.699371922625e+01
27 49 1 1.57683008 5.15871836 3.53927485 2.88252951 3.75721869 4.159454923427e-04 6.847127041563e+01 1.793915314050e+01 9.518883180036e+00 2.595346607156e+01
27 50 1 1.57683008 5.15871836 3.53927485 2.88252951 3.75721869 4.310289513438e-04 7.105699335563e+01 1.708137645418e+01 8.693138653179e+00 2.459106016498e+01
27 51 1 1.57683008 5.15871836 3.53927485 2.88252951 3.75721869 4.469071933633e-04 7.686067875810e+01 1.692774418881e+01 7.982215011024e+00 2.329575136308e+01
27 52 1 1.57683008 5.15871836 3.53927485 2.88252951 3.75721869 4.635800681560e-04 8.506833360900e+01 1.764615052723e+01 8.010200770137e+00 2.241586939560e+01
27 53 1 1.57683008 5.15871836 3.53927485 2.88252951 3.75721869 4.810474179576e-04 9.435060649017e+01 1.933905741014e+01 9.016525968388e+00 2.237289938262e+01
27 54 1 1.57683008 5.15871836 3.53927485 2.88252951 3.75721869 4.993090774861e-04 1.027025335104e+02 2.178644366219e+01 1.068168914522e+01 2.333832978039e+01
27 55 1 1.57683008 5.15871836 3.53927485 2.88252951 3.75721869 5.183648739439e-04 1.086018489414e+02 2.468836119435e+01 1.227359279671e+01 2.541810026055e+01
27 56 1 1.57683008 5.15871836 3.53927485 2.88252951 3.75721869 5.382146270184e-04 1.113117188198e+02 2.765218616740e+01 1.306922268040e+01 2.854865688049e+01
27 57 1 1.57683008 5.15871836 3.53927485 2.88252951 3.75721869 5.588581488848e-04 1.106517163015e+02 3.012166697450e+01 1.278914769993e+01 3.232529693053e+01
27 58 1 1.57683008 5.15871836 3.53927485 2.88252951 3.75721869 5.802952442072e-04 1.077159585659e+02 3.176748210456e+01 1.175913594694e+01 3.636367957579e+01
27 59 1 1.57683008 5.15871836 3.53927485 2.88252951 3.75721869 6.025257101408e-04 1.040991978641e+02 3.229189647704e+01 1.076846649859e+01 4.009188585169e+01
27 60 1 1.57683008 5.15871836 3.53927485 2.88252951 3.75721869 6.255493363333e-04 1.017668143190e+02 3.166320309557e+01 1.066911278721e+01 4.300070609424e+01
27 61 1 1.57683008 5.15871836 3.53927485 2.88252951 3.75721869 6.493659049276e-04 1.026805566665e+02 3.025265054181e+01 1.187161931633e+01 4.479109040807e+01
27 62 1 1.57683008 5.15871836 3.53927485 2.88252951 3.75721869 6.739751905634e-04 1.077525368019e+02 2.847380322076e+01 1.407423042603e+01 4.513545472872e+01
27 63 1 1.57683008 5.15871836 3.53927485 2.88252951 3.75721869 6.993769603796e-04 1.172544781230e+02 2.699515965923e+01 1.635319139723e+01 4.413199350977e+01
