# environment=00093 local_bs=1 gain_scale=1.820737842109e-14
# ue subcarrier serving_bs phi0 phi1 phi2 phi3 phi4 gain0 gain1 gain2 gain3 gain4
5 0 1 0.81967456 2.94315191 0.67599738 1.48266921 0.81542939 6.278965609171e+00 1.110833384931e+03 3.503740548926e-01 1.559329870780e-01 8.796129072540e+00
5 1 1 0.81967456 2.94315191 0.67599738 1.48266921 0.81542939 6.197642874913e+00 1.104764927846e+03 3.937185430378e-01 1.613614098646e-01 7.383387281481e+00
5 2 1 0.81967456 2.94315191 0.67599738 1.48266921 0.81542939 6.137141851012e+00 1.027125506268e+03 3.655735907715e-01 1.443932146565e-01 5.617547967082e+00
5 3 1 0.81967456 2.94315191 0.67599738 1.48266921 0.81542939 6.051838870308e+00 1.042362327063e+03 2.720341708239e-01 1.497416579635e-01 4.956470181425e+00
5 4 1 0.81967456 2.94315191 0.67599738 1.48266921 0.81542939 5.913489810573e+00 9.663827004424e+02 3.190233888827e-01 1.340794877568e-01 6.779157326943e+00
5 5 1 0.81967456 2.94315191 0.67599738 1.48266921 0.81542939 5.723633589537e+00 9.711890330997e+02 3.169384832661e-01 1.385381741289e-01 7.679990682943e+00
5 6 1 0.81967456 2.94315191 0.67599738 1.48266921 0.81542939 5.509085874073e+00 8.910743123151e+02 2.530880370829e-01 1.248557153553e-01 6.017728745807e+00
5 7 1 0.81967456 2.94315191 0.67599738 1.48266921 0.81542939 5.304093895801e+00 8.920252939702e+02 3.056377778980e-01 1.278897433737e-01 4.567267629308e+00
5 8 1 0.81967456 2.94315191 0.67599738 1.48266921 0.81542939 5.130247066883e+00 8.362301537207e+02 2.982500898109e-01 1.165852610472e-01 4.080639408912e+00
5 9 1 0.81967456 2.94315191 0.67599738 1.48266921 0.81542939 4.985721056126e+00 8.335351529795e+02 2.326527261888e-01 1.179287553997e-01 4.679406083751e+00
5 10 1 0.81967456 2.94315191 0.67599738 1.48266921 0.81542939 4.849100374388e+00 7.732050630088e+02 2.667056066045e-01 1.091438444147e-01 6.044709824849e+00
5 11 1 0.81967456 2.94315191 0.67599738 1.48266921 0.81542939 4.694152214738e+00 7.534875930756e+02 2.346778537899e-01 1.087700848828e-01 5.527446560183e+00
5 12 1 0.81967456 2.94315191 0.67599738 1.48266921 0.81542939 4.505954202930e+00 7.178101748872e+02 1.679926256621e-01 1.024287312617e-01 3.649291052647e+00
5 13 1 0.81967456 2.94315191 0.67599738 1.48266921 0.81542939 4.288968720257e+00 7.060611081579e+02 1.881414788936e-01 1.005039259510e-01 3.222932380492e+00
5 14 1 0.81967456 2.94315191 0.67599738 1.48266921 0.81542939 4.063324029865e+00 6.878251665128e+02 1.727553754659e-01 9.636386847838e-02 3.956555829818e+00
5 15 1 0.81967456 2.94315191 0.67599738 1.48266921 0.81542939 3.852840532753e+00 6.609394579334e+02 1.372107290006e-01 9.319264705466e-02 4.552374004243e+00
5 16 1 0.81967456 2.94315191 0.67599738 1.48266921 0.81542939 3.672769509635e+00 6.526637198756e+02 1.869861891152e-01 9.090115901790e-02 4.776480449041e+00
5 17 1 0.81967456 2.94315191 0.67599738 1.48266921 0.81542939 3.524449108126e+00 6.246736986698e+02 2.073034495329e-01 8.687123268965e-02 3.772833636918e+00
5 18 1 0.81967456 2.94315191 0.67599738 1.48266921 0.81542939 3.399099600714e+00 6.342859478758e+02 1.904903393707e-01 8.601851815431e-02 2.624561694349e+00
5 19 1 0.81967456 2.94315191 0.67599738 1.48266921 0.81542939 3.287174177759e+00 6.021424809023e+02 2.483498059462e-01 8.155049863377e-02 3.204941776903e+00
5 20 1 0.81967456 2.94315191 0.67599738 1.48266921 0.81542939 3.186626305795e+00 6.045206483679e+02 2.368742015801e-01 8.171565684739e-02 4.147282052377e+00
5 21 1 0.81967456 2.94315191 0.67599738 1.48266921 0.81542939 3.104753573693e+00 5.624098542757e+02 1.844976283726e-01 7.722204433508e-02 4.157540818060e+00
5 22 1 0.81967456 2.94315191 0.67599738 1.48266921 0.81542939 3.052782158988e+00 5.780337777200e+02 1.912448727302e-01 7.800867584843e-02 3.682243749850e+00
5 23 1 0.81967456 2.94315191 0.67599738 1.48266921 0.81542939 3.037080847308e+00 5.462415635969e+02 1.434667671340e-01 7.386385416072e-02 2.852639447372e+00
5 24 1 0.81967456 2.94315191 0.67599738 1.48266921 0.81542939 3.052939757652e+00 5.592867427957e+02 1.039980113546e-01 7.492452247501e-02 2.577129252777e+00
5 25 1 0.81967456 2.94315191 0.67599738 1.48266921 0.81542939 3.085115756081e+00 5.221337651069e+02 1.173068215548e-01 7.144556960256e-02 3.604439406584e+00
5 26 1 0.81967456 2.94315191 0.67599738 1.48266921 0.81542939 3.115057645609e+00 5.296088738610e+02 1.009899372046e-01 7.249618039937e-02 4.162736381998e+00
5 27 1 0.81967456 2.94315191 0.67599738 1.48266921 0.81542939 3.130562197204e+00 5.071323814357e+02 8.993609665527e-02 6.993269764203e-02 3.495298541998e+00
5 28 1 0.81967456 2.94315191 0.67599738 1.48266921 0.81542939 3.132068377240e+00 5.183230486696e+02 1.296968950261e-01 7.075916971287e-02 2.927807380383e+00
5 29 1 0.81967456 2.94315191 0.67599738 1.48266921 0.81542939 3.131735094681e+00 5.033997233669e+02 1.428960343326e-01 6.928935058522e-02 2.762851266255e+00
5 30 1 0.81967456 2.94315191 0.67599738 1.48266921 0.81542939 3.145675093080e+00 5.043879039598e+02 1.341276354796e-01 6.974958134704e-02 2.932754230331e+00
5 31 1 0.81967456 2.94315191 0.67599738 1.48266921 0.81542939 3.183743581613e+00 4.975887406727e+02 1.757954175755e-01 6.947947451646e-02 3.638900324721e+00
5 32 1 0.81967456 2.94315191 0.67599738 1.48266921 0.81542939 3.242771698706e+00 5.075341218958e+02 1.776807426004e-01 6.950351389550e-02 3.991482732692e+00
5 33 1 0.81967456 2.94315191 0.67599738 1.48266921 0.81542939 3.307234674698e+00 5.220067471252e+02 1.661591009082e-01 7.046685980770e-02 3.202591763997e+00
5 34 1 0.81967456 2.94315191 0.67599738 1.48266921 0.81542939 3.357133845899e+00 5.203368915768e+02 1.948769249847e-01 7.005747737101e-02 2.555483334374e+00
5 35 1 0.81967456 2.94315191 0.67599738 1.48266921 0.81542939 3.378747121023e+00 5.352409007217e+02 1.582692778089e-01 7.221448622621e-02 2.766381530186e+00
5 36 1 0.81967456 2.94315191 0.67599738 1.48266921 0.81542939 3.372224992353e+00 5.276678316138e+02 1.185556528354e-01 7.144912363553e-02 3.609292472123e+00
5 37 1 0.81967456 2.94315191 0.67599738 1.48266921 0.81542939 3.351767926150e+00 5.587347738877e+02 1.261067502092e-01 7.468389788373e-02 4.277041827042e+00
5 38 1 0.81967456 2.94315191 0.67599738 1.48266921 0.81542939 3.338349703875e+00 5.495983579476e+02 1.030958807859e-01 7.371758811662e-02 3.620736941098e+00
5 39 1 0.81967456 2.94315191 0.67599738 1.48266921 0.81542939 3.349237351181e+00 5.810143500459e+02 8.954916244941e-02 7.783530788894e-02 2.550638968784e+00
5 40 1 0.81967456 2.94315191 0.67599738 1.48266921 0.81542939 3.390394414558e+00 5.603635871576e+02 1.386381695132e-01 7.690279365905e-02 2.917285363972e+00
5 41 1 0.81967456 2.94315191 0.67599738 1.48266921 0.81542939 3.456100220944e+00 5.962307982538e+02 1.635798200920e-01 8.162899779269e-02 3.897160011186e+00
5 42 1 0.81967456 2.94315191 0.67599738 1.48266921 0.81542939 3.535732616708e+00 5.869175470733e+02 1.770791959930e-01 8.104326582781e-02 4.468766418015e+00
5 43 1 0.81967456 2.94315191 0.67599738 1.48266921 0.81542939 3.623232225789e+00 6.308622339358e+02 2.529926871724e-01 8.602832203071e-02 4.376839841633e+00
5 44 1 0.81967456 2.94315191 0.67599738 1.48266921 0.81542939 3.723026010276e+00 6.163314314297e+02 2.477927730425e-01 8.617231086514e-02 3.319575293459e+00
5 45 1 0.81967456 2.94315191 0.67599738 1.48266921 0.81542939 3.848345063764e+00 6.465638038801e+02 2.219191179154e-01 9.100428999668e-02 2.932766011988e+00
5 46 1 0.81967456 2.94315191 0.67599738 1.48266921 0.81542939 4.012754592270e+00 6.467459429648e+02 2.645380403117e-01 9.231276798018e-02 4.416229609789e+00
5 47 1 0.81967456 2.94315191 0.67599738 1.48266921 0.81542939 4.220337560581e+00 6.857984632631e+02 2.181869225680e-01 9.654132889036e-02 5.567378184132e+00
5 48 1 0.81967456 2.94315191 0.67599738 1.48266921 0.81542939 4.461299503528e+00 7.011421340622e+02 1.887059741108e-01 9.947091166451e-02 5.264972857030e+00
5 49 1 0.81967456 2.94315191 0.67599738 1.48266921 0.81542939 4.716651877680e+00 7.303390344321e+02 2.278762417854e-01 1.026434866012e-01 4.491825365464e+00
5 50 1 0.81967456 2.94315191 0.67599738 1.48266921 0.81542939 4.969755562698e+00 7.540150366243e+02 1.933836905077e-01 1.076303892068e-01 3.818864555611e+00
5 51 1 0.81967456 2.94315191 0.67599738 1.48266921 0.81542939 5.217518239827e+00 7.795621590979e+02 1.811822504516e-01 1.093400722737e-01 4.659330187778e+00
5 52 1 0.81967456 2.94315191 0.67599738 1.48266921 0.81542939 5.473371728276e+00 8.317688372117e+02 2.485507942959e-01 1.167472802033e-01 6.890218116682e+00
5 53 1 0.81967456 2.94315191 0.67599738 1.48266921 0.81542939 5.758733545031e+00 8.492150932537e+02 2.383417476298e-01 1.166896009759e-01 7.177380729350e+00
5 54 1 0.81967456 2.94315191 0.67599738 1.48266921 0.81542939 6.087024795102e+00 8.996154879413e+02 2.371693954161e-01 1.267474174292e-01 5.684181936026e+00
5 55 1 0.81967456 2.94315191 0.67599738 1.48266921 0.81542939 6.449898004087e+00 8.915126701957e+02 3.244477355030e-01 1.247809408049e-01 5.185972062408e+00
5 56 1 0.81967456 2.94315191 0.67599738 1.48266921 0.81542939 6.815222040397e+00 9.597125204873e+02 2.974357216963e-01 1.375269889548e-01 5.651331932616e+00
5 57 1 0.81967456 2.94315191 0.67599738 1.48266921 0.81542939 7.139993591681e+00 9.602305432935e+02 2.841332772752e-01 1.337307680459e-01 7.321988674625e+00
5 58 1 0.81967456 2.94315191 0.67599738 1.48266921 0.81542939 7.392163298042e+00 1.036068798556e+03 3.549468726982e-01 1.489571490558e-01 9.190282597556e+00
5 59 1 0.81967456 2.94315191 0.67599738 1.48266921 0.81542939 7.569038686668e+00 1.018152558036e+03 2.986309028542e-01 1.436768076782e-01 8.065700572334e+00
5 60 1 0.81967456 2.94315191 0.67599738 1.48266921 0.81542939 7.700820865801e+00 1.095736323089e+03 2.814683248525e-01 1.608929230442e-01 6.093831050516e+00
5 61 1 0.81967456 2.94315191 0.67599738 1.48266921 0.81542939 7.836045691472e+00 1.085405674761e+03 3.713799010284e-01 1.547668384382e-01 6.697717188949e+00
5 62 1 0.81967456 2.94315191 0.67599738 1.48266921 0.81542939 8.016609261260e+00 1.177436778685e+03 3.383621752656e-01 1.731861434148e-01 8.514682241181e+00
5 63 1 0.81967456 2.94315191 0.67599738 1.48266921 0.81542939 8.256912906971e+00 1.178775023784e+03 3.433590304695e-01 1.671440194616e-01 1.003611194052e+01
7 0 1 0.79768499 1.44643184 0.76900355 1.01016458 1.20621121 6.395369166760e+00 6.473762347906e+01 2.929627518778e-02 1.417620354167e-02 2.990266143892e+01
7 1 1 0.79768499 1.44643184 0.76900355 1.01016458 1.20621121 6.204821780322e+00 7.615162049601e+01 6.855229472959e-02 1.021841993291e-02 2.842272247346e+01
7 2 1 0.79768499 1.44643184 0.76900355 1.01016458 1.20621121 6.008689695734e+00 6.934465829190e+01 7.184230354576e-02 1.265096021483e-02 3.531462451097e+01
7 3 1 0.79768499 1.44643184 0.76900355 1.01016458 1.20621121 5.728067426581e+00 5.520028529934e+01 7.122707236547e-02 1.038495829696e-02 3.510580813568e+01
7 4 1 0.79768499 1.44643184 0.76900355 1.01016458 1.20621121 5.395693172110e+00 6.338020054826e+01 9.295818066523e-02 1.060860849796e-02 2.557765701853e+01
7 5 1 0.79768499 1.44643184 0.76900355 1.01016458 1.20621121 5.109622192127e+00 6.569236767351e+01 7.304226693285e-02 1.080469773551e-02 2.407357005614e+01
7 6 1 0.79768499 1.44643184 0.76900355 1.01016458 1.20621121 4.918748960154e+00 5.074569375936e+01 4.471051790577e-02 8.799357993765e-03 2.913657742644e+01
7 7 1 0.79768499 1.44643184 0.76900355 1.01016458 1.20621121 4.778511334990e+00 5.175116280023e+01 4.253485246143e-02 1.077153931053e-02 3.067970773187e+01
7 8 1 0.79768499 1.44643184 0.76900355 1.01016458 1.20621121 4.620681334543e+00 5.980162160568e+01 2.431296963038e-02 7.765846791361e-03 2.343428125264e+01
7 9 1 0.79768499 1.44643184 0.76900355 1.01016458 1.20621121 4.441157780452e+00 4.902987177902e+01 6.848344190136e-03 1.000128831544e-02 1.979724992273e+01
7 10 1 0.79768499 1.44643184 0.76900355 1.01016458 1.20621121 4.297337399128e+00 4.307872580023e+01 5.530640234557e-03 7.513771401682e-03 2.450333436799e+01
7 11 1 0.79768499 1.44643184 0.76900355 1.01016458 1.20621121 4.226845498750e+00 5.215538340709e+01 1.813572860192e-04 8.753500497115e-03 2.634282763846e+01
7 12 1 0.79768499 1.44643184 0.76900355 1.01016458 1.20621121 4.194698004849e+00 4.878451939346e+01 6.753925324257e-03 7.602288879745e-03 2.123384495509e+01
7 13 1 0.79768499 1.44643184 0.76900355 1.01016458 1.20621121 4.132160493553e+00 3.891753898588e+01 1.044310817365e-02 7.561098621723e-03 1.677449569852e+01
7 14 1 0.79768499 1.44643184 0.76900355 1.01016458 1.20621121 4.013303459114e+00 4.484347318786e+01 1.757506172961e-02 7.525064219163e-03 2.087143966117e+01
7 15 1 0.79768499 1.44643184 0.76900355 1.01016458 1.20621121 3.874354663518e+00 4.828314700787e+01 3.489212441871e-02 6.819383232403e-03 2.311175332842e+01
7 16 1 0.79768499 1.44643184 0.76900355 1.01016458 1.20621121 3.759333407226e+00 3.812764708895e+01 2.936183024813e-02 7.068108203024e-03 1.909609784821e+01
7 17 1 0.79768499 1.44643184 0.76900355 1.01016458 1.20621121 3.665997821744e+00 3.826714309813e+01 2.187992323352e-02 6.544087985035e-03 1.503048366294e+01
7 18 1 0.79768499 1.44643184 0.76900355 1.01016458 1.20621121 3.556962592266e+00 4.477720302315e+01 3.002979830669e-02 6.399005627774e-03 1.747347921995e+01
7 19 1 0.79768499 1.44643184 0.76900355 1.01016458 1.20621121 3.413401394915e+00 3.785748085817e+01 1.954245007329e-02 6.438028081656e-03 2.064110762705e+01
7 20 1 0.79768499 1.44643184 0.76900355 1.01016458 1.20621121 3.258921497808e+00 3.317115321555e+01 7.324513437548e-03 5.870976205034e-03 1.736650997071e+01
7 21 1 0.79768499 1.44643184 0.76900355 1.01016458 1.20621121 3.127053249114e+00 3.974587778249e+01 8.539396050216e-03 6.168031382298e-03 1.398271492509e+01
7 22 1 0.79768499 1.44643184 0.76900355 1.01016458 1.20621121 3.020480332586e+00 3.783026252225e+01 4.290503138830e-03 5.725332150874e-03 1.524672016536e+01
7 23 1 0.79768499 1.44643184 0.76900355 1.01016458 1.20621121 2.916248314333e+00 2.974842382067e+01 1.883909785661e-04 5.625712278354e-03 1.890203934041e+01
7 24 1 0.79768499 1.44643184 0.76900355 1.01016458 1.20621121 2.806087560948e+00 3.361517475350e+01 1.789350249658e-04 5.915034247033e-03 1.652598247384e+01
7 25 1 0.79768499 1.44643184 0.76900355 1.01016458 1.20621121 2.713773945516e+00 3.710035139445e+01 1.616964141389e-03 4.993652555442e-03 1.283099211478e+01
7 26 1 0.79768499 1.44643184 0.76900355 1.01016458 1.20621121 2.663801105809e+00 2.952762346543e+01 4.087889645581e-03 6.154782751245e-03 1.414110211735e+01
7 27 1 0.79768499 1.44643184 0.76900355 1.01016458 1.20621121 2.643379695937e+00 2.949997663017e+01 2.085684741769e-03 4.596577573092e-03 1.733280052053e+01
7 28 1 0.79768499 1.44643184 0.76900355 1.01016458 1.20621121 2.612601295154e+00 3.566905767042e+01 5.153422353749e-03 6.136876965460e-03 1.673288541196e+01
7 29 1 0.79768499 1.44643184 0.76900355 1.01016458 1.20621121 2.556464572457e+00 3.094701999336e+01 1.234671747651e-02 4.661595118038e-03 1.271557299812e+01
7 30 1 0.79768499 1.44643184 0.76900355 1.01016458 1.20621121 2.514624059155e+00 2.667791936884e+01 9.353073879134e-03 5.751956512304e-03 1.370570331503e+01
7 31 1 0.79768499 1.44643184 0.76900355 1.01016458 1.20621121 2.546044786010e+00 3.294599807090e+01 3.981614518804e-03 5.155175826992e-03 1.600795737994e+01
7 32 1 0.79768499 1.44643184 0.76900355 1.01016458 1.20621121 2.663870095235e+00 3.376253290350e+01 5.632952632974e-03 5.168281701422e-03 1.725547786371e+01
7 33 1 0.79768499 1.44643184 0.76900355 1.01016458 1.20621121 2.815591280861e+00 2.811886953523e+01 8.651117066503e-03 5.799666234550e-03 1.362079048438e+01
7 34 1 0.79768499 1.44643184 0.76900355 1.01016458 1.20621121 2.933956700251e+00 3.272970974465e+01 5.158689585009e-03 4.724175020724e-03 1.318962801624e+01
7 35 1 0.79768499 1.44643184 0.76900355 1.01016458 1.20621121 3.002300061351e+00 3.753165539119e+01 1.446479679447e-03 6.252971434462e-03 1.725138914045e+01
7 36 1 0.79768499 1.44643184 0.76900355 1.01016458 1.20621121 3.061739124825e+00 3.106857704567e+01 6.621433053347e-03 4.707080185728e-03 1.787123488222e+01
7 37 1 0.79768499 1.44643184 0.76900355 1.01016458 1.20621121 3.156471917880e+00 3.152790389031e+01 6.657080256714e-03 6.333440135099e-03 1.478651516445e+01
7 38 1 0.79768499 1.44643184 0.76900355 1.01016458 1.20621121 3.284302196203e+00 3.917862996299e+01 2.903163907583e-03 5.163264010401e-03 1.340852488279e+01
7 39 1 0.79768499 1.44643184 0.76900355 1.01016458 1.20621121 3.408016219991e+00 3.588537530040e+01 8.489596315001e-03 6.141965904601e-03 1.857532553809e+01
7 40 1 0.79768499 1.44643184 0.76900355 1.01016458 1.20621121 3.506171033419e+00 3.216923323037e+01 7.444548899004e-03 5.866948958517e-03 1.982808233070e+01
7 41 1 0.79768499 1.44643184 0.76900355 1.01016458 1.20621121 3.595901693308e+00 4.023835118984e+01 7.247190872634e-04 5.992922161742e-03 1.668615740844e+01
7 42 1 0.79768499 1.44643184 0.76900355 1.01016458 1.20621121 3.701323718084e+00 4.183933717747e+01 5.360047557084e-04 6.480348797115e-03 1.508176595181e+01
7 43 1 0.79768499 1.44643184 0.76900355 1.01016458 1.20621121 3.814121902606e+00 3.421573436193e+01 1.108092642117e-04 6.187991157536e-03 1.933434510056e+01
7 44 1 0.79768499 1.44643184 0.76900355 1.01016458 1.20621121 3.902466115016e+00 3.916654981073e+01 5.880566767592e-03 6.806211472873e-03 2.287285521373e+01
7 45 1 0.79768499 1.44643184 0.76900355 1.01016458 1.20621121 3.957684174787e+00 4.636636180155e+01 1.058787870092e-02 6.783166308039e-03 1.904538901275e+01
7 46 1 0.79768499 1.44643184 0.76900355 1.01016458 1.20621121 4.013702747512e+00 3.908710763053e+01 1.049147627384e-02 6.953608407636e-03 1.737018977165e+01
7 47 1 0.79768499 1.44643184 0.76900355 1.01016458 1.20621121 4.107608729355e+00 3.882446337154e+01 2.788185620964e-02 7.526389634605e-03 2.149702029197e+01
7 48 1 0.79768499 1.44643184 0.76900355 1.01016458 1.20621121 4.230656930042e+00 4.915311559825e+01 3.440652457146e-02 7.275419257011e-03 2.626807290667e+01
7 49 1 0.79768499 1.44643184 0.76900355 1.01016458 1.20621121 4.338866293549e+00 4.585479971713e+01 2.385202759267e-02 8.040541401793e-03 2.288959937166e+01
7 50 1 0.79768499 1.44643184 0.76900355 1.01016458 1.20621121 4.417031977706e+00 4.041227400513e+01 3.055778483788e-02 8.091355461968e-03 1.960387243209e+01
7 51 1 0.79768499 1.44643184 0.76900355 1.01016458 1.20621121 4.513782633323e+00 5.167803479482e+01 2.600299568126e-02 8.143421486032e-03 2.456636510691e+01
7 52 1 0.79768499 1.44643184 0.76900355 1.01016458 1.20621121 4.693822353994e+00 5.556091580429e+01 9.680718769052e-03 9.387329578810e-03 2.988390461714e+01
7 53 1 0.79768499 1.44643184 0.76900355 1.01016458 1.20621121 4.959936560006e+00 4.626211704799e+01 1.406628149302e-02 8.062684938880e-03 2.793354308478e+01
7 54 1 0.79768499 1.44643184 0.76900355 1.01016458 1.20621121 5.245144573032e+00 5.396456349149e+01 6.967125737932e-03 1.073965520795e-02 2.296521130566e+01
7 55 1 0.79768499 1.44643184 0.76900355 1.01016458 1.20621121 5.492763370842e+00 6.558092909092e+01 3.376761130027e-03 8.342664230162e-03 2.781964360869e+01
7 56 1 0.79768499 1.44643184 0.76900355 1.01016458 1.20621121 5.726557083392e+00 5.637340131479e+01 9.256256110470e-03 1.157444652641e-02 3.477795287550e+01
7 57 1 0.79768499 1.44643184 0.76900355 1.01016458 1.20621121 6.016888325182e+00 5.589589363727e+01 1.098211164962e-02 9.458478166007e-03 3.362149643465e+01
7 58 1 0.79768499 1.44643184 0.76900355 1.01016458 1.20621121 6.379016149679e+00 7.261959095013e+01 3.811837435583e-02 1.161186075788e-02 2.717314362453e+01
7 59 1 0.79768499 1.44643184 0.76900355 1.01016458 1.20621121 6.734526907240e+00 6.972548040493e+01 5.897274812094e-02 1.140388696359e-02 3.075469758665e+01
7 60 1 0.79768499 1.44643184 0.76900355 1.01016458 1.20621121 6.996338358091e+00 6.044405286399e+01 5.763648643643e-02 1.115840593906e-02 4.123053231173e+01
7 61 1 0.79768499 1.44643184 0.76900355 1.01016458 1.20621121 7.179995528055e+00 7.654847812616e+01 8.825590907569e-02 1.359402479591e-02 4.001915642104e+01
7 62 1 0.79768499 1.44643184 0.76900355 1.01016458 1.20621121 7.399299002372e+00 8.440631747642e+01 9.605109208739e-02 1.097448478820e-02 3.304522374499e+01
7 63 1 0.79768499 1.44643184 0.76900355 1.01016458 1.20621121 7.739942944023e+00 7.061289602572e+01 6.698582644826e-02 1.522197875516e-02 3.450019296671e+01
10 0 1 1.29908013 1.56721649 1.11356119 1.27080202 0.98878212 4.435448304620e+01 1.011590510880e+02 1.794199783480e-02 2.053561346103e-03 1.412838641799e+01
10 1 1 1.29908013 1.56721649 1.11356119 1.27080202 0.98878212 4.313763455608e+01 9.864870374763e+01 5.695637644335e-03 3.379419324801e-03 1.266048533473e+01
10 2 1 1.29908013 1.56721649 1.11356119 1.27080202 0.98878212 4.177720880239e+01 9.643669763240e+01 7.486497125635e-03 6.514986162041e-03 9.575974969197e+00
10 3 1 1.29908013 1.56721649 1.11356119 1.27080202 0.98878212 4.020430709202e+01 9.224069904266e+01 3.165515574703e-03 4.575654705307e-03 9.988826694017e+00
10 4 1 1.29908013 1.56721649 1.11356119 1.27080202 0.98878212 3.863040241815e+01 8.878599944181e+01 3.809311804017e-03 4.380356157459e-03 1.625474278446e+01
10 5 1 1.29908013 1.56721649 1.11356119 1.27080202 0.98878212 3.716242560463e+01 8.459465593586e+01 5.242929528471e-03 8.258469582021e-03 2.303178086334e+01
10 6 1 1.29908013 1.56721649 1.11356119 1.27080202 0.98878212 3.577559093672e+01 8.116369493708e+01 2.430523180934e-03 6.374051450615e-03 2.353790414567e+01
10 7 1 1.29908013 1.56721649 1.11356119 1.27080202 0.98878212 3.449637947812e+01 7.859068332916e+01 6.941749472869e-04 3.538341677231e-03 1.879022686349e+01
10 8 1 1.29908013 1.56721649 1.11356119 1.27080202 0.98878212 3.335860293308e+01 7.563260132886e+01 3.596087876022e-03 5.358114307174e-03 1.359063616532e+01
10 9 1 1.29908013 1.56721649 1.11356119 1.27080202 0.98878212 3.228490954591e+01 7.196339869692e+01 4.632636995437e-03 4.820267539405e-03 9.584674609332e+00
10 10 1 1.29908013 1.56721649 1.11356119 1.27080202 0.98878212 3.119505518087e+01 6.868659694790e+01 5.273133700040e-03 2.013809352246e-03 8.115922057321e+00
10 11 1 1.29908013 1.56721649 1.11356119 1.27080202 0.98878212 3.012051905217e+01 6.641339334702e+01 1.363862213763e-03 2.107509863534e-03 9.409612344313e+00
10 12 1 1.29908013 1.56721649 1.11356119 1.27080202 0.98878212 2.907493508487e+01 6.443752317409e+01 7.492431237755e-04 1.668427705121e-03 1.133949942962e+01
10 13 1 1.29908013 1.56721649 1.11356119 1.27080202 0.98878212 2.795394574865e+01 6.287162052453e+01 1.131628640599e-03 5.037054228092e-04 1.191440739216e+01
10 14 1 1.29908013 1.56721649 1.11356119 1.27080202 0.98878212 2.670455465298e+01 6.035229045393e+01 7.879561969653e-03 7.386532695902e-04 1.028896554107e+01
10 15 1 1.29908013 1.56721649 1.11356119 1.27080202 0.98878212 2.545658011691e+01 5.751892029188e+01 1.398351142848e-02 8.540052613397e-04 7.521329619617e+00
10 16 1 1.29908013 1.56721649 1.11356119 1.27080202 0.98878212 2.435548752109e+01 5.550019696393e+01 1.435683874684e-02 7.915551697386e-04 7.016145355232e+00
10 17 1 1.29908013 1.56721649 1.11356119 1.27080202 0.98878212 2.339907841303e+01 5.339689148299e+01 1.419960094072e-02 1.308683887030e-03 1.028564478777e+01
10 18 1 1.29908013 1.56721649 1.11356119 1.27080202 0.98878212 2.255764942139e+01 5.231756113501e+01 1.193090488001e-02 1.844534333290e-03 1.360447877968e+01
10 19 1 1.29908013 1.56721649 1.11356119 1.27080202 0.98878212 2.190760250700e+01 5.023279063769e+01 1.290763915510e-02 2.584649274971e-03 1.331783063367e+01
10 20 1 1.29908013 1.56721649 1.11356119 1.27080202 0.98878212 2.150332731248e+01 4.869638499074e+01 1.513385945303e-02 2.832038226625e-03 9.968514556686e+00
10 21 1 1.29908013 1.56721649 1.11356119 1.27080202 0.98878212 2.123354295713e+01 4.698854557171e+01 1.973784788495e-02 2.996766280685e-03 6.114543597185e+00
10 22 1 1.29908013 1.56721649 1.11356119 1.27080202 0.98878212 2.094147589316e+01 4.593766132153e+01 2.360642364100e-02 3.779251977328e-03 4.186021710604e+00
10 23 1 1.29908013 1.56721649 1.11356119 1.27080202 0.98878212 2.060143555195e+01 4.577368018195e+01 1.329821689061e-02 3.385104676879e-03 4.404253112831e+00
10 24 1 1.29908013 1.56721649 1.11356119 1.27080202 0.98878212 2.027050946987e+01 4.517684740171e+01 1.141370503860e-02 2.675305563029e-03 5.471277543156e+00
10 25 1 1.29908013 1.56721649 1.11356119 1.27080202 0.98878212 1.995256148073e+01 4.375997042901e+01 6.139353194667e-03 3.473887145003e-03 6.512431381031e+00
10 26 1 1.29908013 1.56721649 1.11356119 1.27080202 0.98878212 1.960682951459e+01 4.227222232319e+01 7.007530057975e-03 2.708787626925e-03 6.917773787256e+00
10 27 1 1.29908013 1.56721649 1.11356119 1.27080202 0.98878212 1.921645809493e+01 4.180767570351e+01 1.315965371601e-02 1.161717258010e-03 6.146281038411e+00
10 28 1 1.29908013 1.56721649 1.11356119 1.27080202 0.98878212 1.878301122643e+01 4.150779778214e+01 1.786872503566e-02 1.664108264781e-03 5.494361370919e+00
10 29 1 1.29908013 1.56721649 1.11356119 1.27080202 0.98878212 1.835105652231e+01 4.104989696456e+01 1.310628172032e-02 1.510511533583e-03 7.299869467348e+00
10 30 1 1.29908013 1.56721649 1.11356119 1.27080202 0.98878212 1.809944889879e+01 4.084136955343e+01 1.348427771224e-02 2.437225035190e-04 1.094371157576e+01
10 31 1 1.29908013 1.56721649 1.11356119 1.27080202 0.98878212 1.827590774637e+01 4.019840062564e+01 7.281151268714e-03 6.774083714853e-04 1.375261016886e+01
10 32 1 1.29908013 1.56721649 1.11356119 1.27080202 0.98878212 1.892832644947e+01 4.181605277422e+01 7.327671790968e-03 6.743996720255e-04 1.455138104852e+01
10 33 1 1.29908013 1.56721649 1.11356119 1.27080202 0.98878212 1.978984727826e+01 4.312347493470e+01 1.354082971593e-02 2.753566427336e-04 1.155915372657e+01
10 34 1 1.29908013 1.56721649 1.11356119 1.27080202 0.98878212 2.052771659451e+01 4.405948316908e+01 1.303994166583e-02 1.621469858909e-03 7.291298961173e+00
10 35 1 1.29908013 1.56721649 1.11356119 1.27080202 0.98878212 2.103051720841e+01 4.501175045318e+01 1.775947367490e-02 1.800984701384e-03 5.782182208429e+00
10 36 1 1.29908013 1.56721649 1.11356119 1.27080202 0.98878212 2.138508508803e+01 4.558266159660e+01 1.287921207110e-02 1.265019470693e-03 6.508824754249e+00
10 37 1 1.29908013 1.56721649 1.11356119 1.27080202 0.98878212 2.169162335714e+01 4.657194172273e+01 6.754361720938e-03 2.863649860411e-03 6.921184659109e+00
10 38 1 1.29908013 1.56721649 1.11356119 1.27080202 0.98878212 2.201194445006e+01 4.810035935829e+01 6.045654177854e-03 3.672610922557e-03 6.481462563722e+00
10 39 1 1.29908013 1.56721649 1.11356119 1.27080202 0.98878212 2.240194671679e+01 4.924650874356e+01 1.170791059903e-02 2.821437548362e-03 5.541232021297e+00
10 40 1 1.29908013 1.56721649 1.11356119 1.27080202 0.98878212 2.287652812992e+01 4.985148428480e+01 1.357039788359e-02 3.524546349404e-03 4.582629251264e+00
10 41 1 1.29908013 1.56721649 1.11356119 1.27080202 0.98878212 2.340904228362e+01 5.061166596405e+01 2.425894491873e-02 3.923877084842e-03 4.482199282785e+00
10 42 1 1.29908013 1.56721649 1.11356119 1.27080202 0.98878212 2.404310448771e+01 5.215723799030e+01 2.004610137099e-02 3.084021840619e-03 6.537744642739e+00
10 43 1 1.29908013 1.56721649 1.11356119 1.27080202 0.98878212 2.490577275342e+01 5.407697990701e+01 1.524570793673e-02 2.883740236091e-03 1.059484323381e+01
10 44 1 1.29908013 1.56721649 1.11356119 1.27080202 0.98878212 2.602739016879e+01 5.666348922694e+01 1.305692507089e-02 2.620391735475e-03 1.459873563901e+01
10 45 1 1.29908013 1.56721649 1.11356119 1.27080202 0.98878212 2.726451274678e+01 5.842226964405e+01 1.215058372997e-02 1.846114743688e-03 1.476855323107e+01
10 46 1 1.29908013 1.56721649 1.11356119 1.27080202 0.98878212 2.848856205360e+01 5.994913965076e+01 1.446451444636e-02 1.287488816836e-03 1.076225592560e+01
10 47 1 1.29908013 1.56721649 1.11356119 1.27080202 0.98878212 2.971396569556e+01 6.166586135745e+01 1.447531568053e-02 7.698662794101e-04 7.343048510137e+00
10 48 1 1.29908013 1.56721649 1.11356119 1.27080202 0.98878212 3.094308389600e+01 6.357197976172e+01 1.394706757762e-02 8.807252458018e-04 7.620449121078e+00
10 49 1 1.29908013 1.56721649 1.11356119 1.27080202 0.98878212 3.205454732546e+01 6.614998752557e+01 7.428098782861e-03 7.990050802228e-04 1.023696139590e+01
10 50 1 1.29908013 1.56721649 1.11356119 1.27080202 0.98878212 3.298925980720e+01 6.826860355631e+01 9.538557365483e-04 6.017020391594e-04 1.218481052824e+01
10 51 1 1.29908013 1.56721649 1.11356119 1.27080202 0.98878212 3.389517665906e+01 7.012847469881e+01 8.207825539491e-04 1.914534775068e-03 1.166342891057e+01
10 52 1 1.29908013 1.56721649 1.11356119 1.27080202 0.98878212 3.493614902604e+01 7.203456425720e+01 1.911189356488e-03 2.397657659465e-03 9.635875771742e+00
10 53 1 1.29908013 1.56721649 1.11356119 1.27080202 0.98878212 3.609938462655e+01 7.459361354046e+01 6.160728914351e-03 2.284587131079e-03 9.469158051491e+00
10 54 1 1.29908013 1.56721649 1.11356119 1.27080202 0.98878212 3.733012530745e+01 7.851053723857e+01 5.289753706069e-03 5.331658676230e-03 1.147400762908e+01
10 55 1 1.29908013 1.56721649 1.11356119 1.27080202 0.98878212 3.869218345226e+01 8.181005384324e+01 3.846717763080e-03 5.924877311129e-03 1.543377098449e+01
10 56 1 1.29908013 1.56721649 1.11356119 1.27080202 0.98878212 4.024236488427e+01 8.324448858197e+01 6.414309577111e-04 3.868781163090e-03 2.166486577529e+01
10 57 1 1.29908013 1.56721649 1.11356119 1.27080202 0.98878212 4.190581316962e+01 8.559331856445e+01 2.288490229176e-03 6.810603938267e-03 2.670555330872e+01
10 58 1 1.29908013 1.56721649 1.11356119 1.27080202 0.98878212 4.361056522830e+01 8.883045990911e+01 5.207129576567e-03 8.845472000684e-03 2.446542269098e+01
10 59 1 1.29908013 1.56721649 1.11356119 1.27080202 0.98878212 4.536821764063e+01 9.244472995298e+01 3.898854154066e-03 4.647109634686e-03 1.662402985099e+01
10 60 1 1.29908013 1.56721649 1.11356119 1.27080202 0.98878212 4.712116262926e+01 9.497744598825e+01 3.016272735280e-03 4.727584218800e-03 1.006820133422e+01
10 61 1 1.29908013 1.56721649 1.11356119 1.27080202 0.98878212 4.876651424399e+01 9.699731985401e+01 7.613000521011e-03 6.738935024592e-03 9.386389324615e+00
10 62 1 1.29908013 1.56721649 1.11356119 1.27080202 0.98878212 5.046861466980e+01 9.805760794207e+01 5.585777011396e-03 3.440257139321e-03 1.278820070665e+01
10 63 1 1.29908013 1.56721649 1.11356119 1.27080202 0.98878212 5.264165966097e+01 1.023258263067e+02 1.805541069162e-02 2.045818684408e-03 1.491244684383e+01
12 0 1 1.43452021 1.79743582 1.07100746 1.49386307 0.87870242 7.677584916324e+01 1.758475775935e+02 4.223781658256e-02 6.335464888848e-03 1.258769186064e+01
12 1 1 1.43452021 1.79743582 1.07100746 1.49386307 0.87870242 7.397382032906e+01 1.700173872744e+02 2.404758460052e-02 6.391686412100e-03 9.801851761493e+00
12 2 1 1.43452021 1.79743582 1.07100746 1.49386307 0.87870242 7.097848337549e+01 1.606139826640e+02 1.394083218315e-02 5.382705302144e-03 6.195351042413e+00
12 3 1 1.43452021 1.79743582 1.07100746 1.49386307 0.87870242 6.764290940731e+01 1.529944050247e+02 6.062584714205e-03 1.136910700117e-02 4.068045742534e+00
12 4 1 1.43452021 1.79743582 1.07100746 1.49386307 0.87870242 6.405919715080e+01 1.446910628603e+02 5.332769005852e-03 1.114819278875e-02 4.717027672624e+00
12 5 1 1.43452021 1.79743582 1.07100746 1.49386307 0.87870242 6.043092097164e+01 1.393343138980e+02 8.832729999253e-03 7.853290987339e-03 7.282482447137e+00
12 6 1 1.43452021 1.79743582 1.07100746 1.49386307 0.87870242 5.691489710168e+01 1.347367773594e+02 9.043588114598e-03 1.171505864784e-02 9.167325533216e+00
12 7 1 1.43452021 1.79743582 1.07100746 1.49386307 0.87870242 5.356621258592e+01 1.306975287193e+02 1.322739822686e-02 1.020231750671e-02 8.520010237189e+00
12 8 1 1.43452021 1.79743582 1.07100746 1.49386307 0.87870242 5.038967185509e+01 1.274496087681e+02 8.608712341208e-03 5.663845855771e-03 6.253273354990e+00
12 9 1 1.43452021 1.79743582 1.07100746 1.49386307 0.87870242 4.740963047974e+01 1.242600946732e+02 1.305490734616e-02 6.877704219637e-03 5.007512651363e+00
12 10 1 1.43452021 1.79743582 1.07100746 1.49386307 0.87870242 4.468668197984e+01 1.194691569952e+02 1.669250979448e-02 5.787862078029e-03 6.662051042789e+00
12 11 1 1.43452021 1.79743582 1.07100746 1.49386307 0.87870242 4.228272685662e+01 1.136776423320e+02 2.718780834902e-02 2.597252392060e-03 9.845419493325e+00
12 12 1 1.43452021 1.79743582 1.07100746 1.49386307 0.87870242 4.022091270082e+01 1.074068410113e+02 3.979391508756e-02 2.624180738940e-03 1.193920080023e+01
12 13 1 1.43452021 1.79743582 1.07100746 1.49386307 0.87870242 3.847635705950e+01 1.025422595245e+02 4.327836762849e-02 1.760527674013e-03 1.124783644511e+01
12 14 1 1.43452021 1.79743582 1.07100746 1.49386307 0.87870242 3.700000190863e+01 9.922586210692e+01 4.323262808658e-02 8.268127472655e-04 8.386075748318e+00
12 15 1 1.43452021 1.79743582 1.07100746 1.49386307 0.87870242 3.575632554228e+01 9.618941606569e+01 3.714944999920e-02 1.330112807019e-03 5.711766961987e+00
12 16 1 1.43452021 1.79743582 1.07100746 1.49386307 0.87870242 3.475002911323e+01 9.381152921529e+01 2.237587590875e-02 1.534184994674e-03 4.871553975431e+00
12 17 1 1.43452021 1.79743582 1.07100746 1.49386307 0.87870242 3.401962836178e+01 9.126091937658e+01 1.310871930612e-02 2.143400900862e-03 5.676207977496e+00
12 18 1 1.43452021 1.79743582 1.07100746 1.49386307 0.87870242 3.359186061395e+01 8.941400979414e+01 6.813174748788e-03 3.067608650893e-03 6.582689784997e+00
12 19 1 1.43452021 1.79743582 1.07100746 1.49386307 0.87870242 3.342373632461e+01 8.687384689184e+01 5.432024816088e-03 4.363443701633e-03 6.226531141732e+00
12 20 1 1.43452021 1.79743582 1.07100746 1.49386307 0.87870242 3.338542018399e+01 8.357370259678e+01 6.293629238414e-03 5.251135457622e-03 4.738353490414e+00
12 21 1 1.43452021 1.79743582 1.07100746 1.49386307 0.87870242 3.331867244742e+01 7.940526464373e+01 7.401396236521e-03 4.989966940612e-03 3.153656065112e+00
12 22 1 1.43452021 1.79743582 1.07100746 1.49386307 0.87870242 3.313952864921e+01 7.637416088601e+01 4.322774635838e-03 6.117688936354e-03 2.324554695435e+00
12 23 1 1.43452021 1.79743582 1.07100746 1.49386307 0.87870242 3.289709115858e+01 7.385889352606e+01 3.886855115713e-03 6.284844693437e-03 2.794263022380e+00
12 24 1 1.43452021 1.79743582 1.07100746 1.49386307 0.87870242 3.272113652299e+01 7.300164596071e+01 2.637261364016e-03 4.340458865389e-03 4.248762275896e+00
12 25 1 1.43452021 1.79743582 1.07100746 1.49386307 0.87870242 3.268972837413e+01 7.219781984563e+01 6.645098433698e-03 4.941825891275e-03 5.580104153955e+00
12 26 1 1.43452021 1.79743582 1.07100746 1.49386307 0.87870242 3.273646902911e+01 7.207874484849e+01 1.202754895113e-02 5.138582609731e-03 5.421571062598e+00
12 27 1 1.43452021 1.79743582 1.07100746 1.49386307 0.87870242 3.269873627635e+01 7.264750182342e+01 1.773267527090e-02 2.507280551901e-03 4.119181059735e+00
12 28 1 1.43452021 1.79743582 1.07100746 1.49386307 0.87870242 3.248226377381e+01 7.269027572673e+01 2.185440524928e-02 2.501806656903e-03 3.371483334084e+00
12 29 1 1.43452021 1.79743582 1.07100746 1.49386307 0.87870242 3.219578883029e+01 7.156019685657e+01 1.662379480548e-02 2.386171725576e-03 4.119940758224e+00
12 30 1 1.43452021 1.79743582 1.07100746 1.49386307 0.87870242 3.211595003689e+01 7.044916337781e+01 1.627485907128e-02 5.275424199339e-04 5.801501584095e+00
12 31 1 1.43452021 1.79743582 1.07100746 1.49386307 0.87870242 3.248667331047e+01 6.896339947617e+01 1.132712024676e-02 1.073671070738e-03 7.230787168095e+00
12 32 1 1.43452021 1.79743582 1.07100746 1.49386307 0.87870242 3.331291098650e+01 7.020364950034e+01 1.145840421383e-02 1.077130575824e-03 7.737245274182e+00
12 33 1 1.43452021 1.79743582 1.07100746 1.49386307 0.87870242 3.432805284938e+01 7.152478721719e+01 1.643453581608e-02 5.907240541533e-04 6.402088889883e+00
12 34 1 1.43452021 1.79743582 1.07100746 1.49386307 0.87870242 3.517112112039e+01 7.352472227318e+01 1.668307844569e-02 2.560748149292e-03 4.254612448901e+00
12 35 1 1.43452021 1.79743582 1.07100746 1.49386307 0.87870242 3.562998627373e+01 7.567866942374e+01 2.204069913027e-02 2.702545700267e-03 3.520796855486e+00
12 36 1 1.43452021 1.79743582 1.07100746 1.49386307 0.87870242 3.575331972959e+01 7.780698592442e+01 1.767472531960e-02 2.698858769653e-03 4.626184442584e+00
12 37 1 1.43452021 1.79743582 1.07100746 1.49386307 0.87870242 3.575374427164e+01 8.016499949333e+01 1.186811942041e-02 5.445505436108e-03 5.932635266566e+00
12 38 1 1.43452021 1.79743582 1.07100746 1.49386307 0.87870242 3.580530355049e+01 8.210347017130e+01 6.600599460962e-03 5.252195843566e-03 5.722221761106e+00
12 39 1 1.43452021 1.79743582 1.07100746 1.49386307 0.87870242 3.591636052617e+01 8.301002679480e+01 2.683698602373e-03 4.560087122204e-03 4.411715049108e+00
12 40 1 1.43452021 1.79743582 1.07100746 1.49386307 0.87870242 3.597286724521e+01 8.464785103409e+01 4.228738292087e-03 6.539897215846e-03 2.991425259093e+00
12 41 1 1.43452021 1.79743582 1.07100746 1.49386307 0.87870242 3.588809357716e+01 8.709193505789e+01 4.776145845685e-03 6.355052477358e-03 2.409441380622e+00
12 42 1 1.43452021 1.79743582 1.07100746 1.49386307 0.87870242 3.571209859681e+01 8.999918262734e+01 7.934696941304e-03 5.127850090025e-03 3.168656359042e+00
12 43 1 1.43452021 1.79743582 1.07100746 1.49386307 0.87870242 3.561119011104e+01 9.344820612260e+01 6.692834867339e-03 5.361022720464e-03 4.964470726601e+00
12 44 1 1.43452021 1.79743582 1.07100746 1.49386307 0.87870242 3.575367265083e+01 9.568876969495e+01 5.784703184513e-03 4.427822964999e-03 6.677978232519e+00
12 45 1 1.43452021 1.79743582 1.07100746 1.49386307 0.87870242 3.621080420231e+01 9.977762455082e+01 7.221094191942e-03 3.070961210812e-03 6.971676962540e+00
12 46 1 1.43452021 1.79743582 1.07100746 1.49386307 0.87870242 3.694745686644e+01 1.038074946917e+02 1.386266851069e-02 2.117338311796e-03 5.962899982785e+00
12 47 1 1.43452021 1.79743582 1.07100746 1.49386307 0.87870242 3.788818537226e+01 1.085396451796e+02 2.359087982315e-02 1.514782023251e-03 5.049392105660e+00
12 48 1 1.43452021 1.79743582 1.07100746 1.49386307 0.87870242 3.899023684978e+01 1.113365328487e+02 3.892016154697e-02 1.345843551640e-03 5.869482525727e+00
12 49 1 1.43452021 1.79743582 1.07100746 1.49386307 0.87870242 4.027056336061e+01 1.133775680673e+02 4.506717062004e-02 8.931184980328e-04 8.751157630953e+00
12 50 1 1.43452021 1.79743582 1.07100746 1.49386307 0.87870242 4.178319543923e+01 1.156715176083e+02 4.486716782324e-02 2.006224911279e-03 1.180718580211e+01
12 51 1 1.43452021 1.79743582 1.07100746 1.49386307 0.87870242 4.357568253307e+01 1.194890216957e+02 4.133541909809e-02 2.999224646995e-03 1.247144570250e+01
12 52 1 1.43452021 1.79743582 1.07100746 1.49386307 0.87870242 4.565517540185e+01 1.237201453268e+02 2.801693179464e-02 2.995210711928e-03 9.916912205690e+00
12 53 1 1.43452021 1.79743582 1.07100746 1.49386307 0.87870242 4.798310025600e+01 1.289725033570e+02 1.752391821346e-02 6.492626160069e-03 6.305606973752e+00
12 54 1 1.43452021 1.79743582 1.07100746 1.49386307 0.87870242 5.050250004115e+01 1.346575024231e+02 1.419033428395e-02 7.682986225403e-03 5.192443361845e+00
12 55 1 1.43452021 1.79743582 1.07100746 1.49386307 0.87870242 5.317989368370e+01 1.409858733619e+02 9.604999593210e-03 6.256764620204e-03 7.296564297132e+00
12 56 1 1.43452021 1.79743582 1.07100746 1.49386307 0.87870242 5.602295076362e+01 1.475344791662e+02 1.491638305779e-02 1.104126318687e-02 1.009726335685e+01
12 57 1 1.43452021 1.79743582 1.07100746 1.49386307 0.87870242 5.904661177173e+01 1.518772188453e+02 1.014415796702e-02 1.266005264180e-02 1.052824400229e+01
12 58 1 1.43452021 1.79743582 1.07100746 1.49386307 0.87870242 6.221387510542e+01 1.547862215040e+02 9.668741055935e-03 8.375385550039e-03 8.125858158165e+00
12 59 1 1.43452021 1.79743582 1.07100746 1.49386307 0.87870242 6.542534636861e+01 1.589835994123e+02 5.813323807018e-03 1.172011337987e-02 5.385860305292e+00
12 60 1 1.43452021 1.79743582 1.07100746 1.49386307 0.87870242 6.860332456033e+01 1.632507326694e+02 6.292209081628e-03 1.194825830400e-02 4.640824005868e+00
12 61 1 1.43452021 1.79743582 1.07100746 1.49386307 0.87870242 7.181083848493e+01 1.709988737237e+02 1.462216706511e-02 5.517488114000e-03 6.865489779903e+00
12 62 1 1.43452021 1.79743582 1.07100746 1.49386307 0.87870242 7.526758762628e+01 1.781337275689e+02 2.518403981809e-02 6.479798523100e-03 1.050104355345e+01
12 63 1 1.43452021 1.79743582 1.07100746 1.49386307 0.87870242 7.918604275862e+01 1.846080877334e+02 4.438283049163e-02 6.401061431721e-03 1.353684185551e+01
13 0 1 1.04765134 8.07072048 0.73780178 2.77748775 0.70804354 2.960578988172e+00 4.240155704553e+04 3.713305976725e+00 8.453069579027e-01 4.084323775611e+00
13 1 1 1.04765134 8.07072048 0.73780178 2.77748775 0.70804354 2.860665792738e+00 4.105764280986e+04 3.848138131750e+00 8.670979946107e-01 4.139033595511e+00
13 2 1 1.04765134 8.07072048 0.73780178 2.77748775 0.70804354 2.719225642701e+00 3.972642464584e+04 3.979987740801e+00 4.712218667427e-01 3.911787952643e+00
13 3 1 1.04765134 8.07072048 0.73780178 2.77748775 0.70804354 2.594710393701e+00 3.848691843767e+04 3.943278424295e+00 9.833401130654e-02 4.041330974150e+00
13 4 1 1.04765134 8.07072048 0.73780178 2.77748775 0.70804354 2.463347970619e+00 3.745597422587e+04 3.989312390073e+00 1.196143265960e-01 4.426263339272e+00
13 5 1 1.04765134 8.07072048 0.73780178 2.77748775 0.70804354 2.358461223172e+00 3.640792659862e+04 3.943551554261e+00 4.431301960456e-01 4.358624827407e+00
13 6 1 1.04765134 8.07072048 0.73780178 2.77748775 0.70804354 2.274123440333e+00 3.517889169716e+04 3.918514037140e+00 6.569466501483e-01 3.874093067161e+00
13 7 1 1.04765134 8.07072048 0.73780178 2.77748775 0.70804354 2.210029553883e+00 3.387501047389e+04 3.856561865576e+00 5.097784934348e-01 3.577702887236e+00
13 8 1 1.04765134 8.07072048 0.73780178 2.77748775 0.70804354 2.171455606160e+00 3.269053778647e+04 3.889426388878e+00 1.776146650305e-01 3.544797902977e+00
13 9 1 1.04765134 8.07072048 0.73780178 2.77748775 0.70804354 2.130912405439e+00 3.173906892770e+04 3.777590272788e+00 3.957603495998e-02 3.333329002140e+00
13 10 1 1.04765134 8.07072048 0.73780178 2.77748775 0.70804354 2.106252651433e+00 3.087287602213e+04 3.702117220546e+00 2.430063740532e-01 2.904645760786e+00
13 11 1 1.04765134 8.07072048 0.73780178 2.77748775 0.70804354 2.056687727648e+00 2.995034383597e+04 3.578484928096e+00 5.495543776598e-01 2.833581293251e+00
13 12 1 1.04765134 8.07072048 0.73780178 2.77748775 0.70804354 2.013810512677e+00 2.896726229008e+04 3.475075702968e+00 6.143907017886e-01 2.940194353840e+00
13 13 1 1.04765134 8.07072048 0.73780178 2.77748775 0.70804354 1.935467181319e+00 2.800006237096e+04 3.308217950542e+00 3.677743514470e-01 2.563033869997e+00
13 14 1 1.04765134 8.07072048 0.73780178 2.77748775 0.70804354 1.862949954933e+00 2.712518333069e+04 3.157172285709e+00 7.712199149823e-02 2.133401991082e+00
13 15 1 1.04765134 8.07072048 0.73780178 2.77748775 0.70804354 1.760226856355e+00 2.639313155184e+04 3.015170545960e+00 4.099912747745e-02 2.208965942277e+00
13 16 1 1.04765134 8.07072048 0.73780178 2.77748775 0.70804354 1.670723262461e+00 2.573832565984e+04 2.927186817094e+00 2.680860756881e-01 2.357805295312e+00
13 17 1 1.04765134 8.07072048 0.73780178 2.77748775 0.70804354 1.568136895482e+00 2.506543618415e+04 2.837469833644e+00 4.876686976343e-01 2.174568563562e+00
13 18 1 1.04765134 8.07072048 0.73780178 2.77748775 0.70804354 1.489451242416e+00 2.429112402987e+04 2.738017429572e+00 4.582606046928e-01 2.044898112993e+00
13 19 1 1.04765134 8.07072048 0.73780178 2.77748775 0.70804354 1.417104543844e+00 2.357443277473e+04 2.681897874346e+00 2.226804827052e-01 2.295964464464e+00
13 20 1 1.04765134 8.07072048 0.73780178 2.77748775 0.70804354 1.373588688943e+00 2.304199522341e+04 2.621005905232e+00 3.972437548418e-02 2.443067801672e+00
13 21 1 1.04765134 8.07072048 0.73780178 2.77748775 0.70804354 1.345608397217e+00 2.263705068677e+04 2.558507735442e+00 8.900751856551e-02 2.171984515956e+00
13 22 1 1.04765134 8.07072048 0.73780178 2.77748775 0.70804354 1.337150292289e+00 2.225152045885e+04 2.533082576566e+00 2.831452741548e-01 1.983108948766e+00
13 23 1 1.04765134 8.07072048 0.73780178 2.77748775 0.70804354 1.336825160245e+00 2.180344489266e+04 2.567471104698e+00 3.832628773944e-01 2.123136343212e+00
13 24 1 1.04765134 8.07072048 0.73780178 2.77748775 0.70804354 1.334213805021e+00 2.135616038183e+04 2.570978985833e+00 2.730027326455e-01 2.140932796546e+00
13 25 1 1.04765134 8.07072048 0.73780178 2.77748775 0.70804354 1.324026558559e+00 2.099583314377e+04 2.623215883212e+00 8.250787087557e-02 1.859133443842e+00
13 26 1 1.04765134 8.07072048 0.73780178 2.77748775 0.70804354 1.292189201845e+00 2.075600859490e+04 2.722232944335e+00 3.352780432546e-02 1.718465043399e+00
13 27 1 1.04765134 8.07072048 0.73780178 2.77748775 0.70804354 1.246346283642e+00 2.060765001611e+04 2.810037841345e+00 1.873381692190e-01 1.823770643826e+00
13 28 1 1.04765134 8.07072048 0.73780178 2.77748775 0.70804354 1.178016449093e+00 2.050546357784e+04 2.880793106037e+00 3.765760277170e-01 1.769741484425e+00
13 29 1 1.04765134 8.07072048 0.73780178 2.77748775 0.70804354 1.107809140583e+00 2.037019276284e+04 3.008483205851e+00 3.919658633969e-01 1.485216437998e+00
13 30 1 1.04765134 8.07072048 0.73780178 2.77748775 0.70804354 1.033305705149e+00 2.024258625687e+04 3.082110452893e+00 2.141642320728e-01 1.310909587321e+00
13 31 1 1.04765134 8.07072048 0.73780178 2.77748775 0.70804354 9.776014261482e-01 2.023616617262e+04 3.091180413043e+00 3.557782771456e-02 1.469572799635e+00
13 32 1 1.04765134 8.07072048 0.73780178 2.77748775 0.70804354 9.374790454834e-01 2.042755979631e+04 3.151176626050e+00 4.995390169844e-02 1.736067039025e+00
13 33 1 1.04765134 8.07072048 0.73780178 2.77748775 0.70804354 9.253880348891e-01 2.067480886163e+04 3.204022439652e+00 2.410211329353e-01 1.831849558895e+00
13 34 1 1.04765134 8.07072048 0.73780178 2.77748775 0.70804354 9.319235906636e-01 2.088895922910e+04 3.160457912481e+00 4.008564864311e-01 1.985864570307e+00
13 35 1 1.04765134 8.07072048 0.73780178 2.77748775 0.70804354 9.548248057060e-01 2.107391514802e+04 3.110154794222e+00 3.573071785292e-01 2.262948213425e+00
13 36 1 1.04765134 8.07072048 0.73780178 2.77748775 0.70804354 9.813643746697e-01 2.130064992815e+04 3.097110151524e+00 1.616836536330e-01 2.251865175091e+00
13 37 1 1.04765134 8.07072048 0.73780178 2.77748775 0.70804354 1.002455640882e+00 2.165802708832e+04 3.019372432957e+00 3.095325376815e-02 2.038203024657e+00
13 38 1 1.04765134 8.07072048 0.73780178 2.77748775 0.70804354 1.010675678370e+00 2.210204917901e+04 2.939679862000e+00 1.071442069754e-01 2.126074757810e+00
13 39 1 1.04765134 8.07072048 0.73780178 2.77748775 0.70804354 1.001152317206e+00 2.256557371041e+04 2.897277699563e+00 2.990700986591e-01 2.379990727952e+00
13 40 1 1.04765134 8.07072048 0.73780178 2.77748775 0.70804354 9.770959329576e-01 2.301224454947e+04 2.816598838937e+00 3.842453669730e-01 2.280545239523e+00
13 41 1 1.04765134 8.07072048 0.73780178 2.77748775 0.70804354 9.417262898376e-01 2.341412343851e+04 2.712342116374e+00 2.619887897752e-01 2.058479193805e+00
13 42 1 1.04765134 8.07072048 0.73780178 2.77748775 0.70804354 9.050200727663e-01 2.385669420194e+04 2.641316198488e+00 7.524687915827e-02 2.215210560975e+00
13 43 1 1.04765134 8.07072048 0.73780178 2.77748775 0.70804354 8.740163775190e-01 2.447988013730e+04 2.570807321345e+00 5.647596838288e-02 2.403391237649e+00
13 44 1 1.04765134 8.07072048 0.73780178 2.77748775 0.70804354 8.556127266726e-01 2.522858134070e+04 2.457712857344e+00 2.603960667791e-01 2.202817921725e+00
13 45 1 1.04765134 8.07072048 0.73780178 2.77748775 0.70804354 8.556977983305e-01 2.596238829576e+04 2.400790789301e+00 4.847968530999e-01 2.063091461799e+00
13 46 1 1.04765134 8.07072048 0.73780178 2.77748775 0.70804354 8.703645712140e-01 2.657580121261e+04 2.353243333339e+00 4.836249925820e-01 2.400917588605e+00
13 47 1 1.04765134 8.07072048 0.73780178 2.77748775 0.70804354 9.045814290230e-01 2.719494509363e+04 2.345288156997e+00 2.479910833612e-01 2.736797432534e+00
13 48 1 1.04765134 8.07072048 0.73780178 2.77748775 0.70804354 9.425423941479e-01 2.794145937568e+04 2.358565309207e+00 3.671489625808e-02 2.675967391883e+00
13 49 1 1.04765134 8.07072048 0.73780178 2.77748775 0.70804354 9.922871060135e-01 2.882168318422e+04 2.471249257295e+00 1.021616432863e-01 2.781164991242e+00
13 50 1 1.04765134 8.07072048 0.73780178 2.77748775 0.70804354 1.030272337352e+00 2.976042417464e+04 2.560928388568e+00 4.025688403069e-01 3.304371889032e+00
13 51 1 1.04765134 8.07072048 0.73780178 2.77748775 0.70804354 1.070778866758e+00 3.064558977609e+04 2.703171985315e+00 6.288734082882e-01 3.535942714372e+00
13 52 1 1.04765134 8.07072048 0.73780178 2.77748775 0.70804354 1.089039616508e+00 3.148597390866e+04 2.803167269021e+00 5.373794820197e-01 3.297021446077e+00
13 53 1 1.04765134 8.07072048 0.73780178 2.77748775 0.70804354 1.105927843822e+00 3.233030611243e+04 2.981533954531e+00 2.286685377951e-01 3.280949230660e+00
13 54 1 1.04765134 8.07072048 0.73780178 2.77748775 0.70804354 1.102275325859e+00 3.330271433327e+04 3.136777574249e+00 5.040943755675e-02 3.686150408209e+00
13 55 1 1.04765134 8.07072048 0.73780178 2.77748775 0.70804354 1.102672173520e+00 3.448206446030e+04 3.318408586873e+00 2.124832105249e-01 3.939656083309e+00
13 56 1 1.04765134 8.07072048 0.73780178 2.77748775 0.70804354 1.097641215807e+00 3.572507691111e+04 3.442850189546e+00 5.401695811968e-01 3.784869226563e+00
13 57 1 1.04765134 8.07072048 0.73780178 2.77748775 0.70804354 1.107691776981e+00 3.678033878517e+04 3.674323742233e+00 6.595657788667e-01 3.675840446329e+00
13 58 1 1.04765134 8.07072048 0.73780178 2.77748775 0.70804354 1.131810452568e+00 3.772079705699e+04 3.864020944200e+00 4.272119386673e-01 3.835068511542e+00
13 59 1 1.04765134 8.07072048 0.73780178 2.77748775 0.70804354 1.174320730859e+00 3.874097269298e+04 3.988124810829e+00 1.176757747378e-01 3.765104006771e+00
13 60 1 1.04765134 8.07072048 0.73780178 2.77748775 0.70804354 1.239780970637e+00 4.001663491051e+04 4.103449429184e+00 1.301054849888e-01 3.389317489064e+00
13 61 1 1.04765134 8.07072048 0.73780178 2.77748775 0.70804354 1.307743931032e+00 4.138534783200e+04 4.138154234413e+00 5.209581775883e-01 3.489017870621e+00
13 62 1 1.04765134 8.07072048 0.73780178 2.77748775 0.70804354 1.392106203012e+00 4.272463971044e+04 4.067131654494e+00 8.999579290321e-01 4.059453665878e+00
13 63 1 1.04765134 8.07072048 0.73780178 2.77748775 0.70804354 1.451428831335e+00 4.397429452293e+04 3.964768829809e+00 8.450037696008e-01 4.247447505385e+00
16 0 1 0.92095021 2.85432215 0.75422515 1.53447608 0.86924933 1.191667276854e+01 1.008417791871e+03 5.706050388516e-02 5.814392714424e-02 1.118336945320e+01
16 1 1 0.92095021 2.85432215 0.75422515 1.53447608 0.86924933 1.146312933532e+01 9.672310531775e+02 6.093862324822e-03 6.555287263257e-02 1.127336177478e+01
16 2 1 0.92095021 2.85432215 0.75422515 1.53447608 0.86924933 1.104128976855e+01 9.265267535526e+02 4.240549773681e-02 5.414768485472e-02 1.093003161417e+01
16 3 1 0.92095021 2.85432215 0.75422515 1.53447608 0.86924933 1.065082159580e+01 8.912096038235e+02 2.580337782852e-02 6.051185831777e-02 9.016055663900e+00
16 4 1 0.92095021 2.85432215 0.75422515 1.53447608 0.86924933 1.027873088505e+01 8.576363491664e+02 1.235570150412e-02 5.059063887577e-02 6.432716072578e+00
16 5 1 0.92095021 2.85432215 0.75422515 1.53447608 0.86924933 9.899485327236e+00 8.258747335344e+02 2.785686461119e-02 5.566874181876e-02 6.678590486374e+00
16 6 1 0.92095021 2.85432215 0.75422515 1.53447608 0.86924933 9.489798581327e+00 7.930207507161e+02 2.371984508688e-02 4.740646323282e-02 8.750523963154e+00
16 7 1 0.92095021 2.85432215 0.75422515 1.53447608 0.86924933 9.046797483344e+00 7.682742937526e+02 1.179416275466e-02 5.109364999812e-02 9.432519928801e+00
16 8 1 0.92095021 2.85432215 0.75422515 1.53447608 0.86924933 8.593620671699e+00 7.408660859566e+02 2.522463153207e-02 4.453548246127e-02 8.586278719142e+00
16 9 1 0.92095021 2.85432215 0.75422515 1.53447608 0.86924933 8.165853337769e+00 7.141546484857e+02 1.624320022610e-02 4.684791128672e-02 6.941909437811e+00
16 10 1 0.92095021 2.85432215 0.75422515 1.53447608 0.86924933 7.787858605799e+00 6.926729639955e+02 1.233360891914e-02 4.192819680895e-02 4.939809448774e+00
16 11 1 0.92095021 2.85432215 0.75422515 1.53447608 0.86924933 7.456924390966e+00 6.715814062161e+02 2.894325847484e-02 4.298034073607e-02 5.211425340121e+00
16 12 1 0.92095021 2.85432215 0.75422515 1.53447608 0.86924933 7.147681723977e+00 6.497971592296e+02 9.569410968345e-03 3.954729874589e-02 7.061675492775e+00
16 13 1 0.92095021 2.85432215 0.75422515 1.53447608 0.86924933 6.833634139700e+00 6.320826667681e+02 1.873704430110e-02 3.952536931758e-02 7.263760829023e+00
16 14 1 0.92095021 2.85432215 0.75422515 1.53447608 0.86924933 6.509248385055e+00 6.175926685504e+02 5.731014245496e-03 3.736823796191e-02 6.174623937911e+00
16 15 1 0.92095021 2.85432215 0.75422515 1.53447608 0.86924933 6.195501802612e+00 6.049580127549e+02 3.185169593537e-02 3.650292595356e-02 5.425638832819e+00
16 16 1 0.92095021 2.85432215 0.75422515 1.53447608 0.86924933 5.924523961506e+00 5.903036031229e+02 9.031647407603e-03 3.537853218137e-02 4.542734404064e+00
16 17 1 0.92095021 2.85432215 0.75422515 1.53447608 0.86924933 5.715101887787e+00 5.760001343913e+02 1.995101203687e-02 3.391977866745e-02 3.930095687132e+00
16 18 1 0.92095021 2.85432215 0.75422515 1.53447608 0.86924933 5.557903880846e+00 5.581349120704e+02 2.998296796539e-02 3.357612591725e-02 4.820057625184e+00
16 19 1 0.92095021 2.85432215 0.75422515 1.53447608 0.86924933 5.421949416121e+00 5.408414050233e+02 3.270601150134e-03 3.177190013007e-02 5.966108802869e+00
16 20 1 0.92095021 2.85432215 0.75422515 1.53447608 0.86924933 5.277765920066e+00 5.272839046121e+02 4.025227951277e-02 3.196716191078e-02 5.589205855980e+00
16 21 1 0.92095021 2.85432215 0.75422515 1.53447608 0.86924933 5.120008843673e+00 5.143540761811e+02 3.588542090567e-03 3.004735639864e-02 4.434557513830e+00
16 22 1 0.92095021 2.85432215 0.75422515 1.53447608 0.86924933 4.972529047416e+00 5.025353108967e+02 2.211031180993e-02 3.056354715449e-02 3.475378611894e+00
16 23 1 0.92095021 2.85432215 0.75422515 1.53447608 0.86924933 4.871713198719e+00 4.902799857582e+02 1.103947460729e-02 2.872922804989e-02 3.236978012502e+00
16 24 1 0.92095021 2.85432215 0.75422515 1.53447608 0.86924933 4.839866403133e+00 4.775345061182e+02 1.690513531275e-02 2.938066746957e-02 4.285440003816e+00
16 25 1 0.92095021 2.85432215 0.75422515 1.53447608 0.86924933 4.867794720311e+00 4.687620832113e+02 2.246329415905e-02 2.779815149742e-02 5.351767815319e+00
16 26 1 0.92095021 2.85432215 0.75422515 1.53447608 0.86924933 4.919284760150e+00 4.613374651782e+02 3.775148520369e-03 2.843553590013e-02 4.832003536257e+00
16 27 1 0.92095021 2.85432215 0.75422515 1.53447608 0.86924933 4.954598763590e+00 4.560039233245e+02 3.036978247624e-02 2.723419743168e-02 3.657814490325e+00
16 28 1 0.92095021 2.85432215 0.75422515 1.53447608 0.86924933 4.956576502677e+00 4.510088818757e+02 1.136674349545e-03 2.774555897027e-02 3.330453308030e+00
16 29 1 0.92095021 2.85432215 0.75422515 1.53447608 0.86924933 4.941036791171e+00 4.471122078602e+02 2.948875273957e-02 2.701795968055e-02 3.472108289210e+00
16 30 1 0.92095021 2.85432215 0.75422515 1.53447608 0.86924933 4.944180973605e+00 4.444258725894e+02 1.030789179736e-02 2.732798314522e-02 3.779196606860e+00
16 31 1 0.92095021 2.85432215 0.75422515 1.53447608 0.86924933 4.995837743056e+00 4.427386371887e+02 1.251751035827e-02 2.713088609210e-02 4.560829936244e+00
16 32 1 0.92095021 2.85432215 0.75422515 1.53447608 0.86924933 5.097344606039e+00 4.506381965984e+02 1.479264388390e-02 2.719995669031e-02 5.157685713243e+00
16 33 1 0.92095021 2.85432215 0.75422515 1.53447608 0.86924933 5.219678570545e+00 4.574601097171e+02 7.703053235095e-03 2.755501987597e-02 4.351534413317e+00
16 34 1 0.92095021 2.85432215 0.75422515 1.53447608 0.86924933 5.323314584491e+00 4.647430375871e+02 3.067066727490e-02 2.737902629994e-02 3.285773906398e+00
16 35 1 0.92095021 2.85432215 0.75422515 1.53447608 0.86924933 5.386016425342e+00 4.700781587561e+02 1.105422670514e-03 2.827241680860e-02 3.248871893075e+00
16 36 1 0.92095021 2.85432215 0.75422515 1.53447608 0.86924933 5.419023231454e+00 4.782645605526e+02 2.967983989493e-02 2.788380001167e-02 4.232932570968e+00
16 37 1 0.92095021 2.85432215 0.75422515 1.53447608 0.86924933 5.460021478882e+00 4.852703353437e+02 5.676782203291e-03 2.926454956744e-02 5.558017856414e+00
16 38 1 0.92095021 2.85432215 0.75422515 1.53447608 0.86924933 5.547518085212e+00 4.956944847835e+02 2.009460365929e-02 2.873446229841e-02 5.801467878992e+00
16 39 1 0.92095021 2.85432215 0.75422515 1.53447608 0.86924933 5.694460403774e+00 5.068009975250e+02 1.906760322695e-02 3.051200199502e-02 4.541781280973e+00
16 40 1 0.92095021 2.85432215 0.75422515 1.53447608 0.86924933 5.879763815623e+00 5.184303159495e+02 1.022937900260e-02 2.995283344872e-02 3.756204760767e+00
16 41 1 0.92095021 2.85432215 0.75422515 1.53447608 0.86924933 6.063969056066e+00 5.268164232578e+02 2.431705481535e-02 3.199469776796e-02 4.247388410555e+00
16 42 1 0.92095021 2.85432215 0.75422515 1.53447608 0.86924933 6.218148383819e+00 5.387674960010e+02 2.495545689543e-03 3.156172635780e-02 5.070730765853e+00
16 43 1 0.92095021 2.85432215 0.75422515 1.53447608 0.86924933 6.345576108465e+00 5.501728606740e+02 4.096119326918e-02 3.369281050431e-02 6.039033304994e+00
16 44 1 0.92095021 2.85432215 0.75422515 1.53447608 0.86924933 6.480662372455e+00 5.652379525760e+02 4.890147674780e-03 3.358346474259e-02 6.833319974716e+00
16 45 1 0.92095021 2.85432215 0.75422515 1.53447608 0.86924933 6.665912351248e+00 5.796356867293e+02 2.886854528865e-02 3.558838076038e-02 6.151301684649e+00
16 46 1 0.92095021 2.85432215 0.75422515 1.53447608 0.86924933 6.923577414697e+00 5.921947041652e+02 2.300152612634e-02 3.603757460364e-02 4.808893132126e+00
16 47 1 0.92095021 2.85432215 0.75422515 1.53447608 0.86924933 7.242529817712e+00 6.045463026570e+02 7.756654293400e-03 3.766753652556e-02 4.798925202382e+00
16 48 1 0.92095021 2.85432215 0.75422515 1.53447608 0.86924933 7.589659879612e+00 6.201232255131e+02 3.312333596906e-02 3.893782559890e-02 6.054594526631e+00
16 49 1 0.92095021 2.85432215 0.75422515 1.53447608 0.86924933 7.936890699694e+00 6.380656122615e+02 6.968837967508e-03 3.992309431751e-02 7.728761633905e+00
16 50 1 0.92095021 2.85432215 0.75422515 1.53447608 0.86924933 8.283272336461e+00 6.621789213519e+02 1.976387437315e-02 4.228895640071e-02 8.894146499538e+00
16 51 1 0.92095021 2.85432215 0.75422515 1.53447608 0.86924933 8.655413198768e+00 6.880062403810e+02 9.210391774820e-03 4.235722235741e-02 7.805183302521e+00
16 52 1 0.92095021 2.85432215 0.75422515 1.53447608 0.86924933 9.086020924027e+00 7.158296990290e+02 3.219123063345e-02 4.608354236672e-02 5.522760011687e+00
16 53 1 0.92095021 2.85432215 0.75422515 1.53447608 0.86924933 9.587062740057e+00 7.403281942522e+02 1.484965231460e-02 4.498378686627e-02 5.881552675017e+00
16 54 1 0.92095021 2.85432215 0.75422515 1.53447608 0.86924933 1.013815706820e+01 7.724131959902e+02 1.652477565214e-02 5.029953189054e-02 8.074319026088e+00
16 55 1 0.92095021 2.85432215 0.75422515 1.53447608 0.86924933 1.069904010452e+01 8.033194698708e+02 2.845515952955e-02 4.782998471965e-02 9.554455618201e+00
16 56 1 0.92095021 2.85432215 0.75422515 1.53447608 0.86924933 1.123641735930e+01 8.329969392637e+02 1.214067296662e-02 5.489897297422e-02 1.020515556185e+01
16 57 1 0.92095021 2.85432215 0.75422515 1.53447608 0.86924933 1.174468450120e+01 8.669532950097e+02 2.597747050472e-02 5.093689398038e-02 9.692649933317e+00
16 58 1 0.92095021 2.85432215 0.75422515 1.53447608 0.86924933 1.224532059796e+01 9.031919751241e+02 2.992597477786e-02 5.982836680726e-02 7.432256927625e+00
16 59 1 0.92095021 2.85432215 0.75422515 1.53447608 0.86924933 1.276680376894e+01 9.372226447463e+02 1.521905867480e-02 5.435864779050e-02 6.846566236268e+00
16 60 1 0.92095021 2.85432215 0.75422515 1.53447608 0.86924933 1.332184760524e+01 9.729518840134e+02 2.393384491022e-02 6.502092477024e-02 9.402892874687e+00
16 61 1 0.92095021 2.85432215 0.75422515 1.53447608 0.86924933 1.389956758790e+01 1.011005921578e+03 4.713052016267e-02 5.816005270721e-02 1.188854697850e+01
16 62 1 0.92095021 2.85432215 0.75422515 1.53447608 0.86924933 1.447656848009e+01 1.050141355774e+03 6.456718209929e-03 7.040078521946e-02 1.261964806977e+01
16 63 1 0.92095021 2.85432215 0.75422515 1.53447608 0.86924933 1.503473207771e+01 1.081665746201e+03 5.619175556816e-02 6.241262233397e-02 1.192919449374e+01
17 0 1 0.68360166 1.26334599 0.66595509 0.89572586 1.16892886 3.428506115044e+00 4.269639707827e+01 9.937583361465e-02 1.585227582111e-02 2.178582023060e+01
17 1 1 0.68360166 1.26334599 0.66595509 0.89572586 1.16892886 3.391132288471e+00 4.116400926257e+01 5.156047444790e-02 1.187903969715e-02 2.084305315900e+01
17 2 1 0.68360166 1.26334599 0.66595509 0.89572586 1.16892886 3.296798149643e+00 3.984576261055e+01 7.752167200458e-03 1.485223571568e-02 2.020899884432e+01
17 3 1 0.68360166 1.26334599 0.66595509 0.89572586 1.16892886 3.162357096840e+00 3.834593665263e+01 1.363425132777e-01 1.101886734743e-02 1.941746115413e+01
17 4 1 0.68360166 1.26334599 0.66595509 0.89572586 1.16892886 3.060890572020e+00 3.660053212201e+01 1.525361513273e-01 1.365881869575e-02 1.903795986007e+01
17 5 1 0.68360166 1.26334599 0.66595509 0.89572586 1.16892886 2.996453856394e+00 3.485529354905e+01 2.130285701312e-02 1.044448552611e-02 1.873246710995e+01
17 6 1 0.68360166 1.26334599 0.66595509 0.89572586 1.16892886 2.910779451586e+00 3.375716216601e+01 2.390106862675e-02 1.235388706273e-02 1.798744131804e+01
17 7 1 0.68360166 1.26334599 0.66595509 0.89572586 1.16892886 2.786648052357e+00 3.257846559149e+01 6.534805842109e-02 1.005427922251e-02 1.734424649862e+01
17 8 1 0.68360166 1.26334599 0.66595509 0.89572586 1.16892886 2.660240310675e+00 3.091877619713e+01 1.427279985883e-02 1.105558613601e-02 1.674769327799e+01
17 9 1 0.68360166 1.26334599 0.66595509 0.89572586 1.16892886 2.553076968692e+00 2.978110235185e+01 2.340833594954e-02 9.729844073939e-03 1.648146130364e+01
17 10 1 0.68360166 1.26334599 0.66595509 0.89572586 1.16892886 2.464804292508e+00 2.867833429077e+01 8.103295491699e-02 9.881833773897e-03 1.585985808160e+01
17 11 1 0.68360166 1.26334599 0.66595509 0.89572586 1.16892886 2.405041830353e+00 2.760608095498e+01 4.555209614733e-02 9.369821995167e-03 1.581095477536e+01
17 12 1 0.68360166 1.26334599 0.66595509 0.89572586 1.16892886 2.365913168872e+00 2.630724377972e+01 1.638892407629e-02 8.919645399531e-03 1.502216489793e+01
17 13 1 0.68360166 1.26334599 0.66595509 0.89572586 1.16892886 2.298884717104e+00 2.552349116025e+01 3.672667708135e-02 8.913820094235e-03 1.470945341618e+01
17 14 1 0.68360166 1.26334599 0.66595509 0.89572586 1.16892886 2.181097079925e+00 2.518628423461e+01 1.314548534643e-02 8.207565795511e-03 1.394787912454e+01
17 15 1 0.68360166 1.26334599 0.66595509 0.89572586 1.16892886 2.062101417366e+00 2.453265000017e+01 1.262540591161e-02 8.351676537242e-03 1.414823275342e+01
17 16 1 0.68360166 1.26334599 0.66595509 0.89572586 1.16892886 1.986649913371e+00 2.407491984603e+01 7.406928567027e-02 7.733547153243e-03 1.343119435438e+01
17 17 1 0.68360166 1.26334599 0.66595509 0.89572586 1.16892886 1.923071330580e+00 2.371277431549e+01 6.727960924127e-02 7.718256599844e-03 1.338980342331e+01
17 18 1 0.68360166 1.26334599 0.66595509 0.89572586 1.16892886 1.828953106217e+00 2.331942764436e+01 1.047299662904e-02 7.445950850008e-03 1.288768273184e+01
17 19 1 0.68360166 1.26334599 0.66595509 0.89572586 1.16892886 1.731330300774e+00 2.234431029949e+01 1.417372595221e-02 7.077863304526e-03 1.254625498747e+01
17 20 1 0.68360166 1.26334599 0.66595509 0.89572586 1.16892886 1.674808455066e+00 2.155156980394e+01 3.087903555735e-02 7.272302190598e-03 1.200690196676e+01
17 21 1 0.68360166 1.26334599 0.66595509 0.89572586 1.16892886 1.641635758604e+00 2.142089348165e+01 1.545825502726e-02 6.504258157996e-03 1.211987674954e+01
17 22 1 0.68360166 1.26334599 0.66595509 0.89572586 1.16892886 1.589893469135e+00 2.105145638318e+01 2.183631629954e-02 7.139573805576e-03 1.205720482925e+01
17 23 1 0.68360166 1.26334599 0.66595509 0.89572586 1.16892886 1.526352173135e+00 2.027749211843e+01 3.579775865622e-02 6.062061905456e-03 1.150254820317e+01
17 24 1 0.68360166 1.26334599 0.66595509 0.89572586 1.16892886 1.481491626471e+00 1.945993967257e+01 2.188869331274e-02 6.990873381522e-03 1.129794418778e+01
17 25 1 0.68360166 1.26334599 0.66595509 0.89572586 1.16892886 1.454155684880e+00 1.943887520697e+01 1.374924111573e-02 5.793522644960e-03 1.103408650440e+01
17 26 1 0.68360166 1.26334599 0.66595509 0.89572586 1.16892886 1.432694209318e+00 1.898791808153e+01 1.594269798428e-02 6.795635043333e-03 1.121121692296e+01
17 27 1 0.68360166 1.26334599 0.66595509 0.89572586 1.16892886 1.427033756716e+00 1.840809154956e+01 1.121976941967e-02 5.712267511960e-03 1.069508761463e+01
17 28 1 0.68360166 1.26334599 0.66595509 0.89572586 1.16892886 1.434114942025e+00 1.842486652035e+01 2.101526617790e-02 6.552747532512e-03 1.096204215369e+01
17 29 1 0.68360166 1.26334599 0.66595509 0.89572586 1.16892886 1.420921826826e+00 1.829035604728e+01 3.944647633793e-02 5.803626970844e-03 1.071750905567e+01
17 30 1 0.68360166 1.26334599 0.66595509 0.89572586 1.16892886 1.386605136297e+00 1.796360930412e+01 3.516619978110e-02 6.287706731281e-03 1.084871637968e+01
17 31 1 0.68360166 1.26334599 0.66595509 0.89572586 1.16892886 1.387666826729e+00 1.755294675157e+01 1.755398315644e-02 6.029990740008e-03 9.953362958310e+00
17 32 1 0.68360166 1.26334599 0.66595509 0.89572586 1.16892886 1.453859971932e+00 1.837073464376e+01 6.321849749233e-03 6.045546473508e-03 1.091568752179e+01
17 33 1 0.68360166 1.26334599 0.66595509 0.89572586 1.16892886 1.533262346444e+00 1.896935177076e+01 1.205727478080e-02 6.339454328265e-03 1.070454992303e+01
17 34 1 0.68360166 1.26334599 0.66595509 0.89572586 1.16892886 1.570161407287e+00 1.904704163803e+01 3.402218402774e-02 5.881177568311e-03 1.067110118447e+01
17 35 1 0.68360166 1.26334599 0.66595509 0.89572586 1.16892886 1.583829728291e+00 1.931536088639e+01 3.962206528867e-02 6.676351571880e-03 1.049443160930e+01
17 36 1 0.68360166 1.26334599 0.66595509 0.89572586 1.16892886 1.620117749560e+00 1.964770736323e+01 2.424127901140e-02 5.848362742590e-03 1.081928975837e+01
17 37 1 0.68360166 1.26334599 0.66595509 0.89572586 1.16892886 1.678640995254e+00 2.022044035654e+01 2.147629028094e-02 6.992588923065e-03 1.082184995318e+01
17 38 1 0.68360166 1.26334599 0.66595509 0.89572586 1.16892886 1.738953313010e+00 2.028492923476e+01 2.077207830009e-02 5.988393032761e-03 1.089858733203e+01
17 39 1 0.68360166 1.26334599 0.66595509 0.89572586 1.16892886 1.806421686534e+00 2.085493978665e+01 1.191171696696e-02 7.258602884397e-03 1.127415177404e+01
17 40 1 0.68360166 1.26334599 0.66595509 0.89572586 1.16892886 1.882545821019e+00 2.150250825152e+01 2.670997287468e-02 6.319849316468e-03 1.146316921305e+01
17 41 1 0.68360166 1.26334599 0.66595509 0.89572586 1.16892886 1.942116335249e+00 2.170490918474e+01 3.846151095619e-02 7.472226231657e-03 1.159503222207e+01
17 42 1 0.68360166 1.26334599 0.66595509 0.89572586 1.16892886 1.985108115190e+00 2.181063233646e+01 2.102015740432e-02 6.831459610152e-03 1.139230209629e+01
17 43 1 0.68360166 1.26334599 0.66595509 0.89572586 1.16892886 2.054314059175e+00 2.235213482521e+01 3.123350358567e-02 7.663143765291e-03 1.215629362158e+01
17 44 1 0.68360166 1.26334599 0.66595509 0.89572586 1.16892886 2.159229710686e+00 2.337734692927e+01 4.778863478143e-02 7.480490814953e-03 1.241112662437e+01
17 45 1 0.68360166 1.26334599 0.66595509 0.89572586 1.16892886 2.247609559336e+00 2.364842458312e+01 1.195110386057e-02 7.890536904164e-03 1.287733244632e+01
17 46 1 0.68360166 1.26334599 0.66595509 0.89572586 1.16892886 2.295919932023e+00 2.388832925264e+01 1.756417965953e-02 8.198754201993e-03 1.273911317190e+01
17 47 1 0.68360166 1.26334599 0.66595509 0.89572586 1.16892886 2.354298992107e+00 2.458613420143e+01 8.889634087076e-02 8.232461705226e-03 1.358354299053e+01
17 48 1 0.68360166 1.26334599 0.66595509 0.89572586 1.16892886 2.452564355067e+00 2.549792763074e+01 7.566551205078e-02 8.906813472010e-03 1.349648397888e+01
17 49 1 0.68360166 1.26334599 0.66595509 0.89572586 1.16892886 2.539758140054e+00 2.633913743361e+01 1.366816267122e-02 8.767583810609e-03 1.431207105478e+01
17 50 1 0.68360166 1.26334599 0.66595509 0.89572586 1.16892886 2.574225488482e+00 2.744109216632e+01 2.784684199159e-02 9.534515876681e-03 1.479917501351e+01
17 51 1 0.68360166 1.26334599 0.66595509 0.89572586 1.16892886 2.599867648738e+00 2.916196158990e+01 3.154536299714e-02 9.552654375605e-03 1.543663337370e+01
17 52 1 0.68360166 1.26334599 0.66595509 0.89572586 1.16892886 2.675036786238e+00 3.035423423417e+01 1.156877266024e-02 1.004322553312e-02 1.563241094218e+01
17 53 1 0.68360166 1.26334599 0.66595509 0.89572586 1.16892886 2.792770636209e+00 3.154405569415e+01 7.350837896918e-02 1.060161449879e-02 1.625495492724e+01
17 54 1 0.68360166 1.26334599 0.66595509 0.89572586 1.16892886 2.919813050185e+00 3.281429711701e+01 9.166500243093e-02 1.044318880546e-02 1.697538807432e+01
17 55 1 0.68360166 1.26334599 0.66595509 0.89572586 1.16892886 3.046504725287e+00 3.421352328247e+01 1.775697414844e-02 1.187334383291e-02 1.759804417684e+01
17 56 1 0.68360166 1.26334599 0.66595509 0.89572586 1.16892886 3.159620837922e+00 3.552582161410e+01 4.616532923454e-02 1.079934110627e-02 1.863379203167e+01
17 57 1 0.68360166 1.26334599 0.66595509 0.89572586 1.16892886 3.239584596132e+00 3.653701300991e+01 9.871900291731e-02 1.327396840934e-02 1.907583635374e+01
17 58 1 0.68360166 1.26334599 0.66595509 0.89572586 1.16892886 3.315598758368e+00 3.812733652434e+01 1.538645957511e-02 1.122113110595e-02 1.997801426864e+01
17 59 1 0.68360166 1.26334599 0.66595509 0.89572586 1.16892886 3.444245721970e+00 3.959844926263e+01 5.023652105426e-02 1.467614061980e-02 2.027853627024e+01
17 60 1 0.68360166 1.26334599 0.66595509 0.89572586 1.16892886 3.611050937879e+00 4.096987023783e+01 1.991430311579e-01 1.183633828931e-02 2.187025504590e+01
17 61 1 0.68360166 1.26334599 0.66595509 0.89572586 1.16892886 3.743288548103e+00 4.207080378365e+01 1.260760925481e-01 1.595252334503e-02 2.250770425546e+01
17 62 1 0.68360166 1.26334599 0.66595509 0.89572586 1.16892886 3.841997542567e+00 4.315314461206e+01 4.030478583313e-03 1.275426055670e-02 2.375424738970e+01
17 63 1 0.68360166 1.26334599 0.66595509 0.89572586 1.16892886 4.002622502958e+00 4.477835545592e+01 8.191533916336e-02 1.701536544829e-02 2.430931945990e+01
18 0 1 1.14457346 4.83088935 0.78649105 2.68510726 0.72429360 1.739375771696e+01 7.120657296009e+03 5.296805806579e-02 1.928145793796e-06 4.530293148085e+00
18 1 1 1.14457346 4.83088935 0.78649105 2.68510726 0.72429360 1.695743650957e+01 6.915999740218e+03 6.370901618554e-02 1.857181609645e-06 3.825668080229e+00
18 2 1 1.14457346 4.83088935 0.78649105 2.68510726 0.72429360 1.668529622361e+01 6.731285332396e+03 6.965219671299e-02 1.788579781107e-06 3.057062036654e+00
18 3 1 1.14457346 4.83088935 0.78649105 2.68510726 0.72429360 1.647239192174e+01 6.530990724307e+03 6.990129927789e-02 1.722340328858e-06 3.779541036421e+00
18 4 1 1.14457346 4.83088935 0.78649105 2.68510726 0.72429360 1.633920587345e+01 6.293655453046e+03 6.628301197424e-02 1.658463272874e-06 5.688177779552e+00
18 5 1 1.14457346 4.83088935 0.78649105 2.68510726 0.72429360 1.620303728252e+01 6.035239433185e+03 5.607247148146e-02 1.596948632407e-06 7.413818662969e+00
18 6 1 1.14457346 4.83088935 0.78649105 2.68510726 0.72429360 1.610266614575e+01 5.790948174872e+03 3.484066842383e-02 1.537796425996e-06 8.032593477978e+00
18 7 1 1.14457346 4.83088935 0.78649105 2.68510726 0.72429360 1.603963279326e+01 5.567451916671e+03 4.018143381283e-02 1.481006671476e-06 6.998021852091e+00
18 8 1 1.14457346 4.83088935 0.78649105 2.68510726 0.72429360 1.597188772410e+01 5.370916572332e+03 2.793039323733e-02 1.426579385970e-06 4.631489703418e+00
18 9 1 1.14457346 4.83088935 0.78649105 2.68510726 0.72429360 1.587656534876e+01 5.214838876795e+03 2.779605299725e-02 1.374514585881e-06 2.484667467799e+00
18 10 1 1.14457346 4.83088935 0.78649105 2.68510726 0.72429360 1.564262075802e+01 5.078338754037e+03 2.307865140820e-02 1.324812286905e-06 1.653038929874e+00
18 11 1 1.14457346 4.83088935 0.78649105 2.68510726 0.72429360 1.535752974369e+01 4.927115163506e+03 2.234052988248e-02 1.277472504021e-06 2.135148492158e+00
18 12 1 1.14457346 4.83088935 0.78649105 2.68510726 0.72429360 1.498550744246e+01 4.751103009251e+03 2.758571770552e-02 1.232495251506e-06 2.761852719804e+00
18 13 1 1.14457346 4.83088935 0.78649105 2.68510726 0.72429360 1.470787532730e+01 4.555782605361e+03 2.716226980668e-02 1.189880542914e-06 2.558247986980e+00
18 14 1 1.14457346 4.83088935 0.78649105 2.68510726 0.72429360 1.444069917612e+01 4.369270097156e+03 3.094633178227e-02 1.149628391092e-06 1.974231149855e+00
18 15 1 1.14457346 4.83088935 0.78649105 2.68510726 0.72429360 1.430294867472e+01 4.222550478409e+03 3.292943172600e-02 1.111738808173e-06 1.904515767187e+00
18 16 1 1.14457346 4.83088935 0.78649105 2.68510726 0.72429360 1.415611348346e+01 4.101049233008e+03 3.517819789960e-02 1.076211805580e-06 2.587564712042e+00
18 17 1 1.14457346 4.83088935 0.78649105 2.68510726 0.72429360 1.412746857818e+01 4.001921782621e+03 3.659555086141e-02 1.043047394023e-06 3.705235266313e+00
18 18 1 1.14457346 4.83088935 0.78649105 2.68510726 0.72429360 1.412139546759e+01 3.919787223217e+03 3.127565292476e-02 1.012245583498e-06 4.853106018469e+00
18 19 1 1.14457346 4.83088935 0.78649105 2.68510726 0.72429360 1.423926981322e+01 3.820369080375e+03 3.292196727177e-02 9.838063832913e-07 5.240845604005e+00
18 20 1 1.14457346 4.83088935 0.78649105 2.68510726 0.72429360 1.434996563440e+01 3.710910455541e+03 2.307206429544e-02 9.577298019756e-07 4.258589954906e+00
18 21 1 1.14457346 4.83088935 0.78649105 2.68510726 0.72429360 1.446055035385e+01 3.595890669050e+03 2.107846197019e-02 9.340158474108e-07 2.540209602370e+00
18 22 1 1.14457346 4.83088935 0.78649105 2.68510726 0.72429360 1.447409208923e+01 3.487173613819e+03 2.214362004710e-02 9.126645267467e-07 1.318915717755e+00
18 23 1 1.14457346 4.83088935 0.78649105 2.68510726 0.72429360 1.442571500914e+01 3.416127122077e+03 2.313219189695e-02 8.936758464182e-07 1.130187977401e+00
18 24 1 1.14457346 4.83088935 0.78649105 2.68510726 0.72429360 1.434704389846e+01 3.376575620612e+03 2.816109682447e-02 8.770498121507e-07 1.518338995211e+00
18 25 1 1.14457346 4.83088935 0.78649105 2.68510726 0.72429360 1.426706868537e+01 3.350711395817e+03 2.964692435951e-02 8.627864289557e-07 1.783719959584e+00
18 26 1 1.14457346 4.83088935 0.78649105 2.68510726 0.72429360 1.423527785071e+01 3.329195190734e+03 2.474620712105e-02 8.508857011328e-07 1.638545558484e+00
18 27 1 1.14457346 4.83088935 0.78649105 2.68510726 0.72429360 1.419529333906e+01 3.305011579112e+03 2.239456743415e-02 8.413476322695e-07 1.301876026408e+00
18 28 1 1.14457346 4.83088935 0.78649105 2.68510726 0.72429360 1.422368534516e+01 3.270714568014e+03 2.027489078451e-02 8.341722252409e-07 1.269762341828e+00
18 29 1 1.14457346 4.83088935 0.78649105 2.68510726 0.72429360 1.426033236984e+01 3.237987909788e+03 1.820009489796e-02 8.293594822101e-07 1.898536831113e+00
18 30 1 1.14457346 4.83088935 0.78649105 2.68510726 0.72429360 1.443534460544e+01 3.214509733853e+03 2.162924172121e-02 8.269094046280e-07 2.917134226597e+00
18 31 1 1.14457346 4.83088935 0.78649105 2.68510726 0.72429360 1.464120245057e+01 3.217425032248e+03 1.807188981510e-02 8.268219932330e-07 3.802608801951e+00
18 32 1 1.14457346 4.83088935 0.78649105 2.68510726 0.72429360 1.495288110128e+01 3.263065929236e+03 1.810210517171e-02 8.290972480516e-07 4.113342300119e+00
18 33 1 1.14457346 4.83088935 0.78649105 2.68510726 0.72429360 1.519109541275e+01 3.315500053758e+03 2.168031364465e-02 8.337351683979e-07 3.379000942825e+00
18 34 1 1.14457346 4.83088935 0.78649105 2.68510726 0.72429360 1.543286068563e+01 3.365682321595e+03 1.825009790320e-02 8.407357528737e-07 2.127267245780e+00
18 35 1 1.14457346 4.83088935 0.78649105 2.68510726 0.72429360 1.556688866166e+01 3.407557994266e+03 2.049644634008e-02 8.500989993687e-07 1.413185786183e+00
18 36 1 1.14457346 4.83088935 0.78649105 2.68510726 0.72429360 1.572666602745e+01 3.437133592704e+03 2.293970099141e-02 8.618249050605e-07 1.439894316639e+00
18 37 1 1.14457346 4.83088935 0.78649105 2.68510726 0.72429360 1.584528107594e+01 3.480178813890e+03 2.554733957003e-02 8.759134664142e-07 1.729233633363e+00
18 38 1 1.14457346 4.83088935 0.78649105 2.68510726 0.72429360 1.600095136154e+01 3.537085332960e+03 3.055325807501e-02 8.923646791829e-07 1.830173397828e+00
18 39 1 1.14457346 4.83088935 0.78649105 2.68510726 0.72429360 1.613318425480e+01 3.620673691869e+03 2.909305410148e-02 9.111785384074e-07 1.598948297808e+00
18 40 1 1.14457346 4.83088935 0.78649105 2.68510726 0.72429360 1.629701026535e+01 3.730218782323e+03 2.377307882526e-02 9.323550384162e-07 1.270851335233e+00
18 41 1 1.14457346 4.83088935 0.78649105 2.68510726 0.72429360 1.652696299484e+01 3.856068066920e+03 2.285366251700e-02 9.558941728264e-07 1.569864983118e+00
18 42 1 1.14457346 4.83088935 0.78649105 2.68510726 0.72429360 1.685969380462e+01 3.980298627570e+03 2.196464256960e-02 9.817959345405e-07 2.982674697869e+00
18 43 1 1.14457346 4.83088935 0.78649105 2.68510726 0.72429360 1.733363847257e+01 4.077133555178e+03 2.407512787946e-02 1.010060315752e-06 4.829706019293e+00
18 44 1 1.14457346 4.83088935 0.78649105 2.68510726 0.72429360 1.784148558588e+01 4.165992620660e+03 3.449648634048e-02 1.040687307940e-06 5.815499658756e+00
18 45 1 1.14457346 4.83088935 0.78649105 2.68510726 0.72429360 1.839128470543e+01 4.260536107042e+03 3.263763480979e-02 1.073676901871e-06 5.445067657100e+00
18 46 1 1.14457346 4.83088935 0.78649105 2.68510726 0.72429360 1.883638698397e+01 4.380706771427e+03 3.812016916496e-02 1.109029087603e-06 4.211678432948e+00
18 47 1 1.14457346 4.83088935 0.78649105 2.68510726 0.72429360 1.929415264857e+01 4.533085817404e+03 3.695374644067e-02 1.146743854477e-06 2.780017339017e+00
18 48 1 1.14457346 4.83088935 0.78649105 2.68510726 0.72429360 1.965166854310e+01 4.706061042614e+03 3.447539563887e-02 1.186821191125e-06 1.975339095227e+00
18 49 1 1.14457346 4.83088935 0.78649105 2.68510726 0.72429360 2.005466473038e+01 4.895557931728e+03 3.294010790025e-02 1.229261085466e-06 2.220131311062e+00
18 50 1 1.14457346 4.83088935 0.78649105 2.68510726 0.72429360 2.033586171667e+01 5.071516323847e+03 2.901960300179e-02 1.274063524704e-06 2.904514030772e+00
18 51 1 1.14457346 4.83088935 0.78649105 2.68510726 0.72429360 2.063558496049e+01 5.218057264304e+03 2.960940497002e-02 1.321228495335e-06 2.952042111397e+00
18 52 1 1.14457346 4.83088935 0.78649105 2.68510726 0.72429360 2.085493450636e+01 5.341840205440e+03 2.387807746859e-02 1.370755983142e-06 2.109329844019e+00
18 53 1 1.14457346 4.83088935 0.78649105 2.68510726 0.72429360 2.121168291745e+01 5.483241484732e+03 2.448644689969e-02 1.422645973196e-06 1.526143611612e+00
18 54 1 1.14457346 4.83088935 0.78649105 2.68510726 0.72429360 2.166596749663e+01 5.666223928887e+03 2.938811230426e-02 1.476898449851e-06 2.445017079763e+00
18 55 1 1.14457346 4.83088935 0.78649105 2.68510726 0.72429360 2.232098157701e+01 5.884515105422e+03 2.894025863828e-02 1.533513396756e-06 4.910086652009e+00
18 56 1 1.14457346 4.83088935 0.78649105 2.68510726 0.72429360 2.304518687948e+01 6.133788550996e+03 4.186507333473e-02 1.592490796842e-06 7.406019730406e+00
18 57 1 1.14457346 4.83088935 0.78649105 2.68510726 0.72429360 2.381058061682e+01 6.367975301448e+03 3.628997966900e-02 1.653830632335e-06 8.436387702184e+00
18 58 1 1.14457346 4.83088935 0.78649105 2.68510726 0.72429360 2.456901180289e+01 6.588537073230e+03 5.926850269468e-02 1.717532884742e-06 7.763487296299e+00
18 59 1 1.14457346 4.83088935 0.78649105 2.68510726 0.72429360 2.532325814890e+01 6.796478566253e+03 7.043052941716e-02 1.783597534855e-06 5.763436780605e+00
18 60 1 1.14457346 4.83088935 0.78649105 2.68510726 0.72429360 2.612002499008e+01 6.969030511046e+03 7.392262610216e-02 1.852024562762e-06 3.653438975560e+00
18 61 1 1.14457346 4.83088935 0.78649105 2.68510726 0.72429360 2.685269464422e+01 7.167032513023e+03 7.420222244308e-02 1.922813947842e-06 3.112150171485e+00
18 62 1 1.14457346 4.83088935 0.78649105 2.68510726 0.72429360 2.754455383058e+01 7.412993728614e+03 6.784047469571e-02 1.995965668745e-06 4.014440747007e+00
18 63 1 1.14457346 4.83088935 0.78649105 2.68510726 0.72429360 2.805880410348e+01 7.712815965073e+03 5.715339058952e-02 2.071479703426e-06 4.578691694394e+00
21 0 1 1.33381918 3.24392203 0.81081978 3.59850672 0.66793291 3.532546177043e-02 3.010379869530e+02 1.061595626957e-01 3.406247915747e-01 3.353716172380e+00
21 1 1 1.33381918 3.24392203 0.81081978 3.59850672 0.66793291 3.189325035625e-02 3.155025768621e+02 1.103444678322e-01 2.953017022945e-01 3.224104214309e+00
21 2 1 1.33381918 3.24392203 0.81081978 3.59850672 0.66793291 2.583429905692e-02 3.143445816638e+02 9.450395602151e-02 2.518616715653e-01 3.179982920522e+00
21 3 1 1.33381918 3.24392203 0.81081978 3.59850672 0.66793291 1.964762632201e-02 2.996604578967e+02 8.002458758974e-02 2.145713843533e-01 3.057080503512e+00
21 4 1 1.33381918 3.24392203 0.81081978 3.59850672 0.66793291 1.572298449926e-02 2.710842928916e+02 6.219823897018e-02 1.866399304852e-01 2.977541263066e+00
21 5 1 1.33381918 3.24392203 0.81081978 3.59850672 0.66793291 1.527143372545e-02 2.304464705990e+02 5.698166773215e-02 1.698695188394e-01 2.846722777926e+00
21 6 1 1.33381918 3.24392203 0.81081978 3.59850672 0.66793291 1.786603966984e-02 1.882932401510e+02 6.539745437772e-02 1.645152453435e-01 2.654867877551e+00
21 7 1 1.33381918 3.24392203 0.81081978 3.59850672 0.66793291 2.175422395751e-02 1.465346160972e+02 7.150961663799e-02 1.693579980434e-01 2.525792777235e+00
21 8 1 1.33381918 3.24392203 0.81081978 3.59850672 0.66793291 2.474343040734e-02 1.079383995719e+02 8.472240542862e-02 1.819660339938e-01 2.369048824930e+00
21 9 1 1.33381918 3.24392203 0.81081978 3.59850672 0.66793291 2.521889806999e-02 7.542115102719e+01 8.125618771136e-02 1.990974747001e-01 2.228752529746e+00
21 10 1 1.33381918 3.24392203 0.81081978 3.59850672 0.66793291 2.282663455470e-02 5.255813947819e+01 8.294641720056e-02 2.171807042399e-01 2.191926203029e+00
21 11 1 1.33381918 3.24392203 0.81081978 3.59850672 0.66793291 1.854054222118e-02 4.171165850123e+01 7.642135253940e-02 2.328038998092e-01 2.178217765694e+00
21 12 1 1.33381918 3.24392203 0.81081978 3.59850672 0.66793291 1.412987640032e-02 4.279532307337e+01 6.755386590492e-02 2.431487620484e-01 2.198537105580e+00
21 13 1 1.33381918 3.24392203 0.81081978 3.59850672 0.66793291 1.130991162597e-02 5.382242913084e+01 6.115752770804e-02 2.463157125289e-01 2.237382834413e+00
21 14 1 1.33381918 3.24392203 0.81081978 3.59850672 0.66793291 1.097831083445e-02 7.144189245083e+01 4.542092732293e-02 2.415061090665e-01 2.197729525188e+00
21 15 1 1.33381918 3.24392203 0.81081978 3.59850672 0.66793291 1.287090511814e-02 9.469279935629e+01 3.931711275774e-02 2.290484603464e-01 2.150650785984e+00
21 16 1 1.33381918 3.24392203 0.81081978 3.59850672 0.66793291 1.575919382456e-02 1.217792270832e+02 3.542216974370e-02 2.102770652562e-01 2.064866248243e+00
21 17 1 1.33381918 3.24392203 0.81081978 3.59850672 0.66793291 1.806290365989e-02 1.476235965351e+02 4.272356084689e-02 1.872900783520e-01 1.928880632526e+00
21 18 1 1.33381918 3.24392203 0.81081978 3.59850672 0.66793291 1.857711530640e-02 1.682823366223e+02 5.808593916806e-02 1.626274651242e-01 1.848330055607e+00
21 19 1 1.33381918 3.24392203 0.81081978 3.59850672 0.66793291 1.698497372234e-02 1.819104415015e+02 6.366662170495e-02 1.389163088071e-01 1.768289344955e+00
21 20 1 1.33381918 3.24392203 0.81081978 3.59850672 0.66793291 1.394463344309e-02 1.879870604186e+02 6.479754568023e-02 1.185311197255e-01 1.698348699036e+00
21 21 1 1.33381918 3.24392203 0.81081978 3.59850672 0.66793291 1.074010106780e-02 1.859793891029e+02 5.653770538974e-02 1.033107953410e-01 1.650399687296e+00
21 22 1 1.33381918 3.24392203 0.81081978 3.59850672 0.66793291 8.676519395355e-03 1.775313539258e+02 4.365069127906e-02 9.436308275919e-02 1.579446239763e+00
21 23 1 1.33381918 3.24392203 0.81081978 3.59850672 0.66793291 8.499784655870e-03 1.618650989301e+02 4.148740456717e-02 9.197370964631e-02 1.540378212170e+00
21 24 1 1.33381918 3.24392203 0.81081978 3.59850672 0.66793291 1.009247242147e-02 1.393697737349e+02 3.653301050552e-02 9.562286176186e-02 1.535154682707e+00
21 25 1 1.33381918 3.24392203 0.81081978 3.59850672 0.66793291 1.256390549979e-02 1.136261146109e+02 3.490381212765e-02 1.040983516286e-01 1.470462972731e+00
21 26 1 1.33381918 3.24392203 0.81081978 3.59850672 0.66793291 1.467594324677e-02 8.895031953821e+01 3.465344508344e-02 1.156842077841e-01 1.366069104289e+00
21 27 1 1.33381918 3.24392203 0.81081978 3.59850672 0.66793291 1.540469663511e-02 6.723488424583e+01 3.167328178347e-02 1.283965202644e-01 1.316462307534e+00
21 28 1 1.33381918 3.24392203 0.81081978 3.59850672 0.66793291 1.438905153517e-02 4.961397001444e+01 3.761130825207e-02 1.402355817769e-01 1.274897410410e+00
21 29 1 1.33381918 3.24392203 0.81081978 3.59850672 0.66793291 1.207517327566e-02 3.801217913603e+01 3.950729739109e-02 1.494244543779e-01 1.224393153333e+00
21 30 1 1.33381918 3.24392203 0.81081978 3.59850672 0.66793291 9.502638896877e-03 3.271768774010e+01 4.350858644224e-02 1.546083928979e-01 1.167946344042e+00
21 31 1 1.33381918 3.24392203 0.81081978 3.59850672 0.66793291 7.832703148998e-03 3.578903846549e+01 4.400937827763e-02 1.549961040255e-01 1.159462726115e+00
21 32 1 1.33381918 3.24392203 0.81081978 3.59850672 0.66793291 7.827737620630e-03 4.784811409628e+01 4.369796425310e-02 1.504315500034e-01 1.313786437350e+00
21 33 1 1.33381918 3.24392203 0.81081978 3.59850672 0.66793291 9.509305532989e-03 6.515619563892e+01 4.363275614128e-02 1.413929255620e-01 1.472243318211e+00
21 34 1 1.33381918 3.24392203 0.81081978 3.59850672 0.66793291 1.214438910703e-02 8.620826815556e+01 3.954383939090e-02 1.289227473632e-01 1.549379258201e+00
21 35 1 1.33381918 3.24392203 0.81081978 3.59850672 0.66793291 1.456792666484e-02 1.102123155168e+02 3.726810057089e-02 1.144991534759e-01 1.607063945307e+00
21 36 1 1.33381918 3.24392203 0.81081978 3.59850672 0.66793291 1.570384346381e-02 1.350041517412e+02 3.129805860283e-02 9.986322702898e-02 1.649277428267e+00
21 37 1 1.33381918 3.24392203 0.81081978 3.59850672 0.66793291 1.505750354418e-02 1.585710347197e+02 3.310526527025e-02 8.682034722013e-02 1.730114000556e+00
21 38 1 1.33381918 3.24392203 0.81081978 3.59850672 0.66793291 1.295915599718e-02 1.772054889380e+02 3.292426079258e-02 7.703527042560e-02 1.768047404625e+00
21 39 1 1.33381918 3.24392203 0.81081978 3.59850672 0.66793291 1.044082104661e-02 1.883885886225e+02 3.371218766679e-02 7.184093462426e-02 1.739662415907e+00
21 40 1 1.33381918 3.24392203 0.81081978 3.59850672 0.66793291 8.787729049155e-03 1.902341996177e+02 3.753526005064e-02 7.207992308217e-02 1.761788916889e+00
21 41 1 1.33381918 3.24392203 0.81081978 3.59850672 0.66793291 8.953405219981e-03 1.851574366592e+02 3.915792784723e-02 7.799513630023e-02 1.828510446364e+00
21 42 1 1.33381918 3.24392203 0.81081978 3.59850672 0.66793291 1.109891590301e-02 1.739074815115e+02 5.132251959327e-02 8.918249749777e-02 1.876545301913e+00
21 43 1 1.33381918 3.24392203 0.81081978 3.59850672 0.66793291 1.447501685501e-02 1.557007926296e+02 6.043336597788e-02 1.046134786921e-01 1.922181424896e+00
21 44 1 1.33381918 3.24392203 0.81081978 3.59850672 0.66793291 1.772204882880e-02 1.318986854871e+02 6.032623309124e-02 1.227290081534e-01 1.986797989890e+00
21 45 1 1.33381918 3.24392203 0.81081978 3.59850672 0.66793291 1.947437386796e-02 1.060193576837e+02 5.574387275567e-02 1.415992083549e-01 2.037536831008e+00
21 46 1 1.33381918 3.24392203 0.81081978 3.59850672 0.66793291 1.900679816774e-02 8.161454271889e+01 4.066711348538e-02 1.591359410562e-01 2.104598255812e+00
21 47 1 1.33381918 3.24392203 0.81081978 3.59850672 0.66793291 1.662194167270e-02 6.243307263369e+01 3.208767975399e-02 1.733380485878e-01 2.138185132009e+00
21 48 1 1.33381918 3.24392203 0.81081978 3.59850672 0.66793291 1.357694706861e-02 5.201218010521e+01 3.465179978475e-02 1.825433869412e-01 2.114238236344e+00
21 49 1 1.33381918 3.24392203 0.81081978 3.59850672 0.66793291 1.155022461285e-02 5.043759995813e+01 3.884739070910e-02 1.856582062745e-01 2.113379432124e+00
21 50 1 1.33381918 3.24392203 0.81081978 3.59850672 0.66793291 1.186738546877e-02 5.912856039347e+01 5.346332085261e-02 1.823340026971e-01 2.103191704257e+00
21 51 1 1.33381918 3.24392203 0.81081978 3.59850672 0.66793291 1.483778634281e-02 8.076142437528e+01 5.927837348029e-02 1.730652207385e-01 2.135396020643e+00
21 52 1 1.33381918 3.24392203 0.81081978 3.59850672 0.66793291 1.952853014225e-02 1.141994027082e+02 6.795154662920e-02 1.591882763184e-01 2.250718183868e+00
21 53 1 1.33381918 3.24392203 0.81081978 3.59850672 0.66793291 2.411933979929e-02 1.556561965484e+02 7.531667453768e-02 1.427729036813e-01 2.398401737681e+00
21 54 1 1.33381918 3.24392203 0.81081978 3.59850672 0.66793291 2.671372271422e-02 2.015472838653e+02 7.413234393605e-02 1.264098437796e-01 2.601978453614e+00
21 55 1 1.33381918 3.24392203 0.81081978 3.59850672 0.66793291 2.625121918585e-02 2.482933198060e+02 7.863776809079e-02 1.129129118741e-01 2.802720297125e+00
21 56 1 1.33381918 3.24392203 0.81081978 3.59850672 0.66793291 2.308722920928e-02 2.902455741464e+02 6.574270278875e-02 1.049666774792e-01 2.926896681185e+00
21 57 1 1.33381918 3.24392203 0.81081978 3.59850672 0.66793291 1.893226113236e-02 3.274919157989e+02 5.909829802941e-02 1.047614053422e-01 3.054005737450e+00
21 58 1 1.33381918 3.24392203 0.81081978 3.59850672 0.66793291 1.612816929071e-02 3.531273747486e+02 4.997312645901e-02 1.136627466915e-01 3.161242256670e+00
21 59 1 1.33381918 3.24392203 0.81081978 3.59850672 0.66793291 1.655964841235e-02 3.597231798969e+02 5.338676179256e-02 1.319635921424e-01 3.188927606490e+00
21 60 1 1.33381918 3.24392203 0.81081978 3.59850672 0.66793291 2.070139530495e-02 3.507261831690e+02 6.988155387698e-02 1.587588649577e-01 3.275063277894e+00
21 61 1 1.33381918 3.24392203 0.81081978 3.59850672 0.66793291 2.727606765250e-02 3.263097748891e+02 8.338439635231e-02 1.919710901526e-01 3.366182872481e+00
21 62 1 1.33381918 3.24392203 0.81081978 3.59850672 0.66793291 3.373868401077e-02 2.911037355311e+02 9.857517005407e-02 2.285365040331e-01 3.477069858507e+00
21 63 1 1.33381918 3.24392203 0.81081978 3.59850672 0.66793291 3.741694349179e-02 2.465522228877e+02 9.500756005351e-02 2.647403132765e-01 3.674378567102e+00
23 0 1 0.88665195 1.80152644 0.80246659 1.18878859 1.05875623 1.092917624139e+01 1.673200955379e+02 3.332849923017e-03 2.077574878691e-02 2.293774728921e+01
23 1 1 0.88665195 1.80152644 0.80246659 1.18878859 1.05875623 1.061855705541e+01 1.590135739828e+02 1.951256817625e-02 1.793777652557e-02 2.580932541026e+01
23 2 1 0.88665195 1.80152644 0.80246659 1.18878859 1.05875623 1.027362778050e+01 1.531479867341e+02 2.188389510799e-02 1.773307135019e-02 2.285467307422e+01
23 3 1 0.88665195 1.80152644 0.80246659 1.18878859 1.05875623 9.884624067729e+00 1.480535362387e+02 2.528604782732e-03 1.825219962306e-02 1.607226913307e+01
23 4 1 0.88665195 1.80152644 0.80246659 1.18878859 1.05875623 9.477509053485e+00 1.431893617769e+02 2.654861984910e-02 1.500901364742e-02 1.525776610600e+01
23 5 1 0.88665195 1.80152644 0.80246659 1.18878859 1.05875623 9.080484190977e+00 1.377063584412e+02 1.726596830174e-02 1.801599531379e-02 1.922619036288e+01
23 6 1 0.88665195 1.80152644 0.80246659 1.18878859 1.05875623 8.704029331803e+00 1.338374851648e+02 3.276562332224e-05 1.328627090851e-02 2.077694723227e+01
23 7 1 0.88665195 1.80152644 0.80246659 1.18878859 1.05875623 8.344726226101e+00 1.293241300021e+02 6.236758598101e-03 1.683089255016e-02 1.884623029464e+01
23 8 1 0.88665195 1.80152644 0.80246659 1.18878859 1.05875623 7.999276009637e+00 1.245228033922e+02 4.906266851232e-03 1.264453570108e-02 1.386219230200e+01
23 9 1 0.88665195 1.80152644 0.80246659 1.18878859 1.05875623 7.671108126798e+00 1.214829343039e+02 6.893506287887e-03 1.493490934144e-02 1.203442316107e+01
23 10 1 0.88665195 1.80152644 0.80246659 1.18878859 1.05875623 7.365217122459e+00 1.166004941966e+02 2.851142859484e-03 1.260595548589e-02 1.536229577901e+01
23 11 1 0.88665195 1.80152644 0.80246659 1.18878859 1.05875623 7.079903192352e+00 1.131231953212e+02 2.638943465290e-03 1.295945957654e-02 1.721258869085e+01
23 12 1 0.88665195 1.80152644 0.80246659 1.18878859 1.05875623 6.805016727218e+00 1.098697269468e+02 7.909618447696e-03 1.251544511091e-02 1.509102094754e+01
23 13 1 0.88665195 1.80152644 0.80246659 1.18878859 1.05875623 6.528075941083e+00 1.063543547673e+02 7.288084960863e-03 1.148515120601e-02 1.165836599520e+01
23 14 1 0.88665195 1.80152644 0.80246659 1.18878859 1.05875623 6.242512615034e+00 1.042394211488e+02 1.080805636509e-03 1.196560092605e-02 9.692634386941e+00
23 15 1 0.88665195 1.80152644 0.80246659 1.18878859 1.05875623 5.951875279974e+00 1.012508733780e+02 3.635036469737e-03 1.070467712547e-02 1.208251209272e+01
23 16 1 0.88665195 1.80152644 0.80246659 1.18878859 1.05875623 5.667761123990e+00 9.812262394953e+01 1.111571343849e-02 1.099510825966e-02 1.446243780001e+01
23 17 1 0.88665195 1.80152644 0.80246659 1.18878859 1.05875623 5.403063515167e+00 9.637596235356e+01 1.614071189003e-03 1.038337476204e-02 1.253486142375e+01
23 18 1 0.88665195 1.80152644 0.80246659 1.18878859 1.05875623 5.164311131921e+00 9.318747032592e+01 5.170694290162e-03 9.976157201558e-03 9.573610844773e+00
23 19 1 0.88665195 1.80152644 0.80246659 1.18878859 1.05875623 4.947889294348e+00 9.070498943454e+01 9.995043966398e-03 1.009124265577e-02 8.285765320181e+00
23 20 1 0.88665195 1.80152644 0.80246659 1.18878859 1.05875623 4.743857337908e+00 8.855529862873e+01 1.376944457800e-03 9.312823364929e-03 9.659065454610e+00
23 21 1 0.88665195 1.80152644 0.80246659 1.18878859 1.05875623 4.546332740648e+00 8.670175773741e+01 3.144493781986e-03 9.518239687647e-03 1.218750615207e+01
23 22 1 0.88665195 1.80152644 0.80246659 1.18878859 1.05875623 4.362906359337e+00 8.373084908870e+01 1.527032548347e-03 9.166694677103e-03 1.124605412484e+01
23 23 1 0.88665195 1.80152644 0.80246659 1.18878859 1.05875623 4.213494063651e+00 8.084479571697e+01 1.101072463510e-02 8.666758978068e-03 8.236375461578e+00
23 24 1 0.88665195 1.80152644 0.80246659 1.18878859 1.05875623 4.116064788929e+00 7.919859032248e+01 8.077809117632e-03 9.372620174144e-03 7.414291068683e+00
23 25 1 0.88665195 1.80152644 0.80246659 1.18878859 1.05875623 4.069004756581e+00 7.805089343530e+01 2.758425871537e-03 7.823375513699e-03 8.452570627352e+00
23 26 1 0.88665195 1.80152644 0.80246659 1.18878859 1.05875623 4.046268327947e+00 7.661690396041e+01 1.956592748305e-02 9.568080944917e-03 1.060866295970e+01
23 27 1 0.88665195 1.80152644 0.80246659 1.18878859 1.05875623 4.013551156486e+00 7.508726831022e+01 7.009855638397e-03 7.356831268311e-03 1.076187503742e+01
23 28 1 0.88665195 1.80152644 0.80246659 1.18878859 1.05875623 3.955814998954e+00 7.406110502760e+01 9.231130047126e-03 9.432702124062e-03 7.825199140996e+00
23 29 1 0.88665195 1.80152644 0.80246659 1.18878859 1.05875623 3.893963677265e+00 7.265091997198e+01 1.609033303369e-02 7.481073969094e-03 6.965332195015e+00
23 30 1 0.88665195 1.80152644 0.80246659 1.18878859 1.05875623 3.874257211825e+00 7.232781351925e+01 3.400532754671e-04 8.887414898845e-03 8.686315453069e+00
23 31 1 0.88665195 1.80152644 0.80246659 1.18878859 1.05875623 3.935538418027e+00 7.152832812836e+01 7.295760463402e-03 8.122830672510e-03 9.599103044963e+00
23 32 1 0.88665195 1.80152644 0.80246659 1.18878859 1.05875623 4.078882526828e+00 7.431085265797e+01 2.509266779384e-03 8.143386099636e-03 1.074910469783e+01
23 33 1 0.88665195 1.80152644 0.80246659 1.18878859 1.05875623 4.264257131961e+00 7.625500201704e+01 1.460955877559e-02 8.961364441104e-03 8.892772159822e+00
23 34 1 0.88665195 1.80152644 0.80246659 1.18878859 1.05875623 4.437896000901e+00 7.719518530513e+01 2.988930004271e-02 7.581492863496e-03 6.856652677394e+00
23 35 1 0.88665195 1.80152644 0.80246659 1.18878859 1.05875623 4.569450006895e+00 7.885539526179e+01 7.334603067853e-03 9.611504936785e-03 8.862764008372e+00
23 36 1 0.88665195 1.80152644 0.80246659 1.18878859 1.05875623 4.670415835401e+00 8.001787986226e+01 1.889159241997e-02 7.533739718903e-03 1.126845116283e+01
23 37 1 0.88665195 1.80152644 0.80246659 1.18878859 1.05875623 4.781049978293e+00 8.166330597396e+01 1.399359549963e-02 9.846244917971e-03 1.106558317118e+01
23 38 1 0.88665195 1.80152644 0.80246659 1.18878859 1.05875623 4.938184168841e+00 8.268671524503e+01 2.844039904939e-03 8.089311163008e-03 9.851814088085e+00
23 39 1 0.88665195 1.80152644 0.80246659 1.18878859 1.05875623 5.149842085750e+00 8.456536750287e+01 1.585532373226e-02 9.732623176072e-03 8.020869899763e+00
23 40 1 0.88665195 1.80152644 0.80246659 1.18878859 1.05875623 5.394290210659e+00 8.701146050788e+01 3.696167425421e-04 9.038869415068e-03 9.678450670575e+00
23 41 1 0.88665195 1.80152644 0.80246659 1.18878859 1.05875623 5.640126552136e+00 8.927081251107e+01 1.805885573830e-02 9.595488073078e-03 1.291622639226e+01
23 42 1 0.88665195 1.80152644 0.80246659 1.18878859 1.05875623 5.868793569929e+00 9.015915401188e+01 1.501882946015e-02 1.000087761273e-02 1.325184716088e+01
23 43 1 0.88665195 1.80152644 0.80246659 1.18878859 1.05875623 6.082738924669e+00 9.190221263074e+01 1.209415087572e-02 9.816054928745e-03 1.116832871458e+01
23 44 1 0.88665195 1.80152644 0.80246659 1.18878859 1.05875623 6.296744280449e+00 9.402591824982e+01 4.390599409868e-02 1.066908695134e-02 9.852416553053e+00
23 45 1 0.88665195 1.80152644 0.80246659 1.18878859 1.05875623 6.522827213391e+00 9.646902613354e+01 1.615877748029e-02 1.057562925821e-02 1.088861548092e+01
23 46 1 0.88665195 1.80152644 0.80246659 1.18878859 1.05875623 6.761000433914e+00 9.859573297233e+01 2.254455577203e-02 1.103377727484e-02 1.507847216602e+01
23 47 1 0.88665195 1.80152644 0.80246659 1.18878859 1.05875623 7.000759151033e+00 1.012110337529e+02 3.057416094060e-02 1.170886379021e-02 1.627681802533e+01
23 48 1 0.88665195 1.80152644 0.80246659 1.18878859 1.05875623 7.229852289901e+00 1.049997255356e+02 3.929814283373e-03 1.142103794719e-02 1.346346847766e+01
23 49 1 0.88665195 1.80152644 0.80246659 1.18878859 1.05875623 7.443552882564e+00 1.071842323175e+02 2.015166619340e-02 1.278628383044e-02 1.169503345175e+01
23 50 1 0.88665195 1.80152644 0.80246659 1.18878859 1.05875623 7.648951593003e+00 1.108685680587e+02 5.294502915463e-03 1.229127898851e-02 1.313897363086e+01
23 51 1 0.88665195 1.80152644 0.80246659 1.18878859 1.05875623 7.861903926221e+00 1.151948374591e+02 1.392138639985e-02 1.340714334092e-02 1.705177971400e+01
23 52 1 0.88665195 1.80152644 0.80246659 1.18878859 1.05875623 8.098022005171e+00 1.192398638945e+02 2.984360313348e-02 1.389911190457e-02 1.976276181485e+01
23 53 1 0.88665195 1.80152644 0.80246659 1.18878859 1.05875623 8.363196119463e+00 1.246740830931e+02 4.482976788757e-03 1.352712242043e-02 1.662098387296e+01
23 54 1 0.88665195 1.80152644 0.80246659 1.18878859 1.05875623 8.650889820829e+00 1.291254821309e+02 3.488090356871e-02 1.603952451350e-02 1.375494588193e+01
23 55 1 0.88665195 1.80152644 0.80246659 1.18878859 1.05875623 8.949175599621e+00 1.334418268748e+02 2.352306578641e-02 1.358327831476e-02 1.564609257718e+01
23 56 1 0.88665195 1.80152644 0.80246659 1.18878859 1.05875623 9.251466860598e+00 1.393097773581e+02 3.081914537579e-03 1.808793437684e-02 1.982451131155e+01
23 57 1 0.88665195 1.80152644 0.80246659 1.18878859 1.05875623 9.559725819858e+00 1.438704174522e+02 1.708549670721e-02 1.428106083598e-02 2.298406133321e+01
23 58 1 0.88665195 1.80152644 0.80246659 1.18878859 1.05875623 9.875589591624e+00 1.507136888600e+02 7.892425000945e-05 1.936418487372e-02 2.060525456555e+01
23 59 1 0.88665195 1.80152644 0.80246659 1.18878859 1.05875623 1.018947016292e+01 1.564628657867e+02 2.838619850547e-02 1.613482432615e-02 1.595713437057e+01
23 60 1 0.88665195 1.80152644 0.80246659 1.18878859 1.05875623 1.048439061354e+01 1.623673664150e+02 1.863520792702e-02 1.961287466606e-02 1.807658023789e+01
23 61 1 0.88665195 1.80152644 0.80246659 1.18878859 1.05875623 1.075826874740e+01 1.698767470961e+02 2.157825094825e-02 1.905717186364e-02 2.364774055578e+01
23 62 1 0.88665195 1.80152644 0.80246659 1.18878859 1.05875623 1.104452894640e+01 1.786645768240e+02 6.723818483733e-02 1.926464833369e-02 2.635535901687e+01
23 63 1 0.88665195 1.80152644 0.80246659 1.18878859 1.05875623 1.140229065023e+01 1.869683836507e+02 1.735965941200e-02 2.231174460674e-02 2.479787901130e+01
27 0 1 0.71036244 1.33390742 0.68692253 0.93387873 1.16498003 4.017681980447e+00 5.332231270935e+01 6.140263144155e-02 1.570170763054e-02 2.530218384700e+01
27 1 1 0.71036244 1.33390742 0.68692253 0.93387873 1.16498003 3.948808638737e+00 5.138092124719e+01 1.872659644290e-01 1.277299754829e-02 2.422480159211e+01
27 2 1 0.71036244 1.33390742 0.68692253 0.93387873 1.16498003 3.849570076737e+00 4.913549016835e+01 8.122969055313e-02 1.511347960390e-02 2.366354989300e+01
27 3 1 0.71036244 1.33390742 0.68692253 0.93387873 1.16498003 3.729532143303e+00 4.706491521495e+01 6.697507400365e-03 1.144278616690e-02 2.266562689840e+01
27 4 1 0.71036244 1.33390742 0.68692253 0.93387873 1.16498003 3.596534137682e+00 4.534174401321e+01 1.230465216942e-01 1.428297224359e-02 2.164027583238e+01
27 5 1 0.71036244 1.33390742 0.68692253 0.93387873 1.16498003 3.463954442114e+00 4.325904484675e+01 9.794194684639e-02 1.050346435499e-02 2.086720553977e+01
27 6 1 0.71036244 1.33390742 0.68692253 0.93387873 1.16498003 3.366211844472e+00 4.123923593216e+01 1.282322748459e-02 1.320123411376e-02 2.102319231631e+01
27 7 1 0.71036244 1.33390742 0.68692253 0.93387873 1.16498003 3.280826834856e+00 4.017877843948e+01 7.723043020541e-02 9.915062709568e-03 1.965412224470e+01
27 8 1 0.71036244 1.33390742 0.68692253 0.93387873 1.16498003 3.142884138245e+00 3.859864386460e+01 7.887654463247e-02 1.195623074872e-02 1.918927883942e+01
27 9 1 0.71036244 1.33390742 0.68692253 0.93387873 1.16498003 2.973340616103e+00 3.672944346926e+01 3.394321027083e-03 9.559662219941e-03 1.834627147812e+01
27 10 1 0.71036244 1.33390742 0.68692253 0.93387873 1.16498003 2.860258794073e+00 3.522555514660e+01 4.717192346206e-02 1.069216800724e-02 1.818437107447e+01
27 11 1 0.71036244 1.33390742 0.68692253 0.93387873 1.16498003 2.811590428706e+00 3.429864712675e+01 7.251734746636e-02 9.289023503103e-03 1.760871395724e+01
27 12 1 0.71036244 1.33390742 0.68692253 0.93387873 1.16498003 2.757124279672e+00 3.286227641009e+01 2.566916089328e-02 9.557635823931e-03 1.720940703288e+01
27 13 1 0.71036244 1.33390742 0.68692253 0.93387873 1.16498003 2.666893111078e+00 3.152939714450e+01 4.350160210766e-02 8.974165717091e-03 1.655056915469e+01
27 14 1 0.71036244 1.33390742 0.68692253 0.93387873 1.16498003 2.557563408574e+00 3.120515526669e+01 4.946773437265e-02 8.660606530663e-03 1.615547469584e+01
27 15 1 0.71036244 1.33390742 0.68692253 0.93387873 1.16498003 2.435909578252e+00 3.075610621924e+01 3.896299956114e-03 8.541092536524e-03 1.589522634274e+01
27 16 1 0.71036244 1.33390742 0.68692253 0.93387873 1.16498003 2.315874572318e+00 3.000527647680e+01 3.505855985110e-02 8.042960707937e-03 1.507525260871e+01
27 17 1 0.71036244 1.33390742 0.68692253 0.93387873 1.16498003 2.223556049712e+00 2.924838980472e+01 7.110946778165e-02 7.984121611537e-03 1.543191097060e+01
27 18 1 0.71036244 1.33390742 0.68692253 0.93387873 1.16498003 2.145609277578e+00 2.888027599858e+01 2.656464652607e-02 7.678745786941e-03 1.475782618105e+01
27 19 1 0.71036244 1.33390742 0.68692253 0.93387873 1.16498003 2.049852336600e+00 2.782164751123e+01 1.343148958694e-02 7.356888963501e-03 1.449211091494e+01
27 20 1 0.71036244 1.33390742 0.68692253 0.93387873 1.16498003 1.955787052893e+00 2.673477189975e+01 3.765947327360e-02 7.492257157370e-03 1.367866412106e+01
27 21 1 0.71036244 1.33390742 0.68692253 0.93387873 1.16498003 1.899954739096e+00 2.650522004892e+01 1.913473802574e-02 6.747891203273e-03 1.403183751927e+01
27 22 1 0.71036244 1.33390742 0.68692253 0.93387873 1.16498003 1.860789661232e+00 2.605117737334e+01 1.282692705807e-02 7.386916926345e-03 1.374374206509e+01
27 23 1 0.71036244 1.33390742 0.68692253 0.93387873 1.16498003 1.800080632458e+00 2.515982616773e+01 3.761823027708e-02 6.250519720810e-03 1.341575021400e+01
27 24 1 0.71036244 1.33390742 0.68692253 0.93387873 1.16498003 1.733715173431e+00 2.405895209839e+01 3.317052921037e-02 7.274827000428e-03 1.308542286897e+01
27 25 1 0.71036244 1.33390742 0.68692253 0.93387873 1.16498003 1.694765616721e+00 2.400150674533e+01 1.805218211017e-02 5.936799554921e-03 1.287562171009e+01
27 26 1 0.71036244 1.33390742 0.68692253 0.93387873 1.16498003 1.680217486821e+00 2.356704368337e+01 1.626422157173e-02 7.099127112022e-03 1.298402981917e+01
27 27 1 0.71036244 1.33390742 0.68692253 0.93387873 1.16498003 1.675274619663e+00 2.286619074787e+01 1.113951175317e-02 5.840759862872e-03 1.244472073636e+01
27 28 1 0.71036244 1.33390742 0.68692253 0.93387873 1.16498003 1.672101224516e+00 2.282997569769e+01 1.996171791975e-02 6.845181033790e-03 1.274774252293e+01
27 29 1 0.71036244 1.33390742 0.68692253 0.93387873 1.16498003 1.654275957557e+00 2.263476180864e+01 4.058938484806e-02 5.953406739987e-03 1.248851551226e+01
27 30 1 0.71036244 1.33390742 0.68692253 0.93387873 1.16498003 1.624765662572e+00 2.228782613732e+01 3.806647527778e-02 6.540318845075e-03 1.274186410568e+01
27 31 1 0.71036244 1.33390742 0.68692253 0.93387873 1.16498003 1.631081598083e+00 2.181858258188e+01 1.921192237129e-02 6.228187323034e-03 1.166496741616e+01
27 32 1 0.71036244 1.33390742 0.68692253 0.93387873 1.16498003 1.699448657557e+00 2.277489835572e+01 7.022238801733e-03 6.244236399212e-03 1.267024108709e+01
27 33 1 0.71036244 1.33390742 0.68692253 0.93387873 1.16498003 1.782968152752e+00 2.347912387264e+01 1.470864924587e-02 6.594259179630e-03 1.258118639900e+01
27 34 1 0.71036244 1.33390742 0.68692253 0.93387873 1.16498003 1.831440798227e+00 2.359569499957e+01 3.874651513107e-02 6.033058976614e-03 1.241359575333e+01
27 35 1 0.71036244 1.33390742 0.68692253 0.93387873 1.16498003 1.858430558666e+00 2.396475638466e+01 4.191038355733e-02 6.974494760761e-03 1.235395995084e+01
27 36 1 0.71036244 1.33390742 0.68692253 0.93387873 1.16498003 1.897034076068e+00 2.440062288851e+01 2.431486614512e-02 5.980156760284e-03 1.256366227439e+01
27 37 1 0.71036244 1.33390742 0.68692253 0.93387873 1.16498003 1.953845549755e+00 2.499495218995e+01 2.028485968996e-02 7.305142462458e-03 1.282875274119e+01
27 38 1 0.71036244 1.33390742 0.68692253 0.93387873 1.16498003 2.029911701974e+00 2.505237185841e+01 1.670969443240e-02 6.136880015695e-03 1.268022359426e+01
27 39 1 0.71036244 1.33390742 0.68692253 0.93387873 1.16498003 2.120194856771e+00 2.596696347150e+01 1.742321421475e-02 7.553771466718e-03 1.326713598354e+01
27 40 1 0.71036244 1.33390742 0.68692253 0.93387873 1.16498003 2.195071920317e+00 2.671185144409e+01 4.297343099220e-02 6.516853644118e-03 1.331784554921e+01
27 41 1 0.71036244 1.33390742 0.68692253 0.93387873 1.16498003 2.246195359089e+00 2.685015956259e+01 3.969369156002e-02 7.731524935234e-03 1.367482423459e+01
27 42 1 0.71036244 1.33390742 0.68692253 0.93387873 1.16498003 2.316099571824e+00 2.712194162619e+01 1.359126809493e-02 7.087995310019e-03 1.346486106257e+01
27 43 1 0.71036244 1.33390742 0.68692253 0.93387873 1.16498003 2.423359117315e+00 2.788961930591e+01 3.451000245016e-02 7.895471278381e-03 1.418995549999e+01
27 44 1 0.71036244 1.33390742 0.68692253 0.93387873 1.16498003 2.523043063349e+00 2.893971440062e+01 3.915801942052e-02 7.776112690968e-03 1.483047504199e+01
27 45 1 0.71036244 1.33390742 0.68692253 0.93387873 1.16498003 2.592679312690e+00 2.917890150695e+01 6.417070073472e-03 8.137939096595e-03 1.504798818490e+01
27 46 1 0.71036244 1.33390742 0.68692253 0.93387873 1.16498003 2.670964288932e+00 2.983517715640e+01 4.607377407515e-02 8.481937717193e-03 1.523283205369e+01
27 47 1 0.71036244 1.33390742 0.68692253 0.93387873 1.16498003 2.773672213595e+00 3.070302016385e+01 8.717537899141e-02 8.562725790251e-03 1.568543342328e+01
27 48 1 0.71036244 1.33390742 0.68692253 0.93387873 1.16498003 2.866560624295e+00 3.142906578068e+01 2.881699334763e-02 9.109613250202e-03 1.673820580703e+01
27 49 1 0.71036244 1.33390742 0.68692253 0.93387873 1.16498003 2.935378020170e+00 3.244334380285e+01 1.135183645450e-02 9.252601383993e-03 1.677823639710e+01
27 50 1 0.71036244 1.33390742 0.68692253 0.93387873 1.16498003 2.993167952618e+00 3.410199279680e+01 4.523588750374e-02 9.599895242065e-03 1.791528458108e+01
27 51 1 0.71036244 1.33390742 0.68692253 0.93387873 1.16498003 3.043700341577e+00 3.601881270897e+01 2.144637702319e-02 1.023711160317e-02 1.828414709181e+01
27 52 1 0.71036244 1.33390742 0.68692253 0.93387873 1.16498003 3.115265379639e+00 3.727407640359e+01 4.738728178471e-02 9.957543067445e-03 1.916180617874e+01
27 53 1 0.71036244 1.33390742 0.68692253 0.93387873 1.16498003 3.258080794471e+00 3.892695523936e+01 1.066968764470e-01 1.147220018587e-02 1.958166108404e+01
27 54 1 0.71036244 1.33390742 0.68692253 0.93387873 1.16498003 3.443310668642e+00 4.076714075765e+01 3.815862803586e-02 1.026163946576e-02 2.074203143684e+01
27 55 1 0.71036244 1.33390742 0.68692253 0.93387873 1.16498003 3.575624280841e+00 4.235228344963e+01 1.117934488719e-02 1.284177414096e-02 2.171383544434e+01
27 56 1 0.71036244 1.33390742 0.68692253 0.93387873 1.16498003 3.648601729561e+00 4.357907447407e+01 8.286861769260e-02 1.065122422555e-02 2.279023027807e+01
27 57 1 0.71036244 1.33390742 0.68692253 0.93387873 1.16498003 3.750886938343e+00 4.532993242801e+01 4.001145470123e-02 1.418544895133e-02 2.359001729343e+01
27 58 1 0.71036244 1.33390742 0.68692253 0.93387873 1.16498003 3.908328173172e+00 4.752583318074e+01 2.774884896798e-02 1.128632114560e-02 2.395803213094e+01
27 59 1 0.71036244 1.33390742 0.68692253 0.93387873 1.16498003 4.067942639384e+00 4.896460636665e+01 1.672013388155e-01 1.534762773129e-02 2.611482369585e+01
27 60 1 0.71036244 1.33390742 0.68692253 0.93387873 1.16498003 4.211913743113e+00 5.077218492628e+01 1.240805338749e-01 1.229396989586e-02 2.698655495312e+01
27 61 1 0.71036244 1.33390742 0.68692253 0.93387873 1.16498003 4.355663450836e+00 5.253736353331e+01 3.000450140390e-04 1.623380988795e-02 2.808495217940e+01
27 62 1 0.71036244 1.33390742 0.68692253 0.93387873 1.16498003 4.505877200496e+00 5.406724437908e+01 1.100288102161e-01 1.371669896722e-02 2.905867417050e+01
27 63 1 0.71036244 1.33390742 0.68692253 0.93387873 1.16498003 4.711324582780e+00 5.515305268364e+01 1.417244106210e-01 1.685437491410e-02 3.100904466907e+01
28 0 1 1.03643377 1.33468610 1.04429958 1.04347233 1.24212242 1.395974520570e+01 5.272842628894e+01 1.216716887779e-02 1.469566010103e-04 3.544045810148e+01
28 1 1 1.03643377 1.33468610 1.04429958 1.04347233 1.24212242 1.366079777795e+01 5.034251655228e+01 2.647805999098e-02 9.381294345729e-05 3.135047496323e+01
28 2 1 1.03643377 1.33468610 1.04429958 1.04347233 1.24212242 1.318729048481e+01 4.791263417595e+01 2.642189489743e-02 1.110754222521e-04 3.489036414034e+01
28 3 1 1.03643377 1.33468610 1.04429958 1.04347233 1.24212242 1.260532548320e+01 4.591132997244e+01 2.884384554078e-02 1.760599915675e-04 3.131584530240e+01
28 4 1 1.03643377 1.33468610 1.04429958 1.04347233 1.24212242 1.211969659556e+01 4.449334589896e+01 3.579176883632e-02 1.089802578290e-04 3.946998790961e+01
28 5 1 1.03643377 1.33468610 1.04429958 1.04347233 1.24212242 1.170728690842e+01 4.251561670399e+01 2.581820557460e-02 1.167895023284e-04 3.705349932636e+01
28 6 1 1.03643377 1.33468610 1.04429958 1.04347233 1.24212242 1.133575010156e+01 4.145883623440e+01 2.041270473622e-02 1.660708044819e-04 4.022505934297e+01
28 7 1 1.03643377 1.33468610 1.04429958 1.04347233 1.24212242 1.105544048003e+01 4.090615926969e+01 2.006462343895e-02 9.463424984685e-05 2.748423344710e+01
28 8 1 1.03643377 1.33468610 1.04429958 1.04347233 1.24212242 1.080271471687e+01 4.011113565555e+01 2.912836455146e-02 9.351750598431e-05 3.008011379278e+01
28 9 1 1.03643377 1.33468610 1.04429958 1.04347233 1.24212242 1.052519482965e+01 3.912155842795e+01 1.465946494668e-02 1.250056898208e-04 2.849262038561e+01
28 10 1 1.03643377 1.33468610 1.04429958 1.04347233 1.24212242 1.027444504473e+01 3.780593069938e+01 1.408879191162e-03 6.077741391507e-05 3.944671302903e+01
28 11 1 1.03643377 1.33468610 1.04429958 1.04347233 1.24212242 1.004809553313e+01 3.636605299622e+01 3.286028422734e-03 5.552003925370e-05 3.848564784222e+01
28 12 1 1.03643377 1.33468610 1.04429958 1.04347233 1.24212242 9.817589511345e+00 3.528772068698e+01 4.264175284965e-03 7.217637894963e-05 3.952456370008e+01
28 13 1 1.03643377 1.33468610 1.04429958 1.04347233 1.24212242 9.563464539634e+00 3.366324014971e+01 1.754302751561e-03 2.518376308325e-05 2.892455781807e+01
28 14 1 1.03643377 1.33468610 1.04429958 1.04347233 1.24212242 9.208491336320e+00 3.235768013785e+01 1.716744394496e-04 2.133008633688e-05 1.713778966540e+01
28 15 1 1.03643377 1.33468610 1.04429958 1.04347233 1.24212242 8.759996872958e+00 3.126749288957e+01 1.664035756113e-03 2.759646183550e-05 1.393735691840e+01
28 16 1 1.03643377 1.33468610 1.04429958 1.04347233 1.24212242 8.337278672398e+00 3.052489403196e+01 1.461617072983e-03 3.462218830469e-06 1.902603072899e+01
28 17 1 1.03643377 1.33468610 1.04429958 1.04347233 1.24212242 7.957731970658e+00 2.950856448740e+01 7.375357995017e-04 4.478699822335e-06 2.900375827664e+01
28 18 1 1.03643377 1.33468610 1.04429958 1.04347233 1.24212242 7.613107495794e+00 2.822780344641e+01 4.257784783552e-04 3.616717100031e-06 2.813156674210e+01
28 19 1 1.03643377 1.33468610 1.04429958 1.04347233 1.24212242 7.408446013437e+00 2.718828818877e+01 2.578759577365e-04 2.565830906046e-06 2.791816551387e+01
28 20 1 1.03643377 1.33468610 1.04429958 1.04347233 1.24212242 7.358153054620e+00 2.654914981973e+01 2.409293297031e-04 8.745491239362e-06 1.320346764437e+01
28 21 1 1.03643377 1.33468610 1.04429958 1.04347233 1.24212242 7.336616503050e+00 2.530108884022e+01 2.051177793418e-04 1.903123030898e-06 8.683523782460e+00
28 22 1 1.03643377 1.33468610 1.04429958 1.04347233 1.24212242 7.285445593877e+00 2.463178177961e+01 1.731724742887e-03 1.969915507888e-05 7.244834334612e+00
28 23 1 1.03643377 1.33468610 1.04429958 1.04347233 1.24212242 7.201114869073e+00 2.427264441739e+01 3.782342598873e-03 2.873818587564e-05 2.083890167940e+01
28 24 1 1.03643377 1.33468610 1.04429958 1.04347233 1.24212242 7.065183219161e+00 2.401226013980e+01 5.954260568981e-03 1.549042877856e-05 2.747138657683e+01
28 25 1 1.03643377 1.33468610 1.04429958 1.04347233 1.24212242 6.904689302485e+00 2.365479028030e+01 4.022136406522e-03 4.546063836951e-05 3.367612501386e+01
28 26 1 1.03643377 1.33468610 1.04429958 1.04347233 1.24212242 6.739278428524e+00 2.337073557918e+01 3.774515386842e-03 5.390197458948e-05 2.266094210693e+01
28 27 1 1.03643377 1.33468610 1.04429958 1.04347233 1.24212242 6.547890699103e+00 2.273680854734e+01 7.857647469717e-03 3.346910118008e-05 1.335148211824e+01
28 28 1 1.03643377 1.33468610 1.04429958 1.04347233 1.24212242 6.361659505118e+00 2.229061604840e+01 1.271358290359e-02 6.857129179407e-05 7.876244942301e+00
28 29 1 1.03643377 1.33468610 1.04429958 1.04347233 1.24212242 6.222890192274e+00 2.213929337436e+01 1.344982620357e-02 7.325569612599e-05 1.432683374733e+01
28 30 1 1.03643377 1.33468610 1.04429958 1.04347233 1.24212242 6.149859891898e+00 2.177498094111e+01 1.159618049850e-02 4.569129303437e-05 2.558919708800e+01
28 31 1 1.03643377 1.33468610 1.04429958 1.04347233 1.24212242 6.225337824431e+00 2.150470002186e+01 7.891477458819e-03 7.996447166624e-05 3.655131028877e+01
28 32 1 1.03643377 1.33468610 1.04429958 1.04347233 1.24212242 6.483254315470e+00 2.267679731116e+01 1.740708010940e-02 7.903587897599e-05 3.810444687832e+01
28 33 1 1.03643377 1.33468610 1.04429958 1.04347233 1.24212242 6.781131559941e+00 2.318727938305e+01 2.072306015320e-02 4.607230651618e-05 2.565319097161e+01
28 34 1 1.03643377 1.33468610 1.04429958 1.04347233 1.24212242 7.000694982423e+00 2.329110003908e+01 1.791899497588e-02 7.535960859392e-05 1.415321734399e+01
28 35 1 1.03643377 1.33468610 1.04429958 1.04347233 1.24212242 7.158152717344e+00 2.408917335494e+01 1.516147056286e-02 6.878639750411e-05 7.883996460932e+00
28 36 1 1.03643377 1.33468610 1.04429958 1.04347233 1.24212242 7.258942007578e+00 2.481101436204e+01 1.487920806992e-02 3.430032672755e-05 1.431094241336e+01
28 37 1 1.03643377 1.33468610 1.04429958 1.04347233 1.24212242 7.305783160659e+00 2.489194080267e+01 2.130192323646e-02 5.642252718821e-05 2.432098116084e+01
28 38 1 1.03643377 1.33468610 1.04429958 1.04347233 1.24212242 7.350605351043e+00 2.498461963242e+01 2.864953616723e-02 4.610813825454e-05 3.476595055923e+01
28 39 1 1.03643377 1.33468610 1.04429958 1.04347233 1.24212242 7.400696649401e+00 2.556362736007e+01 2.103422157390e-02 1.613419563726e-05 2.928255609036e+01
28 40 1 1.03643377 1.33468610 1.04429958 1.04347233 1.24212242 7.450328608502e+00 2.649762411380e+01 1.977672023213e-02 3.062996143975e-05 2.120108473309e+01
28 41 1 1.03643377 1.33468610 1.04429958 1.04347233 1.24212242 7.547696228678e+00 2.696791595723e+01 2.642729835528e-02 2.003528285818e-05 7.471559471927e+00
28 42 1 1.03643377 1.33468610 1.04429958 1.04347233 1.24212242 7.718093166538e+00 2.811445984033e+01 4.469051514226e-02 2.076189097749e-06 8.797361462856e+00
28 43 1 1.03643377 1.33468610 1.04429958 1.04347233 1.24212242 7.989015150736e+00 2.918755232265e+01 4.060312423887e-02 9.453902677477e-06 1.454046557663e+01
28 44 1 1.03643377 1.33468610 1.04429958 1.04347233 1.24212242 8.400682025060e+00 2.989683510492e+01 3.835266206447e-02 2.550612077405e-06 2.905335284806e+01
28 45 1 1.03643377 1.33468610 1.04429958 1.04347233 1.24212242 8.853206591378e+00 3.094342032930e+01 4.729833643460e-02 3.950238029860e-06 2.970152671760e+01
28 46 1 1.03643377 1.33468610 1.04429958 1.04347233 1.24212242 9.208560993869e+00 3.157428800452e+01 5.004518157554e-02 4.450019603142e-06 3.129382377063e+01
28 47 1 1.03643377 1.33468610 1.04429958 1.04347233 1.24212242 9.496500864736e+00 3.211393555815e+01 5.649666444814e-02 4.050776174878e-06 1.884277069514e+01
28 48 1 1.03643377 1.33468610 1.04429958 1.04347233 1.24212242 9.741883640382e+00 3.334534967259e+01 6.343945108724e-02 2.960954519448e-05 1.437204850243e+01
28 49 1 1.03643377 1.33468610 1.04429958 1.04347233 1.24212242 9.880442549037e+00 3.430327195011e+01 4.657448178907e-02 2.186065794656e-05 1.789685558626e+01
28 50 1 1.03643377 1.33468610 1.04429958 1.04347233 1.24212242 9.981275764186e+00 3.537053055689e+01 3.285973675205e-02 2.790047848502e-05 3.279333696406e+01
28 51 1 1.03643377 1.33468610 1.04429958 1.04347233 1.24212242 1.017455998837e+01 3.661436139149e+01 4.175294012678e-02 7.755159785433e-05 4.205056607637e+01
28 52 1 1.03643377 1.33468610 1.04429958 1.04347233 1.24212242 1.046050997833e+01 3.744700714090e+01 5.059094317203e-02 5.796881148873e-05 4.159518837959e+01
28 53 1 1.03643377 1.33468610 1.04429958 1.04347233 1.24212242 1.081923234596e+01 3.833278645532e+01 3.717482910336e-02 6.676131919808e-05 4.250243916154e+01
28 54 1 1.03643377 1.33468610 1.04429958 1.04347233 1.24212242 1.123814040167e+01 3.916921400367e+01 1.970075984791e-02 1.345194842808e-04 3.024889830053e+01
28 55 1 1.03643377 1.33468610 1.04429958 1.04347233 1.24212242 1.167100763878e+01 4.012418708097e+01 4.719380973843e-02 9.834146492592e-05 3.205626264587e+01
28 56 1 1.03643377 1.33468610 1.04429958 1.04347233 1.24212242 1.216284206376e+01 4.125830609646e+01 6.008255835563e-02 1.037236335370e-04 2.993467516985e+01
28 57 1 1.03643377 1.33468610 1.04429958 1.04347233 1.24212242 1.275447397224e+01 4.311179680609e+01 5.240612229201e-02 1.788185836096e-04 4.570932114156e+01
28 58 1 1.03643377 1.33468610 1.04429958 1.04347233 1.24212242 1.335705979583e+01 4.554568094917e+01 5.361838802585e-02 1.230392307257e-04 3.977465126404e+01
28 59 1 1.03643377 1.33468610 1.04429958 1.04347233 1.24212242 1.395802042256e+01 4.753149862010e+01 6.607796715956e-02 1.194570961648e-04 4.322519519363e+01
28 60 1 1.03643377 1.33468610 1.04429958 1.04347233 1.24212242 1.456918923338e+01 4.965552709939e+01 7.843843778188e-02 1.895279464901e-04 3.270513539471e+01
28 61 1 1.03643377 1.33468610 1.04429958 1.04347233 1.24212242 1.505172066751e+01 5.223723552877e+01 6.100647256992e-02 1.167735792771e-04 3.768010469346e+01
28 62 1 1.03643377 1.33468610 1.04429958 1.04347233 1.24212242 1.545901977028e+01 5.387778799090e+01 7.350985058169e-02 1.030915820718e-04 3.365696050246e+01
28 63 1 1.03643377 1.33468610 1.04429958 1.04347233 1.24212242 1.608286524620e+01 5.554542311539e+01 5.668934287250e-02 1.580477513152e-04 3.810825257028e+01
