# environment=00021 local_bs=4 gain_scale=2.426182362792e-12
# ue subcarrier serving_bs phi0 phi1 phi2 phi3 phi4 gain0 gain1 gain2 gain3 gain4
6 0 4 3.56199768 1.72621674 1.80658706 1.76480752 4.13001568 1.543945163222e+01 3.630585248625e-07 1.501839726106e+00 1.783126521973e+00 3.110519007705e+01
6 1 4 3.56199768 1.72621674 1.80658706 1.76480752 4.13001568 1.448566380501e+01 2.110859299374e-07 1.462536760133e+00 1.779815992374e+00 3.036148997789e+01
6 2 4 3.56199768 1.72621674 1.80658706 1.76480752 4.13001568 1.390194395484e+01 1.709033915453e-06 1.358681171737e+00 1.844524943662e+00 2.927357130139e+01
6 3 4 3.56199768 1.72621674 1.80658706 1.76480752 4.13001568 1.377913714767e+01 5.249498350063e-06 1.215605286823e+00 1.883798413325e+00 2.780947208413e+01
6 4 4 3.56199768 1.72621674 1.80658706 1.76480752 4.13001568 1.411275970171e+01 1.096910868002e-05 1.076965638575e+00 1.835742599929e+00 2.620407526826e+01
6 5 4 3.56199768 1.72621674 1.80658706 1.76480752 4.13001568 1.477318188279e+01 1.869594682753e-05 9.844229437305e-01 1.722894207236e+00 2.481776566852e+01
6 6 4 3.56199768 1.72621674 1.80658706 1.76480752 4.13001568 1.555500675353e+01 2.794214584314e-05 9.574298580248e-01 1.626056354097e+00 2.390837109137e+01
6 7 4 3.56199768 1.72621674 1.80658706 1.76480752 4.13001568 1.625533177269e+01 3.794568946081e-05 9.825693671277e-01 1.607530056567e+00 2.345815884428e+01
6 8 4 3.56199768 1.72621674 1.80658706 1.76480752 4.13001568 1.671662928336e+01 4.775773127397e-05 1.020301675162e+00 1.655666830576e+00 2.317623435909e+01
6 9 4 3.56199768 1.72621674 1.80658706 1.76480752 4.13001568 1.683284217659e+01 5.636444059965e-05 1.026822514582e+00 1.699096271833e+00 2.269383997430e+01
6 10 4 3.56199768 1.72621674 1.80658706 1.76480752 4.13001568 1.654784214023e+01 6.282668678064e-05 9.778275764908e-01 1.673715534568e+00 2.182037020704e+01
6 11 4 3.56199768 1.72621674 1.80658706 1.76480752 4.13001568 1.585617659315e+01 6.641772915089e-05 8.802184489506e-01 1.579485826859e+00 2.065960639789e+01
6 12 4 3.56199768 1.72621674 1.80658706 1.76480752 4.13001568 1.480174513375e+01 6.673897672640e-05 7.666244220142e-01 1.477030466689e+00 1.949723378825e+01
6 13 4 3.56199768 1.72621674 1.80658706 1.76480752 4.13001568 1.347227215803e+01 6.379679788475e-05 6.771612216722e-01 1.430620545684e+00 1.857390054582e+01
6 14 4 3.56199768 1.72621674 1.80658706 1.76480752 4.13001568 1.198616517192e+01 5.802878476945e-05 6.381738200073e-01 1.451296818329e+00 1.794412313172e+01
6 15 4 3.56199768 1.72621674 1.80658706 1.76480752 4.13001568 1.046958783381e+01 5.027491636166e-05 6.490198772542e-01 1.490452499876e+00 1.750740431517e+01
6 16 4 3.56199768 1.72621674 1.80658706 1.76480752 4.13001568 9.032086601398e+00 4.169660847122e-05 6.842408732292e-01 1.486523803189e+00 1.712817741169e+01
6 17 4 3.56199768 1.72621674 1.80658706 1.76480752 4.13001568 7.751457421179e+00 3.365355587115e-05 7.092871449263e-01 1.420436097194e+00 1.671944250705e+01
6 18 4 3.56199768 1.72621674 1.80658706 1.76480752 4.13001568 6.670487099043e+00 2.755359077240e-05 6.992880098716e-01 1.330430781486e+00 1.625443259814e+01
6 19 4 3.56199768 1.72621674 1.80658706 1.76480752 4.13001568 5.807919756943e+00 2.469383809594e-05 6.500053120433e-01 1.275528490200e+00 1.574913777714e+01
6 20 4 3.56199768 1.72621674 1.80658706 1.76480752 4.13001568 5.184670900980e+00 2.611196429751e-05 5.773431177645e-01 1.282536860652e+00 1.524740657739e+01
6 21 4 3.56199768 1.72621674 1.80658706 1.76480752 4.13001568 4.845206234268e+00 3.246441259411e-05 5.083897005096e-01 1.323884143520e+00 1.480208734670e+01
6 22 4 3.56199768 1.72621674 1.80658706 1.76480752 4.13001568 4.844478110198e+00 4.394465220635e-05 4.686186853786e-01 1.343985147890e+00 1.445189531585e+01
6 23 4 3.56199768 1.72621674 1.80658706 1.76480752 4.13001568 5.209813108018e+00 6.024933181782e-05 4.697770975046e-01 1.308617796100e+00 1.421456197904e+01
6 24 4 3.56199768 1.72621674 1.80658706 1.76480752 4.13001568 5.925147964608e+00 8.059460201867e-05 5.036878604673e-01 1.233192625661e+00 1.409514277830e+01
6 25 4 3.56199768 1.72621674 1.80658706 1.76480752 4.13001568 6.949034819074e+00 1.037795027491e-04 5.459580447628e-01 1.166456892948e+00 1.407517024152e+01
6 26 4 3.56199768 1.72621674 1.80658706 1.76480752 4.13001568 8.216698320220e+00 1.282887958142e-04 5.684577314415e-01 1.146025529687e+00 1.407723337144e+01
6 27 4 3.56199768 1.72621674 1.80658706 1.76480752 4.13001568 9.604637701431e+00 1.524243403646e-04 5.540818468012e-01 1.165787490255e+00 1.396770720530e+01
6 28 4 3.56199768 1.72621674 1.80658706 1.76480752 4.13001568 1.092443259181e+01 1.744522096737e-04 5.061921697620e-01 1.183153162405e+00 1.365274323831e+01
6 29 4 3.56199768 1.72621674 1.80658706 1.76480752 4.13001568 1.200097396405e+01 1.927521762607e-04 4.479868991669e-01 1.158363328631e+00 1.320579546041e+01
6 30 4 3.56199768 1.72621674 1.80658706 1.76480752 4.13001568 1.276155587795e+01 2.059567540113e-04 4.113402338838e-01 1.090435421948e+00 1.287629491684e+01
6 31 4 3.56199768 1.72621674 1.80658706 1.76480752 4.13001568 1.321468086525e+01 2.130684205179e-04 4.196841653229e-01 1.018266976505e+00 1.291554214739e+01
6 32 4 3.56199768 1.72621674 1.80658706 1.76480752 4.13001568 1.333894027547e+01 2.135456973283e-04 4.741142655059e-01 9.865311319911e-01 1.335616031805e+01
6 33 4 3.56199768 1.72621674 1.80658706 1.76480752 4.13001568 1.304073117538e+01 2.073512432571e-04 5.518161299180e-01 1.006726887014e+00 1.396382600356e+01
6 34 4 3.56199768 1.72621674 1.80658706 1.76480752 4.13001568 1.225499254850e+01 1.949578932308e-04 6.185826276774e-01 1.047554734486e+00 1.442343647292e+01
6 35 4 3.56199768 1.72621674 1.80658706 1.76480752 4.13001568 1.106257088512e+01 1.773115875553e-04 6.476102607471e-01 1.062794743858e+00 1.458582235861e+01
6 36 4 3.56199768 1.72621674 1.80658706 1.76480752 4.13001568 9.671699646084e+00 1.557533370010e-04 6.332483696079e-01 1.031928200979e+00 1.454839984847e+01
6 37 4 3.56199768 1.72621674 1.80658706 1.76480752 4.13001568 8.293636098729e+00 1.319056766032e-04 5.929333716445e-01 9.775955740879e-01 1.452578524256e+01
6 38 4 3.56199768 1.72621674 1.80658706 1.76480752 4.13001568 7.064851684651e+00 1.075323148892e-04 5.577004877264e-01 9.444141582061e-01 1.466885132574e+01
6 39 4 3.56199768 1.72621674 1.80658706 1.76480752 4.13001568 6.072241318616e+00 8.438262194564e-05 5.564697124295e-01 9.579436071149e-01 1.499760319855e+01
6 40 4 3.56199768 1.72621674 1.80658706 1.76480752 4.13001568 5.394533188095e+00 6.403486351165e-05 6.014668471829e-01 1.000560469853e+00 1.545662091635e+01
6 41 4 3.56199768 1.72621674 1.80658706 1.76480752 4.13001568 5.088809151962e+00 4.775327745230e-05 6.819801840689e-01 1.026407397545e+00 1.598700249992e+01
6 42 4 3.56199768 1.72621674 1.80658706 1.76480752 4.13001568 5.162153375943e+00 3.637383249328e-05 7.697849891453e-01 1.002724328595e+00 1.654485327240e+01
6 43 4 3.56199768 1.72621674 1.80658706 1.76480752 4.13001568 5.587330900891e+00 3.023155790995e-05 8.330854952864e-01 9.405444250498e-01 1.709055966980e+01
6 44 4 3.56199768 1.72621674 1.80658706 1.76480752 4.13001568 6.341259192358e+00 2.913864600156e-05 8.517064051533e-01 8.862892286594e-01 1.759416224760e+01
6 45 4 3.56199768 1.72621674 1.80658706 1.76480752 4.13001568 7.410718570379e+00 3.241733291957e-05 8.271540070281e-01 8.806277054868e-01 1.805462845681e+01
6 46 4 3.56199768 1.72621674 1.80658706 1.76480752 4.13001568 8.764090328568e+00 3.898536556154e-05 7.838778847447e-01 9.212681488341e-01 1.850753253472e+01
6 47 4 3.56199768 1.72621674 1.80658706 1.76480752 4.13001568 1.033143136227e+01 4.748541140682e-05 7.598198278952e-01 9.641179810968e-01 1.901952484883e+01
6 48 4 3.56199768 1.72621674 1.80658706 1.76480752 4.13001568 1.201189600365e+01 5.644395884837e-05 7.877680933123e-01 9.631107796164e-01 1.967618785724e+01
6 49 4 3.56199768 1.72621674 1.80658706 1.76480752 4.13001568 1.369266586850e+01 6.444099130355e-05 8.758745805602e-01 9.131266332075e-01 2.054388565336e+01
6 50 4 3.56199768 1.72621674 1.80658706 1.76480752 4.13001568 1.526389795779e+01 7.026975542655e-05 9.998855248423e-01 8.560951587615e-01 2.159490313025e+01
6 51 4 3.56199768 1.72621674 1.80658706 1.76480752 4.13001568 1.662715688311e+01 7.306674384432e-05 1.114030100256e+00 8.431218058970e-01 2.265677614543e+01
6 52 4 3.56199768 1.72621674 1.80658706 1.76480752 4.13001568 1.769801384044e+01 7.239563457083e-05 1.175208705750e+00 8.864354417323e-01 2.348231916555e+01
6 53 4 3.56199768 1.72621674 1.80658706 1.76480752 4.13001568 1.840705002851e+01 6.827498238193e-05 1.166789111010e+00 9.460236720079e-01 2.393898985845e+01
6 54 4 3.56199768 1.72621674 1.80658706 1.76480752 4.13001568 1.870711430548e+01 6.114713446228e-05 1.109208591323e+00 9.650840202568e-01 2.416346359973e+01
6 55 4 3.56199768 1.72621674 1.80658706 1.76480752 4.13001568 1.858790871075e+01 5.179402792489e-05 1.051340626203e+00 9.228584770659e-01 2.451213166469e+01
6 56 4 3.56199768 1.72621674 1.80658706 1.76480752 4.13001568 1.809311043115e+01 4.121296864072e-05 1.045525459582e+00 8.554992614648e-01 2.531512646491e+01
6 57 4 3.56199768 1.72621674 1.80658706 1.76480752 4.13001568 1.733652485104e+01 3.047100889553e-05 1.118654753419e+00 8.237614330636e-01 2.663134250732e+01
6 58 4 3.56199768 1.72621674 1.80658706 1.76480752 4.13001568 1.650266021804e+01 2.055923352917e-05 1.256310535279e+00 8.560298857978e-01 2.820260370342e+01
6 59 4 3.56199768 1.72621674 1.80658706 1.76480752 4.13001568 1.580563099245e+01 1.226767403612e-05 1.409954436838e+00 9.200727563470e-01 2.963013276952e+01
6 60 4 3.56199768 1.72621674 1.80658706 1.76480752 4.13001568 1.541591621522e+01 6.097782580039e-06 1.522116076641e+00 9.518959258536e-01 3.063183907231e+01
6 61 4 3.56199768 1.72621674 1.80658706 1.76480752 4.13001568 1.541923753929e+01 2.223041252065e-06 1.554726700046e+00 9.166057726536e-01 3.121031707691e+01
6 62 4 3.56199768 1.72621674 1.80658706 1.76480752 4.13001568 1.584286490594e+01 5.004312092928e-07 1.507606613994e+00 8.441728368977e-01 3.163794279124e+01
6 63 4 3.56199768 1.72621674 1.80658706 1.76480752 4.13001568 1.668562321100e+01 5.274818181286e-07 1.420447466512e+00 8.043208674592e-01 3.227209889336e+01
8 0 4 4.39903236 2.13095530 2.71837542 1.71021739 16.98856032 3.462764955012e+01 2.131558367482e+00 5.830370013807e+00 9.525119569227e-01 2.566462213474e+03
8 1 4 4.39903236 2.13095530 2.71837542 1.71021739 16.98856032 3.083134199685e+01 2.052568651007e+00 5.550372753295e+00 9.856459615453e-01 2.434652758630e+03
8 2 4 4.39903236 2.13095530 2.71837542 1.71021739 16.98856032 2.837369398497e+01 1.964590994600e+00 5.086421714076e+00 1.043352908059e+00 2.342451338941e+03
8 3 4 4.39903236 2.13095530 2.71837542 1.71021739 16.98856032 2.715534460342e+01 1.881678217692e+00 4.993464738381e+00 1.089026918052e+00 2.266369506866e+03
8 4 4 4.39903236 2.13095530 2.71837542 1.71021739 16.98856032 2.684558618376e+01 1.817016293004e+00 5.178546220716e+00 1.093344420679e+00 2.193166546032e+03
8 5 4 4.39903236 2.13095530 2.71837542 1.71021739 16.98856032 2.701671442599e+01 1.767481754309e+00 5.092325348500e+00 1.045761463628e+00 2.147975761859e+03
8 6 4 4.39903236 2.13095530 2.71837542 1.71021739 16.98856032 2.731371815369e+01 1.717001867278e+00 4.693073965590e+00 9.530147578160e-01 2.144481960903e+03
8 7 4 4.39903236 2.13095530 2.71837542 1.71021739 16.98856032 2.758228191753e+01 1.655335600199e+00 4.501786660215e+00 8.358855518735e-01 2.147017649510e+03
8 8 4 4.39903236 2.13095530 2.71837542 1.71021739 16.98856032 2.792493562665e+01 1.587029016310e+00 4.696354158893e+00 7.237233891281e-01 2.112463728056e+03
8 9 4 4.39903236 2.13095530 2.71837542 1.71021739 16.98856032 2.852208012000e+01 1.523439927716e+00 4.816438019694e+00 6.414903314578e-01 2.043561195991e+03
8 10 4 4.39903236 2.13095530 2.71837542 1.71021739 16.98856032 2.943726438880e+01 1.471221056795e+00 4.544048840396e+00 6.014312518949e-01 1.970099290570e+03
8 11 4 4.39903236 2.13095530 2.71837542 1.71021739 16.98856032 3.049127949066e+01 1.426744431439e+00 4.204432878658e+00 6.018659680646e-01 1.897688069513e+03
8 12 4 4.39903236 2.13095530 2.71837542 1.71021739 16.98856032 3.126649732444e+01 1.380451954349e+00 4.178877270520e+00 6.278566987427e-01 1.811248434148e+03
8 13 4 4.39903236 2.13095530 2.71837542 1.71021739 16.98856032 3.127200139263e+01 1.329263467316e+00 4.274251208211e+00 6.576170791636e-01 1.719475350468e+03
8 14 4 4.39903236 2.13095530 2.71837542 1.71021739 16.98856032 3.017938495815e+01 1.281711318419e+00 4.092151838946e+00 6.710125069694e-01 1.656645217469e+03
8 15 4 4.39903236 2.13095530 2.71837542 1.71021739 16.98856032 2.806867289951e+01 1.246464196486e+00 3.713676677211e+00 6.550150594650e-01 1.635178014748e+03
8 16 4 4.39903236 2.13095530 2.71837542 1.71021739 16.98856032 2.537902377417e+01 1.220171405858e+00 3.541320116971e+00 6.087371732978e-01 1.628487484325e+03
8 17 4 4.39903236 2.13095530 2.71837542 1.71021739 16.98856032 2.263987194550e+01 1.191390792131e+00 3.614320916943e+00 5.432526209714e-01 1.611894849413e+03
8 18 4 4.39903236 2.13095530 2.71837542 1.71021739 16.98856032 2.023534162471e+01 1.153440169319e+00 3.565055659323e+00 4.750605538020e-01 1.592797664091e+03
8 19 4 4.39903236 2.13095530 2.71837542 1.71021739 16.98856032 1.834642913825e+01 1.111010674664e+00 3.249139965027e+00 4.213448412766e-01 1.584366062212e+03
8 20 4 4.39903236 2.13095530 2.71837542 1.71021739 16.98856032 1.703911464224e+01 1.075735652871e+00 2.968874139580e+00 3.950245306550e-01 1.573600767102e+03
8 21 4 4.39903236 2.13095530 2.71837542 1.71021739 16.98856032 1.627875555573e+01 1.054453980989e+00 2.950769970608e+00 3.985496150945e-01 1.538794082959e+03
8 22 4 4.39903236 2.13095530 2.71837542 1.71021739 16.98856032 1.594544092800e+01 1.041396185714e+00 2.987056924643e+00 4.241462332152e-01 1.484354059126e+03
8 23 4 4.39903236 2.13095530 2.71837542 1.71021739 16.98856032 1.588057151038e+01 1.025318508289e+00 2.818625466586e+00 4.580136127019e-01 1.434320731067e+03
8 24 4 4.39903236 2.13095530 2.71837542 1.71021739 16.98856032 1.597568366153e+01 1.003745886546e+00 2.575005064793e+00 4.839901500234e-01 1.398021432087e+03
8 25 4 4.39903236 2.13095530 2.71837542 1.71021739 16.98856032 1.624784098648e+01 9.848575012632e-01 2.535167013793e+00 4.894947126347e-01 1.365483020469e+03
8 26 4 4.39903236 2.13095530 2.71837542 1.71021739 16.98856032 1.679165693001e+01 9.756759467387e-01 2.644210324562e+00 4.703518053397e-01 1.336085147785e+03
8 27 4 4.39903236 2.13095530 2.71837542 1.71021739 16.98856032 1.767161992414e+01 9.735366784140e-01 2.609019930822e+00 4.313563412912e-01 1.327292069068e+03
8 28 4 4.39903236 2.13095530 2.71837542 1.71021739 16.98856032 1.880246395224e+01 9.698312604102e-01 2.395633710385e+00 3.851963576733e-01 1.346342672457e+03
8 29 4 4.39903236 2.13095530 2.71837542 1.71021739 16.98856032 1.998101940931e+01 9.601022840084e-01 2.285136696577e+00 3.479442253344e-01 1.373579255392e+03
8 30 4 4.39903236 2.13095530 2.71837542 1.71021739 16.98856032 2.100834055089e+01 9.503119981133e-01 2.408240828176e+00 3.325811765132e-01 1.388042297175e+03
8 31 4 4.39903236 2.13095530 2.71837542 1.71021739 16.98856032 2.172991099313e+01 9.515633275151e-01 2.550425457686e+00 3.457804155336e-01 1.393653096367e+03
8 32 4 4.39903236 2.13095530 2.71837542 1.71021739 16.98856032 2.200048690745e+01 9.668373536861e-01 2.540652952935e+00 3.854861130309e-01 1.402881059382e+03
8 33 4 4.39903236 2.13095530 2.71837542 1.71021739 16.98856032 2.167315514106e+01 9.863903926191e-01 2.543616015585e+00 4.400671970565e-01 1.408285638021e+03
8 34 4 4.39903236 2.13095530 2.71837542 1.71021739 16.98856032 2.075130488154e+01 9.993521768132e-01 2.752094081419e+00 4.935424651073e-01 1.393252852881e+03
8 35 4 4.39903236 2.13095530 2.71837542 1.71021739 16.98856032 1.948112872668e+01 1.006129706241e+00 3.014111170316e+00 5.313897583022e-01 1.364693553563e+03
8 36 4 4.39903236 2.13095530 2.71837542 1.71021739 16.98856032 1.823549636128e+01 1.016189109975e+00 3.057150559255e+00 5.439342341680e-01 1.351121686839e+03
8 37 4 4.39903236 2.13095530 2.71837542 1.71021739 16.98856032 1.730365784010e+01 1.036476961630e+00 2.951585092922e+00 5.306394089334e-01 1.366719206131e+03
8 38 4 4.39903236 2.13095530 2.71837542 1.71021739 16.98856032 1.676635181103e+01 1.064213440452e+00 3.015757010732e+00 5.010564820547e-01 1.397943421561e+03
8 39 4 4.39903236 2.13095530 2.71837542 1.71021739 16.98856032 1.657124142859e+01 1.090409294371e+00 3.291282446369e+00 4.706667763685e-01 1.431133387318e+03
8 40 4 4.39903236 2.13095530 2.71837542 1.71021739 16.98856032 1.662931653486e+01 1.111100434504e+00 3.468896308548e+00 4.562684441793e-01 1.472982663584e+03
8 41 4 4.39903236 2.13095530 2.71837542 1.71021739 16.98856032 1.688853063915e+01 1.133898521454e+00 3.411572357707e+00 4.700902211132e-01 1.530661480571e+03
8 42 4 4.39903236 2.13095530 2.71837542 1.71021739 16.98856032 1.736695366672e+01 1.169078708559e+00 3.395924429520e+00 5.146795437621e-01 1.588295820968e+03
8 43 4 4.39903236 2.13095530 2.71837542 1.71021739 16.98856032 1.815642753342e+01 1.215285125955e+00 3.639010374434e+00 5.828690843709e-01 1.623644048998e+03
8 44 4 4.39903236 2.13095530 2.71837542 1.71021739 16.98856032 1.943028087105e+01 1.260134498044e+00 3.902328329782e+00 6.591194504961e-01 1.639387168403e+03
8 45 4 4.39903236 2.13095530 2.71837542 1.71021739 16.98856032 2.135633299976e+01 1.294799206377e+00 3.876921188543e+00 7.234932492303e-01 1.655537668435e+03
8 46 4 4.39903236 2.13095530 2.71837542 1.71021739 16.98856032 2.395526743911e+01 1.323366353593e+00 3.724632766609e+00 7.607179322857e-01 1.675374969078e+03
8 47 4 4.39903236 2.13095530 2.71837542 1.71021739 16.98856032 2.692819297038e+01 1.358183001707e+00 3.831733121939e+00 7.653833572922e-01 1.685207337814e+03
8 48 4 4.39903236 2.13095530 2.71837542 1.71021739 16.98856032 2.968439667773e+01 1.407675932482e+00 4.152264456568e+00 7.424375909670e-01 1.690087026790e+03
8 49 4 4.39903236 2.13095530 2.71837542 1.71021739 16.98856032 3.163923447084e+01 1.467456170490e+00 4.266599402737e+00 7.083109387968e-01 1.721123674859e+03
8 50 4 4.39903236 2.13095530 2.71837542 1.71021739 16.98856032 3.251178246370e+01 1.525091582449e+00 4.096477829866e+00 6.860857499224e-01 1.795071742969e+03
8 51 4 4.39903236 2.13095530 2.71837542 1.71021739 16.98856032 3.242390189444e+01 1.575778691783e+00 4.057788998981e+00 6.955251167958e-01 1.890105927350e+03
8 52 4 4.39903236 2.13095530 2.71837542 1.71021739 16.98856032 3.171589635255e+01 1.628214172134e+00 4.349677561310e+00 7.469635438015e-01 1.978043123518e+03
8 53 4 4.39903236 2.13095530 2.71837542 1.71021739 16.98856032 3.077043534414e+01 1.691610855670e+00 4.590796245170e+00 8.368624286940e-01 2.059542369505e+03
8 54 4 4.39903236 2.13095530 2.71837542 1.71021739 16.98856032 2.989976790298e+01 1.763142121420e+00 4.475514753639e+00 9.467764649868e-01 2.144819573758e+03
8 55 4 4.39903236 2.13095530 2.71837542 1.71021739 16.98856032 2.925736268695e+01 1.831790096610e+00 4.347295247786e+00 1.050149136557e+00 2.217249739757e+03
8 56 4 4.39903236 2.13095530 2.71837542 1.71021739 16.98856032 2.885245546792e+01 1.890547051791e+00 4.652322277542e+00 1.120110804363e+00 2.249216741379e+03
8 57 4 4.39903236 2.13095530 2.71837542 1.71021739 16.98856032 2.860956226973e+01 1.944587965085e+00 5.161883134232e+00 1.138646490067e+00 2.249612437930e+03
8 58 4 4.39903236 2.13095530 2.71837542 1.71021739 16.98856032 2.851070919943e+01 2.008984599902e+00 5.331965660745e+00 1.106921863521e+00 2.261978682945e+03
8 59 4 4.39903236 2.13095530 2.71837542 1.71021739 16.98856032 2.864427226944e+01 2.093580625101e+00 5.238514780092e+00 1.044493360779e+00 2.310513691665e+03
8 60 4 4.39903236 2.13095530 2.71837542 1.71021739 16.98856032 2.923367363875e+01 2.189443767694e+00 5.463954095121e+00 9.819027099202e-01 2.379473829515e+03
8 61 4 4.39903236 2.13095530 2.71837542 1.71021739 16.98856032 3.065807492877e+01 2.277577461389e+00 6.077518326303e+00 9.545360135633e-01 2.455993183295e+03
8 62 4 4.39903236 2.13095530 2.71837542 1.71021739 16.98856032 3.332402805989e+01 2.350416217493e+00 6.482115137040e+00 9.887414703447e-01 2.558449629276e+03
8 63 4 4.39903236 2.13095530 2.71837542 1.71021739 16.98856032 3.745932338248e+01 2.417794805481e+00 6.459545544588e+00 1.088444501534e+00 2.698570164176e+03
11 0 4 2.60496307 3.26105361 2.69100656 1.34255443 5.70934303 5.210631277586e+00 1.281750486697e+01 1.452585982695e-01 3.869295606306e-01 9.507826002601e+01
11 1 4 2.60496307 3.26105361 2.69100656 1.34255443 5.70934303 5.050320196556e+00 1.233578521074e+01 1.029935403859e-01 3.715230593434e-01 9.205119126208e+01
11 2 4 2.60496307 3.26105361 2.69100656 1.34255443 5.70934303 4.850384564449e+00 1.174281801026e+01 6.593510743943e-02 3.567330623629e-01 8.912756195105e+01
11 3 4 2.60496307 3.26105361 2.69100656 1.34255443 5.70934303 4.661697304704e+00 1.123742332956e+01 3.723678090921e-02 3.421551551624e-01 8.620909627755e+01
11 4 4 2.60496307 3.26105361 2.69100656 1.34255443 5.70934303 4.500339256766e+00 1.088919883711e+01 1.857656243197e-02 3.276358520815e-01 8.332062283345e+01
11 5 4 2.60496307 3.26105361 2.69100656 1.34255443 5.70934303 4.327756080444e+00 1.052992432971e+01 1.091551531409e-02 3.132942627055e-01 8.049770498338e+01
11 6 4 2.60496307 3.26105361 2.69100656 1.34255443 5.70934303 4.146592001144e+00 1.007994654011e+01 1.429886215769e-02 2.994232465378e-01 7.778115275004e+01
11 7 4 2.60496307 3.26105361 2.69100656 1.34255443 5.70934303 3.993816705052e+00 9.655740159705e+00 2.763606573586e-02 2.863297244670e-01 7.521504214937e+01
11 8 4 2.60496307 3.26105361 2.69100656 1.34255443 5.70934303 3.861070395798e+00 9.320128853208e+00 4.905919680465e-02 2.741920374966e-01 7.280001170931e+01
11 9 4 2.60496307 3.26105361 2.69100656 1.34255443 5.70934303 3.717271856676e+00 9.011364961318e+00 7.572065623511e-02 2.629928852942e-01 7.050255368253e+01
11 10 4 2.60496307 3.26105361 2.69100656 1.34255443 5.70934303 3.566079073436e+00 8.693453484614e+00 1.041066118009e-01 2.525442686832e-01 6.826571575963e+01
11 11 4 2.60496307 3.26105361 2.69100656 1.34255443 5.70934303 3.430269323755e+00 8.381838550393e+00 1.312205509471e-01 2.425791545236e-01 6.605471248770e+01
11 12 4 2.60496307 3.26105361 2.69100656 1.34255443 5.70934303 3.317637347706e+00 8.094965184661e+00 1.544226693380e-01 2.328620562923e-01 6.392904635725e+01
11 13 4 2.60496307 3.26105361 2.69100656 1.34255443 5.70934303 3.217546145779e+00 7.857818999302e+00 1.707842572012e-01 2.232733729225e-01 6.194950540489e+01
11 14 4 2.60496307 3.26105361 2.69100656 1.34255443 5.70934303 3.118767599899e+00 7.649573858235e+00 1.783255756905e-01 2.138429387843e-01 6.006888602530e+01
11 15 4 2.60496307 3.26105361 2.69100656 1.34255443 5.70934303 3.027121558137e+00 7.391004551331e+00 1.769332936902e-01 2.047328293356e-01 5.824341089643e+01
11 16 4 2.60496307 3.26105361 2.69100656 1.34255443 5.70934303 2.949446669931e+00 7.093975745349e+00 1.671004135918e-01 1.961859614170e-01 5.651960366740e+01
11 17 4 2.60496307 3.26105361 2.69100656 1.34255443 5.70934303 2.872134071352e+00 6.878678754598e+00 1.494830657784e-01 1.884610498402e-01 5.495208973892e+01
11 18 4 2.60496307 3.26105361 2.69100656 1.34255443 5.70934303 2.784969434279e+00 6.750838780051e+00 1.260797610841e-01 1.817696419585e-01 5.355820957281e+01
11 19 4 2.60496307 3.26105361 2.69100656 1.34255443 5.70934303 2.700235015771e+00 6.577048820466e+00 9.992220121816e-02 1.762244913050e-01 5.230667097452e+01
11 20 4 2.60496307 3.26105361 2.69100656 1.34255443 5.70934303 2.626856384722e+00 6.337473327635e+00 7.362155441105e-02 1.718057437112e-01 5.111768570201e+01
11 21 4 2.60496307 3.26105361 2.69100656 1.34255443 5.70934303 2.559736249215e+00 6.156678976066e+00 4.942101425017e-02 1.683524123166e-01 4.998149882685e+01
11 22 4 2.60496307 3.26105361 2.69100656 1.34255443 5.70934303 2.497978041887e+00 6.069363323617e+00 2.970209868718e-02 1.655871397386e-01 4.899319995477e+01
11 23 4 2.60496307 3.26105361 2.69100656 1.34255443 5.70934303 2.444626117610e+00 5.986826866592e+00 1.632455520781e-02 1.631774390651e-01 4.819339776828e+01
11 24 4 2.60496307 3.26105361 2.69100656 1.34255443 5.70934303 2.397785686859e+00 5.864811043036e+00 1.014169946640e-02 1.608251552347e-01 4.753601310094e+01
11 25 4 2.60496307 3.26105361 2.69100656 1.34255443 5.70934303 2.355052108355e+00 5.729775127287e+00 1.127304438706e-02 1.583617305944e-01 4.699027705040e+01
11 26 4 2.60496307 3.26105361 2.69100656 1.34255443 5.70934303 2.317092747974e+00 5.616978933546e+00 1.913898854433e-02 1.558174442358e-01 4.650778044573e+01
11 27 4 2.60496307 3.26105361 2.69100656 1.34255443 5.70934303 2.286576974173e+00 5.572926007519e+00 3.252736304723e-02 1.534349393082e-01 4.599963636433e+01
11 28 4 2.60496307 3.26105361 2.69100656 1.34255443 5.70934303 2.259290874074e+00 5.595693192287e+00 4.990866978437e-02 1.516130699131e-01 4.544423710736e+01
11 29 4 2.60496307 3.26105361 2.69100656 1.34255443 5.70934303 2.219720214912e+00 5.578842209742e+00 6.928092424082e-02 1.507917774454e-01 4.492029773904e+01
11 30 4 2.60496307 3.26105361 2.69100656 1.34255443 5.70934303 2.175463977366e+00 5.478282500430e+00 8.822566125946e-02 1.513126728879e-01 4.458649861162e+01
11 31 4 2.60496307 3.26105361 2.69100656 1.34255443 5.70934303 2.177279399497e+00 5.439084612584e+00 1.047707715982e-01 1.533027568049e-01 4.465322804324e+01
11 32 4 2.60496307 3.26105361 2.69100656 1.34255443 5.70934303 2.251335303528e+00 5.563916912628e+00 1.175248756574e-01 1.566237878181e-01 4.518086576167e+01
11 33 4 2.60496307 3.26105361 2.69100656 1.34255443 5.70934303 2.346525716055e+00 5.716841347732e+00 1.249870365094e-01 1.609079672174e-01 4.594005545328e+01
11 34 4 2.60496307 3.26105361 2.69100656 1.34255443 5.70934303 2.404968282950e+00 5.755185795262e+00 1.260210841720e-01 1.656698262912e-01 4.664768690373e+01
11 35 4 2.60496307 3.26105361 2.69100656 1.34255443 5.70934303 2.433910205357e+00 5.758576721691e+00 1.207878041461e-01 1.704564944910e-01 4.721490604344e+01
11 36 4 2.60496307 3.26105361 2.69100656 1.34255443 5.70934303 2.466725348361e+00 5.853701915022e+00 1.101108459074e-01 1.749848918555e-01 4.769816566341e+01
11 37 4 2.60496307 3.26105361 2.69100656 1.34255443 5.70934303 2.511267783583e+00 6.016727148214e+00 9.473796830625e-02 1.792201419981e-01 4.821250962992e+01
11 38 4 2.60496307 3.26105361 2.69100656 1.34255443 5.70934303 2.561372401739e+00 6.170487522402e+00 7.606525955041e-02 1.833720045075e-01 4.888363937409e+01
11 39 4 2.60496307 3.26105361 2.69100656 1.34255443 5.70934303 2.615716625613e+00 6.293546955742e+00 5.636372553662e-02 1.878159707924e-01 4.975206446447e+01
11 40 4 2.60496307 3.26105361 2.69100656 1.34255443 5.70934303 2.676574840391e+00 6.393624454854e+00 3.773732068430e-02 1.929708295823e-01 5.079713815416e+01
11 41 4 2.60496307 3.26105361 2.69100656 1.34255443 5.70934303 2.745351889007e+00 6.518083889877e+00 2.185566875410e-02 1.991756157019e-01 5.201627735584e+01
11 42 4 2.60496307 3.26105361 2.69100656 1.34255443 5.70934303 2.818734325793e+00 6.731807784319e+00 1.041582099683e-02 2.066031514830e-01 5.335939265916e+01
11 43 4 2.60496307 3.26105361 2.69100656 1.34255443 5.70934303 2.895231122231e+00 6.986586960451e+00 4.803959121830e-03 2.152294975154e-01 5.474242902137e+01
11 44 4 2.60496307 3.26105361 2.69100656 1.34255443 5.70934303 2.979094343755e+00 7.165768352925e+00 5.686258222883e-03 2.248577627955e-01 5.619665818468e+01
11 45 4 2.60496307 3.26105361 2.69100656 1.34255443 5.70934303 3.065466978387e+00 7.304953470288e+00 1.319278426053e-02 2.351798015704e-01 5.781736293193e+01
11 46 4 2.60496307 3.26105361 2.69100656 1.34255443 5.70934303 3.145900451954e+00 7.542679205361e+00 2.681603668529e-02 2.458545877890e-01 5.960727992007e+01
11 47 4 2.60496307 3.26105361 2.69100656 1.34255443 5.70934303 3.232456979053e+00 7.857202013349e+00 4.543196371007e-02 2.565855941599e-01 6.150653054527e+01
11 48 4 2.60496307 3.26105361 2.69100656 1.34255443 5.70934303 3.340046439276e+00 8.112520607387e+00 6.785239892471e-02 2.671854437866e-01 6.346355367990e+01
11 49 4 2.60496307 3.26105361 2.69100656 1.34255443 5.70934303 3.459448743694e+00 8.313406844852e+00 9.257265487280e-02 2.776191226611e-01 6.545827887988e+01
11 50 4 2.60496307 3.26105361 2.69100656 1.34255443 5.70934303 3.581044638950e+00 8.568482019523e+00 1.172937080017e-01 2.880162710270e-01 6.754629150734e+01
11 51 4 2.60496307 3.26105361 2.69100656 1.34255443 5.70934303 3.714886674249e+00 8.892711799248e+00 1.399182862600e-01 2.986427573088e-01 6.978048842495e+01
11 52 4 2.60496307 3.26105361 2.69100656 1.34255443 5.70934303 3.867653444503e+00 9.232476237991e+00 1.591129408136e-01 3.098279347232e-01 7.210282536759e+01
11 53 4 2.60496307 3.26105361 2.69100656 1.34255443 5.70934303 4.026546419245e+00 9.568152407783e+00 1.730857994575e-01 3.218592039410e-01 7.446551768938e+01
11 54 4 2.60496307 3.26105361 2.69100656 1.34255443 5.70934303 4.172497060671e+00 9.902186699660e+00 1.797007560205e-01 3.348749699834e-01 7.693838171209e+01
11 55 4 2.60496307 3.26105361 2.69100656 1.34255443 5.70934303 4.308125660644e+00 1.026367838273e+01 1.782280026890e-01 3.487996281036e-01 7.959020083204e+01
11 56 4 2.60496307 3.26105361 2.69100656 1.34255443 5.70934303 4.464065353349e+00 1.069209103265e+01 1.689621693728e-01 3.633583196821e-01 8.241578304376e+01
11 57 4 2.60496307 3.26105361 2.69100656 1.34255443 5.70934303 4.646653851637e+00 1.112589789664e+01 1.518670480886e-01 3.781810353605e-01 8.537748349888e+01
11 58 4 2.60496307 3.26105361 2.69100656 1.34255443 5.70934303 4.816084825409e+00 1.146950539037e+01 1.277657454242e-01 3.929641208896e-01 8.842182783957e+01
11 59 4 2.60496307 3.26105361 2.69100656 1.34255443 5.70934303 4.965025312544e+00 1.181113317608e+01 9.947230900648e-02 4.076219974776e-01 9.152200125127e+01
11 60 4 2.60496307 3.26105361 2.69100656 1.34255443 5.70934303 5.135259052218e+00 1.230222103392e+01 7.036686625506e-02 4.223539722380e-01 9.469904884105e+01
11 61 4 2.60496307 3.26105361 2.69100656 1.34255443 5.70934303 5.319299886596e+00 1.284514918778e+01 4.370060014467e-02 4.375805595841e-01 9.799137760623e+01
11 62 4 2.60496307 3.26105361 2.69100656 1.34255443 5.70934303 5.470316975371e+00 1.323865528120e+01 2.346995333255e-02 4.537619309661e-01 1.014967347799e+02
11 63 4 2.60496307 3.26105361 2.69100656 1.34255443 5.70934303 5.609315369089e+00 1.354105110398e+01 1.390063987345e-02 4.711717421561e-01 1.053281820146e+02
12 0 4 3.53700663 2.15208330 2.20045837 1.60822064 6.72800503 2.899235517058e+01 6.414514595839e-05 2.432705526987e+00 7.180561648075e-01 1.767387167103e+02
12 1 4 3.53700663 2.15208330 2.20045837 1.60822064 6.72800503 2.987734245331e+01 6.179345630002e-05 2.357811072066e+00 6.698683742941e-01 1.717963429719e+02
12 2 4 3.53700663 2.15208330 2.20045837 1.60822064 6.72800503 3.057354696687e+01 5.951974927776e-05 2.236312361066e+00 6.299762114385e-01 1.664223802136e+02
12 3 4 3.53700663 2.15208330 2.20045837 1.60822064 6.72800503 3.101494421529e+01 5.732405317198e-05 2.128641060513e+00 6.028460925350e-01 1.606502704465e+02
12 4 4 3.53700663 2.15208330 2.20045837 1.60822064 6.72800503 3.113118903568e+01 5.520639529273e-05 2.091896229605e+00 5.880758111825e-01 1.550900534539e+02
12 5 4 3.53700663 2.15208330 2.20045837 1.60822064 6.72800503 3.086722379200e+01 5.316680197945e-05 2.110393601216e+00 5.805914924788e-01 1.501015947338e+02
12 6 4 3.53700663 2.15208330 2.20045837 1.60822064 6.72800503 3.017724405214e+01 5.120529860058e-05 2.111271141322e+00 5.730298230870e-01 1.455231889973e+02
12 7 4 3.53700663 2.15208330 2.20045837 1.60822064 6.72800503 2.902241884056e+01 4.932190955330e-05 2.046179923573e+00 5.592568704916e-01 1.411094694237e+02
12 8 4 3.53700663 2.15208330 2.20045837 1.60822064 6.72800503 2.741321232613e+01 4.751665826318e-05 1.942665573298e+00 5.370043590024e-01 1.369321902219e+02
12 9 4 3.53700663 2.15208330 2.20045837 1.60822064 6.72800503 2.542405086292e+01 4.578956718395e-05 1.866752761459e+00 5.082936218257e-01 1.332144161331e+02
12 10 4 3.53700663 2.15208330 2.20045837 1.60822064 6.72800503 2.316447940803e+01 4.414065779715e-05 1.844212409101e+00 4.779453200278e-01 1.298740322870e+02
12 11 4 3.53700663 2.15208330 2.20045837 1.60822064 6.72800503 2.077735266123e+01 4.256995061191e-05 1.833918580939e+00 4.513256552398e-01 1.264585910549e+02
12 12 4 3.53700663 2.15208330 2.20045837 1.60822064 6.72800503 1.843407856655e+01 4.107746516469e-05 1.780469291026e+00 4.322015533122e-01 1.226408668575e+02
12 13 4 3.53700663 2.15208330 2.20045837 1.60822064 6.72800503 1.627768420316e+01 3.966322001901e-05 1.679334723568e+00 4.212306252255e-01 1.186361434813e+02
12 14 4 3.53700663 2.15208330 2.20045837 1.60822064 6.72800503 1.438332184102e+01 3.832723276524e-05 1.578645779140e+00 4.156932214277e-01 1.149832282592e+02
12 15 4 3.53700663 2.15208330 2.20045837 1.60822064 6.72800503 1.277833007549e+01 3.706952002040e-05 1.521215073468e+00 4.108436062622e-01 1.119812164938e+02
12 16 4 3.53700663 2.15208330 2.20045837 1.60822064 6.72800503 1.147345768286e+01 3.589009742791e-05 1.498183578257e+00 4.022891262056e-01 1.094167541354e+02
12 17 4 3.53700663 2.15208330 2.20045837 1.60822064 6.72800503 1.048706725775e+01 3.478897965742e-05 1.465243165715e+00 3.880040167422e-01 1.067906970178e+02
12 18 4 3.53700663 2.15208330 2.20045837 1.60822064 6.72800503 9.858283622252e+00 3.376618040463e-05 1.396770036011e+00 3.689364172513e-01 1.038326426767e+02
12 19 4 3.53700663 2.15208330 2.20045837 1.60822064 6.72800503 9.626730906927e+00 3.282171239112e-05 1.313654009186e+00 3.482585627967e-01 1.008633508625e+02
12 20 4 3.53700663 2.15208330 2.20045837 1.60822064 6.72800503 9.808052911974e+00 3.195558736417e-05 1.256494384550e+00 3.299420525394e-01 9.852601317073e+01
12 21 4 3.53700663 2.15208330 2.20045837 1.60822064 6.72800503 1.039235590241e+01 3.116781609665e-05 1.238807185823e+00 3.172056377336e-01 9.703006704723e+01
12 22 4 3.53700663 2.15208330 2.20045837 1.60822064 6.72800503 1.133027252047e+01 3.045840838685e-05 1.233655855609e+00 3.112100778859e-01 9.584304800375e+01
12 23 4 3.53700663 2.15208330 2.20045837 1.60822064 6.72800503 1.251723591877e+01 2.982737305838e-05 1.206138433249e+00 3.105306503047e-01 9.432812713095e+01
12 24 4 3.53700663 2.15208330 2.20045837 1.60822064 6.72800503 1.382793238305e+01 2.927471796006e-05 1.152792652659e+00 3.118600919493e-01 9.251948303863e+01
12 25 4 3.53700663 2.15208330 2.20045837 1.60822064 6.72800503 1.516257775528e+01 2.880044996580e-05 1.103347504514e+00 3.116838973658e-01 9.103531248394e+01
12 26 4 3.53700663 2.15208330 2.20045837 1.60822064 6.72800503 1.644370343619e+01 2.840457497456e-05 1.084305342850e+00 3.079500687162e-01 9.029404435033e+01
12 27 4 3.53700663 2.15208330 2.20045837 1.60822064 6.72800503 1.759597967724e+01 2.808709791023e-05 1.087541840893e+00 3.008532010276e-01 8.997775670715e+01
12 28 4 3.53700663 2.15208330 2.20045837 1.60822064 6.72800503 1.855278318331e+01 2.784802272157e-05 1.081139772769e+00 2.925925381868e-01 8.931701974065e+01
12 29 4 3.53700663 2.15208330 2.20045837 1.60822064 6.72800503 1.927975491820e+01 2.768735238222e-05 1.050186170364e+00 2.864638140866e-01 8.796846810889e+01
12 30 4 3.53700663 2.15208330 2.20045837 1.60822064 6.72800503 1.979361696074e+01 2.760508889059e-05 1.018952027970e+00 2.856022509208e-01 8.660552706556e+01
12 31 4 3.53700663 2.15208330 2.20045837 1.60822064 6.72800503 2.013904415291e+01 2.760123326986e-05 1.026290778335e+00 2.916475243390e-01 8.638619072988e+01
12 32 4 3.53700663 2.15208330 2.20045837 1.60822064 6.72800503 2.031465904655e+01 2.767578556800e-05 1.081132609486e+00 3.038677209230e-01 8.767037763915e+01
12 33 4 3.53700663 2.15208330 2.20045837 1.60822064 6.72800503 2.024021342192e+01 2.782874485772e-05 1.149904334445e+00 3.193582379476e-01 8.951936244671e+01
12 34 4 3.53700663 2.15208330 2.20045837 1.60822064 6.72800503 1.982829838953e+01 2.806010923652e-05 1.191595390511e+00 3.343514258933e-01 9.070168747166e+01
12 35 4 3.53700663 2.15208330 2.20045837 1.60822064 6.72800503 1.906686745984e+01 2.836987582669e-05 1.200683236818e+00 3.458911436635e-01 9.097801140837e+01
12 36 4 3.53700663 2.15208330 2.20045837 1.60822064 6.72800503 1.801832401266e+01 2.875804077536e-05 1.208992977027e+00 3.529857863001e-01 9.115515965185e+01
12 37 4 3.53700663 2.15208330 2.20045837 1.60822064 6.72800503 1.677413768494e+01 2.922459925452e-05 1.245688104433e+00 3.568901253813e-01 9.206479719957e+01
12 38 4 3.53700663 2.15208330 2.20045837 1.60822064 6.72800503 1.542617915847e+01 2.976954546112e-05 1.302924041591e+00 3.606242446399e-01 9.374557257472e+01
12 39 4 3.53700663 2.15208330 2.20045837 1.60822064 6.72800503 1.406488614248e+01 3.039287261713e-05 1.346815966087e+00 3.678493291591e-01 9.556860666177e+01
12 40 4 3.53700663 2.15208330 2.20045837 1.60822064 6.72800503 1.279535191331e+01 3.109457296961e-05 1.359742843970e+00 3.812711725398e-01 9.702457391482e+01
12 41 4 3.53700663 2.15208330 2.20045837 1.60822064 6.72800503 1.173302244202e+01 3.187463779081e-05 1.363651523295e+00 4.011947288804e-01 9.834233380801e+01
12 42 4 3.53700663 2.15208330 2.20045837 1.60822064 6.72800503 1.095936417174e+01 3.273305737828e-05 1.396283374687e+00 4.251529701063e-01 1.002359183043e+02
12 43 4 3.53700663 2.15208330 2.20045837 1.60822064 6.72800503 1.050071173701e+01 3.366982105501e-05 1.466904140307e+00 4.489941025700e-01 1.030122715666e+02
12 44 4 3.53700663 2.15208330 2.20045837 1.60822064 6.72800503 1.036328289306e+01 3.468491716953e-05 1.542960442169e+00 4.687995609693e-01 1.061621155917e+02
12 45 4 3.53700663 2.15208330 2.20045837 1.60822064 6.72800503 1.055972278407e+01 3.577833309608e-05 1.585366632419e+00 4.825778827322e-01 1.089868216728e+02
12 46 4 3.53700663 2.15208330 2.20045837 1.60822064 6.72800503 1.110502735274e+01 3.695005523476e-05 1.594094872954e+00 4.911162809241e-01 1.114057134405e+02
12 47 4 3.53700663 2.15208330 2.20045837 1.60822064 6.72800503 1.202296816354e+01 3.820006901169e-05 1.610522327026e+00 4.978757952429e-01 1.139469058641e+02
12 48 4 3.53700663 2.15208330 2.20045837 1.60822064 6.72800503 1.334628490310e+01 3.952835887921e-05 1.669800433387e+00 5.078602433767e-01 1.171010938902e+02
12 49 4 3.53700663 2.15208330 2.20045837 1.60822064 6.72800503 1.508383359210e+01 4.093490831604e-05 1.756353230662e+00 5.255167017113e-01 1.208391385520e+02
12 50 4 3.53700663 2.15208330 2.20045837 1.60822064 6.72800503 1.718952329452e+01 4.241969982754e-05 1.817724611708e+00 5.524487101774e-01 1.246726540443e+02
12 51 4 3.53700663 2.15208330 2.20045837 1.60822064 6.72800503 1.955094176957e+01 4.398271494587e-05 1.826104874859e+00 5.863385954797e-01 1.281421084812e+02
12 52 4 3.53700663 2.15208330 2.20045837 1.60822064 6.72800503 2.199948433450e+01 4.562393423026e-05 1.815964370853e+00 6.219212026217e-01 1.313188798242e+02
12 53 4 3.53700663 2.15208330 2.20045837 1.60822064 6.72800503 2.436489631785e+01 4.734333726722e-05 1.848028423046e+00 6.534389711207e-01 1.347693127818e+02
12 54 4 3.53700663 2.15208330 2.20045837 1.60822064 6.72800503 2.653031605588e+01 4.914090267083e-05 1.937412197597e+00 6.771987690647e-01 1.389399347592e+02
12 55 4 3.53700663 2.15208330 2.20045837 1.60822064 6.72800503 2.842244526064e+01 5.101660808297e-05 2.032926056190e+00 6.932357631677e-01 1.437111195842e+02
12 56 4 3.53700663 2.15208330 2.20045837 1.60822064 6.72800503 2.998918961018e+01 5.297043017363e-05 2.077950928357e+00 7.057034471338e-01 1.486795492498e+02
12 57 4 3.53700663 2.15208330 2.20045837 1.60822064 6.72800503 3.121133624737e+01 5.500234464118e-05 2.082966123463e+00 7.216732047444e-01 1.537217235967e+02
12 58 4 3.53700663 2.15208330 2.20045837 1.60822064 6.72800503 3.208677267998e+01 5.711232621266e-05 2.120032285593e+00 7.482359198509e-01 1.590573622640e+02
12 59 4 3.53700663 2.15208330 2.20045837 1.60822064 6.72800503 3.259497278687e+01 5.930034864414e-05 2.240995097112e+00 7.889182814171e-01 1.647693014112e+02
12 60 4 3.53700663 2.15208330 2.20045837 1.60822064 6.72800503 3.271514124538e+01 6.156638472101e-05 2.415268869032e+00 8.415032903351e-01 1.704883367542e+02
12 61 4 3.53700663 2.15208330 2.20045837 1.60822064 6.72800503 3.245580361847e+01 6.391040625831e-05 2.562975007016e+00 8.987596118695e-01 1.757970104142e+02
12 62 4 3.53700663 2.15208330 2.20045837 1.60822064 6.72800503 3.184727554439e+01 6.633238410111e-05 2.646167785443e+00 9.516000765760e-01 1.809264004264e+02
12 63 4 3.53700663 2.15208330 2.20045837 1.60822064 6.72800503 3.095026134333e+01 6.883228812485e-05 2.710343214889e+00 9.928620066095e-01 1.866928366182e+02
16 0 4 3.59867454 1.69777557 1.79257389 1.78848423 4.04793990 1.333051837111e+01 5.708144767196e-07 1.530901960514e+00 4.261063466489e-03 3.016051856753e+01
16 1 4 3.59867454 1.69777557 1.79257389 1.78848423 4.04793990 1.212056013584e+01 8.449491173994e-07 1.457851307993e+00 4.259138895633e-03 2.916576988220e+01
16 2 4 3.59867454 1.69777557 1.79257389 1.78848423 4.04793990 1.145593722697e+01 3.010246689353e-06 1.313831757557e+00 3.597691442563e-03 2.710273002396e+01
16 3 4 3.59867454 1.69777557 1.79257389 1.78848423 4.04793990 1.141911601301e+01 7.375573799212e-06 1.141040090132e+00 2.576447639842e-03 2.503779231595e+01
16 4 4 3.59867454 1.69777557 1.79257389 1.78848423 4.04793990 1.201683055113e+01 1.396911625716e-05 9.953788548617e-01 1.691648633936e-03 2.384235485106e+01
16 5 4 3.59867454 1.69777557 1.79257389 1.78848423 4.04793990 1.313924571642e+01 2.250356971690e-05 9.201634938128e-01 1.341340983970e-03 2.334103811483e+01
16 6 4 3.59867454 1.69777557 1.79257389 1.78848423 4.04793990 1.456260099004e+01 3.238662397744e-05 9.244352687334e-01 1.606370000455e-03 2.281943304632e+01
16 7 4 3.59867454 1.69777557 1.79257389 1.78848423 4.04793990 1.600792092635e+01 4.277805608267e-05 9.778640342730e-01 2.231399677605e-03 2.202232468612e+01
16 8 4 3.59867454 1.69777557 1.79257389 1.78848423 4.04793990 1.721412820013e+01 5.268757607639e-05 1.026943250798e+00 2.800440802284e-03 2.130969597331e+01
16 9 4 3.59867454 1.69777557 1.79257389 1.78848423 4.04793990 1.798768585426e+01 6.110111626085e-05 1.023729727581e+00 2.985911499362e-03 2.091981155780e+01
16 10 4 3.59867454 1.69777557 1.79257389 1.78848423 4.04793990 1.821904717224e+01 6.711858169385e-05 9.503047955668e-01 2.718092294899e-03 2.047952154003e+01
16 11 4 3.59867454 1.69777557 1.79257389 1.78848423 4.04793990 1.787682319827e+01 7.008394002315e-05 8.261274478816e-01 2.184911112544e-03 1.946910687439e+01
16 12 4 3.59867454 1.69777557 1.79257389 1.78848423 4.04793990 1.699842903302e+01 6.968924839326e-05 6.962465680317e-01 1.683022131004e-03 1.799523865265e+01
16 13 4 3.59867454 1.69777557 1.79257389 1.78848423 4.04793990 1.568381321299e+01 6.603765086438e-05 6.075760821202e-01 1.427958410511e-03 1.679475975661e+01
16 14 4 3.59867454 1.69777557 1.79257389 1.78848423 4.04793990 1.407945749606e+01 5.965596018668e-05 5.852103923770e-01 1.443199991560e-03 1.640894699518e+01
16 15 4 3.59867454 1.69777557 1.79257389 1.78848423 4.04793990 1.234596340481e+01 5.145427499871e-05 6.208054637605e-01 1.585383014898e-03 1.655355529540e+01
16 16 4 3.59867454 1.69777557 1.79257389 1.78848423 4.04793990 1.062650958990e+01 4.263713243918e-05 6.789832788686e-01 1.671534868168e-03 1.646339219262e+01
16 17 4 3.59867454 1.69777557 1.79257389 1.78848423 4.04793990 9.032467129007e+00 3.457693090607e-05 7.171879694499e-01 1.613516964537e-03 1.577071653457e+01
16 18 4 3.59867454 1.69777557 1.79257389 1.78848423 4.04793990 7.640455304248e+00 2.866493381974e-05 7.068744748971e-01 1.469812003845e-03 1.485001204621e+01
16 19 4 3.59867454 1.69777557 1.79257389 1.78848423 4.04793990 6.495659645163e+00 2.615754045626e-05 6.452939192997e-01 1.386651768902e-03 1.427162821754e+01
16 20 4 3.59867454 1.69777557 1.79257389 1.78848423 4.04793990 5.630365607226e+00 2.803550550385e-05 5.545086457397e-01 1.475807821278e-03 1.410328343388e+01
16 21 4 3.59867454 1.69777557 1.79257389 1.78848423 4.04793990 5.089196698792e+00 3.489158588410e-05 4.702597469397e-01 1.716582108040e-03 1.391713390070e+01
16 22 4 3.59867454 1.69777557 1.79257389 1.78848423 4.04793990 4.927436274538e+00 4.685816898366e-05 4.255631232437e-01 1.951181275975e-03 1.342402257024e+01
16 23 4 3.59867454 1.69777557 1.79257389 1.78848423 4.04793990 5.177923854953e+00 6.358145869260e-05 4.351965511875e-01 1.980039916020e-03 1.288366674242e+01
16 24 4 3.59867454 1.69777557 1.79257389 1.78848423 4.04793990 5.830765045180e+00 8.424349705746e-05 4.881487986415e-01 1.697708903126e-03 1.276890104476e+01
16 25 4 3.59867454 1.69777557 1.79257389 1.78848423 4.04793990 6.846315740740e+00 1.076283557045e-04 5.525868120184e-01 1.181864106833e-03 1.312520138275e+01
16 26 4 3.59867454 1.69777557 1.79257389 1.78848423 4.04793990 8.156112138309e+00 1.322247662517e-04 5.914480038574e-01 6.745153873563e-04 1.344450373759e+01
16 27 4 3.59867454 1.69777557 1.79257389 1.78848423 4.04793990 9.625929627309e+00 1.563545898051e-04 5.808816632382e-01 4.589517173795e-04 1.322367348088e+01
16 28 4 3.59867454 1.69777557 1.79257389 1.78848423 4.04793990 1.104754873018e+01 1.783149537647e-04 5.225625310236e-01 6.994931545502e-04 1.253608893120e+01
16 29 4 3.59867454 1.69777557 1.79257389 1.78848423 4.04793990 1.222097866020e+01 1.965215276400e-04 4.439396427917e-01 1.336108517650e-03 1.194238326506e+01
16 30 4 3.59867454 1.69777557 1.79257389 1.78848423 4.04793990 1.305300583131e+01 2.096410642300e-04 3.855157462336e-01 2.097660115830e-03 1.187358881843e+01
16 31 4 3.59867454 1.69777557 1.79257389 1.78848423 4.04793990 1.354070686788e+01 2.167027445993e-04 3.803133512150e-01 2.631950098808e-03 1.222812118956e+01
16 32 4 3.59867454 1.69777557 1.79257389 1.78848423 4.04793990 1.365680592684e+01 2.171797974445e-04 4.359478454741e-01 2.684963660381e-03 1.261149555293e+01
16 33 4 3.59867454 1.69777557 1.79257389 1.78848423 4.04793990 1.330534189160e+01 2.110351393538e-04 5.298344386379e-01 2.232839443626e-03 1.284486044758e+01
16 34 4 3.59867454 1.69777557 1.79257389 1.78848423 4.04793990 1.242793761994e+01 1.987273010872e-04 6.207563869714e-01 1.494599438301e-03 1.308554836139e+01
16 35 4 3.59867454 1.69777557 1.79257389 1.78848423 4.04793990 1.112536577826e+01 1.811756242414e-04 6.700008627618e-01 8.182885400076e-04 1.346267785662e+01
16 36 4 3.59867454 1.69777557 1.79257389 1.78848423 4.04793990 9.632486679683e+00 1.596866092890e-04 6.603361528742e-01 5.022488713240e-04 1.378428420730e+01
16 37 4 3.59867454 1.69777557 1.79257389 1.78848423 4.04793990 8.182522712063e+00 1.358463152731e-04 6.038450594402e-01 6.483510843753e-04 1.376443214767e+01
16 38 4 3.59867454 1.69777557 1.79257389 1.78848423 4.04793990 6.924679432395e+00 1.113867224726e-04 5.359997200919e-01 1.125295635347e-03 1.348868455844e+01
16 39 4 3.59867454 1.69777557 1.79257389 1.78848423 4.04793990 5.951559616723e+00 8.803674091109e-05 4.990523094525e-01 1.657797855554e-03 1.345406525707e+01
16 40 4 3.59867454 1.69777557 1.79257389 1.78848423 4.04793990 5.342105770402e+00 6.737075509683e-05 5.219543215799e-01 1.986707849340e-03 1.403416027724e+01
16 41 4 3.59867454 1.69777557 1.79257389 1.78848423 4.04793990 5.148902068999e+00 5.066886185460e-05 6.060882257269e-01 2.006465788173e-03 1.500315398517e+01
16 42 4 3.59867454 1.69777557 1.79257389 1.78848423 4.04793990 5.374334976795e+00 3.880292357092e-05 7.239290364559e-01 1.802424300826e-03 1.575901109426e+01
16 43 4 3.59867454 1.69777557 1.79257389 1.78848423 4.04793990 5.990621923395e+00 3.216096556877e-05 8.312753171387e-01 1.572319684755e-03 1.602629870599e+01
16 44 4 3.59867454 1.69777557 1.79257389 1.78848423 4.04793990 6.974684639720e+00 3.061921949279e-05 8.872166004068e-01 1.486827677773e-03 1.616661311766e+01
16 45 4 3.59867454 1.69777557 1.79257389 1.78848423 4.04793990 8.306109130386e+00 3.356642351256e-05 8.734955611006e-01 1.580542008248e-03 1.667736681147e+01
16 46 4 3.59867454 1.69777557 1.79257389 1.78848423 4.04793990 9.938540780138e+00 3.997926666271e-05 8.055168779928e-01 1.743534904661e-03 1.751118329129e+01
16 47 4 3.59867454 1.69777557 1.79257389 1.78848423 4.04793990 1.178641496742e+01 4.854177330702e-05 7.288725497291e-01 1.816957121822e-03 1.813366396698e+01
16 48 4 3.59867454 1.69777557 1.79257389 1.78848423 4.04793990 1.373269071189e+01 5.779578146164e-05 6.996238367298e-01 1.725637269515e-03 1.829783534070e+01
16 49 4 3.59867454 1.69777557 1.79257389 1.78848423 4.04793990 1.563753564693e+01 6.630532395597e-05 7.554824450989e-01 1.552671658154e-03 1.851148813700e+01
16 50 4 3.59867454 1.69777557 1.79257389 1.78848423 4.04793990 1.734614460142e+01 7.281541191256e-05 8.933018575483e-01 1.496594123043e-03 1.947712515687e+01
16 51 4 3.59867454 1.69777557 1.79257389 1.78848423 4.04793990 1.870499770679e+01 7.638593474094e-05 1.067155183122e+00 1.730954337814e-03 2.112221027078e+01
16 52 4 3.59867454 1.69777557 1.79257389 1.78848423 4.04793990 1.958113560399e+01 7.648426252690e-05 1.209600832849e+00 2.258205800331e-03 2.249467560853e+01
16 53 4 3.59867454 1.69777557 1.79257389 1.78848423 4.04793990 1.987698689753e+01 7.302538841771e-05 1.265423199253e+00 2.864522376045e-03 2.280105485439e+01
16 54 4 3.59867454 1.69777557 1.79257389 1.78848423 4.04793990 1.954889885824e+01 6.635540865221e-05 1.220905881759e+00 3.223862029422e-03 2.238020843552e+01
16 55 4 3.59867454 1.69777557 1.79257389 1.78848423 4.04793990 1.863479755138e+01 5.718182579738e-05 1.113753410832e+00 3.100953723419e-03 2.237356570102e+01
16 56 4 3.59867454 1.69777557 1.79257389 1.78848423 4.04793990 1.727538901354e+01 4.646143373445e-05 1.016916265733e+00 2.527391741371e-03 2.343811934340e+01
16 57 4 3.59867454 1.69777557 1.79257389 1.78848423 4.04793990 1.570706849447e+01 3.526227999638e-05 1.002325281656e+00 1.826904066593e-03 2.507311895743e+01
16 58 4 3.59867454 1.69777557 1.79257389 1.78848423 4.04793990 1.421841304532e+01 2.461949360906e-05 1.103022980977e+00 1.452316474549e-03 2.636857501118e+01
16 59 4 3.59867454 1.69777557 1.79257389 1.78848423 4.04793990 1.308224325514e+01 1.540508123343e-05 1.294789575165e+00 1.718319499036e-03 2.715938034425e+01
16 60 4 3.59867454 1.69777557 1.79257389 1.78848423 4.04793990 1.249741684201e+01 8.229076801293e-06 1.506981142597e+00 2.592591044770e-03 2.806497596497e+01
16 61 4 3.59867454 1.69777557 1.79257389 1.78848423 4.04793990 1.257385697793e+01 3.384127864337e-06 1.655809025894e+00 3.686093255649e-03 2.941681204525e+01
16 62 4 3.59867454 1.69777557 1.79257389 1.78848423 4.04793990 1.334536239023e+01 8.386001531687e-07 1.683895191477e+00 4.466192675925e-03 3.061730745439e+01
16 63 4 3.59867454 1.69777557 1.79257389 1.78848423 4.04793990 1.475742583011e+01 2.757557641025e-07 1.589451301680e+00 4.572864269045e-03 3.091686708970e+01
17 0 4 3.66413447 1.68073095 1.79274955 1.81150923 4.03862733 1.402827581014e+01 1.400013909542e-06 1.380998622087e+00 3.116471364431e-03 3.023721737804e+01
17 1 4 3.66413447 1.68073095 1.79274955 1.81150923 4.03862733 1.197905943887e+01 1.480092118790e-07 1.138286692154e+00 2.486006660611e-03 2.905202727882e+01
17 2 4 3.66413447 1.68073095 1.79274955 1.81150923 4.03862733 1.066869685243e+01 2.910544937242e-07 1.001299616900e+00 5.674099809356e-03 2.683337404091e+01
17 3 4 3.66413447 1.68073095 1.79274955 1.81150923 4.03862733 1.018691015449e+01 2.338420616062e-06 9.915912579538e-01 9.571491234444e-03 2.475400801848e+01
17 4 4 3.66413447 1.68073095 1.79274955 1.81150923 4.03862733 1.056045560769e+01 6.561265891286e-06 1.071142650214e+00 1.080206632408e-02 2.360373867360e+01
17 5 4 3.66413447 1.68073095 1.79274955 1.81150923 4.03862733 1.173070740481e+01 1.292361237193e-05 1.167280871745e+00 9.898896148486e-03 2.310834646880e+01
17 6 4 3.66413447 1.68073095 1.79274955 1.81150923 4.03862733 1.347846198045e+01 2.105836164807e-05 1.209093563742e+00 9.025276017632e-03 2.258794038542e+01
17 7 4 3.66413447 1.68073095 1.79274955 1.81150923 4.03862733 1.545359865457e+01 3.029475211879e-05 1.159244870225e+00 7.940815267703e-03 2.187511318226e+01
17 8 4 3.66413447 1.68073095 1.79274955 1.81150923 4.03862733 1.730124899159e+01 3.973561891052e-05 1.027923923125e+00 5.339776079416e-03 2.130438220068e+01
17 9 4 3.66413447 1.68073095 1.79274955 1.81150923 4.03862733 1.874266770658e+01 4.837481935404e-05 8.632883619662e-01 2.416048046081e-03 2.098418006071e+01
17 10 4 3.66413447 1.68073095 1.79274955 1.81150923 4.03862733 1.958241493586e+01 5.523858842258e-05 7.247028150794e-01 1.799235112557e-03 2.046867562931e+01
17 11 4 3.66413447 1.68073095 1.79274955 1.81150923 4.03862733 1.971661285346e+01 5.953049073253e-05 6.539219191546e-01 3.755757029175e-03 1.930670075933e+01
17 12 4 3.66413447 1.68073095 1.79274955 1.81150923 4.03862733 1.914832069573e+01 6.075869690171e-05 6.581834601673e-01 6.128692954193e-03 1.773471125662e+01
17 13 4 3.66413447 1.68073095 1.79274955 1.81150923 4.03862733 1.796970311898e+01 5.882664772210e-05 7.106379180306e-01 7.484053388392e-03 1.655309628257e+01
17 14 4 3.66413447 1.68073095 1.79274955 1.81150923 4.03862733 1.633026297156e+01 5.407335253620e-05 7.655896162596e-01 7.980538852283e-03 1.625712896329e+01
17 15 4 3.66413447 1.68073095 1.79274955 1.81150923 4.03862733 1.441902867084e+01 4.725672375402e-05 7.814303531177e-01 7.594071573645e-03 1.647575900112e+01
17 16 4 3.66413447 1.68073095 1.79274955 1.81150923 4.03862733 1.243482775399e+01 3.948132354158e-05 7.409068718817e-01 5.809297581858e-03 1.641237550072e+01
17 17 4 3.66413447 1.68073095 1.79274955 1.81150923 4.03862733 1.053906933333e+01 3.207946441387e-05 6.579450001869e-01 3.127927710416e-03 1.573132216755e+01
17 18 4 3.66413447 1.68073095 1.79274955 1.81150923 4.03862733 8.837860703482e+00 2.646066880679e-05 5.669765323556e-01 1.107160557865e-03 1.482608182432e+01
17 19 4 3.66413447 1.68073095 1.79274955 1.81150923 4.03862733 7.403759005786e+00 2.394826127180e-05 5.022217012480e-01 7.426339730134e-04 1.423694422408e+01
17 20 4 3.66413447 1.68073095 1.79274955 1.81150923 4.03862733 6.294897135728e+00 2.562295401377e-05 4.805941994593e-01 1.968130951313e-03 1.400769823051e+01
17 21 4 3.66413447 1.68073095 1.79274955 1.81150923 4.03862733 5.559763743920e+00 3.219173737664e-05 4.970312171447e-01 4.373782448459e-03 1.374254922955e+01
17 22 4 3.66413447 1.68073095 1.79274955 1.81150923 4.03862733 5.244488580501e+00 4.389662945205e-05 5.311715170980e-01 7.063752351244e-03 1.321189650250e+01
17 23 4 3.66413447 1.68073095 1.79274955 1.81150923 4.03862733 5.387854095500e+00 6.047257444387e-05 5.589464036614e-01 8.276432267042e-03 1.270459589365e+01
17 24 4 3.66413447 1.68073095 1.79274955 1.81150923 4.03862733 5.994346034869e+00 8.115783900669e-05 5.633891402392e-01 6.812625639423e-03 1.267090632032e+01
17 25 4 3.66413447 1.68073095 1.79274955 1.81150923 4.03862733 7.021703791644e+00 1.047544533134e-04 5.410206858890e-01 3.747648420718e-03 1.310329007974e+01
17 26 4 3.66413447 1.68073095 1.79274955 1.81150923 4.03862733 8.388927190025e+00 1.297312516526e-04 5.015680757499e-01 1.313979314698e-03 1.345124539735e+01
17 27 4 3.66413447 1.68073095 1.79274955 1.81150923 4.03862733 9.957152674438e+00 1.543583372832e-04 4.615649306133e-01 3.169150728099e-04 1.320767250403e+01
17 28 4 3.66413447 1.68073095 1.79274955 1.81150923 4.03862733 1.150597337883e+01 1.768595316708e-04 4.360564296757e-01 1.703077449126e-04 1.246852176154e+01
17 29 4 3.66413447 1.68073095 1.79274955 1.81150923 4.03862733 1.280057308812e+01 1.955685491199e-04 4.331072594214e-01 1.071944878753e-03 1.181557088704e+01
17 30 4 3.66413447 1.68073095 1.79274955 1.81150923 4.03862733 1.371712535077e+01 2.090750826295e-04 4.522937579882e-01 3.913786548920e-03 1.169871671422e+01
17 31 4 3.66413447 1.68073095 1.79274955 1.81150923 4.03862733 1.424997493673e+01 2.163484324822e-04 4.856002687856e-01 7.714616951164e-03 1.204238076415e+01
17 32 4 3.66413447 1.68073095 1.79274955 1.81150923 4.03862733 1.437311673327e+01 2.168284875784e-04 5.202052187924e-01 9.438462020440e-03 1.246540302281e+01
17 33 4 3.66413447 1.68073095 1.79274955 1.81150923 4.03862733 1.397505838998e+01 2.104765622574e-04 5.439924109748e-01 7.507772451444e-03 1.276631260598e+01
17 34 4 3.66413447 1.68073095 1.79274955 1.81150923 4.03862733 1.299334201620e+01 1.977816503394e-04 5.521949538273e-01 3.838193167320e-03 1.306150461507e+01
17 35 4 3.66413447 1.68073095 1.79274955 1.81150923 4.03862733 1.155984581057e+01 1.797209922373e-04 5.502460139667e-01 1.226283450635e-03 1.345535837215e+01
17 36 4 3.66413447 1.68073095 1.79274955 1.81150923 4.03862733 9.947289526767e+00 1.576773849733e-04 5.496365915375e-01 2.652328174001e-04 1.375443104402e+01
17 37 4 3.66413447 1.68073095 1.79274955 1.81150923 4.03862733 8.404580897466e+00 1.333192867281e-04 5.597820723278e-01 1.947812190952e-04 1.368296308179e+01
17 38 4 3.66413447 1.68073095 1.79274955 1.81150923 4.03862733 7.090526496545e+00 1.084532823571e-04 5.823941919698e-01 1.212902177097e-03 1.334285287032e+01
17 39 4 3.66413447 1.68073095 1.79274955 1.81150923 4.03862733 6.116400209176e+00 8.486158507616e-05 6.118697003467e-01 3.884643753857e-03 1.325315077098e+01
17 40 4 3.66413447 1.68073095 1.79274955 1.81150923 4.03862733 5.569206658904e+00 6.413956321605e-05 6.400860923435e-01 7.081716118816e-03 1.381507112935e+01
17 41 4 3.66413447 1.68073095 1.79274955 1.81150923 4.03862733 5.491232960587e+00 4.754937349087e-05 6.620480915333e-01 8.584391377065e-03 1.482763290025e+01
17 42 4 3.66413447 1.68073095 1.79274955 1.81150923 4.03862733 5.881698489280e+00 3.590527416005e-05 6.794949437714e-01 7.601197092950e-03 1.567961840124e+01
17 43 4 3.66413447 1.68073095 1.79274955 1.81150923 4.03862733 6.722747638084e+00 2.950384792383e-05 7.001366548766e-01 5.239147832350e-03 1.603127724475e+01
17 44 4 3.66413447 1.68073095 1.79274955 1.81150923 4.03862733 7.986986681035e+00 2.810818463969e-05 7.317533381598e-01 2.812041342429e-03 1.617266889775e+01
17 45 4 3.66413447 1.68073095 1.79274955 1.81150923 4.03862733 9.630236980531e+00 3.098934926799e-05 7.747405679565e-01 1.124804743571e-03 1.660207656009e+01
17 46 4 3.66413447 1.68073095 1.79274955 1.81150923 4.03862733 1.158610911117e+01 3.702178136952e-05 8.199275303400e-01 9.874794799042e-04 1.734389832859e+01
17 47 4 3.66413447 1.68073095 1.79274955 1.81150923 4.03862733 1.375015415911e+01 4.482247560475e-05 8.548872914766e-01 2.738149320267e-03 1.791859779706e+01
17 48 4 3.66413447 1.68073095 1.79274955 1.81150923 4.03862733 1.596443913471e+01 5.291784973820e-05 8.737643196830e-01 5.361909155621e-03 1.806576537619e+01
17 49 4 3.66413447 1.68073095 1.79274955 1.81150923 4.03862733 1.803597225080e+01 5.991807088541e-05 8.822391035245e-01 7.467080348294e-03 1.825831865777e+01
17 50 4 3.66413447 1.68073095 1.79274955 1.81150923 4.03862733 1.977123532033e+01 6.467704681354e-05 8.944673493272e-01 8.794246848042e-03 1.921219742731e+01
17 51 4 3.66413447 1.68073095 1.79274955 1.81150923 4.03862733 2.098688070977e+01 6.641771844739e-05 9.255809047079e-01 9.429527858614e-03 2.091302261042e+01
17 52 4 3.66413447 1.68073095 1.79274955 1.81150923 4.03862733 2.151970291015e+01 6.480668339495e-05 9.842512735489e-01 8.437743351072e-03 2.242372023947e+01
17 53 4 3.66413447 1.68073095 1.79274955 1.81150923 4.03862733 2.127059050692e+01 5.996902467003e-05 1.067230386972e+00 5.354521205927e-03 2.284827635626e+01
17 54 4 3.66413447 1.68073095 1.79274955 1.81150923 4.03862733 2.024653670709e+01 5.244256710947e-05 1.157714424376e+00 2.293985456875e-03 2.237578330185e+01
17 55 4 3.66413447 1.68073095 1.79274955 1.81150923 4.03862733 1.856838380209e+01 4.307939092731e-05 1.230635165334e+00 2.017984620616e-03 2.213506927466e+01
17 56 4 3.66413447 1.68073095 1.79274955 1.81150923 4.03862733 1.647741979791e+01 3.290995175185e-05 1.264954054081e+00 4.284816746280e-03 2.296808395686e+01
17 57 4 3.66413447 1.68073095 1.79274955 1.81150923 4.03862733 1.433369844622e+01 2.299037231586e-05 1.256732187317e+00 6.736491475346e-03 2.456724236920e+01
17 58 4 3.66413447 1.68073095 1.79274955 1.81150923 4.03862733 1.253560950038e+01 1.425551286535e-05 1.224601705494e+00 8.868118853689e-03 2.601028208439e+01
17 59 4 3.66413447 1.68073095 1.79274955 1.81150923 4.03862733 1.139388799241e+01 7.398939194293e-06 1.203823185748e+00 1.177359557165e-02 2.695363098916e+01
17 60 4 3.66413447 1.68073095 1.79274955 1.81150923 4.03862733 1.109506820228e+01 2.796126988183e-06 1.230966091464e+00 1.414745720280e-02 2.789633203961e+01
17 61 4 3.66413447 1.68073095 1.79274955 1.81150923 4.03862733 1.174909158802e+01 4.799758105781e-07 1.324550902689e+00 1.268007282329e-02 2.922230282636e+01
17 62 4 3.66413447 1.68073095 1.79274955 1.81150923 4.03862733 1.337083320086e+01 1.692005394588e-07 1.469900991196e+00 7.391026510094e-03 3.043850863540e+01
17 63 4 3.66413447 1.68073095 1.79274955 1.81150923 4.03862733 1.579685636210e+01 1.341888700336e-06 1.618868168110e+00 2.763505127466e-03 3.076522782257e+01
19 0 4 8.42349615 1.75870057 2.92058890 2.08287605 10.53480727 4.232011430736e+02 9.956406470532e-01 7.119690962802e+00 2.258354121247e+00 7.156379370173e+02
19 1 4 8.42349615 1.75870057 2.92058890 2.08287605 10.53480727 4.126093352262e+02 9.587681943429e-01 6.900568730451e+00 2.203468771560e+00 7.227240150337e+02
19 2 4 8.42349615 1.75870057 2.92058890 2.08287605 10.53480727 4.055531433391e+02 9.155618043466e-01 6.654045557882e+00 2.154280961536e+00 7.210103132036e+02
19 3 4 8.42349615 1.75870057 2.92058890 2.08287605 10.53480727 3.982146095522e+02 8.620978705167e-01 6.372525521271e+00 2.096639281616e+00 7.053419126560e+02
19 4 4 8.42349615 1.75870057 2.92058890 2.08287605 10.53480727 3.830804988324e+02 8.060744129863e-01 6.083722203151e+00 2.025043656491e+00 6.763446209404e+02
19 5 4 8.42349615 1.75870057 2.92058890 2.08287605 10.53480727 3.597127579671e+02 7.551729813047e-01 5.825100348367e+00 1.947442528256e+00 6.397404121625e+02
19 6 4 8.42349615 1.75870057 2.92058890 2.08287605 10.53480727 3.361482691214e+02 7.095069406750e-01 5.631764686813e+00 1.874426674350e+00 6.033450946610e+02
19 7 4 8.42349615 1.75870057 2.92058890 2.08287605 10.53480727 3.189667360200e+02 6.681894576202e-01 5.517214119963e+00 1.807504823258e+00 5.735256473688e+02
19 8 4 8.42349615 1.75870057 2.92058890 2.08287605 10.53480727 3.060285500989e+02 6.351991977521e-01 5.452555631136e+00 1.740959161804e+00 5.527931746802e+02
19 9 4 8.42349615 1.75870057 2.92058890 2.08287605 10.53480727 2.904624021035e+02 6.117378824250e-01 5.393682017441e+00 1.671652818859e+00 5.393132240338e+02
19 10 4 8.42349615 1.75870057 2.92058890 2.08287605 10.53480727 2.694772224053e+02 5.896935998808e-01 5.314194198291e+00 1.602270699220e+00 5.282589954333e+02
19 11 4 8.42349615 1.75870057 2.92058890 2.08287605 10.53480727 2.462310505604e+02 5.609637284393e-01 5.202918959906e+00 1.536280187103e+00 5.144768746985e+02
19 12 4 8.42349615 1.75870057 2.92058890 2.08287605 10.53480727 2.243010709866e+02 5.283036822677e-01 5.062846120061e+00 1.474319509242e+00 4.953872454050e+02
19 13 4 8.42349615 1.75870057 2.92058890 2.08287605 10.53480727 2.048115509011e+02 5.001376554448e-01 4.911155683322e+00 1.415874121842e+00 4.724836546458e+02
19 14 4 8.42349615 1.75870057 2.92058890 2.08287605 10.53480727 1.890708052057e+02 4.794948680763e-01 4.766747765035e+00 1.360863783206e+00 4.504925383961e+02
19 15 4 8.42349615 1.75870057 2.92058890 2.08287605 10.53480727 1.798226355783e+02 4.638001616654e-01 4.649839839753e+00 1.308473613880e+00 4.349853824855e+02
19 16 4 8.42349615 1.75870057 2.92058890 2.08287605 10.53480727 1.779049286102e+02 4.505517333947e-01 4.576821144631e+00 1.257113223844e+00 4.298390729598e+02
19 17 4 8.42349615 1.75870057 2.92058890 2.08287605 10.53480727 1.792799614935e+02 4.378272170987e-01 4.538005676300e+00 1.206828685984e+00 4.352503711495e+02
19 18 4 8.42349615 1.75870057 2.92058890 2.08287605 10.53480727 1.782362479841e+02 4.232378716984e-01 4.503689578084e+00 1.159708745436e+00 4.469374222591e+02
19 19 4 8.42349615 1.75870057 2.92058890 2.08287605 10.53480727 1.740466032325e+02 4.065544789604e-01 4.451352877062e+00 1.116706438913e+00 4.574045637623e+02
19 20 4 8.42349615 1.75870057 2.92058890 2.08287605 10.53480727 1.715413766133e+02 3.905081242729e-01 4.372039066649e+00 1.076053084017e+00 4.590060522823e+02
19 21 4 8.42349615 1.75870057 2.92058890 2.08287605 10.53480727 1.743733415502e+02 3.771311615481e-01 4.274495621606e+00 1.036518332912e+00 4.470931723780e+02
19 22 4 8.42349615 1.75870057 2.92058890 2.08287605 10.53480727 1.808497470078e+02 3.661340014201e-01 4.188918517838e+00 1.000796374054e+00 4.217775440829e+02
19 23 4 8.42349615 1.75870057 2.92058890 2.08287605 10.53480727 1.870589992624e+02 3.569457937622e-01 4.141087099837e+00 9.736488580444e-01 3.879660441925e+02
19 24 4 8.42349615 1.75870057 2.92058890 2.08287605 10.53480727 1.913107351102e+02 3.491524543371e-01 4.129205796890e+00 9.571089415259e-01 3.538465254294e+02
19 25 4 8.42349615 1.75870057 2.92058890 2.08287605 10.53480727 1.942862891070e+02 3.418195951172e-01 4.133268969407e+00 9.486124881442e-01 3.283277851841e+02
19 26 4 8.42349615 1.75870057 2.92058890 2.08287605 10.53480727 1.965016433105e+02 3.352880481195e-01 4.127701556574e+00 9.429351282738e-01 3.182653242584e+02
19 27 4 8.42349615 1.75870057 2.92058890 2.08287605 10.53480727 1.979065855968e+02 3.314902781887e-01 4.091454805027e+00 9.347972093709e-01 3.261521332339e+02
19 28 4 8.42349615 1.75870057 2.92058890 2.08287605 10.53480727 1.998858465231e+02 3.298926140639e-01 4.024435259512e+00 9.213801916877e-01 3.489645525821e+02
19 29 4 8.42349615 1.75870057 2.92058890 2.08287605 10.53480727 2.049786044958e+02 3.269500310526e-01 3.950424758075e+00 9.055347043651e-01 3.791128432573e+02
19 30 4 8.42349615 1.75870057 2.92058890 2.08287605 10.53480727 2.134626999664e+02 3.226851125806e-01 3.908176053608e+00 8.965861862464e-01 4.073339743656e+02
19 31 4 8.42349615 1.75870057 2.92058890 2.08287605 10.53480727 2.216476853064e+02 3.228114392684e-01 3.937025481983e+00 9.044870876631e-01 4.255499023331e+02
19 32 4 8.42349615 1.75870057 2.92058890 2.08287605 10.53480727 2.246067843820e+02 3.302787509992e-01 4.043035164144e+00 9.306464112656e-01 4.283714820263e+02
19 33 4 8.42349615 1.75870057 2.92058890 2.08287605 10.53480727 2.208383581851e+02 3.399232864054e-01 4.181791999490e+00 9.653826922811e-01 4.142649374294e+02
19 34 4 8.42349615 1.75870057 2.92058890 2.08287605 10.53480727 2.138103931175e+02 3.460894646243e-01 4.297230646232e+00 9.959223476271e-01 3.870325499081e+02
19 35 4 8.42349615 1.75870057 2.92058890 2.08287605 10.53480727 2.079266466614e+02 3.504828032739e-01 4.364090052348e+00 1.016643221597e+00 3.557387405196e+02
19 36 4 8.42349615 1.75870057 2.92058890 2.08287605 10.53480727 2.039576379721e+02 3.577131913793e-01 4.388801179196e+00 1.031407413930e+00 3.315839676479e+02
19 37 4 8.42349615 1.75870057 2.92058890 2.08287605 10.53480727 2.000914440189e+02 3.678757797206e-01 4.397876985761e+00 1.048111796423e+00 3.234541522019e+02
19 38 4 8.42349615 1.75870057 2.92058890 2.08287605 10.53480727 1.956661468875e+02 3.783817352138e-01 4.424614075885e+00 1.072979924040e+00 3.349071102007e+02
19 39 4 8.42349615 1.75870057 2.92058890 2.08287605 10.53480727 1.913397020355e+02 3.891148586515e-01 4.488677738766e+00 1.108403147330e+00 3.633938082896e+02
19 40 4 8.42349615 1.75870057 2.92058890 2.08287605 10.53480727 1.868348138271e+02 4.015946533626e-01 4.589427398614e+00 1.152499324767e+00 4.012525500564e+02
19 41 4 8.42349615 1.75870057 2.92058890 2.08287605 10.53480727 1.813682435114e+02 4.161830086915e-01 4.708623467230e+00 1.199776160282e+00 4.382446987437e+02
19 42 4 8.42349615 1.75870057 2.92058890 2.08287605 10.53480727 1.766855883802e+02 4.326972787558e-01 4.814405911882e+00 1.244661777943e+00 4.650880883691e+02
19 43 4 8.42349615 1.75870057 2.92058890 2.08287605 10.53480727 1.768866106315e+02 4.507132311794e-01 4.886615323563e+00 1.285990481866e+00 4.766950197055e+02
19 44 4 8.42349615 1.75870057 2.92058890 2.08287605 10.53480727 1.830784119316e+02 4.683246358131e-01 4.937825847703e+00 1.326986961035e+00 4.738590287544e+02
19 45 4 8.42349615 1.75870057 2.92058890 2.08287605 10.53480727 1.904659185370e+02 4.841722417639e-01 4.995732492843e+00 1.370333383465e+00 4.626507659925e+02
19 46 4 8.42349615 1.75870057 2.92058890 2.08287605 10.53480727 1.934870353167e+02 5.006445569690e-01 5.084051222729e+00 1.415051684057e+00 4.515963125507e+02
19 47 4 8.42349615 1.75870057 2.92058890 2.08287605 10.53480727 1.923165519321e+02 5.216463459240e-01 5.217184845186e+00 1.459177956907e+00 4.480468735150e+02
19 48 4 8.42349615 1.75870057 2.92058890 2.08287605 10.53480727 1.924329513030e+02 5.485904206568e-01 5.383664732485e+00 1.503335070509e+00 4.556606417919e+02
19 49 4 8.42349615 1.75870057 2.92058890 2.08287605 10.53480727 1.988733181192e+02 5.813921293332e-01 5.549337971098e+00 1.549705026835e+00 4.737169803144e+02
19 50 4 8.42349615 1.75870057 2.92058890 2.08287605 10.53480727 2.124873273226e+02 6.194318282889e-01 5.690477108391e+00 1.598992744838e+00 4.979164759334e+02
19 51 4 8.42349615 1.75870057 2.92058890 2.08287605 10.53480727 2.318517450241e+02 6.581369410774e-01 5.801992547555e+00 1.650492463486e+00 5.224753424066e+02
19 52 4 8.42349615 1.75870057 2.92058890 2.08287605 10.53480727 2.562061001849e+02 6.909337970110e-01 5.887662376890e+00 1.703732859786e+00 5.430161955623e+02
19 53 4 8.42349615 1.75870057 2.92058890 2.08287605 10.53480727 2.836619379500e+02 7.195572691554e-01 5.966010029254e+00 1.757617444066e+00 5.586829497253e+02
19 54 4 8.42349615 1.75870057 2.92058890 2.08287605 10.53480727 3.090810859986e+02 7.554200240001e-01 6.065829984963e+00 1.809468594177e+00 5.721714127411e+02
19 55 4 8.42349615 1.75870057 2.92058890 2.08287605 10.53480727 3.284513053689e+02 8.052625319261e-01 6.214108257247e+00 1.858387174828e+00 5.880071746421e+02
19 56 4 8.42349615 1.75870057 2.92058890 2.08287605 10.53480727 3.446521277257e+02 8.628553566896e-01 6.433261931550e+00 1.908584345455e+00 6.102171650756e+02
19 57 4 8.42349615 1.75870057 2.92058890 2.08287605 10.53480727 3.648058862345e+02 9.198725734937e-01 6.718203663601e+00 1.964831468358e+00 6.402370149742e+02
19 58 4 8.42349615 1.75870057 2.92058890 2.08287605 10.53480727 3.905466837574e+02 9.759137708743e-01 7.022235461699e+00 2.024298440849e+00 6.757664489029e+02
19 59 4 8.42349615 1.75870057 2.92058890 2.08287605 10.53480727 4.139274994848e+02 1.031834652983e+00 7.295999505558e+00 2.078284225295e+00 7.112524473464e+02
19 60 4 8.42349615 1.75870057 2.92058890 2.08287605 10.53480727 4.264686676731e+02 1.082884577773e+00 7.518922393575e+00 2.124739357487e+00 7.400220924411e+02
19 61 4 8.42349615 1.75870057 2.92058890 2.08287605 10.53480727 4.297214993252e+02 1.126964056036e+00 7.696549635222e+00 2.174666310574e+00 7.571268862755e+02
19 62 4 8.42349615 1.75870057 2.92058890 2.08287605 10.53480727 4.322530269029e+02 1.173633675096e+00 7.864676329138e+00 2.241813566077e+00 7.614906221067e+02
19 63 4 8.42349615 1.75870057 2.92058890 2.08287605 10.53480727 4.391021999740e+02 1.236998609636e+00 8.069924532155e+00 2.328337037312e+00 7.564858028643e+02
22 0 4 2.80907433 2.95024711 3.59229425 1.39622461 6.67787494 6.949632544503e+00 6.364553278949e+00 4.736241916752e-01 2.777331468945e-01 1.679896102090e+02
22 1 4 2.80907433 2.95024711 3.59229425 1.39622461 6.67787494 6.662876685781e+00 6.097652103666e+00 4.042579941965e-01 2.622392743146e-01 1.622850171665e+02
22 2 4 2.80907433 2.95024711 3.59229425 1.39622461 6.67787494 6.380731287842e+00 5.839602867773e+00 3.239793523032e-01 2.487132496744e-01 1.567229600883e+02
22 3 4 2.80907433 2.95024711 3.59229425 1.39622461 6.67787494 6.137101723293e+00 5.593699828764e+00 2.406335798268e-01 2.368195453090e-01 1.514313449467e+02
22 4 4 2.80907433 2.95024711 3.59229425 1.39622461 6.67787494 5.947411372111e+00 5.359606077558e+00 1.630363509694e-01 2.260203896657e-01 1.463944079644e+02
22 5 4 2.80907433 2.95024711 3.59229425 1.39622461 6.67787494 5.791216400826e+00 5.138108638202e+00 9.963483330063e-02 2.157638187583e-01 1.413895155504e+02
22 6 4 2.80907433 2.95024711 3.59229425 1.39622461 6.67787494 5.655409519308e+00 4.931598543856e+00 5.568782185684e-02 2.056646953558e-01 1.363639912868e+02
22 7 4 2.80907433 2.95024711 3.59229425 1.39622461 6.67787494 5.537406117411e+00 4.740074234474e+00 3.405629525865e-02 1.956082203417e-01 1.315582844771e+02
22 8 4 2.80907433 2.95024711 3.59229425 1.39622461 6.67787494 5.409311310493e+00 4.560206510698e+00 3.553550056801e-02 1.857407616868e-01 1.271195230375e+02
22 9 4 2.80907433 2.95024711 3.59229425 1.39622461 6.67787494 5.237789581622e+00 4.390685848677e+00 5.826713135078e-02 1.763597133642e-01 1.230092145651e+02
22 10 4 2.80907433 2.95024711 3.59229425 1.39622461 6.67787494 5.038576491617e+00 4.236108738449e+00 9.809385142229e-02 1.677531692304e-01 1.192587870385e+02
22 11 4 2.80907433 2.95024711 3.59229425 1.39622461 6.67787494 4.856318995985e+00 4.098623958651e+00 1.485009811770e-01 1.600565496346e-01 1.159409835846e+02
22 12 4 2.80907433 2.95024711 3.59229425 1.39622461 6.67787494 4.697821956945e+00 3.968041998603e+00 2.018798091045e-01 1.531821094929e-01 1.129617226374e+02
22 13 4 2.80907433 2.95024711 3.59229425 1.39622461 6.67787494 4.538105491655e+00 3.833859774337e+00 2.515628014437e-01 1.468448563047e-01 1.100766422333e+02
22 14 4 2.80907433 2.95024711 3.59229425 1.39622461 6.67787494 4.373115791759e+00 3.704841122587e+00 2.911686130265e-01 1.406690275042e-01 1.071321615594e+02
22 15 4 2.80907433 2.95024711 3.59229425 1.39622461 6.67787494 4.216594654750e+00 3.595185061261e+00 3.149840482106e-01 1.343287891048e-01 1.042314891446e+02
22 16 4 2.80907433 2.95024711 3.59229425 1.39622461 6.67787494 4.070789083080e+00 3.493749423369e+00 3.207487784817e-01 1.276664247787e-01 1.015164739234e+02
22 17 4 2.80907433 2.95024711 3.59229425 1.39622461 6.67787494 3.933947136547e+00 3.378290204043e+00 3.088980079242e-01 1.207435459646e-01 9.890580248963e+01
22 18 4 2.80907433 2.95024711 3.59229425 1.39622461 6.67787494 3.807721677399e+00 3.259156593736e+00 2.805399963427e-01 1.138094017274e-01 9.630738017854e+01
22 19 4 2.80907433 2.95024711 3.59229425 1.39622461 6.67787494 3.689190987570e+00 3.167387372672e+00 2.390885998716e-01 1.072030898974e-01 9.382133033006e+01
22 20 4 2.80907433 2.95024711 3.59229425 1.39622461 6.67787494 3.581580713910e+00 3.097405436489e+00 1.904686410230e-01 1.012306121012e-01 9.150210665727e+01
22 21 4 2.80907433 2.95024711 3.59229425 1.39622461 6.67787494 3.493820467711e+00 3.012591498029e+00 1.403924819691e-01 9.606475721170e-02 8.929713185813e+01
22 22 4 2.80907433 2.95024711 3.59229425 1.39622461 6.67787494 3.415704092621e+00 2.914229974083e+00 9.411426384296e-02 9.170429810096e-02 8.728853377767e+01
22 23 4 2.80907433 2.95024711 3.59229425 1.39622461 6.67787494 3.332539071715e+00 2.844718061079e+00 5.705456262689e-02 8.800450852035e-02 8.562144369006e+01
22 24 4 2.80907433 2.95024711 3.59229425 1.39622461 6.67787494 3.256272849792e+00 2.809154393152e+00 3.324356811898e-02 8.476347112105e-02 8.427054021688e+01
22 25 4 2.80907433 2.95024711 3.59229425 1.39622461 6.67787494 3.195268051331e+00 2.761301710237e+00 2.450190980165e-02 8.182835090342e-02 8.308868376323e+01
22 26 4 2.80907433 2.95024711 3.59229425 1.39622461 6.67787494 3.128716774991e+00 2.689087658014e+00 3.085040471919e-02 7.917969310728e-02 8.195160342741e+01
22 27 4 2.80907433 2.95024711 3.59229425 1.39622461 6.67787494 3.052080964840e+00 2.641790863419e+00 5.058473593559e-02 7.696127685799e-02 8.083410798181e+01
22 28 4 2.80907433 2.95024711 3.59229425 1.39622461 6.67787494 2.989333784115e+00 2.641375495794e+00 8.077966820019e-02 7.544393973881e-02 7.981263978426e+01
22 29 4 2.80907433 2.95024711 3.59229425 1.39622461 6.67787494 2.942984386700e+00 2.641349950752e+00 1.175014007801e-01 7.493619005648e-02 7.897369892737e+01
22 30 4 2.80907433 2.95024711 3.59229425 1.39622461 6.67787494 2.909616356024e+00 2.614299498754e+00 1.557586584265e-01 7.567367068757e-02 7.847411913697e+01
22 31 4 2.80907433 2.95024711 3.59229425 1.39622461 6.67787494 2.928865320667e+00 2.605767454674e+00 1.909348802497e-01 7.772712366858e-02 7.863206948740e+01
22 32 4 2.80907433 2.95024711 3.59229425 1.39622461 6.67787494 3.026745583779e+00 2.650353007816e+00 2.193771190723e-01 8.096210411878e-02 7.957124920063e+01
22 33 4 2.80907433 2.95024711 3.59229425 1.39622461 6.67787494 3.152536891219e+00 2.705391610727e+00 2.372808548611e-01 8.506572790538e-02 8.091726423892e+01
22 34 4 2.80907433 2.95024711 3.59229425 1.39622461 6.67787494 3.251530124265e+00 2.727667640744e+00 2.417993964563e-01 8.963243595235e-02 8.221898493435e+01
22 35 4 2.80907433 2.95024711 3.59229425 1.39622461 6.67787494 3.333005560306e+00 2.750567914965e+00 2.327313491304e-01 9.428007213184e-02 8.338256641228e+01
22 36 4 2.80907433 2.95024711 3.59229425 1.39622461 6.67787494 3.412321945965e+00 2.818291062582e+00 2.111571590021e-01 9.875661190082e-02 8.448944028452e+01
22 37 4 2.80907433 2.95024711 3.59229425 1.39622461 6.67787494 3.475137759416e+00 2.901840361447e+00 1.789257873694e-01 1.030005993721e-01 8.559688783118e+01
22 38 4 2.80907433 2.95024711 3.59229425 1.39622461 6.67787494 3.528660782199e+00 2.952877824009e+00 1.401858073457e-01 1.071341685870e-01 8.681040089153e+01
22 39 4 2.80907433 2.95024711 3.59229425 1.39622461 6.67787494 3.599954685293e+00 2.991878495246e+00 1.003835312788e-01 1.113913296752e-01 8.827251486648e+01
22 40 4 2.80907433 2.95024711 3.59229425 1.39622461 6.67787494 3.684268371006e+00 3.067737949487e+00 6.436217077131e-02 1.160078470255e-01 9.006495195252e+01
22 41 4 2.80907433 2.95024711 3.59229425 1.39622461 6.67787494 3.766065475551e+00 3.169153838365e+00 3.671781517102e-02 1.211139758049e-01 9.213159995651e+01
22 42 4 2.80907433 2.95024711 3.59229425 1.39622461 6.67787494 3.858748597886e+00 3.250631196351e+00 2.160437545946e-02 1.266716081921e-01 9.428790293279e+01
22 43 4 2.80907433 2.95024711 3.59229425 1.39622461 6.67787494 3.973464125800e+00 3.316552966279e+00 2.158746724003e-02 1.324820373587e-01 9.644883752040e+01
22 44 4 2.80907433 2.95024711 3.59229425 1.39622461 6.67787494 4.096326935333e+00 3.407919934533e+00 3.753210054930e-02 1.382643708534e-01 9.871811588269e+01
22 45 4 2.80907433 2.95024711 3.59229425 1.39622461 6.67787494 4.219607511724e+00 3.526447077423e+00 6.842340872882e-02 1.437769004313e-01 1.011192117740e+02
22 46 4 2.80907433 2.95024711 3.59229425 1.39622461 6.67787494 4.348871112831e+00 3.637402384506e+00 1.115318834658e-01 1.489350980428e-01 1.035808169186e+02
22 47 4 2.80907433 2.95024711 3.59229425 1.39622461 6.67787494 4.483074900365e+00 3.734911995454e+00 1.631675714570e-01 1.538783313722e-01 1.062011911590e+02
22 48 4 2.80907433 2.95024711 3.59229425 1.39622461 6.67787494 4.619945180307e+00 3.847490374314e+00 2.179548631415e-01 1.589547861254e-01 1.090974201141e+02
22 49 4 2.80907433 2.95024711 3.59229425 1.39622461 6.67787494 4.759343640444e+00 3.985910044638e+00 2.692173009555e-01 1.646249459262e-01 1.121646274643e+02
22 50 4 2.80907433 2.95024711 3.59229425 1.39622461 6.67787494 4.894418113670e+00 4.132658032902e+00 3.116111467426e-01 1.713169158873e-01 1.153398631675e+02
22 51 4 2.80907433 2.95024711 3.59229425 1.39622461 6.67787494 5.029335855416e+00 4.279799462211e+00 3.407670536683e-01 1.792886677987e-01 1.188200168136e+02
22 52 4 2.80907433 2.95024711 3.59229425 1.39622461 6.67787494 5.184299363703e+00 4.440542183860e+00 3.521105403287e-01 1.885531522525e-01 1.228134917697e+02
22 53 4 2.80907433 2.95024711 3.59229425 1.39622461 6.67787494 5.352996703425e+00 4.623959467707e+00 3.437587168553e-01 1.989001724059e-01 1.272899535145e+02
22 54 4 2.80907433 2.95024711 3.59229425 1.39622461 6.67787494 5.499319396937e+00 4.824130979701e+00 3.172884502413e-01 2.100112722587e-01 1.320464019143e+02
22 55 4 2.80907433 2.95024711 3.59229425 1.39622461 6.67787494 5.622529162966e+00 5.034153138763e+00 2.748823981171e-01 2.216250784440e-01 1.369527941737e+02
22 56 4 2.80907433 2.95024711 3.59229425 1.39622461 6.67787494 5.772089847655e+00 5.254442598884e+00 2.204599404480e-01 2.336866382735e-01 1.420135872560e+02
22 57 4 2.80907433 2.95024711 3.59229425 1.39622461 6.67787494 5.979952552158e+00 5.487394258507e+00 1.615464656822e-01 2.464164557201e-01 1.471320403577e+02
22 58 4 2.80907433 2.95024711 3.59229425 1.39622461 6.67787494 6.232742276043e+00 5.732591891483e+00 1.066328493082e-01 2.602642112870e-01 1.521410175299e+02
22 59 4 2.80907433 2.95024711 3.59229425 1.39622461 6.67787494 6.518498515242e+00 5.987452770805e+00 6.385375799359e-02 2.757582784194e-01 1.571593535654e+02
22 60 4 2.80907433 2.95024711 3.59229425 1.39622461 6.67787494 6.840519666517e+00 6.250155043817e+00 4.163193139170e-02 2.933069187908e-01 1.624629071287e+02
22 61 4 2.80907433 2.95024711 3.59229425 1.39622461 6.67787494 7.176782693400e+00 6.521217686433e+00 4.693391820011e-02 3.130314334569e-01 1.680444230451e+02
22 62 4 2.80907433 2.95024711 3.59229425 1.39622461 6.67787494 7.489632401798e+00 6.800962135925e+00 8.372016039889e-02 3.347037575694e-01 1.737158993930e+02
22 63 4 2.80907433 2.95024711 3.59229425 1.39622461 6.67787494 7.784218913562e+00 7.088866224098e+00 1.521360257313e-01 3.578220020703e-01 1.794426179807e+02
23 0 4 6.18356547 1.90155563 2.97229693 1.91207092 18.31947043 1.843970605769e+02 1.430702302404e+00 8.763431362792e+00 1.695217164074e+00 3.089464023959e+03
23 1 4 6.18356547 1.90155563 2.97229693 1.91207092 18.31947043 1.812729362558e+02 1.356021522470e+00 8.532554625007e+00 1.637188199086e+00 3.034186706040e+03
23 2 4 6.18356547 1.90155563 2.97229693 1.91207092 18.31947043 1.697797365908e+02 1.291284959348e+00 8.338258268470e+00 1.589356654342e+00 2.953091721113e+03
23 3 4 6.18356547 1.90155563 2.97229693 1.91207092 18.31947043 1.538286551195e+02 1.244451523668e+00 8.108258335318e+00 1.540731774786e+00 2.855165861366e+03
23 4 4 6.18356547 1.90155563 2.97229693 1.91207092 18.31947043 1.383887775226e+02 1.197224300764e+00 7.823846179854e+00 1.487318246709e+00 2.752068918022e+03
23 5 4 6.18356547 1.90155563 2.97229693 1.91207092 18.31947043 1.251838000008e+02 1.131818785780e+00 7.510791428335e+00 1.426558997968e+00 2.653463173520e+03
23 6 4 6.18356547 1.90155563 2.97229693 1.91207092 18.31947043 1.127509067257e+02 1.060139739000e+00 7.214463611996e+00 1.362513241967e+00 2.563633124156e+03
23 7 4 6.18356547 1.90155563 2.97229693 1.91207092 18.31947043 9.991672352165e+01 1.004651698248e+00 6.973982811510e+00 1.301935181526e+00 2.481864567047e+03
23 8 4 6.18356547 1.90155563 2.97229693 1.91207092 18.31947043 8.766283041814e+01 9.667449990238e-01 6.778043600293e+00 1.244720828752e+00 2.404388496276e+03
23 9 4 6.18356547 1.90155563 2.97229693 1.91207092 18.31947043 7.789206019425e+01 9.321618002444e-01 6.576292223648e+00 1.192999243475e+00 2.327525010161e+03
23 10 4 6.18356547 1.90155563 2.97229693 1.91207092 18.31947043 7.135561368820e+01 8.935349841502e-01 6.337987495819e+00 1.146396917833e+00 2.250571096109e+03
23 11 4 6.18356547 1.90155563 2.97229693 1.91207092 18.31947043 6.736477322905e+01 8.520202377917e-01 6.063513188007e+00 1.097837077000e+00 2.175527241400e+03
23 12 4 6.18356547 1.90155563 2.97229693 1.91207092 18.31947043 6.538933281204e+01 8.078945402470e-01 5.766127197642e+00 1.046356257438e+00 2.105923063235e+03
23 13 4 6.18356547 1.90155563 2.97229693 1.91207092 18.31947043 6.584445570001e+01 7.628364134469e-01 5.467493040243e+00 9.947665001850e-01 2.046941049372e+03
23 14 4 6.18356547 1.90155563 2.97229693 1.91207092 18.31947043 6.871152762152e+01 7.243700103593e-01 5.190510938795e+00 9.464660950139e-01 2.003932815605e+03
23 15 4 6.18356547 1.90155563 2.97229693 1.91207092 18.31947043 7.210520938931e+01 6.981944384901e-01 4.957468530420e+00 9.062116558778e-01 1.978853337354e+03
23 16 4 6.18356547 1.90155563 2.97229693 1.91207092 18.31947043 7.316860493145e+01 6.799743421675e-01 4.786218061601e+00 8.716119318560e-01 1.968270491012e+03
23 17 4 6.18356547 1.90155563 2.97229693 1.91207092 18.31947043 7.057154464783e+01 6.607708360842e-01 4.666204448147e+00 8.387210984734e-01 1.964284804238e+03
23 18 4 6.18356547 1.90155563 2.97229693 1.91207092 18.31947043 6.570206266718e+01 6.377290515935e-01 4.562393008792e+00 8.080527302685e-01 1.956788211512e+03
23 19 4 6.18356547 1.90155563 2.97229693 1.91207092 18.31947043 6.123666719631e+01 6.148912640058e-01 4.450621168479e+00 7.776514376166e-01 1.935815045532e+03
23 20 4 6.18356547 1.90155563 2.97229693 1.91207092 18.31947043 5.871656290305e+01 5.956815011151e-01 4.322494277442e+00 7.471867406868e-01 1.894239354528e+03
23 21 4 6.18356547 1.90155563 2.97229693 1.91207092 18.31947043 5.771368137072e+01 5.796842299361e-01 4.177849858422e+00 7.198642795676e-01 1.830995421746e+03
23 22 4 6.18356547 1.90155563 2.97229693 1.91207092 18.31947043 5.729553529449e+01 5.664246325945e-01 4.035866203508e+00 6.977414571685e-01 1.752711901690e+03
23 23 4 6.18356547 1.90155563 2.97229693 1.91207092 18.31947043 5.752310749269e+01 5.565091234684e-01 3.924694421800e+00 6.840619211089e-01 1.672003574655e+03
23 24 4 6.18356547 1.90155563 2.97229693 1.91207092 18.31947043 5.908322023280e+01 5.474654825887e-01 3.854768381004e+00 6.781400896717e-01 1.603796695327e+03
23 25 4 6.18356547 1.90155563 2.97229693 1.91207092 18.31947043 6.218657596029e+01 5.348294775770e-01 3.816128119621e+00 6.735851299808e-01 1.561023074134e+03
23 26 4 6.18356547 1.90155563 2.97229693 1.91207092 18.31947043 6.625727105623e+01 5.203332595148e-01 3.785818884950e+00 6.672160260075e-01 1.550357643971e+03
23 27 4 6.18356547 1.90155563 2.97229693 1.91207092 18.31947043 7.058772458775e+01 5.117980818477e-01 3.738403923689e+00 6.574927255645e-01 1.570152723534e+03
23 28 4 6.18356547 1.90155563 2.97229693 1.91207092 18.31947043 7.519798062454e+01 5.109427550187e-01 3.667094748370e+00 6.442503554215e-01 1.611355522993e+03
23 29 4 6.18356547 1.90155563 2.97229693 1.91207092 18.31947043 8.045154867248e+01 5.099198980062e-01 3.591438405567e+00 6.327343833772e-01 1.660456091612e+03
23 30 4 6.18356547 1.90155563 2.97229693 1.91207092 18.31947043 8.573385279232e+01 5.051209770180e-01 3.549596672158e+00 6.283246151596e-01 1.704228290601e+03
23 31 4 6.18356547 1.90155563 2.97229693 1.91207092 18.31947043 8.928274285771e+01 5.042772771718e-01 3.583168058614e+00 6.355034205541e-01 1.733291962816e+03
23 32 4 6.18356547 1.90155563 2.97229693 1.91207092 18.31947043 8.941488983981e+01 5.127810787136e-01 3.699807178800e+00 6.558801469477e-01 1.741175784512e+03
23 33 4 6.18356547 1.90155563 2.97229693 1.91207092 18.31947043 8.591360507194e+01 5.235878483171e-01 3.853450450325e+00 6.822338519996e-01 1.723713266596e+03
23 34 4 6.18356547 1.90155563 2.97229693 1.91207092 18.31947043 8.046043147656e+01 5.295426440205e-01 3.986795389238e+00 7.065766046551e-01 1.683565817828e+03
23 35 4 6.18356547 1.90155563 2.97229693 1.91207092 18.31947043 7.519272387958e+01 5.356864290707e-01 4.077027949679e+00 7.257507051724e-01 1.633315615157e+03
23 36 4 6.18356547 1.90155563 2.97229693 1.91207092 18.31947043 7.083556999174e+01 5.493796907477e-01 4.134922796653e+00 7.387272110448e-01 1.591025584225e+03
23 37 4 6.18356547 1.90155563 2.97229693 1.91207092 18.31947043 6.687880580974e+01 5.668967148620e-01 4.190338608894e+00 7.496625358572e-01 1.572993011242e+03
23 38 4 6.18356547 1.90155563 2.97229693 1.91207092 18.31947043 6.308031711233e+01 5.800853375919e-01 4.275309760783e+00 7.639058980127e-01 1.588790164620e+03
23 39 4 6.18356547 1.90155563 2.97229693 1.91207092 18.31947043 6.014183389933e+01 5.897087364904e-01 4.401836386563e+00 7.841643040385e-01 1.638722869969e+03
23 40 4 6.18356547 1.90155563 2.97229693 1.91207092 18.31947043 5.897977847465e+01 6.029157388493e-01 4.559245757660e+00 8.138087819725e-01 1.714336679097e+03
23 41 4 6.18356547 1.90155563 2.97229693 1.91207092 18.31947043 5.948174359411e+01 6.223701070461e-01 4.723779366834e+00 8.505674695862e-01 1.801808657699e+03
23 42 4 6.18356547 1.90155563 2.97229693 1.91207092 18.31947043 6.062874036607e+01 6.455625025424e-01 4.869414440110e+00 8.875442284416e-01 1.886018918807e+03
23 43 4 6.18356547 1.90155563 2.97229693 1.91207092 18.31947043 6.209314581189e+01 6.710316983002e-01 4.991205033797e+00 9.226423494855e-01 1.954636445155e+03
23 44 4 6.18356547 1.90155563 2.97229693 1.91207092 18.31947043 6.469570430070e+01 6.986030330367e-01 5.109919818150e+00 9.552408148666e-01 2.001444002291e+03
23 45 4 6.18356547 1.90155563 2.97229693 1.91207092 18.31947043 6.885228326918e+01 7.261603902985e-01 5.248186509837e+00 9.867372932901e-01 2.027038608168e+03
23 46 4 6.18356547 1.90155563 2.97229693 1.91207092 18.31947043 7.321153696280e+01 7.525079581990e-01 5.426310262421e+00 1.021174680719e+00 2.037646720561e+03
23 47 4 6.18356547 1.90155563 2.97229693 1.91207092 18.31947043 7.537873801480e+01 7.826451875822e-01 5.660627052685e+00 1.058351347119e+00 2.043592215636e+03
23 48 4 6.18356547 1.90155563 2.97229693 1.91207092 18.31947043 7.426942685423e+01 8.240711971148e-01 5.935969972489e+00 1.099381973948e+00 2.056623884584e+03
23 49 4 6.18356547 1.90155563 2.97229693 1.91207092 18.31947043 7.146706977907e+01 8.761532154937e-01 6.210998362930e+00 1.145453505131e+00 2.085927520627e+03
23 50 4 6.18356547 1.90155563 2.97229693 1.91207092 18.31947043 6.973255136340e+01 9.286275310488e-01 6.457139292334e+00 1.189910638292e+00 2.134976980017e+03
23 51 4 6.18356547 1.90155563 2.97229693 1.91207092 18.31947043 7.044514550875e+01 9.738456740855e-01 6.664411267592e+00 1.228917871393e+00 2.201373139516e+03
23 52 4 6.18356547 1.90155563 2.97229693 1.91207092 18.31947043 7.312167481806e+01 1.014697960467e+00 6.832264433915e+00 1.264069669788e+00 2.279226279503e+03
23 53 4 6.18356547 1.90155563 2.97229693 1.91207092 18.31947043 7.729223275540e+01 1.056871872904e+00 6.973648331453e+00 1.298090567886e+00 2.361360391485e+03
23 54 4 6.18356547 1.90155563 2.97229693 1.91207092 18.31947043 8.386921146949e+01 1.102560375938e+00 7.112182140472e+00 1.337741638964e+00 2.441200312377e+03
23 55 4 6.18356547 1.90155563 2.97229693 1.91207092 18.31947043 9.403728720216e+01 1.157358999035e+00 7.282673066948e+00 1.383060299933e+00 2.516319048755e+03
23 56 4 6.18356547 1.90155563 2.97229693 1.91207092 18.31947043 1.072822392471e+02 1.229152288483e+00 7.517601184618e+00 1.427807447459e+00 2.590733832474e+03
23 57 4 6.18356547 1.90155563 2.97229693 1.91207092 18.31947043 1.213826093663e+02 1.310210784246e+00 7.802058223747e+00 1.471353099273e+00 2.672114491901e+03
23 58 4 6.18356547 1.90155563 2.97229693 1.91207092 18.31947043 1.348300583862e+02 1.378136881514e+00 8.079478475606e+00 1.510333796382e+00 2.766709357261e+03
23 59 4 6.18356547 1.90155563 2.97229693 1.91207092 18.31947043 1.485787981916e+02 1.428742532239e+00 8.316472427816e+00 1.542573227560e+00 2.875262528585e+03
23 60 4 6.18356547 1.90155563 2.97229693 1.91207092 18.31947043 1.640005175459e+02 1.487791924589e+00 8.525171457168e+00 1.575467308670e+00 2.990566541731e+03
23 61 4 6.18356547 1.90155563 2.97229693 1.91207092 18.31947043 1.795236565133e+02 1.573407917681e+00 8.751470655715e+00 1.614650842401e+00 3.099028086346e+03
23 62 4 6.18356547 1.90155563 2.97229693 1.91207092 18.31947043 1.907795748713e+02 1.670380058108e+00 9.059493916551e+00 1.665083670138e+00 3.185547102015e+03
23 63 4 6.18356547 1.90155563 2.97229693 1.91207092 18.31947043 1.942193715683e+02 1.761086964324e+00 9.472266757650e+00 1.725815129475e+00 3.238518642065e+03
25 0 4 7.61609699 1.78952265 2.78594011 2.03716916 11.26222843 3.062592599750e+02 1.121190037643e+00 7.037280053405e+00 2.170595429480e+00 9.481506016097e+02
25 1 4 7.61609699 1.78952265 2.78594011 2.03716916 11.26222843 3.159701828212e+02 1.091026025610e+00 6.663057070497e+00 2.113082569134e+00 9.276280026937e+02
25 2 4 7.61609699 1.78952265 2.78594011 2.03716916 11.26222843 3.216029978017e+02 1.048989765281e+00 6.311703000808e+00 2.043078945405e+00 8.815039427139e+02
25 3 4 7.61609699 1.78952265 2.78594011 2.03716916 11.26222843 3.161613442541e+02 9.881102177923e-01 6.016843437045e+00 1.961413726089e+00 8.190605362204e+02
25 4 4 7.61609699 1.78952265 2.78594011 2.03716916 11.26222843 2.958443732105e+02 9.223883511833e-01 5.780198047677e+00 1.877972145702e+00 7.547756364527e+02
25 5 4 7.61609699 1.78952265 2.78594011 2.03716916 11.26222843 2.662790255239e+02 8.691422744828e-01 5.591455835175e+00 1.803319996802e+00 7.025960157155e+02
25 6 4 7.61609699 1.78952265 2.78594011 2.03716916 11.26222843 2.385268962274e+02 8.303456084701e-01 5.439848289359e+00 1.738556555894e+00 6.714503362017e+02
25 7 4 7.61609699 1.78952265 2.78594011 2.03716916 11.26222843 2.195209104222e+02 7.970113225666e-01 5.296370854733e+00 1.675678326524e+00 6.629323421087e+02
25 8 4 7.61609699 1.78952265 2.78594011 2.03716916 11.26222843 2.076464404715e+02 7.637505543157e-01 5.124947715304e+00 1.607914504752e+00 6.713701587811e+02
25 9 4 7.61609699 1.78952265 2.78594011 2.03716916 11.26222843 1.975421989744e+02 7.305606501057e-01 4.913929704316e+00 1.536690781176e+00 6.859481721834e+02
25 10 4 7.61609699 1.78952265 2.78594011 2.03716916 11.26222843 1.869698857667e+02 6.961385470117e-01 4.675978437417e+00 1.467808536928e+00 6.941673388247e+02
25 11 4 7.61609699 1.78952265 2.78594011 2.03716916 11.26222843 1.771952329862e+02 6.588227425996e-01 4.434413465722e+00 1.404293199219e+00 6.860416991057e+02
25 12 4 7.61609699 1.78952265 2.78594011 2.03716916 11.26222843 1.690929017142e+02 6.220280545020e-01 4.215575432727e+00 1.345313078330e+00 6.579393414949e+02
25 13 4 7.61609699 1.78952265 2.78594011 2.03716916 11.26222843 1.622536831201e+02 5.918736802147e-01 4.034014714406e+00 1.289642666827e+00 6.141186472858e+02
25 14 4 7.61609699 1.78952265 2.78594011 2.03716916 11.26222843 1.570746262957e+02 5.701411932605e-01 3.888895140152e+00 1.236917425903e+00 5.649147729944e+02
25 15 4 7.61609699 1.78952265 2.78594011 2.03716916 11.26222843 1.547661309722e+02 5.535569478479e-01 3.776719939577e+00 1.186302191403e+00 5.226874283641e+02
25 16 4 7.61609699 1.78952265 2.78594011 2.03716916 11.26222843 1.543165360363e+02 5.384963373251e-01 3.689193539417e+00 1.136910732278e+00 4.973214537687e+02
25 17 4 7.61609699 1.78952265 2.78594011 2.03716916 11.26222843 1.511945284398e+02 5.231415408681e-01 3.607810168116e+00 1.089794079673e+00 4.925437430993e+02
25 18 4 7.61609699 1.78952265 2.78594011 2.03716916 11.26222843 1.415254799032e+02 5.065394326708e-01 3.517660023295e+00 1.047247119281e+00 5.044585557398e+02
25 19 4 7.61609699 1.78952265 2.78594011 2.03716916 11.26222843 1.272641658196e+02 4.886307893139e-01 3.414294277557e+00 1.009574486388e+00 5.233855909790e+02
25 20 4 7.61609699 1.78952265 2.78594011 2.03716916 11.26222843 1.148524370080e+02 4.709807276327e-01 3.298802197032e+00 9.744872050787e-01 5.380633089271e+02
25 21 4 7.61609699 1.78952265 2.78594011 2.03716916 11.26222843 1.088920603239e+02 4.558988736080e-01 3.184326720045e+00 9.406802337761e-01 5.398677055645e+02
25 22 4 7.61609699 1.78952265 2.78594011 2.03716916 11.26222843 1.090215892916e+02 4.445481083407e-01 3.094294906618e+00 9.104867451860e-01 5.255264823491e+02
25 23 4 7.61609699 1.78952265 2.78594011 2.03716916 11.26222843 1.124328252328e+02 4.358591261804e-01 3.039410459934e+00 8.876697216510e-01 4.979054336954e+02
25 24 4 7.61609699 1.78952265 2.78594011 2.03716916 11.26222843 1.173534226830e+02 4.273152744654e-01 3.009506851261e+00 8.733639772881e-01 4.646812848268e+02
25 25 4 7.61609699 1.78952265 2.78594011 2.03716916 11.26222843 1.235475536954e+02 4.177305314864e-01 2.986898134879e+00 8.650634008603e-01 4.353592974975e+02
25 26 4 7.61609699 1.78952265 2.78594011 2.03716916 11.26222843 1.307639389618e+02 4.091749807901e-01 2.954358603470e+00 8.586325429300e-01 4.179170292225e+02
25 27 4 7.61609699 1.78952265 2.78594011 2.03716916 11.26222843 1.384724058082e+02 4.042527180167e-01 2.900906001662e+00 8.503653132804e-01 4.161410070377e+02
25 28 4 7.61609699 1.78952265 2.78594011 2.03716916 11.26222843 1.470760086620e+02 4.016462802748e-01 2.830990247856e+00 8.386308022199e-01 4.283923351350e+02
25 29 4 7.61609699 1.78952265 2.78594011 2.03716916 11.26222843 1.574103092071e+02 3.977138655335e-01 2.764370277184e+00 8.260379941946e-01 4.486223876915e+02
25 30 4 7.61609699 1.78952265 2.78594011 2.03716916 11.26222843 1.682817828657e+02 3.931128121592e-01 2.731048138693e+00 8.198984608549e-01 4.692396161089e+02
25 31 4 7.61609699 1.78952265 2.78594011 2.03716916 11.26222843 1.757085928958e+02 3.934369599907e-01 2.761025240663e+00 8.277596330013e-01 4.836170708016e+02
25 32 4 7.61609699 1.78952265 2.78594011 2.03716916 11.26222843 1.756452527300e+02 4.011990113919e-01 2.857703001520e+00 8.505160276050e-01 4.870544520838e+02
25 33 4 7.61609699 1.78952265 2.78594011 2.03716916 11.26222843 1.677953330260e+02 4.114842815376e-01 2.985239578171e+00 8.805674843369e-01 4.777158124807e+02
25 34 4 7.61609699 1.78952265 2.78594011 2.03716916 11.26222843 1.563469331200e+02 4.187085325503e-01 3.098734789154e+00 9.079267375773e-01 4.584317894218e+02
25 35 4 7.61609699 1.78952265 2.78594011 2.03716916 11.26222843 1.461023376361e+02 4.239615508743e-01 3.177214787087e+00 9.280105649282e-01 4.371009045342e+02
25 36 4 7.61609699 1.78952265 2.78594011 2.03716916 11.26222843 1.383871296104e+02 4.318655380249e-01 3.223996726037e+00 9.434783338746e-01 4.237020375835e+02
25 37 4 7.61609699 1.78952265 2.78594011 2.03716916 11.26222843 1.317560296618e+02 4.431434748511e-01 3.256742535997e+00 9.602241262996e-01 4.256880339265e+02
25 38 4 7.61609699 1.78952265 2.78594011 2.03716916 11.26222843 1.253971452204e+02 4.546092784191e-01 3.299591691047e+00 9.831867431518e-01 4.449076301359e+02
25 39 4 7.61609699 1.78952265 2.78594011 2.03716916 11.26222843 1.200122635398e+02 4.649314372793e-01 3.370393738890e+00 1.014737429821e+00 4.770604596283e+02
25 40 4 7.61609699 1.78952265 2.78594011 2.03716916 11.26222843 1.162171305020e+02 4.765284974909e-01 3.474660098133e+00 1.054059806677e+00 5.131875049425e+02
25 41 4 7.61609699 1.78952265 2.78594011 2.03716916 11.26222843 1.141987225281e+02 4.920141331213e-01 3.605731382607e+00 1.097143459726e+00 5.428122201678e+02
25 42 4 7.61609699 1.78952265 2.78594011 2.03716916 11.26222843 1.153428504160e+02 5.111910236792e-01 3.742369548887e+00 1.139316680942e+00 5.578625513099e+02
25 43 4 7.61609699 1.78952265 2.78594011 2.03716916 11.26222843 1.221912607522e+02 5.316134265533e-01 3.861976185735e+00 1.179263225686e+00 5.557861623791e+02
25 44 4 7.61609699 1.78952265 2.78594011 2.03716916 11.26222843 1.347432825082e+02 5.510268980717e-01 3.963319537695e+00 1.219698821409e+00 5.407443272430e+02
25 45 4 7.61609699 1.78952265 2.78594011 2.03716916 11.26222843 1.480485829708e+02 5.694218399113e-01 4.062050353131e+00 1.263296378399e+00 5.224596361965e+02
25 46 4 7.61609699 1.78952265 2.78594011 2.03716916 11.26222843 1.562376875929e+02 5.890109432041e-01 4.173481976519e+00 1.309227877317e+00 5.126848707433e+02
25 47 4 7.61609699 1.78952265 2.78594011 2.03716916 11.26222843 1.585822342952e+02 6.123057267583e-01 4.312982859543e+00 1.354929231189e+00 5.205225891216e+02
25 48 4 7.61609699 1.78952265 2.78594011 2.03716916 11.26222843 1.596244223180e+02 6.411273380971e-01 4.491631301993e+00 1.399909664723e+00 5.489826920590e+02
25 49 4 7.61609699 1.78952265 2.78594011 2.03716916 11.26222843 1.637932502893e+02 6.770789124827e-01 4.703560292485e+00 1.445885806117e+00 5.941367805688e+02
25 50 4 7.61609699 1.78952265 2.78594011 2.03716916 11.26222843 1.715169721150e+02 7.199223257513e-01 4.934640544698e+00 1.494009462854e+00 6.464582357360e+02
25 51 4 7.61609699 1.78952265 2.78594011 2.03716916 11.26222843 1.807907487041e+02 7.648112613975e-01 5.172578094512e+00 1.544183948109e+00 6.937899906216e+02
25 52 4 7.61609699 1.78952265 2.78594011 2.03716916 11.26222843 1.908268623516e+02 8.053065959790e-01 5.398112733765e+00 1.596522923291e+00 7.255140315932e+02
25 53 4 7.61609699 1.78952265 2.78594011 2.03716916 11.26222843 2.020224237709e+02 8.408689443376e-01 5.590482570139e+00 1.650613623985e+00 7.364506349686e+02
25 54 4 7.61609699 1.78952265 2.78594011 2.03716916 11.26222843 2.134161810988e+02 8.771958065916e-01 5.746324580638e+00 1.703252572559e+00 7.287533118264e+02
25 55 4 7.61609699 1.78952265 2.78594011 2.03716916 11.26222843 2.239179261227e+02 9.183116209592e-01 5.881233747927e+00 1.750571251464e+00 7.114586421649e+02
25 56 4 7.61609699 1.78952265 2.78594011 2.03716916 11.26222843 2.363031752659e+02 9.644277198512e-01 6.026728202573e+00 1.794217244927e+00 6.981069825384e+02
25 57 4 7.61609699 1.78952265 2.78594011 2.03716916 11.26222843 2.561429228878e+02 1.018073587745e+00 6.221488140395e+00 1.842170411110e+00 7.025307046047e+02
25 58 4 7.61609699 1.78952265 2.78594011 2.03716916 11.26222843 2.844710917310e+02 1.082440504721e+00 6.480486082421e+00 1.899963432298e+00 7.335533345846e+02
25 59 4 7.61609699 1.78952265 2.78594011 2.03716916 11.26222843 3.130673861261e+02 1.150115420596e+00 6.787328850418e+00 1.962665102147e+00 7.907088361196e+02
25 60 4 7.61609699 1.78952265 2.78594011 2.03716916 11.26222843 3.303283234525e+02 1.204786370979e+00 7.123192215388e+00 2.019257528654e+00 8.632239492895e+02
25 61 4 7.61609699 1.78952265 2.78594011 2.03716916 11.26222843 3.326164173569e+02 1.242011684114e+00 7.467468473097e+00 2.064880566701e+00 9.333727002541e+02
25 62 4 7.61609699 1.78952265 2.78594011 2.03716916 11.26222843 3.265452775146e+02 1.279793436329e+00 7.781610988199e+00 2.106122466350e+00 9.834936435686e+02
25 63 4 7.61609699 1.78952265 2.78594011 2.03716916 11.26222843 3.193056503360e+02 1.339780811213e+00 8.035392870904e+00 2.154682603920e+00 1.003598340925e+03
26 0 4 2.16575104 1.79197537 1.45826293 1.36334536 2.62814239 3.345224884388e+00 2.135259212040e+00 5.661575203512e-03 3.634931904646e-05 6.189879567549e+00
26 1 4 2.16575104 1.79197537 1.45826293 1.36334536 2.62814239 3.056656704489e+00 2.052134332517e+00 5.052864121036e-03 3.159636417068e-05 6.134138980559e+00
26 2 4 2.16575104 1.79197537 1.45826293 1.36334536 2.62814239 2.763122402171e+00 1.973480385000e+00 4.453512454977e-03 2.702666695909e-05 6.077677302396e+00
26 3 4 2.16575104 1.79197537 1.45826293 1.36334536 2.62814239 2.623533756121e+00 1.901857777448e+00 3.928185646633e-03 2.307198281736e-05 6.004308568827e+00
26 4 4 2.16575104 1.79197537 1.45826293 1.36334536 2.62814239 2.649144806127e+00 1.836662007998e+00 3.536580871287e-03 2.005804925942e-05 5.915115556811e+00
26 5 4 2.16575104 1.79197537 1.45826293 1.36334536 2.62814239 2.709444181343e+00 1.774725603558e+00 3.321381782939e-03 1.817053302605e-05 5.821669727692e+00
26 6 4 2.16575104 1.79197537 1.45826293 1.36334536 2.62814239 2.656401822436e+00 1.712627483346e+00 3.299900361200e-03 1.744173604719e-05 5.735001981953e+00
26 7 4 2.16575104 1.79197537 1.45826293 1.36334536 2.62814239 2.451769282838e+00 1.648999295103e+00 3.460905269661e-03 1.775813304738e-05 5.660589646024e+00
26 8 4 2.16575104 1.79197537 1.45826293 1.36334536 2.62814239 2.191578820045e+00 1.585248201546e+00 3.766983085016e-03 1.888607895463e-05 5.598000564863e+00
26 9 4 2.16575104 1.79197537 1.45826293 1.36334536 2.62814239 2.016130652968e+00 1.524342160012e+00 4.161631738474e-03 2.051087537133e-05 5.540518029602e+00
26 10 4 2.16575104 1.79197537 1.45826293 1.36334536 2.62814239 1.988905539809e+00 1.468674713503e+00 4.579389520424e-03 2.228305888123e-05 5.476436598140e+00
26 11 4 2.16575104 1.79197537 1.45826293 1.36334536 2.62814239 2.048076231958e+00 1.418565142999e+00 4.956829487063e-03 2.386537323905e-05 5.396239938013e+00
26 12 4 2.16575104 1.79197537 1.45826293 1.36334536 2.62814239 2.067883771545e+00 1.372351939262e+00 5.242263425997e-03 2.497438019857e-05 5.302059182529e+00
26 13 4 2.16575104 1.79197537 1.45826293 1.36334536 2.62814239 1.972136741980e+00 1.327828725893e+00 5.402455283347e-03 2.541189902726e-05 5.208588009958e+00
26 14 4 2.16575104 1.79197537 1.45826293 1.36334536 2.62814239 1.799052563963e+00 1.283861519134e+00 5.425403276806e-03 2.508320564606e-05 5.130932731631e+00
26 15 4 2.16575104 1.79197537 1.45826293 1.36334536 2.62814239 1.662083707126e+00 1.241027836546e+00 5.319122756662e-03 2.400088731118e-05 5.070020867693e+00
26 16 4 2.16575104 1.79197537 1.45826293 1.36334536 2.62814239 1.644853786804e+00 1.200940853079e+00 5.107153223729e-03 2.227515565722e-05 5.011541236304e+00
26 17 4 2.16575104 1.79197537 1.45826293 1.36334536 2.62814239 1.726098265315e+00 1.164900416736e+00 4.822066341921e-03 2.009302641203e-05 4.940955179660e+00
26 18 4 2.16575104 1.79197537 1.45826293 1.36334536 2.62814239 1.800753151868e+00 1.132933687561e+00 4.498479542847e-03 1.768990335077e-05 4.858878939963e+00
26 19 4 2.16575104 1.79197537 1.45826293 1.36334536 2.62814239 1.774737728106e+00 1.103901397029e+00 4.166974042484e-03 1.531766723244e-05 4.779742879193e+00
26 20 4 2.16575104 1.79197537 1.45826293 1.36334536 2.62814239 1.645947763009e+00 1.076501008842e+00 3.849940742316e-03 1.321336485436e-05 4.715097530407e+00
26 21 4 2.16575104 1.79197537 1.45826293 1.36334536 2.62814239 1.500679237600e+00 1.050343486493e+00 3.559845306783e-03 1.157209252334e-05 4.660616630231e+00
26 22 4 2.16575104 1.79197537 1.45826293 1.36334536 2.62814239 1.433688056097e+00 1.026275745226e+00 3.299845384402e-03 1.052680120063e-05 4.601949078520e+00
26 23 4 2.16575104 1.79197537 1.45826293 1.36334536 2.62814239 1.466456716650e+00 1.005725501350e+00 3.066226650559e-03 1.013667553584e-05 4.532863638846e+00
26 24 4 2.16575104 1.79197537 1.45826293 1.36334536 2.62814239 1.534170972396e+00 9.895844591522e-01 2.851832529893e-03 1.038461637571e-05 4.464388719872e+00
26 25 4 2.16575104 1.79197537 1.45826293 1.36334536 2.62814239 1.547280155985e+00 9.774777849128e-01 2.649579899283e-03 1.118332548574e-05 4.413325996904e+00
26 26 4 2.16575104 1.79197537 1.45826293 1.36334536 2.62814239 1.469877897399e+00 9.679708327861e-01 2.455267151028e-03 1.238865424816e-05 4.382252562955e+00
26 27 4 2.16575104 1.79197537 1.45826293 1.36334536 2.62814239 1.348032468772e+00 9.595737234475e-01 2.269141790994e-03 1.381829232143e-05 4.353978845446e+00
26 28 4 2.16575104 1.79197537 1.45826293 1.36334536 2.62814239 1.268052754798e+00 9.518246112404e-01 2.096030993848e-03 1.527355147367e-05 4.308344416975e+00
26 29 4 2.16575104 1.79197537 1.45826293 1.36334536 2.62814239 1.283390711926e+00 9.456720186623e-01 1.944174794926e-03 1.656192276317e-05 4.244267542912e+00
26 30 4 2.16575104 1.79197537 1.45826293 1.36334536 2.62814239 1.371719049688e+00 9.428693856612e-01 1.823172809176e-03 1.751820848001e-05 4.182877920591e+00
26 31 4 2.16575104 1.79197537 1.45826293 1.36334536 2.62814239 1.456210333557e+00 9.447893033336e-01 1.741616561597e-03 1.802230225726e-05 4.146998301975e+00
26 32 4 2.16575104 1.79197537 1.45826293 1.36334536 2.62814239 1.471938578995e+00 9.514754818421e-01 1.705010123597e-03 1.801206408628e-05 4.137698109780e+00
26 33 4 2.16575104 1.79197537 1.45826293 1.36334536 2.62814239 1.421640337697e+00 9.615932875144e-01 1.714485376858e-03 1.749017615427e-05 4.132505226532e+00
26 34 4 2.16575104 1.79197537 1.45826293 1.36334536 2.62814239 1.373334898486e+00 9.733230865106e-01 1.766619318860e-03 1.652434917717e-05 4.107494910921e+00
26 35 4 2.16575104 1.79197537 1.45826293 1.36334536 2.62814239 1.400111739400e+00 9.855888900248e-01 1.854399641351e-03 1.524076689778e-05 4.060523471271e+00
26 36 4 2.16575104 1.79197537 1.45826293 1.36334536 2.62814239 1.512546825801e+00 9.987782636295e-01 1.969111479208e-03 1.381120193488e-05 4.011900673492e+00
26 37 4 2.16575104 1.79197537 1.45826293 1.36334536 2.62814239 1.644022077233e+00 1.014456399126e+00 2.102686058836e-03 1.243479698401e-05 3.982682567441e+00
26 38 4 2.16575104 1.79197537 1.45826293 1.36334536 2.62814239 1.706041212947e+00 1.034274214809e+00 2.249909960569e-03 1.131605565207e-05 3.973863346135e+00
26 39 4 2.16575104 1.79197537 1.45826293 1.36334536 2.62814239 1.667922970556e+00 1.058835590796e+00 2.409878250027e-03 1.064108298966e-05 3.967636448920e+00
26 40 4 2.16575104 1.79197537 1.45826293 1.36334536 2.62814239 1.588924567645e+00 1.087321511045e+00 2.586201451957e-03 1.055449589412e-05 3.947626875242e+00
26 41 4 2.16575104 1.79197537 1.45826293 1.36334536 2.62814239 1.569447405868e+00 1.118133548514e+00 2.785733605689e-03 1.113961663588e-05 3.915284527948e+00
26 42 4 2.16575104 1.79197537 1.45826293 1.36334536 2.62814239 1.661235526369e+00 1.150084978090e+00 3.015935023264e-03 1.240449969192e-05 3.885413222850e+00
26 43 4 2.16575104 1.79197537 1.45826293 1.36334536 2.62814239 1.817656131014e+00 1.183261518360e+00 3.281351093801e-03 1.427597169566e-05 3.867623713299e+00
26 44 4 2.16575104 1.79197537 1.45826293 1.36334536 2.62814239 1.932588708638e+00 1.218905217192e+00 3.579993917299e-03 1.660316944025e-05 3.855457879391e+00
26 45 4 2.16575104 1.79197537 1.45826293 1.36334536 2.62814239 1.936415660594e+00 1.258398326300e+00 3.900574018886e-03 1.917107101064e-05 3.834972884160e+00
26 46 4 2.16575104 1.79197537 1.45826293 1.36334536 2.62814239 1.863236146228e+00 1.302118168162e+00 4.221483326442e-03 2.172331267864e-05 3.801947375695e+00
26 47 4 2.16575104 1.79197537 1.45826293 1.36334536 2.62814239 1.826501850728e+00 1.349068924627e+00 4.512156505356e-03 2.399230173218e-05 3.767510188667e+00
26 48 4 2.16575104 1.79197537 1.45826293 1.36334536 2.62814239 1.921495924604e+00 1.397633396939e+00 4.736966549450e-03 2.573344300449e-05 3.745887278214e+00
26 49 4 2.16575104 1.79197537 1.45826293 1.36334536 2.62814239 2.139452997892e+00 1.446915604935e+00 4.861226578417e-03 2.675938043929e-05 3.738450498091e+00
26 50 4 2.16575104 1.79197537 1.45826293 1.36334536 2.62814239 2.370116908020e+00 1.497622834722e+00 4.858298248503e-03 2.696968825985e-05 3.731935095813e+00
26 51 4 2.16575104 1.79197537 1.45826293 1.36334536 2.62814239 2.493880636325e+00 1.551705592500e+00 4.716388745502e-03 2.637156031601e-05 3.712295647071e+00
26 52 4 2.16575104 1.79197537 1.45826293 1.36334536 2.62814239 2.486424820396e+00 1.610896584912e+00 4.443476047700e-03 2.508780195813e-05 3.678721973502e+00
26 53 4 2.16575104 1.79197537 1.45826293 1.36334536 2.62814239 2.444625408013e+00 1.675198439917e+00 4.069007937287e-03 2.334979756364e-05 3.643591489450e+00
26 54 4 2.16575104 1.79197537 1.45826293 1.36334536 2.62814239 2.506084192264e+00 1.742541627814e+00 3.641569943236e-03 2.147498269692e-05 3.620344639683e+00
26 55 4 2.16575104 1.79197537 1.45826293 1.36334536 2.62814239 2.725953833511e+00 1.810052876075e+00 3.222522118421e-03 1.983047726424e-05 3.612892010794e+00
26 56 4 2.16575104 1.79197537 1.45826293 1.36334536 2.62814239 3.018058789789e+00 1.876152730894e+00 2.876502601470e-03 1.878665267244e-05 3.615448576069e+00
26 57 4 2.16575104 1.79197537 1.45826293 1.36334536 2.62814239 3.220311363939e+00 1.941952019889e+00 2.660484728745e-03 1.866619915811e-05 3.619184445106e+00
26 58 4 2.16575104 1.79197537 1.45826293 1.36334536 2.62814239 3.237593931076e+00 2.010779226929e+00 2.613556442990e-03 1.969543092372e-05 3.617518540350e+00
26 59 4 2.16575104 1.79197537 1.45826293 1.36334536 2.62814239 3.137543645695e+00 2.085979813886e+00 2.749622619044e-03 2.196488035705e-05 3.607972204573e+00
26 60 4 2.16575104 1.79197537 1.45826293 1.36334536 2.62814239 3.103346442199e+00 2.168465634347e+00 3.054764277849e-03 2.540555696220e-05 3.593750615240e+00
26 61 4 2.16575104 1.79197537 1.45826293 1.36334536 2.62814239 3.272121733997e+00 2.255827856460e+00 3.490090381593e-03 2.978558542957e-05 3.584778120914e+00
26 62 4 2.16575104 1.79197537 1.45826293 1.36334536 2.62814239 3.601361174663e+00 2.343809588350e+00 3.999763559377e-03 3.472944190793e-05 3.593007163777e+00
26 63 4 2.16575104 1.79197537 1.45826293 1.36334536 2.62814239 3.895274617692e+00 2.429226569605e+00 4.522720645544e-03 3.975896790668e-05 3.621506764914e+00
