# environment=00272 local_bs=0 gain_scale=3.306370648330e-13
# ue subcarrier serving_bs phi0 phi1 phi2 phi3 phi4 gain0 gain1 gain2 gain3 gain4
1 0 0 1.39567169 1.07855894 0.68739128 0.71519451 0.85582167 3.415362087259e+00 1.246866607660e+00 1.831229588945e-01 2.445326366524e-01 4.961372783493e-01
1 1 0 1.39567169 1.07855894 0.68739128 0.71519451 0.85582167 3.335309857613e+00 1.209227047160e+00 1.704557773551e-01 2.391793081693e-01 4.886127107445e-01
1 2 0 1.39567169 1.07855894 0.68739128 0.71519451 0.85582167 3.196565209184e+00 1.150724355862e+00 1.574074654425e-01 2.304085200073e-01 4.590399604805e-01
1 3 0 1.39567169 1.07855894 0.68739128 0.71519451 0.85582167 3.078832089395e+00 1.112137738701e+00 1.424349243906e-01 2.202130549255e-01 4.530420100904e-01
1 4 0 1.39567169 1.07855894 0.68739128 0.71519451 0.85582167 2.975497233364e+00 1.044104448114e+00 1.299645711731e-01 2.078663800859e-01 4.214042076493e-01
1 5 0 1.39567169 1.07855894 0.68739128 0.71519451 0.85582167 2.845119883155e+00 1.057120097891e+00 1.200952441102e-01 1.971758603021e-01 3.991826754875e-01
1 6 0 1.39567169 1.07855894 0.68739128 0.71519451 0.85582167 2.700383710316e+00 9.902684275568e-01 1.083204682639e-01 1.926696479906e-01 4.120393739091e-01
1 7 0 1.39567169 1.07855894 0.68739128 0.71519451 0.85582167 2.614580953382e+00 9.591735708534e-01 9.904746479223e-02 1.866684869297e-01 3.856662980502e-01
1 8 0 1.39567169 1.07855894 0.68739128 0.71519451 0.85582167 2.541696860639e+00 9.200308994804e-01 9.231058684030e-02 1.832963079491e-01 3.627822770914e-01
1 9 0 1.39567169 1.07855894 0.68739128 0.71519451 0.85582167 2.447403870406e+00 8.803541977155e-01 8.492231908079e-02 1.812938897470e-01 3.611528444310e-01
1 10 0 1.39567169 1.07855894 0.68739128 0.71519451 0.85582167 2.396832734320e+00 8.800887024536e-01 7.920140483044e-02 1.707785720752e-01 3.477423858584e-01
1 11 0 1.39567169 1.07855894 0.68739128 0.71519451 0.85582167 2.323268297261e+00 8.214234810012e-01 7.251431470926e-02 1.603697530367e-01 3.291304631346e-01
1 12 0 1.39567169 1.07855894 0.68739128 0.71519451 0.85582167 2.220701561018e+00 8.080537235004e-01 6.907370261664e-02 1.553160065706e-01 3.123323553705e-01
1 13 0 1.39567169 1.07855894 0.68739128 0.71519451 0.85582167 2.159734200635e+00 7.612238646942e-01 6.265965883150e-02 1.523276222254e-01 3.134431933970e-01
1 14 0 1.39567169 1.07855894 0.68739128 0.71519451 0.85582167 2.088279682438e+00 7.559502217585e-01 5.728546680627e-02 1.484733769449e-01 3.069280663469e-01
1 15 0 1.39567169 1.07855894 0.68739128 0.71519451 0.85582167 2.024912348983e+00 7.344938608780e-01 5.368118227480e-02 1.406536072670e-01 2.863361685079e-01
1 16 0 1.39567169 1.07855894 0.68739128 0.71519451 0.85582167 1.943506493221e+00 6.958887182144e-01 4.853136543926e-02 1.340685953423e-01 2.818233732918e-01
1 17 0 1.39567169 1.07855894 0.68739128 0.71519451 0.85582167 1.893811498039e+00 6.875260954739e-01 4.496270688581e-02 1.308722559937e-01 2.752573738260e-01
1 18 0 1.39567169 1.07855894 0.68739128 0.71519451 0.85582167 1.807119889772e+00 6.534503534350e-01 4.153686489587e-02 1.312125790319e-01 2.596986646903e-01
1 19 0 1.39567169 1.07855894 0.68739128 0.71519451 0.85582167 1.766591101644e+00 6.508174427563e-01 3.991014186772e-02 1.338152308223e-01 2.549767985861e-01
1 20 0 1.39567169 1.07855894 0.68739128 0.71519451 0.85582167 1.731757692318e+00 6.348960763365e-01 3.766758437328e-02 1.285591641914e-01 2.552623172344e-01
1 21 0 1.39567169 1.07855894 0.68739128 0.71519451 0.85582167 1.705167228433e+00 6.109780225472e-01 3.620709561747e-02 1.186652803713e-01 2.491108143445e-01
1 22 0 1.39567169 1.07855894 0.68739128 0.71519451 0.85582167 1.677682111393e+00 5.967752083247e-01 3.591564844507e-02 1.130470136283e-01 2.389446736639e-01
1 23 0 1.39567169 1.07855894 0.68739128 0.71519451 0.85582167 1.650317648612e+00 5.881052856200e-01 3.509279982649e-02 1.095162722037e-01 2.311269934156e-01
1 24 0 1.39567169 1.07855894 0.68739128 0.71519451 0.85582167 1.614442746201e+00 5.779366493222e-01 3.373881877775e-02 1.088701543438e-01 2.316749185128e-01
1 25 0 1.39567169 1.07855894 0.68739128 0.71519451 0.85582167 1.581679489558e+00 5.798434146740e-01 3.365109352080e-02 1.111006768888e-01 2.280914844929e-01
1 26 0 1.39567169 1.07855894 0.68739128 0.71519451 0.85582167 1.575403486687e+00 5.564999544169e-01 3.289819420245e-02 1.142308913304e-01 2.209936957765e-01
1 27 0 1.39567169 1.07855894 0.68739128 0.71519451 0.85582167 1.539344278590e+00 5.468166502776e-01 3.202519606862e-02 1.165656760423e-01 2.238458671764e-01
1 28 0 1.39567169 1.07855894 0.68739128 0.71519451 0.85582167 1.537190475533e+00 5.534508124895e-01 3.184163811756e-02 1.135769157301e-01 2.211304513712e-01
1 29 0 1.39567169 1.07855894 0.68739128 0.71519451 0.85582167 1.508780588742e+00 5.557615351371e-01 3.197511546418e-02 1.067629138241e-01 2.201835927480e-01
1 30 0 1.39567169 1.07855894 0.68739128 0.71519451 0.85582167 1.503481734610e+00 5.581312225243e-01 3.307468748265e-02 9.891719218854e-02 2.192836321113e-01
1 31 0 1.39567169 1.07855894 0.68739128 0.71519451 0.85582167 1.487213173024e+00 5.193705321212e-01 3.312635680378e-02 9.574640571559e-02 2.103562906293e-01
1 32 0 1.39567169 1.07855894 0.68739128 0.71519451 0.85582167 1.527993023390e+00 5.540171731114e-01 3.584284264553e-02 1.042018738466e-01 2.192162816815e-01
1 33 0 1.39567169 1.07855894 0.68739128 0.71519451 0.85582167 1.522404773800e+00 5.689678172666e-01 3.761510621603e-02 1.145917349626e-01 2.250424058097e-01
1 34 0 1.39567169 1.07855894 0.68739128 0.71519451 0.85582167 1.562730708004e+00 5.485036986457e-01 3.937833341523e-02 1.178264298820e-01 2.211649723723e-01
1 35 0 1.39567169 1.07855894 0.68739128 0.71519451 0.85582167 1.572480776334e+00 5.560915173614e-01 4.216428720120e-02 1.159933490038e-01 2.251678098338e-01
1 36 0 1.39567169 1.07855894 0.68739128 0.71519451 0.85582167 1.588487564589e+00 5.613860968559e-01 4.442428010356e-02 1.106719324125e-01 2.240256258409e-01
1 37 0 1.39567169 1.07855894 0.68739128 0.71519451 0.85582167 1.604419219967e+00 5.904595811028e-01 4.709507351563e-02 1.073061704197e-01 2.295029975834e-01
1 38 0 1.39567169 1.07855894 0.68739128 0.71519451 0.85582167 1.640120130155e+00 5.888233507535e-01 4.873811768471e-02 1.085254462750e-01 2.369194806281e-01
1 39 0 1.39567169 1.07855894 0.68739128 0.71519451 0.85582167 1.664546781777e+00 5.945534369597e-01 5.225927469708e-02 1.129617011687e-01 2.363763254367e-01
1 40 0 1.39567169 1.07855894 0.68739128 0.71519451 0.85582167 1.696185356629e+00 6.109132612842e-01 5.557509282368e-02 1.200195936538e-01 2.445408165319e-01
1 41 0 1.39567169 1.07855894 0.68739128 0.71519451 0.85582167 1.731637859462e+00 6.268085367911e-01 5.869267544593e-02 1.264007508452e-01 2.551679984246e-01
1 42 0 1.39567169 1.07855894 0.68739128 0.71519451 0.85582167 1.758723022136e+00 6.483937087951e-01 6.357159224389e-02 1.329402200599e-01 2.595471867760e-01
1 43 0 1.39567169 1.07855894 0.68739128 0.71519451 0.85582167 1.812344690063e+00 6.681126816863e-01 6.991102032487e-02 1.355785399306e-01 2.608024864477e-01
1 44 0 1.39567169 1.07855894 0.68739128 0.71519451 0.85582167 1.886130042733e+00 6.710893822043e-01 7.513405812228e-02 1.309103114375e-01 2.667722743919e-01
1 45 0 1.39567169 1.07855894 0.68739128 0.71519451 0.85582167 1.947860665966e+00 7.021129382419e-01 8.229076780757e-02 1.309705967690e-01 2.830730300284e-01
1 46 0 1.39567169 1.07855894 0.68739128 0.71519451 0.85582167 2.031614019483e+00 7.273674994325e-01 8.992512242180e-02 1.381787903528e-01 2.932949379306e-01
1 47 0 1.39567169 1.07855894 0.68739128 0.71519451 0.85582167 2.094138367316e+00 7.455821848412e-01 9.764843473646e-02 1.465011574761e-01 2.956763051778e-01
1 48 0 1.39567169 1.07855894 0.68739128 0.71519451 0.85582167 2.150550129558e+00 7.867567646725e-01 1.050895559523e-01 1.545796106851e-01 3.130876607865e-01
1 49 0 1.39567169 1.07855894 0.68739128 0.71519451 0.85582167 2.211226931818e+00 7.811621787679e-01 1.120031784065e-01 1.582382712114e-01 3.239504695612e-01
1 50 0 1.39567169 1.07855894 0.68739128 0.71519451 0.85582167 2.304492262592e+00 8.339104107456e-01 1.227951679410e-01 1.610254189648e-01 3.214280743325e-01
1 51 0 1.39567169 1.07855894 0.68739128 0.71519451 0.85582167 2.366376977689e+00 8.573663043115e-01 1.289552034187e-01 1.675540686742e-01 3.404799701376e-01
1 52 0 1.39567169 1.07855894 0.68739128 0.71519451 0.85582167 2.443925755057e+00 8.962661481991e-01 1.390476676312e-01 1.770285428479e-01 3.619790977350e-01
1 53 0 1.39567169 1.07855894 0.68739128 0.71519451 0.85582167 2.536976458922e+00 9.241686045792e-01 1.507335503040e-01 1.861602261021e-01 3.729397262489e-01
1 54 0 1.39567169 1.07855894 0.68739128 0.71519451 0.85582167 2.606164645311e+00 9.356961694591e-01 1.620265910435e-01 1.872725163633e-01 3.783123140032e-01
1 55 0 1.39567169 1.07855894 0.68739128 0.71519451 0.85582167 2.698179599977e+00 1.007487084930e+00 1.756109270698e-01 1.892078784542e-01 3.941499419026e-01
1 56 0 1.39567169 1.07855894 0.68739128 0.71519451 0.85582167 2.850095112885e+00 1.018662742811e+00 1.892126428867e-01 1.988326941430e-01 4.241712520338e-01
1 57 0 1.39567169 1.07855894 0.68739128 0.71519451 0.85582167 2.970908872392e+00 1.088369018086e+00 2.075815571858e-01 2.069901879709e-01 4.177068434221e-01
1 58 0 1.39567169 1.07855894 0.68739128 0.71519451 0.85582167 3.079535914097e+00 1.091280617132e+00 2.220994792344e-01 2.182552945263e-01 4.307479551530e-01
1 59 0 1.39567169 1.07855894 0.68739128 0.71519451 0.85582167 3.216906077355e+00 1.135417373729e+00 2.380065265094e-01 2.313331005680e-01 4.756413786913e-01
1 60 0 1.39567169 1.07855894 0.68739128 0.71519451 0.85582167 3.308372692713e+00 1.210547007878e+00 2.569737932408e-01 2.385969311504e-01 4.784914260427e-01
1 61 0 1.39567169 1.07855894 0.68739128 0.71519451 0.85582167 3.396467003708e+00 1.234389291734e+00 2.740095850969e-01 2.448565966301e-01 4.968568175272e-01
1 62 0 1.39567169 1.07855894 0.68739128 0.71519451 0.85582167 3.542140885623e+00 1.295788386863e+00 2.884865684127e-01 2.501277082672e-01 5.162142391177e-01
1 63 0 1.39567169 1.07855894 0.68739128 0.71519451 0.85582167 3.670393325411e+00 1.296755427857e+00 3.084774620058e-01 2.577859611923e-01 5.193413225802e-01
2 0 0 2.23106454 1.27274933 0.69228855 0.78484329 1.03658674 2.123665694987e+01 2.411768447765e+00 2.672943715310e-01 3.592730564735e-01 1.081301640316e+00
2 1 0 2.23106454 1.27274933 0.69228855 0.78484329 1.03658674 2.051257766161e+01 2.301206585326e+00 2.589529627611e-01 3.440955573284e-01 1.073996879101e+00
2 2 0 2.23106454 1.27274933 0.69228855 0.78484329 1.03658674 1.972355375090e+01 2.213098557627e+00 2.465430295037e-01 3.210753928245e-01 9.185201385266e-01
2 3 0 2.23106454 1.27274933 0.69228855 0.78484329 1.03658674 1.912704704152e+01 2.116766507287e+00 2.332840553351e-01 3.073964542658e-01 9.725948912601e-01
2 4 0 2.23106454 1.27274933 0.69228855 0.78484329 1.03658674 1.854360258906e+01 2.079209772572e+00 2.211099510531e-01 3.038304474617e-01 9.304885964762e-01
2 5 0 2.23106454 1.27274933 0.69228855 0.78484329 1.03658674 1.797474144584e+01 1.959880673853e+00 2.122624301428e-01 3.007625359411e-01 8.322095904474e-01
2 6 0 2.23106454 1.27274933 0.69228855 0.78484329 1.03658674 1.728256245880e+01 1.906257060255e+00 2.005378305744e-01 2.904394884411e-01 9.040657044544e-01
2 7 0 2.23106454 1.27274933 0.69228855 0.78484329 1.03658674 1.655355742601e+01 1.858441199200e+00 1.877674360329e-01 2.685146312492e-01 8.125193335276e-01
2 8 0 2.23106454 1.27274933 0.69228855 0.78484329 1.03658674 1.596547217879e+01 1.783519429870e+00 1.773879483816e-01 2.532611494924e-01 7.558886466311e-01
2 9 0 2.23106454 1.27274933 0.69228855 0.78484329 1.03658674 1.536166554983e+01 1.705768854512e+00 1.643984428275e-01 2.501471750433e-01 8.166478865950e-01
2 10 0 2.23106454 1.27274933 0.69228855 0.78484329 1.03658674 1.484872957677e+01 1.634523079612e+00 1.553518283042e-01 2.473287559318e-01 7.020441845212e-01
2 11 0 2.23106454 1.27274933 0.69228855 0.78484329 1.03658674 1.437238440599e+01 1.610704116300e+00 1.458457230248e-01 2.425682083920e-01 6.963415258577e-01
2 12 0 2.23106454 1.27274933 0.69228855 0.78484329 1.03658674 1.391330074341e+01 1.556440877708e+00 1.332233016358e-01 2.313460930314e-01 7.201163617903e-01
2 13 0 2.23106454 1.27274933 0.69228855 0.78484329 1.03658674 1.348007178227e+01 1.471210554170e+00 1.238009538523e-01 2.164511850300e-01 6.320689821100e-01
2 14 0 2.23106454 1.27274933 0.69228855 0.78484329 1.03658674 1.307391230263e+01 1.460795610873e+00 1.159359864157e-01 2.051247114180e-01 6.525522583712e-01
2 15 0 2.23106454 1.27274933 0.69228855 0.78484329 1.03658674 1.268384693392e+01 1.382008484741e+00 1.089252598904e-01 2.002580726029e-01 6.519949696269e-01
2 16 0 2.23106454 1.27274933 0.69228855 0.78484329 1.03658674 1.238076394637e+01 1.358502161957e+00 1.013463862492e-01 2.051710704120e-01 5.628552663251e-01
2 17 0 2.23106454 1.27274933 0.69228855 0.78484329 1.03658674 1.198007476057e+01 1.310111918632e+00 9.562628861610e-02 2.048945740696e-01 5.896801052343e-01
2 18 0 2.23106454 1.27274933 0.69228855 0.78484329 1.03658674 1.155504636980e+01 1.287347012360e+00 9.098082980294e-02 1.891003552271e-01 5.844747705595e-01
2 19 0 2.23106454 1.27274933 0.69228855 0.78484329 1.03658674 1.120629233980e+01 1.245165870729e+00 8.651493287545e-02 1.735688186814e-01 5.199961755663e-01
2 20 0 2.23106454 1.27274933 0.69228855 0.78484329 1.03658674 1.093487203644e+01 1.202854549238e+00 8.426708691410e-02 1.699188343987e-01 5.666998485044e-01
2 21 0 2.23106454 1.27274933 0.69228855 0.78484329 1.03658674 1.072849003488e+01 1.177976667916e+00 7.955509971816e-02 1.761341207446e-01 5.312868710049e-01
2 22 0 2.23106454 1.27274933 0.69228855 0.78484329 1.03658674 1.051817955951e+01 1.159497599871e+00 7.591911113471e-02 1.789968030647e-01 4.830515994914e-01
2 23 0 2.23106454 1.27274933 0.69228855 0.78484329 1.03658674 1.034440105434e+01 1.149501706258e+00 7.486230527405e-02 1.709925573489e-01 5.321592112841e-01
2 24 0 2.23106454 1.27274933 0.69228855 0.78484329 1.03658674 1.018917330201e+01 1.104133642114e+00 7.268979952314e-02 1.619209849010e-01 4.852962670991e-01
2 25 0 2.23106454 1.27274933 0.69228855 0.78484329 1.03658674 1.003368827477e+01 1.091079148540e+00 7.084973961965e-02 1.547206271486e-01 4.670548086992e-01
2 26 0 2.23106454 1.27274933 0.69228855 0.78484329 1.03658674 9.880830199362e+00 1.091618136050e+00 6.921919817918e-02 1.517224607208e-01 5.078997404147e-01
2 27 0 2.23106454 1.27274933 0.69228855 0.78484329 1.03658674 9.822830031210e+00 1.065651237704e+00 6.883247642728e-02 1.587650903075e-01 4.595823591544e-01
2 28 0 2.23106454 1.27274933 0.69228855 0.78484329 1.03658674 9.705692160983e+00 1.062386299998e+00 6.878094580575e-02 1.663079306975e-01 4.705980536685e-01
2 29 0 2.23106454 1.27274933 0.69228855 0.78484329 1.03658674 9.628940955678e+00 1.056836506374e+00 6.960868574146e-02 1.628219150563e-01 4.905742758068e-01
2 30 0 2.23106454 1.27274933 0.69228855 0.78484329 1.03658674 9.522803205752e+00 1.076723684758e+00 7.075580488582e-02 1.487180106775e-01 4.480458082127e-01
2 31 0 2.23106454 1.27274933 0.69228855 0.78484329 1.03658674 9.527245060629e+00 1.015752854877e+00 7.133356092589e-02 1.407722995970e-01 4.570368010674e-01
2 32 0 2.23106454 1.27274933 0.69228855 0.78484329 1.03658674 9.657776343966e+00 1.069784853937e+00 7.550646644926e-02 1.532007437925e-01 4.918946992308e-01
2 33 0 2.23106454 1.27274933 0.69228855 0.78484329 1.03658674 9.686755028296e+00 1.077818979699e+00 7.926429043074e-02 1.678992110270e-01 4.464952977991e-01
2 34 0 2.23106454 1.27274933 0.69228855 0.78484329 1.03658674 9.825459561632e+00 1.060148065488e+00 8.189429330803e-02 1.662001057800e-01 4.918749014526e-01
2 35 0 2.23106454 1.27274933 0.69228855 0.78484329 1.03658674 9.906888490021e+00 1.079074051555e+00 8.618042195299e-02 1.557450118107e-01 4.948336436871e-01
2 36 0 2.23106454 1.27274933 0.69228855 0.78484329 1.03658674 1.002284835333e+01 1.099787891397e+00 9.025265733966e-02 1.509415732744e-01 4.516824732044e-01
2 37 0 2.23106454 1.27274933 0.69228855 0.78484329 1.03658674 1.014294834231e+01 1.112799648284e+00 9.533325502116e-02 1.586951947492e-01 5.187025661220e-01
2 38 0 2.23106454 1.27274933 0.69228855 0.78484329 1.03658674 1.028556174118e+01 1.123144180550e+00 1.002218697660e-01 1.697188109202e-01 4.983083044840e-01
2 39 0 2.23106454 1.27274933 0.69228855 0.78484329 1.03658674 1.051190824557e+01 1.165588783600e+00 1.050826923676e-01 1.760913968698e-01 4.901909832679e-01
2 40 0 2.23106454 1.27274933 0.69228855 0.78484329 1.03658674 1.071117889731e+01 1.190504437291e+00 1.095406303602e-01 1.797239000351e-01 5.582934219505e-01
2 41 0 2.23106454 1.27274933 0.69228855 0.78484329 1.03658674 1.091295732388e+01 1.193312977731e+00 1.154406953451e-01 1.761912288027e-01 5.187496703268e-01
2 42 0 2.23106454 1.27274933 0.69228855 0.78484329 1.03658674 1.118651231919e+01 1.241216596809e+00 1.235565592042e-01 1.723271423350e-01 5.445265087724e-01
2 43 0 2.23106454 1.27274933 0.69228855 0.78484329 1.03658674 1.156450898579e+01 1.270620221326e+00 1.280526242068e-01 1.813876651982e-01 6.007084246535e-01
2 44 0 2.23106454 1.27274933 0.69228855 0.78484329 1.03658674 1.195364549258e+01 1.330206544010e+00 1.342999445603e-01 1.986207977285e-01 5.475204295924e-01
2 45 0 2.23106454 1.27274933 0.69228855 0.78484329 1.03658674 1.233812536816e+01 1.339427696784e+00 1.427600659893e-01 2.109332887315e-01 5.966973426708e-01
2 46 0 2.23106454 1.27274933 0.69228855 0.78484329 1.03658674 1.266648200336e+01 1.398517452744e+00 1.503161575100e-01 2.081230505169e-01 6.510758883084e-01
2 47 0 2.23106454 1.27274933 0.69228855 0.78484329 1.03658674 1.305819693741e+01 1.426169892410e+00 1.601020269290e-01 2.021430900375e-01 5.991279841445e-01
2 48 0 2.23106454 1.27274933 0.69228855 0.78484329 1.03658674 1.340713305845e+01 1.498854750989e+00 1.684250575480e-01 2.117156713954e-01 6.942675585866e-01
2 49 0 2.23106454 1.27274933 0.69228855 0.78484329 1.03658674 1.380359298482e+01 1.536748969296e+00 1.766049272976e-01 2.281650823162e-01 7.055942720745e-01
2 50 0 2.23106454 1.27274933 0.69228855 0.78484329 1.03658674 1.432054680027e+01 1.586406919181e+00 1.857776832524e-01 2.416791232110e-01 6.464412701797e-01
2 51 0 2.23106454 1.27274933 0.69228855 0.78484329 1.03658674 1.484599227468e+01 1.674101929554e+00 1.962022705816e-01 2.498842840163e-01 7.808854871214e-01
2 52 0 2.23106454 1.27274933 0.69228855 0.78484329 1.03658674 1.536974077433e+01 1.684423518230e+00 2.043839432058e-01 2.516143218992e-01 7.547090330092e-01
2 53 0 2.23106454 1.27274933 0.69228855 0.78484329 1.03658674 1.591956031187e+01 1.764207210424e+00 2.084995579028e-01 2.556904058900e-01 7.440108945644e-01
2 54 0 2.23106454 1.27274933 0.69228855 0.78484329 1.03658674 1.651689363837e+01 1.850127194309e+00 2.176159481573e-01 2.644217082803e-01 8.930679040335e-01
2 55 0 2.23106454 1.27274933 0.69228855 0.78484329 1.03658674 1.722563376814e+01 1.917330252902e+00 2.249812231632e-01 2.811817116180e-01 8.081424782114e-01
2 56 0 2.23106454 1.27274933 0.69228855 0.78484329 1.03658674 1.791477667325e+01 1.973838669547e+00 2.305018043508e-01 3.025222181129e-01 8.614649237404e-01
2 57 0 2.23106454 1.27274933 0.69228855 0.78484329 1.03658674 1.845961312344e+01 2.024155160584e+00 2.378590861127e-01 3.097004046245e-01 9.825080606134e-01
2 58 0 2.23106454 1.27274933 0.69228855 0.78484329 1.03658674 1.909011504344e+01 2.145127200594e+00 2.406643825201e-01 3.097268530847e-01 8.814388593833e-01
2 59 0 2.23106454 1.27274933 0.69228855 0.78484329 1.03658674 1.965799461048e+01 2.207743664820e+00 2.463099358591e-01 3.176613543612e-01 9.782135634020e-01
2 60 0 2.23106454 1.27274933 0.69228855 0.78484329 1.03658674 2.036646956580e+01 2.278403139435e+00 2.538863745615e-01 3.351050708168e-01 1.083392182420e+00
2 61 0 2.23106454 1.27274933 0.69228855 0.78484329 1.03658674 2.113019774887e+01 2.384714561800e+00 2.596008371017e-01 3.590406589110e-01 9.840555070983e-01
2 62 0 2.23106454 1.27274933 0.69228855 0.78484329 1.03658674 2.202095015854e+01 2.478637467943e+00 2.625913033229e-01 3.723900117564e-01 1.148900312484e+00
2 63 0 2.23106454 1.27274933 0.69228855 0.78484329 1.03658674 2.293284787196e+01 2.521382535714e+00 2.671561983329e-01 3.771570712229e-01 1.178940680722e+00
3 0 0 1.16279232 1.10308630 0.76280476 0.74461662 0.83456916 1.680205948637e+00 1.399415039240e+00 2.088699870222e-01 2.860723935688e-01 4.629781569670e-01
3 1 0 1.16279232 1.10308630 0.76280476 0.74461662 0.83456916 1.590845654911e+00 1.296226775507e+00 1.986092456261e-01 2.647836371136e-01 4.329647639918e-01
3 2 0 1.16279232 1.10308630 0.76280476 0.74461662 0.83456916 1.548512205632e+00 1.237888240358e+00 1.952350819749e-01 2.537453731983e-01 4.112553808829e-01
3 3 0 1.16279232 1.10308630 0.76280476 0.74461662 0.83456916 1.476493203305e+00 1.223004726119e+00 1.859250805489e-01 2.518684074186e-01 4.003592059683e-01
3 4 0 1.16279232 1.10308630 0.76280476 0.74461662 0.83456916 1.423460586930e+00 1.153476116266e+00 1.817870406027e-01 2.512940103968e-01 3.907533340373e-01
3 5 0 1.16279232 1.10308630 0.76280476 0.74461662 0.83456916 1.404247612207e+00 1.154047192580e+00 1.750167618383e-01 2.487928490138e-01 3.818972838643e-01
3 6 0 1.16279232 1.10308630 0.76280476 0.74461662 0.83456916 1.343777694885e+00 1.083011946521e+00 1.673158631859e-01 2.387133312951e-01 3.551716426524e-01
3 7 0 1.16279232 1.10308630 0.76280476 0.74461662 0.83456916 1.311944697860e+00 1.025040314460e+00 1.611536563767e-01 2.182897498101e-01 3.357263234648e-01
3 8 0 1.16279232 1.10308630 0.76280476 0.74461662 0.83456916 1.251164955792e+00 1.034635077699e+00 1.530419541433e-01 2.026231551231e-01 3.425182872999e-01
3 9 0 1.16279232 1.10308630 0.76280476 0.74461662 0.83456916 1.186076493530e+00 9.617552729454e-01 1.481324531793e-01 1.975976431252e-01 3.330150840645e-01
3 10 0 1.16279232 1.10308630 0.76280476 0.74461662 0.83456916 1.157919820769e+00 9.327970771281e-01 1.449340366211e-01 1.924506984024e-01 3.054108989875e-01
3 11 0 1.16279232 1.10308630 0.76280476 0.74461662 0.83456916 1.104321221077e+00 9.159779227006e-01 1.415527723778e-01 1.943002573096e-01 2.943497340696e-01
3 12 0 1.16279232 1.10308630 0.76280476 0.74461662 0.83456916 1.079034671154e+00 8.804963000310e-01 1.410935840749e-01 1.909946533808e-01 2.912306990092e-01
3 13 0 1.16279232 1.10308630 0.76280476 0.74461662 0.83456916 1.040415809262e+00 8.496106610758e-01 1.365498049517e-01 1.843450259483e-01 2.839137733013e-01
3 14 0 1.16279232 1.10308630 0.76280476 0.74461662 0.83456916 1.005696150084e+00 8.096703942943e-01 1.334579385468e-01 1.745592350203e-01 2.760666768326e-01
3 15 0 1.16279232 1.10308630 0.76280476 0.74461662 0.83456916 9.795857320183e-01 7.903580232008e-01 1.276697362635e-01 1.679798099665e-01 2.607742319410e-01
3 16 0 1.16279232 1.10308630 0.76280476 0.74461662 0.83456916 9.578362823038e-01 7.738896457131e-01 1.230341677213e-01 1.634523496712e-01 2.462845928496e-01
3 17 0 1.16279232 1.10308630 0.76280476 0.74461662 0.83456916 9.298916541174e-01 7.518194290401e-01 1.186838191157e-01 1.582299088114e-01 2.475122384813e-01
3 18 0 1.16279232 1.10308630 0.76280476 0.74461662 0.83456916 8.986677984883e-01 7.191964222826e-01 1.164138800237e-01 1.505111719879e-01 2.476107671765e-01
3 19 0 1.16279232 1.10308630 0.76280476 0.74461662 0.83456916 8.657565415211e-01 7.134982633044e-01 1.134703596357e-01 1.459441068446e-01 2.335556576731e-01
3 20 0 1.16279232 1.10308630 0.76280476 0.74461662 0.83456916 8.369201737869e-01 6.814370308583e-01 1.132540676242e-01 1.384696715348e-01 2.226411641978e-01
3 21 0 1.16279232 1.10308630 0.76280476 0.74461662 0.83456916 8.154065646312e-01 6.600834662727e-01 1.102914561956e-01 1.335672943870e-01 2.204876335067e-01
3 22 0 1.16279232 1.10308630 0.76280476 0.74461662 0.83456916 8.128187127059e-01 6.715349010305e-01 1.101370772571e-01 1.350399149726e-01 2.178788007037e-01
3 23 0 1.16279232 1.10308630 0.76280476 0.74461662 0.83456916 7.896035969316e-01 6.405098186201e-01 1.084459590639e-01 1.353875877919e-01 2.152244006593e-01
3 24 0 1.16279232 1.10308630 0.76280476 0.74461662 0.83456916 7.853306504600e-01 6.345156880215e-01 1.078844234797e-01 1.378405272429e-01 2.101282553076e-01
3 25 0 1.16279232 1.10308630 0.76280476 0.74461662 0.83456916 7.725440906275e-01 6.284657647170e-01 1.081423580140e-01 1.393285978295e-01 2.032291216074e-01
3 26 0 1.16279232 1.10308630 0.76280476 0.74461662 0.83456916 7.530468670889e-01 5.946684395004e-01 1.068169878316e-01 1.393696560763e-01 2.018297514419e-01
3 27 0 1.16279232 1.10308630 0.76280476 0.74461662 0.83456916 7.627473809233e-01 6.134708876163e-01 1.064704732096e-01 1.342798776641e-01 1.998887005170e-01
3 28 0 1.16279232 1.10308630 0.76280476 0.74461662 0.83456916 7.415850811686e-01 6.081941389861e-01 1.050034830470e-01 1.263596013839e-01 1.983499180541e-01
3 29 0 1.16279232 1.10308630 0.76280476 0.74461662 0.83456916 7.338418399118e-01 6.043944687420e-01 1.032707658244e-01 1.181040003568e-01 2.029402237950e-01
3 30 0 1.16279232 1.10308630 0.76280476 0.74461662 0.83456916 7.370646859824e-01 6.097184183855e-01 1.044026861770e-01 1.139011851815e-01 1.981548403232e-01
3 31 0 1.16279232 1.10308630 0.76280476 0.74461662 0.83456916 7.152036081400e-01 5.640774340894e-01 1.040778222943e-01 1.122015123329e-01 1.893549694389e-01
3 32 0 1.16279232 1.10308630 0.76280476 0.74461662 0.83456916 7.454002509433e-01 6.053833841903e-01 1.084105374174e-01 1.209986107221e-01 1.981587166853e-01
3 33 0 1.16279232 1.10308630 0.76280476 0.74461662 0.83456916 7.422429745783e-01 6.243991716242e-01 1.103253172692e-01 1.306419542410e-01 2.059839778555e-01
3 34 0 1.16279232 1.10308630 0.76280476 0.74461662 0.83456916 7.551396399116e-01 6.003616710224e-01 1.142408252775e-01 1.372263305493e-01 1.998292425356e-01
3 35 0 1.16279232 1.10308630 0.76280476 0.74461662 0.83456916 7.674682124744e-01 6.188116702140e-01 1.162179742849e-01 1.413522208112e-01 1.998476979111e-01
3 36 0 1.16279232 1.10308630 0.76280476 0.74461662 0.83456916 7.621588404592e-01 6.051613202752e-01 1.180026412911e-01 1.399269717594e-01 2.049546586227e-01
3 37 0 1.16279232 1.10308630 0.76280476 0.74461662 0.83456916 7.824746807583e-01 6.318296777024e-01 1.194951063560e-01 1.353322936848e-01 2.071767586336e-01
3 38 0 1.16279232 1.10308630 0.76280476 0.74461662 0.83456916 7.878656315859e-01 6.568124658858e-01 1.221679996956e-01 1.311455081121e-01 2.137971480743e-01
3 39 0 1.16279232 1.10308630 0.76280476 0.74461662 0.83456916 8.084575727359e-01 6.487293318574e-01 1.245766061732e-01 1.304157055472e-01 2.194845070568e-01
3 40 0 1.16279232 1.10308630 0.76280476 0.74461662 0.83456916 8.169707238904e-01 6.787190269672e-01 1.296985244748e-01 1.328467627809e-01 2.207004867715e-01
3 41 0 1.16279232 1.10308630 0.76280476 0.74461662 0.83456916 8.389409747464e-01 6.822665820346e-01 1.333359021444e-01 1.376433995760e-01 2.244474625497e-01
3 42 0 1.16279232 1.10308630 0.76280476 0.74461662 0.83456916 8.648093271663e-01 6.904601920425e-01 1.389223003924e-01 1.445740571208e-01 2.300385649139e-01
3 43 0 1.16279232 1.10308630 0.76280476 0.74461662 0.83456916 8.900727887682e-01 7.368605921200e-01 1.442563978884e-01 1.558881460722e-01 2.404649541386e-01
3 44 0 1.16279232 1.10308630 0.76280476 0.74461662 0.83456916 9.386075492374e-01 7.439478410183e-01 1.500543211873e-01 1.598815240065e-01 2.533829740204e-01
3 45 0 1.16279232 1.10308630 0.76280476 0.74461662 0.83456916 9.474546968810e-01 7.668054979050e-01 1.578428114954e-01 1.657791989879e-01 2.540265989990e-01
3 46 0 1.16279232 1.10308630 0.76280476 0.74461662 0.83456916 9.831697535434e-01 7.978538648919e-01 1.654579145016e-01 1.704603751873e-01 2.529881006425e-01
3 47 0 1.16279232 1.10308630 0.76280476 0.74461662 0.83456916 1.003371242513e+00 8.124445909462e-01 1.727427402707e-01 1.738017335834e-01 2.697007018899e-01
3 48 0 1.16279232 1.10308630 0.76280476 0.74461662 0.83456916 1.024542995890e+00 8.366553821175e-01 1.813824433503e-01 1.791989150832e-01 2.874056478873e-01
3 49 0 1.16279232 1.10308630 0.76280476 0.74461662 0.83456916 1.081387728686e+00 8.783054442057e-01 1.847822152856e-01 1.873002082672e-01 2.917886958462e-01
3 50 0 1.16279232 1.10308630 0.76280476 0.74461662 0.83456916 1.102068114471e+00 9.140235903154e-01 1.937300788167e-01 1.918437560438e-01 2.971208901922e-01
3 51 0 1.16279232 1.10308630 0.76280476 0.74461662 0.83456916 1.155627369469e+00 9.380569280061e-01 1.975340775518e-01 1.940352579607e-01 3.055331058770e-01
3 52 0 1.16279232 1.10308630 0.76280476 0.74461662 0.83456916 1.195493959345e+00 9.711820772220e-01 2.089119663120e-01 1.955163422050e-01 3.180392056851e-01
3 53 0 1.16279232 1.10308630 0.76280476 0.74461662 0.83456916 1.239655625589e+00 9.890579559808e-01 2.194197368671e-01 2.044141785113e-01 3.429245884609e-01
3 54 0 1.16279232 1.10308630 0.76280476 0.74461662 0.83456916 1.305611256271e+00 1.065826746667e+00 2.327150231035e-01 2.182783480400e-01 3.541602704854e-01
3 55 0 1.16279232 1.10308630 0.76280476 0.74461662 0.83456916 1.343993041019e+00 1.080150594869e+00 2.469504469295e-01 2.325822466039e-01 3.470889760579e-01
3 56 0 1.16279232 1.10308630 0.76280476 0.74461662 0.83456916 1.392968136982e+00 1.102791326330e+00 2.586922249815e-01 2.514424747666e-01 3.664447768570e-01
3 57 0 1.16279232 1.10308630 0.76280476 0.74461662 0.83456916 1.428916571451e+00 1.203102738245e+00 2.699972187204e-01 2.545498176998e-01 3.985366577450e-01
3 58 0 1.16279232 1.10308630 0.76280476 0.74461662 0.83456916 1.461961722302e+00 1.195400168783e+00 2.817091040224e-01 2.524167585221e-01 4.049699814928e-01
3 59 0 1.16279232 1.10308630 0.76280476 0.74461662 0.83456916 1.545044023143e+00 1.246854094203e+00 2.913311279762e-01 2.542866458205e-01 4.109136787472e-01
3 60 0 1.16279232 1.10308630 0.76280476 0.74461662 0.83456916 1.581922287791e+00 1.306139358447e+00 3.063985584856e-01 2.648896912167e-01 4.277360374838e-01
3 61 0 1.16279232 1.10308630 0.76280476 0.74461662 0.83456916 1.684193392033e+00 1.329606242562e+00 3.184280259813e-01 2.819991815892e-01 4.484506567906e-01
3 62 0 1.16279232 1.10308630 0.76280476 0.74461662 0.83456916 1.730363706230e+00 1.448740359952e+00 3.341232871939e-01 3.070679897057e-01 4.758659984260e-01
3 63 0 1.16279232 1.10308630 0.76280476 0.74461662 0.83456916 1.784252368621e+00 1.437996699226e+00 3.482512499387e-01 3.234522870281e-01 4.806338135449e-01
10 0 0 3.03451676 2.05250446 0.82255699 1.02472451 1.50842040 6.948672512893e+01 1.535623274064e+01 4.484606997205e-01 1.032789089748e+00 4.654932757602e+00
10 1 0 3.03451676 2.05250446 0.82255699 1.02472451 1.50842040 6.692170963077e+01 1.493392868092e+01 4.393478562990e-01 9.916511595413e-01 4.466700150201e+00
10 2 0 3.03451676 2.05250446 0.82255699 1.02472451 1.50842040 6.473319573921e+01 1.437142685243e+01 4.303657062315e-01 9.298360800540e-01 4.323929765794e+00
10 3 0 3.03451676 2.05250446 0.82255699 1.02472451 1.50842040 6.229190240000e+01 1.380520272845e+01 4.255372412659e-01 8.979778371494e-01 4.152041744752e+00
10 4 0 3.03451676 2.05250446 0.82255699 1.02472451 1.50842040 6.018980280090e+01 1.336352539656e+01 4.137045232541e-01 8.757418468206e-01 3.990468618564e+00
10 5 0 3.03451676 2.05250446 0.82255699 1.02472451 1.50842040 5.807376099484e+01 1.292247486503e+01 4.077230073914e-01 8.455849499756e-01 3.907708109621e+00
10 6 0 3.03451676 2.05250446 0.82255699 1.02472451 1.50842040 5.626660886619e+01 1.237040683859e+01 3.996273671978e-01 8.137998450338e-01 3.688556591108e+00
10 7 0 3.03451676 2.05250446 0.82255699 1.02472451 1.50842040 5.417955969482e+01 1.199586015754e+01 3.840566219609e-01 7.827095257243e-01 3.603967588503e+00
10 8 0 3.03451676 2.05250446 0.82255699 1.02472451 1.50842040 5.221210839144e+01 1.161487506898e+01 3.734616763806e-01 7.559994934058e-01 3.480599906428e+00
10 9 0 3.03451676 2.05250446 0.82255699 1.02472451 1.50842040 5.044352616312e+01 1.109280672586e+01 3.579300261921e-01 7.204550488998e-01 3.329169852162e+00
10 10 0 3.03451676 2.05250446 0.82255699 1.02472451 1.50842040 4.876124904639e+01 1.083148091970e+01 3.425113239208e-01 7.057929478809e-01 3.237434397306e+00
10 11 0 3.03451676 2.05250446 0.82255699 1.02472451 1.50842040 4.731823490153e+01 1.039917648090e+01 3.298677856509e-01 6.843088584127e-01 3.106995128622e+00
10 12 0 3.03451676 2.05250446 0.82255699 1.02472451 1.50842040 4.576562231510e+01 1.007156344879e+01 3.162792974088e-01 6.479227089872e-01 3.032044606429e+00
10 13 0 3.03451676 2.05250446 0.82255699 1.02472451 1.50842040 4.413605107081e+01 9.729221273789e+00 3.019980434006e-01 6.287536821355e-01 2.894706411180e+00
10 14 0 3.03451676 2.05250446 0.82255699 1.02472451 1.50842040 4.267691173228e+01 9.443703297765e+00 2.864358101495e-01 6.228164519692e-01 2.822516060741e+00
10 15 0 3.03451676 2.05250446 0.82255699 1.02472451 1.50842040 4.155190538094e+01 9.135468950079e+00 2.725284012470e-01 5.934132233145e-01 2.742478403262e+00
10 16 0 3.03451676 2.05250446 0.82255699 1.02472451 1.50842040 4.036749385206e+01 8.841676630613e+00 2.548904488781e-01 5.664328208359e-01 2.627824362019e+00
10 17 0 3.03451676 2.05250446 0.82255699 1.02472451 1.50842040 3.920400671426e+01 8.635055829571e+00 2.404806717774e-01 5.541951593440e-01 2.588166888257e+00
10 18 0 3.03451676 2.05250446 0.82255699 1.02472451 1.50842040 3.811269420530e+01 8.345256898484e+00 2.283556963380e-01 5.454715691612e-01 2.481424423833e+00
10 19 0 3.03451676 2.05250446 0.82255699 1.02472451 1.50842040 3.711524243430e+01 8.168241816460e+00 2.128203941022e-01 5.346015954135e-01 2.440399849297e+00
10 20 0 3.03451676 2.05250446 0.82255699 1.02472451 1.50842040 3.619482302589e+01 7.912718830739e+00 2.019661254087e-01 5.121991079640e-01 2.370349836950e+00
10 21 0 3.03451676 2.05250446 0.82255699 1.02472451 1.50842040 3.542513574645e+01 7.819917065002e+00 1.892146241475e-01 4.957441067664e-01 2.306685576612e+00
10 22 0 3.03451676 2.05250446 0.82255699 1.02472451 1.50842040 3.473768056577e+01 7.539323575788e+00 1.758193958629e-01 4.836244765032e-01 2.266606459722e+00
10 23 0 3.03451676 2.05250446 0.82255699 1.02472451 1.50842040 3.409422676177e+01 7.487336670511e+00 1.660210819495e-01 4.822343271619e-01 2.231206411852e+00
10 24 0 3.03451676 2.05250446 0.82255699 1.02472451 1.50842040 3.346443808722e+01 7.320184841647e+00 1.565485089954e-01 4.840266979150e-01 2.160452376085e+00
10 25 0 3.03451676 2.05250446 0.82255699 1.02472451 1.50842040 3.298187526237e+01 7.208924121108e+00 1.497666698264e-01 4.717180477519e-01 2.165419466643e+00
10 26 0 3.03451676 2.05250446 0.82255699 1.02472451 1.50842040 3.249492624695e+01 7.104460385474e+00 1.450762620887e-01 4.431840580266e-01 2.110158112052e+00
10 27 0 3.03451676 2.05250446 0.82255699 1.02472451 1.50842040 3.225821573032e+01 7.084304197142e+00 1.429116059856e-01 4.381750611790e-01 2.098316879795e+00
10 28 0 3.03451676 2.05250446 0.82255699 1.02472451 1.50842040 3.205298471298e+01 6.975732140332e+00 1.406621629565e-01 4.612423055401e-01 2.091841767116e+00
10 29 0 3.03451676 2.05250446 0.82255699 1.02472451 1.50842040 3.195884965452e+01 6.909052724328e+00 1.412460799598e-01 4.739969457402e-01 2.036927490758e+00
10 30 0 3.03451676 2.05250446 0.82255699 1.02472451 1.50842040 3.166274739587e+01 7.044311166278e+00 1.449530369201e-01 4.421178050457e-01 2.116770558807e+00
10 31 0 3.03451676 2.05250446 0.82255699 1.02472451 1.50842040 3.160843171739e+01 6.817934811716e+00 1.483072541394e-01 4.132614077800e-01 2.009388130822e+00
10 32 0 3.03451676 2.05250446 0.82255699 1.02472451 1.50842040 3.193376042618e+01 7.017423989021e+00 1.575259151093e-01 4.470721891772e-01 2.099377513931e+00
10 33 0 3.03451676 2.05250446 0.82255699 1.02472451 1.50842040 3.197648932352e+01 7.000424512351e+00 1.667839910679e-01 4.802457682830e-01 2.081860420767e+00
10 34 0 3.03451676 2.05250446 0.82255699 1.02472451 1.50842040 3.231214433175e+01 6.990632283762e+00 1.759323523286e-01 4.621931385240e-01 2.074543191892e+00
10 35 0 3.03451676 2.05250446 0.82255699 1.02472451 1.50842040 3.250447400850e+01 7.149635204806e+00 1.883396520130e-01 4.360439563868e-01 2.140303151670e+00
10 36 0 3.03451676 2.05250446 0.82255699 1.02472451 1.50842040 3.287612381811e+01 7.215041257390e+00 1.985024707900e-01 4.511803327872e-01 2.128459389539e+00
10 37 0 3.03451676 2.05250446 0.82255699 1.02472451 1.50842040 3.340144070411e+01 7.279653392306e+00 2.101044882170e-01 4.819874392756e-01 2.189628847280e+00
10 38 0 3.03451676 2.05250446 0.82255699 1.02472451 1.50842040 3.404749811715e+01 7.459732768713e+00 2.228248637260e-01 4.956189823269e-01 2.213192230572e+00
10 39 0 3.03451676 2.05250446 0.82255699 1.02472451 1.50842040 3.468031480004e+01 7.599640093776e+00 2.359364124874e-01 4.866255896599e-01 2.250052796969e+00
10 40 0 3.03451676 2.05250446 0.82255699 1.02472451 1.50842040 3.531826363060e+01 7.722980086280e+00 2.477871371085e-01 4.905767851159e-01 2.332236641582e+00
10 41 0 3.03451676 2.05250446 0.82255699 1.02472451 1.50842040 3.616402653333e+01 7.941527456112e+00 2.591439762319e-01 5.081232442456e-01 2.345172047246e+00
10 42 0 3.03451676 2.05250446 0.82255699 1.02472451 1.50842040 3.705810270077e+01 8.144937759611e+00 2.704926697877e-01 5.282451437595e-01 2.432847368331e+00
10 43 0 3.03451676 2.05250446 0.82255699 1.02472451 1.50842040 3.797592908846e+01 8.331770055472e+00 2.765168760407e-01 5.488793383119e-01 2.496109774241e+00
10 44 0 3.03451676 2.05250446 0.82255699 1.02472451 1.50842040 3.902709943253e+01 8.586345796561e+00 2.861678016444e-01 5.580992331433e-01 2.557980736244e+00
10 45 0 3.03451676 2.05250446 0.82255699 1.02472451 1.50842040 4.027230408523e+01 8.856035666008e+00 2.948230380166e-01 5.676829176833e-01 2.642138892223e+00
10 46 0 3.03451676 2.05250446 0.82255699 1.02472451 1.50842040 4.149264311905e+01 9.098932207780e+00 3.002954733212e-01 5.840908329795e-01 2.727655533357e+00
10 47 0 3.03451676 2.05250446 0.82255699 1.02472451 1.50842040 4.262818051513e+01 9.408020906670e+00 3.107536181795e-01 6.137163425125e-01 2.799739541827e+00
10 48 0 3.03451676 2.05250446 0.82255699 1.02472451 1.50842040 4.394580599766e+01 9.708706759137e+00 3.160099171015e-01 6.401118431126e-01 2.927558478218e+00
10 49 0 3.03451676 2.05250446 0.82255699 1.02472451 1.50842040 4.550163073263e+01 1.006236264531e+01 3.201245833182e-01 6.522868857506e-01 2.980460698932e+00
10 50 0 3.03451676 2.05250446 0.82255699 1.02472451 1.50842040 4.712510683231e+01 1.035250257331e+01 3.253466529019e-01 6.653372370047e-01 3.121350987469e+00
10 51 0 3.03451676 2.05250446 0.82255699 1.02472451 1.50842040 4.880089406509e+01 1.077446971200e+01 3.286184134695e-01 7.073938547265e-01 3.226966718892e+00
10 52 0 3.03451676 2.05250446 0.82255699 1.02472451 1.50842040 5.032242065063e+01 1.113010497366e+01 3.328315466974e-01 7.306460099415e-01 3.319927478171e+00
10 53 0 3.03451676 2.05250446 0.82255699 1.02472451 1.50842040 5.193668360148e+01 1.153383638236e+01 3.376151663480e-01 7.448825821948e-01 3.471795900320e+00
10 54 0 3.03451676 2.05250446 0.82255699 1.02472451 1.50842040 5.387220837523e+01 1.191436452360e+01 3.443988541488e-01 7.805915762568e-01 3.562942817976e+00
10 55 0 3.03451676 2.05250446 0.82255699 1.02472451 1.50842040 5.613861865104e+01 1.246757491360e+01 3.457453671719e-01 8.131410012027e-01 3.758048069831e+00
10 56 0 3.03451676 2.05250446 0.82255699 1.02472451 1.50842040 5.796938138613e+01 1.275984886320e+01 3.496329696633e-01 8.409290342493e-01 3.799017854993e+00
10 57 0 3.03451676 2.05250446 0.82255699 1.02472451 1.50842040 6.000108434806e+01 1.334200398016e+01 3.537601147214e-01 8.724466700599e-01 4.037058397667e+00
10 58 0 3.03451676 2.05250446 0.82255699 1.02472451 1.50842040 6.204966902985e+01 1.384926520718e+01 3.529751018625e-01 9.051476410414e-01 4.144607796088e+00
10 59 0 3.03451676 2.05250446 0.82255699 1.02472451 1.50842040 6.440588330060e+01 1.424630838983e+01 3.622184031754e-01 9.298541014197e-01 4.279152053240e+00
10 60 0 3.03451676 2.05250446 0.82255699 1.02472451 1.50842040 6.680679667201e+01 1.487455638319e+01 3.689518720331e-01 9.693880932559e-01 4.477757547294e+00
10 61 0 3.03451676 2.05250446 0.82255699 1.02472451 1.50842040 6.922623235973e+01 1.539995873308e+01 3.764107381874e-01 1.021546183290e+00 4.623204137303e+00
10 62 0 3.03451676 2.05250446 0.82255699 1.02472451 1.50842040 7.177311991105e+01 1.594744121273e+01 3.897284549279e-01 1.066311514391e+00 4.801945475508e+00
10 63 0 3.03451676 2.05250446 0.82255699 1.02472451 1.50842040 7.413881969731e+01 1.646462796497e+01 3.991719083930e-01 1.068537394451e+00 4.960548311614e+00
11 0 0 5.39988686 1.82812698 0.75593297 0.97698438 1.55951733 6.036020190585e+02 9.828519076914e+00 3.061941151956e-01 8.460098411096e-01 5.258574303206e+00
11 1 0 5.39988686 1.82812698 0.75593297 0.97698438 1.55951733 5.887303604239e+02 9.521954736238e+00 2.932126455578e-01 7.873652919413e-01 5.106505407878e+00
11 2 0 5.39988686 1.82812698 0.75593297 0.97698438 1.55951733 5.450193684368e+02 9.100722732681e+00 2.834199148441e-01 7.652173608134e-01 4.920047260765e+00
11 3 0 5.39988686 1.82812698 0.75593297 0.97698438 1.55951733 5.063673861743e+02 8.844829539620e+00 2.784909366483e-01 7.691396975196e-01 4.747131816713e+00
11 4 0 5.39988686 1.82812698 0.75593297 0.97698438 1.55951733 4.975926786870e+02 8.520750351571e+00 2.694854104805e-01 7.429041421765e-01 4.545955883133e+00
11 5 0 5.39988686 1.82812698 0.75593297 0.97698438 1.55951733 5.057640083093e+02 8.174557468967e+00 2.613447449348e-01 6.842343303703e-01 4.417337666226e+00
11 6 0 5.39988686 1.82812698 0.75593297 0.97698438 1.55951733 4.978215354689e+02 7.939469700482e+00 2.573208321438e-01 6.531198513658e-01 4.251389821699e+00
11 7 0 5.39988686 1.82812698 0.75593297 0.97698438 1.55951733 4.634486755752e+02 7.605757065184e+00 2.516489451527e-01 6.565081814729e-01 4.091946574991e+00
11 8 0 5.39988686 1.82812698 0.75593297 0.97698438 1.55951733 4.284687616607e+02 7.383227817114e+00 2.451541191511e-01 6.402275377128e-01 3.947070624663e+00
11 9 0 5.39988686 1.82812698 0.75593297 0.97698438 1.55951733 4.181292542256e+02 7.106204890086e+00 2.391249387528e-01 5.996960995202e-01 3.815215074935e+00
11 10 0 5.39988686 1.82812698 0.75593297 0.97698438 1.55951733 4.255194171349e+02 6.844146180555e+00 2.330635222404e-01 5.728402745830e-01 3.685317490326e+00
11 11 0 5.39988686 1.82812698 0.75593297 0.97698438 1.55951733 4.225643395367e+02 6.631351974953e+00 2.287514242677e-01 5.596108293393e-01 3.546370161706e+00
11 12 0 5.39988686 1.82812698 0.75593297 0.97698438 1.55951733 3.964959258138e+02 6.436296392701e+00 2.230565876201e-01 5.441965822452e-01 3.441216617337e+00
11 13 0 5.39988686 1.82812698 0.75593297 0.97698438 1.55951733 3.662675586023e+02 6.147288578331e+00 2.155629029500e-01 5.288940233681e-01 3.311306210126e+00
11 14 0 5.39988686 1.82812698 0.75593297 0.97698438 1.55951733 3.556300061598e+02 6.023844528605e+00 2.108274542976e-01 5.089670223538e-01 3.224544911450e+00
11 15 0 5.39988686 1.82812698 0.75593297 0.97698438 1.55951733 3.624110795175e+02 5.812643124689e+00 2.043263589335e-01 4.840927275842e-01 3.105443202061e+00
11 16 0 5.39988686 1.82812698 0.75593297 0.97698438 1.55951733 3.634496527660e+02 5.621238478647e+00 1.933572019451e-01 4.719144968755e-01 3.022429141830e+00
11 17 0 5.39988686 1.82812698 0.75593297 0.97698438 1.55951733 3.449433745223e+02 5.474600219352e+00 1.847396914189e-01 4.678481524874e-01 2.922421309008e+00
11 18 0 5.39988686 1.82812698 0.75593297 0.97698438 1.55951733 3.198238473747e+02 5.310982964334e+00 1.769423943966e-01 4.506177070723e-01 2.853083015676e+00
11 19 0 5.39988686 1.82812698 0.75593297 0.97698438 1.55951733 3.096975845507e+02 5.202108950560e+00 1.654205279533e-01 4.299974435546e-01 2.777407539378e+00
11 20 0 5.39988686 1.82812698 0.75593297 0.97698438 1.55951733 3.164780177653e+02 5.012803585973e+00 1.547927076151e-01 4.246500939892e-01 2.688248100897e+00
11 21 0 5.39988686 1.82812698 0.75593297 0.97698438 1.55951733 3.211255034983e+02 4.958126758450e+00 1.460520081618e-01 4.210436035586e-01 2.647194597961e+00
11 22 0 5.39988686 1.82812698 0.75593297 0.97698438 1.55951733 3.092174275361e+02 4.816562703212e+00 1.360700201846e-01 4.039373733746e-01 2.582996724128e+00
11 23 0 5.39988686 1.82812698 0.75593297 0.97698438 1.55951733 2.892996728829e+02 4.733606459762e+00 1.267350672528e-01 3.895006964537e-01 2.533120177331e+00
11 24 0 5.39988686 1.82812698 0.75593297 0.97698438 1.55951733 2.802825764115e+02 4.647571063696e+00 1.190711439916e-01 3.933874197939e-01 2.480682278040e+00
11 25 0 5.39988686 1.82812698 0.75593297 0.97698438 1.55951733 2.872672488176e+02 4.584364817360e+00 1.127389267378e-01 3.962055475016e-01 2.444743626233e+00
11 26 0 5.39988686 1.82812698 0.75593297 0.97698438 1.55951733 2.957651845846e+02 4.511963456703e+00 1.084305308310e-01 3.765533233903e-01 2.443454325205e+00
11 27 0 5.39988686 1.82812698 0.75593297 0.97698438 1.55951733 2.902338737908e+02 4.487452774191e+00 1.045921777831e-01 3.591615527117e-01 2.357756549615e+00
11 28 0 5.39988686 1.82812698 0.75593297 0.97698438 1.55951733 2.748295816661e+02 4.431957805833e+00 1.022316818635e-01 3.745745415082e-01 2.400297063053e+00
11 29 0 5.39988686 1.82812698 0.75593297 0.97698438 1.55951733 2.670276867705e+02 4.388897630858e+00 1.034594752737e-01 3.907109073639e-01 2.333893291859e+00
11 30 0 5.39988686 1.82812698 0.75593297 0.97698438 1.55951733 2.747366741190e+02 4.465843497977e+00 1.050733761941e-01 3.683863105033e-01 2.392120430293e+00
11 31 0 5.39988686 1.82812698 0.75593297 0.97698438 1.55951733 2.874386472160e+02 4.332103722498e+00 1.075101812477e-01 3.469547927687e-01 2.310503012607e+00
11 32 0 5.39988686 1.82812698 0.75593297 0.97698438 1.55951733 2.883645236906e+02 4.445176491766e+00 1.144139750018e-01 3.700791876195e-01 2.385579547455e+00
11 33 0 5.39988686 1.82812698 0.75593297 0.97698438 1.55951733 2.765237316182e+02 4.455259785551e+00 1.219790505025e-01 3.941999081025e-01 2.366544305667e+00
11 34 0 5.39988686 1.82812698 0.75593297 0.97698438 1.55951733 2.696045659394e+02 4.427883327245e+00 1.282903843126e-01 3.768262632298e-01 2.391857171593e+00
11 35 0 5.39988686 1.82812698 0.75593297 0.97698438 1.55951733 2.792283015468e+02 4.548186051605e+00 1.372276065685e-01 3.603616221005e-01 2.410666366156e+00
11 36 0 5.39988686 1.82812698 0.75593297 0.97698438 1.55951733 2.962605641727e+02 4.562777195900e+00 1.468480004918e-01 3.815616993287e-01 2.440318751714e+00
11 37 0 5.39988686 1.82812698 0.75593297 0.97698438 1.55951733 3.029168548990e+02 4.646670855906e+00 1.546861808488e-01 4.045769343274e-01 2.509913061810e+00
11 38 0 5.39988686 1.82812698 0.75593297 0.97698438 1.55951733 2.949110390353e+02 4.722652826768e+00 1.632118687052e-01 4.001734688060e-01 2.497820504254e+00
11 39 0 5.39988686 1.82812698 0.75593297 0.97698438 1.55951733 2.886347307873e+02 4.822968470944e+00 1.719262508034e-01 3.949105544961e-01 2.595516369856e+00
11 40 0 5.39988686 1.82812698 0.75593297 0.97698438 1.55951733 2.998113146360e+02 4.910572973319e+00 1.797972368444e-01 4.115581307546e-01 2.624512012440e+00
11 41 0 5.39988686 1.82812698 0.75593297 0.97698438 1.55951733 3.218865650796e+02 5.060794241025e+00 1.869725797770e-01 4.314797978308e-01 2.712698319565e+00
11 42 0 5.39988686 1.82812698 0.75593297 0.97698438 1.55951733 3.345466108772e+02 5.146361064364e+00 1.916458654198e-01 4.360911249628e-01 2.748356835166e+00
11 43 0 5.39988686 1.82812698 0.75593297 0.97698438 1.55951733 3.299839089825e+02 5.307694770514e+00 1.959876150733e-01 4.408906927440e-01 2.847587952161e+00
11 44 0 5.39988686 1.82812698 0.75593297 0.97698438 1.55951733 3.240604232121e+02 5.474710726130e+00 2.012543747370e-01 4.617439930739e-01 2.928295685262e+00
11 45 0 5.39988686 1.82812698 0.75593297 0.97698438 1.55951733 3.363651896780e+02 5.604130422430e+00 2.027070531496e-01 4.810308562986e-01 3.007263051317e+00
11 46 0 5.39988686 1.82812698 0.75593297 0.97698438 1.55951733 3.637023610000e+02 5.800021658586e+00 2.030641924848e-01 4.860468883046e-01 3.102266590768e+00
11 47 0 5.39988686 1.82812698 0.75593297 0.97698438 1.55951733 3.831908066022e+02 5.970456186826e+00 2.067097729003e-01 4.984610053077e-01 3.207146413517e+00
11 48 0 5.39988686 1.82812698 0.75593297 0.97698438 1.55951733 3.820921121860e+02 6.209164964965e+00 2.074785268482e-01 5.261122187175e-01 3.314499381901e+00
11 49 0 5.39988686 1.82812698 0.75593297 0.97698438 1.55951733 3.759952496995e+02 6.355810580741e+00 2.057164864472e-01 5.470832616208e-01 3.424674576530e+00
11 50 0 5.39988686 1.82812698 0.75593297 0.97698438 1.55951733 3.887909083164e+02 6.610058899146e+00 2.083142157135e-01 5.593038932349e-01 3.542149911975e+00
11 51 0 5.39988686 1.82812698 0.75593297 0.97698438 1.55951733 4.210207931366e+02 6.875551492698e+00 2.115161098579e-01 5.761385076848e-01 3.671158211676e+00
11 52 0 5.39988686 1.82812698 0.75593297 0.97698438 1.55951733 4.483231286212e+02 7.054492583389e+00 2.131246535364e-01 5.956093092468e-01 3.801237951050e+00
11 53 0 5.39988686 1.82812698 0.75593297 0.97698438 1.55951733 4.517929183919e+02 7.342247039034e+00 2.176128241591e-01 6.226957399174e-01 3.945249263978e+00
11 54 0 5.39988686 1.82812698 0.75593297 0.97698438 1.55951733 4.446080754148e+02 7.633019723671e+00 2.233435145442e-01 6.592315893957e-01 4.080330846665e+00
11 55 0 5.39988686 1.82812698 0.75593297 0.97698438 1.55951733 4.563977004491e+02 7.868997541253e+00 2.290356199698e-01 6.764589132030e-01 4.231704366265e+00
11 56 0 5.39988686 1.82812698 0.75593297 0.97698438 1.55951733 4.935722539944e+02 8.188306301452e+00 2.355743271424e-01 6.767926406101e-01 4.395309266801e+00
11 57 0 5.39988686 1.82812698 0.75593297 0.97698438 1.55951733 5.300428851761e+02 8.482377689960e+00 2.416913512176e-01 7.104301444928e-01 4.567391745467e+00
11 58 0 5.39988686 1.82812698 0.75593297 0.97698438 1.55951733 5.388580034944e+02 8.780953373333e+00 2.511381572265e-01 7.702988663390e-01 4.707309074536e+00
11 59 0 5.39988686 1.82812698 0.75593297 0.97698438 1.55951733 5.295318479064e+02 9.161416751758e+00 2.631041304231e-01 7.940433198279e-01 4.902634958475e+00
11 60 0 5.39988686 1.82812698 0.75593297 0.97698438 1.55951733 5.390963204436e+02 9.416752965106e+00 2.712506518761e-01 7.881487646015e-01 5.094321548422e+00
11 61 0 5.39988686 1.82812698 0.75593297 0.97698438 1.55951733 5.813216340542e+02 9.819593255339e+00 2.820104624065e-01 8.156533222225e-01 5.274407221652e+00
11 62 0 5.39988686 1.82812698 0.75593297 0.97698438 1.55951733 6.276612226438e+02 1.019088595770e+01 2.972708373041e-01 8.794860048266e-01 5.448008000151e+00
11 63 0 5.39988686 1.82812698 0.75593297 0.97698438 1.55951733 6.428878782312e+02 1.052457044182e+01 3.064512270775e-01 9.236145158434e-01 5.664067362342e+00
12 0 0 4.65511759 1.13574906 0.59206885 0.76033579 1.19052309 3.276598483060e+02 1.284705318079e+00 1.603370631880e-01 1.760063596413e-01 1.292527867214e+00
12 1 0 4.65511759 1.13574906 0.59206885 0.76033579 1.19052309 3.430311180569e+02 1.619081780110e+00 1.699550802408e-01 2.051044078121e-01 1.185538594574e+00
12 2 0 4.65511759 1.13574906 0.59206885 0.76033579 1.19052309 3.527944549978e+02 1.879054218631e+00 1.586179640037e-01 2.815062505982e-01 1.371449199052e+00
12 3 0 4.65511759 1.13574906 0.59206885 0.76033579 1.19052309 3.484434912082e+02 1.938931715910e+00 1.301280408849e-01 3.543796924922e-01 1.750460643830e+00
12 4 0 4.65511759 1.13574906 0.59206885 0.76033579 1.19052309 3.280999995953e+02 1.785280754706e+00 9.461019070741e-02 4.008996149308e-01 2.040696123716e+00
12 5 0 4.65511759 1.13574906 0.59206885 0.76033579 1.19052309 2.971253457698e+02 1.465639067551e+00 6.438608756813e-02 3.910479331349e-01 2.164606942683e+00
12 6 0 4.65511759 1.13574906 0.59206885 0.76033579 1.19052309 2.648916986248e+02 1.097097610775e+00 4.940047961100e-02 3.266157820356e-01 1.952868706974e+00
12 7 0 4.65511759 1.13574906 0.59206885 0.76033579 1.19052309 2.405844520492e+02 8.320053198633e-01 5.357409358468e-02 2.365452171794e-01 1.589059299905e+00
12 8 0 4.65511759 1.13574906 0.59206885 0.76033579 1.19052309 2.298235791363e+02 7.451411987506e-01 7.342433023731e-02 1.572703745932e-01 1.160294401405e+00
12 9 0 4.65511759 1.13574906 0.59206885 0.76033579 1.19052309 2.325599602760e+02 8.272961868498e-01 9.974450388813e-02 1.280424568333e-01 8.950798344607e-01
12 10 0 4.65511759 1.13574906 0.59206885 0.76033579 1.19052309 2.432205245319e+02 1.056580323859e+00 1.215589222760e-01 1.525522379265e-01 8.656620676118e-01
12 11 0 4.65511759 1.13574906 0.59206885 0.76033579 1.19052309 2.533985276822e+02 1.241300387887e+00 1.303704536256e-01 2.049390776105e-01 1.048212544471e+00
12 12 0 4.65511759 1.13574906 0.59206885 0.76033579 1.19052309 2.557688519931e+02 1.381661468681e+00 1.230427377592e-01 2.556350297466e-01 1.333583211874e+00
12 13 0 4.65511759 1.13574906 0.59206885 0.76033579 1.19052309 2.469757105240e+02 1.325969791477e+00 1.026265812309e-01 2.853506226711e-01 1.540179825675e+00
12 14 0 4.65511759 1.13574906 0.59206885 0.76033579 1.19052309 2.284733565490e+02 1.152775984465e+00 7.695159149702e-02 2.836480010732e-01 1.569452989704e+00
12 15 0 4.65511759 1.13574906 0.59206885 0.76033579 1.19052309 2.056997754238e+02 9.064289756640e-01 5.531458785534e-02 2.392196681728e-01 1.394525142279e+00
12 16 0 4.65511759 1.13574906 0.59206885 0.76033579 1.19052309 1.857236462921e+02 6.744721781006e-01 4.460867247826e-02 1.681110476715e-01 1.095163296644e+00
12 17 0 4.65511759 1.13574906 0.59206885 0.76033579 1.19052309 1.741430613625e+02 5.615430060666e-01 4.677533857585e-02 1.137003904784e-01 8.063641628165e-01
12 18 0 4.65511759 1.13574906 0.59206885 0.76033579 1.19052309 1.728862867215e+02 5.634959203626e-01 5.861694170941e-02 1.000177676699e-01 6.528582996715e-01
12 19 0 4.65511759 1.13574906 0.59206885 0.76033579 1.19052309 1.797639179809e+02 7.038451406559e-01 7.361264709945e-02 1.159142771012e-01 6.758498464398e-01
12 20 0 4.65511759 1.13574906 0.59206885 0.76033579 1.19052309 1.896190963904e+02 8.579681434510e-01 8.471158135224e-02 1.490899016424e-01 8.557270826126e-01
12 21 0 4.65511759 1.13574906 0.59206885 0.76033579 1.19052309 1.965425552236e+02 1.008003419391e+00 8.705990224635e-02 1.971606561133e-01 1.064149968536e+00
12 22 0 4.65511759 1.13574906 0.59206885 0.76033579 1.19052309 1.963321957872e+02 1.037797444749e+00 7.964205646081e-02 2.285511058608e-01 1.221715657906e+00
12 23 0 4.65511759 1.13574906 0.59206885 0.76033579 1.19052309 1.880482970483e+02 9.656002527849e-01 6.514085954475e-02 2.163176376099e-01 1.208930048589e+00
12 24 0 4.65511759 1.13574906 0.59206885 0.76033579 1.19052309 1.740706720380e+02 7.994252729764e-01 4.829892288732e-02 1.808385337518e-01 1.071925770892e+00
12 25 0 4.65511759 1.13574906 0.59206885 0.76033579 1.19052309 1.590810383700e+02 6.228663543067e-01 3.392355571481e-02 1.396322568334e-01 8.371490879205e-01
12 26 0 4.65511759 1.13574906 0.59206885 0.76033579 1.19052309 1.482752307082e+02 4.830341181074e-01 2.549375575613e-02 9.986518736170e-02 6.387509536543e-01
12 27 0 4.65511759 1.13574906 0.59206885 0.76033579 1.19052309 1.451744867622e+02 4.535560902405e-01 2.452264031268e-02 7.888052250227e-02 5.449609609140e-01
12 28 0 4.65511759 1.13574906 0.59206885 0.76033579 1.19052309 1.501582607698e+02 5.319999217466e-01 3.045244256685e-02 9.422952957947e-02 6.097719344582e-01
12 29 0 4.65511759 1.13574906 0.59206885 0.76033579 1.19052309 1.605269774362e+02 6.644868570665e-01 4.098325034224e-02 1.414040093889e-01 7.719967119781e-01
12 30 0 4.65511759 1.13574906 0.59206885 0.76033579 1.19052309 1.718100086651e+02 8.550051284028e-01 5.273781597007e-02 1.770807549296e-01 9.958344932462e-01
12 31 0 4.65511759 1.13574906 0.59206885 0.76033579 1.19052309 1.793569279034e+02 9.148879391434e-01 6.204364359420e-02 1.906816271292e-01 1.101259664458e+00
12 32 0 4.65511759 1.13574906 0.59206885 0.76033579 1.19052309 1.798735315118e+02 9.504638740448e-01 6.578293890800e-02 2.043022435271e-01 1.139211949465e+00
12 33 0 4.65511759 1.13574906 0.59206885 0.76033579 1.19052309 1.730494140085e+02 8.380034540733e-01 6.244654761940e-02 1.871859789948e-01 9.694783452661e-01
12 34 0 4.65511759 1.13574906 0.59206885 0.76033579 1.19052309 1.620630835651e+02 6.745675030958e-01 5.315844425902e-02 1.322385453014e-01 7.980138579467e-01
12 35 0 4.65511759 1.13574906 0.59206885 0.76033579 1.19052309 1.520191689412e+02 5.400473802507e-01 4.188735511546e-02 9.212544504150e-02 5.989929232532e-01
12 36 0 4.65511759 1.13574906 0.59206885 0.76033579 1.19052309 1.476797131072e+02 4.531984012325e-01 3.426353587145e-02 8.524909507001e-02 5.637354903780e-01
12 37 0 4.65511759 1.13574906 0.59206885 0.76033579 1.19052309 1.517664944808e+02 5.024572743025e-01 3.533369573549e-02 1.029386699186e-01 6.504889414895e-01
12 38 0 4.65511759 1.13574906 0.59206885 0.76033579 1.19052309 1.639127563103e+02 6.422459655031e-01 4.724317950889e-02 1.406808285693e-01 8.872914988141e-01
12 39 0 4.65511759 1.13574906 0.59206885 0.76033579 1.19052309 1.805149120013e+02 8.430601679952e-01 6.782359500059e-02 1.917882387361e-01 1.114559473269e+00
12 40 0 4.65511759 1.13574906 0.59206885 0.76033579 1.19052309 1.959383507494e+02 1.013241344401e+00 9.081298777746e-02 2.351598926833e-01 1.286160545395e+00
12 41 0 4.65511759 1.13574906 0.59206885 0.76033579 1.19052309 2.049365747147e+02 1.106011410327e+00 1.080212984539e-01 2.360023952259e-01 1.261944359252e+00
12 42 0 4.65511759 1.13574906 0.59206885 0.76033579 1.19052309 2.050213897567e+02 1.045578721466e+00 1.128059512948e-01 2.012341651722e-01 1.115701621490e+00
12 43 0 4.65511759 1.13574906 0.59206885 0.76033579 1.19052309 1.975207617124e+02 9.122803299531e-01 1.031747114662e-01 1.609659429331e-01 8.708701368535e-01
12 44 0 4.65511759 1.13574906 0.59206885 0.76033579 1.19052309 1.872030257477e+02 7.172958774486e-01 8.284883154049e-02 1.196769534414e-01 7.062706318636e-01
12 45 0 4.65511759 1.13574906 0.59206885 0.76033579 1.19052309 1.805605800739e+02 5.876354108367e-01 5.985044457936e-02 9.747778873390e-02 6.862718965967e-01
12 46 0 4.65511759 1.13574906 0.59206885 0.76033579 1.19052309 1.830911171346e+02 5.840504076124e-01 4.339898177658e-02 1.248567403408e-01 8.793373639874e-01
12 47 0 4.65511759 1.13574906 0.59206885 0.76033579 1.19052309 1.968046869587e+02 7.241436233038e-01 4.031911625710e-02 1.916667635181e-01 1.184421972642e+00
12 48 0 4.65511759 1.13574906 0.59206885 0.76033579 1.19052309 2.191657418862e+02 9.897710878353e-01 5.223236850423e-02 2.576718371675e-01 1.505476610832e+00
12 49 0 4.65511759 1.13574906 0.59206885 0.76033579 1.19052309 2.438704541568e+02 1.250459161854e+00 7.478237720719e-02 2.975495305768e-01 1.670915593612e+00
12 50 0 4.65511759 1.13574906 0.59206885 0.76033579 1.19052309 2.632350626282e+02 1.459988584401e+00 9.941723020774e-02 3.074150815566e-01 1.628861774590e+00
12 51 0 4.65511759 1.13574906 0.59206885 0.76033579 1.19052309 2.715734393862e+02 1.466175401830e+00 1.168618234482e-01 2.780674807812e-01 1.394403416055e+00
12 52 0 4.65511759 1.13574906 0.59206885 0.76033579 1.19052309 2.679762625204e+02 1.337435283885e+00 1.206375754790e-01 2.143187986582e-01 1.110228191847e+00
12 53 0 4.65511759 1.13574906 0.59206885 0.76033579 1.19052309 2.568006014736e+02 1.092013930779e+00 1.094364331398e-01 1.524331676730e-01 9.176955824083e-01
12 54 0 4.65511759 1.13574906 0.59206885 0.76033579 1.19052309 2.460292780178e+02 8.556007034778e-01 8.781575031530e-02 1.344875550526e-01 9.791215678537e-01
12 55 0 4.65511759 1.13574906 0.59206885 0.76033579 1.19052309 2.443151566501e+02 7.852587937543e-01 6.484247846444e-02 1.788946114951e-01 1.260673459004e+00
12 56 0 4.65511759 1.13574906 0.59206885 0.76033579 1.19052309 2.572485279635e+02 8.927743673873e-01 5.077536856116e-02 2.636770466906e-01 1.720064877998e+00
12 57 0 4.65511759 1.13574906 0.59206885 0.76033579 1.19052309 2.844158187287e+02 1.223690656829e+00 5.303219812453e-02 3.556268302173e-01 2.104852626966e+00
12 58 0 4.65511759 1.13574906 0.59206885 0.76033579 1.19052309 3.191463583187e+02 1.622256631751e+00 7.328341961870e-02 4.203323319319e-01 2.307298301914e+00
12 59 0 4.65511759 1.13574906 0.59206885 0.76033579 1.19052309 3.513693884428e+02 1.958978928057e+00 1.067071079105e-01 4.272378696973e-01 2.190939862687e+00
12 60 0 4.65511759 1.13574906 0.59206885 0.76033579 1.19052309 3.717746666126e+02 2.103523213646e+00 1.433750267466e-01 3.799564573730e-01 1.852660330200e+00
12 61 0 4.65511759 1.13574906 0.59206885 0.76033579 1.19052309 3.753621829818e+02 1.998959226924e+00 1.714472721656e-01 2.919695236346e-01 1.468575668133e+00
12 62 0 4.65511759 1.13574906 0.59206885 0.76033579 1.19052309 3.641212528947e+02 1.673549565747e+00 1.815155087066e-01 2.082823811561e-01 1.257218942916e+00
12 63 0 4.65511759 1.13574906 0.59206885 0.76033579 1.19052309 3.472814772191e+02 1.334807824311e+00 1.704586591247e-01 1.957010693413e-01 1.389744366173e+00
20 0 0 7.92390668 1.47555904 0.68706603 0.87028479 1.35200848 2.121959641493e+03 4.237563839630e+00 2.059536039453e-01 5.385357988301e-01 3.744529924796e+00
20 1 0 7.92390668 1.47555904 0.68706603 0.87028479 1.35200848 2.117992951527e+03 4.119655659206e+00 2.026324795400e-01 4.930528185699e-01 3.269534592142e+00
20 2 0 7.92390668 1.47555904 0.68706603 0.87028479 1.35200848 2.103711478901e+03 3.939290266815e+00 1.985711286592e-01 4.814897991163e-01 2.420598165344e+00
20 3 0 7.92390668 1.47555904 0.68706603 0.87028479 1.35200848 2.025609826667e+03 3.834148846385e+00 1.916761565860e-01 4.906284099252e-01 2.144105500958e+00
20 4 0 7.92390668 1.47555904 0.68706603 0.87028479 1.35200848 1.901397817110e+03 3.679181550906e+00 1.857437383685e-01 4.725299228735e-01 2.633519175919e+00
20 5 0 7.92390668 1.47555904 0.68706603 0.87028479 1.35200848 1.795165153820e+03 3.526418172168e+00 1.833073200537e-01 4.317312800911e-01 3.083311642644e+00
20 6 0 7.92390668 1.47555904 0.68706603 0.87028479 1.35200848 1.751341171895e+03 3.434123085023e+00 1.814124254842e-01 4.108805623203e-01 2.854998108577e+00
20 7 0 7.92390668 1.47555904 0.68706603 0.87028479 1.35200848 1.751104804886e+03 3.271851181130e+00 1.773105093956e-01 4.137085311349e-01 2.128095725174e+00
20 8 0 7.92390668 1.47555904 0.68706603 0.87028479 1.35200848 1.733721757675e+03 3.196967197132e+00 1.722467548574e-01 4.074355212781e-01 1.763097288164e+00
20 9 0 7.92390668 1.47555904 0.68706603 0.87028479 1.35200848 1.661916725866e+03 3.082081564267e+00 1.676085392262e-01 3.825996922058e-01 2.053943089387e+00
20 10 0 7.92390668 1.47555904 0.68706603 0.87028479 1.35200848 1.559359984529e+03 2.949106984536e+00 1.628519523387e-01 3.596841355820e-01 2.520257116756e+00
20 11 0 7.92390668 1.47555904 0.68706603 0.87028479 1.35200848 1.481596036728e+03 2.838946907975e+00 1.583739694198e-01 3.504043893356e-01 2.453750547677e+00
20 12 0 7.92390668 1.47555904 0.68706603 0.87028479 1.35200848 1.457827917452e+03 2.777994094787e+00 1.552974088227e-01 3.464042214452e-01 1.907335454954e+00
20 13 0 7.92390668 1.47555904 0.68706603 0.87028479 1.35200848 1.462972544870e+03 2.672476992914e+00 1.520427237679e-01 3.367985711340e-01 1.481722853035e+00
20 14 0 7.92390668 1.47555904 0.68706603 0.87028479 1.35200848 1.445601565883e+03 2.599287324116e+00 1.459639229609e-01 3.202020237069e-01 1.636078383332e+00
20 15 0 7.92390668 1.47555904 0.68706603 0.87028479 1.35200848 1.382687836510e+03 2.484489045103e+00 1.381004768163e-01 3.050519975820e-01 2.038770767521e+00
20 16 0 7.92390668 1.47555904 0.68706603 0.87028479 1.35200848 1.302331499943e+03 2.420621184547e+00 1.316429105421e-01 2.989217607534e-01 2.126584897492e+00
20 17 0 7.92390668 1.47555904 0.68706603 0.87028479 1.35200848 1.251144746427e+03 2.367804966022e+00 1.264753139048e-01 2.955396185183e-01 1.725766869906e+00
20 18 0 7.92390668 1.47555904 0.68706603 0.87028479 1.35200848 1.245306416505e+03 2.287147687547e+00 1.198707022891e-01 2.845896054415e-01 1.309761043968e+00
20 19 0 7.92390668 1.47555904 0.68706603 0.87028479 1.35200848 1.256091795726e+03 2.241671390008e+00 1.116428628745e-01 2.720527215525e-01 1.333272188925e+00
20 20 0 7.92390668 1.47555904 0.68706603 0.87028479 1.35200848 1.241734989957e+03 2.149893806283e+00 1.041065193633e-01 2.686764072188e-01 1.680813521690e+00
20 21 0 7.92390668 1.47555904 0.68706603 0.87028479 1.35200848 1.191070974478e+03 2.135614994386e+00 9.780329006175e-02 2.661253071008e-01 1.864895651364e+00
20 22 0 7.92390668 1.47555904 0.68706603 0.87028479 1.35200848 1.133114181170e+03 2.068910824714e+00 9.137251070617e-02 2.539050146373e-01 1.611700344507e+00
20 23 0 7.92390668 1.47555904 0.68706603 0.87028479 1.35200848 1.105095632602e+03 2.035724094982e+00 8.484288270437e-02 2.451153184931e-01 1.217206165254e+00
20 24 0 7.92390668 1.47555904 0.68706603 0.87028479 1.35200848 1.114603192448e+03 2.005144757043e+00 7.951333622366e-02 2.508362836424e-01 1.150708209881e+00
20 25 0 7.92390668 1.47555904 0.68706603 0.87028479 1.35200848 1.133038018992e+03 1.973298814048e+00 7.547771652025e-02 2.519055749765e-01 1.425191201586e+00
20 26 0 7.92390668 1.47555904 0.68706603 0.87028479 1.35200848 1.125817396501e+03 1.927091053435e+00 7.218160935013e-02 2.349304033316e-01 1.705532794044e+00
20 27 0 7.92390668 1.47555904 0.68706603 0.87028479 1.35200848 1.088658011557e+03 1.926058451101e+00 7.017618526459e-02 2.248867270892e-01 1.546521845762e+00
20 28 0 7.92390668 1.47555904 0.68706603 0.87028479 1.35200848 1.050692644163e+03 1.915325346026e+00 6.982492200484e-02 2.392334204734e-01 1.235217717743e+00
20 29 0 7.92390668 1.47555904 0.68706603 0.87028479 1.35200848 1.042982886296e+03 1.886503245330e+00 6.996196173865e-02 2.488965006151e-01 1.039247802268e+00
20 30 0 7.92390668 1.47555904 0.68706603 0.87028479 1.35200848 1.067946034828e+03 1.921155528782e+00 7.015388614588e-02 2.313533675325e-01 1.315104411203e+00
20 31 0 7.92390668 1.47555904 0.68706603 0.87028479 1.35200848 1.097468543019e+03 1.848167300759e+00 7.223675241131e-02 2.170690097298e-01 1.581409782048e+00
20 32 0 7.92390668 1.47555904 0.68706603 0.87028479 1.35200848 1.100219349490e+03 1.912407540990e+00 7.728614834131e-02 2.333170108305e-01 1.626631914492e+00
20 33 0 7.92390668 1.47555904 0.68706603 0.87028479 1.35200848 1.074811104311e+03 1.920911216340e+00 8.330643730355e-02 2.511255529390e-01 1.285153854195e+00
20 34 0 7.92390668 1.47555904 0.68706603 0.87028479 1.35200848 1.053009676150e+03 1.907110555832e+00 8.824628975807e-02 2.401383590108e-01 1.077177330808e+00
20 35 0 7.92390668 1.47555904 0.68706603 0.87028479 1.35200848 1.065448442887e+03 1.954502712767e+00 9.296463074818e-02 2.255413811130e-01 1.236310709980e+00
20 36 0 7.92390668 1.47555904 0.68706603 0.87028479 1.35200848 1.109270793460e+03 1.947697393498e+00 9.895478483968e-02 2.380961408132e-01 1.610394906936e+00
20 37 0 7.92390668 1.47555904 0.68706603 0.87028479 1.35200848 1.151568778803e+03 2.001656497384e+00 1.055829176914e-01 2.575144967021e-01 1.749381857332e+00
20 38 0 7.92390668 1.47555904 0.68706603 0.87028479 1.35200848 1.162528277663e+03 2.040291976542e+00 1.117640693419e-01 2.556274455015e-01 1.460179013524e+00
20 39 0 7.92390668 1.47555904 0.68706603 0.87028479 1.35200848 1.146591298691e+03 2.074435395351e+00 1.178592344494e-01 2.481219945381e-01 1.189133206222e+00
20 40 0 7.92390668 1.47555904 0.68706603 0.87028479 1.35200848 1.140320097586e+03 2.106167807603e+00 1.239302995892e-01 2.581356764649e-01 1.263250128070e+00
20 41 0 7.92390668 1.47555904 0.68706603 0.87028479 1.35200848 1.174295434164e+03 2.180473940578e+00 1.287702287320e-01 2.731826290113e-01 1.711295901059e+00
20 42 0 7.92390668 1.47555904 0.68706603 0.87028479 1.35200848 1.239224220186e+03 2.211136571385e+00 1.323312460174e-01 2.763486721582e-01 1.952773131649e+00
20 43 0 7.92390668 1.47555904 0.68706603 0.87028479 1.35200848 1.294615101437e+03 2.286836859262e+00 1.361479807425e-01 2.787817097009e-01 1.762300773513e+00
20 44 0 7.92390668 1.47555904 0.68706603 0.87028479 1.35200848 1.311062164192e+03 2.362412980801e+00 1.400395342441e-01 2.916268029301e-01 1.386730779902e+00
20 45 0 7.92390668 1.47555904 0.68706603 0.87028479 1.35200848 1.302272282718e+03 2.417221856164e+00 1.419297742548e-01 3.036651406983e-01 1.388808870098e+00
20 46 0 7.92390668 1.47555904 0.68706603 0.87028479 1.35200848 1.312624256164e+03 2.499603636940e+00 1.420909497784e-01 3.075741151333e-01 1.859604561237e+00
20 47 0 7.92390668 1.47555904 0.68706603 0.87028479 1.35200848 1.370541629634e+03 2.556628168066e+00 1.433945139838e-01 3.147567861106e-01 2.260356757326e+00
20 48 0 7.92390668 1.47555904 0.68706603 0.87028479 1.35200848 1.457016442401e+03 2.679945759328e+00 1.461398222464e-01 3.314558637203e-01 2.164193974161e+00
20 49 0 7.92390668 1.47555904 0.68706603 0.87028479 1.35200848 1.523904519190e+03 2.764663589272e+00 1.472793009850e-01 3.476948674317e-01 1.709045774289e+00
20 50 0 7.92390668 1.47555904 0.68706603 0.87028479 1.35200848 1.543656913761e+03 2.851444951913e+00 1.461103347501e-01 3.557870515650e-01 1.598869863102e+00
20 51 0 7.92390668 1.47555904 0.68706603 0.87028479 1.35200848 1.540529428678e+03 2.942626910954e+00 1.458620529248e-01 3.611041074466e-01 2.057237711589e+00
20 52 0 7.92390668 1.47555904 0.68706603 0.87028479 1.35200848 1.568131778428e+03 3.042836184996e+00 1.483011270466e-01 3.740295856308e-01 2.648030357931e+00
20 53 0 7.92390668 1.47555904 0.68706603 0.87028479 1.35200848 1.652333900791e+03 3.188921782921e+00 1.516149600505e-01 3.977138116627e-01 2.667397402658e+00
20 54 0 7.92390668 1.47555904 0.68706603 0.87028479 1.35200848 1.761624125560e+03 3.306772961174e+00 1.545716123063e-01 4.197624105636e-01 2.179854642924e+00
20 55 0 7.92390668 1.47555904 0.68706603 0.87028479 1.35200848 1.838224425936e+03 3.382779892711e+00 1.578718716835e-01 4.251403774548e-01 1.892227505743e+00
20 56 0 7.92390668 1.47555904 0.68706603 0.87028479 1.35200848 1.857654039616e+03 3.536633790756e+00 1.611424083908e-01 4.256804501563e-01 2.316448613683e+00
20 57 0 7.92390668 1.47555904 0.68706603 0.87028479 1.35200848 1.857933914250e+03 3.670303287003e+00 1.637371506816e-01 4.498123114434e-01 3.071334797537e+00
20 58 0 7.92390668 1.47555904 0.68706603 0.87028479 1.35200848 1.904512381521e+03 3.791191163665e+00 1.679331589296e-01 4.899146488499e-01 3.283367367894e+00
20 59 0 7.92390668 1.47555904 0.68706603 0.87028479 1.35200848 2.019300348270e+03 3.973363274914e+00 1.758061105246e-01 5.053321780077e-01 2.805968867547e+00
20 60 0 7.92390668 1.47555904 0.68706603 0.87028479 1.35200848 2.152553144895e+03 4.076027565320e+00 1.844371119251e-01 4.960827344230e-01 2.296009204473e+00
20 61 0 7.92390668 1.47555904 0.68706603 0.87028479 1.35200848 2.233850904863e+03 4.243224817508e+00 1.902588735398e-01 5.111930407391e-01 2.631071533899e+00
20 62 0 7.92390668 1.47555904 0.68706603 0.87028479 1.35200848 2.246754214598e+03 4.399478634774e+00 1.957068501965e-01 5.599304350738e-01 3.501721916289e+00
20 63 0 7.92390668 1.47555904 0.68706603 0.87028479 1.35200848 2.249823197340e+03 4.551000688837e+00 2.048283026798e-01 5.904151750475e-01 4.021627966767e+00
21 0 0 0.99513546 0.97261028 0.73676098 0.69182331 0.75058116 8.804265282487e-01 8.115755641367e-01 2.021976677792e-01 2.045494673966e-01 2.957665220372e-01
21 1 0 0.99513546 0.97261028 0.73676098 0.69182331 0.75058116 8.763312608776e-01 7.919741618221e-01 1.960223541586e-01 2.032351147963e-01 2.870870109178e-01
21 2 0 0.99513546 0.97261028 0.73676098 0.69182331 0.75058116 8.277865336052e-01 7.923425695565e-01 1.891878713110e-01 2.048296578407e-01 2.675059166416e-01
21 3 0 0.99513546 0.97261028 0.73676098 0.69182331 0.75058116 8.042372570174e-01 7.174344270958e-01 1.828306754402e-01 2.008273376433e-01 2.657963294517e-01
21 4 0 0.99513546 0.97261028 0.73676098 0.69182331 0.75058116 7.883198205155e-01 7.049320939693e-01 1.796991568076e-01 1.936606893425e-01 2.641515413791e-01
21 5 0 0.99513546 0.97261028 0.73676098 0.69182331 0.75058116 7.486731864190e-01 7.050844999318e-01 1.721846438989e-01 1.810588594976e-01 2.426713092717e-01
21 6 0 0.99513546 0.97261028 0.73676098 0.69182331 0.75058116 7.517521588218e-01 6.371259461410e-01 1.684084945822e-01 1.738068152719e-01 2.307381176950e-01
21 7 0 0.99513546 0.97261028 0.73676098 0.69182331 0.75058116 6.816307230626e-01 6.410179687252e-01 1.588602940954e-01 1.666217003809e-01 2.301438976174e-01
21 8 0 0.99513546 0.97261028 0.73676098 0.69182331 0.75058116 6.826017159597e-01 6.348243395156e-01 1.521387487128e-01 1.592931992393e-01 2.188635194491e-01
21 9 0 0.99513546 0.97261028 0.73676098 0.69182331 0.75058116 6.352222297383e-01 5.733636617372e-01 1.449518853134e-01 1.582384849659e-01 2.105834651042e-01
21 10 0 0.99513546 0.97261028 0.73676098 0.69182331 0.75058116 6.133549883669e-01 5.840511391157e-01 1.387519907260e-01 1.514350514857e-01 2.098276071179e-01
21 11 0 0.99513546 0.97261028 0.73676098 0.69182331 0.75058116 6.131005567917e-01 5.523478975673e-01 1.371281363173e-01 1.431829204843e-01 1.982998542531e-01
21 12 0 0.99513546 0.97261028 0.73676098 0.69182331 0.75058116 5.711694188324e-01 5.112078130672e-01 1.323975285102e-01 1.345899625748e-01 1.856198244343e-01
21 13 0 0.99513546 0.97261028 0.73676098 0.69182331 0.75058116 5.737217394219e-01 5.301111128506e-01 1.320792200400e-01 1.270289793191e-01 1.835585099992e-01
21 14 0 0.99513546 0.97261028 0.73676098 0.69182331 0.75058116 5.375420863632e-01 4.954306306843e-01 1.264509258197e-01 1.202692247489e-01 1.791442558081e-01
21 15 0 0.99513546 0.97261028 0.73676098 0.69182331 0.75058116 5.399477555819e-01 4.763443901234e-01 1.231648461570e-01 1.179820766760e-01 1.716888407265e-01
21 16 0 0.99513546 0.97261028 0.73676098 0.69182331 0.75058116 5.112361709965e-01 4.925621834815e-01 1.176369818250e-01 1.175122964299e-01 1.687331353097e-01
21 17 0 0.99513546 0.97261028 0.73676098 0.69182331 0.75058116 5.023657004212e-01 4.362213095657e-01 1.130496683797e-01 1.185361232837e-01 1.635403185382e-01
21 18 0 0.99513546 0.97261028 0.73676098 0.69182331 0.75058116 4.886921638265e-01 4.295792011404e-01 1.099449464911e-01 1.155993838547e-01 1.558741016016e-01
21 19 0 0.99513546 0.97261028 0.73676098 0.69182331 0.75058116 4.520043949221e-01 4.451603433768e-01 1.063769282054e-01 1.152267948272e-01 1.519037218933e-01
21 20 0 0.99513546 0.97261028 0.73676098 0.69182331 0.75058116 4.621115023337e-01 3.974773893012e-01 1.045031122197e-01 1.118357818100e-01 1.478776447738e-01
21 21 0 0.99513546 0.97261028 0.73676098 0.69182331 0.75058116 4.331606292756e-01 4.210655739874e-01 1.021061326114e-01 1.067971486331e-01 1.443934966414e-01
21 22 0 0.99513546 0.97261028 0.73676098 0.69182331 0.75058116 4.415758599968e-01 4.159959035436e-01 9.982201444841e-02 1.054872505254e-01 1.453139703626e-01
21 23 0 0.99513546 0.97261028 0.73676098 0.69182331 0.75058116 4.278320818291e-01 3.704901024615e-01 9.911063294132e-02 1.029669653429e-01 1.429116189550e-01
21 24 0 0.99513546 0.97261028 0.73676098 0.69182331 0.75058116 4.240937967899e-01 3.913525746191e-01 9.697576195654e-02 1.009229095079e-01 1.348933310195e-01
21 25 0 0.99513546 0.97261028 0.73676098 0.69182331 0.75058116 4.181311213955e-01 3.715893381436e-01 9.749278203220e-02 9.899592031008e-02 1.311340829831e-01
21 26 0 0.99513546 0.97261028 0.73676098 0.69182331 0.75058116 4.017486981748e-01 3.589610718662e-01 9.549719742188e-02 9.733542365099e-02 1.322490909035e-01
21 27 0 0.99513546 0.97261028 0.73676098 0.69182331 0.75058116 4.202630534393e-01 3.937819430444e-01 9.472678193340e-02 9.417555511193e-02 1.324334651150e-01
21 28 0 0.99513546 0.97261028 0.73676098 0.69182331 0.75058116 3.886041123874e-01 3.619870522765e-01 9.272650605433e-02 9.138594947371e-02 1.331389504895e-01
21 29 0 0.99513546 0.97261028 0.73676098 0.69182331 0.75058116 4.039161775883e-01 3.586944899755e-01 9.047609732290e-02 8.947116233435e-02 1.330021935014e-01
21 30 0 0.99513546 0.97261028 0.73676098 0.69182331 0.75058116 3.923977476230e-01 3.774844091382e-01 9.055021373420e-02 8.978518749075e-02 1.274745375197e-01
21 31 0 0.99513546 0.97261028 0.73676098 0.69182331 0.75058116 3.848281002387e-01 3.359347248382e-01 8.959978561482e-02 8.833830896321e-02 1.235754630592e-01
21 32 0 0.99513546 0.97261028 0.73676098 0.69182331 0.75058116 4.033959307763e-01 3.667898802704e-01 9.262438787085e-02 9.178649027984e-02 1.290375209965e-01
21 33 0 0.99513546 0.97261028 0.73676098 0.69182331 0.75058116 3.966182357147e-01 3.842557711438e-01 9.338840197678e-02 9.439791110387e-02 1.353862516717e-01
21 34 0 0.99513546 0.97261028 0.73676098 0.69182331 0.75058116 4.144453807775e-01 3.549955462105e-01 9.619738404337e-02 9.623358206613e-02 1.341632448116e-01
21 35 0 0.99513546 0.97261028 0.73676098 0.69182331 0.75058116 4.039022149176e-01 3.881725323234e-01 9.671517033396e-02 9.968516996274e-02 1.316672142001e-01
21 36 0 0.99513546 0.97261028 0.73676098 0.69182331 0.75058116 4.243414413708e-01 3.767445315952e-01 9.723625298845e-02 1.015516861958e-01 1.326257345113e-01
21 37 0 0.99513546 0.97261028 0.73676098 0.69182331 0.75058116 4.133350116648e-01 3.605008324862e-01 9.783439475011e-02 1.024733138367e-01 1.340707736278e-01
21 38 0 0.99513546 0.97261028 0.73676098 0.69182331 0.75058116 4.262873789009e-01 4.028352097517e-01 9.837437960305e-02 1.028382872259e-01 1.384807417583e-01
21 39 0 0.99513546 0.97261028 0.73676098 0.69182331 0.75058116 4.442399510154e-01 3.949253948429e-01 1.005270130844e-01 1.045250801181e-01 1.462044062921e-01
21 40 0 0.99513546 0.97261028 0.73676098 0.69182331 0.75058116 4.289228618538e-01 4.056737508195e-01 1.030380690498e-01 1.062291597994e-01 1.482835551730e-01
21 41 0 0.99513546 0.97261028 0.73676098 0.69182331 0.75058116 4.634185066751e-01 4.408904131916e-01 1.057525604622e-01 1.079856637939e-01 1.462772387800e-01
21 42 0 0.99513546 0.97261028 0.73676098 0.69182331 0.75058116 4.541368872933e-01 4.083346875151e-01 1.096451130987e-01 1.106457082937e-01 1.502563277186e-01
21 43 0 0.99513546 0.97261028 0.73676098 0.69182331 0.75058116 4.866528718864e-01 4.343368266608e-01 1.120238923370e-01 1.145598496488e-01 1.567950590451e-01
21 44 0 0.99513546 0.97261028 0.73676098 0.69182331 0.75058116 4.977399277373e-01 4.634408817460e-01 1.169826348415e-01 1.131766789046e-01 1.613244684961e-01
21 45 0 0.99513546 0.97261028 0.73676098 0.69182331 0.75058116 5.176406448446e-01 4.454800826743e-01 1.202500772268e-01 1.160641453979e-01 1.683133833756e-01
21 46 0 0.99513546 0.97261028 0.73676098 0.69182331 0.75058116 5.393141342127e-01 4.974652554950e-01 1.253780035887e-01 1.179246454737e-01 1.740465680699e-01
21 47 0 0.99513546 0.97261028 0.73676098 0.69182331 0.75058116 5.289163773431e-01 5.116878484729e-01 1.294346024567e-01 1.211125805185e-01 1.762368880649e-01
21 48 0 0.99513546 0.97261028 0.73676098 0.69182331 0.75058116 5.774380354246e-01 4.941698809596e-01 1.322844861278e-01 1.284249626670e-01 1.829827294305e-01
21 49 0 0.99513546 0.97261028 0.73676098 0.69182331 0.75058116 5.626481675366e-01 5.389017962755e-01 1.363917443321e-01 1.380117316567e-01 1.899842158067e-01
21 50 0 0.99513546 0.97261028 0.73676098 0.69182331 0.75058116 6.066883306792e-01 5.482466282038e-01 1.380407545723e-01 1.475209355257e-01 1.932844726896e-01
21 51 0 0.99513546 0.97261028 0.73676098 0.69182331 0.75058116 6.214042950622e-01 5.521795908250e-01 1.445009808548e-01 1.544120118314e-01 2.048755097515e-01
21 52 0 0.99513546 0.97261028 0.73676098 0.69182331 0.75058116 6.355143633279e-01 6.120152044530e-01 1.492958120962e-01 1.601926965509e-01 2.175800688653e-01
21 53 0 0.99513546 0.97261028 0.73676098 0.69182331 0.75058116 6.766884480842e-01 6.102873955284e-01 1.587783301198e-01 1.640492674587e-01 2.178806370914e-01
21 54 0 0.99513546 0.97261028 0.73676098 0.69182331 0.75058116 6.858045267236e-01 6.274023945177e-01 1.661478240230e-01 1.653618599573e-01 2.234817531790e-01
21 55 0 0.99513546 0.97261028 0.73676098 0.69182331 0.75058116 7.489369076579e-01 6.794935711675e-01 1.738826902384e-01 1.702103133159e-01 2.377508548730e-01
21 56 0 0.99513546 0.97261028 0.73676098 0.69182331 0.75058116 7.384893630721e-01 6.614237475062e-01 1.795204934698e-01 1.807157381892e-01 2.419089517860e-01
21 57 0 0.99513546 0.97261028 0.73676098 0.69182331 0.75058116 8.002744028759e-01 7.045497959116e-01 1.839880997206e-01 1.850982670946e-01 2.512817883135e-01
21 58 0 0.99513546 0.97261028 0.73676098 0.69182331 0.75058116 7.924111396593e-01 7.579739340679e-01 1.887820521836e-01 1.949626781010e-01 2.726790068039e-01
21 59 0 0.99513546 0.97261028 0.73676098 0.69182331 0.75058116 8.192815254413e-01 7.399743913938e-01 1.951316216360e-01 1.988066346109e-01 2.761122024134e-01
21 60 0 0.99513546 0.97261028 0.73676098 0.69182331 0.75058116 8.790515750678e-01 7.990664484764e-01 2.021991868078e-01 1.995419014141e-01 2.744978819107e-01
21 61 0 0.99513546 0.97261028 0.73676098 0.69182331 0.75058116 8.670162428812e-01 8.525022718067e-01 2.122575965642e-01 2.001470958152e-01 2.950753011684e-01
21 62 0 0.99513546 0.97261028 0.73676098 0.69182331 0.75058116 9.634513927099e-01 8.181454274784e-01 2.199719076898e-01 2.062776011537e-01 3.094235786532e-01
21 63 0 0.99513546 0.97261028 0.73676098 0.69182331 0.75058116 9.407161199410e-01 8.955541577123e-01 2.303916217807e-01 2.183144629510e-01 3.121720422824e-01
27 0 0 2.72311101 1.68529293 0.71300353 1.08752840 2.48053478 4.161564648961e+01 7.099401192848e+00 1.863317580418e-01 1.481967658230e+00 3.200702488866e+01
27 1 0 2.72311101 1.68529293 0.71300353 1.08752840 2.48053478 4.457909929372e+01 6.419235859213e+00 2.729166612984e-01 1.060220231619e+00 3.103653672657e+01
27 2 0 2.72311101 1.68529293 0.71300353 1.08752840 2.48053478 4.708657758915e+01 7.270288967041e+00 2.259973077956e-01 1.251582692161e+00 2.985552791676e+01
27 3 0 2.72311101 1.68529293 0.71300353 1.08752840 2.48053478 4.345683213589e+01 6.271526931683e+00 1.680327150879e-01 1.250498175868e+00 2.880978619292e+01
27 4 0 2.72311101 1.68529293 0.71300353 1.08752840 2.48053478 3.714921588521e+01 5.820558492567e+00 2.453821373233e-01 9.476193601517e-01 2.785055553366e+01
27 5 0 2.72311101 1.68529293 0.71300353 1.08752840 2.48053478 3.508144389552e+01 6.540378630081e+00 2.057661335967e-01 1.206901455018e+00 2.676998665201e+01
27 6 0 2.72311101 1.68529293 0.71300353 1.08752840 2.48053478 3.783461950862e+01 5.530452855937e+00 1.546106210014e-01 9.848324771991e-01 2.592073493757e+01
27 7 0 2.72311101 1.68529293 0.71300353 1.08752840 2.48053478 3.946962726146e+01 5.303163903196e+00 2.249352727813e-01 9.376000128866e-01 2.495420131569e+01
27 8 0 2.72311101 1.68529293 0.71300353 1.08752840 2.48053478 3.590751376665e+01 5.848737138826e+00 1.922656279989e-01 1.083696112552e+00 2.409710556188e+01
27 9 0 2.72311101 1.68529293 0.71300353 1.08752840 2.48053478 3.072737030315e+01 4.933649266526e+00 1.428157829125e-01 8.121971356322e-01 2.330348702390e+01
27 10 0 2.72311101 1.68529293 0.71300353 1.08752840 2.48053478 2.972135727216e+01 4.801543068008e+00 2.031824921839e-01 9.361254674150e-01 2.245671427888e+01
27 11 0 2.72311101 1.68529293 0.71300353 1.08752840 2.48053478 3.234661766425e+01 5.260663581865e+00 1.762416267406e-01 8.873722175781e-01 2.175585666805e+01
27 12 0 2.72311101 1.68529293 0.71300353 1.08752840 2.48053478 3.315553592832e+01 4.396909493347e+00 1.285684964107e-01 7.572416629866e-01 2.101401848726e+01
27 13 0 2.72311101 1.68529293 0.71300353 1.08752840 2.48053478 2.983071109086e+01 4.389983628678e+00 1.813697568188e-01 8.986617957628e-01 2.032633994743e+01
27 14 0 2.72311101 1.68529293 0.71300353 1.08752840 2.48053478 2.589316418550e+01 4.750671587926e+00 1.599771349285e-01 7.053385770151e-01 1.971687227401e+01
27 15 0 2.72311101 1.68529293 0.71300353 1.08752840 2.48053478 2.555257661501e+01 3.947647080753e+00 1.149169538569e-01 7.574974483206e-01 1.906520371521e+01
27 16 0 2.72311101 1.68529293 0.71300353 1.08752840 2.48053478 2.787478411217e+01 4.035686369737e+00 1.632923233355e-01 7.985775639758e-01 1.853679797881e+01
27 17 0 2.72311101 1.68529293 0.71300353 1.08752840 2.48053478 2.836196293477e+01 4.321790613435e+00 1.479209882828e-01 6.138917617189e-01 1.797804237624e+01
27 18 0 2.72311101 1.68529293 0.71300353 1.08752840 2.48053478 2.536172839201e+01 3.580017526724e+00 1.064683264755e-01 7.598491095102e-01 1.750489336155e+01
27 19 0 2.72311101 1.68529293 0.71300353 1.08752840 2.48053478 2.226466181501e+01 3.760905852684e+00 1.513713723061e-01 6.535393212105e-01 1.703424873940e+01
27 20 0 2.72311101 1.68529293 0.71300353 1.08752840 2.48053478 2.253629826581e+01 3.950624290269e+00 1.399545565527e-01 6.024970114832e-01 1.664553274655e+01
27 21 0 2.72311101 1.68529293 0.71300353 1.08752840 2.48053478 2.478005422684e+01 3.310503396118e+00 1.001828645489e-01 7.365225976062e-01 1.623380219734e+01
27 22 0 2.72311101 1.68529293 0.71300353 1.08752840 2.48053478 2.497569138272e+01 3.526822070067e+00 1.403793378778e-01 5.411699001951e-01 1.592789864249e+01
27 23 0 2.72311101 1.68529293 0.71300353 1.08752840 2.48053478 2.228607126675e+01 3.713948468728e+00 1.307809625586e-01 6.258321665687e-01 1.561010758689e+01
27 24 0 2.72311101 1.68529293 0.71300353 1.08752840 2.48053478 1.998406232562e+01 3.072676806499e+00 8.895730797685e-02 6.604507211229e-01 1.531984129709e+01
27 25 0 2.72311101 1.68529293 0.71300353 1.08752840 2.48053478 2.077681289257e+01 3.416460413231e+00 1.205646958283e-01 5.024549101162e-01 1.516256080787e+01
27 26 0 2.72311101 1.68529293 0.71300353 1.08752840 2.48053478 2.299084052538e+01 3.496112094404e+00 1.127636357026e-01 6.544547940330e-01 1.485645013447e+01
27 27 0 2.72311101 1.68529293 0.71300353 1.08752840 2.48053478 2.303380112976e+01 2.951464897543e+00 7.444269241591e-02 5.619083150232e-01 1.483571702617e+01
27 28 0 2.72311101 1.68529293 0.71300353 1.08752840 2.48053478 2.067099037244e+01 3.364904867625e+00 1.041642762563e-01 5.227102150337e-01 1.460411710553e+01
27 29 0 2.72311101 1.68529293 0.71300353 1.08752840 2.48053478 1.901618476130e+01 3.341521001225e+00 1.000710747719e-01 6.538413579821e-01 1.459356498472e+01
27 30 0 2.72311101 1.68529293 0.71300353 1.08752840 2.48053478 2.019876037407e+01 2.949722427412e+00 6.770945867836e-02 5.053863317225e-01 1.456318957196e+01
27 31 0 2.72311101 1.68529293 0.71300353 1.08752840 2.48053478 2.256213595090e+01 3.305671159333e+00 1.033199315550e-01 5.770744836070e-01 1.448199241036e+01
27 32 0 2.72311101 1.68529293 0.71300353 1.08752840 2.48053478 2.268615858771e+01 3.375308062454e+00 1.067411212249e-01 6.009472128124e-01 1.465322929780e+01
27 33 0 2.72311101 1.68529293 0.71300353 1.08752840 2.48053478 2.032896145702e+01 2.926708228132e+00 8.044253129554e-02 5.140345835066e-01 1.457810666301e+01
27 34 0 2.72311101 1.68529293 0.71300353 1.08752840 2.48053478 1.915768870153e+01 3.421406773591e+00 1.240207863998e-01 6.395736577384e-01 1.481387110547e+01
27 35 0 2.72311101 1.68529293 0.71300353 1.08752840 2.48053478 2.108237410043e+01 3.415261038193e+00 1.295535478619e-01 5.412866772726e-01 1.489076771712e+01
27 36 0 2.72311101 1.68529293 0.71300353 1.08752840 2.48053478 2.360320649332e+01 3.000994335766e+00 9.578201245229e-02 5.781690851672e-01 1.508373504535e+01
27 37 0 2.72311101 1.68529293 0.71300353 1.08752840 2.48053478 2.355250560266e+01 3.630405099486e+00 1.390176014308e-01 6.612123927536e-01 1.535109616733e+01
27 38 0 2.72311101 1.68529293 0.71300353 1.08752840 2.48053478 2.136861485883e+01 3.484849040597e+00 1.457632011516e-01 5.312587088151e-01 1.554403075387e+01
27 39 0 2.72311101 1.68529293 0.71300353 1.08752840 2.48053478 2.066327720982e+01 3.214655387768e+00 1.037018531300e-01 6.806445555438e-01 1.590915586740e+01
27 40 0 2.72311101 1.68529293 0.71300353 1.08752840 2.48053478 2.320724814879e+01 3.840929867207e+00 1.433800058471e-01 6.310766518010e-01 1.620882883340e+01
27 41 0 2.72311101 1.68529293 0.71300353 1.08752840 2.48053478 2.610800937526e+01 3.691340869964e+00 1.501486247323e-01 5.879397490574e-01 1.659687996961e+01
27 42 0 2.72311101 1.68529293 0.71300353 1.08752840 2.48053478 2.591006184623e+01 3.466573613137e+00 1.028089512765e-01 7.780686572140e-01 1.701795919254e+01
27 43 0 2.72311101 1.68529293 0.71300353 1.08752840 2.48053478 2.359573393141e+01 4.161737253227e+00 1.435110455035e-01 6.072856986641e-01 1.746617155547e+01
27 44 0 2.72311101 1.68529293 0.71300353 1.08752840 2.48053478 2.339840097222e+01 3.964286815662e+00 1.553370496287e-01 7.077211487728e-01 1.793730991648e+01
27 45 0 2.72311101 1.68529293 0.71300353 1.08752840 2.48053478 2.681920372035e+01 3.773481740947e+00 1.073424363066e-01 8.094722936430e-01 1.850347471720e+01
27 46 0 2.72311101 1.68529293 0.71300353 1.08752840 2.48053478 3.012041089994e+01 4.594873781477e+00 1.521686087232e-01 6.390644613942e-01 1.900930745852e+01
27 47 0 2.72311101 1.68529293 0.71300353 1.08752840 2.48053478 2.951964194671e+01 4.274652514689e+00 1.688628369872e-01 8.682633897063e-01 1.965718799036e+01
27 48 0 2.72311101 1.68529293 0.71300353 1.08752840 2.48053478 2.695394257003e+01 4.203345636724e+00 1.176783534122e-01 7.912467410912e-01 2.027520215109e+01
27 49 0 2.72311101 1.68529293 0.71300353 1.08752840 2.48053478 2.750038352100e+01 5.068565585307e+00 1.671813613519e-01 7.459745879719e-01 2.093290741113e+01
27 50 0 2.72311101 1.68529293 0.71300353 1.08752840 2.48053478 3.198432685891e+01 4.676425261217e+00 1.885594743334e-01 9.955683198952e-01 2.169963029928e+01
27 51 0 2.72311101 1.68529293 0.71300353 1.08752840 2.48053478 3.545658098275e+01 4.694946803176e+00 1.297328306111e-01 7.955831470848e-01 2.239244558011e+01
27 52 0 2.72311101 1.68529293 0.71300353 1.08752840 2.48053478 3.432701857528e+01 5.648821488732e+00 1.820133374650e-01 9.300024797710e-01 2.322753161863e+01
27 53 0 2.72311101 1.68529293 0.71300353 1.08752840 2.48053478 3.162751548502e+01 5.129756009185e+00 2.078495586544e-01 1.028798374830e+00 2.404751787019e+01
27 54 0 2.72311101 1.68529293 0.71300353 1.08752840 2.48053478 3.295160828772e+01 5.268283628096e+00 1.412197292351e-01 8.723812768843e-01 2.488233716134e+01
27 55 0 2.72311101 1.68529293 0.71300353 1.08752840 2.48053478 3.855952531810e+01 6.307785027310e+00 1.979494918763e-01 1.144556714830e+00 2.582751604816e+01
27 56 0 2.72311101 1.68529293 0.71300353 1.08752840 2.48053478 4.234478224221e+01 5.637970009160e+00 2.281264672536e-01 1.017875923013e+00 2.673266035518e+01
27 57 0 2.72311101 1.68529293 0.71300353 1.08752840 2.48053478 4.034210268746e+01 5.965519744195e+00 1.547214808952e-01 1.053216281376e+00 2.769385651460e+01
27 58 0 2.72311101 1.68529293 0.71300353 1.08752840 2.48053478 3.733082609543e+01 7.026016701550e+00 2.204329593455e-01 1.279315731125e+00 2.877176645387e+01
27 59 0 2.72311101 1.68529293 0.71300353 1.08752840 2.48053478 3.993262824428e+01 6.203573991152e+00 2.578126869576e-01 1.046223243835e+00 2.971802294026e+01
27 60 0 2.72311101 1.68529293 0.71300353 1.08752840 2.48053478 4.681990480586e+01 6.758105229878e+00 1.772786968304e-01 1.332865568574e+00 3.091627726976e+01
27 61 0 2.72311101 1.68529293 0.71300353 1.08752840 2.48053478 5.038658840330e+01 7.793247820002e+00 2.501138751866e-01 1.299819022866e+00 3.197551879916e+01
27 62 0 2.72311101 1.68529293 0.71300353 1.08752840 2.48053478 4.742351700054e+01 6.872089688849e+00 2.933862693257e-01 1.177884829260e+00 3.314311745990e+01
27 63 0 2.72311101 1.68529293 0.71300353 1.08752840 2.48053478 4.437046586828e+01 7.613638380096e+00 2.035447997453e-01 1.603411143290e+00 3.441465013225e+01
28 0 0 4.76322638 1.17118867 0.59888629 0.78523714 1.27115290 4.077262264413e+02 1.702101158070e+00 1.767975573181e-01 2.280462584126e-01 2.056898260767e+00
28 1 0 4.76322638 1.17118867 0.59888629 0.78523714 1.27115290 3.853912760341e+02 2.068822906432e+00 1.606191993865e-01 2.443179786781e-01 1.644009730288e+00
28 2 0 4.76322638 1.17118867 0.59888629 0.78523714 1.27115290 3.497121257132e+02 2.153074100034e+00 1.205680563882e-01 3.358528638158e-01 1.820615177248e+00
28 3 0 4.76322638 1.17118867 0.59888629 0.78523714 1.27115290 3.151264249700e+02 1.904292373866e+00 7.930365021183e-02 4.234116969719e-01 2.290718255926e+00
28 4 0 4.76322638 1.17118867 0.59888629 0.78523714 1.27115290 2.950052700912e+02 1.432253560532e+00 5.915371034446e-02 4.447428369832e-01 2.641231341165e+00
28 5 0 4.76322638 1.17118867 0.59888629 0.78523714 1.27115290 2.937807345896e+02 1.073191776038e+00 6.849078967634e-02 3.615936235424e-01 2.543180682613e+00
28 6 0 4.76322638 1.17118867 0.59888629 0.78523714 1.27115290 3.045104567122e+02 9.865420612053e-01 9.779576114283e-02 2.425803905085e-01 2.028687242579e+00
28 7 0 4.76322638 1.17118867 0.59888629 0.78523714 1.27115290 3.136814794232e+02 1.181497867582e+00 1.264522443794e-01 1.743775596588e-01 1.496572028774e+00
28 8 0 4.76322638 1.17118867 0.59888629 0.78523714 1.27115290 3.099671213142e+02 1.503707307030e+00 1.353380032500e-01 1.903599477957e-01 1.272846049525e+00
28 9 0 4.76322638 1.17118867 0.59888629 0.78523714 1.27115290 2.908041430658e+02 1.629712634898e+00 1.182467613499e-01 2.674467613540e-01 1.499745393262e+00
28 10 0 4.76322638 1.17118867 0.59888629 0.78523714 1.27115290 2.630074139170e+02 1.559709858411e+00 8.556551980050e-02 3.357472544361e-01 1.878544009730e+00
28 11 0 4.76322638 1.17118867 0.59888629 0.78523714 1.27115290 2.382448356724e+02 1.226324098128e+00 5.732370498724e-02 3.435469658879e-01 2.105772865397e+00
28 12 0 4.76322638 1.17118867 0.59888629 0.78523714 1.27115290 2.260212546784e+02 9.104303515497e-01 4.990186517207e-02 2.758934721098e-01 1.915264234334e+00
28 13 0 4.76322638 1.17118867 0.59888629 0.78523714 1.27115290 2.280488315814e+02 7.588566316093e-01 6.575643465575e-02 1.790476879695e-01 1.490564407278e+00
28 14 0 4.76322638 1.17118867 0.59888629 0.78523714 1.27115290 2.376381698136e+02 8.405541456564e-01 9.292372733517e-02 1.324773788736e-01 1.093657610105e+00
28 15 0 4.76322638 1.17118867 0.59888629 0.78523714 1.27115290 2.443220450964e+02 1.073182024012e+00 1.134591988404e-01 1.614992065091e-01 1.029077742566e+00
28 16 0 4.76322638 1.17118867 0.59888629 0.78523714 1.27115290 2.404014868760e+02 1.246873276406e+00 1.145717982196e-01 2.182171801226e-01 1.269949557585e+00
28 17 0 4.76322638 1.17118867 0.59888629 0.78523714 1.27115290 2.251674233529e+02 1.271277680098e+00 9.582855495490e-02 2.598247403551e-01 1.590617875285e+00
28 18 0 4.76322638 1.17118867 0.59888629 0.78523714 1.27115290 2.047572124050e+02 1.065336304728e+00 6.854548138470e-02 2.670127269224e-01 1.680873113282e+00
28 19 0 4.76322638 1.17118867 0.59888629 0.78523714 1.27115290 1.882074226678e+02 8.186594978230e-01 4.791417499910e-02 2.202667235564e-01 1.483715207048e+00
28 20 0 4.76322638 1.17118867 0.59888629 0.78523714 1.27115290 1.820088409914e+02 6.312185727881e-01 4.321609866867e-02 1.449728078879e-01 1.110601860795e+00
28 21 0 4.76322638 1.17118867 0.59888629 0.78523714 1.27115290 1.864615981154e+02 6.382040413575e-01 5.293889670744e-02 1.065353610397e-01 8.701615027873e-01
28 22 0 4.76322638 1.17118867 0.59888629 0.78523714 1.27115290 1.959310116178e+02 7.975123943868e-01 6.746148481835e-02 1.355603564661e-01 8.935987742031e-01
28 23 0 4.76322638 1.17118867 0.59888629 0.78523714 1.27115290 2.024468594138e+02 9.906269358667e-01 7.603050882605e-02 1.864432603763e-01 1.148047781974e+00
28 24 0 4.76322638 1.17118867 0.59888629 0.78523714 1.27115290 2.002956499019e+02 1.069370948915e+00 7.278206443517e-02 2.223240766160e-01 1.393940436799e+00
28 25 0 4.76322638 1.17118867 0.59888629 0.78523714 1.27115290 1.892515235612e+02 9.939755965965e-01 5.898438340537e-02 2.298865005560e-01 1.427937428403e+00
28 26 0 4.76322638 1.17118867 0.59888629 0.78523714 1.27115290 1.746403010751e+02 7.837063064193e-01 4.151646676051e-02 1.856145091134e-01 1.218411835901e+00
28 27 0 4.76322638 1.17118867 0.59888629 0.78523714 1.27115290 1.639392722001e+02 5.994675717619e-01 2.888125702374e-02 1.228478958830e-01 9.252141736362e-01
28 28 0 4.76322638 1.17118867 0.59888629 0.78523714 1.27115290 1.622680271762e+02 5.507846075169e-01 2.676967407727e-02 9.683315074461e-02 7.694110507533e-01
28 29 0 4.76322638 1.17118867 0.59888629 0.78523714 1.27115290 1.696417765144e+02 6.421947529996e-01 3.543527153826e-02 1.283274069226e-01 8.624977142439e-01
28 30 0 4.76322638 1.17118867 0.59888629 0.78523714 1.27115290 1.812086885904e+02 8.682092682077e-01 4.993689256461e-02 1.772273350029e-01 1.139249182669e+00
28 31 0 4.76322638 1.17118867 0.59888629 0.78523714 1.27115290 1.899488280014e+02 9.754962588153e-01 6.258102234277e-02 2.047457567009e-01 1.333531136749e+00
28 32 0 4.76322638 1.17118867 0.59888629 0.78523714 1.27115290 1.904891626436e+02 1.011716538096e+00 6.647445178086e-02 2.188364973291e-01 1.373495789976e+00
28 33 0 4.76322638 1.17118867 0.59888629 0.78523714 1.27115290 1.825132417388e+02 8.501248279336e-01 5.932925779551e-02 1.852378985535e-01 1.113742130252e+00
28 34 0 4.76322638 1.17118867 0.59888629 0.78523714 1.27115290 1.713117100138e+02 6.536040897205e-01 4.579754608530e-02 1.197843349924e-01 8.847176027255e-01
28 35 0 4.76322638 1.17118867 0.59888629 0.78523714 1.27115290 1.644461442127e+02 5.594843632134e-01 3.586444764528e-02 9.761027429587e-02 7.689732606348e-01
28 36 0 4.76322638 1.17118867 0.59888629 0.78523714 1.27115290 1.671105833828e+02 6.069134365906e-01 3.892026693409e-02 1.324759195210e-01 9.624113914080e-01
28 37 0 4.76322638 1.17118867 0.59888629 0.78523714 1.27115290 1.791711000037e+02 8.217515309866e-01 5.706254947916e-02 1.922107381669e-01 1.253707425666e+00
28 38 0 4.76322638 1.17118867 0.59888629 0.78523714 1.27115290 1.951930697195e+02 1.024976967746e+00 8.260095653001e-02 2.312826099119e-01 1.499771100262e+00
28 39 0 4.76322638 1.17118867 0.59888629 0.78523714 1.27115290 2.073646869375e+02 1.121327219546e+00 1.019377553861e-01 2.365275890759e-01 1.428064067919e+00
28 40 0 4.76322638 1.17118867 0.59888629 0.78523714 1.27115290 2.099887612597e+02 1.027161920929e+00 1.037518773997e-01 1.973062478136e-01 1.189961046760e+00
28 41 0 4.76322638 1.17118867 0.59888629 0.78523714 1.27115290 2.032554741185e+02 8.295295289336e-01 8.669965083816e-02 1.312044906296e-01 9.134577646714e-01
28 42 0 4.76322638 1.17118867 0.59888629 0.78523714 1.27115290 1.935433214792e+02 6.540420838840e-01 6.150031244076e-02 1.135906916592e-01 9.182179742423e-01
28 43 0 4.76322638 1.17118867 0.59888629 0.78523714 1.27115290 1.896502049740e+02 6.676490365125e-01 4.491625505622e-02 1.609421143692e-01 1.187556297013e+00
28 44 0 4.76322638 1.17118867 0.59888629 0.78523714 1.27115290 1.974560867514e+02 8.622292515907e-01 4.870846956144e-02 2.287337437995e-01 1.585777497143e+00
28 45 0 4.76322638 1.17118867 0.59888629 0.78523714 1.27115290 2.161772312501e+02 1.155676243843e+00 7.133330395059e-02 2.775426900022e-01 1.777679953781e+00
28 46 0 4.76322638 1.17118867 0.59888629 0.78523714 1.27115290 2.384207045562e+02 1.355856786793e+00 9.873449111223e-02 2.856011834397e-01 1.665327745805e+00
28 47 0 4.76322638 1.17118867 0.59888629 0.78523714 1.27115290 2.543725455807e+02 1.330014353970e+00 1.135807284833e-01 2.361231827990e-01 1.326233622001e+00
28 48 0 4.76322638 1.17118867 0.59888629 0.78523714 1.27115290 2.578764461169e+02 1.131634252730e+00 1.063491698529e-01 1.588522882064e-01 1.094906765531e+00
28 49 0 4.76322638 1.17118867 0.59888629 0.78523714 1.27115290 2.504830789495e+02 8.731593754814e-01 8.135081135307e-02 1.389629469885e-01 1.183395482046e+00
28 50 0 4.76322638 1.17118867 0.59888629 0.78523714 1.27115290 2.408450202049e+02 8.060944408293e-01 5.442202294870e-02 2.051269256355e-01 1.607916821578e+00
28 51 0 4.76322638 1.17118867 0.59888629 0.78523714 1.27115290 2.398625633667e+02 9.745663778532e-01 4.343313283708e-02 3.019756273358e-01 2.059201385392e+00
28 52 0 4.76322638 1.17118867 0.59888629 0.78523714 1.27115290 2.540898523437e+02 1.358277657219e+00 5.696919141744e-02 3.628128964250e-01 2.230366727936e+00
28 53 0 4.76322638 1.17118867 0.59888629 0.78523714 1.27115290 2.811983688235e+02 1.672598697318e+00 8.857802730819e-02 3.550517910825e-01 2.002222594422e+00
28 54 0 4.76322638 1.17118867 0.59888629 0.78523714 1.27115290 3.107224921933e+02 1.775441369605e+00 1.207396257638e-01 2.815308355979e-01 1.587793426257e+00
28 55 0 4.76322638 1.17118867 0.59888629 0.78523714 1.27115290 3.302778562112e+02 1.584517106940e+00 1.356877327625e-01 2.014771030044e-01 1.380359724709e+00
28 56 0 4.76322638 1.17118867 0.59888629 0.78523714 1.27115290 3.333748942837e+02 1.232726518991e+00 1.259037244548e-01 1.886666280443e-01 1.602255519705e+00
28 57 0 4.76322638 1.17118867 0.59888629 0.78523714 1.27115290 3.235335618481e+02 1.050413746639e+00 9.860700110004e-02 2.680038741688e-01 2.206260958666e+00
28 58 0 4.76322638 1.17118867 0.59888629 0.78523714 1.27115290 3.126803088909e+02 1.149572762136e+00 7.232837165759e-02 3.945913066344e-01 2.714807330314e+00
28 59 0 4.76322638 1.17118867 0.59888629 0.78523714 1.27115290 3.146649872815e+02 1.588719400052e+00 6.671263091699e-02 4.686899653340e-01 2.857013390457e+00
28 60 0 4.76322638 1.17118867 0.59888629 0.78523714 1.27115290 3.367028140413e+02 2.072706747898e+00 9.025860788329e-02 4.531464525435e-01 2.429963655963e+00
28 61 0 4.76322638 1.17118867 0.59888629 0.78523714 1.27115290 3.740209369251e+02 2.324380738038e+00 1.337739140250e-01 3.605958854031e-01 1.938696052210e+00
28 62 0 4.76322638 1.17118867 0.59888629 0.78523714 1.27115290 4.119517049198e+02 2.194635198140e+00 1.749433233160e-01 2.547901436764e-01 1.758750754664e+00
28 63 0 4.76322638 1.17118867 0.59888629 0.78523714 1.27115290 4.348934306811e+02 1.784869665534e+00 1.914937366470e-01 2.454112505000e-01 2.214390999027e+00
