# environment=00224 local_bs=4 gain_scale=6.974455067542e-15
# ue subcarrier serving_bs phi0 phi1 phi2 phi3 phi4 gain0 gain1 gain2 gain3 gain4
0 0 4 0.22603167 0.29800980 0.31072966 0.39856304 0.53078892 2.419082770213e-04 4.592507236364e-01 2.102311682996e-01 1.362790192671e+00 3.514787019074e+00
0 1 4 0.22603167 0.29800980 0.31072966 0.39856304 0.53078892 8.101785262510e-05 3.792158976723e-01 1.893342308865e-01 1.456074400627e+00 3.351901005934e+00
0 2 4 0.22603167 0.29800980 0.31072966 0.39856304 0.53078892 9.256675000520e-06 3.343138263719e-01 1.882654444827e-01 1.343503947878e+00 3.234468222117e+00
0 3 4 0.22603167 0.29800980 0.31072966 0.39856304 0.53078892 9.171896515930e-05 3.349476303727e-01 1.968791672064e-01 1.065869439237e+00 3.144438897135e+00
0 4 4 0.22603167 0.29800980 0.31072966 0.39856304 0.53078892 2.573545908835e-04 3.788038735245e-01 2.054601818225e-01 8.097440790532e-01 2.983392251993e+00
0 5 4 0.22603167 0.29800980 0.31072966 0.39856304 0.53078892 4.325884332736e-04 4.261666910078e-01 2.074325885886e-01 6.809489960647e-01 2.884640445852e+00
0 6 4 0.22603167 0.29800980 0.31072966 0.39856304 0.53078892 4.130653733772e-04 4.409585394084e-01 2.036666215182e-01 7.463844644387e-01 2.780100530331e+00
0 7 4 0.22603167 0.29800980 0.31072966 0.39856304 0.53078892 3.308992617783e-04 4.152234960629e-01 2.004245853351e-01 9.318472708622e-01 2.675855603039e+00
0 8 4 0.22603167 0.29800980 0.31072966 0.39856304 0.53078892 2.658491323485e-04 3.431150293969e-01 1.995156110154e-01 1.060058179312e+00 2.582561034495e+00
0 9 4 0.22603167 0.29800980 0.31072966 0.39856304 0.53078892 3.430039250363e-04 2.641576100166e-01 2.032967104218e-01 1.057309069138e+00 2.495481411507e+00
0 10 4 0.22603167 0.29800980 0.31072966 0.39856304 0.53078892 6.037306435952e-04 2.025333472806e-01 2.149771311132e-01 8.865209460457e-01 2.398125441104e+00
0 11 4 0.22603167 0.29800980 0.31072966 0.39856304 0.53078892 8.030993830617e-04 1.822560386133e-01 2.284662681137e-01 6.766897207592e-01 2.273741504729e+00
0 12 4 0.22603167 0.29800980 0.31072966 0.39856304 0.53078892 9.181873390857e-04 1.968436492809e-01 2.356344457111e-01 5.384200875312e-01 2.198296612250e+00
0 13 4 0.22603167 0.29800980 0.31072966 0.39856304 0.53078892 7.818653802824e-04 2.273383608104e-01 2.344729118918e-01 5.191901384231e-01 2.086072739971e+00
0 14 4 0.22603167 0.29800980 0.31072966 0.39856304 0.53078892 5.683939349599e-04 2.539961678283e-01 2.258241996198e-01 6.517063037541e-01 1.995865203323e+00
0 15 4 0.22603167 0.29800980 0.31072966 0.39856304 0.53078892 3.822984408988e-04 2.496106031769e-01 2.145822189041e-01 8.052905920219e-01 1.963487579514e+00
0 16 4 0.22603167 0.29800980 0.31072966 0.39856304 0.53078892 2.846123897727e-04 2.205209307998e-01 2.055153693945e-01 8.669465833112e-01 1.879849277800e+00
0 17 4 0.22603167 0.29800980 0.31072966 0.39856304 0.53078892 3.100417166533e-04 1.760752513933e-01 1.984614177973e-01 7.920333668055e-01 1.850354271162e+00
0 18 4 0.22603167 0.29800980 0.31072966 0.39856304 0.53078892 3.135529750134e-04 1.430263943874e-01 1.952598918494e-01 6.480455205777e-01 1.819978463940e+00
0 19 4 0.22603167 0.29800980 0.31072966 0.39856304 0.53078892 3.244736349282e-04 1.301341394650e-01 1.969489862775e-01 4.715539539848e-01 1.750603218276e+00
0 20 4 0.22603167 0.29800980 0.31072966 0.39856304 0.53078892 3.842489573371e-04 1.382983473640e-01 1.977686588274e-01 3.792673015304e-01 1.724144507591e+00
0 21 4 0.22603167 0.29800980 0.31072966 0.39856304 0.53078892 5.612399391278e-04 1.617470352133e-01 1.943167781577e-01 4.307861758111e-01 1.674962346881e+00
0 22 4 0.22603167 0.29800980 0.31072966 0.39856304 0.53078892 9.735274237913e-04 1.803515208698e-01 1.879797394840e-01 5.450004939672e-01 1.629854557555e+00
0 23 4 0.22603167 0.29800980 0.31072966 0.39856304 0.53078892 1.414658860488e-03 1.858183026181e-01 1.795040150365e-01 6.694387596011e-01 1.603478016715e+00
0 24 4 0.22603167 0.29800980 0.31072966 0.39856304 0.53078892 1.818717475365e-03 1.676849551310e-01 1.705709095391e-01 7.139168240443e-01 1.578548824680e+00
0 25 4 0.22603167 0.29800980 0.31072966 0.39856304 0.53078892 1.913816295183e-03 1.383262255974e-01 1.616086147546e-01 6.417271724207e-01 1.554660423546e+00
0 26 4 0.22603167 0.29800980 0.31072966 0.39856304 0.53078892 1.719960536228e-03 1.070239333137e-01 1.511667991059e-01 5.216443523915e-01 1.527102439748e+00
0 27 4 0.22603167 0.29800980 0.31072966 0.39856304 0.53078892 1.348738880340e-03 8.816070575662e-02 1.413923553097e-01 3.988250680633e-01 1.519451385485e+00
0 28 4 0.22603167 0.29800980 0.31072966 0.39856304 0.53078892 9.369421161151e-04 9.165249825874e-02 1.334074996762e-01 3.568308484579e-01 1.482214652370e+00
0 29 4 0.22603167 0.29800980 0.31072966 0.39856304 0.53078892 7.113040365401e-04 1.111680897413e-01 1.245346319829e-01 4.123199934341e-01 1.468017237273e+00
0 30 4 0.22603167 0.29800980 0.31072966 0.39856304 0.53078892 5.759069264460e-04 1.387962516355e-01 1.155953474826e-01 5.349186707662e-01 1.477374234033e+00
0 31 4 0.22603167 0.29800980 0.31072966 0.39856304 0.53078892 5.399603230731e-04 1.573235884891e-01 1.089227009277e-01 5.906312593854e-01 1.457065074838e+00
0 32 4 0.22603167 0.29800980 0.31072966 0.39856304 0.53078892 4.589948607615e-04 1.645231452569e-01 1.040839225625e-01 6.317095549504e-01 1.494310889904e+00
0 33 4 0.22603167 0.29800980 0.31072966 0.39856304 0.53078892 3.563131838685e-04 1.531641791709e-01 1.008658179626e-01 5.600203146298e-01 1.520705083906e+00
0 34 4 0.22603167 0.29800980 0.31072966 0.39856304 0.53078892 3.635838622751e-04 1.332361928156e-01 9.847324776089e-02 4.490644517650e-01 1.531030413872e+00
0 35 4 0.22603167 0.29800980 0.31072966 0.39856304 0.53078892 5.216505247092e-04 1.213267417662e-01 9.668389334825e-02 3.925171810734e-01 1.581696587226e+00
0 36 4 0.22603167 0.29800980 0.31072966 0.39856304 0.53078892 9.068013828417e-04 1.282400874683e-01 9.804739199935e-02 4.225207980075e-01 1.594030501573e+00
0 37 4 0.22603167 0.29800980 0.31072966 0.39856304 0.53078892 1.331497319126e-03 1.591624251633e-01 1.021395997420e-01 5.133976699118e-01 1.615069770440e+00
0 38 4 0.22603167 0.29800980 0.31072966 0.39856304 0.53078892 1.612530504075e-03 1.985264660347e-01 1.069361745767e-01 6.353592816497e-01 1.651002445021e+00
0 39 4 0.22603167 0.29800980 0.31072966 0.39856304 0.53078892 1.657635497018e-03 2.370605780204e-01 1.142402662303e-01 6.950622710538e-01 1.678289768132e+00
0 40 4 0.22603167 0.29800980 0.31072966 0.39856304 0.53078892 1.392795467693e-03 2.513490606138e-01 1.243754606015e-01 6.544637351625e-01 1.718941775412e+00
0 41 4 0.22603167 0.29800980 0.31072966 0.39856304 0.53078892 1.106197342622e-03 2.381585108825e-01 1.356360903456e-01 5.478525830953e-01 1.766139801808e+00
0 42 4 0.22603167 0.29800980 0.31072966 0.39856304 0.53078892 8.264467506384e-04 2.061348063185e-01 1.488460971764e-01 4.481785853601e-01 1.827560522602e+00
0 43 4 0.22603167 0.29800980 0.31072966 0.39856304 0.53078892 7.587040501241e-04 1.724187904772e-01 1.650529353098e-01 4.262263380959e-01 1.862114301667e+00
0 44 4 0.22603167 0.29800980 0.31072966 0.39856304 0.53078892 7.562641136155e-04 1.625183701409e-01 1.864478259542e-01 5.556284938745e-01 1.925276288035e+00
0 45 4 0.22603167 0.29800980 0.31072966 0.39856304 0.53078892 7.239003482503e-04 1.817808018639e-01 2.144747319388e-01 7.096279150128e-01 1.990369559678e+00
0 46 4 0.22603167 0.29800980 0.31072966 0.39856304 0.53078892 6.238141302924e-04 2.343431054654e-01 2.434093501642e-01 8.713105730488e-01 2.024597847002e+00
0 47 4 0.22603167 0.29800980 0.31072966 0.39856304 0.53078892 4.203517087988e-04 2.893337970743e-01 2.682123452701e-01 9.184124491529e-01 2.136250963590e+00
0 48 4 0.22603167 0.29800980 0.31072966 0.39856304 0.53078892 3.182326717473e-04 3.236875594099e-01 2.889243733629e-01 8.123228692067e-01 2.216409106535e+00
0 49 4 0.22603167 0.29800980 0.31072966 0.39856304 0.53078892 3.023769177581e-04 3.218026351193e-01 3.022611757474e-01 6.363858309160e-01 2.304350732686e+00
0 50 4 0.22603167 0.29800980 0.31072966 0.39856304 0.53078892 3.795904594958e-04 2.899378610664e-01 3.067433426462e-01 5.332580007860e-01 2.451701689874e+00
0 51 4 0.22603167 0.29800980 0.31072966 0.39856304 0.53078892 4.431169332694e-04 2.559667524518e-01 3.081423854916e-01 5.721613259936e-01 2.527004806501e+00
0 52 4 0.22603167 0.29800980 0.31072966 0.39856304 0.53078892 3.601489659650e-04 2.365768392795e-01 3.120182802614e-01 7.391522543022e-01 2.632012495470e+00
0 53 4 0.22603167 0.29800980 0.31072966 0.39856304 0.53078892 2.605386052806e-04 2.625043983057e-01 3.226855748467e-01 1.003545510867e+00 2.737578456406e+00
0 54 4 0.22603167 0.29800980 0.31072966 0.39856304 0.53078892 1.976070003934e-04 3.223719859251e-01 3.390791730480e-01 1.157639806063e+00 2.805981684317e+00
0 55 4 0.22603167 0.29800980 0.31072966 0.39856304 0.53078892 3.355133915457e-04 3.970764583834e-01 3.510044478822e-01 1.162997054258e+00 2.907404897974e+00
0 56 4 0.22603167 0.29800980 0.31072966 0.39856304 0.53078892 6.503698347180e-04 4.477512257328e-01 3.534257629801e-01 9.951339439248e-01 3.013827538968e+00
0 57 4 0.22603167 0.29800980 0.31072966 0.39856304 0.53078892 8.914919911729e-04 4.501578736576e-01 3.481503273635e-01 8.152273825121e-01 3.137265807134e+00
0 58 4 0.22603167 0.29800980 0.31072966 0.39856304 0.53078892 1.009420182358e-03 4.094581908884e-01 3.337869200672e-01 7.434590202722e-01 3.244628273681e+00
0 59 4 0.22603167 0.29800980 0.31072966 0.39856304 0.53078892 7.737863211412e-04 3.347043465910e-01 3.149352281589e-01 8.649202314955e-01 3.398282080538e+00
0 60 4 0.22603167 0.29800980 0.31072966 0.39856304 0.53078892 4.812597771858e-04 2.782748216616e-01 3.034336226768e-01 1.118040592147e+00 3.525696468589e+00
0 61 4 0.22603167 0.29800980 0.31072966 0.39856304 0.53078892 1.771922599303e-04 2.591608626387e-01 3.051399695815e-01 1.399167331257e+00 3.616992705400e+00
0 62 4 0.22603167 0.29800980 0.31072966 0.39856304 0.53078892 5.216220259465e-05 2.906410076446e-01 3.188162413295e-01 1.500220753177e+00 3.810364574195e+00
0 63 4 0.22603167 0.29800980 0.31072966 0.39856304 0.53078892 3.409178561821e-05 3.512219175439e-01 3.346163997967e-01 1.400381797373e+00 3.915841476209e+00
1 0 4 0.45249356 0.72210213 0.97346058 1.22000176 2.77668938 2.971869689937e+00 5.660897238650e-02 3.055931760765e+01 8.052822313654e+01 2.500427752567e+03
1 1 4 0.45249356 0.72210213 0.97346058 1.22000176 2.77668938 4.115323097876e+00 6.005939187347e-02 3.239238274263e+01 7.782326484801e+01 2.265374569443e+03
1 2 4 0.45249356 0.72210213 0.97346058 1.22000176 2.77668938 4.554385403806e+00 5.725952407910e-02 3.390032016927e+01 7.646098018930e+01 2.106865502387e+03
1 3 4 0.45249356 0.72210213 0.97346058 1.22000176 2.77668938 3.845656710147e+00 5.210667285082e-02 3.535805111670e+01 7.389022545126e+01 2.225729052656e+03
1 4 4 0.45249356 0.72210213 0.97346058 1.22000176 2.77668938 2.723660722460e+00 5.222785382722e-02 3.620552965681e+01 7.127211602399e+01 2.060173984349e+03
1 5 4 0.45249356 0.72210213 0.97346058 1.22000176 2.77668938 1.796777936675e+00 5.643555178223e-02 3.584023436132e+01 6.765123222492e+01 1.880244493054e+03
1 6 4 0.45249356 0.72210213 0.97346058 1.22000176 2.77668938 1.630359223593e+00 5.413483029496e-02 3.435605257789e+01 6.506276548944e+01 1.986010541342e+03
1 7 4 0.45249356 0.72210213 0.97346058 1.22000176 2.77668938 2.236162553376e+00 5.052734065549e-02 3.281781185794e+01 6.257432398980e+01 1.885881518546e+03
1 8 4 0.45249356 0.72210213 0.97346058 1.22000176 2.77668938 3.147108400117e+00 5.783443100765e-02 3.106426191839e+01 6.075110434058e+01 1.680952931439e+03
1 9 4 0.45249356 0.72210213 0.97346058 1.22000176 2.77668938 3.711314698690e+00 5.931141024995e-02 2.927537778390e+01 5.888107073469e+01 1.747349664847e+03
1 10 4 0.45249356 0.72210213 0.97346058 1.22000176 2.77668938 3.539148519039e+00 5.428241055405e-02 2.751160636012e+01 5.732557143067e+01 1.687646508776e+03
1 11 4 0.45249356 0.72210213 0.97346058 1.22000176 2.77668938 2.781663153637e+00 5.983837436853e-02 2.635362738214e+01 5.566926772642e+01 1.496558609474e+03
1 12 4 0.45249356 0.72210213 0.97346058 1.22000176 2.77668938 1.905085076798e+00 6.440989633276e-02 2.466232237214e+01 5.313800872440e+01 1.550189573974e+03
1 13 4 0.45249356 0.72210213 0.97346058 1.22000176 2.77668938 1.431818284201e+00 6.188027265005e-02 2.377494378331e+01 5.120954761130e+01 1.548012708791e+03
1 14 4 0.45249356 0.72210213 0.97346058 1.22000176 2.77668938 1.533257344243e+00 6.268147474407e-02 2.377899236981e+01 4.946719904040e+01 1.369461297519e+03
1 15 4 0.45249356 0.72210213 0.97346058 1.22000176 2.77668938 2.062861596652e+00 6.751075907154e-02 2.379159556162e+01 4.842365937422e+01 1.387138591817e+03
1 16 4 0.45249356 0.72210213 0.97346058 1.22000176 2.77668938 2.618568085923e+00 7.028432988981e-02 2.323803583803e+01 4.708513090903e+01 1.413554591410e+03
1 17 4 0.45249356 0.72210213 0.97346058 1.22000176 2.77668938 2.840347231631e+00 6.725166216002e-02 2.216895436538e+01 4.587477256234e+01 1.254949867680e+03
1 18 4 0.45249356 0.72210213 0.97346058 1.22000176 2.77668938 2.570770848046e+00 6.897281269938e-02 2.113864603900e+01 4.430206674131e+01 1.241068252643e+03
1 19 4 0.45249356 0.72210213 0.97346058 1.22000176 2.77668938 1.941707693595e+00 7.607509413586e-02 1.967911508593e+01 4.357066631358e+01 1.286914352632e+03
1 20 4 0.45249356 0.72210213 0.97346058 1.22000176 2.77668938 1.375419379937e+00 7.308876609304e-02 1.804940505938e+01 4.264269288636e+01 1.151298465073e+03
1 21 4 0.45249356 0.72210213 0.97346058 1.22000176 2.77668938 1.166880300237e+00 7.079207762649e-02 1.688824626162e+01 4.194058680523e+01 1.127291498374e+03
1 22 4 0.45249356 0.72210213 0.97346058 1.22000176 2.77668938 1.368784767470e+00 7.774101115097e-02 1.560397587178e+01 4.031056177295e+01 1.204428297667e+03
1 23 4 0.45249356 0.72210213 0.97346058 1.22000176 2.77668938 1.854790685240e+00 7.806762593524e-02 1.391637540809e+01 3.988615721130e+01 1.117237366892e+03
1 24 4 0.45249356 0.72210213 0.97346058 1.22000176 2.77668938 2.229719307347e+00 7.449361683624e-02 1.289909183956e+01 3.924750052883e+01 1.072928558586e+03
1 25 4 0.45249356 0.72210213 0.97346058 1.22000176 2.77668938 2.292409170778e+00 7.676094887407e-02 1.318480589313e+01 3.898693334213e+01 1.154443850727e+03
1 26 4 0.45249356 0.72210213 0.97346058 1.22000176 2.77668938 1.999621767016e+00 8.012924870490e-02 1.397563855694e+01 3.884087246819e+01 1.085721567219e+03
1 27 4 0.45249356 0.72210213 0.97346058 1.22000176 2.77668938 1.503591602280e+00 7.940040963734e-02 1.514292622952e+01 3.817799460921e+01 1.018717144394e+03
1 28 4 0.45249356 0.72210213 0.97346058 1.22000176 2.77668938 1.145201291811e+00 7.606804643215e-02 1.695580125870e+01 3.887691741232e+01 1.100683641649e+03
1 29 4 0.45249356 0.72210213 0.97346058 1.22000176 2.77668938 1.035267897888e+00 7.914502077123e-02 1.904560408712e+01 3.772085060502e+01 1.058769916131e+03
1 30 4 0.45249356 0.72210213 0.97346058 1.22000176 2.77668938 1.302841626927e+00 8.297338692609e-02 2.079088715014e+01 3.813090838565e+01 9.830539128647e+02
1 31 4 0.45249356 0.72210213 0.97346058 1.22000176 2.77668938 1.678652149064e+00 7.735609062306e-02 2.205050454696e+01 3.698753061134e+01 1.067702576807e+03
1 32 4 0.45249356 0.72210213 0.97346058 1.22000176 2.77668938 1.958108340846e+00 7.708699405089e-02 2.385722272731e+01 3.863018522811e+01 1.080455258821e+03
1 33 4 0.45249356 0.72210213 0.97346058 1.22000176 2.77668938 2.039531408040e+00 8.297766755127e-02 2.456809132773e+01 3.909223390200e+01 1.011871689562e+03
1 34 4 0.45249356 0.72210213 0.97346058 1.22000176 2.77668938 1.708301728658e+00 7.972834667542e-02 2.377724452843e+01 3.960217651479e+01 1.104887603243e+03
1 35 4 0.45249356 0.72210213 0.97346058 1.22000176 2.77668938 1.255518048874e+00 7.633737266933e-02 2.222954226519e+01 3.988635039335e+01 1.143079275855e+03
1 36 4 0.45249356 0.72210213 0.97346058 1.22000176 2.77668938 8.920536058418e-01 7.946895513203e-02 2.044690884957e+01 3.992061898064e+01 1.059734023108e+03
1 37 4 0.45249356 0.72210213 0.97346058 1.22000176 2.77668938 8.330408570724e-01 8.066494622532e-02 1.810785055414e+01 4.132038631813e+01 1.130816907659e+03
1 38 4 0.45249356 0.72210213 0.97346058 1.22000176 2.77668938 1.134501119841e+00 7.748751542464e-02 1.562743726584e+01 4.139851915213e+01 1.199051521203e+03
1 39 4 0.45249356 0.72210213 0.97346058 1.22000176 2.77668938 1.556426141817e+00 7.472936736146e-02 1.386607478508e+01 4.308601215181e+01 1.113531327290e+03
1 40 4 0.45249356 0.72210213 0.97346058 1.22000176 2.77668938 1.858244462412e+00 7.826509361653e-02 1.310172970922e+01 4.378242456980e+01 1.166000984766e+03
1 41 4 0.45249356 0.72210213 0.97346058 1.22000176 2.77668938 1.763751355616e+00 7.850610280967e-02 1.258161825732e+01 4.583721968010e+01 1.270575278356e+03
1 42 4 0.45249356 0.72210213 0.97346058 1.22000176 2.77668938 1.342610508085e+00 7.117231985836e-02 1.310299277542e+01 4.687640029508e+01 1.206854077126e+03
1 43 4 0.45249356 0.72210213 0.97346058 1.22000176 2.77668938 8.465765045874e-01 7.285929914963e-02 1.528063812173e+01 4.795521691694e+01 1.257801437377e+03
1 44 4 0.45249356 0.72210213 0.97346058 1.22000176 2.77668938 5.548074145541e-01 7.629116912003e-02 1.852867567075e+01 4.932415017531e+01 1.411094347611e+03
1 45 4 0.45249356 0.72210213 0.97346058 1.22000176 2.77668938 6.904276164590e-01 6.917551867357e-02 2.186339264848e+01 5.127773146954e+01 1.355752275624e+03
1 46 4 0.45249356 0.72210213 0.97346058 1.22000176 2.77668938 1.138286041909e+00 6.663947412893e-02 2.574925559451e+01 5.316550801932e+01 1.370272884371e+03
1 47 4 0.45249356 0.72210213 0.97346058 1.22000176 2.77668938 1.585017622228e+00 6.949713343514e-02 2.904035575246e+01 5.483036353588e+01 1.538129861578e+03
1 48 4 0.45249356 0.72210213 0.97346058 1.22000176 2.77668938 1.748496988709e+00 6.692736049368e-02 3.146883653631e+01 5.673237536022e+01 1.506240843046e+03
1 49 4 0.45249356 0.72210213 0.97346058 1.22000176 2.77668938 1.488707019526e+00 6.160388341831e-02 3.293410353376e+01 5.906664224612e+01 1.488252815425e+03
1 50 4 0.45249356 0.72210213 0.97346058 1.22000176 2.77668938 9.622834964894e-01 5.995279125941e-02 3.421390007900e+01 6.184789584243e+01 1.679949458073e+03
1 51 4 0.45249356 0.72210213 0.97346058 1.22000176 2.77668938 5.003381432645e-01 6.241394021915e-02 3.475699132897e+01 6.449155474036e+01 1.681753518927e+03
1 52 4 0.45249356 0.72210213 0.97346058 1.22000176 2.77668938 4.483385128285e-01 5.786567526487e-02 3.384341712572e+01 6.671621429634e+01 1.635532160448e+03
1 53 4 0.45249356 0.72210213 0.97346058 1.22000176 2.77668938 8.799873718549e-01 5.125317969640e-02 3.227729904438e+01 6.846263455506e+01 1.859556367349e+03
1 54 4 0.45249356 0.72210213 0.97346058 1.22000176 2.77668938 1.526299315411e+00 5.558291027652e-02 3.133882998868e+01 7.142443315202e+01 1.913458077640e+03
1 55 4 0.45249356 0.72210213 0.97346058 1.22000176 2.77668938 1.949878279145e+00 5.429071671097e-02 3.048766053142e+01 7.427355708829e+01 1.832719001193e+03
1 56 4 0.45249356 0.72210213 0.97346058 1.22000176 2.77668938 1.841829353352e+00 4.627868029185e-02 3.063919210947e+01 7.785873454801e+01 2.035468206029e+03
1 57 4 0.45249356 0.72210213 0.97346058 1.22000176 2.77668938 1.291911856486e+00 4.872705581302e-02 3.175673983687e+01 8.138436108089e+01 2.132411325546e+03
1 58 4 0.45249356 0.72210213 0.97346058 1.22000176 2.77668938 6.431545454661e-01 5.079933695100e-02 3.335096328996e+01 8.531172136113e+01 2.017385118322e+03
1 59 4 0.45249356 0.72210213 0.97346058 1.22000176 2.77668938 3.785965632343e-01 4.634540207591e-02 3.489069130905e+01 8.850157598750e+01 2.223486430682e+03
1 60 4 0.45249356 0.72210213 0.97346058 1.22000176 2.77668938 6.704489769774e-01 4.517267733542e-02 3.684455200372e+01 9.104094475426e+01 2.392683174872e+03
1 61 4 0.45249356 0.72210213 0.97346058 1.22000176 2.77668938 1.421491360174e+00 4.946807965073e-02 3.906557431710e+01 9.403096345966e+01 2.265423374422e+03
1 62 4 0.45249356 0.72210213 0.97346058 1.22000176 2.77668938 2.027006102088e+00 5.206240882936e-02 4.070086843122e+01 9.762415238522e+01 2.441587839047e+03
1 63 4 0.45249356 0.72210213 0.97346058 1.22000176 2.77668938 2.043800049891e+00 4.807858680675e-02 4.160366484515e+01 1.036553964403e+02 2.690200628373e+03
4 0 4 0.28576756 0.43395482 0.39249185 0.68354323 0.83405094 2.764200308479e-03 1.703523335750e+00 8.915752768596e-01 9.779212919466e+00 2.133932530491e+01
4 1 4 0.28576756 0.43395482 0.39249185 0.68354323 0.83405094 9.578262422911e-03 1.440643817822e+00 8.436028411471e-01 9.828264245058e+00 2.032768155278e+01
4 2 4 0.28576756 0.43395482 0.39249185 0.68354323 0.83405094 1.235735700369e-02 1.468806769739e+00 8.235605171543e-01 9.098018295120e+00 1.953153883256e+01
4 3 4 0.28576756 0.43395482 0.39249185 0.68354323 0.83405094 7.357623853499e-03 1.377011520902e+00 8.034635844819e-01 8.144529667889e+00 1.883111575095e+01
4 4 4 0.28576756 0.43395482 0.39249185 0.68354323 0.83405094 7.239851445464e-04 1.328687205273e+00 7.870682959488e-01 7.946798839369e+00 1.808330192128e+01
4 5 4 0.28576756 0.43395482 0.39249185 0.68354323 0.83405094 2.460637318544e-03 1.360990899851e+00 7.853617596525e-01 8.448418513766e+00 1.737755173050e+01
4 6 4 0.28576756 0.43395482 0.39249185 0.68354323 0.83405094 9.733679991134e-03 1.211340050774e+00 7.912369031183e-01 8.132828882789e+00 1.671443595758e+01
4 7 4 0.28576756 0.43395482 0.39249185 0.68354323 0.83405094 1.023911514777e-02 1.316947306605e+00 7.829292335276e-01 7.267693609074e+00 1.617463634152e+01
4 8 4 0.28576756 0.43395482 0.39249185 0.68354323 0.83405094 3.824807020549e-03 1.101940497839e+00 7.552163605911e-01 6.925622042020e+00 1.569108066627e+01
4 9 4 0.28576756 0.43395482 0.39249185 0.68354323 0.83405094 8.684024579990e-05 1.213683895382e+00 7.345840441721e-01 7.137375313354e+00 1.506514294281e+01
4 10 4 0.28576756 0.43395482 0.39249185 0.68354323 0.83405094 4.840935501397e-03 1.020684705073e+00 7.134627838774e-01 6.867399455804e+00 1.457510247295e+01
4 11 4 0.28576756 0.43395482 0.39249185 0.68354323 0.83405094 1.208782913342e-02 1.103958513224e+00 6.725039644524e-01 6.242550932007e+00 1.429475166659e+01
4 12 4 0.28576756 0.43395482 0.39249185 0.68354323 0.83405094 9.839869818319e-03 1.027322025336e+00 6.362889486679e-01 5.862474757613e+00 1.377792739038e+01
4 13 4 0.28576756 0.43395482 0.39249185 0.68354323 0.83405094 1.919455279339e-03 1.037948303728e+00 6.040362741525e-01 6.363021483567e+00 1.324555884334e+01
4 14 4 0.28576756 0.43395482 0.39249185 0.68354323 0.83405094 1.706958555488e-03 1.010206509707e+00 5.581884906742e-01 6.103956662491e+00 1.303184819629e+01
4 15 4 0.28576756 0.43395482 0.39249185 0.68354323 0.83405094 7.664585409004e-03 8.693480557645e-01 5.176655101385e-01 5.685043320395e+00 1.266201093879e+01
4 16 4 0.28576756 0.43395482 0.39249185 0.68354323 0.83405094 1.010478867917e-02 9.363572258351e-01 4.931502454564e-01 5.046300892577e+00 1.212706226585e+01
4 17 4 0.28576756 0.43395482 0.39249185 0.68354323 0.83405094 6.652754037960e-03 8.031141194167e-01 4.839799000641e-01 5.344928564768e+00 1.186509303326e+01
4 18 4 0.28576756 0.43395482 0.39249185 0.68354323 0.83405094 1.595253346727e-03 9.753058036584e-01 4.893506945978e-01 5.149051970656e+00 1.159318153143e+01
4 19 4 0.28576756 0.43395482 0.39249185 0.68354323 0.83405094 5.534824163437e-04 8.287605125678e-01 5.091104272383e-01 5.273337464557e+00 1.115316155251e+01
4 20 4 0.28576756 0.43395482 0.39249185 0.68354323 0.83405094 3.864076482933e-03 9.384694054069e-01 5.549675330589e-01 4.571607753492e+00 1.085175457060e+01
4 21 4 0.28576756 0.43395482 0.39249185 0.68354323 0.83405094 5.726682315507e-03 7.702329214972e-01 6.030860495062e-01 4.908714948630e+00 1.059727580145e+01
4 22 4 0.28576756 0.43395482 0.39249185 0.68354323 0.83405094 3.146761838409e-03 8.012299080630e-01 6.304213923392e-01 4.684686544675e+00 1.029738443913e+01
4 23 4 0.28576756 0.43395482 0.39249185 0.68354323 0.83405094 5.855249494808e-04 7.368454652764e-01 6.680259658671e-01 4.774602191078e+00 1.006031018821e+01
4 24 4 0.28576756 0.43395482 0.39249185 0.68354323 0.83405094 1.499438410349e-03 7.013397223996e-01 7.117471146512e-01 4.093917461092e+00 9.803593794987e+00
4 25 4 0.28576756 0.43395482 0.39249185 0.68354323 0.83405094 2.827846570137e-03 7.266961196825e-01 7.300643831746e-01 4.387650846540e+00 9.610169440911e+00
4 26 4 0.28576756 0.43395482 0.39249185 0.68354323 0.83405094 2.394029893953e-03 6.287177839944e-01 7.359210499210e-01 4.346891172460e+00 9.526468594149e+00
4 27 4 0.28576756 0.43395482 0.39249185 0.68354323 0.83405094 1.301269920946e-03 7.230328317387e-01 7.432106017311e-01 4.693238714335e+00 9.331583310267e+00
4 28 4 0.28576756 0.43395482 0.39249185 0.68354323 0.83405094 9.331142853966e-04 5.728007316037e-01 7.474526524876e-01 4.087868979591e+00 9.192681111940e+00
4 29 4 0.28576756 0.43395482 0.39249185 0.68354323 0.83405094 2.794305484078e-03 6.821534721036e-01 7.296467535561e-01 4.220020160820e+00 9.263644695282e+00
4 30 4 0.28576756 0.43395482 0.39249185 0.68354323 0.83405094 4.404804025678e-03 5.278747723510e-01 6.818544861873e-01 4.081845109647e+00 9.216515062210e+00
4 31 4 0.28576756 0.43395482 0.39249185 0.68354323 0.83405094 3.239650736933e-03 6.520849374493e-01 6.438586779243e-01 4.429123753290e+00 9.125902379436e+00
4 32 4 0.28576756 0.43395482 0.39249185 0.68354323 0.83405094 3.015144695836e-03 5.912796732900e-01 6.195170544847e-01 4.082617198754e+00 9.281184031416e+00
4 33 4 0.28576756 0.43395482 0.39249185 0.68354323 0.83405094 3.973259239130e-03 7.270775960051e-01 5.755515140653e-01 4.312087673543e+00 9.409937757770e+00
4 34 4 0.28576756 0.43395482 0.39249185 0.68354323 0.83405094 2.650456234002e-03 7.219770007546e-01 5.387964969651e-01 4.137918278717e+00 9.412596474370e+00
4 35 4 0.28576756 0.43395482 0.39249185 0.68354323 0.83405094 1.208037470409e-03 7.421049027931e-01 5.334245059357e-01 4.743221561957e+00 9.582629587459e+00
4 36 4 0.28576756 0.43395482 0.39249185 0.68354323 0.83405094 1.555057232813e-03 7.990376825449e-01 5.371600221830e-01 4.310448446223e+00 9.828075133476e+00
4 37 4 0.28576756 0.43395482 0.39249185 0.68354323 0.83405094 2.272197886487e-03 7.249912684551e-01 5.391170595872e-01 4.420987714268e+00 9.967117406276e+00
4 38 4 0.28576756 0.43395482 0.39249185 0.68354323 0.83405094 2.504980857238e-03 8.632446969334e-01 5.454447989929e-01 4.147300223704e+00 1.014639864931e+01
4 39 4 0.28576756 0.43395482 0.39249185 0.68354323 0.83405094 1.398586570601e-03 7.437654884520e-01 5.741987301631e-01 5.002290343302e+00 1.041012098622e+01
4 40 4 0.28576756 0.43395482 0.39249185 0.68354323 0.83405094 8.833287808162e-04 9.219576716914e-01 6.176501441429e-01 4.742584574019e+00 1.066431725888e+01
4 41 4 0.28576756 0.43395482 0.39249185 0.68354323 0.83405094 3.423887286021e-03 7.921659776964e-01 6.475230316867e-01 5.083466841834e+00 1.090892452781e+01
4 42 4 0.28576756 0.43395482 0.39249185 0.68354323 0.83405094 5.421864876340e-03 9.558092323553e-01 6.887879115299e-01 4.569326168575e+00 1.114749203564e+01
4 43 4 0.28576756 0.43395482 0.39249185 0.68354323 0.83405094 3.235532655858e-03 8.492594006117e-01 7.518118553774e-01 5.490918933728e+00 1.143053671509e+01
4 44 4 0.28576756 0.43395482 0.39249185 0.68354323 0.83405094 4.449738193061e-04 8.866908892955e-01 7.946994140350e-01 5.138402159585e+00 1.178846780324e+01
4 45 4 0.28576756 0.43395482 0.39249185 0.68354323 0.83405094 2.082389069626e-03 8.490896493628e-01 8.175987494265e-01 5.593588979564e+00 1.206615506644e+01
4 46 4 0.28576756 0.43395482 0.39249185 0.68354323 0.83405094 6.803440326726e-03 8.525136218098e-01 8.377357019081e-01 5.089540405106e+00 1.231007428907e+01
4 47 4 0.28576756 0.43395482 0.39249185 0.68354323 0.83405094 9.363683780209e-03 9.818542411890e-01 8.497997823019e-01 6.193715872201e+00 1.276043495097e+01
4 48 4 0.28576756 0.43395482 0.39249185 0.68354323 0.83405094 6.643210086428e-03 9.444540278028e-01 8.534525291902e-01 6.037502506505e+00 1.319620478299e+01
4 49 4 0.28576756 0.43395482 0.39249185 0.68354323 0.83405094 1.440239962214e-03 1.128509917333e+00 8.481672400809e-01 6.732825163804e+00 1.344011220322e+01
4 50 4 0.28576756 0.43395482 0.39249185 0.68354323 0.83405094 2.726101560477e-03 9.655476940459e-01 8.503357596252e-01 5.711165477348e+00 1.391794535345e+01
4 51 4 0.28576756 0.43395482 0.39249185 0.68354323 0.83405094 1.067419954970e-02 1.132969744539e+00 8.635258835814e-01 6.777667499968e+00 1.457152076121e+01
4 52 4 0.28576756 0.43395482 0.39249185 0.68354323 0.83405094 1.174201104141e-02 1.024265814418e+00 8.589253351101e-01 6.783059260496e+00 1.494862530502e+01
4 53 4 0.28576756 0.43395482 0.39249185 0.68354323 0.83405094 3.940193516779e-03 1.216653453531e+00 8.494814317184e-01 7.809590715923e+00 1.543373062058e+01
4 54 4 0.28576756 0.43395482 0.39249185 0.68354323 0.83405094 7.955635767715e-05 1.183954573873e+00 8.496902896839e-01 6.782564222253e+00 1.624531170846e+01
4 55 4 0.28576756 0.43395482 0.39249185 0.68354323 0.83405094 4.582977597708e-03 1.265012709474e+00 8.311728888080e-01 8.019707423712e+00 1.685785379328e+01
4 56 4 0.28576756 0.43395482 0.39249185 0.68354323 0.83405094 1.041042340039e-02 1.325871277213e+00 8.032219953458e-01 7.885417898270e+00 1.742598694167e+01
4 57 4 0.28576756 0.43395482 0.39249185 0.68354323 0.83405094 8.832137378570e-03 1.283708102021e+00 7.904504994247e-01 9.112972245670e+00 1.827623212368e+01
4 58 4 0.28576756 0.43395482 0.39249185 0.68354323 0.83405094 1.749485585123e-03 1.458730826514e+00 7.770025229401e-01 7.675391260782e+00 1.906809008931e+01
4 59 4 0.28576756 0.43395482 0.39249185 0.68354323 0.83405094 1.381328910587e-03 1.349536317765e+00 7.478431041219e-01 8.987934738212e+00 1.982697186160e+01
4 60 4 0.28576756 0.43395482 0.39249185 0.68354323 0.83405094 8.413021110818e-03 1.607228281973e+00 7.113395009494e-01 9.053425069946e+00 2.066843962102e+01
4 61 4 0.28576756 0.43395482 0.39249185 0.68354323 0.83405094 1.219908411817e-02 1.497662684686e+00 6.864947606624e-01 1.078264368632e+01 2.143926199352e+01
4 62 4 0.28576756 0.43395482 0.39249185 0.68354323 0.83405094 8.439062422282e-03 1.772152708190e+00 6.708466494295e-01 9.445696893435e+00 2.238554791483e+01
4 63 4 0.28576756 0.43395482 0.39249185 0.68354323 0.83405094 2.365010531019e-03 1.686803312967e+00 6.503273193967e-01 1.048518482493e+01 2.330221013255e+01
5 0 4 0.25486436 0.36753572 0.33895614 0.53079244 0.63221126 1.802153795225e-02 8.771300170890e-01 4.004437051081e-01 4.404586194001e+00 6.924647104499e+00
5 1 4 0.25486436 0.36753572 0.33895614 0.53079244 0.63221126 4.910647549009e-03 7.753169349887e-01 3.683721593348e-01 3.469839346904e+00 6.743213804589e+00
5 2 4 0.25486436 0.36753572 0.33895614 0.53079244 0.63221126 4.743844472445e-03 7.499412830340e-01 3.339804314486e-01 3.908282966567e+00 6.439433673748e+00
5 3 4 0.25486436 0.36753572 0.33895614 0.53079244 0.63221126 1.774818433083e-02 7.158981198252e-01 3.001374304749e-01 2.041942693038e+00 6.244952817111e+00
5 4 4 0.25486436 0.36753572 0.33895614 0.53079244 0.63221126 2.340884223191e-02 6.593573587860e-01 2.797865475103e-01 3.440649093889e+00 6.035323311191e+00
5 5 4 0.25486436 0.36753572 0.33895614 0.53079244 0.63221126 1.323824359566e-02 7.109134004706e-01 2.671013996651e-01 3.239471637681e+00 5.856050353183e+00
5 6 4 0.25486436 0.36753572 0.33895614 0.53079244 0.63221126 3.099607532058e-03 6.587951301300e-01 2.741100281983e-01 3.166357915331e+00 5.659012971268e+00
5 7 4 0.25486436 0.36753572 0.33895614 0.53079244 0.63221126 9.532737707435e-03 6.541515192841e-01 2.853506069590e-01 2.476815968627e+00 5.452709247914e+00
5 8 4 0.25486436 0.36753572 0.33895614 0.53079244 0.63221126 2.075072941338e-02 6.050351258889e-01 2.980211769066e-01 2.164055018040e+00 5.303043484578e+00
5 9 4 0.25486436 0.36753572 0.33895614 0.53079244 0.63221126 1.759883476845e-02 5.459389067055e-01 3.126783111302e-01 3.309833169025e+00 5.167175122262e+00
5 10 4 0.25486436 0.36753572 0.33895614 0.53079244 0.63221126 4.741970851704e-03 5.752625472096e-01 3.208138006070e-01 2.334626346247e+00 4.934206574402e+00
5 11 4 0.25486436 0.36753572 0.33895614 0.53079244 0.63221126 2.371816677101e-03 5.402857526697e-01 3.234241494222e-01 2.483169132831e+00 4.794311480188e+00
5 12 4 0.25486436 0.36753572 0.33895614 0.53079244 0.63221126 1.353421046561e-02 5.607873186858e-01 3.202421199279e-01 1.609808422126e+00 4.700567650222e+00
5 13 4 0.25486436 0.36753572 0.33895614 0.53079244 0.63221126 2.227558382841e-02 5.331657607370e-01 3.180512637577e-01 2.714763630621e+00 4.476784170956e+00
5 14 4 0.25486436 0.36753572 0.33895614 0.53079244 0.63221126 1.663796874361e-02 4.750239965549e-01 3.117118090888e-01 2.519144700586e+00 4.326774785166e+00
5 15 4 0.25486436 0.36753572 0.33895614 0.53079244 0.63221126 4.295452985290e-03 4.730379680475e-01 2.976659163985e-01 1.924066034922e+00 4.244898706957e+00
5 16 4 0.25486436 0.36753572 0.33895614 0.53079244 0.63221126 1.253454474147e-03 4.378685090299e-01 2.765730694731e-01 1.829639209862e+00 4.073804324773e+00
5 17 4 0.25486436 0.36753572 0.33895614 0.53079244 0.63221126 9.171751377774e-03 4.642198135509e-01 2.523185394664e-01 1.637450880197e+00 3.904114129435e+00
5 18 4 0.25486436 0.36753572 0.33895614 0.53079244 0.63221126 1.506114415314e-02 4.648164359002e-01 2.310317466840e-01 2.575005177507e+00 3.838218408553e+00
5 19 4 0.25486436 0.36753572 0.33895614 0.53079244 0.63221126 1.003079592312e-02 4.509345534490e-01 2.111258476591e-01 1.619348653325e+00 3.696835965241e+00
5 20 4 0.25486436 0.36753572 0.33895614 0.53079244 0.63221126 2.903614372470e-03 4.602707735106e-01 1.934665206643e-01 1.818835239980e+00 3.574168355249e+00
5 21 4 0.25486436 0.36753572 0.33895614 0.53079244 0.63221126 5.684767874473e-03 4.148208676062e-01 1.776690523442e-01 1.402030974355e+00 3.477718416037e+00
5 22 4 0.25486436 0.36753572 0.33895614 0.53079244 0.63221126 1.459729316222e-02 4.115214240532e-01 1.706720192903e-01 2.117668733457e+00 3.398882105430e+00
5 23 4 0.25486436 0.36753572 0.33895614 0.53079244 0.63221126 1.489867247030e-02 3.892598961569e-01 1.703549265450e-01 1.889464792091e+00 3.304490918102e+00
5 24 4 0.25486436 0.36753572 0.33895614 0.53079244 0.63221126 6.341744871124e-03 3.601575727579e-01 1.682075928212e-01 1.312297027357e+00 3.237137335543e+00
5 25 4 0.25486436 0.36753572 0.33895614 0.53079244 0.63221126 2.467250556634e-03 3.669583091833e-01 1.640669769788e-01 1.563513621016e+00 3.156596785001e+00
5 26 4 0.25486436 0.36753572 0.33895614 0.53079244 0.63221126 8.267153094825e-03 3.429586066804e-01 1.640219198291e-01 1.501507983474e+00 3.146153442931e+00
5 27 4 0.25486436 0.36753572 0.33895614 0.53079244 0.63221126 1.297618789203e-02 3.497980393756e-01 1.754746532003e-01 2.199358894119e+00 3.083579808364e+00
5 28 4 0.25486436 0.36753572 0.33895614 0.53079244 0.63221126 8.922347776663e-03 3.328141031091e-01 1.880460156792e-01 1.261030220208e+00 3.038223946305e+00
5 29 4 0.25486436 0.36753572 0.33895614 0.53079244 0.63221126 1.742429633453e-03 3.074723997359e-01 2.018859942964e-01 1.508125674551e+00 3.054858110665e+00
5 30 4 0.25486436 0.36753572 0.33895614 0.53079244 0.63221126 2.385265393094e-03 3.094887732946e-01 2.116581319990e-01 1.418221783803e+00 3.060722036805e+00
5 31 4 0.25486436 0.36753572 0.33895614 0.53079244 0.63221126 1.118199270837e-02 2.942250244032e-01 2.163692473062e-01 1.807282549487e+00 3.011041706902e+00
5 32 4 0.25486436 0.36753572 0.33895614 0.53079244 0.63221126 1.695131587218e-02 3.326489419419e-01 2.326656180864e-01 1.710395191538e+00 3.074703159312e+00
5 33 4 0.25486436 0.36753572 0.33895614 0.53079244 0.63221126 1.177894239384e-02 3.595677511681e-01 2.403476104010e-01 1.166877865095e+00 3.115471288443e+00
5 34 4 0.25486436 0.36753572 0.33895614 0.53079244 0.63221126 2.778431427783e-03 3.752664148816e-01 2.386825349839e-01 1.762586869744e+00 3.109809786679e+00
5 35 4 0.25486436 0.36753572 0.33895614 0.53079244 0.63221126 2.901758243897e-03 4.033309424181e-01 2.406427893987e-01 1.547830411151e+00 3.171245040853e+00
5 36 4 0.25486436 0.36753572 0.33895614 0.53079244 0.63221126 1.140011744073e-02 3.857119772532e-01 2.396946327432e-01 2.114579167036e+00 3.261665885873e+00
5 37 4 0.25486436 0.36753572 0.33895614 0.53079244 0.63221126 1.470006647827e-02 4.034556206637e-01 2.426492726124e-01 1.160110944497e+00 3.290394543606e+00
5 38 4 0.25486436 0.36753572 0.33895614 0.53079244 0.63221126 7.439276297539e-03 4.087899650464e-01 2.402184539306e-01 1.659971172911e+00 3.365381652206e+00
5 39 4 0.25486436 0.36753572 0.33895614 0.53079244 0.63221126 2.452197515265e-03 4.165274053849e-01 2.275994946640e-01 1.782907992487e+00 3.464094831129e+00
5 40 4 0.25486436 0.36753572 0.33895614 0.53079244 0.63221126 8.252405504609e-03 4.492930864841e-01 2.144138013678e-01 2.003105589908e+00 3.542012048805e+00
5 41 4 0.25486436 0.36753572 0.33895614 0.53079244 0.63221126 1.515605428753e-02 4.328913055025e-01 2.083697870389e-01 1.881367556035e+00 3.636307308680e+00
5 42 4 0.25486436 0.36753572 0.33895614 0.53079244 0.63221126 1.167359739801e-02 4.573336213556e-01 2.105266568943e-01 1.320635870822e+00 3.720131449134e+00
5 43 4 0.25486436 0.36753572 0.33895614 0.53079244 0.63221126 3.561573555807e-03 4.522986748873e-01 2.113313718522e-01 2.317665752824e+00 3.839335221182e+00
5 44 4 0.25486436 0.36753572 0.33895614 0.53079244 0.63221126 2.907131652529e-03 4.337916607873e-01 2.136911662173e-01 1.859581320260e+00 3.960623601652e+00
5 45 4 0.25486436 0.36753572 0.33895614 0.53079244 0.63221126 1.101587180219e-02 4.530908961078e-01 2.198051043787e-01 2.312248654975e+00 4.041634541380e+00
5 46 4 0.25486436 0.36753572 0.33895614 0.53079244 0.63221126 1.578821666049e-02 4.317493805564e-01 2.300376784784e-01 1.476882718121e+00 4.153357071271e+00
5 47 4 0.25486436 0.36753572 0.33895614 0.53079244 0.63221126 9.643268954130e-03 4.770789744623e-01 2.414397445855e-01 2.296171266914e+00 4.343259417314e+00
5 48 4 0.25486436 0.36753572 0.33895614 0.53079244 0.63221126 1.144662537732e-03 5.076205428434e-01 2.523002994800e-01 2.621503176679e+00 4.404387679832e+00
5 49 4 0.25486436 0.36753572 0.33895614 0.53079244 0.63221126 5.136110687592e-03 5.343152856454e-01 2.677059305562e-01 2.340636220458e+00 4.531259775897e+00
5 50 4 0.25486436 0.36753572 0.33895614 0.53079244 0.63221126 1.926625762636e-02 5.770432053760e-01 2.895009286720e-01 2.299524199433e+00 4.735694243191e+00
5 51 4 0.25486436 0.36753572 0.33895614 0.53079244 0.63221126 2.511309226168e-02 5.349888918663e-01 3.193008791014e-01 1.754189798388e+00 4.863417114848e+00
5 52 4 0.25486436 0.36753572 0.33895614 0.53079244 0.63221126 1.405837603750e-02 5.687265834047e-01 3.474161368568e-01 3.427173765147e+00 4.952097483692e+00
5 53 4 0.25486436 0.36753572 0.33895614 0.53079244 0.63221126 2.394950627455e-03 5.786893053284e-01 3.744578498892e-01 2.542195591215e+00 5.213711889616e+00
5 54 4 0.25486436 0.36753572 0.33895614 0.53079244 0.63221126 7.819000682464e-03 6.123299488208e-01 4.028840324914e-01 2.913180553828e+00 5.364703690756e+00
5 55 4 0.25486436 0.36753572 0.33895614 0.53079244 0.63221126 1.981465950447e-02 6.950601320010e-01 4.360301397309e-01 2.131894075039e+00 5.520863529374e+00
5 56 4 0.25486436 0.36753572 0.33895614 0.53079244 0.63221126 1.810682924762e-02 6.673255849712e-01 4.726022583926e-01 3.351744044556e+00 5.745872698544e+00
5 57 4 0.25486436 0.36753572 0.33895614 0.53079244 0.63221126 5.461450284993e-03 7.088358224332e-01 5.061613039858e-01 3.816177988809e+00 5.995191015612e+00
5 58 4 0.25486436 0.36753572 0.33895614 0.53079244 0.63221126 2.080020882588e-03 6.934885751413e-01 5.485487675468e-01 2.681192615981e+00 6.186544352543e+00
5 59 4 0.25486436 0.36753572 0.33895614 0.53079244 0.63221126 1.202730023609e-02 7.227169818898e-01 5.778872443931e-01 3.153595554613e+00 6.454936009407e+00
5 60 4 0.25486436 0.36753572 0.33895614 0.53079244 0.63221126 2.018464945947e-02 8.194589035255e-01 5.929390023603e-01 2.773800634871e+00 6.692579467188e+00
5 61 4 0.25486436 0.36753572 0.33895614 0.53079244 0.63221126 1.372734612614e-02 8.076971966556e-01 5.963566943738e-01 5.104927535093e+00 7.024051371924e+00
5 62 4 0.25486436 0.36753572 0.33895614 0.53079244 0.63221126 2.820345605073e-03 9.025316684314e-01 5.794612345557e-01 3.414472384598e+00 7.288217780597e+00
5 63 4 0.25486436 0.36753572 0.33895614 0.53079244 0.63221126 5.221488782586e-03 8.716967222633e-01 5.712314241447e-01 3.637291465777e+00 7.543191897486e+00
6 0 4 0.30004571 0.46987873 0.41332395 0.77519194 0.90975120 2.189496224583e-02 2.105889913806e+00 1.315225707497e-01 1.569825247222e+01 3.034062945853e+01
6 1 4 0.30004571 0.46987873 0.41332395 0.77519194 0.90975120 2.132731377922e-02 2.156189695864e+00 1.711943543582e-01 1.531857416228e+01 2.934092205066e+01
6 2 4 0.30004571 0.46987873 0.41332395 0.77519194 0.90975120 4.816675320243e-03 1.931046400688e+00 2.024782928204e-01 1.504912068318e+01 2.818135237323e+01
6 3 4 0.30004571 0.46987873 0.41332395 0.77519194 0.90975120 5.344863416485e-03 2.027624211715e+00 2.287533177918e-01 1.457425887293e+01 2.704852185011e+01
6 4 4 0.30004571 0.46987873 0.41332395 0.77519194 0.90975120 2.234370456339e-02 1.776870631472e+00 2.458086634362e-01 1.343922609425e+01 2.591259225445e+01
6 5 4 0.30004571 0.46987873 0.41332395 0.77519194 0.90975120 2.706674431052e-02 1.805720755965e+00 2.275702869399e-01 1.247118326526e+01 2.482206672862e+01
6 6 4 0.30004571 0.46987873 0.41332395 0.77519194 0.90975120 1.598256692215e-02 1.644330488004e+00 1.879545279736e-01 1.325306886821e+01 2.396139106943e+01
6 7 4 0.30004571 0.46987873 0.41332395 0.77519194 0.90975120 3.397708629660e-03 1.752934348733e+00 1.454251893526e-01 1.244159307844e+01 2.300579584719e+01
6 8 4 0.30004571 0.46987873 0.41332395 0.77519194 0.90975120 3.619436222500e-03 1.584510981166e+00 9.367071956976e-02 1.216598605544e+01 2.191048861920e+01
6 9 4 0.30004571 0.46987873 0.41332395 0.77519194 0.90975120 1.107266118947e-02 1.604851627648e+00 4.778618171624e-02 1.086405930279e+01 2.120619714249e+01
6 10 4 0.30004571 0.46987873 0.41332395 0.77519194 0.90975120 1.021307687118e-02 1.435211324590e+00 2.088668159169e-02 1.130222148632e+01 2.066292505214e+01
6 11 4 0.30004571 0.46987873 0.41332395 0.77519194 0.90975120 3.002700804005e-03 1.497689962163e+00 1.692218641823e-02 1.068541657068e+01 1.976967488255e+01
6 12 4 0.30004571 0.46987873 0.41332395 0.77519194 0.90975120 2.053847225968e-03 1.394572954598e+00 3.601856011617e-02 9.952249951432e+00 1.902462935257e+01
6 13 4 0.30004571 0.46987873 0.41332395 0.77519194 0.90975120 9.544957186974e-03 1.455392185737e+00 7.084495433632e-02 9.833645714192e+00 1.870978146489e+01
6 14 4 0.30004571 0.46987873 0.41332395 0.77519194 0.90975120 1.354720286034e-02 1.317056772959e+00 1.192958425487e-01 9.758115487025e+00 1.818811269402e+01
6 15 4 0.30004571 0.46987873 0.41332395 0.77519194 0.90975120 8.881406885239e-03 1.338568405100e+00 1.661185815564e-01 9.810197328956e+00 1.745614664270e+01
6 16 4 0.30004571 0.46987873 0.41332395 0.77519194 0.90975120 3.697993512863e-03 1.199755326550e+00 2.004916609979e-01 8.687931528864e+00 1.706403166457e+01
6 17 4 0.30004571 0.46987873 0.41332395 0.77519194 0.90975120 4.044167483019e-03 1.212805023083e+00 2.215117712412e-01 8.518987744539e+00 1.676988651352e+01
6 18 4 0.30004571 0.46987873 0.41332395 0.77519194 0.90975120 7.283680318287e-03 1.112964303627e+00 2.205015780213e-01 8.363013726309e+00 1.622111360579e+01
6 19 4 0.30004571 0.46987873 0.41332395 0.77519194 0.90975120 9.054064908264e-03 1.216489748862e+00 2.040640840751e-01 8.539427327079e+00 1.572509158426e+01
6 20 4 0.30004571 0.46987873 0.41332395 0.77519194 0.90975120 6.999062222870e-03 1.155800624569e+00 1.727413557735e-01 7.971117545255e+00 1.540117299122e+01
6 21 4 0.30004571 0.46987873 0.41332395 0.77519194 0.90975120 2.875703977395e-03 1.188299818398e+00 1.243134623739e-01 7.714091634095e+00 1.502769055311e+01
6 22 4 0.30004571 0.46987873 0.41332395 0.77519194 0.90975120 3.567176392831e-03 1.039676343243e+00 7.892231690750e-02 7.964285931133e+00 1.462594069434e+01
6 23 4 0.30004571 0.46987873 0.41332395 0.77519194 0.90975120 7.263340074089e-03 1.052394985850e+00 4.169455650397e-02 7.506053823315e+00 1.425848039078e+01
6 24 4 0.30004571 0.46987873 0.41332395 0.77519194 0.90975120 7.241410729738e-03 9.473517668381e-01 1.195070618319e-02 7.257798099213e+00 1.392009863801e+01
6 25 4 0.30004571 0.46987873 0.41332395 0.77519194 0.90975120 3.769925729291e-03 1.002583665267e+00 1.164239165381e-04 6.941499512703e+00 1.370087077718e+01
6 26 4 0.30004571 0.46987873 0.41332395 0.77519194 0.90975120 7.196583604391e-04 9.048753073601e-01 7.876228021008e-03 7.387995298450e+00 1.349584948102e+01
6 27 4 0.30004571 0.46987873 0.41332395 0.77519194 0.90975120 3.474520831586e-03 9.505938369199e-01 3.222530000854e-02 7.259440226239e+00 1.319257248870e+01
6 28 4 0.30004571 0.46987873 0.41332395 0.77519194 0.90975120 7.975624565590e-03 8.461306050041e-01 6.934900230672e-02 7.081082652204e+00 1.305936259935e+01
6 29 4 0.30004571 0.46987873 0.41332395 0.77519194 0.90975120 7.179610460950e-03 8.941236486871e-01 1.167623362489e-01 6.880749223355e+00 1.312284287000e+01
6 30 4 0.30004571 0.46987873 0.41332395 0.77519194 0.90975120 3.582102436540e-03 7.839748203428e-01 1.594336263754e-01 6.958697776151e+00 1.302553134118e+01
6 31 4 0.30004571 0.46987873 0.41332395 0.77519194 0.90975120 2.867004001060e-03 8.676877000460e-01 1.825663287715e-01 6.911909018924e+00 1.291622152752e+01
6 32 4 0.30004571 0.46987873 0.41332395 0.77519194 0.90975120 9.263982838309e-03 8.379371544229e-01 1.985326556469e-01 6.947945544301e+00 1.312458473262e+01
6 33 4 0.30004571 0.46987873 0.41332395 0.77519194 0.90975120 1.356575873694e-02 1.004117508294e+00 2.013673826792e-01 7.076143177316e+00 1.332989272496e+01
6 34 4 0.30004571 0.46987873 0.41332395 0.77519194 0.90975120 7.309987092806e-03 9.540628376921e-01 1.753737724628e-01 7.072787612709e+00 1.333553798040e+01
6 35 4 0.30004571 0.46987873 0.41332395 0.77519194 0.90975120 8.704971631842e-04 1.076316486694e+00 1.375662787140e-01 7.402108987756e+00 1.352995759413e+01
6 36 4 0.30004571 0.46987873 0.41332395 0.77519194 0.90975120 2.584967221487e-03 1.000992907750e+00 9.935384567733e-02 7.243740363007e+00 1.390730232045e+01
6 37 4 0.30004571 0.46987873 0.41332395 0.77519194 0.90975120 8.298700326398e-03 1.114767993805e+00 6.121745646247e-02 7.159154534865e+00 1.411999370929e+01
6 38 4 0.30004571 0.46987873 0.41332395 0.77519194 0.90975120 7.563289187200e-03 1.031690565781e+00 2.882718471510e-02 7.295163764407e+00 1.431504680746e+01
6 39 4 0.30004571 0.46987873 0.41332395 0.77519194 0.90975120 1.356869035699e-03 1.157168730114e+00 8.055063368434e-03 7.822306179717e+00 1.467448179047e+01
6 40 4 0.30004571 0.46987873 0.41332395 0.77519194 0.90975120 2.591324421108e-03 1.102675352998e+00 4.618237701887e-03 8.111430380273e+00 1.501154981528e+01
6 41 4 0.30004571 0.46987873 0.41332395 0.77519194 0.90975120 1.025531962551e-02 1.240698682586e+00 1.352863317833e-02 7.868619208732e+00 1.531798123279e+01
6 42 4 0.30004571 0.46987873 0.41332395 0.77519194 0.90975120 1.324498137847e-02 1.149981573018e+00 3.514466232316e-02 8.223913043549e+00 1.567544334777e+01
6 43 4 0.30004571 0.46987873 0.41332395 0.77519194 0.90975120 6.872886335186e-03 1.202847336746e+00 6.812097330393e-02 8.461728901882e+00 1.599856372236e+01
6 44 4 0.30004571 0.46987873 0.41332395 0.77519194 0.90975120 7.863893646631e-04 1.093961271537e+00 9.797424191140e-02 8.863567605937e+00 1.640407786204e+01
6 45 4 0.30004571 0.46987873 0.41332395 0.77519194 0.90975120 7.168149214739e-03 1.231437200681e+00 1.246875440275e-01 8.496148174546e+00 1.693601255370e+01
6 46 4 0.30004571 0.46987873 0.41332395 0.77519194 0.90975120 1.618991192272e-02 1.230563082698e+00 1.435512873451e-01 9.347080078835e+00 1.732121036943e+01
6 47 4 0.30004571 0.46987873 0.41332395 0.77519194 0.90975120 1.226737329274e-02 1.379241483049e+00 1.465569307280e-01 9.935218975527e+00 1.772462751086e+01
6 48 4 0.30004571 0.46987873 0.41332395 0.77519194 0.90975120 2.649937643824e-03 1.335284681746e+00 1.373211502899e-01 1.010572851434e+01 1.847422975026e+01
6 49 4 0.30004571 0.46987873 0.41332395 0.77519194 0.90975120 4.022718944338e-03 1.447334592688e+00 1.122470834283e-01 1.006366452450e+01 1.916825420746e+01
6 50 4 0.30004571 0.46987873 0.41332395 0.77519194 0.90975120 1.303064765551e-02 1.391126065088e+00 8.164607337957e-02 1.008356228964e+01 1.962804046833e+01
6 51 4 0.30004571 0.46987873 0.41332395 0.77519194 0.90975120 1.384675238981e-02 1.482171832556e+00 5.760656647839e-02 1.136302430512e+01 2.043443326882e+01
6 52 4 0.30004571 0.46987873 0.41332395 0.77519194 0.90975120 5.019203316288e-03 1.466091644526e+00 4.155521224877e-02 1.137556592758e+01 2.149584835416e+01
6 53 4 0.30004571 0.46987873 0.41332395 0.77519194 0.90975120 6.704260293671e-04 1.619153964904e+00 4.444662838357e-02 1.178351834944e+01 2.223559464997e+01
6 54 4 0.30004571 0.46987873 0.41332395 0.77519194 0.90975120 8.079022052244e-03 1.640989700399e+00 6.806438730095e-02 1.211885182436e+01 2.300414019821e+01
6 55 4 0.30004571 0.46987873 0.41332395 0.77519194 0.90975120 1.491806181296e-02 1.754594055994e+00 1.118460317293e-01 1.322284598323e+01 2.416381642600e+01
6 56 4 0.30004571 0.46987873 0.41332395 0.77519194 0.90975120 1.131034106267e-02 1.722478735942e+00 1.646695596452e-01 1.326393458832e+01 2.522400435291e+01
6 57 4 0.30004571 0.46987873 0.41332395 0.77519194 0.90975120 4.538239006489e-03 1.839919266083e+00 2.112953674751e-01 1.299576740234e+01 2.608703788538e+01
6 58 4 0.30004571 0.46987873 0.41332395 0.77519194 0.90975120 9.863016376194e-03 1.913689997759e+00 2.597045841581e-01 1.406017474291e+01 2.711394998575e+01
6 59 4 0.30004571 0.46987873 0.41332395 0.77519194 0.90975120 2.370969801058e-02 2.087761774850e+00 2.879304985128e-01 1.502323983021e+01 2.818825340449e+01
6 60 4 0.30004571 0.46987873 0.41332395 0.77519194 0.90975120 2.187933279816e-02 2.090476663036e+00 2.763438529586e-01 1.598957654413e+01 2.921776182300e+01
6 61 4 0.30004571 0.46987873 0.41332395 0.77519194 0.90975120 9.282865660719e-03 2.201179530625e+00 2.494221285323e-01 1.535578344777e+01 3.026829606236e+01
6 62 4 0.30004571 0.46987873 0.41332395 0.77519194 0.90975120 4.340412243795e-03 2.266981698015e+00 2.088674143693e-01 1.648549380405e+01 3.115020329486e+01
6 63 4 0.30004571 0.46987873 0.41332395 0.77519194 0.90975120 7.420688878820e-03 2.435591090903e+00 1.490264549929e-01 1.714401223079e+01 3.211101564863e+01
9 0 4 0.36478918 0.63943341 0.53577347 1.39989003 1.46698528 1.417048161478e-02 7.266811682196e+00 2.626647660114e-01 1.408940595491e+02 1.983377603616e+02
9 1 4 0.36478918 0.63943341 0.53577347 1.39989003 1.46698528 3.116576472416e-03 6.843021256890e+00 1.700376656285e-01 1.214726717697e+02 1.904077228688e+02
9 2 4 0.36478918 0.63943341 0.53577347 1.39989003 1.46698528 6.593017048973e-03 6.660911476031e+00 9.008805871610e-02 1.367038029077e+02 1.829372838126e+02
9 3 4 0.36478918 0.63943341 0.53577347 1.39989003 1.46698528 9.956190489266e-03 6.556037971087e+00 2.855881665131e-02 1.622635300144e+02 1.757017053929e+02
9 4 4 0.36478918 0.63943341 0.53577347 1.39989003 1.46698528 3.714170823199e-03 6.328731042646e+00 1.204018169573e-03 1.743110923851e+02 1.692895338161e+02
9 5 4 0.36478918 0.63943341 0.53577347 1.39989003 1.46698528 2.665144957174e-03 6.128912575424e+00 1.216207443890e-02 1.629412779538e+02 1.635327619483e+02
9 6 4 0.36478918 0.63943341 0.53577347 1.39989003 1.46698528 1.370186280531e-02 5.965403252921e+00 6.686514065317e-02 1.345133813818e+02 1.574398215440e+02
9 7 4 0.36478918 0.63943341 0.53577347 1.39989003 1.46698528 1.920614025793e-02 5.804735756272e+00 1.475391851247e-01 1.057897455484e+02 1.514717822474e+02
9 8 4 0.36478918 0.63943341 0.53577347 1.39989003 1.46698528 1.062498298576e-02 5.641185357766e+00 2.373591482657e-01 9.681952632081e+01 1.470276751626e+02
9 9 4 0.36478918 0.63943341 0.53577347 1.39989003 1.46698528 4.152538494482e-03 5.458709045247e+00 3.139827003697e-01 1.086411793375e+02 1.434502631586e+02
9 10 4 0.36478918 0.63943341 0.53577347 1.39989003 1.46698528 8.495652117407e-03 5.295705750747e+00 3.450039266746e-01 1.298753295898e+02 1.386909442596e+02
9 11 4 0.36478918 0.63943341 0.53577347 1.39989003 1.46698528 1.075919423198e-02 5.096550447870e+00 3.243868627272e-01 1.377823305801e+02 1.329208940252e+02
9 12 4 0.36478918 0.63943341 0.53577347 1.39989003 1.46698528 4.642499208869e-03 4.936325803780e+00 2.541915138182e-01 1.248966166144e+02 1.282017716354e+02
9 13 4 0.36478918 0.63943341 0.53577347 1.39989003 1.46698528 1.456180185589e-03 4.885108645142e+00 1.646313474727e-01 9.901680385488e+01 1.247059483951e+02
9 14 4 0.36478918 0.63943341 0.53577347 1.39989003 1.46698528 6.177932034078e-03 4.706775392493e+00 8.050923044010e-02 8.040293226595e+01 1.205829478522e+02
9 15 4 0.36478918 0.63943341 0.53577347 1.39989003 1.46698528 8.959536801187e-03 4.444000557351e+00 1.977847542253e-02 7.843185615044e+01 1.155035821897e+02
9 16 4 0.36478918 0.63943341 0.53577347 1.39989003 1.46698528 5.072132249874e-03 4.289603909337e+00 9.628633193458e-05 9.045924590755e+01 1.111692303200e+02
9 17 4 0.36478918 0.63943341 0.53577347 1.39989003 1.46698528 2.408656577786e-03 4.104626411819e+00 1.833258564052e-02 1.052302523028e+02 1.082590250683e+02
9 18 4 0.36478918 0.63943341 0.53577347 1.39989003 1.46698528 5.395866139094e-03 3.971372655145e+00 6.786707727334e-02 1.099917974559e+02 1.056674726787e+02
9 19 4 0.36478918 0.63943341 0.53577347 1.39989003 1.46698528 7.652433541067e-03 4.011330637302e+00 1.345477664602e-01 9.822811377772e+01 1.028084211626e+02
9 20 4 0.36478918 0.63943341 0.53577347 1.39989003 1.46698528 5.042131732034e-03 3.954254351001e+00 2.077608344893e-01 7.753932338642e+01 1.002906484513e+02
9 21 4 0.36478918 0.63943341 0.53577347 1.39989003 1.46698528 3.139501032020e-03 3.767547355073e+00 2.646129629957e-01 6.438816607345e+01 9.835336090867e+01
9 22 4 0.36478918 0.63943341 0.53577347 1.39989003 1.46698528 5.986136986009e-03 3.608094459262e+00 2.979775047491e-01 6.609116148896e+01 9.658166322985e+01
9 23 4 0.36478918 0.63943341 0.53577347 1.39989003 1.46698528 8.313381303695e-03 3.415495976608e+00 3.037465460559e-01 8.000526630506e+01 9.493895738761e+01
9 24 4 0.36478918 0.63943341 0.53577347 1.39989003 1.46698528 5.606540358503e-03 3.240400006593e+00 2.614072352217e-01 9.248920336242e+01 9.353404151531e+01
9 25 4 0.36478918 0.63943341 0.53577347 1.39989003 1.46698528 2.072440592742e-03 3.178936487905e+00 1.919966145794e-01 9.259095138832e+01 9.192963107224e+01
9 26 4 0.36478918 0.63943341 0.53577347 1.39989003 1.46698528 2.146485139768e-03 3.150223512091e+00 1.131225208454e-01 8.216021147773e+01 9.000574971815e+01
9 27 4 0.36478918 0.63943341 0.53577347 1.39989003 1.46698528 3.341760373052e-03 3.078610840452e+00 4.274420326708e-02 6.678795317719e+01 8.862155261977e+01
9 28 4 0.36478918 0.63943341 0.53577347 1.39989003 1.46698528 2.846296948761e-03 2.971335491966e+00 5.986737158188e-03 5.711527244619e+01 8.819257494035e+01
9 29 4 0.36478918 0.63943341 0.53577347 1.39989003 1.46698528 2.822641992291e-03 2.894019780204e+00 9.219866360375e-03 6.207922351579e+01 8.778321493954e+01
9 30 4 0.36478918 0.63943341 0.53577347 1.39989003 1.46698528 5.290884300338e-03 2.862741313302e+00 5.092623426870e-02 7.776710469205e+01 8.684810616600e+01
9 31 4 0.36478918 0.63943341 0.53577347 1.39989003 1.46698528 8.063486805465e-03 2.868485307534e+00 1.095521199047e-01 8.860979835906e+01 8.646647867598e+01
9 32 4 0.36478918 0.63943341 0.53577347 1.39989003 1.46698528 8.026904286599e-03 3.006975180515e+00 1.754067626252e-01 8.928971950582e+01 8.747559258984e+01
9 33 4 0.36478918 0.63943341 0.53577347 1.39989003 1.46698528 5.256550799266e-03 3.216130555895e+00 2.248780582027e-01 7.738049592163e+01 8.886385478957e+01
9 34 4 0.36478918 0.63943341 0.53577347 1.39989003 1.46698528 2.908765088815e-03 3.327932247513e+00 2.421297091697e-01 6.295567121405e+01 8.951135548501e+01
9 35 4 0.36478918 0.63943341 0.53577347 1.39989003 1.46698528 3.008078860775e-03 3.442381160216e+00 2.399259658421e-01 5.881888796115e+01 9.006780130100e+01
9 36 4 0.36478918 0.63943341 0.53577347 1.39989003 1.46698528 3.388782627955e-03 3.560904307942e+00 2.105406925459e-01 6.797925018574e+01 9.155164534745e+01
9 37 4 0.36478918 0.63943341 0.53577347 1.39989003 1.46698528 2.065776284077e-03 3.557749876419e+00 1.650968659221e-01 8.353201973318e+01 9.347113623324e+01
9 38 4 0.36478918 0.63943341 0.53577347 1.39989003 1.46698528 2.120760420043e-03 3.640096770768e+00 1.108187963141e-01 9.676457093598e+01 9.488264137090e+01
9 39 4 0.36478918 0.63943341 0.53577347 1.39989003 1.46698528 5.874113055889e-03 3.849600092780e+00 5.591000948626e-02 9.654028650226e+01 9.605863255525e+01
9 40 4 0.36478918 0.63943341 0.53577347 1.39989003 1.46698528 8.507738011822e-03 3.966043021563e+00 2.023485107991e-02 8.256680023244e+01 9.772396864276e+01
9 41 4 0.36478918 0.63943341 0.53577347 1.39989003 1.46698528 5.957978650474e-03 4.058668232350e+00 8.313178405824e-03 6.835124964393e+01 9.983699095706e+01
9 42 4 0.36478918 0.63943341 0.53577347 1.39989003 1.46698528 3.220769752295e-03 4.138544396453e+00 3.297585808621e-02 6.767876547972e+01 1.022321717545e+02
9 43 4 0.36478918 0.63943341 0.53577347 1.39989003 1.46698528 5.449307353658e-03 4.094081610099e+00 8.651698393357e-02 8.267267198101e+01 1.051879456516e+02
9 44 4 0.36478918 0.63943341 0.53577347 1.39989003 1.46698528 8.011895961368e-03 4.081008233394e+00 1.562029751796e-01 1.031626940482e+02 1.085556373039e+02
9 45 4 0.36478918 0.63943341 0.53577347 1.39989003 1.46698528 5.389894456810e-03 4.213106040225e+00 2.217648561362e-01 1.151474789305e+02 1.117940316146e+02
9 46 4 0.36478918 0.63943341 0.53577347 1.39989003 1.46698528 2.430096007399e-03 4.416604712377e+00 2.577412266119e-01 1.127493116986e+02 1.153184766430e+02
9 47 4 0.36478918 0.63943341 0.53577347 1.39989003 1.46698528 5.558781005732e-03 4.612529441731e+00 2.562809632105e-01 9.670818403170e+01 1.199797426901e+02
9 48 4 0.36478918 0.63943341 0.53577347 1.39989003 1.46698528 9.509143072915e-03 4.753432184509e+00 2.114771142819e-01 8.237251079560e+01 1.250264312250e+02
9 49 4 0.36478918 0.63943341 0.53577347 1.39989003 1.46698528 6.221756177783e-03 4.871036493826e+00 1.475472804460e-01 8.495609514075e+01 1.289073594256e+02
9 50 4 0.36478918 0.63943341 0.53577347 1.39989003 1.46698528 1.404519843867e-03 4.937882439637e+00 8.205777012321e-02 1.071423168067e+02 1.321592714609e+02
9 51 4 0.36478918 0.63943341 0.53577347 1.39989003 1.46698528 5.154743961644e-03 5.005537198404e+00 2.737709369115e-02 1.342837385633e+02 1.367205176167e+02
9 52 4 0.36478918 0.63943341 0.53577347 1.39989003 1.46698528 1.133424630988e-02 5.238131865723e+00 3.037511017554e-03 1.474982185400e+02 1.423635475234e+02
9 53 4 0.36478918 0.63943341 0.53577347 1.39989003 1.46698528 8.406306933228e-03 5.445351886769e+00 1.155618878965e-02 1.377404766329e+02 1.470256626304e+02
9 54 4 0.36478918 0.63943341 0.53577347 1.39989003 1.46698528 4.187308019862e-03 5.530596911295e+00 5.217064117408e-02 1.163612133487e+02 1.507668518711e+02
9 55 4 0.36478918 0.63943341 0.53577347 1.39989003 1.46698528 1.183622903884e-02 5.750135149922e+00 1.188397498186e-01 1.045931364173e+02 1.558833152278e+02
9 56 4 0.36478918 0.63943341 0.53577347 1.39989003 1.46698528 2.070304245657e-02 5.964039165172e+00 2.055673184633e-01 1.129683018495e+02 1.628778378903e+02
9 57 4 0.36478918 0.63943341 0.53577347 1.39989003 1.46698528 1.406527272005e-02 6.100383661855e+00 2.817396729214e-01 1.429676794775e+02 1.698675326443e+02
9 58 4 0.36478918 0.63943341 0.53577347 1.39989003 1.46698528 2.502134620311e-03 6.421418247594e+00 3.333447252055e-01 1.762311340328e+02 1.761655418892e+02
9 59 4 0.36478918 0.63943341 0.53577347 1.39989003 1.46698528 4.274769219044e-03 6.703080298066e+00 3.457142987902e-01 1.903392797244e+02 1.829894699712e+02
9 60 4 0.36478918 0.63943341 0.53577347 1.39989003 1.46698528 1.061843089234e-02 6.859044515644e+00 2.914372482394e-01 1.730013506216e+02 1.906346483023e+02
9 61 4 0.36478918 0.63943341 0.53577347 1.39989003 1.46698528 6.390573033846e-03 7.234435897180e+00 1.988796017759e-01 1.430952793066e+02 1.981818305934e+02
9 62 4 0.36478918 0.63943341 0.53577347 1.39989003 1.46698528 3.161276461763e-03 7.699248030580e+00 9.652723023747e-02 1.317288867764e+02 2.055660130547e+02
9 63 4 0.36478918 0.63943341 0.53577347 1.39989003 1.46698528 1.576912614734e-02 8.097192016641e+00 2.239302795542e-02 1.529862216183e+02 2.130239588172e+02
10 0 4 0.28893183 0.40411967 0.44873671 0.60217696 1.09706811 1.209476546600e-02 1.467025740841e+00 1.525091802298e+00 8.065598520425e+00 6.026770901047e+01
10 1 4 0.28893183 0.40411967 0.44873671 0.60217696 1.09706811 1.122244911335e-02 1.396080867110e+00 1.440564689449e+00 6.680434007398e+00 5.847612814348e+01
10 2 4 0.28893183 0.40411967 0.44873671 0.60217696 1.09706811 9.548114134515e-03 1.284613202666e+00 1.326940338226e+00 4.522936110681e+00 5.596911840518e+01
10 3 4 0.28893183 0.40411967 0.44873671 0.60217696 1.09706811 8.240606032443e-03 1.173846848247e+00 1.209343003893e+00 3.904768222725e+00 5.390375493130e+01
10 4 4 0.28893183 0.40411967 0.44873671 0.60217696 1.09706811 7.558454219446e-03 1.103068567097e+00 1.123057994310e+00 5.024404393954e+00 5.208604273611e+01
10 5 4 0.28893183 0.40411967 0.44873671 0.60217696 1.09706811 6.227502337187e-03 1.082164504404e+00 1.067256795835e+00 6.324391901126e+00 4.991578255947e+01
10 6 4 0.28893183 0.40411967 0.44873671 0.60217696 1.09706811 5.171617133954e-03 1.077462516955e+00 1.057649061585e+00 5.667169546687e+00 4.817993766351e+01
10 7 4 0.28893183 0.40411967 0.44873671 0.60217696 1.09706811 5.041428185916e-03 1.039723480202e+00 1.049243720455e+00 3.846294172047e+00 4.642569340219e+01
10 8 4 0.28893183 0.40411967 0.44873671 0.60217696 1.09706811 6.125599171144e-03 9.573483989226e-01 1.021749181358e+00 3.007064813428e+00 4.469100767896e+01
10 9 4 0.28893183 0.40411967 0.44873671 0.60217696 1.09706811 8.241346653765e-03 8.656451735702e-01 9.744853619066e-01 3.994083124135e+00 4.302831443944e+01
10 10 4 0.28893183 0.40411967 0.44873671 0.60217696 1.09706811 9.325329947611e-03 8.018862464211e-01 9.225410563414e-01 5.178190122804e+00 4.164467383622e+01
10 11 4 0.28893183 0.40411967 0.44873671 0.60217696 1.09706811 8.542081953266e-03 7.711816752150e-01 8.870145212471e-01 5.027073013894e+00 4.004498522747e+01
10 12 4 0.28893183 0.40411967 0.44873671 0.60217696 1.09706811 6.175667611369e-03 7.536033676983e-01 8.546174894237e-01 3.584626998683e+00 3.866309850976e+01
10 13 4 0.28893183 0.40411967 0.44873671 0.60217696 1.09706811 3.958070688042e-03 7.228614015855e-01 8.352105926747e-01 2.553292578463e+00 3.755508482295e+01
10 14 4 0.28893183 0.40411967 0.44873671 0.60217696 1.09706811 2.681992797830e-03 6.619266677345e-01 8.085145553347e-01 2.939032913575e+00 3.603389843352e+01
10 15 4 0.28893183 0.40411967 0.44873671 0.60217696 1.09706811 1.844578891084e-03 5.803101182049e-01 7.729105925848e-01 4.063427687060e+00 3.511016151200e+01
10 16 4 0.28893183 0.40411967 0.44873671 0.60217696 1.09706811 1.313024289581e-03 5.111131487621e-01 7.218132753967e-01 4.353248458480e+00 3.400544574348e+01
10 17 4 0.28893183 0.40411967 0.44873671 0.60217696 1.09706811 8.519706858580e-04 4.755803997834e-01 6.594234353446e-01 3.417454105539e+00 3.283895497578e+01
10 18 4 0.28893183 0.40411967 0.44873671 0.60217696 1.09706811 8.964204970277e-04 4.582804350399e-01 6.051023129547e-01 2.361206426211e+00 3.215989034193e+01
10 19 4 0.28893183 0.40411967 0.44873671 0.60217696 1.09706811 1.786388805355e-03 4.291644843682e-01 5.637065974724e-01 2.395196458752e+00 3.113099861578e+01
10 20 4 0.28893183 0.40411967 0.44873671 0.60217696 1.09706811 2.921706118259e-03 3.792787216045e-01 5.492307942688e-01 3.424955469569e+00 3.039470736712e+01
10 21 4 0.28893183 0.40411967 0.44873671 0.60217696 1.09706811 3.734095550832e-03 3.239608581279e-01 5.428743887208e-01 3.940629520751e+00 2.975744155352e+01
10 22 4 0.28893183 0.40411967 0.44873671 0.60217696 1.09706811 3.795568596385e-03 2.818381744855e-01 5.422456179318e-01 3.323636758268e+00 2.905571624097e+01
10 23 4 0.28893183 0.40411967 0.44873671 0.60217696 1.09706811 3.550714118085e-03 2.599624434592e-01 5.474816026461e-01 2.276991672691e+00 2.851934311791e+01
10 24 4 0.28893183 0.40411967 0.44873671 0.60217696 1.09706811 3.887855207704e-03 2.508638603806e-01 5.564503325451e-01 2.038590098912e+00 2.806582803514e+01
10 25 4 0.28893183 0.40411967 0.44873671 0.60217696 1.09706811 4.158940615795e-03 2.388389312938e-01 5.630830508993e-01 2.797322571313e+00 2.766210772691e+01
10 26 4 0.28893183 0.40411967 0.44873671 0.60217696 1.09706811 4.010917761841e-03 2.161562715945e-01 5.545116530434e-01 3.540191531889e+00 2.724149622742e+01
10 27 4 0.28893183 0.40411967 0.44873671 0.60217696 1.09706811 3.141468735146e-03 1.932485557388e-01 5.522802142029e-01 3.167391064025e+00 2.714030340718e+01
10 28 4 0.28893183 0.40411967 0.44873671 0.60217696 1.09706811 1.988785612292e-03 1.855147549332e-01 5.549778547815e-01 2.155717446893e+00 2.682426302922e+01
10 29 4 0.28893183 0.40411967 0.44873671 0.60217696 1.09706811 1.540667020459e-03 1.937459399939e-01 5.582683289071e-01 1.678275850990e+00 2.672022078024e+01
10 30 4 0.28893183 0.40411967 0.44873671 0.60217696 1.09706811 2.106048451566e-03 2.061622525129e-01 5.555903049524e-01 2.252896210834e+00 2.683622601848e+01
10 31 4 0.28893183 0.40411967 0.44873671 0.60217696 1.09706811 3.473306470153e-03 2.144716741962e-01 5.603803755444e-01 3.034768023971e+00 2.663924205023e+01
10 32 4 0.28893183 0.40411967 0.44873671 0.60217696 1.09706811 4.677118058490e-03 2.194839021660e-01 5.837824685442e-01 3.216112045943e+00 2.694518756442e+01
10 33 4 0.28893183 0.40411967 0.44873671 0.60217696 1.09706811 5.144708643796e-03 2.271112153146e-01 6.014912936882e-01 2.483223911719e+00 2.708925978801e+01
10 34 4 0.28893183 0.40411967 0.44873671 0.60217696 1.09706811 5.566255956698e-03 2.456457213103e-01 6.127391017293e-01 1.870448987182e+00 2.724751282162e+01
10 35 4 0.28893183 0.40411967 0.44873671 0.60217696 1.09706811 5.673950068254e-03 2.789747992583e-01 6.213201470458e-01 2.360038289669e+00 2.776244169802e+01
10 36 4 0.28893183 0.40411967 0.44873671 0.60217696 1.09706811 5.448609386757e-03 3.171554059862e-01 6.427227246106e-01 3.436939410309e+00 2.804729378400e+01
10 37 4 0.28893183 0.40411967 0.44873671 0.60217696 1.09706811 4.319207121417e-03 3.437807165267e-01 6.621364769237e-01 3.785699099736e+00 2.858046040941e+01
10 38 4 0.28893183 0.40411967 0.44873671 0.60217696 1.09706811 2.577276460207e-03 3.575917743874e-01 6.730253068857e-01 3.014903350859e+00 2.917270452570e+01
10 39 4 0.28893183 0.40411967 0.44873671 0.60217696 1.09706811 9.806826689111e-04 3.762540049847e-01 6.950201802099e-01 2.141329249142e+00 2.981467815314e+01
10 40 4 0.28893183 0.40411967 0.44873671 0.60217696 1.09706811 6.478719543076e-04 4.146073775287e-01 7.297590324351e-01 2.246187560604e+00 3.049362001479e+01
10 41 4 0.28893183 0.40411967 0.44873671 0.60217696 1.09706811 1.926655618499e-03 4.681971632699e-01 7.791778380762e-01 3.322504054004e+00 3.135957379089e+01
10 42 4 0.28893183 0.40411967 0.44873671 0.60217696 1.09706811 3.941156881945e-03 5.192110796670e-01 8.257076228269e-01 4.075176926210e+00 3.226135349348e+01
10 43 4 0.28893183 0.40411967 0.44873671 0.60217696 1.09706811 5.189815080204e-03 5.512208145798e-01 8.850671033553e-01 3.562476794295e+00 3.306625608473e+01
10 44 4 0.28893183 0.40411967 0.44873671 0.60217696 1.09706811 5.501481986692e-03 5.630212138787e-01 9.532832974942e-01 2.486319019978e+00 3.436519882266e+01
10 45 4 0.28893183 0.40411967 0.44873671 0.60217696 1.09706811 4.818269608243e-03 5.763869087345e-01 1.014050293228e+00 2.355374783346e+00 3.527213615423e+01
10 46 4 0.28893183 0.40411967 0.44873671 0.60217696 1.09706811 3.755545865770e-03 6.196979491232e-01 1.056036803160e+00 3.393117327050e+00 3.650281960282e+01
10 47 4 0.28893183 0.40411967 0.44873671 0.60217696 1.09706811 2.205113072285e-03 6.925085639534e-01 1.067410442362e+00 4.577328026366e+00 3.799404549496e+01
10 48 4 0.28893183 0.40411967 0.44873671 0.60217696 1.09706811 7.747426449235e-04 7.593069499762e-01 1.073815986648e+00 4.404220434951e+00 3.901693139078e+01
10 49 4 0.28893183 0.40411967 0.44873671 0.60217696 1.09706811 7.904431005568e-05 7.911017710244e-01 1.075678544050e+00 3.262566199740e+00 4.075543056161e+01
10 50 4 0.28893183 0.40411967 0.44873671 0.60217696 1.09706811 1.471384480533e-03 7.996964345386e-01 1.096712330241e+00 2.703847465435e+00 4.218979399168e+01
10 51 4 0.28893183 0.40411967 0.44873671 0.60217696 1.09706811 5.277595578065e-03 8.206060982384e-01 1.128850078706e+00 3.827379760893e+00 4.368671454241e+01
10 52 4 0.28893183 0.40411967 0.44873671 0.60217696 1.09706811 1.070590128168e-02 8.775278217061e-01 1.170374659185e+00 5.434752182278e+00 4.558332638120e+01
10 53 4 0.28893183 0.40411967 0.44873671 0.60217696 1.09706811 1.494105552356e-02 9.691196584235e-01 1.218755653944e+00 5.707776348670e+00 4.720938385412e+01
10 54 4 0.28893183 0.40411967 0.44873671 0.60217696 1.09706811 1.659746007511e-02 1.070405864229e+00 1.250949635512e+00 4.275346531469e+00 4.911470893401e+01
10 55 4 0.28893183 0.40411967 0.44873671 0.60217696 1.09706811 1.533542758658e-02 1.144884866477e+00 1.274292468838e+00 3.192038217378e+00 5.103894924464e+01
10 56 4 0.28893183 0.40411967 0.44873671 0.60217696 1.09706811 1.312163274969e-02 1.180676793295e+00 1.287895704691e+00 4.145092078173e+00 5.316489549764e+01
10 57 4 0.28893183 0.40411967 0.44873671 0.60217696 1.09706811 9.848151331871e-03 1.216543753521e+00 1.344452429748e+00 6.252042118164e+00 5.506536658669e+01
10 58 4 0.28893183 0.40411967 0.44873671 0.60217696 1.09706811 6.754206057837e-03 1.306276804091e+00 1.440160713296e+00 7.076495535108e+00 5.744266955066e+01
10 59 4 0.28893183 0.40411967 0.44873671 0.60217696 1.09706811 3.856878659506e-03 1.457115937799e+00 1.546902022687e+00 5.928197307170e+00 5.974833638431e+01
10 60 4 0.28893183 0.40411967 0.44873671 0.60217696 1.09706811 1.934436215533e-03 1.624310796496e+00 1.631047061089e+00 4.382183363543e+00 6.175189809807e+01
10 61 4 0.28893183 0.40411967 0.44873671 0.60217696 1.09706811 2.963041183199e-03 1.759022061462e+00 1.665025408344e+00 4.598672969819e+00 6.475218041389e+01
10 62 4 0.28893183 0.40411967 0.44873671 0.60217696 1.09706811 6.950849595512e-03 1.846036114598e+00 1.664536073447e+00 6.950166764263e+00 6.679822006049e+01
10 63 4 0.28893183 0.40411967 0.44873671 0.60217696 1.09706811 1.186733013414e-02 1.915133462442e+00 1.615162706510e+00 8.552478448425e+00 6.950380328931e+01
13 0 4 0.31185517 0.44086115 0.51236573 0.67345701 1.50252765 9.054415340009e-03 1.035683283340e+00 2.182821445849e+00 1.021111671053e+01 2.010650312895e+02
13 1 4 0.31185517 0.44086115 0.51236573 0.67345701 1.50252765 1.110104957761e-02 9.786256773850e-01 2.133132499169e+00 8.742878712871e+00 1.941720545016e+02
13 2 4 0.31185517 0.44086115 0.51236573 0.67345701 1.50252765 1.021406511588e-02 9.058035122304e-01 2.123962907923e+00 7.770583770866e+00 1.878192819693e+02
13 3 4 0.31185517 0.44086115 0.51236573 0.67345701 1.50252765 7.067109133365e-03 8.412648922601e-01 2.119173573586e+00 8.056647007075e+00 1.800958207894e+02
13 4 4 0.31185517 0.44086115 0.51236573 0.67345701 1.50252765 3.813824122270e-03 8.051612331629e-01 2.072598796190e+00 8.981430490615e+00 1.745438807219e+02
13 5 4 0.31185517 0.44086115 0.51236573 0.67345701 1.50252765 1.950051517048e-03 7.942098904996e-01 1.933960977440e+00 8.966527620663e+00 1.680834382072e+02
13 6 4 0.31185517 0.44086115 0.51236573 0.67345701 1.50252765 1.329693704660e-03 7.817170263925e-01 1.754757538133e+00 7.753163635120e+00 1.619525182909e+02
13 7 4 0.31185517 0.44086115 0.51236573 0.67345701 1.50252765 1.181378395476e-03 7.409384995592e-01 1.610452649291e+00 6.585787862429e+00 1.565081305949e+02
13 8 4 0.31185517 0.44086115 0.51236573 0.67345701 1.50252765 1.394242998023e-03 6.712997162613e-01 1.487308694049e+00 6.470510076961e+00 1.509189450673e+02
13 9 4 0.31185517 0.44086115 0.51236573 0.67345701 1.50252765 2.330352380810e-03 6.009815304718e-01 1.401947828868e+00 6.979307910007e+00 1.456845723976e+02
13 10 4 0.31185517 0.44086115 0.51236573 0.67345701 1.50252765 3.706470023145e-03 5.610696699536e-01 1.373256694583e+00 7.133171102520e+00 1.407519604858e+02
13 11 4 0.31185517 0.44086115 0.51236573 0.67345701 1.50252765 4.389280319369e-03 5.555031677097e-01 1.356705969770e+00 6.415281023505e+00 1.360713547071e+02
13 12 4 0.31185517 0.44086115 0.51236573 0.67345701 1.50252765 3.576379648572e-03 5.569462140334e-01 1.330744786237e+00 5.442600023085e+00 1.312098247139e+02
13 13 4 0.31185517 0.44086115 0.51236573 0.67345701 1.50252765 1.824491569737e-03 5.335892481786e-01 1.285777440610e+00 5.163016541523e+00 1.275301278849e+02
13 14 4 0.31185517 0.44086115 0.51236573 0.67345701 1.50252765 5.190029084335e-04 4.805480351697e-01 1.230365898969e+00 5.542158472073e+00 1.230472712615e+02
13 15 4 0.31185517 0.44086115 0.51236573 0.67345701 1.50252765 4.147746366705e-04 4.244036984284e-01 1.203943088445e+00 6.020352395344e+00 1.192236402295e+02
13 16 4 0.31185517 0.44086115 0.51236573 0.67345701 1.50252765 1.041733426977e-03 3.964125626659e-01 1.190603455399e+00 5.535576708058e+00 1.161878163255e+02
13 17 4 0.31185517 0.44086115 0.51236573 0.67345701 1.50252765 1.570411025038e-03 4.015832329308e-01 1.158999264090e+00 4.664063936663e+00 1.122169437034e+02
13 18 4 0.31185517 0.44086115 0.51236573 0.67345701 1.50252765 1.862703984918e-03 4.146917853852e-01 1.107984913311e+00 4.202458009406e+00 1.096336499609e+02
13 19 4 0.31185517 0.44086115 0.51236573 0.67345701 1.50252765 2.356678645019e-03 4.065883770000e-01 1.036051940819e+00 4.607689401716e+00 1.066339706860e+02
13 20 4 0.31185517 0.44086115 0.51236573 0.67345701 1.50252765 3.116756451893e-03 3.735075355236e-01 9.772016942300e-01 5.107947304387e+00 1.038985191826e+02
13 21 4 0.31185517 0.44086115 0.51236573 0.67345701 1.50252765 3.488841402027e-03 3.397802540167e-01 9.528350086527e-01 4.877897967688e+00 1.018922129614e+02
13 22 4 0.31185517 0.44086115 0.51236573 0.67345701 1.50252765 2.898171948933e-03 3.320930623364e-01 9.357550659954e-01 4.200350527066e+00 9.948097967264e+01
13 23 4 0.31185517 0.44086115 0.51236573 0.67345701 1.50252765 1.712957429576e-03 3.523064880502e-01 9.420917944986e-01 3.804927590455e+00 9.769527239740e+01
13 24 4 0.31185517 0.44086115 0.51236573 0.67345701 1.50252765 9.582414338883e-04 3.764779261478e-01 9.817165018754e-01 4.054680690813e+00 9.615155070423e+01
13 25 4 0.31185517 0.44086115 0.51236573 0.67345701 1.50252765 1.166794648093e-03 3.802631786391e-01 1.000659926075e+00 4.471162849258e+00 9.477427230093e+01
13 26 4 0.31185517 0.44086115 0.51236573 0.67345701 1.50252765 1.794589027767e-03 3.639796391186e-01 9.841408370839e-01 4.403314949256e+00 9.342413036611e+01
13 27 4 0.31185517 0.44086115 0.51236573 0.67345701 1.50252765 1.920545775937e-03 3.516357094893e-01 9.718274746193e-01 3.809601093046e+00 9.281906681550e+01
13 28 4 0.31185517 0.44086115 0.51236573 0.67345701 1.50252765 1.335565959604e-03 3.654608051765e-01 9.910768805578e-01 3.331006515862e+00 9.202584923001e+01
13 29 4 0.31185517 0.44086115 0.51236573 0.67345701 1.50252765 6.856017374662e-04 4.026149660835e-01 1.021023650792e+00 3.379059690596e+00 9.150524249860e+01
13 30 4 0.31185517 0.44086115 0.51236573 0.67345701 1.50252765 5.825510085388e-04 4.381966597855e-01 1.017896385151e+00 3.939394820187e+00 9.170900944448e+01
13 31 4 0.31185517 0.44086115 0.51236573 0.67345701 1.50252765 8.814289227481e-04 4.513625792860e-01 1.010096566021e+00 4.127295129683e+00 9.129706038362e+01
13 32 4 0.31185517 0.44086115 0.51236573 0.67345701 1.50252765 1.012150067100e-03 4.474424795479e-01 1.036519983100e+00 3.876909673943e+00 9.205031763793e+01
13 33 4 0.31185517 0.44086115 0.51236573 0.67345701 1.50252765 8.267515989180e-04 4.528921803435e-01 1.046680477097e+00 3.509394950377e+00 9.254959345075e+01
13 34 4 0.31185517 0.44086115 0.51236573 0.67345701 1.50252765 7.767198145684e-04 4.878365409221e-01 1.031205317969e+00 3.722019773771e+00 9.307465976373e+01
13 35 4 0.31185517 0.44086115 0.51236573 0.67345701 1.50252765 1.191919044439e-03 5.443814275577e-01 1.051470757025e+00 4.407744010353e+00 9.462548663304e+01
13 36 4 0.31185517 0.44086115 0.51236573 0.67345701 1.50252765 1.687623503294e-03 5.936332930470e-01 1.101254316796e+00 4.816296190422e+00 9.563696235685e+01
13 37 4 0.31185517 0.44086115 0.51236573 0.67345701 1.50252765 1.585895499563e-03 6.152002023172e-01 1.133882594773e+00 4.660220877785e+00 9.729918808558e+01
13 38 4 0.31185517 0.44086115 0.51236573 0.67345701 1.50252765 8.631426413426e-04 6.192597752335e-01 1.143176318801e+00 4.137563397699e+00 9.919381018963e+01
13 39 4 0.31185517 0.44086115 0.51236573 0.67345701 1.50252765 3.533521085068e-04 6.377145607234e-01 1.166353824472e+00 4.061598680737e+00 1.012365226184e+02
13 40 4 0.31185517 0.44086115 0.51236573 0.67345701 1.50252765 8.367448024643e-04 6.920304426219e-01 1.240318296394e+00 4.594349813893e+00 1.035602441875e+02
13 41 4 0.31185517 0.44086115 0.51236573 0.67345701 1.50252765 2.099770081000e-03 7.699941270451e-01 1.333618176559e+00 5.206410675448e+00 1.062728199146e+02
13 42 4 0.31185517 0.44086115 0.51236573 0.67345701 1.50252765 3.148118601802e-03 8.360606802093e-01 1.418621539706e+00 5.166554196487e+00 1.090285980117e+02
13 43 4 0.31185517 0.44086115 0.51236573 0.67345701 1.50252765 3.312317114018e-03 8.664763781383e-01 1.517138511567e+00 4.635301069428e+00 1.120377000039e+02
13 44 4 0.31185517 0.44086115 0.51236573 0.67345701 1.50252765 2.863070616874e-03 8.742970642245e-01 1.597588468365e+00 4.416445517638e+00 1.158807424123e+02
13 45 4 0.31185517 0.44086115 0.51236573 0.67345701 1.50252765 2.429731000401e-03 8.980536493942e-01 1.634262108637e+00 5.176213102418e+00 1.188810126829e+02
13 46 4 0.31185517 0.44086115 0.51236573 0.67345701 1.50252765 2.102524210909e-03 9.638837703358e-01 1.666213235860e+00 6.019499549042e+00 1.231764656426e+02
13 47 4 0.31185517 0.44086115 0.51236573 0.67345701 1.50252765 1.474669418640e-03 1.058528749735e+00 1.702899082740e+00 6.199494584464e+00 1.274600378737e+02
13 48 4 0.31185517 0.44086115 0.51236573 0.67345701 1.50252765 5.274665330722e-04 1.140964616645e+00 1.761269840039e+00 5.588791909135e+00 1.313390965271e+02
13 49 4 0.31185517 0.44086115 0.51236573 0.67345701 1.50252765 2.260386175596e-05 1.182110403712e+00 1.861472948179e+00 5.296556233365e+00 1.367170602513e+02
13 50 4 0.31185517 0.44086115 0.51236573 0.67345701 1.50252765 6.877974364675e-04 1.193422744926e+00 1.953250577537e+00 5.965665498148e+00 1.411297097746e+02
13 51 4 0.31185517 0.44086115 0.51236573 0.67345701 1.50252765 2.184435639462e-03 1.215770623829e+00 2.018592540518e+00 6.917925118103e+00 1.465534478088e+02
13 52 4 0.31185517 0.44086115 0.51236573 0.67345701 1.50252765 3.286616732793e-03 1.279629490056e+00 2.095845503193e+00 7.417580240225e+00 1.522654669654e+02
13 53 4 0.31185517 0.44086115 0.51236573 0.67345701 1.50252765 3.170634325856e-03 1.376162152605e+00 2.216565589046e+00 6.943235188363e+00 1.576134653223e+02
13 54 4 0.31185517 0.44086115 0.51236573 0.67345701 1.50252765 2.223257371695e-03 1.467175712552e+00 2.397235635662e+00 6.519747169982e+00 1.638769396822e+02
13 55 4 0.31185517 0.44086115 0.51236573 0.67345701 1.50252765 1.390246326156e-03 1.522574269087e+00 2.576054635306e+00 6.908253236508e+00 1.702852334739e+02
13 56 4 0.31185517 0.44086115 0.51236573 0.67345701 1.50252765 1.030595256418e-03 1.547449337144e+00 2.709306393379e+00 8.128276461798e+00 1.767483015554e+02
13 57 4 0.31185517 0.44086115 0.51236573 0.67345701 1.50252765 8.519665248078e-04 1.573716727154e+00 2.834162388732e+00 8.915136040917e+00 1.833459376247e+02
13 58 4 0.31185517 0.44086115 0.51236573 0.67345701 1.50252765 8.917778452525e-04 1.628095174620e+00 2.890361995249e+00 8.464178437262e+00 1.911272214691e+02
13 59 4 0.31185517 0.44086115 0.51236573 0.67345701 1.50252765 1.918782226537e-03 1.709930594123e+00 2.842112973997e+00 7.461432920113e+00 1.978458315435e+02
13 60 4 0.31185517 0.44086115 0.51236573 0.67345701 1.50252765 4.395342691597e-03 1.798008711389e+00 2.820362946561e+00 7.599170647442e+00 2.058759439959e+02
13 61 4 0.31185517 0.44086115 0.51236573 0.67345701 1.50252765 7.318490773400e-03 1.873790009345e+00 2.892337355058e+00 8.900315525886e+00 2.141092395760e+02
13 62 4 0.31185517 0.44086115 0.51236573 0.67345701 1.50252765 8.748649384642e-03 1.934932186776e+00 3.025093052059e+00 1.013720209262e+01 2.213936148435e+02
13 63 4 0.31185517 0.44086115 0.51236573 0.67345701 1.50252765 7.708467986468e-03 1.989536346014e+00 3.169385065394e+00 9.908431682558e+00 2.312726730733e+02
14 0 4 0.28833866 0.44846329 0.38202015 0.70700080 0.75682561 1.168055997237e+00 1.819938232624e+00 5.105908266259e-02 1.194361446662e+01 1.471479915979e+01
14 1 4 0.28833866 0.44846329 0.38202015 0.70700080 0.75682561 1.023630524522e+00 1.757272572674e+00 3.014033728522e-02 1.450715284862e+01 1.413970186992e+01
14 2 4 0.28833866 0.44846329 0.38202015 0.70700080 0.75682561 8.856950592683e-01 1.691771644258e+00 1.620779718479e-02 1.325362438963e+01 1.361084085364e+01
14 3 4 0.28833866 0.44846329 0.38202015 0.70700080 0.75682561 9.576075238662e-01 1.680605951119e+00 5.919243527419e-03 9.523912350762e+00 1.307803309163e+01
14 4 4 0.28833866 0.44846329 0.38202015 0.70700080 0.75682561 9.957901872770e-01 1.563729802258e+00 3.028263336162e-03 7.071500838847e+00 1.257735613845e+01
14 5 4 0.28833866 0.44846329 0.38202015 0.70700080 0.75682561 8.493526430246e-01 1.567000657788e+00 5.845883662040e-03 6.748148136017e+00 1.212524907640e+01
14 6 4 0.28833866 0.44846329 0.38202015 0.70700080 0.75682561 7.453507546996e-01 1.438235422202e+00 8.874119822669e-03 9.622372431686e+00 1.157149629499e+01
14 7 4 0.28833866 0.44846329 0.38202015 0.70700080 0.75682561 7.925226483858e-01 1.497778826185e+00 1.404244790003e-02 1.120905390320e+01 1.101573573275e+01
14 8 4 0.28833866 0.44846329 0.38202015 0.70700080 0.75682561 8.628226071371e-01 1.305037341640e+00 1.843183142552e-02 1.076948975602e+01 1.067916789664e+01
14 9 4 0.28833866 0.44846329 0.38202015 0.70700080 0.75682561 7.991237520583e-01 1.295101369415e+00 1.918557205965e-02 8.032196688439e+00 1.034519387970e+01
14 10 4 0.28833866 0.44846329 0.38202015 0.70700080 0.75682561 7.162818470676e-01 1.170332283664e+00 1.820843630286e-02 5.348151413260e+00 9.823016961691e+00
14 11 4 0.28833866 0.44846329 0.38202015 0.70700080 0.75682561 7.437919400570e-01 1.240948035484e+00 1.631032971746e-02 5.574739328700e+00 9.436287663339e+00
14 12 4 0.28833866 0.44846329 0.38202015 0.70700080 0.75682561 7.892977700798e-01 1.118711349037e+00 1.513725562576e-02 7.555427159132e+00 9.285103918542e+00
14 13 4 0.28833866 0.44846329 0.38202015 0.70700080 0.75682561 7.340196743800e-01 1.136601261350e+00 1.403331576181e-02 9.332147079691e+00 9.001376716660e+00
14 14 4 0.28833866 0.44846329 0.38202015 0.70700080 0.75682561 6.298287083137e-01 1.077607624381e+00 1.601080551519e-02 8.674964287442e+00 8.596937625430e+00
14 15 4 0.28833866 0.44846329 0.38202015 0.70700080 0.75682561 6.003681554456e-01 1.086785382214e+00 2.214117674217e-02 6.200988981894e+00 8.398635958214e+00
14 16 4 0.28833866 0.44846329 0.38202015 0.70700080 0.75682561 6.253203342987e-01 1.048994827388e+00 2.952439513152e-02 4.787467403847e+00 8.284702239900e+00
14 17 4 0.28833866 0.44846329 0.38202015 0.70700080 0.75682561 6.038063188543e-01 1.006528918986e+00 3.895461804618e-02 4.444497706124e+00 8.015120445077e+00
14 18 4 0.28833866 0.44846329 0.38202015 0.70700080 0.75682561 5.376319121449e-01 9.985004819152e-01 4.706412414224e-02 5.974320444860e+00 7.751647460838e+00
14 19 4 0.28833866 0.44846329 0.38202015 0.70700080 0.75682561 5.122331016137e-01 8.998836116999e-01 5.388148949721e-02 7.824175126074e+00 7.604356060969e+00
14 20 4 0.28833866 0.44846329 0.38202015 0.70700080 0.75682561 5.488867905229e-01 9.484609635972e-01 5.736208828849e-02 7.357059505327e+00 7.428808595306e+00
14 21 4 0.28833866 0.44846329 0.38202015 0.70700080 0.75682561 5.697535725435e-01 8.716340856671e-01 5.155349425001e-02 5.519545048380e+00 7.222853459215e+00
14 22 4 0.28833866 0.44846329 0.38202015 0.70700080 0.75682561 5.118495641703e-01 9.633757199270e-01 4.343299373327e-02 3.712684401253e+00 7.054400357153e+00
14 23 4 0.28833866 0.44846329 0.38202015 0.70700080 0.75682561 4.609820063215e-01 8.273365513454e-01 3.422312434025e-02 3.998262468697e+00 6.866261917151e+00
14 24 4 0.28833866 0.44846329 0.38202015 0.70700080 0.75682561 4.668252714707e-01 8.746476912793e-01 2.040765683096e-02 5.370832417978e+00 6.699155355444e+00
14 25 4 0.28833866 0.44846329 0.38202015 0.70700080 0.75682561 4.737914653077e-01 7.756852819025e-01 8.393113690380e-03 6.479659294589e+00 6.618987236619e+00
14 26 4 0.28833866 0.44846329 0.38202015 0.70700080 0.75682561 4.270726312428e-01 8.376907093934e-01 1.590380780828e-03 6.673806686600e+00 6.497541497651e+00
14 27 4 0.28833866 0.44846329 0.38202015 0.70700080 0.75682561 3.517085092817e-01 7.637494179380e-01 4.453374072139e-04 5.007710143590e+00 6.322674910356e+00
14 28 4 0.28833866 0.44846329 0.38202015 0.70700080 0.75682561 3.530889969283e-01 7.606598481655e-01 5.856994222074e-03 3.598497585086e+00 6.285693759594e+00
14 29 4 0.28833866 0.44846329 0.38202015 0.70700080 0.75682561 3.852600224313e-01 7.363841175925e-01 1.888345404103e-02 3.500062439482e+00 6.329720770175e+00
14 30 4 0.28833866 0.44846329 0.38202015 0.70700080 0.75682561 3.631654336115e-01 6.803455973728e-01 3.490342986119e-02 5.056690366460e+00 6.255817667288e+00
14 31 4 0.28833866 0.44846329 0.38202015 0.70700080 0.75682561 3.100298011356e-01 7.244286291014e-01 4.951233833122e-02 6.397855082103e+00 6.194373030060e+00
14 32 4 0.28833866 0.44846329 0.38202015 0.70700080 0.75682561 3.058525232661e-01 7.028496247506e-01 6.824180599324e-02 6.390679011396e+00 6.311087605743e+00
14 33 4 0.28833866 0.44846329 0.38202015 0.70700080 0.75682561 3.508665232426e-01 8.554376845678e-01 8.316148101506e-02 5.070314519357e+00 6.425262902518e+00
14 34 4 0.28833866 0.44846329 0.38202015 0.70700080 0.75682561 3.311832392109e-01 7.869166067024e-01 8.506657003819e-02 3.519879716086e+00 6.424745120981e+00
14 35 4 0.28833866 0.44846329 0.38202015 0.70700080 0.75682561 2.625406229473e-01 9.063584291314e-01 8.237636947155e-02 3.703093680127e+00 6.495996272683e+00
14 36 4 0.28833866 0.44846329 0.38202015 0.70700080 0.75682561 2.341900447350e-01 8.237015516958e-01 7.545832549828e-02 5.197363210755e+00 6.683536059651e+00
14 37 4 0.28833866 0.44846329 0.38202015 0.70700080 0.75682561 2.602815695278e-01 9.094463097630e-01 6.141845323788e-02 6.565925047028e+00 6.819559191574e+00
14 38 4 0.28833866 0.44846329 0.38202015 0.70700080 0.75682561 2.531797063466e-01 8.492366037669e-01 4.297868226834e-02 7.010237227963e+00 6.901124861564e+00
14 39 4 0.28833866 0.44846329 0.38202015 0.70700080 0.75682561 1.855611857408e-01 9.297139761837e-01 2.406619702220e-02 5.536466939032e+00 7.039556136913e+00
14 40 4 0.28833866 0.44846329 0.38202015 0.70700080 0.75682561 1.677148957809e-01 9.316846929031e-01 1.064748015701e-02 4.059748418533e+00 7.213901346983e+00
14 41 4 0.28833866 0.44846329 0.38202015 0.70700080 0.75682561 2.063166053516e-01 9.197607991447e-01 2.595109864864e-03 3.918605291340e+00 7.375127797827e+00
14 42 4 0.28833866 0.44846329 0.38202015 0.70700080 0.75682561 2.145240377401e-01 9.364958860875e-01 1.233571678579e-03 5.874532406002e+00 7.536926977183e+00
14 43 4 0.28833866 0.44846329 0.38202015 0.70700080 0.75682561 1.666689240655e-01 9.164505799357e-01 7.648184267185e-03 7.951804936472e+00 7.688694852850e+00
14 44 4 0.28833866 0.44846329 0.38202015 0.70700080 0.75682561 1.413744615621e-01 1.040478701790e+00 1.951579745101e-02 7.708753017131e+00 7.856045470223e+00
14 45 4 0.28833866 0.44846329 0.38202015 0.70700080 0.75682561 1.749235424757e-01 9.936132292326e-01 3.712597843310e-02 6.603168387636e+00 8.108876996768e+00
14 46 4 0.28833866 0.44846329 0.38202015 0.70700080 0.75682561 1.787401537447e-01 1.103730714556e+00 5.508001320389e-02 4.864066197600e+00 8.372762102185e+00
14 47 4 0.28833866 0.44846329 0.38202015 0.70700080 0.75682561 1.222942868942e-01 1.027682277198e+00 7.035228591960e-02 4.727211133652e+00 8.551723131746e+00
14 48 4 0.28833866 0.44846329 0.38202015 0.70700080 0.75682561 8.714714387682e-02 1.145791807956e+00 8.020715785396e-02 6.857729616720e+00 8.800696908448e+00
14 49 4 0.28833866 0.44846329 0.38202015 0.70700080 0.75682561 1.073521145492e-01 1.083223506068e+00 8.012739175553e-02 9.328890345635e+00 9.229707384568e+00
14 50 4 0.28833866 0.44846329 0.38202015 0.70700080 0.75682561 1.145069487256e-01 1.212640880505e+00 7.473859606118e-02 1.017037729640e+01 9.605857461901e+00
14 51 4 0.28833866 0.44846329 0.38202015 0.70700080 0.75682561 7.737713575770e-02 1.211550657053e+00 6.304097352262e-02 7.746256203276e+00 9.846491041975e+00
14 52 4 0.28833866 0.44846329 0.38202015 0.70700080 0.75682561 5.747935757292e-02 1.294837079665e+00 4.465235183149e-02 5.951614678499e+00 1.025619801657e+01
14 53 4 0.28833866 0.44846329 0.38202015 0.70700080 0.75682561 8.610245015665e-02 1.312940721547e+00 2.675711449584e-02 6.013817349357e+00 1.084944699270e+01
14 54 4 0.28833866 0.44846329 0.38202015 0.70700080 0.75682561 9.937002447509e-02 1.430987871712e+00 1.256467495211e-02 8.326875623599e+00 1.126858570445e+01
14 55 4 0.28833866 0.44846329 0.38202015 0.70700080 0.75682561 6.899474632233e-02 1.527115226772e+00 4.688600562505e-03 1.169001549747e+01 1.157832381499e+01
14 56 4 0.28833866 0.44846329 0.38202015 0.70700080 0.75682561 4.359665137086e-02 1.508138770247e+00 2.758489015381e-03 1.201242160856e+01 1.211923674701e+01
14 57 4 0.28833866 0.44846329 0.38202015 0.70700080 0.75682561 5.506203415901e-02 1.575028761953e+00 7.848753112348e-03 1.039531881988e+01 1.272088185925e+01
14 58 4 0.28833866 0.44846329 0.38202015 0.70700080 0.75682561 6.248682819137e-02 1.569150308329e+00 1.752365620366e-02 7.366537237671e+00 1.310597128532e+01
14 59 4 0.28833866 0.44846329 0.38202015 0.70700080 0.75682561 3.362393643872e-02 1.720620653077e+00 2.373235900473e-02 7.171825353747e+00 1.349675449517e+01
14 60 4 0.28833866 0.44846329 0.38202015 0.70700080 0.75682561 1.432911717887e-02 1.646706861461e+00 2.862318474381e-02 1.063647170196e+01 1.403492702436e+01
14 61 4 0.28833866 0.44846329 0.38202015 0.70700080 0.75682561 2.082716673841e-02 1.828568258833e+00 3.091827148558e-02 1.426267385844e+01 1.452064223344e+01
14 62 4 0.28833866 0.44846329 0.38202015 0.70700080 0.75682561 2.985360650795e-02 1.748710183751e+00 2.434790490164e-02 1.576016316187e+01 1.497045520819e+01
14 63 4 0.28833866 0.44846329 0.38202015 0.70700080 0.75682561 1.948062526986e-02 1.953122136853e+00 1.397212164196e-02 1.245544781870e+01 1.546980260760e+01
17 0 4 0.34850283 0.50964486 0.61540876 0.82126426 2.92213486 9.448639335402e-04 1.398840703222e+00 2.323694151826e+01 1.879580767473e+01 2.534569504884e+03
17 1 4 0.34850283 0.50964486 0.61540876 0.82126426 2.92213486 1.100308202363e-03 1.267632282422e+00 2.276315944011e+01 1.835421272956e+01 2.456995726584e+03
17 2 4 0.34850283 0.50964486 0.61540876 0.82126426 2.92213486 9.397198926027e-04 1.270538724405e+00 2.230612400513e+01 1.735313587028e+01 2.355265775470e+03
17 3 4 0.34850283 0.50964486 0.61540876 0.82126426 2.92213486 7.343453800061e-04 1.358666838219e+00 2.202568970366e+01 1.655140321973e+01 2.284403583388e+03
17 4 4 0.34850283 0.50964486 0.61540876 0.82126426 2.92213486 5.696588409850e-04 1.319969610128e+00 2.210395554403e+01 1.631994614211e+01 2.201282639756e+03
17 5 4 0.34850283 0.50964486 0.61540876 0.82126426 2.92213486 3.465862597107e-04 1.154969758662e+00 2.201816788363e+01 1.558004468880e+01 2.133644474723e+03
17 6 4 0.34850283 0.50964486 0.61540876 0.82126426 2.92213486 1.556756611763e-04 1.096911232625e+00 2.168028038041e+01 1.480301305942e+01 2.049928690178e+03
17 7 4 0.34850283 0.50964486 0.61540876 0.82126426 2.92213486 1.001945256920e-04 1.197978130551e+00 2.138117226027e+01 1.417177810519e+01 1.979261466122e+03
17 8 4 0.34850283 0.50964486 0.61540876 0.82126426 2.92213486 7.756426570034e-05 1.229058453048e+00 2.098471262501e+01 1.398633727064e+01 1.926654309455e+03
17 9 4 0.34850283 0.50964486 0.61540876 0.82126426 2.92213486 2.298488929814e-05 1.088282465927e+00 2.054174775323e+01 1.325826107140e+01 1.846030970680e+03
17 10 4 0.34850283 0.50964486 0.61540876 0.82126426 2.92213486 5.478513015353e-08 9.766425760765e-01 2.018945955018e+01 1.271168279503e+01 1.793545101710e+03
17 11 4 0.34850283 0.50964486 0.61540876 0.82126426 2.92213486 1.059629733819e-05 1.035152422349e+00 1.994053389704e+01 1.242604822109e+01 1.728576074114e+03
17 12 4 0.34850283 0.50964486 0.61540876 0.82126426 2.92213486 2.991758975374e-05 1.110219175386e+00 1.980147793281e+01 1.220126727772e+01 1.679780303634e+03
17 13 4 0.34850283 0.50964486 0.61540876 0.82126426 2.92213486 9.329096753309e-05 1.038053373245e+00 1.952115511960e+01 1.168143587971e+01 1.626560283886e+03
17 14 4 0.34850283 0.50964486 0.61540876 0.82126426 2.92213486 1.720176140315e-04 9.131468581257e-01 1.892654247225e+01 1.137495661008e+01 1.565961715713e+03
17 15 4 0.34850283 0.50964486 0.61540876 0.82126426 2.92213486 2.026587436887e-04 9.036684769254e-01 1.830660941642e+01 1.123770801794e+01 1.532480343463e+03
17 16 4 0.34850283 0.50964486 0.61540876 0.82126426 2.92213486 2.445240274005e-04 9.792010105859e-01 1.794692150032e+01 1.099849544648e+01 1.480933820760e+03
17 17 4 0.34850283 0.50964486 0.61540876 0.82126426 2.92213486 3.442755902018e-04 9.869130822796e-01 1.773188801388e+01 1.056350875643e+01 1.443832463512e+03
17 18 4 0.34850283 0.50964486 0.61540876 0.82126426 2.92213486 3.877103183088e-04 8.962565214965e-01 1.751393030531e+01 1.043086315153e+01 1.398007060142e+03
17 19 4 0.34850283 0.50964486 0.61540876 0.82126426 2.92213486 3.079401028392e-04 8.270702328006e-01 1.723793755591e+01 1.016977848879e+01 1.370270445682e+03
17 20 4 0.34850283 0.50964486 0.61540876 0.82126426 2.92213486 2.067514712881e-04 8.611754057784e-01 1.680540463158e+01 9.939416232740e+00 1.338088434152e+03
17 21 4 0.34850283 0.50964486 0.61540876 0.82126426 2.92213486 1.447535251627e-04 9.253194371714e-01 1.635503253696e+01 9.511501225069e+00 1.300882935427e+03
17 22 4 0.34850283 0.50964486 0.61540876 0.82126426 2.92213486 8.044762467754e-05 9.006430166140e-01 1.598481883943e+01 9.369310818651e+00 1.281992100039e+03
17 23 4 0.34850283 0.50964486 0.61540876 0.82126426 2.92213486 3.079776973382e-05 8.049928645380e-01 1.567557731403e+01 9.089949242912e+00 1.252055913703e+03
17 24 4 0.34850283 0.50964486 0.61540876 0.82126426 2.92213486 3.931324709448e-05 7.767589213192e-01 1.559569803789e+01 8.766479933938e+00 1.240677145847e+03
17 25 4 0.34850283 0.50964486 0.61540876 0.82126426 2.92213486 5.663750251850e-05 8.564657972475e-01 1.551866162690e+01 8.551823924635e+00 1.211956846556e+03
17 26 4 0.34850283 0.50964486 0.61540876 0.82126426 2.92213486 3.359864162379e-05 9.049706464464e-01 1.517334023534e+01 8.366936930308e+00 1.201984101928e+03
17 27 4 0.34850283 0.50964486 0.61540876 0.82126426 2.92213486 5.550545617831e-06 8.267699877144e-01 1.480910718627e+01 8.208399311384e+00 1.193905259303e+03
17 28 4 0.34850283 0.50964486 0.61540876 0.82126426 2.92213486 2.548705814670e-06 7.445528172476e-01 1.448919783142e+01 8.104406394554e+00 1.180033058344e+03
17 29 4 0.34850283 0.50964486 0.61540876 0.82126426 2.92213486 2.103818167779e-05 8.007629345577e-01 1.427107991827e+01 8.008958760447e+00 1.175671786227e+03
17 30 4 0.34850283 0.50964486 0.61540876 0.82126426 2.92213486 6.988207398053e-05 9.044715921876e-01 1.421057821655e+01 8.119429512171e+00 1.171119600962e+03
17 31 4 0.34850283 0.50964486 0.61540876 0.82126426 2.92213486 1.227920754329e-04 8.794965441317e-01 1.401870294137e+01 8.074886801308e+00 1.176688453482e+03
17 32 4 0.34850283 0.50964486 0.61540876 0.82126426 2.92213486 1.155219763659e-04 7.741444478522e-01 1.380492502930e+01 8.284395052596e+00 1.175026278838e+03
17 33 4 0.34850283 0.50964486 0.61540876 0.82126426 2.92213486 5.664021911860e-05 7.818866751400e-01 1.366343806293e+01 8.384725263853e+00 1.180410376984e+03
17 34 4 0.34850283 0.50964486 0.61540876 0.82126426 2.92213486 1.369775503898e-05 9.028463984274e-01 1.333922787884e+01 8.579630002169e+00 1.192413523597e+03
17 35 4 0.34850283 0.50964486 0.61540876 0.82126426 2.92213486 1.207151591876e-06 9.445966256398e-01 1.301440391039e+01 8.829504831964e+00 1.203939912274e+03
17 36 4 0.34850283 0.50964486 0.61540876 0.82126426 2.92213486 6.906345596745e-06 8.580916846557e-01 1.281938340907e+01 9.040983665535e+00 1.220466444525e+03
17 37 4 0.34850283 0.50964486 0.61540876 0.82126426 2.92213486 3.879558359381e-05 8.156235121206e-01 1.269797550367e+01 9.255985822589e+00 1.230242019555e+03
17 38 4 0.34850283 0.50964486 0.61540876 0.82126426 2.92213486 6.315576870317e-05 9.098259600759e-01 1.269738846520e+01 9.496766757823e+00 1.262984023276e+03
17 39 4 0.34850283 0.50964486 0.61540876 0.82126426 2.92213486 4.099856881181e-05 1.006574552293e+00 1.253197606003e+01 9.737053925382e+00 1.280802741747e+03
17 40 4 0.34850283 0.50964486 0.61540876 0.82126426 2.92213486 2.959315085098e-05 9.808334207555e-01 1.216569579061e+01 1.000825400276e+01 1.307026136379e+03
17 41 4 0.34850283 0.50964486 0.61540876 0.82126426 2.92213486 8.412292908506e-05 9.140964322925e-01 1.191462441274e+01 1.006338803941e+01 1.338953301159e+03
17 42 4 0.34850283 0.50964486 0.61540876 0.82126426 2.92213486 1.565984175545e-04 9.487029346278e-01 1.175307266389e+01 1.039985705787e+01 1.370157071677e+03
17 43 4 0.34850283 0.50964486 0.61540876 0.82126426 2.92213486 2.288709354631e-04 1.066599561142e+00 1.168002973407e+01 1.061543392260e+01 1.413816854473e+03
17 44 4 0.34850283 0.50964486 0.61540876 0.82126426 2.92213486 3.427635177808e-04 1.127621182697e+00 1.171063788037e+01 1.077026046989e+01 1.439722697758e+03
17 45 4 0.34850283 0.50964486 0.61540876 0.82126426 2.92213486 4.276616206061e-04 1.082269819408e+00 1.167082478792e+01 1.095207695692e+01 1.492170772207e+03
17 46 4 0.34850283 0.50964486 0.61540876 0.82126426 2.92213486 3.767007664978e-04 1.047904043237e+00 1.154184309640e+01 1.133264980722e+01 1.534105692675e+03
17 47 4 0.34850283 0.50964486 0.61540876 0.82126426 2.92213486 2.686147090877e-04 1.138976753115e+00 1.134400817298e+01 1.168020973745e+01 1.585261215482e+03
17 48 4 0.34850283 0.50964486 0.61540876 0.82126426 2.92213486 2.231502811497e-04 1.280758526197e+00 1.115091495914e+01 1.188989650497e+01 1.630172033570e+03
17 49 4 0.34850283 0.50964486 0.61540876 0.82126426 2.92213486 1.846583729660e-04 1.303274023959e+00 1.117930304252e+01 1.232246196125e+01 1.686224831630e+03
17 50 4 0.34850283 0.50964486 0.61540876 0.82126426 2.92213486 9.472590385812e-05 1.221572726597e+00 1.138903638402e+01 1.302401888001e+01 1.753880517766e+03
17 51 4 0.34850283 0.50964486 0.61540876 0.82126426 2.92213486 2.641163822237e-05 1.244466446593e+00 1.147225551418e+01 1.341367850341e+01 1.798400197762e+03
17 52 4 0.34850283 0.50964486 0.61540876 0.82126426 2.92213486 6.960140067859e-06 1.427413185462e+00 1.135632315316e+01 1.389839013560e+01 1.872909081832e+03
17 53 4 0.34850283 0.50964486 0.61540876 0.82126426 2.92213486 9.733263698820e-07 1.544656141653e+00 1.122768196940e+01 1.461171454015e+01 1.931794210229e+03
17 54 4 0.34850283 0.50964486 0.61540876 0.82126426 2.92213486 4.126578552754e-05 1.467685725993e+00 1.115313820688e+01 1.550526743048e+01 2.010577111395e+03
17 55 4 0.34850283 0.50964486 0.61540876 0.82126426 2.92213486 1.170792209535e-04 1.415057761479e+00 1.116461061127e+01 1.586459083709e+01 2.078165169541e+03
17 56 4 0.34850283 0.50964486 0.61540876 0.82126426 2.92213486 1.493553546637e-04 1.582314313967e+00 1.122567301304e+01 1.651015893910e+01 2.143827688338e+03
17 57 4 0.34850283 0.50964486 0.61540876 0.82126426 2.92213486 2.170963657355e-04 1.782899649735e+00 1.122797067230e+01 1.750043708464e+01 2.241855406369e+03
17 58 4 0.34850283 0.50964486 0.61540876 0.82126426 2.92213486 4.393432769963e-04 1.770989827084e+00 1.128686035134e+01 1.820328624486e+01 2.310492330529e+03
17 59 4 0.34850283 0.50964486 0.61540876 0.82126426 2.92213486 6.920809185559e-04 1.680935334247e+00 1.124684792494e+01 1.862416245970e+01 2.398548582987e+03
17 60 4 0.34850283 0.50964486 0.61540876 0.82126426 2.92213486 8.663183687014e-04 1.783614301390e+00 1.092830049872e+01 1.938990805823e+01 2.481103506236e+03
17 61 4 0.34850283 0.50964486 0.61540876 0.82126426 2.92213486 1.074703667616e-03 2.009734838194e+00 1.071730884884e+01 2.058710454784e+01 2.580926366960e+03
17 62 4 0.34850283 0.50964486 0.61540876 0.82126426 2.92213486 1.230139301688e-03 2.094292510253e+00 1.070514662578e+01 2.114982495474e+01 2.675572788047e+03
17 63 4 0.34850283 0.50964486 0.61540876 0.82126426 2.92213486 1.038238713957e-03 2.037483479588e+00 1.078388257946e+01 2.156413985558e+01 2.756851114251e+03
26 0 4 0.24864764 0.36221229 0.31371102 0.50767174 0.53564505 1.232727755627e-01 5.355968198657e-01 1.495920877828e-02 2.297400821402e+00 3.709440824953e+00
26 1 4 0.24864764 0.36221229 0.31371102 0.50767174 0.53564505 1.046739021786e-01 1.975691675048e+00 2.064859047145e-02 2.836847048371e+00 3.542284784122e+00
26 2 4 0.24864764 0.36221229 0.31371102 0.50767174 0.53564505 9.326865625775e-02 4.493965983625e-01 2.657675513656e-02 4.374872686074e+00 3.410821870391e+00
26 3 4 0.24864764 0.36221229 0.31371102 0.50767174 0.53564505 1.019204583129e-01 1.883310419181e+00 3.188885525544e-02 3.100080866660e+00 3.253501414919e+00
26 4 4 0.24864764 0.36221229 0.31371102 0.50767174 0.53564505 1.030986428479e-01 4.101994776134e-01 3.424731951484e-02 2.764346061063e+00 3.112781389523e+00
26 5 4 0.24864764 0.36221229 0.31371102 0.50767174 0.53564505 9.397500581462e-02 1.671770656789e+00 3.244964097249e-02 1.353602912731e+00 3.001345255326e+00
26 6 4 0.24864764 0.36221229 0.31371102 0.50767174 0.53564505 8.556211918492e-02 3.346585933195e-01 2.528005196672e-02 2.112220617594e+00 2.912324200729e+00
26 7 4 0.24864764 0.36221229 0.31371102 0.50767174 0.53564505 8.832105833095e-02 1.445505545902e+00 1.741258059585e-02 2.375206985267e+00 2.762638626485e+00
26 8 4 0.24864764 0.36221229 0.31371102 0.50767174 0.53564505 9.712727635211e-02 2.741415425716e-01 1.041371497572e-02 3.363366339282e+00 2.654158783559e+00
26 9 4 0.24864764 0.36221229 0.31371102 0.50767174 0.53564505 8.779391325700e-02 1.145477256791e+00 4.030201733507e-03 2.639489754634e+00 2.612783980556e+00
26 10 4 0.24864764 0.36221229 0.31371102 0.50767174 0.53564505 7.532558115748e-02 2.001805491936e-01 1.525379864955e-03 1.889505444883e+00 2.521885190369e+00
26 11 4 0.24864764 0.36221229 0.31371102 0.50767174 0.53564505 7.349440406574e-02 8.795560597413e-01 3.542765700042e-03 1.293110083580e+00 2.399452705423e+00
26 12 4 0.24864764 0.36221229 0.31371102 0.50767174 0.53564505 7.306897904289e-02 1.699637461351e-01 9.412780333201e-03 1.429572398900e+00 2.343673586988e+00
26 13 4 0.24864764 0.36221229 0.31371102 0.50767174 0.53564505 7.374093796598e-02 6.467960472991e-01 1.853272074789e-02 2.592252127359e+00 2.319803148500e+00
26 14 4 0.24864764 0.36221229 0.31371102 0.50767174 0.53564505 6.372477331481e-02 1.705672320678e-01 3.052496178856e-02 2.226485398812e+00 2.215865959703e+00
26 15 4 0.24864764 0.36221229 0.31371102 0.50767174 0.53564505 5.462015720993e-02 4.704844358205e-01 4.144590518178e-02 2.353025061963e+00 2.138909123980e+00
26 16 4 0.24864764 0.36221229 0.31371102 0.50767174 0.53564505 7.048382191252e-02 2.049224883623e-01 4.866007877684e-02 1.183995583508e+00 2.101726081638e+00
26 17 4 0.24864764 0.36221229 0.31371102 0.50767174 0.53564505 7.844562600643e-02 3.707570396899e-01 5.439289464644e-02 1.252213748791e+00 2.058215976012e+00
26 18 4 0.24864764 0.36221229 0.31371102 0.50767174 0.53564505 6.145630147934e-02 2.754099374894e-01 5.572512255772e-02 1.200049376999e+00 1.968535857050e+00
26 19 4 0.24864764 0.36221229 0.31371102 0.50767174 0.53564505 5.577674538156e-02 3.080863796482e-01 5.114575721246e-02 2.131624260034e+00 1.922363879379e+00
26 20 4 0.24864764 0.36221229 0.31371102 0.50767174 0.53564505 6.806696765690e-02 3.262779018797e-01 4.199285932136e-02 2.096801783382e+00 1.872180472521e+00
26 21 4 0.24864764 0.36221229 0.31371102 0.50767174 0.53564505 7.206942631307e-02 2.850610473779e-01 2.987799139424e-02 1.711860809497e+00 1.825180987249e+00
26 22 4 0.24864764 0.36221229 0.31371102 0.50767174 0.53564505 5.351550457711e-02 4.213985119329e-01 1.971566105100e-02 1.089590084331e+00 1.771258799969e+00
26 23 4 0.24864764 0.36221229 0.31371102 0.50767174 0.53564505 3.934206828201e-02 3.090119425718e-01 1.063242650399e-02 8.506979266844e-01 1.727838109461e+00
26 24 4 0.24864764 0.36221229 0.31371102 0.50767174 0.53564505 5.555636957970e-02 4.755953350131e-01 2.977132117974e-03 1.486575954023e+00 1.677724750452e+00
26 25 4 0.24864764 0.36221229 0.31371102 0.50767174 0.53564505 6.329814313609e-02 3.360946321642e-01 7.149363884765e-04 1.554190005467e+00 1.660131002615e+00
26 26 4 0.24864764 0.36221229 0.31371102 0.50767174 0.53564505 4.531077212734e-02 5.325048745275e-01 3.237260999409e-03 2.114553139660e+00 1.634808209017e+00
26 27 4 0.24864764 0.36221229 0.31371102 0.50767174 0.53564505 4.161346490981e-02 3.747086020449e-01 1.021284954230e-02 1.255128305293e+00 1.589008844780e+00
26 28 4 0.24864764 0.36221229 0.31371102 0.50767174 0.53564505 6.220268937399e-02 5.494662096654e-01 2.015695276586e-02 1.103317592530e+00 1.575793645056e+00
26 29 4 0.24864764 0.36221229 0.31371102 0.50767174 0.53564505 7.420090398463e-02 3.943270372553e-01 3.246870279860e-02 7.543035015913e-01 1.592639846904e+00
26 30 4 0.24864764 0.36221229 0.31371102 0.50767174 0.53564505 5.421607013550e-02 5.320751991191e-01 4.267279593349e-02 1.444623490250e+00 1.579484832317e+00
26 31 4 0.24864764 0.36221229 0.31371102 0.50767174 0.53564505 4.114318953288e-02 3.926485625091e-01 4.581961872930e-02 1.703825522842e+00 1.553026522647e+00
26 32 4 0.24864764 0.36221229 0.31371102 0.50767174 0.53564505 6.322632375681e-02 5.526334178304e-01 4.942183228567e-02 1.850771455212e+00 1.590891263135e+00
26 33 4 0.24864764 0.36221229 0.31371102 0.50767174 0.53564505 6.850458401576e-02 4.529916287482e-01 5.108833053863e-02 1.324283774008e+00 1.619656280975e+00
26 34 4 0.24864764 0.36221229 0.31371102 0.50767174 0.53564505 4.330503170957e-02 5.694722654338e-01 4.325577634762e-02 8.337025003563e-01 1.618214826308e+00
26 35 4 0.24864764 0.36221229 0.31371102 0.50767174 0.53564505 3.739300238587e-02 4.514173780368e-01 3.279927039037e-02 1.101615555866e+00 1.629827388459e+00
26 36 4 0.24864764 0.36221229 0.31371102 0.50767174 0.53564505 5.909176404072e-02 5.260768568780e-01 2.254895052821e-02 1.291566703379e+00 1.694158050030e+00
26 37 4 0.24864764 0.36221229 0.31371102 0.50767174 0.53564505 6.880442731062e-02 4.083508508228e-01 1.309110756942e-02 2.136270369867e+00 1.718374220458e+00
26 38 4 0.24864764 0.36221229 0.31371102 0.50767174 0.53564505 5.103879480206e-02 4.679427676729e-01 6.156244929922e-03 1.626344470871e+00 1.741581083029e+00
26 39 4 0.24864764 0.36221229 0.31371102 0.50767174 0.53564505 4.859212904759e-02 3.498072467062e-01 9.990445545399e-04 1.604863452893e+00 1.780556473208e+00
26 40 4 0.24864764 0.36221229 0.31371102 0.50767174 0.53564505 7.684120520357e-02 4.304103183962e-01 6.095180487866e-04 7.858413578956e-01 1.837189746018e+00
26 41 4 0.24864764 0.36221229 0.31371102 0.50767174 0.53564505 8.345360002617e-02 2.757529971308e-01 3.496604791081e-03 1.230537316544e+00 1.869923483363e+00
26 42 4 0.24864764 0.36221229 0.31371102 0.50767174 0.53564505 6.015644642540e-02 3.889481426626e-01 8.286109928353e-03 1.761654930340e+00 1.919236537237e+00
26 43 4 0.24864764 0.36221229 0.31371102 0.50767174 0.53564505 5.449607083074e-02 2.064818529588e-01 1.590898190962e-02 2.323133986611e+00 1.956722531657e+00
26 44 4 0.24864764 0.36221229 0.31371102 0.50767174 0.53564505 7.292610771802e-02 4.209502925600e-01 2.315129287223e-02 2.036264645334e+00 2.004932281548e+00
26 45 4 0.24864764 0.36221229 0.31371102 0.50767174 0.53564505 7.993370021587e-02 1.614802759106e-01 2.853355062493e-02 1.397438636390e+00 2.074196090938e+00
26 46 4 0.24864764 0.36221229 0.31371102 0.50767174 0.53564505 6.052803116390e-02 4.355672306110e-01 3.051153399000e-02 1.305855435572e+00 2.128197701414e+00
26 47 4 0.24864764 0.36221229 0.31371102 0.50767174 0.53564505 5.653254894142e-02 1.226205412376e-01 3.024581134342e-02 1.212644493969e+00 2.159955993576e+00
26 48 4 0.24864764 0.36221229 0.31371102 0.50767174 0.53564505 8.670457814664e-02 5.542050023858e-01 2.883368799501e-02 2.512557699046e+00 2.237367886588e+00
26 49 4 0.24864764 0.36221229 0.31371102 0.50767174 0.53564505 9.365871642734e-02 1.455052796391e-01 2.352908561866e-02 2.483422585276e+00 2.349180679919e+00
26 50 4 0.24864764 0.36221229 0.31371102 0.50767174 0.53564505 7.719656402097e-02 7.032770303775e-01 1.725431937011e-02 2.789142672986e+00 2.389719272503e+00
26 51 4 0.24864764 0.36221229 0.31371102 0.50767174 0.53564505 8.378868672936e-02 2.046772017373e-01 1.268557228862e-02 1.374161461790e+00 2.455385205435e+00
26 52 4 0.24864764 0.36221229 0.31371102 0.50767174 0.53564505 9.950406477745e-02 8.908171484130e-01 9.639467914779e-03 1.538696197733e+00 2.588785249234e+00
26 53 4 0.24864764 0.36221229 0.31371102 0.50767174 0.53564505 1.062431066426e-01 2.997697604946e-01 9.031687190479e-03 1.911685326386e+00 2.717127378061e+00
26 54 4 0.24864764 0.36221229 0.31371102 0.50767174 0.53564505 9.641023581960e-02 1.118096908119e+00 1.209753188367e-02 2.977358611008e+00 2.763145760750e+00
26 55 4 0.24864764 0.36221229 0.31371102 0.50767174 0.53564505 8.657962632644e-02 4.245525132158e-01 1.874952125414e-02 3.350970730883e+00 2.898446316836e+00
26 56 4 0.24864764 0.36221229 0.31371102 0.50767174 0.53564505 1.039085048474e-01 1.290183249666e+00 2.527731650680e-02 2.784080941404e+00 3.060281395465e+00
26 57 4 0.24864764 0.36221229 0.31371102 0.50767174 0.53564505 1.168687606271e-01 5.501013583843e-01 3.253329562191e-02 2.192767045797e+00 3.184296140935e+00
26 58 4 0.24864764 0.36221229 0.31371102 0.50767174 0.53564505 1.089966043080e-01 1.474086182438e+00 3.963304230165e-02 1.414983849234e+00 3.274709106233e+00
26 59 4 0.24864764 0.36221229 0.31371102 0.50767174 0.53564505 1.060488363453e-01 7.053067190073e-01 4.085258534320e-02 3.027594032568e+00 3.446727657417e+00
26 60 4 0.24864764 0.36221229 0.31371102 0.50767174 0.53564505 1.215204889399e-01 1.582796175165e+00 3.701278478705e-02 3.368350407447e+00 3.589915090396e+00
26 61 4 0.24864764 0.36221229 0.31371102 0.50767174 0.53564505 1.409670354618e-01 8.494408397244e-01 2.928389779801e-02 4.814387636605e+00 3.725703605836e+00
26 62 4 0.24864764 0.36221229 0.31371102 0.50767174 0.53564505 1.365155453286e-01 1.693798461680e+00 1.977643315148e-02 2.826591831187e+00 3.858206496939e+00
26 63 4 0.24864764 0.36221229 0.31371102 0.50767174 0.53564505 1.257767429213e-01 9.993405978459e-01 1.028555358636e-02 2.606647812390e+00 3.989036529658e+00
