# environment=00074 local_bs=2 gain_scale=3.503440624322e-11
# ue subcarrier serving_bs phi0 phi1 phi2 phi3 phi4 gain0 gain1 gain2 gain3 gain4
1 0 2 3.95401273 1.59333839 8.03460093 5.69043751 1.46268310 1.409266694223e+00 2.330601710444e-06 2.141144986851e+01 6.214443872488e+00 1.546341774456e-06
1 1 2 3.95401273 1.59333839 8.03460093 5.69043751 1.46268310 1.363275169094e+00 2.180333209814e-06 2.077061384247e+01 6.031962903005e+00 1.455679900254e-06
1 2 2 3.95401273 1.59333839 8.03460093 5.69043751 1.46268310 1.317708827500e+00 2.038946150038e-06 2.017085074679e+01 5.861200889172e+00 1.370055270640e-06
1 3 2 3.95401273 1.59333839 8.03460093 5.69043751 1.46268310 1.273750561018e+00 1.906087472071e-06 1.957126877639e+01 5.690263239605e+00 1.289284830656e-06
1 4 2 3.95401273 1.59333839 8.03460093 5.69043751 1.46268310 1.233075813133e+00 1.781408590967e-06 1.894470937102e+01 5.509790288620e+00 1.213187697535e-06
1 5 2 3.95401273 1.59333839 8.03460093 5.69043751 1.46268310 1.196173786466e+00 1.664565951951e-06 1.830004575122e+01 5.320395781850e+00 1.141585461611e-06
1 6 2 3.95401273 1.59333839 8.03460093 5.69043751 1.46268310 1.161965068119e+00 1.555221576237e-06 1.766221942360e+01 5.129455383979e+00 1.074302481817e-06
1 7 2 3.95401273 1.59333839 8.03460093 5.69043751 1.46268310 1.128744824673e+00 1.453043595984e-06 1.704424319520e+01 4.942502983041e+00 1.011166175432e-06
1 8 2 3.95401273 1.59333839 8.03460093 5.69043751 1.46268310 1.095379074911e+00 1.357706777800e-06 1.645220675888e+01 4.760478296681e+00 9.520073017423e-07
1 9 2 3.95401273 1.59333839 8.03460093 5.69043751 1.46268310 1.061869860460e+00 1.268893034226e-06 1.590286827790e+01 4.584891887456e+00 8.966602392975e-07
1 10 2 3.95401273 1.59333839 8.03460093 5.69043751 1.46268310 1.029126803551e+00 1.186291922614e-06 1.541335973542e+01 4.422021877374e+00 8.449632564388e-07
1 11 2 3.95401273 1.59333839 8.03460093 5.69043751 1.46268310 9.981995690487e-01 1.109601130879e-06 1.497594415779e+01 4.279231335646e+00 7.967587747942e-07
1 12 2 3.95401273 1.59333839 8.03460093 5.69043751 1.46268310 9.694093669564e-01 1.038526949568e-06 1.456092856132e+01 4.157815277941e+00 7.518936254381e-07
1 13 2 3.95401273 1.59333839 8.03460093 5.69043751 1.46268310 9.419926373116e-01 9.727847297288e-07 1.414622214526e+01 4.051670277380e+00 7.102192974236e-07
1 14 2 3.95401273 1.59333839 8.03460093 5.69043751 1.46268310 9.146806158076e-01 9.120993260921e-07 1.373175003183e+01 3.953357776927e+00 6.715921784035e-07
1 15 2 3.95401273 1.59333839 8.03460093 5.69043751 1.46268310 8.868432967719e-01 8.562055250576e-07 1.332671870566e+01 3.859759906996e+00 6.358737870666e-07
1 16 2 3.95401273 1.59333839 8.03460093 5.69043751 1.46268310 8.591380875760e-01 8.048484570294e-07 1.293983016612e+01 3.770910690599e+00 6.029309971240e-07
1 17 2 3.95401273 1.59333839 8.03460093 5.69043751 1.46268310 8.329742073553e-01 7.577839926411e-07 1.258562879223e+01 3.685110211245e+00 5.726362525894e-07
1 18 2 3.95401273 1.59333839 8.03460093 5.69043751 1.46268310 8.093033682071e-01 7.147791224354e-07 1.228287897694e+01 3.597968206260e+00 5.448677741096e-07
1 19 2 3.95401273 1.59333839 8.03460093 5.69043751 1.46268310 7.879337819992e-01 6.756123195828e-07 1.203450831344e+01 3.506972170281e+00 5.195097561085e-07
1 20 2 3.95401273 1.59333839 8.03460093 5.69043751 1.46268310 7.679538275745e-01 6.400738852385e-07 1.181784547158e+01 3.415305281794e+00 4.964525545205e-07
1 21 2 3.95401273 1.59333839 8.03460093 5.69043751 1.46268310 7.487081251048e-01 6.079662761579e-07 1.160515112618e+01 3.329562812905e+00 4.755928648988e-07
1 22 2 3.95401273 1.59333839 8.03460093 5.69043751 1.46268310 7.303747772968e-01 5.791044142095e-07 1.138887480799e+01 3.254074578957e+00 4.568338906954e-07
1 23 2 3.95401273 1.59333839 8.03460093 5.69043751 1.46268310 7.137789759657e-01 5.533159774444e-07 1.117990788593e+01 3.188745107243e+00 4.400855015190e-07
1 24 2 3.95401273 1.59333839 8.03460093 5.69043751 1.46268310 6.997861811258e-01 5.304416723987e-07 1.098920731844e+01 3.132353623641e+00 4.252643811917e-07
1 25 2 3.95401273 1.59333839 8.03460093 5.69043751 1.46268310 6.887689816195e-01 5.103354873299e-07 1.082264747732e+01 3.086123310075e+00 4.122941654321e-07
1 26 2 3.95401273 1.59333839 8.03460093 5.69043751 1.46268310 6.804161098522e-01 4.928649261034e-07 1.068857005208e+01 3.052534908969e+00 4.011055690079e-07
1 27 2 3.95401273 1.59333839 8.03460093 5.69043751 1.46268310 6.739685796452e-01 4.779112224700e-07 1.059522967155e+01 3.031200260082e+00 3.916365022099e-07
1 28 2 3.95401273 1.59333839 8.03460093 5.69043751 1.46268310 6.688057221584e-01 4.653695344951e-07 1.053863071856e+01 3.017740347645e+00 3.838321765141e-07
1 29 2 3.95401273 1.59333839 8.03460093 5.69043751 1.46268310 6.650059530435e-01 4.551491189191e-07 1.050411232081e+01 3.007612222689e+00 3.776451993066e-07
1 30 2 3.95401273 1.59333839 8.03460093 5.69043751 1.46268310 6.633502727224e-01 4.471734852546e-07 1.048382441051e+01 3.000227274806e+00 3.730356575620e-07
1 31 2 3.95401273 1.59333839 8.03460093 5.69043751 1.46268310 6.646352067948e-01 4.413805294423e-07 1.048393356592e+01 2.998326498876e+00 3.699711903755e-07
1 32 2 3.95401273 1.59333839 8.03460093 5.69043751 1.46268310 6.688804070527e-01 4.377226469136e-07 1.051123675039e+01 3.003821204365e+00 3.684270502626e-07
1 33 2 3.95401273 1.59333839 8.03460093 5.69043751 1.46268310 6.752274800560e-01 4.361668249257e-07 1.056275917443e+01 3.015796535417e+00 3.683861531515e-07
1 34 2 3.95401273 1.59333839 8.03460093 5.69043751 1.46268310 6.826626740613e-01 4.366947140622e-07 1.063531974450e+01 3.033186239933e+00 3.698391170069e-07
1 35 2 3.95401273 1.59333839 8.03460093 5.69043751 1.46268310 6.908494693307e-01 4.393026788076e-07 1.073641371481e+01 3.058111336425e+00 3.727842890363e-07
1 36 2 3.95401273 1.59333839 8.03460093 5.69043751 1.46268310 7.002840884596e-01 4.440018271327e-07 1.087509368773e+01 3.094822109182e+00 3.772277614401e-07
1 37 2 3.95401273 1.59333839 8.03460093 5.69043751 1.46268310 7.117193124740e-01 4.508180190465e-07 1.104650773516e+01 3.145089119887e+00 3.831833756840e-07
1 38 2 3.95401273 1.59333839 8.03460093 5.69043751 1.46268310 7.254637926110e-01 4.597918540918e-07 1.123552074153e+01 3.205874954657e+00 3.906727152796e-07
1 39 2 3.95401273 1.59333839 8.03460093 5.69043751 1.46268310 7.411170675336e-01 4.709786377887e-07 1.143319383082e+01 3.272372997121e+00 3.997250870757e-07
1 40 2 3.95401273 1.59333839 8.03460093 5.69043751 1.46268310 7.578213243581e-01 4.844483270458e-07 1.164035392351e+01 3.342509339667e+00 4.103774910735e-07
1 41 2 3.95401273 1.59333839 8.03460093 5.69043751 1.46268310 7.747955498088e-01 5.002854545877e-07 1.185824509954e+01 3.417131838132e+00 4.226745787916e-07
1 42 2 3.95401273 1.59333839 8.03460093 5.69043751 1.46268310 7.918631187290e-01 5.185890324647e-07 1.208935167215e+01 3.496056080267e+00 4.366686002204e-07
1 43 2 3.95401273 1.59333839 8.03460093 5.69043751 1.46268310 8.096444735974e-01 5.394724347359e-07 1.234883718709e+01 3.575986492214e+00 4.524193394163e-07
1 44 2 3.95401273 1.59333839 8.03460093 5.69043751 1.46268310 8.291372081659e-01 5.630632594376e-07 1.266001812454e+01 3.653954294365e+00 4.699940388006e-07
1 45 2 3.95401273 1.59333839 8.03460093 5.69043751 1.46268310 8.508455878305e-01 5.895031699717e-07 1.302961837367e+01 3.732184884601e+00 4.894673122388e-07
1 46 2 3.95401273 1.59333839 8.03460093 5.69043751 1.46268310 8.742115244768e-01 6.189477160699e-07 1.343630795166e+01 3.817726280665e+00 5.109210469890e-07
1 47 2 3.95401273 1.59333839 8.03460093 5.69043751 1.46268310 8.980429869298e-01 6.515661345115e-07 1.385162518450e+01 3.916712444371e+00 5.344442946211e-07
1 48 2 3.95401273 1.59333839 8.03460093 5.69043751 1.46268310 9.216853634811e-01 6.875411297952e-07 1.426495038562e+01 4.030288845060e+00 5.601331510197e-07
1 49 2 3.95401273 1.59333839 8.03460093 5.69043751 1.46268310 9.457968493978e-01 7.270686349860e-07 1.468188682776e+01 4.157077921494e+00 5.880906255955e-07
1 50 2 3.95401273 1.59333839 8.03460093 5.69043751 1.46268310 9.718971972943e-01 7.703575529782e-07 1.511033673009e+01 4.298093359814e+00 6.184264998443e-07
1 51 2 3.95401273 1.59333839 8.03460093 5.69043751 1.46268310 1.001121992066e+00 8.176294784403e-07 1.556194376623e+01 4.456453928536e+00 6.512571753999e-07
1 52 2 3.95401273 1.59333839 8.03460093 5.69043751 1.46268310 1.033399313081e+00 8.691184007231e-07 1.605808053526e+01 4.631498831999e+00 6.867055117461e-07
1 53 2 3.95401273 1.59333839 8.03460093 5.69043751 1.46268310 1.067735977474e+00 9.250703880383e-07 1.661415499003e+01 4.815394009982e+00 7.249006537556e-07
1 54 2 3.95401273 1.59333839 8.03460093 5.69043751 1.46268310 1.103203097358e+00 9.857432532314e-07 1.721704700551e+01 4.997960376757e+00 7.659778492440e-07
1 55 2 3.95401273 1.59333839 8.03460093 5.69043751 1.46268310 1.139756996588e+00 1.051406201494e-06 1.783353563359e+01 5.174652029278e+00 8.100782567312e-07
1 56 2 3.95401273 1.59333839 8.03460093 5.69043751 1.46268310 1.178385902421e+00 1.122339460379e-06 1.844288062050e+01 5.347978664196e+00 8.573487436180e-07
1 57 2 3.95401273 1.59333839 8.03460093 5.69043751 1.46268310 1.220543616925e+00 1.198833892509e-06 1.904706006158e+01 5.521192667717e+00 9.079416749952e-07
1 58 2 3.95401273 1.59333839 8.03460093 5.69043751 1.46268310 1.267122350799e+00 1.281190591366e-06 1.964968997262e+01 5.693580705835e+00 9.620146933117e-07
1 59 2 3.95401273 1.59333839 8.03460093 5.69043751 1.46268310 1.317583808408e+00 1.369720460605e-06 2.024731509943e+01 5.864421022803e+00 1.019730489141e-06
1 60 2 3.95401273 1.59333839 8.03460093 5.69043751 1.46268310 1.370109717196e+00 1.464743777313e-06 2.085128142425e+01 6.040013022668e+00 1.081256563295e-06
1 61 2 3.95401273 1.59333839 8.03460093 5.69043751 1.46268310 1.423013687786e+00 1.566589739682e-06 2.149805853130e+01 6.232641198819e+00 1.146764980541e-06
1 62 2 3.95401273 1.59333839 8.03460093 5.69043751 1.46268310 1.476303277398e+00 1.675595999563e-06 2.221958552202e+01 6.450567374635e+00 1.216432115199e-06
1 63 2 3.95401273 1.59333839 8.03460093 5.69043751 1.46268310 1.531727341679e+00 1.792108180403e-06 2.301283086970e+01 6.690862681816e+00 1.290438388876e-06
2 0 2 7.83536899 1.86433514 11.77087509 11.12849919 1.63752240 1.922726719636e+01 1.598307990941e-04 4.702550731637e+01 3.505771276896e+01 7.860014349230e-05
2 1 2 7.83536899 1.86433514 11.77087509 11.12849919 1.63752240 1.887392056350e+01 1.510173129374e-04 4.623261831131e+01 3.360539615351e+01 7.429065036112e-05
2 2 2 7.83536899 1.86433514 11.77087509 11.12849919 1.63752240 1.849254344848e+01 1.421801505751e-04 4.566158156531e+01 3.239981110320e+01 6.995736693310e-05
2 3 2 7.83536899 1.86433514 11.77087509 11.12849919 1.63752240 1.810420649894e+01 1.333786957722e-04 4.525806983098e+01 3.143839485611e+01 6.563086785878e-05
2 4 2 7.83536899 1.86433514 11.77087509 11.12849919 1.63752240 1.773036597204e+01 1.246684667343e-04 4.497993294597e+01 3.070875004034e+01 6.133980966087e-05
2 5 2 7.83536899 1.86433514 11.77087509 11.12849919 1.63752240 1.739335666430e+01 1.161007103640e-04 4.481660929195e+01 3.018485974089e+01 5.711071505883e-05
2 6 2 7.83536899 1.86433514 11.77087509 11.12849919 1.63752240 1.710840986163e+01 1.077220786222e-04 4.476854346975e+01 2.984600860691e+01 5.296779939694e-05
2 7 2 7.83536899 1.86433514 11.77087509 11.12849919 1.63752240 1.687739241367e+01 9.957438761536e-05 4.481953654562e+01 2.968999315959e+01 4.893283959357e-05
2 8 2 7.83536899 1.86433514 11.77087509 11.12849919 1.63752240 1.669302772895e+01 9.169445896613e-05 4.493964055416e+01 2.972391967187e+01 4.502508547445e-05
2 9 2 7.83536899 1.86433514 11.77087509 11.12849919 1.63752240 1.654804658603e+01 8.411404199119e-05 4.511031876463e+01 2.994619582673e+01 4.126121281228e-05
2 10 2 7.83536899 1.86433514 11.77087509 11.12849919 1.63752240 1.643663702754e+01 7.685981421938e-05 4.533481147188e+01 3.034042926536e+01 3.765531687516e-05
2 11 2 7.83536899 1.86433514 11.77087509 11.12849919 1.63752240 1.634610201815e+01 6.995345684050e-05 4.561848985690e+01 3.088489168290e+01 3.421894479161e-05
2 12 2 7.83536899 1.86433514 11.77087509 11.12849919 1.63752240 1.625123982487e+01 6.341180079542e-05 4.594305494423e+01 3.156651481233e+01 3.096116457751e-05
2 13 2 7.83536899 1.86433514 11.77087509 11.12849919 1.63752240 1.612269471629e+01 5.724703840900e-05 4.626676460903e+01 3.238679795356e+01 2.788866824337e-05
2 14 2 7.83536899 1.86433514 11.77087509 11.12849919 1.63752240 1.594360291673e+01 5.146699473601e-05 4.655148893838e+01 3.335369538035e+01 2.500590601480e-05
2 15 2 7.83536899 1.86433514 11.77087509 11.12849919 1.63752240 1.571736606582e+01 4.607545214656e-05 4.678422764523e+01 3.446600571155e+01 2.231524835770e-05
2 16 2 7.83536899 1.86433514 11.77087509 11.12849919 1.63752240 1.545850067597e+01 4.107252112581e-05 4.696900450856e+01 3.570683342121e+01 1.981717220703e-05
2 17 2 7.83536899 1.86433514 11.77087509 11.12849919 1.63752240 1.517760926219e+01 3.645504980907e-05 4.710590243898e+01 3.705440477991e+01 1.751046755607e-05
2 18 2 7.83536899 1.86433514 11.77087509 11.12849919 1.63752240 1.487722210988e+01 3.221706442255e-05 4.719051846483e+01 3.849613563393e+01 1.539246037453e-05
2 19 2 7.83536899 1.86433514 11.77087509 11.12849919 1.63752240 1.456100213154e+01 2.835023255346e-05 4.723427461548e+01 4.002542911622e+01 1.345924769025e-05
2 20 2 7.83536899 1.86433514 11.77087509 11.12849919 1.63752240 1.424284358941e+01 2.484434103428e-05 4.727204203911e+01 4.162268563472e+01 1.170594059155e-05
2 21 2 7.83536899 1.86433514 11.77087509 11.12849919 1.63752240 1.394415315622e+01 2.168778019388e-05 4.733898912898e+01 4.324321673941e+01 1.012691088558e-05
2 22 2 7.83536899 1.86433514 11.77087509 11.12849919 1.63752240 1.368328394650e+01 1.886802630354e-05 4.744052667811e+01 4.482632804081e+01 8.716037182754e-06
2 23 2 7.83536899 1.86433514 11.77087509 11.12849919 1.63752240 1.346985821613e+01 1.637211422551e-05 4.754899423627e+01 4.631561823415e+01 7.466946266555e-06
2 24 2 7.83536899 1.86433514 11.77087509 11.12849919 1.63752240 1.330832202501e+01 1.418709255331e-05 4.762892302194e+01 4.767244895319e+01 6.373245750951e-06
2 25 2 7.83536899 1.86433514 11.77087509 11.12849919 1.63752240 1.320232727449e+01 1.230045391264e-05 4.766303944819e+01 4.887636348687e+01 5.428744221738e-06
2 26 2 7.83536899 1.86433514 11.77087509 11.12849919 1.63752240 1.315196571938e+01 1.070053356290e-05 4.765623719777e+01 4.991814390140e+01 4.627655300776e-06
2 27 2 7.83536899 1.86433514 11.77087509 11.12849919 1.63752240 1.314806306939e+01 9.376869997279e-06 4.762270187908e+01 5.079367079782e+01 3.964782359892e-06
2 28 2 7.83536899 1.86433514 11.77087509 11.12849919 1.63752240 1.317390513871e+01 8.320521875486e-06 4.757840650517e+01 5.150406388052e+01 3.435680940462e-06
2 29 2 7.83536899 1.86433514 11.77087509 11.12849919 1.63752240 1.321552666471e+01 7.524336330308e-06 4.754825872468e+01 5.206074272582e+01 3.036796301079e-06
2 30 2 7.83536899 1.86433514 11.77087509 11.12849919 1.63752240 1.326923071090e+01 6.983164457790e-06 4.757073503116e+01 5.248502264456e+01 2.765573914566e-06
2 31 2 7.83536899 1.86433514 11.77087509 11.12849919 1.63752240 1.333684543066e+01 6.694020621573e-06 4.768010525167e+01 5.279350701439e+01 2.620541161866e-06
2 32 2 7.83536899 1.86433514 11.77087509 11.12849919 1.63752240 1.341428662976e+01 6.656183064641e-06 4.787668972251e+01 5.297802719534e+01 2.601358918708e-06
2 33 2 7.83536899 1.86433514 11.77087509 11.12849919 1.63752240 1.348813318752e+01 6.871234215715e-06 4.811890143332e+01 5.300144099416e+01 2.708842195777e-06
2 34 2 7.83536899 1.86433514 11.77087509 11.12849919 1.63752240 1.354574513149e+01 7.343039991805e-06 4.835027601105e+01 5.281714070832e+01 2.944949468659e-06
2 35 2 7.83536899 1.86433514 11.77087509 11.12849919 1.63752240 1.358792148129e+01 8.077668321860e-06 4.853457843916e+01 5.239484447046e+01 3.312740814195e-06
2 36 2 7.83536899 1.86433514 11.77087509 11.12849919 1.63752240 1.362984270147e+01 9.083248037658e-06 4.866586755504e+01 5.173076053156e+01 3.816305449053e-06
2 37 2 7.83536899 1.86433514 11.77087509 11.12849919 1.63752240 1.368995635644e+01 1.036977018577e-05 4.875344942753e+01 5.084018510286e+01 4.460659738456e-06
2 38 2 7.83536899 1.86433514 11.77087509 11.12849919 1.63752240 1.377984322704e+01 1.194883469756e-05 4.880761972078e+01 4.974699914002e+01 5.251617202127e-06
2 39 2 7.83536899 1.86433514 11.77087509 11.12849919 1.63752240 1.390463351711e+01 1.383334620167e-05 4.884137019865e+01 4.848060095689e+01 6.195632484970e-06
2 40 2 7.83536899 1.86433514 11.77087509 11.12849919 1.63752240 1.406903555829e+01 1.603716356506e-05 4.887646787738e+01 4.707880957266e+01 7.299621676277e-06
2 41 2 7.83536899 1.86433514 11.77087509 11.12849919 1.63752240 1.427798223648e+01 1.857470849427e-05 4.893482726235e+01 4.558973410532e+01 8.570761747992e-06
2 42 2 7.83536899 1.86433514 11.77087509 11.12849919 1.63752240 1.453044183039e+01 2.146053920845e-05 4.901618221152e+01 4.406620190794e+01 1.001627223499e-05
2 43 2 7.83536899 1.86433514 11.77087509 11.12849919 1.63752240 1.481592399492e+01 2.470889580227e-05 4.908670555841e+01 4.255151709920e+01 1.164318259378e-05
2 44 2 7.83536899 1.86433514 11.77087509 11.12849919 1.63752240 1.511996280252e+01 2.833322444057e-05 4.909846917612e+01 4.106624395583e+01 1.345808894633e-05
2 45 2 7.83536899 1.86433514 11.77087509 11.12849919 1.63752240 1.543183687198e+01 3.234568796212e-05 4.902489137788e+01 3.961132383811e+01 1.546690413962e-05
2 46 2 7.83536899 1.86433514 11.77087509 11.12849919 1.63752240 1.574363485890e+01 3.675667081045e-05 4.887460996007e+01 3.818860605751e+01 1.767460522512e-05
2 47 2 7.83536899 1.86433514 11.77087509 11.12849919 1.63752240 1.604151941862e+01 4.157428645007e-05 4.867103743273e+01 3.681811353176e+01 2.008498258408e-05
2 48 2 7.83536899 1.86433514 11.77087509 11.12849919 1.63752240 1.630247110698e+01 4.680389556386e-05 4.842789901829e+01 3.553314433713e+01 2.270039499166e-05
2 49 2 7.83536899 1.86433514 11.77087509 11.12849919 1.63752240 1.650519742827e+01 5.244764335797e-05 4.815200031118e+01 3.436138239302e+01 2.552153492419e-05
2 50 2 7.83536899 1.86433514 11.77087509 11.12849919 1.63752240 1.664638618619e+01 5.850402422389e-05 4.786235836182e+01 3.331628998879e+01 2.854720836910e-05
2 51 2 7.83536899 1.86433514 11.77087509 11.12849919 1.63752240 1.674501440966e+01 6.496748182220e-05 4.759168816984e+01 3.240707276792e+01 3.177413329538e-05
2 52 2 7.83536899 1.86433514 11.77087509 11.12849919 1.63752240 1.682967439252e+01 7.182805236101e-05 4.736352568798e+01 3.165201269097e+01 3.519676078498e-05
2 53 2 7.83536899 1.86433514 11.77087509 11.12849919 1.63752240 1.692254650807e+01 7.907105844475e-05 4.717422562476e+01 3.107896632155e+01 3.880712261341e-05
2 54 2 7.83536899 1.86433514 11.77087509 11.12849919 1.63752240 1.703604823760e+01 8.667686037130e-05 4.700480873763e+01 3.071296864417e+01 4.259470880273e-05
2 55 2 7.83536899 1.86433514 11.77087509 11.12849919 1.63752240 1.718180931718e+01 9.462067116004e-05 4.685104112200e+01 3.056255630174e+01 4.654637835442e-05
2 56 2 7.83536899 1.86433514 11.77087509 11.12849919 1.63752240 1.737706070627e+01 1.028724409070e-04 4.673708024277e+01 3.061737428530e+01 5.064630600701e-05
2 57 2 7.83536899 1.86433514 11.77087509 11.12849919 1.63752240 1.763829891177e+01 1.113968152931e-04 4.669683547477e+01 3.086201200043e+01 5.487596745654e-05
2 58 2 7.83536899 1.86433514 11.77087509 11.12849919 1.63752240 1.796899379395e+01 1.201531722234e-04 4.674812709408e+01 3.129530759734e+01 5.921416503204e-05
2 59 2 7.83536899 1.86433514 11.77087509 11.12849919 1.63752240 1.835531236315e+01 1.290957396610e-04 4.689612709120e+01 3.193427156583e+01 6.363709533704e-05
2 60 2 7.83536899 1.86433514 11.77087509 11.12849919 1.63752240 1.877303785574e+01 1.381737967461e-04 4.716269223462e+01 3.279751349601e+01 6.811845985770e-05
2 61 2 7.83536899 1.86433514 11.77087509 11.12849919 1.63752240 1.919531901756e+01 1.473319592676e-04 4.759804434657e+01 3.389163309844e+01 7.262961900307e-05
2 62 2 7.83536899 1.86433514 11.77087509 11.12849919 1.63752240 1.959278036737e+01 1.565105495012e-04 4.825314052841e+01 3.522347127671e+01 7.713978948999e-05
2 63 2 7.83536899 1.86433514 11.77087509 11.12849919 1.63752240 1.993171409223e+01 1.656460493391e-04 4.914878209355e+01 3.682555420056e+01 8.161628441968e-05
3 0 2 6.06550872 1.80838140 23.29253076 11.43332081 1.62654157 7.587625333272e+00 4.523440369913e-06 3.277304072832e+02 5.859633019699e+01 2.790033084619e-06
3 1 2 6.06550872 1.80838140 23.29253076 11.43332081 1.62654157 7.329635475961e+00 4.243245392559e-06 3.205475169259e+02 5.706023522358e+01 2.630957600189e-06
3 2 2 6.06550872 1.80838140 23.29253076 11.43332081 1.62654157 7.084164836768e+00 3.979047493787e-06 3.154358090107e+02 5.633157368585e+01 2.480466652037e-06
3 3 2 6.06550872 1.80838140 23.29253076 11.43332081 1.62654157 6.854448072098e+00 3.730254702798e-06 3.106203406611e+02 5.608561558193e+01 2.338269675001e-06
3 4 2 6.06550872 1.80838140 23.29253076 11.43332081 1.62654157 6.644567329441e+00 3.496279762190e-06 3.044689475511e+02 5.592104283501e+01 2.204078134677e-06
3 5 2 6.06550872 1.80838140 23.29253076 11.43332081 1.62654157 6.454738104893e+00 3.276541281239e-06 2.961952013548e+02 5.547546882616e+01 2.077606116820e-06
3 6 2 6.06550872 1.80838140 23.29253076 11.43332081 1.62654157 6.280223726789e+00 3.070464871205e-06 2.860563894482e+02 5.449434573535e+01 1.958570907879e-06
3 7 2 6.06550872 1.80838140 23.29253076 11.43332081 1.62654157 6.114117710797e+00 2.877484261159e-06 2.751538400182e+02 5.286113227460e+01 1.846693565852e-06
3 8 2 6.06550872 1.80838140 23.29253076 11.43332081 1.62654157 5.951106739667e+00 2.697042392834e-06 2.649809674928e+02 5.061602877749e+01 1.741699480665e-06
3 9 2 6.06550872 1.80838140 23.29253076 11.43332081 1.62654157 5.789552333730e+00 2.528592493030e-06 2.567947480648e+02 4.795950095986e+01 1.643318923321e-06
3 10 2 6.06550872 1.80838140 23.29253076 11.43332081 1.62654157 5.631090233477e+00 2.371599122155e-06 2.510266170019e+02 4.521062884523e+01 1.551287583041e-06
3 11 2 6.06550872 1.80838140 23.29253076 11.43332081 1.62654157 5.478342410668e+00 2.225539197496e-06 2.470920736767e+02 4.271412400946e+01 1.465347091673e-06
3 12 2 6.06550872 1.80838140 23.29253076 11.43332081 1.62654157 5.332185997363e+00 2.089902989857e-06 2.437469571950e+02 4.073735280902e+01 1.385245534634e-06
3 13 2 6.06550872 1.80838140 23.29253076 11.43332081 1.62654157 5.190561654272e+00 1.964195092252e-06 2.397301007934e+02 3.940980839843e+01 1.310737947694e-06
3 14 2 6.06550872 1.80838140 23.29253076 11.43332081 1.62654157 5.050058773437e+00 1.847935359353e-06 2.342985676270e+02 3.871872100440e+01 1.241586798916e-06
3 15 2 6.06550872 1.80838140 23.29253076 11.43332081 1.62654157 4.909132628110e+00 1.740659816444e-06 2.274735069537e+02 3.853400335420e+01 1.177562455093e-06
3 16 2 6.06550872 1.80838140 23.29253076 11.43332081 1.62654157 4.769913871159e+00 1.641921536689e-06 2.200044331214e+02 3.863769175425e+01 1.118443632031e-06
3 17 2 6.06550872 1.80838140 23.29253076 11.43332081 1.62654157 4.636673051789e+00 1.551291485539e-06 2.130584366014e+02 3.876260277416e+01 1.064017828082e-06
3 18 2 6.06550872 1.80838140 23.29253076 11.43332081 1.62654157 4.512355268429e+00 1.468359331154e-06 2.076809223812e+02 3.865397216031e+01 1.014081740309e-06
3 19 2 6.06550872 1.80838140 23.29253076 11.43332081 1.62654157 4.396544548550e+00 1.392734219780e-06 2.042750355650e+02 3.814176671700e+01 9.684416627331e-07
3 20 2 6.06550872 1.80838140 23.29253076 11.43332081 1.62654157 4.286607435416e+00 1.324045515034e-06 2.024336360110e+02 3.718655868849e+01 9.269138661010e-07
3 21 2 6.06550872 1.80838140 23.29253076 11.43332081 1.62654157 4.180585736167e+00 1.261943500124e-06 2.012152774305e+02 3.587457219004e+01 8.893249586613e-07
3 22 2 6.06550872 1.80838140 23.29253076 11.43332081 1.62654157 4.079134938235e+00 1.206100042077e-06 1.996280857983e+02 3.437538495280e+01 8.555122274505e-07
3 23 2 6.06550872 1.80838140 23.29253076 11.43332081 1.62654157 3.985249616910e+00 1.156209217074e-06 1.970334668288e+02 3.289515663712e+01 8.253239596195e-07
3 24 2 6.06550872 1.80838140 23.29253076 11.43332081 1.62654157 3.902531863224e+00 1.111987896073e-06 1.933624666006e+02 3.164111333036e+01 7.986197433594e-07
3 25 2 6.06550872 1.80838140 23.29253076 11.43332081 1.62654157 3.833425746517e+00 1.073176289930e-06 1.891418050517e+02 3.078760155115e+01 7.752707480104e-07
3 26 2 6.06550872 1.80838140 23.29253076 11.43332081 1.62654157 3.778386665196e+00 1.039538453296e-06 1.852937381260e+02 3.043509268166e+01 7.551599829670e-07
3 27 2 6.06550872 1.80838140 23.29253076 11.43332081 1.62654157 3.736382307935e+00 1.010862746599e-06 1.827237352733e+02 3.057697440224e+01 7.381825350201e-07
3 28 2 6.06550872 1.80838140 23.29253076 11.43332081 1.62654157 3.706502064218e+00 9.869622555087e-07 1.818917304449e+02 3.109964229703e+01 7.242457838056e-07
3 29 2 6.06550872 1.80838140 23.29253076 11.43332081 1.62654157 3.689541077675e+00 9.676751672908e-07 1.826273604475e+02 3.182099940865e+01 7.132695950579e-07
3 30 2 6.06550872 1.80838140 23.29253076 11.43332081 1.62654157 3.688007130105e+00 9.528651035639e-07 1.842622038722e+02 3.254367922453e+01 7.051864913967e-07
3 31 2 6.06550872 1.80838140 23.29253076 11.43332081 1.62654157 3.704133997321e+00 9.424214089819e-07 1.859346830235e+02 3.309582894892e+01 6.999418004041e-07
3 32 2 6.06550872 1.80838140 23.29253076 11.43332081 1.62654157 3.737519737369e+00 9.362593954504e-07 1.869142009104e+02 3.335531414535e+01 6.974937797801e-07
3 33 2 6.06550872 1.80838140 23.29253076 11.43332081 1.62654157 3.784698992428e+00 9.343205415328e-07 1.868903047924e+02 3.327099221275e+01 6.978137193943e-07
3 34 2 6.06550872 1.80838140 23.29253076 11.43332081 1.62654157 3.841203843537e+00 9.365726467564e-07 1.861559617004e+02 3.288473201442e+01 7.008860200821e-07
3 35 2 6.06550872 1.80838140 23.29253076 11.43332081 1.62654157 3.904223655237e+00 9.430099405926e-07 1.855357177844e+02 3.233610359606e+01 7.067082490644e-07
3 36 2 6.06550872 1.80838140 23.29253076 11.43332081 1.62654157 3.973512928452e+00 9.536531459378e-07 1.860048407116e+02 3.183104741344e+01 7.152911719007e-07
3 37 2 6.06550872 1.80838140 23.29253076 11.43332081 1.62654157 4.050078832417e+00 9.685494969840e-07 1.881962904030e+02 3.158219814324e+01 7.266587609168e-07
3 38 2 6.06550872 1.80838140 23.29253076 11.43332081 1.62654157 4.134179736194e+00 9.877727114215e-07 1.920987226288e+02 3.175177675538e+01 7.408481800775e-07
3 39 2 6.06550872 1.80838140 23.29253076 11.43332081 1.62654157 4.224350183569e+00 1.011422916980e-06 1.970791401379e+02 3.242047416016e+01 7.579097463090e-07
3 40 2 6.06550872 1.80838140 23.29253076 11.43332081 1.62654157 4.317957030065e+00 1.039626532368e-06 2.021502573166e+02 3.357844492401e+01 7.779068673030e-07
3 41 2 6.06550872 1.80838140 23.29253076 11.43332081 1.62654157 4.412743597879e+00 1.072536102731e-06 2.063642911174e+02 3.512276910698e+01 8.009159558688e-07
3 42 2 6.06550872 1.80838140 23.29253076 11.43332081 1.62654157 4.508445976153e+00 1.110330089806e-06 2.092426116565e+02 3.686254201378e+01 8.270263209284e-07
3 43 2 6.06550872 1.80838140 23.29253076 11.43332081 1.62654157 4.607409482623e+00 1.153212617009e-06 2.110712583464e+02 3.855085359388e+01 8.563400352813e-07
3 44 2 6.06550872 1.80838140 23.29253076 11.43332081 1.62654157 4.713347876409e+00 1.201413169751e-06 2.128328480748e+02 3.995107021213e+01 8.889717802970e-07
3 45 2 6.06550872 1.80838140 23.29253076 11.43332081 1.62654157 4.828667110959e+00 1.255186251332e-06 2.157341273903e+02 4.091166519527e+01 9.250486677224e-07
3 46 2 6.06550872 1.80838140 23.29253076 11.43332081 1.62654157 4.952496263242e+00 1.314810994818e-06 2.206064658804e+02 4.140976236936e+01 9.647100388228e-07
3 47 2 6.06550872 1.80838140 23.29253076 11.43332081 1.62654157 5.081589122808e+00 1.380590731370e-06 2.275363008328e+02 4.154827936200e+01 1.008107241106e-06
3 48 2 6.06550872 1.80838140 23.29253076 11.43332081 1.62654157 5.213704739205e+00 1.452852515554e-06 2.358527249533e+02 4.152616383848e+01 1.055403382903e-06
3 49 2 6.06550872 1.80838140 23.29253076 11.43332081 1.62654157 5.350346297815e+00 1.531946608185e-06 2.443864671224e+02 4.160456158742e+01 1.106773066126e-06
3 50 2 6.06550872 1.80838140 23.29253076 11.43332081 1.62654157 5.496117341378e+00 1.618245917365e-06 2.519156742190e+02 4.206537460315e+01 1.162402097516e-06
3 51 2 6.06550872 1.80838140 23.29253076 11.43332081 1.62654157 5.655342265503e+00 1.712145398380e-06 2.577213911417e+02 4.314565032303e+01 1.222487178779e-06
3 52 2 6.06550872 1.80838140 23.29253076 11.43332081 1.62654157 5.829269544066e+00 1.814061413206e-06 2.620162316294e+02 4.495706862480e+01 1.287235575974e-06
3 53 2 6.06550872 1.80838140 23.29253076 11.43332081 1.62654157 6.016298652345e+00 1.924431050413e-06 2.659239077509e+02 4.743381842669e+01 1.356864768598e-06
3 54 2 6.06550872 1.80838140 23.29253076 11.43332081 1.62654157 6.214622434683e+00 2.043711406307e-06 2.709457294930e+02 5.034553953174e+01 1.431602078798e-06
3 55 2 6.06550872 1.80838140 23.29253076 11.43332081 1.62654157 6.424848447197e+00 2.172378828217e-06 2.782347026901e+02 5.336498731832e+01 1.511684281210e-06
3 56 2 6.06550872 1.80838140 23.29253076 11.43332081 1.62654157 6.650713641324e+00 2.310928120856e-06 2.880725086252e+02 5.614646753574e+01 1.597357193902e-06
3 57 2 6.06550872 1.80838140 23.29253076 11.43332081 1.62654157 6.897439905502e+00 2.459871716759e-06 2.997129517358e+02 5.838859480283e+01 1.688875250974e-06
3 58 2 6.06550872 1.80838140 23.29253076 11.43332081 1.62654157 7.168451745670e+00 2.619738811848e-06 3.115995758199e+02 5.989325667863e+01 1.786501057353e-06
3 59 2 6.06550872 1.80838140 23.29253076 11.43332081 1.62654157 7.462370067861e+00 2.791074467185e-06 3.219722484710e+02 6.063340698247e+01 1.890504926370e-06
3 60 2 6.06550872 1.80838140 23.29253076 11.43332081 1.62654157 7.772926898271e+00 2.974438678086e-06 3.297363879292e+02 6.080095052152e+01 2.001164400718e-06
3 61 2 6.06550872 1.80838140 23.29253076 11.43332081 1.62654157 8.092864529037e+00 3.170405411732e-06 3.351379708728e+02 6.078302380073e+01 2.118763757422e-06
3 62 2 6.06550872 1.80838140 23.29253076 11.43332081 1.62654157 8.419048125776e+00 3.379561614540e-06 3.397333650874e+02 6.105472715699e+01 2.243593497468e-06
3 63 2 6.06550872 1.80838140 23.29253076 11.43332081 1.62654157 8.753843990061e+00 3.602506190519e-06 3.456171851747e+02 6.204106424055e+01 2.375949820761e-06
5 0 2 6.21850139 1.75110686 19.91472584 10.47280517 1.56022546 4.871410439200e+00 1.178556060884e-04 2.496241342106e+02 3.537162905123e+01 6.085354522824e-05
5 1 2 6.21850139 1.75110686 19.91472584 10.47280517 1.56022546 4.640655818107e+00 1.135543345568e-04 2.429590400787e+02 3.461098407340e+01 5.870708147351e-05
5 2 2 6.21850139 1.75110686 19.91472584 10.47280517 1.56022546 4.472697925066e+00 1.089049231736e-04 2.363110384379e+02 3.397457283170e+01 5.636556065299e-05
5 3 2 6.21850139 1.75110686 19.91472584 10.47280517 1.56022546 4.362401367709e+00 1.039642979738e-04 2.297204536132e+02 3.344971477416e+01 5.385925569433e-05
5 4 2 6.21850139 1.75110686 19.91472584 10.47280517 1.56022546 4.303981409090e+00 9.878998033975e-05 2.233221312309e+02 3.304644946586e+01 5.121887094116e-05
5 5 2 6.21850139 1.75110686 19.91472584 10.47280517 1.56022546 4.293855883184e+00 9.343915690814e-05 2.172054612467e+02 3.277483822158e+01 4.847503435243e-05
5 6 2 6.21850139 1.75110686 19.91472584 10.47280517 1.56022546 4.327908141614e+00 8.796781957774e-05 2.113427191235e+02 3.261891625121e+01 4.565782648849e-05
5 7 2 6.21850139 1.75110686 19.91472584 10.47280517 1.56022546 4.397535125182e+00 8.242998703865e-05 2.056631117124e+02 3.253981064931e+01 4.279635265852e-05
5 8 2 6.21850139 1.75110686 19.91472584 10.47280517 1.56022546 4.491771328177e+00 7.687701733187e-05 2.001406283889e+02 3.249994791368e+01 3.991836356888e-05
5 9 2 6.21850139 1.75110686 19.91472584 10.47280517 1.56022546 4.604315448554e+00 7.135701893351e-05 1.947814909612e+02 3.247875284122e+01 3.704992871688e-05
5 10 2 6.21850139 1.75110686 19.91472584 10.47280517 1.56022546 4.736326586501e+00 6.591436577346e-05 1.895720085567e+02 3.246801169952e+01 3.421516563829e-05
5 11 2 6.21850139 1.75110686 19.91472584 10.47280517 1.56022546 4.890204648450e+00 6.058931948112e-05 1.844963432656e+02 3.245882825717e+01 3.143602696053e-05
5 12 2 6.21850139 1.75110686 19.91472584 10.47280517 1.56022546 5.061271339381e+00 5.541776003793e-05 1.796010351425e+02 3.243739853955e+01 2.873214605659e-05
5 13 2 6.21850139 1.75110686 19.91472584 10.47280517 1.56022546 5.237775492530e+00 5.043102394261e-05 1.749891077414e+02 3.239566855231e+01 2.612074095697e-05
5 14 2 6.21850139 1.75110686 19.91472584 10.47280517 1.56022546 5.409673052962e+00 4.565584699469e-05 1.707255072779e+02 3.234454930152e+01 2.361657507796e-05
5 15 2 6.21850139 1.75110686 19.91472584 10.47280517 1.56022546 5.575666885611e+00 4.111440690883e-05 1.667770500454e+02 3.230957872080e+01 2.123197228173e-05
5 16 2 6.21850139 1.75110686 19.91472584 10.47280517 1.56022546 5.740150972222e+00 3.682445921565e-05 1.630629168349e+02 3.230814262339e+01 1.897688281482e-05
5 17 2 6.21850139 1.75110686 19.91472584 10.47280517 1.56022546 5.904214466704e+00 3.279955831302e-05 1.595281315260e+02 3.233388503974e+01 1.685899579180e-05
5 18 2 6.21850139 1.75110686 19.91472584 10.47280517 1.56022546 6.061726915907e+00 2.904935412914e-05 1.561423478676e+02 3.236742658974e+01 1.488389311337e-05
5 19 2 6.21850139 1.75110686 19.91472584 10.47280517 1.56022546 6.204440080720e+00 2.557995366714e-05 1.528733933313e+02 3.239771882146e+01 1.305523904621e-05
5 20 2 6.21850139 1.75110686 19.91472584 10.47280517 1.56022546 6.328818141517e+00 2.239433573652e-05 1.497230114522e+02 3.242600808203e+01 1.137499915384e-05
5 21 2 6.21850139 1.75110686 19.91472584 10.47280517 1.56022546 6.436383595607e+00 1.949280645449e-05 1.467804525813e+02 3.245168225880e+01 9.843681861949e-06
5 22 2 6.21850139 1.75110686 19.91472584 10.47280517 1.56022546 6.528857231623e+00 1.687348262830e-05 1.441874831587e+02 3.246345063224e+01 8.460595673699e-06
5 23 2 6.21850139 1.75110686 19.91472584 10.47280517 1.56022546 6.605848303296e+00 1.453278991294e-05 1.420269540149e+02 3.244801200832e+01 7.224114922067e-06
5 24 2 6.21850139 1.75110686 19.91472584 10.47280517 1.56022546 6.667987624182e+00 1.246596267874e-05 1.402580175851e+02 3.240437726796e+01 6.131946959378e-06
5 25 2 6.21850139 1.75110686 19.91472584 10.47280517 1.56022546 6.719844902812e+00 1.066753281500e-05 1.387632084725e+02 3.234776197337e+01 5.181393835569e-06
5 26 2 6.21850139 1.75110686 19.91472584 10.47280517 1.56022546 6.767129684689e+00 9.131795232562e-06 1.374412423152e+02 3.230003258404e+01 4.369601802948e-06
5 27 2 6.21850139 1.75110686 19.91472584 10.47280517 1.56022546 6.811302052220e+00 7.853238597090e-06 1.362527155247e+02 3.227596987768e+01 3.693792399303e-06
5 28 2 6.21850139 1.75110686 19.91472584 10.47280517 1.56022546 6.849362853890e+00 6.826930809592e-06 1.352155595326e+02 3.227821161697e+01 3.151469394658e-06
5 29 2 6.21850139 1.75110686 19.91472584 10.47280517 1.56022546 6.880065274043e+00 6.048849933383e-06 1.344042104914e+02 3.230567719007e+01 2.740596528982e-06
5 30 2 6.21850139 1.75110686 19.91472584 10.47280517 1.56022546 6.908546020828e+00 5.516152622507e-06 1.339483475373e+02 3.236392026322e+01 2.459741706212e-06
5 31 2 6.21850139 1.75110686 19.91472584 10.47280517 1.56022546 6.942345762666e+00 5.227373611493e-06 1.339717418196e+02 3.246103230201e+01 2.308184130013e-06
5 32 2 6.21850139 1.75110686 19.91472584 10.47280517 1.56022546 6.982604119788e+00 5.182551451384e-06 1.344871967843e+02 3.259208872381e+01 2.285981753149e-06
5 33 2 6.21850139 1.75110686 19.91472584 10.47280517 1.56022546 7.021008108514e+00 5.383277392346e-06 1.353642438585e+02 3.273437698795e+01 2.393997348727e-06
5 34 2 6.21850139 1.75110686 19.91472584 10.47280517 1.56022546 7.046602685836e+00 5.832666087285e-06 1.364257076501e+02 3.286361408441e+01 2.633882480321e-06
5 35 2 6.21850139 1.75110686 19.91472584 10.47280517 1.56022546 7.054694567672e+00 6.535248591191e-06 1.375731487419e+02 3.297274699876e+01 3.008019631293e-06
5 36 2 6.21850139 1.75110686 19.91472584 10.47280517 1.56022546 7.047811140394e+00 7.496789924391e-06 1.388202463127e+02 3.307157772936e+01 3.519423733074e-06
5 37 2 6.21850139 1.75110686 19.91472584 10.47280517 1.56022546 7.028724044553e+00 8.724035221648e-06 1.402438672806e+02 3.317090281624e+01 4.171605289770e-06
5 38 2 6.21850139 1.75110686 19.91472584 10.47280517 1.56022546 6.994916786606e+00 1.022439017076e-05 1.419376696409e+02 3.327150834511e+01 4.968398214235e-06
5 39 2 6.21850139 1.75110686 19.91472584 10.47280517 1.56022546 6.940934694763e+00 1.200554302295e-05 1.439896904285e+02 3.336756910972e+01 5.913756351677e-06
5 40 2 6.21850139 1.75110686 19.91472584 10.47280517 1.56022546 6.864459175271e+00 1.407503690330e-05 1.464430036497e+02 3.345634825602e+01 7.011523454512e-06
5 41 2 6.21850139 1.75110686 19.91472584 10.47280517 1.56022546 6.767877512355e+00 1.643980243572e-05 1.492438050995e+02 3.354186384938e+01 8.265182071697e-06
5 42 2 6.21850139 1.75110686 19.91472584 10.47280517 1.56022546 6.654254752979e+00 1.910566179838e-05 1.522498891347e+02 3.362778847618e+01 9.677587413388e-06
5 43 2 6.21850139 1.75110686 19.91472584 10.47280517 1.56022546 6.524418963197e+00 2.207681622085e-05 1.553311788551e+02 3.370685996291e+01 1.125069273569e-05
5 44 2 6.21850139 1.75110686 19.91472584 10.47280517 1.56022546 6.379507235868e+00 2.535532960485e-05 1.584718062072e+02 3.376166305829e+01 1.298527315034e-05
5 45 2 6.21850139 1.75110686 19.91472584 10.47280517 1.56022546 6.224565414761e+00 2.894062138207e-05 1.617595987755e+02 3.378129160758e+01 1.488065499266e-05
5 46 2 6.21850139 1.75110686 19.91472584 10.47280517 1.56022546 6.066539908686e+00 3.282898190413e-05 1.652882131501e+02 3.377548985226e+01 1.693445797177e-05
5 47 2 6.21850139 1.75110686 19.91472584 10.47280517 1.56022546 5.907995064868e+00 3.701312358520e-05 1.691038651545e+02 3.376546936735e+01 1.914235727720e-05
5 48 2 6.21850139 1.75110686 19.91472584 10.47280517 1.56022546 5.745072924501e+00 4.148178068460e-05 1.732339869324e+02 3.376049405769e+01 2.149787262362e-05
5 49 2 6.21850139 1.75110686 19.91472584 10.47280517 1.56022546 5.573825040758e+00 4.621937002735e-05 1.776992561926e+02 3.375064672010e+01 2.399219088288e-05
5 50 2 6.21850139 1.75110686 19.91472584 10.47280517 1.56022546 5.397998757258e+00 5.120572412132e-05 1.824652156512e+02 3.372432682672e+01 2.661402848243e-05
5 51 2 6.21850139 1.75110686 19.91472584 10.47280517 1.56022546 5.228410388860e+00 5.641590705155e-05 1.874281019562e+02 3.368530534398e+01 2.934953914918e-05
5 52 2 6.21850139 1.75110686 19.91472584 10.47280517 1.56022546 5.073990279141e+00 6.182012222999e-05 1.924953674726e+02 3.364801156228e+01 3.218227185457e-05
5 53 2 6.21850139 1.75110686 19.91472584 10.47280517 1.56022546 4.935151027834e+00 6.738371957188e-05 1.976667705210e+02 3.362132542786e+01 3.509318298270e-05
5 54 2 6.21850139 1.75110686 19.91472584 10.47280517 1.56022546 4.807589853826e+00 7.306730798046e-05 2.030085322561e+02 3.360385173237e+01 3.806070580963e-05
5 55 2 6.21850139 1.75110686 19.91472584 10.47280517 1.56022546 4.691902463980e+00 7.882697717581e-05 2.085650205574e+02 3.359669779595e+01 4.106087936434e-05
5 56 2 6.21850139 1.75110686 19.91472584 10.47280517 1.56022546 4.597500212157e+00 8.461463093040e-05 2.143332642454e+02 3.361975836714e+01 4.406753765604e-05
5 57 2 6.21850139 1.75110686 19.91472584 10.47280517 1.56022546 4.536770377236e+00 9.037843170536e-05 2.203162509646e+02 3.371282164436e+01 4.705255911570e-05
5 58 2 6.21850139 1.75110686 19.91472584 10.47280517 1.56022546 4.517324945865e+00 9.606335455047e-05 2.265415520225e+02 3.391574407375e+01 4.998617493136e-05
5 59 2 6.21850139 1.75110686 19.91472584 10.47280517 1.56022546 4.541423051470e+00 1.016118459734e-04 2.329919007388e+02 3.424609784497e+01 5.283733377617e-05
5 60 2 6.21850139 1.75110686 19.91472584 10.47280517 1.56022546 4.611513470983e+00 1.069645813362e-04 2.395641350579e+02 3.470160678853e+01 5.557411925495e-05
5 61 2 6.21850139 1.75110686 19.91472584 10.47280517 1.56022546 4.733388246491e+00 1.120613122351e-04 2.461627567241e+02 3.528562988294e+01 5.816421525085e-05
5 62 2 6.21850139 1.75110686 19.91472584 10.47280517 1.56022546 4.913321856403e+00 1.168417933024e-04 2.528185875359e+02 3.601972754510e+01 6.057541325706e-05
5 63 2 6.21850139 1.75110686 19.91472584 10.47280517 1.56022546 5.155076562346e+00 1.212467759703e-04 2.596534294849e+02 3.692397031433e+01 6.277615475133e-05
7 0 2 4.62431191 1.61921476 12.88215420 7.14840962 1.46640250 3.059867287647e+00 6.927999121848e-06 8.977183315502e+01 1.320533733314e+01 4.077858622795e-06
7 1 2 4.62431191 1.61921476 12.88215420 7.14840962 1.46640250 2.949673821618e+00 6.700014762236e-06 8.526115433819e+01 1.253664918568e+01 3.942610076457e-06
7 2 2 4.62431191 1.61921476 12.88215420 7.14840962 1.46640250 2.841291872327e+00 6.477273907268e-06 8.171879381297e+01 1.224907354431e+01 3.810609077064e-06
7 3 2 4.62431191 1.61921476 12.88215420 7.14840962 1.46640250 2.736689242876e+00 6.259976555613e-06 7.957115834979e+01 1.227048804099e+01 3.681961679852e-06
7 4 2 4.62431191 1.61921476 12.88215420 7.14840962 1.46640250 2.638666369406e+00 6.048321247334e-06 7.850143117295e+01 1.246186779885e+01 3.556773327045e-06
7 5 2 4.62431191 1.61921476 12.88215420 7.14840962 1.46640250 2.548565756402e+00 5.842504200886e-06 7.770551211122e+01 1.266346634111e+01 3.435148376548e-06
7 6 2 4.62431191 1.61921476 12.88215420 7.14840962 1.46640250 2.465134462325e+00 5.642718474022e-06 7.633544313389e+01 1.273044805827e+01 3.317189643260e-06
7 7 2 4.62431191 1.61921476 12.88215420 7.14840962 1.46640250 2.385463534489e+00 5.449153151167e-06 7.391314418333e+01 1.255832397180e+01 3.202997954457e-06
7 8 2 4.62431191 1.61921476 12.88215420 7.14840962 1.46640250 2.307211346693e+00 5.261992559747e-06 7.056708436968e+01 1.210593980427e+01 3.092671720608e-06
7 9 2 4.62431191 1.61921476 12.88215420 7.14840962 1.46640250 2.230239078155e+00 5.081415517808e-06 6.696491462017e+01 1.141069336930e+01 2.986306522965e-06
7 10 2 4.62431191 1.61921476 12.88215420 7.14840962 1.46640250 2.156336695122e+00 4.907594615223e-06 6.393151106923e+01 1.058027601391e+01 2.883994719189e-06
7 11 2 4.62431191 1.61921476 12.88215420 7.14840962 1.46640250 2.087414781165e+00 4.740695530589e-06 6.197590138617e+01 9.756564464949e+00 2.785825068208e-06
7 12 2 4.62431191 1.61921476 12.88215420 7.14840962 1.46640250 2.023814221612e+00 4.580876385865e-06 6.104366552069e+01 9.069104728858e+00 2.691882375454e-06
7 13 2 4.62431191 1.61921476 12.88215420 7.14840962 1.46640250 1.964123552398e+00 4.428287140642e-06 6.061733438467e+01 8.602049753138e+00 2.602247159534e-06
7 14 2 4.62431191 1.61921476 12.88215420 7.14840962 1.46640250 1.906474021780e+00 4.283069027795e-06 6.002885883581e+01 8.383067067295e+00 2.516995341339e-06
7 15 2 4.62431191 1.61921476 12.88215420 7.14840962 1.46640250 1.850073827261e+00 4.145354032172e-06 5.878597031081e+01 8.385595536885e+00 2.436197956504e-06
7 16 2 4.62431191 1.61921476 12.88215420 7.14840962 1.46640250 1.795716531334e+00 4.015264413802e-06 5.679448564237e+01 8.535802109928e+00 2.359920892065e-06
7 17 2 4.62431191 1.61921476 12.88215420 7.14840962 1.46640250 1.744967749113e+00 3.892912276968e-06 5.440046222986e+01 8.726952463681e+00 2.288224648071e-06
7 18 2 4.62431191 1.61921476 12.88215420 7.14840962 1.46640250 1.698780108459e+00 3.778399186354e-06 5.220219548029e+01 8.846770175081e+00 2.221164124841e-06
7 19 2 4.62431191 1.61921476 12.88215420 7.14840962 1.46640250 1.656644700030e+00 3.671815831324e-06 5.070855056949e+01 8.811655735384e+00 2.158788436453e-06
7 20 2 4.62431191 1.61921476 12.88215420 7.14840962 1.46640250 1.616917651536e+00 3.573241739228e-06 5.006080860926e+01 8.590721378920e+00 2.101140750989e-06
7 21 2 4.62431191 1.61921476 12.88215420 7.14840962 1.46640250 1.578063496355e+00 3.482745038498e-06 4.999450695630e+01 8.207856184376e+00 2.048258157955e-06
7 22 2 4.62431191 1.61921476 12.88215420 7.14840962 1.46640250 1.539863957617e+00 3.400382272104e-06 5.002055406713e+01 7.726374543177e+00 2.000171563229e-06
7 23 2 4.62431191 1.61921476 12.88215420 7.14840962 1.46640250 1.503659128291e+00 3.326198261836e-06 4.967779110109e+01 7.229733004473e+00 1.956905611774e-06
7 24 2 4.62431191 1.61921476 12.88215420 7.14840962 1.46640250 1.471445724706e+00 3.260226023672e-06 4.874182347567e+01 6.805370842880e+00 1.918478638299e-06
7 25 2 4.62431191 1.61921476 12.88215420 7.14840962 1.46640250 1.444582559001e+00 3.202486734351e-06 4.733371653612e+01 6.528475002115e+00 1.884902645929e-06
7 26 2 4.62431191 1.61921476 12.88215420 7.14840962 1.46640250 1.423164971069e+00 3.152989749133e-06 4.587368229090e+01 6.442920617365e+00 1.856183312881e-06
7 27 2 4.62431191 1.61921476 12.88215420 7.14840962 1.46640250 1.406531764781e+00 3.111732670521e-06 4.486376553802e+01 6.546234797095e+00 1.832320027046e-06
7 28 2 4.62431191 1.61921476 12.88215420 7.14840962 1.46640250 1.394378746337e+00 3.078701467616e-06 4.460914702753e+01 6.789589778381e+00 1.813305948282e-06
7 29 2 4.62431191 1.61921476 12.88215420 7.14840962 1.46640250 1.387453262944e+00 3.053870645583e-06 4.506092567617e+01 7.094936508258e+00 1.799128098146e-06
7 30 2 4.62431191 1.61921476 12.88215420 7.14840962 1.46640250 1.387212119189e+00 3.037203464564e-06 4.586801623064e+01 7.378972576463e+00 1.789767476707e-06
7 31 2 4.62431191 1.61921476 12.88215420 7.14840962 1.46640250 1.394731274572e+00 3.028652207219e-06 4.656957603717e+01 7.571901130820e+00 1.785199205976e-06
7 32 2 4.62431191 1.61921476 12.88215420 7.14840962 1.46640250 1.409759106071e+00 3.028158493937e-06 4.681145248175e+01 7.628503441668e+00 1.785392699442e-06
7 33 2 4.62431191 1.61921476 12.88215420 7.14840962 1.46640250 1.430653031831e+00 3.035653644581e-06 4.651437258652e+01 7.536686967499e+00 1.790311857082e-06
7 34 2 4.62431191 1.61921476 12.88215420 7.14840962 1.46640250 1.455240082334e+00 3.051059085527e-06 4.593547443118e+01 7.324895626389e+00 1.799915285158e-06
7 35 2 4.62431191 1.61921476 12.88215420 7.14840962 1.46640250 1.481970206572e+00 3.074286800586e-06 4.555857331288e+01 7.061132327554e+00 1.814156540019e-06
7 36 2 4.62431191 1.61921476 12.88215420 7.14840962 1.46640250 1.510543705499e+00 3.105239824265e-06 4.583070402640e+01 6.836494519441e+00 1.832984395067e-06
7 37 2 4.62431191 1.61921476 12.88215420 7.14840962 1.46640250 1.541582162346e+00 3.143812775706e-06 4.690025752536e+01 6.737406752241e+00 1.856343129953e-06
7 38 2 4.62431191 1.61921476 12.88215420 7.14840962 1.46640250 1.575619404309e+00 3.189892431493e-06 4.853296256277e+01 6.820474045051e+00 1.884172841004e-06
7 39 2 4.62431191 1.61921476 12.88215420 7.14840962 1.46640250 1.612242901172e+00 3.243358335416e-06 5.024191749093e+01 7.100482273181e+00 1.916409771824e-06
7 40 2 4.62431191 1.61921476 12.88215420 7.14840962 1.46640250 1.650162736607e+00 3.304083443134e-06 5.153075086309e+01 7.550127263566e+00 1.952986662930e-06
7 41 2 4.62431191 1.61921476 12.88215420 7.14840962 1.46640250 1.688251818752e+00 3.371934799600e-06 5.213527265194e+01 8.104459394930e+00 1.993833119229e-06
7 42 2 4.62431191 1.61921476 12.88215420 7.14840962 1.46640250 1.726714605589e+00 3.446774246974e-06 5.218062893793e+01 8.669382723862e+00 2.038875994088e-06
7 43 2 4.62431191 1.61921476 12.88215420 7.14840962 1.46640250 1.767309110565e+00 3.528459160676e-06 5.216427878894e+01 9.140611240525e+00 2.088039788673e-06
7 44 2 4.62431191 1.61921476 12.88215420 7.14840962 1.46640250 1.812293654549e+00 3.616843211114e-06 5.271332995544e+01 9.434370582817e+00 2.141247065217e-06
7 45 2 4.62431191 1.61921476 12.88215420 7.14840962 1.46640250 1.862896233411e+00 3.711777148551e-06 5.422188714775e+01 9.517624213097e+00 2.198418872789e-06
7 46 2 4.62431191 1.61921476 12.88215420 7.14840962 1.46640250 1.918572500380e+00 3.813109608493e-06 5.660779492725e+01 9.420648249268e+00 2.259475184109e-06
7 47 2 4.62431191 1.61921476 12.88215420 7.14840962 1.46640250 1.977670193240e+00 3.920687934893e-06 5.935374301161e+01 9.226432195883e+00 2.324335341936e-06
7 48 2 4.62431191 1.61921476 12.88215420 7.14840962 1.46640250 2.038939623222e+00 4.034359018419e-06 6.178447435818e+01 9.047126446848e+00 2.392918513471e-06
7 49 2 4.62431191 1.61921476 12.88215420 7.14840962 1.46640250 2.102657110077e+00 4.153970146976e-06 6.341046266674e+01 8.999947694993e+00 2.465144151226e-06
7 50 2 4.62431191 1.61921476 12.88215420 7.14840962 1.46640250 2.170474184875e+00 4.279369865589e-06 6.419249224787e+01 9.184003975342e+00 2.540932458776e-06
7 51 2 4.62431191 1.61921476 12.88215420 7.14840962 1.46640250 2.244115952696e+00 4.410408842767e-06 6.461522800896e+01 9.653427054528e+00 2.620204859762e-06
7 52 2 4.62431191 1.61921476 12.88215420 7.14840962 1.46640250 2.323945948723e+00 4.546940740381e-06 6.547841366925e+01 1.039171732526e+01 2.702884468534e-06
7 53 2 4.62431191 1.61921476 12.88215420 7.14840962 1.46640250 2.408575627490e+00 4.688823084099e-06 6.745017172410e+01 1.130458218391e+01 2.788896560775e-06
7 54 2 4.62431191 1.61921476 12.88215420 7.14840962 1.46640250 2.495969629214e+00 4.835918131374e-06 7.064415728498e+01 1.224365482926e+01 2.878169042457e-06
7 55 2 4.62431191 1.61921476 12.88215420 7.14840962 1.46640250 2.585289084272e+00 4.988093734013e-06 7.452191688308e+01 1.305208997849e+01 2.970632915478e-06
7 56 2 4.62431191 1.61921476 12.88215420 7.14840962 1.46640250 2.677919774307e+00 5.145224192297e-06 7.818264647568e+01 1.360845927006e+01 3.066222738306e-06
7 57 2 4.62431191 1.61921476 12.88215420 7.14840962 1.46640250 2.776590672608e+00 5.307191097688e-06 8.083705836258e+01 1.385378056009e+01 3.164877079990e-06
7 58 2 4.62431191 1.61921476 12.88215420 7.14840962 1.46640250 2.883089588614e+00 5.473884161117e-06 8.221581248227e+01 1.380493305432e+01 3.266538965893e-06
7 59 2 4.62431191 1.61921476 12.88215420 7.14840962 1.46640250 2.996492313171e+00 5.645202023937e-06 8.275129699822e+01 1.356099378096e+01 3.371156313514e-06
7 60 2 4.62431191 1.61921476 12.88215420 7.14840962 1.46640250 3.113581475626e+00 5.821053048583e-06 8.342520004937e+01 1.329469159280e+01 3.478682356792e-06
7 61 2 4.62431191 1.61921476 12.88215420 7.14840962 1.46640250 3.231249056360e+00 6.001356086087e-06 8.526897415767e+01 1.321408919238e+01 3.589076057310e-06
7 62 2 4.62431191 1.61921476 12.88215420 7.14840962 1.46640250 3.348855605884e+00 6.186041217603e-06 8.874790350611e+01 1.349762678696e+01 3.702302500837e-06
7 63 2 4.62431191 1.61921476 12.88215420 7.14840962 1.46640250 3.468509796926e+00 6.375050467172e-06 9.344157799989e+01 1.423198049860e+01 3.818333277687e-06
8 0 2 2.99125474 1.34383132 4.40104515 3.59912329 1.22210936 4.706626932424e-01 2.995944091279e-05 2.667649793644e+00 1.250857832234e+00 1.579987033238e-05
8 1 2 2.99125474 1.34383132 4.40104515 3.59912329 1.22210936 4.413477682868e-01 2.886101728254e-05 2.583668968979e+00 1.200632100717e+00 1.522058339606e-05
8 2 2 2.99125474 1.34383132 4.40104515 3.59912329 1.22210936 4.163872776754e-01 2.779907251519e-05 2.499835626904e+00 1.150209298321e+00 1.466054307791e-05
8 3 2 2.99125474 1.34383132 4.40104515 3.59912329 1.22210936 3.946925264366e-01 2.677361478252e-05 2.415429870315e+00 1.102025060045e+00 1.411975282951e-05
8 4 2 2.99125474 1.34383132 4.40104515 3.59912329 1.22210936 3.752982661539e-01 2.578465197555e-05 2.331225960819e+00 1.058519594140e+00 1.359821598381e-05
8 5 2 2.99125474 1.34383132 4.40104515 3.59912329 1.22210936 3.584003989495e-01 2.483219170446e-05 2.249232127350e+00 1.020921540863e+00 1.309593575509e-05
8 6 2 2.99125474 1.34383132 4.40104515 3.59912329 1.22210936 3.447275061614e-01 2.391624129855e-05 2.171943587077e+00 9.889137403749e-01 1.261291523895e-05
8 7 2 2.99125474 1.34383132 4.40104515 3.59912329 1.22210936 3.342185715562e-01 2.303680780615e-05 2.100926727946e+00 9.611774041357e-01 1.214915741228e-05
8 8 2 2.99125474 1.34383132 4.40104515 3.59912329 1.22210936 3.258318348087e-01 2.219389799462e-05 2.035267747693e+00 9.357610616947e-01 1.170466513329e-05
8 9 2 2.99125474 1.34383132 4.40104515 3.59912329 1.22210936 3.187097335613e-01 2.138751835023e-05 1.971699212236e+00 9.102825493101e-01 1.127944114140e-05
8 10 2 2.99125474 1.34383132 4.40104515 3.59912329 1.22210936 3.130988349833e-01 2.061767507818e-05 1.906594471492e+00 8.826977199577e-01 1.087348805733e-05
8 11 2 2.99125474 1.34383132 4.40104515 3.59912329 1.22210936 3.097983104285e-01 1.988437410250e-05 1.838090513046e+00 8.522333580389e-01 1.048680838299e-05
8 12 2 2.99125474 1.34383132 4.40104515 3.59912329 1.22210936 3.089086721744e-01 1.918762106601e-05 1.767315962900e+00 8.194789357106e-01 1.011940450154e-05
8 13 2 2.99125474 1.34383132 4.40104515 3.59912329 1.22210936 3.095584458707e-01 1.852742133033e-05 1.698387544468e+00 7.858262034450e-01 9.771278677306e-06
8 14 2 2.99125474 1.34383132 4.40104515 3.59912329 1.22210936 3.109210147028e-01 1.790377997576e-05 1.636540370371e+00 7.531056666876e-01 9.442433055836e-06
8 15 2 2.99125474 1.34383132 4.40104515 3.59912329 1.22210936 3.130893426665e-01 1.731670180129e-05 1.585087493213e+00 7.233142325244e-01 9.132869663832e-06
8 16 2 2.99125474 1.34383132 4.40104515 3.59912329 1.22210936 3.166095643556e-01 1.676619132455e-05 1.543507931547e+00 6.979290159956e-01 8.842590409163e-06
8 17 2 2.99125474 1.34383132 4.40104515 3.59912329 1.22210936 3.213289656029e-01 1.625225278180e-05 1.507836672781e+00 6.772757289769e-01 8.571597080849e-06
8 18 2 2.99125474 1.34383132 4.40104515 3.59912329 1.22210936 3.261506066781e-01 1.577489012785e-05 1.472723946481e+00 6.606730152493e-01 8.319891349046e-06
8 19 2 2.99125474 1.34383132 4.40104515 3.59912329 1.22210936 3.300494678461e-01 1.533410703605e-05 1.434311489253e+00 6.469948413844e-01 8.087474765041e-06
8 20 2 2.99125474 1.34383132 4.40104515 3.59912329 1.22210936 3.329985745915e-01 1.492990689828e-05 1.392657920522e+00 6.349382471783e-01 7.874348761240e-06
8 21 2 2.99125474 1.34383132 4.40104515 3.59912329 1.22210936 3.355946291305e-01 1.456229282491e-05 1.351828832381e+00 6.231800857127e-01 7.680514651159e-06
8 22 2 2.99125474 1.34383132 4.40104515 3.59912329 1.22210936 3.379464185470e-01 1.423126764478e-05 1.317321757815e+00 6.108400258880e-01 7.505973629417e-06
8 23 2 2.99125474 1.34383132 4.40104515 3.59912329 1.22210936 3.393746565361e-01 1.393683390516e-05 1.292739468428e+00 5.978496969353e-01 7.350726771725e-06
8 24 2 2.99125474 1.34383132 4.40104515 3.59912329 1.22210936 3.393446970589e-01 1.367899387175e-05 1.277640802072e+00 5.847488556981e-01 7.214775034886e-06
8 25 2 2.99125474 1.34383132 4.40104515 3.59912329 1.22210936 3.383615536343e-01 1.345774952866e-05 1.267504835293e+00 5.723111062980e-01 7.098119256783e-06
8 26 2 2.99125474 1.34383132 4.40104515 3.59912329 1.22210936 3.375940161818e-01 1.327310257839e-05 1.256191657674e+00 5.614964645850e-01 7.000760156376e-06
8 27 2 2.99125474 1.34383132 4.40104515 3.59912329 1.22210936 3.376982735482e-01 1.312505444183e-05 1.239827857529e+00 5.534039348388e-01 6.922698333700e-06
8 28 2 2.99125474 1.34383132 4.40104515 3.59912329 1.22210936 3.383727623081e-01 1.301360625821e-05 1.219439124446e+00 5.488495486371e-01 6.863934269857e-06
8 29 2 2.99125474 1.34383132 4.40104515 3.59912329 1.22210936 3.391726603121e-01 1.293875888515e-05 1.200556462339e+00 5.479919308769e-01 6.824468327014e-06
8 30 2 2.99125474 1.34383132 4.40104515 3.59912329 1.22210936 3.404126241920e-01 1.290051289860e-05 1.190321847639e+00 5.504370313006e-01 6.804300748406e-06
8 31 2 2.99125474 1.34383132 4.40104515 3.59912329 1.22210936 3.428844067040e-01 1.289886859287e-05 1.193628403625e+00 5.554744418294e-01 6.803431658325e-06
8 32 2 2.99125474 1.34383132 4.40104515 3.59912329 1.22210936 3.467413673977e-01 1.293382598062e-05 1.210148367434e+00 5.621006895511e-01 6.821861062129e-06
8 33 2 2.99125474 1.34383132 4.40104515 3.59912329 1.22210936 3.510567331838e-01 1.300538479285e-05 1.234264312697e+00 5.691892880045e-01 6.859588846236e-06
8 34 2 2.99125474 1.34383132 4.40104515 3.59912329 1.22210936 3.546850382888e-01 1.311354447889e-05 1.258253767551e+00 5.760372945854e-01 6.916614778125e-06
8 35 2 2.99125474 1.34383132 4.40104515 3.59912329 1.22210936 3.573217920383e-01 1.325830420645e-05 1.276530517434e+00 5.827370235252e-01 6.992938506340e-06
8 36 2 2.99125474 1.34383132 4.40104515 3.59912329 1.22210936 3.593989134283e-01 1.343966286159e-05 1.288409313437e+00 5.899611739957e-01 7.088559560491e-06
8 37 2 2.99125474 1.34383132 4.40104515 3.59912329 1.22210936 3.610253012181e-01 1.365761904873e-05 1.298252189633e+00 5.985870241747e-01 7.203477351257e-06
8 38 2 2.99125474 1.34383132 4.40104515 3.59912329 1.22210936 3.614692386067e-01 1.391217109067e-05 1.312872424396e+00 6.095335234057e-01 7.337691170386e-06
8 39 2 2.99125474 1.34383132 4.40104515 3.59912329 1.22210936 3.599392910180e-01 1.420331702861e-05 1.337392290016e+00 6.234919149789e-01 7.491200190708e-06
8 40 2 2.99125474 1.34383132 4.40104515 3.59912329 1.22210936 3.566406899584e-01 1.453105462214e-05 1.372284156798e+00 6.404374616254e-01 7.664003466131e-06
8 41 2 2.99125474 1.34383132 4.40104515 3.59912329 1.22210936 3.526729574639e-01 1.489538134929e-05 1.413528977050e+00 6.595335469186e-01 7.856099931653e-06
8 42 2 2.99125474 1.34383132 4.40104515 3.59912329 1.22210936 3.488696521240e-01 1.529629440651e-05 1.455264757409e+00 6.796872725504e-01 8.067488403363e-06
8 43 2 2.99125474 1.34383132 4.40104515 3.59912329 1.22210936 3.451016273381e-01 1.573379070874e-05 1.493198125100e+00 7.000974888143e-01 8.298167578455e-06
8 44 2 2.99125474 1.34383132 4.40104515 3.59912329 1.22210936 3.409389198749e-01 1.620786688940e-05 1.527206469088e+00 7.203663116030e-01 8.548136035231e-06
8 45 2 2.99125474 1.34383132 4.40104515 3.59912329 1.22210936 3.367232337264e-01 1.671851930040e-05 1.561485677058e+00 7.405886577954e-01 8.817392233113e-06
8 46 2 2.99125474 1.34383132 4.40104515 3.59912329 1.22210936 3.335418788542e-01 1.726574401222e-05 1.601827946167e+00 7.615653838861e-01 9.105934512646e-06
8 47 2 2.99125474 1.34383132 4.40104515 3.59912329 1.22210936 3.320948062635e-01 1.784953681391e-05 1.652073183690e+00 7.845493254876e-01 9.413761095519e-06
8 48 2 2.99125474 1.34383132 4.40104515 3.59912329 1.22210936 3.319799832318e-01 1.846989321311e-05 1.712085454206e+00 8.104591792635e-01 9.740870084565e-06
8 49 2 2.99125474 1.34383132 4.40104515 3.59912329 1.22210936 3.323871704466e-01 1.912680843611e-05 1.777850766050e+00 8.394195482155e-01 1.008725946378e-05
8 50 2 2.99125474 1.34383132 4.40104515 3.59912329 1.22210936 3.332885017056e-01 1.982027742786e-05 1.843516744188e+00 8.709482152339e-01 1.045292709834e-05
8 51 2 2.99125474 1.34383132 4.40104515 3.59912329 1.22210936 3.355313224717e-01 2.055029485205e-05 1.904694433240e+00 9.041191025871e-01 1.083787073459e-05
8 52 2 2.99125474 1.34383132 4.40104515 3.59912329 1.22210936 3.397287149012e-01 2.131685509110e-05 1.960875455822e+00 9.375312945198e-01 1.124208800009e-05
8 53 2 2.99125474 1.34383132 4.40104515 3.59912329 1.22210936 3.454965075665e-01 2.211995224625e-05 2.015181463230e+00 9.697722598869e-01 1.166557640361e-05
8 54 2 2.99125474 1.34383132 4.40104515 3.59912329 1.22210936 3.521339766461e-01 2.295958013757e-05 2.072240681134e+00 1.000316782871e+00 1.210833333516e-05
8 55 2 2.99125474 1.34383132 4.40104515 3.59912329 1.22210936 3.598648973382e-01 2.383573230402e-05 2.135816394411e+00 1.029838797330e+00 1.257035606597e-05
8 56 2 2.99125474 1.34383132 4.40104515 3.59912329 1.22210936 3.699339110099e-01 2.474840200352e-05 2.206922919470e+00 1.059767860562e+00 1.305164174856e-05
8 57 2 2.99125474 1.34383132 4.40104515 3.59912329 1.22210936 3.833570914958e-01 2.569758221297e-05 2.283461836416e+00 1.091977493668e+00 1.355218741671e-05
8 58 2 2.99125474 1.34383132 4.40104515 3.59912329 1.22210936 3.999654092334e-01 2.668326562831e-05 2.362081178963e+00 1.128656240312e+00 1.407198998552e-05
8 59 2 2.99125474 1.34383132 4.40104515 3.59912329 1.22210936 4.190388816405e-01 2.770544466459e-05 2.440573444216e+00 1.171533070446e+00 1.461104625140e-05
8 60 2 2.99125474 1.34383132 4.40104515 3.59912329 1.22210936 4.406871275305e-01 2.876411145604e-05 2.518750816875e+00 1.220777124476e+00 1.516935289208e-05
8 61 2 2.99125474 1.34383132 4.40104515 3.59912329 1.22210936 4.660561697543e-01 2.985925785609e-05 2.598051501865e+00 1.274866150791e+00 1.574690646668e-05
8 62 2 2.99125474 1.34383132 4.40104515 3.59912329 1.22210936 4.959737568677e-01 3.099087543745e-05 2.680613742090e+00 1.331384211137e+00 1.634370341566e-05
8 63 2 2.99125474 1.34383132 4.40104515 3.59912329 1.22210936 5.298232340472e-01 3.215895549220e-05 2.767793613508e+00 1.387570732079e+00 1.695974006092e-05
11 0 2 3.62457503 1.52836940 6.99238220 5.05060393 1.40724923 1.126614443313e+00 2.658525633112e-06 1.352566637862e+01 4.067338064573e+00 1.732035946145e-06
11 1 2 3.62457503 1.52836940 6.99238220 5.05060393 1.40724923 1.090609473811e+00 2.509307730812e-06 1.310239014535e+01 3.953392566866e+00 1.640826041987e-06
11 2 2 3.62457503 1.52836940 6.99238220 5.05060393 1.40724923 1.054513916200e+00 2.367991181645e-06 1.272503231265e+01 3.852173434768e+00 1.554213911179e-06
11 3 2 3.62457503 1.52836940 6.99238220 5.05060393 1.40724923 1.019175042111e+00 2.234318653972e-06 1.236422486620e+01 3.751931404574e+00 1.472063313281e-06
11 4 2 3.62457503 1.52836940 6.99238220 5.05060393 1.40724923 9.860326348290e-01 2.108034170752e-06 1.198578491107e+01 3.642313077972e+00 1.394238578714e-06
11 5 2 3.62457503 1.52836940 6.99238220 5.05060393 1.40724923 9.557266304405e-01 1.988883644747e-06 1.157927663939e+01 3.521272994785e+00 1.320604903929e-06
11 6 2 3.62457503 1.52836940 6.99238220 5.05060393 1.40724923 9.275971780611e-01 1.876615406422e-06 1.115718829916e+01 3.393642912313e+00 1.251028642716e-06
11 7 2 3.62457503 1.52836940 6.99238220 5.05060393 1.40724923 9.002988548656e-01 1.770980723798e-06 1.073537605632e+01 3.264484336867e+00 1.185377593226e-06
11 8 2 3.62457503 1.52836940 6.99238220 5.05060393 1.40724923 8.728123059616e-01 1.671734313538e-06 1.032902676118e+01 3.136113699582e+00 1.123521280291e-06
11 9 2 3.62457503 1.52836940 6.99238220 5.05060393 1.40724923 8.450669664637e-01 1.578634842534e-06 9.960151078479e+00 3.011343967023e+00 1.065331232639e-06
11 10 2 3.62457503 1.52836940 6.99238220 5.05060393 1.40724923 8.178553951840e-01 1.491445419305e-06 9.647586223517e+00 2.896541978238e+00 1.010681254588e-06
11 11 2 3.62457503 1.52836940 6.99238220 5.05060393 1.40724923 7.921669846880e-01 1.409934074514e-06 9.384893497223e+00 2.798753435081e+00 9.594476918385e-07
11 12 2 3.62457503 1.52836940 6.99238220 5.05060393 1.40724923 7.683810857987e-01 1.333874229926e-06 9.141125415836e+00 2.719819030088e+00 9.115096909764e-07
11 13 2 3.62457503 1.52836940 6.99238220 5.05060393 1.40724923 7.459217019582e-01 1.263045155172e-06 8.888556687583e+00 2.654856190037e+00 8.667494523103e-07
11 14 2 3.62457503 1.52836940 6.99238220 5.05060393 1.40724923 7.237309682479e-01 1.197232411655e-06 8.622034893519e+00 2.596906073957e+00 8.250524756786e-07
11 15 2 3.62457503 1.52836940 6.99238220 5.05060393 1.40724923 7.012249625496e-01 1.136228283003e-06 8.351678979672e+00 2.541878880786e+00 7.863077988746e-07
11 16 2 3.62457503 1.52836940 6.99238220 5.05060393 1.40724923 6.788625993649e-01 1.079832191455e-06 8.090465896851e+00 2.488364730598e+00 7.504082283436e-07
11 17 2 3.62457503 1.52836940 6.99238220 5.05060393 1.40724923 6.577648816537e-01 1.027851099605e-06 7.854070623740e+00 2.434200807000e+00 7.172505618215e-07
11 18 2 3.62457503 1.52836940 6.99238220 5.05060393 1.40724923 6.387545648734e-01 9.800998969507e-07 7.658954535249e+00 2.375702984953e+00 6.867358025934e-07
11 19 2 3.62457503 1.52836940 6.99238220 5.05060393 1.40724923 6.217456120526e-01 9.364017706915e-07 7.507754258813e+00 2.311133765983e+00 6.587693650641e-07
11 20 2 3.62457503 1.52836940 6.99238220 5.05060393 1.40724923 6.059986866383e-01 8.965885602797e-07 7.381221852592e+00 2.243699607146e+00 6.332612713444e-07
11 21 2 3.62457503 1.52836940 6.99238220 5.05060393 1.40724923 5.908890654466e-01 8.605010952155e-07 7.254082993241e+00 2.179737112437e+00 6.101263385694e-07
11 22 2 3.62457503 1.52836940 6.99238220 5.05060393 1.40724923 5.764498969659e-01 8.279895156221e-07 7.116966874295e+00 2.123990330150e+00 5.892843566804e-07
11 23 2 3.62457503 1.52836940 6.99238220 5.05060393 1.40724923 5.633130840475e-01 7.989135751495e-07 6.977592323544e+00 2.077458237047e+00 5.706602564102e-07
11 24 2 3.62457503 1.52836940 6.99238220 5.05060393 1.40724923 5.522264136534e-01 7.731429257851e-07 6.846464531816e+00 2.039631654520e+00 5.541842672330e-07
11 25 2 3.62457503 1.52836940 6.99238220 5.05060393 1.40724923 5.435500217742e-01 7.505573841710e-07 6.731075326850e+00 2.011246609155e+00 5.397920650468e-07
11 26 2 3.62457503 1.52836940 6.99238220 5.05060393 1.40724923 5.370389438255e-01 7.310471790535e-07 6.640474516274e+00 1.993536133748e+00 5.274249093749e-07
11 27 2 3.62457503 1.52836940 6.99238220 5.05060393 1.40724923 5.320391058056e-01 7.145131795160e-07 6.582637485958e+00 1.985211187673e+00 5.170297698873e-07
11 28 2 3.62457503 1.52836940 6.99238220 5.05060393 1.40724923 5.280055021939e-01 7.008671036721e-07 6.554110865239e+00 1.981755150785e+00 5.085594420550e-07
11 29 2 3.62457503 1.52836940 6.99238220 5.05060393 1.40724923 5.249841676358e-01 6.900317075222e-07 6.540774047104e+00 1.978611519125e+00 5.019726517688e-07
11 30 2 3.62457503 1.52836940 6.99238220 5.05060393 1.40724923 5.236176784576e-01 6.819409537032e-07 6.532665300960e+00 1.974644394687e+00 4.972341487677e-07
11 31 2 3.62457503 1.52836940 6.99238220 5.05060393 1.40724923 5.245866630176e-01 6.765401598882e-07 6.531972344288e+00 1.971847804960e+00 4.943147887360e-07
11 32 2 3.62457503 1.52836940 6.99238220 5.05060393 1.40724923 5.279598869618e-01 6.737861266188e-07 6.544258532621e+00 1.972143718661e+00 4.931916039477e-07
11 33 2 3.62457503 1.52836940 6.99238220 5.05060393 1.40724923 5.330822192416e-01 6.736472443833e-07 6.570209520572e+00 1.975703768299e+00 4.938478623487e-07
11 34 2 3.62457503 1.52836940 6.99238220 5.05060393 1.40724923 5.391265353234e-01 6.761035797776e-07 6.611379475800e+00 1.982812885497e+00 4.962731149859e-07
11 35 2 3.62457503 1.52836940 6.99238220 5.05060393 1.40724923 5.457782940724e-01 6.811469406174e-07 6.676304715308e+00 1.996209970583e+00 5.004632317064e-07
11 36 2 3.62457503 1.52836940 6.99238220 5.05060393 1.40724923 5.534203604449e-01 6.887809198951e-07 6.771780565748e+00 2.020008312819e+00 5.064204250681e-07
11 37 2 3.62457503 1.52836940 6.99238220 5.05060393 1.40724923 5.627095420120e-01 6.990209185060e-07 6.891232243036e+00 2.055919128176e+00 5.141532624173e-07
11 38 2 3.62457503 1.52836940 6.99238220 5.05060393 1.40724923 5.739783020241e-01 7.118941466931e-07 7.019569861585e+00 2.101378342942e+00 5.236766661073e-07
11 39 2 3.62457503 1.52836940 6.99238220 5.05060393 1.40724923 5.869456075858e-01 7.274396041929e-07 7.147707156759e+00 2.151971313052e+00 5.350119018455e-07
11 40 2 3.62457503 1.52836940 6.99238220 5.05060393 1.40724923 6.008895323617e-01 7.457080390873e-07 7.275742938846e+00 2.205058514448e+00 5.481865551762e-07
11 41 2 3.62457503 1.52836940 6.99238220 5.05060393 1.40724923 6.151244347964e-01 7.667618854009e-07 7.405782849452e+00 2.260093496965e+00 5.632344961198e-07
11 42 2 3.62457503 1.52836940 6.99238220 5.05060393 1.40724923 6.294880923434e-01 7.906751795062e-07 7.542707691352e+00 2.315814583108e+00 5.801958320068e-07
11 43 2 3.62457503 1.52836940 6.99238220 5.05060393 1.40724923 6.445040296974e-01 8.175334554312e-07 7.701831790006e+00 2.368978582767e+00 5.991168485614e-07
11 44 2 3.62457503 1.52836940 6.99238220 5.05060393 1.40724923 6.610027520008e-01 8.474336191909e-07 7.902746954890e+00 2.417298630961e+00 6.200499393053e-07
11 45 2 3.62457503 1.52836940 6.99238220 5.05060393 1.40724923 6.793895654110e-01 8.804838022908e-07 8.148875161283e+00 2.463212050860e+00 6.430535233682e-07
11 46 2 3.62457503 1.52836940 6.99238220 5.05060393 1.40724923 6.991862007429e-01 9.168031945810e-07 8.420298298626e+00 2.513310307689e+00 6.681919518081e-07
11 47 2 3.62457503 1.52836940 6.99238220 5.05060393 1.40724923 7.193811063677e-01 9.565218566651e-07 8.692036021283e+00 2.573569235189e+00 6.955354025606e-07
11 48 2 3.62457503 1.52836940 6.99238220 5.05060393 1.40724923 7.393744015394e-01 9.997805120981e-07 8.953466444107e+00 2.646006223287e+00 7.251597641517e-07
11 49 2 3.62457503 1.52836940 6.99238220 5.05060393 1.40724923 7.596261913182e-01 1.046730319630e-06 9.207508098726e+00 2.730439832539e+00 7.571465083233e-07
11 50 2 3.62457503 1.52836940 6.99238220 5.05060393 1.40724923 7.813370659149e-01 1.097532625785e-06 9.462847508799e+00 2.827989656201e+00 7.915825517401e-07
11 51 2 3.62457503 1.52836940 6.99238220 5.05060393 1.40724923 8.054505859795e-01 1.152358698088e-06 9.736507587897e+00 2.940502058265e+00 8.285601069550e-07
11 52 2 3.62457503 1.52836940 6.99238220 5.05060393 1.40724923 8.319250668752e-01 1.211389439279e-06 1.005336338921e+01 3.066000867990e+00 8.681765228336e-07
11 53 2 3.62457503 1.52836940 6.99238220 5.05060393 1.40724923 8.598963236493e-01 1.274815082880e-06 1.042626584264e+01 3.196620185841e+00 9.105341146443e-07
11 54 2 3.62457503 1.52836940 6.99238220 5.05060393 1.40724923 8.884988171279e-01 1.342834870506e-06 1.083735369046e+01 3.323082975393e+00 9.557399840444e-07
11 55 2 3.62457503 1.52836940 6.99238220 5.05060393 1.40724923 9.176353070761e-01 1.415656711335e-06 1.125073970650e+01 3.441236402757e+00 1.003905829197e-06
11 56 2 3.62457503 1.52836940 6.99238220 5.05060393 1.40724923 9.481573459221e-01 1.493496824182e-06 1.164334785523e+01 3.553068558100e+00 1.055147745280e-06
11 57 2 3.62457503 1.52836940 6.99238220 5.05060393 1.40724923 9.813492446641e-01 1.576579362635e-06 1.201449549257e+01 3.661769497952e+00 1.109586015644e-06
11 58 2 3.62457503 1.52836940 6.99238220 5.05060393 1.40724923 1.017997687490e+00 1.665136023749e-06 1.237149179682e+01 3.768324844643e+00 1.167344893917e-06
11 59 2 3.62457503 1.52836940 6.99238220 5.05060393 1.40724923 1.057671066810e+00 1.759405640802e-06 1.272445497831e+01 3.874642806139e+00 1.228552377329e-06
11 60 2 3.62457503 1.52836940 6.99238220 5.05060393 1.40724923 1.098908199171e+00 1.859633760653e-06 1.309661578395e+01 3.988278472512e+00 1.293339971584e-06
11 61 2 3.62457503 1.52836940 6.99238220 5.05060393 1.40724923 1.140411217219e+00 1.966072206249e-06 1.351883914548e+01 4.120370233760e+00 1.361842447589e-06
11 62 2 3.62457503 1.52836940 6.99238220 5.05060393 1.40724923 1.182295621476e+00 2.078978624875e-06 1.400202209564e+01 4.277117843280e+00 1.434197590370e-06
11 63 2 3.62457503 1.52836940 6.99238220 5.05060393 1.40724923 1.226103969113e+00 2.198616022721e-06 1.452580394957e+01 4.454554667715e+00 1.510545940525e-06
14 0 2 7.12287776 1.90883296 21.55081900 15.20572067 1.70744605 1.003023976705e+01 3.109928860993e-06 2.865761843892e+02 1.272090907430e+02 1.154251263377e-06
14 1 2 7.12287776 1.90883296 21.55081900 15.20572067 1.70744605 9.695694219986e+00 2.999364492786e-06 2.791096944201e+02 1.238593487385e+02 1.113053803342e-06
14 2 2 7.12287776 1.90883296 21.55081900 15.20572067 1.70744605 9.373905006857e+00 2.892480576737e-06 2.715757578007e+02 1.205176674086e+02 1.073227981812e-06
14 3 2 7.12287776 1.90883296 21.55081900 15.20572067 1.70744605 9.066633823537e+00 2.789278330067e-06 2.640538091538e+02 1.171579951297e+02 1.034774146126e-06
14 4 2 7.12287776 1.90883296 21.55081900 15.20572067 1.70744605 8.774715062354e+00 2.689758928065e-06 2.567033678806e+02 1.137780547992e+02 9.976926316588e-07
14 5 2 7.12287776 1.90883296 21.55081900 15.20572067 1.70744605 8.497402655160e+00 2.593923504082e-06 2.496779136409e+02 1.103982790006e+02 9.619837618135e-07
14 6 2 7.12287776 1.90883296 21.55081900 15.20572067 1.70744605 8.233704135469e+00 2.501773149514e-06 2.430437546467e+02 1.070563278595e+02 9.276478480243e-07
14 7 2 7.12287776 1.90883296 21.55081900 15.20572067 1.70744605 7.983549444217e+00 2.413308913790e-06 2.367547131637e+02 1.037987038701e+02 8.946851897500e-07
14 8 2 7.12287776 1.90883296 21.55081900 15.20572067 1.70744605 7.747075001310e+00 2.328531804361e-06 2.306942266260e+02 1.006714263933e+02 8.630960744732e-07
14 9 2 7.12287776 1.90883296 21.55081900 15.20572067 1.70744605 7.523308699296e+00 2.247442786688e-06 2.247517965668e+02 9.771172243526e+01 8.328807776967e-07
14 10 2 7.12287776 1.90883296 21.55081900 15.20572067 1.70744605 7.310387320051e+00 2.170042784233e-06 2.188831305084e+02 9.494227932214e+01 8.040395629422e-07
14 11 2 7.12287776 1.90883296 21.55081900 15.20572067 1.70744605 7.106988375267e+00 2.096332678443e-06 2.131221899091e+02 9.236891982879e+01 7.765726817470e-07
14 12 2 7.12287776 1.90883296 21.55081900 15.20572067 1.70744605 6.912844470030e+00 2.026313308747e-06 2.075500136353e+02 8.998177553942e+01 7.504803736622e-07
14 13 2 7.12287776 1.90883296 21.55081900 15.20572067 1.70744605 6.727732669766e+00 1.959985472541e-06 2.022505495030e+02 8.775932472631e+01 7.257628662509e-07
14 14 2 7.12287776 1.90883296 21.55081900 15.20572067 1.70744605 6.550666166072e+00 1.897349925182e-06 1.972820498423e+02 8.567416474956e+01 7.024203750855e-07
14 15 2 7.12287776 1.90883296 21.55081900 15.20572067 1.70744605 6.380578236993e+00 1.838407379978e-06 1.926715820868e+02 8.369918186147e+01 6.804531037467e-07
14 16 2 7.12287776 1.90883296 21.55081900 15.20572067 1.70744605 6.217423347865e+00 1.783158508180e-06 1.884210185091e+02 8.181286914843e+01 6.598612438210e-07
14 17 2 7.12287776 1.90883296 21.55081900 15.20572067 1.70744605 6.062027671290e+00 1.731603938976e-06 1.845106371133e+02 8.000286993299e+01 6.406449748994e-07
14 18 2 7.12287776 1.90883296 21.55081900 15.20572067 1.70744605 5.914986778543e+00 1.683744259480e-06 1.808986953515e+02 7.826729139738e+01 6.228044645758e-07
14 19 2 7.12287776 1.90883296 21.55081900 15.20572067 1.70744605 5.776307315979e+00 1.639580014729e-06 1.775268396124e+02 7.661382833263e+01 6.063398684454e-07
14 20 2 7.12287776 1.90883296 21.55081900 15.20572067 1.70744605 5.646245669269e+00 1.599111707676e-06 1.743394180114e+02 7.505715714871e+01 5.912513301034e-07
14 21 2 7.12287776 1.90883296 21.55081900 15.20572067 1.70744605 5.525943941157e+00 1.562339799185e-06 1.713111184361e+02 7.361533313388e+01 5.775389811439e-07
14 22 2 7.12287776 1.90883296 21.55081900 15.20572067 1.70744605 5.416834194145e+00 1.529264708020e-06 1.684652312648e+02 7.230601727124e+01 5.652029411586e-07
14 23 2 7.12287776 1.90883296 21.55081900 15.20572067 1.70744605 5.319695528601e+00 1.499886810850e-06 1.658668178395e+02 7.114328091686e+01 5.542433177355e-07
14 24 2 7.12287776 1.90883296 21.55081900 15.20572067 1.70744605 5.234734594548e+00 1.474206442236e-06 1.635913589626e+02 7.013552754474e+01 5.446602064588e-07
14 25 2 7.12287776 1.90883296 21.55081900 15.20572067 1.70744605 5.162452784839e+00 1.452223894633e-06 1.616874698397e+02 6.928478936141e+01 5.364536909069e-07
14 26 2 7.12287776 1.90883296 21.55081900 15.20572067 1.70744605 5.103887178501e+00 1.433939418382e-06 1.601572892814e+02 6.858736552703e+01 5.296238426527e-07
14 27 2 7.12287776 1.90883296 21.55081900 15.20572067 1.70744605 5.059828303816e+00 1.419353221712e-06 1.589657358250e+02 6.803552188287e+01 5.241707212624e-07
14 28 2 7.12287776 1.90883296 21.55081900 15.20572067 1.70744605 5.030202785015e+00 1.408465470734e-06 1.580694744708e+02 6.761980638313e+01 5.200943742951e-07
14 29 2 7.12287776 1.90883296 21.55081900 15.20572067 1.70744605 5.014538312930e+00 1.401276289439e-06 1.574438101905e+02 6.733146665189e+01 5.173948373026e-07
14 30 2 7.12287776 1.90883296 21.55081900 15.20572067 1.70744605 5.012765900081e+00 1.397785759700e-06 1.570900309546e+02 6.716448429270e+01 5.160721338287e-07
14 31 2 7.12287776 1.90883296 21.55081900 15.20572067 1.70744605 5.025123318284e+00 1.397993921268e-06 1.570226252319e+02 6.711684847621e+01 5.161262754093e-07
14 32 2 7.12287776 1.90883296 21.55081900 15.20572067 1.70744605 5.051331130407e+00 1.401900771773e-06 1.572512937919e+02 6.719085382713e+01 5.175572615723e-07
14 33 2 7.12287776 1.90883296 21.55081900 15.20572067 1.70744605 5.090342259029e+00 1.409506266721e-06 1.577745540264e+02 6.739239596640e+01 5.203650798373e-07
14 34 2 7.12287776 1.90883296 21.55081900 15.20572067 1.70744605 5.141088644793e+00 1.420810319500e-06 1.585892967163e+02 6.772942363299e+01 5.245497057161e-07
14 35 2 7.12287776 1.90883296 21.55081900 15.20572067 1.70744605 5.203115852471e+00 1.435812801377e-06 1.597049829322e+02 6.820986301003e+01 5.301111027126e-07
14 36 2 7.12287776 1.90883296 21.55081900 15.20572067 1.70744605 5.276167459492e+00 1.454513541500e-06 1.611458822983e+02 6.883943552048e+01 5.370492223235e-07
14 37 2 7.12287776 1.90883296 21.55081900 15.20572067 1.70744605 5.359407896170e+00 1.476912326901e-06 1.629347327176e+02 6.961982788987e+01 5.453640040381e-07
14 38 2 7.12287776 1.90883296 21.55081900 15.20572067 1.70744605 5.451555353840e+00 1.503008902497e-06 1.650683871635e+02 7.054763253617e+01 5.550553753394e-07
14 39 2 7.12287776 1.90883296 21.55081900 15.20572067 1.70744605 5.551806655484e+00 1.532802971094e-06 1.675058040252e+02 7.161435645559e+01 5.661232517047e-07
14 40 2 7.12287776 1.90883296 21.55081900 15.20572067 1.70744605 5.660189087118e+00 1.566294193391e-06 1.701819950861e+02 7.280760868306e+01 5.785675366059e-07
14 41 2 7.12287776 1.90883296 21.55081900 15.20572067 1.70744605 5.776825038893e+00 1.603482187982e-06 1.730425101350e+02 7.411334454881e+01 5.923881215107e-07
14 42 2 7.12287776 1.90883296 21.55081900 15.20572067 1.70744605 5.901283283910e+00 1.644366531362e-06 1.760764552838e+02 7.551880664265e+01 6.075848858835e-07
14 43 2 7.12287776 1.90883296 21.55081900 15.20572067 1.70744605 6.033091671539e+00 1.688946757930e-06 1.793254246882e+02 7.701560394226e+01 6.241576971864e-07
14 44 2 7.12287776 1.90883296 21.55081900 15.20572067 1.70744605 6.172676807340e+00 1.737222359995e-06 1.828621393748e+02 7.860225975710e+01 6.421064108803e-07
14 45 2 7.12287776 1.90883296 21.55081900 15.20572067 1.70744605 6.321260187600e+00 1.789192787786e-06 1.867533924833e+02 8.028557497459e+01 6.614308704263e-07
14 46 2 7.12287776 1.90883296 21.55081900 15.20572067 1.70744605 6.479803009874e+00 1.844857449450e-06 1.910309226411e+02 8.208031462506e+01 6.821309072871e-07
14 47 2 7.12287776 1.90883296 21.55081900 15.20572067 1.70744605 6.648592822187e+00 1.904215711065e-06 1.956847759348e+02 8.400702301362e+01 7.042063409281e-07
14 48 2 7.12287776 1.90883296 21.55081900 15.20572067 1.70744605 6.828106380132e+00 1.967266896646e-06 2.006753895982e+02 8.608816248293e+01 7.276569788194e-07
14 49 2 7.12287776 1.90883296 21.55081900 15.20572067 1.70744605 7.019752302612e+00 2.034010288152e-06 2.059491925005e+02 8.834318036823e+01 7.524826164373e-07
14 50 2 7.12287776 1.90883296 21.55081900 15.20572067 1.70744605 7.225186203995e+00 2.104445125493e-06 2.114470640128e+02 9.078344680606e+01 7.786830372661e-07
14 51 2 7.12287776 1.90883296 21.55081900 15.20572067 1.70744605 7.445096028295e+00 2.178570606541e-06 2.171092494290e+02 9.340818214714e+01 8.062580127999e-07
14 52 2 7.12287776 1.90883296 21.55081900 15.20572067 1.70744605 7.679268336864e+00 2.256385887138e-06 2.228883833690e+02 9.620243890393e+01 8.352073025450e-07
14 53 2 7.12287776 1.90883296 21.55081900 15.20572067 1.70744605 7.927807607963e+00 2.337890081106e-06 2.287738748449e+02 9.913789500088e+01 8.655306540212e-07
14 54 2 7.12287776 1.90883296 21.55081900 15.20572067 1.70744605 8.191523924064e+00 2.423082260256e-06 2.348125485986e+02 1.021766851901e+02 8.972278027648e-07
14 55 2 7.12287776 1.90883296 21.55081900 15.20572067 1.70744605 8.470738246486e+00 2.511961454400e-06 2.411010690651e+02 1.052778370215e+02 9.302984723307e-07
14 56 2 7.12287776 1.90883296 21.55081900 15.20572067 1.70744605 8.764300220353e+00 2.604526651361e-06 2.477394037972e+02 1.084052234938e+02 9.647423742941e-07
14 57 2 7.12287776 1.90883296 21.55081900 15.20572067 1.70744605 9.070436137518e+00 2.700776796986e-06 2.547653678397e+02 1.115354522722e+02 1.000559208254e-06
14 58 2 7.12287776 1.90883296 21.55081900 15.20572067 1.70744605 9.388229977735e+00 2.800710795156e-06 2.621136479602e+02 1.146639204183e+02 1.037748661836e-06
14 59 2 7.12287776 1.90883296 21.55081900 15.20572067 1.70744605 9.717462153410e+00 2.904327507799e-06 2.696353321706e+02 1.178074599650e+02 1.076310410694e-06
14 60 2 7.12287776 1.90883296 21.55081900 15.20572067 1.70744605 1.005706565149e+01 3.011625754904e-06 2.771754603130e+02 1.210025873606e+02 1.116244118513e-06
14 61 2 7.12287776 1.90883296 21.55081900 15.20572067 1.70744605 1.040475014597e+01 3.122604314535e-06 2.846630437600e+02 1.242992586318e+02 1.157549437013e-06
14 62 2 7.12287776 1.90883296 21.55081900 15.20572067 1.70744605 1.075864457075e+01 3.237261922841e-06 2.921544593273e+02 1.277510475140e+02 1.200226005951e-06
14 63 2 7.12287776 1.90883296 21.55081900 15.20572067 1.70744605 1.111858674835e+01 3.355597274076e-06 2.998004339593e+02 1.314035791871e+02 1.244273453126e-06
16 0 2 3.10773568 1.36888730 5.27936102 3.99056110 1.25383442 7.080768099180e-01 4.256576631024e-05 5.024167177000e+00 1.849382761820e+00 2.462275276916e-05
16 1 2 3.10773568 1.36888730 5.27936102 3.99056110 1.25383442 6.778036022956e-01 4.087957653571e-05 4.900948582573e+00 1.797233117598e+00 2.367781185644e-05
16 2 2 3.10773568 1.36888730 5.27936102 3.99056110 1.25383442 6.491566350915e-01 3.907401341889e-05 4.803143219864e+00 1.738954129981e+00 2.265832090597e-05
16 3 2 3.10773568 1.36888730 5.27936102 3.99056110 1.25383442 6.221184250718e-01 3.717033216874e-05 4.687073038840e+00 1.672101556274e+00 2.157689878675e-05
16 4 2 3.10773568 1.36888730 5.27936102 3.99056110 1.25383442 5.965958796340e-01 3.518985434360e-05 4.527390964305e+00 1.599854139693e+00 2.044624076210e-05
16 5 2 3.10773568 1.36888730 5.27936102 3.99056110 1.25383442 5.730304211116e-01 3.315363234849e-05 4.334767005208e+00 1.529495966924e+00 1.927891544804e-05
16 6 2 3.10773568 1.36888730 5.27936102 3.99056110 1.25383442 5.517963133166e-01 3.108214278324e-05 4.141382359592e+00 1.466886884738e+00 1.808717870306e-05
16 7 2 3.10773568 1.36888730 5.27936102 3.99056110 1.25383442 5.322645521896e-01 2.899501224256e-05 3.975847600512e+00 1.413353490537e+00 1.688280667928e-05
16 8 2 3.10773568 1.36888730 5.27936102 3.99056110 1.25383442 5.130965051935e-01 2.691077847295e-05 3.850623210318e+00 1.367279386705e+00 1.567694984615e-05
16 9 2 3.10773568 1.36888730 5.27936102 3.99056110 1.25383442 4.936862709831e-01 2.484668906965e-05 3.760673905285e+00 1.326905782917e+00 1.448000936255e-05
16 10 2 3.10773568 1.36888730 5.27936102 3.99056110 1.25383442 4.749622915879e-01 2.281853916083e-05 3.684966648249e+00 1.291005840419e+00 1.330153672829e-05
16 11 2 3.10773568 1.36888730 5.27936102 3.99056110 1.25383442 4.583870296905e-01 2.084054878836e-05 3.594480003720e+00 1.257691647522e+00 1.215015719883e-05
16 12 2 3.10773568 1.36888730 5.27936102 3.99056110 1.25383442 4.442443180594e-01 1.892527996648e-05 3.470883636681e+00 1.223622628506e+00 1.103351700545e-05
16 13 2 3.10773568 1.36888730 5.27936102 3.99056110 1.25383442 4.312716822160e-01 1.708359269276e-05 3.322627850625e+00 1.185319778253e+00 9.958253992980e-06
16 14 2 3.10773568 1.36888730 5.27936102 3.99056110 1.25383442 4.180868738125e-01 1.532463851058e-05 3.179395930015e+00 1.141906608109e+00 8.929990876234e-06
16 15 2 3.10773568 1.36888730 5.27936102 3.99056110 1.25383442 4.046851257932e-01 1.365588959017e-05 3.068289612638e+00 1.096262758933e+00 7.953349930446e-06
16 16 2 3.10773568 1.36888730 5.27936102 3.99056110 1.25383442 3.922647031185e-01 1.208320071410e-05 2.996234358403e+00 1.052743348033e+00 7.031987575855e-06
16 17 2 3.10773568 1.36888730 5.27936102 3.99056110 1.25383442 3.817249024098e-01 1.061090103268e-05 2.951517681529e+00 1.013931863182e+00 6.168646997854e-06
16 18 2 3.10773568 1.36888730 5.27936102 3.99056110 1.25383442 3.726999117677e-01 9.241912001800e-06 2.913613432503e+00 9.802473553734e-01 5.365226666090e-06
16 19 2 3.10773568 1.36888730 5.27936102 3.99056110 1.25383442 3.641330580521e-01 7.977887537014e-06 2.861006247111e+00 9.520504781403e-01 4.622862382624e-06
16 20 2 3.10773568 1.36888730 5.27936102 3.99056110 1.25383442 3.554435371857e-01 6.819372117827e-06 2.780673042143e+00 9.304637889612e-01 3.942020303902e-06
16 21 2 3.10773568 1.36888730 5.27936102 3.99056110 1.25383442 3.468246919456e-01 5.765972359205e-06 2.678885343359e+00 9.156164491222e-01 3.322598246142e-06
16 22 2 3.10773568 1.36888730 5.27936102 3.99056110 1.25383442 3.385880612352e-01 4.816537435781e-06 2.580547417620e+00 9.051096258154e-01 2.764032500441e-06
16 23 2 3.10773568 1.36888730 5.27936102 3.99056110 1.25383442 3.307034601061e-01 3.969343698813e-06 2.511964251101e+00 8.950427227812e-01 2.265407353021e-06
16 24 2 3.10773568 1.36888730 5.27936102 3.99056110 1.25383442 3.231654885654e-01 3.222278866579e-06 2.481926403970e+00 8.824994783191e-01 1.825564527584e-06
16 25 2 3.10773568 1.36888730 5.27936102 3.99056110 1.25383442 3.164646406015e-01 2.573021293834e-06 2.478334283720e+00 8.670521468239e-01 1.443209839536e-06
16 26 2 3.10773568 1.36888730 5.27936102 3.99056110 1.25383442 3.112699659642e-01 2.019210032054e-06 2.479673392071e+00 8.503072570511e-01 1.117014474249e-06
16 27 2 3.10773568 1.36888730 5.27936102 3.99056110 1.25383442 3.076659938810e-01 1.558601675311e-06 2.467814010920e+00 8.343342321332e-01 8.457084708356e-07
16 28 2 3.10773568 1.36888730 5.27936102 3.99056110 1.25383442 3.050898685226e-01 1.189210341163e-06 2.434789744875e+00 8.206453929314e-01 6.281642058510e-07
16 29 2 3.10773568 1.36888730 5.27936102 3.99056110 1.25383442 3.032301189234e-01 9.094275552720e-07 2.386520090166e+00 8.106905482064e-01 4.634679238381e-07
16 30 2 3.10773568 1.36888730 5.27936102 3.99056110 1.25383442 3.027389066205e-01 7.181192850617e-07 2.343305669298e+00 8.067263311201e-01 3.509776491056e-07
16 31 2 3.10773568 1.36888730 5.27936102 3.99056110 1.25383442 3.046869506402e-01 6.146978929327e-07 2.330052331042e+00 8.109812315504e-01 2.903661303315e-07
16 32 2 3.10773568 1.36888730 5.27936102 3.99056110 1.25383442 3.092927204373e-01 5.991673442522e-07 2.358234233140e+00 8.233897395623e-01 2.816478108903e-07
16 33 2 3.10773568 1.36888730 5.27936102 3.99056110 1.25383442 3.154897347072e-01 6.721405995077e-07 2.416336836071e+00 8.408111303889e-01 3.251891771705e-07
16 34 2 3.10773568 1.36888730 5.27936102 3.99056110 1.25383442 3.219242752889e-01 8.348287334325e-07 2.479159181004e+00 8.591472951840e-01 4.217022082546e-07
16 35 2 3.10773568 1.36888730 5.27936102 3.99056110 1.25383442 3.282051786349e-01 1.089001945859e-06 2.525160170175e+00 8.759654865991e-01 5.722210266748e-07
16 36 2 3.10773568 1.36888730 5.27936102 3.99056110 1.25383442 3.349463523180e-01 1.436923248800e-06 2.546327961990e+00 8.908407551837e-01 7.780622249515e-07
16 37 2 3.10773568 1.36888730 5.27936102 3.99056110 1.25383442 3.426935404109e-01 1.881256221031e-06 2.549302280468e+00 9.039785674159e-01 1.040769709684e-06
16 38 2 3.10773568 1.36888730 5.27936102 3.99056110 1.25383442 3.511663080830e-01 2.424948804683e-06 2.553241067725e+00 9.155531310047e-01 1.362045257652e-06
16 39 2 3.10773568 1.36888730 5.27936102 3.99056110 1.25383442 3.596805451648e-01 3.071095667890e-06 2.582748429911e+00 9.264915870664e-01 1.743666310473e-06
16 40 2 3.10773568 1.36888730 5.27936102 3.99056110 1.25383442 3.680186454655e-01 3.822782163638e-06 2.653054234698e+00 9.393171288897e-01 2.187392839877e-06
16 41 2 3.10773568 1.36888730 5.27936102 3.99056110 1.25383442 3.765570375458e-01 4.682913368611e-06 2.756486522886e+00 9.576008177127e-01 2.694865389223e-06
16 42 2 3.10773568 1.36888730 5.27936102 3.99056110 1.25383442 3.856468376692e-01 5.654032078847e-06 2.865204626158e+00 9.839273273895e-01 3.267496633275e-06
16 43 2 3.10773568 1.36888730 5.27936102 3.99056110 1.25383442 3.953009462132e-01 6.738129964056e-06 2.950981366942e+00 1.017933516685e+00 3.906358993282e-06
16 44 2 3.10773568 1.36888730 5.27936102 3.99056110 1.25383442 4.056665022720e-01 7.936456333268e-06 3.004082854674e+00 1.056584833098e+00 4.612070994038e-06
16 45 2 3.10773568 1.36888730 5.27936102 3.99056110 1.25383442 4.174429380120e-01 9.249329136059e-06 3.036054325050e+00 1.096752295049e+00 5.384685150970e-06
16 46 2 3.10773568 1.36888730 5.27936102 3.99056110 1.25383442 4.313460073183e-01 1.067595291195e-05 3.070998603788e+00 1.137075062921e+00 6.223580225865e-06
16 47 2 3.10773568 1.36888730 5.27936102 3.99056110 1.25383442 4.471337267465e-01 1.221424840328e-05 3.135959609267e+00 1.176857969414e+00 7.127360688327e-06
16 48 2 3.10773568 1.36888730 5.27936102 3.99056110 1.25383442 4.636039896825e-01 1.386069846253e-05 3.249208991412e+00 1.214227114032e+00 8.093766165502e-06
16 49 2 3.10773568 1.36888730 5.27936102 3.99056110 1.25383442 4.798931254242e-01 1.561021471409e-05 3.405402630908e+00 1.247120663918e+00 9.119593555388e-06
16 50 2 3.10773568 1.36888730 5.27936102 3.99056110 1.25383442 4.966122740299e-01 1.745602917427e-05 3.572347392433e+00 1.276277964790e+00 1.020063432004e-05
16 51 2 3.10773568 1.36888730 5.27936102 3.99056110 1.25383442 5.153005858557e-01 1.938961469453e-05 3.711260019696e+00 1.306004530832e+00 1.133162926609e-05
16 52 2 3.10773568 1.36888730 5.27936102 3.99056110 1.25383442 5.366647330491e-01 2.140063767678e-05 3.805367575578e+00 1.341375278637e+00 1.250624286378e-05
16 53 2 3.10773568 1.36888730 5.27936102 3.99056110 1.25383442 5.596727704914e-01 2.347694602012e-05 3.870192987483e+00 1.385021489163e+00 1.371705885605e-05
16 54 2 3.10773568 1.36888730 5.27936102 3.99056110 1.25383442 5.826561530767e-01 2.560459470379e-05 3.940188625876e+00 1.436541724515e+00 1.495559856925e-05
16 55 2 3.10773568 1.36888730 5.27936102 3.99056110 1.25383442 6.051657955262e-01 2.776791079878e-05 4.048385031540e+00 1.494236573596e+00 1.621236296366e-05
16 56 2 3.10773568 1.36888730 5.27936102 3.99056110 1.25383442 6.284048463767e-01 2.994959903865e-05 4.211824121785e+00 1.556748643527e+00 1.747689905781e-05
16 57 2 3.10773568 1.36888730 5.27936102 3.99056110 1.25383442 6.537942461135e-01 3.213088838021e-05 4.422024421237e+00 1.622626030710e+00 1.873789093508e-05
16 58 2 3.10773568 1.36888730 5.27936102 3.99056110 1.25383442 6.814538689498e-01 3.429171925549e-05 4.642602630735e+00 1.688390910162e+00 1.998327509738e-05
16 59 2 3.10773568 1.36888730 5.27936102 3.99056110 1.25383442 7.103297132981e-01 3.641097047033e-05 4.826168235170e+00 1.748537555591e+00 2.120037947880e-05
16 60 2 3.10773568 1.36888730 5.27936102 3.99056110 1.25383442 7.395242787231e-01 3.846672395373e-05 4.949210881466e+00 1.799550153830e+00 2.237608497623e-05
16 61 2 3.10773568 1.36888730 5.27936102 3.99056110 1.25383442 7.689694762850e-01 4.043656481614e-05 5.034721753135e+00 1.844133980048e+00 2.349700790457e-05
16 62 2 3.10773568 1.36888730 5.27936102 3.99056110 1.25383442 7.987413202881e-01 4.229791344894e-05 5.136105680491e+00 1.889816970623e+00 2.454970134523e-05
16 63 2 3.10773568 1.36888730 5.27936102 3.99056110 1.25383442 8.283649486990e-01 4.402838570054e-05 5.298354269073e+00 1.942944506011e+00 2.552087293882e-05
18 0 2 4.26265793 1.54833793 8.02414812 5.73203309 1.39310345 1.779482970099e+00 8.722591421341e-05 2.150145448981e+01 4.761061397222e+00 4.686361169991e-05
18 1 2 4.26265793 1.54833793 8.02414812 5.73203309 1.39310345 1.682410595040e+00 8.241824234369e-05 2.087280689719e+01 4.644405543106e+00 4.428264933260e-05
18 2 2 4.26265793 1.54833793 8.02414812 5.73203309 1.39310345 1.598827908096e+00 7.760750862734e-05 2.024096183354e+01 4.540122892893e+00 4.169464978118e-05
18 3 2 4.26265793 1.54833793 8.02414812 5.73203309 1.39310345 1.528212307962e+00 7.282514301966e-05 1.960778963238e+01 4.452447871728e+00 3.911718866917e-05
18 4 2 4.26265793 1.54833793 8.02414812 5.73203309 1.39310345 1.468487458027e+00 6.810039370820e-05 1.899350455967e+01 4.390303885039e+00 3.656665682046e-05
18 5 2 4.26265793 1.54833793 8.02414812 5.73203309 1.39310345 1.418503022200e+00 6.346013765820e-05 1.840753060338e+01 4.357460455131e+00 3.405815021310e-05
18 6 2 4.26265793 1.54833793 8.02414812 5.73203309 1.39310345 1.377932914306e+00 5.892873313738e-05 1.783953724123e+01 4.347878554128e+00 3.160538342776e-05
18 7 2 4.26265793 1.54833793 8.02414812 5.73203309 1.39310345 1.345453128999e+00 5.452791436096e-05 1.727957771335e+01 4.351019292768e+00 2.922062672224e-05
18 8 2 4.26265793 1.54833793 8.02414812 5.73203309 1.39310345 1.318664890163e+00 5.027672787130e-05 1.673139822797e+01 4.359160961957e+00 2.691466656310e-05
18 9 2 4.26265793 1.54833793 8.02414812 5.73203309 1.39310345 1.296415338156e+00 4.619150975533e-05 1.620054904247e+01 4.368636849558e+00 2.469678915380e-05
18 10 2 4.26265793 1.54833793 8.02414812 5.73203309 1.39310345 1.280194904543e+00 4.228590231272e-05 1.568151028733e+01 4.376414333548e+00 2.257478621867e-05
18 11 2 4.26265793 1.54833793 8.02414812 5.73203309 1.39310345 1.272069122341e+00 3.857090832423e-05 1.516719291993e+01 4.378047575629e+00 2.055498203641e-05
18 12 2 4.26265793 1.54833793 8.02414812 5.73203309 1.39310345 1.271336602503e+00 3.505498063744e-05 1.466689368751e+01 4.369680731173e+00 1.864228046893e-05
18 13 2 4.26265793 1.54833793 8.02414812 5.73203309 1.39310345 1.274269317627e+00 3.174414439026e-05 1.420376954655e+01 4.352064894257e+00 1.684023050342e-05
18 14 2 4.26265793 1.54833793 8.02414812 5.73203309 1.39310345 1.277607052779e+00 2.864214883646e-05 1.379214911040e+01 4.332154615199e+00 1.515110862010e-05
18 15 2 4.26265793 1.54833793 8.02414812 5.73203309 1.39310345 1.281600536060e+00 2.575064542366e-05 1.342490267455e+01 4.319129947697e+00 1.357601611729e-05
18 16 2 4.26265793 1.54833793 8.02414812 5.73203309 1.39310345 1.288813625073e+00 2.306938850817e-05 1.308560617862e+01 4.317498981978e+00 1.211498937091e-05
18 17 2 4.26265793 1.54833793 8.02414812 5.73203309 1.39310345 1.300193157333e+00 2.059645487294e-05 1.276352324656e+01 4.324557401920e+00 1.076712087891e-05
18 18 2 4.26265793 1.54833793 8.02414812 5.73203309 1.39310345 1.313248217810e+00 1.832847804869e-05 1.245108997325e+01 4.335010795783e+00 9.530688843527e-06
18 19 2 4.26265793 1.54833793 8.02414812 5.73203309 1.39310345 1.324332052623e+00 1.626089332382e-05 1.213816484418e+01 4.346472163809e+00 8.403292976430e-06
18 20 2 4.26265793 1.54833793 8.02414812 5.73203309 1.39310345 1.331889331005e+00 1.438818926784e-05 1.182247637133e+01 4.359005748052e+00 7.381994174465e-06
18 21 2 4.26265793 1.54833793 8.02414812 5.73203309 1.39310345 1.336772828803e+00 1.270416158530e-05 1.152288340256e+01 4.370822160738e+00 6.463455706619e-06
18 22 2 4.26265793 1.54833793 8.02414812 5.73203309 1.39310345 1.339937818156e+00 1.120216516284e-05 1.127023394982e+01 4.377170232305e+00 5.644083576242e-06
18 23 2 4.26265793 1.54833793 8.02414812 5.73203309 1.39310345 1.341082842449e+00 9.875360268987e-06 1.108118890407e+01 4.374103191005e+00 4.920163775522e-06
18 24 2 4.26265793 1.54833793 8.02414812 5.73203309 1.39310345 1.339924470848e+00 8.716949014339e-06 1.094461676333e+01 4.362338737305e+00 4.287994231133e-06
18 25 2 4.26265793 1.54833793 8.02414812 5.73203309 1.39310345 1.337787701889e+00 7.720398375918e-06 1.083356062099e+01 4.347169287149e+00 3.744009349492e-06
18 26 2 4.26265793 1.54833793 8.02414812 5.73203309 1.39310345 1.336799173884e+00 6.879646331003e-06 1.072583352289e+01 4.334963700953e+00 3.284895205800e-06
18 27 2 4.26265793 1.54833793 8.02414812 5.73203309 1.39310345 1.337628133850e+00 6.189287930252e-06 1.061292109058e+01 4.329415102244e+00 2.907693581084e-06
18 28 2 4.26265793 1.54833793 8.02414812 5.73203309 1.39310345 1.339100938488e+00 5.644738462946e-06 1.049822519712e+01 4.330618941415e+00 2.609893233826e-06
18 29 2 4.26265793 1.54833793 8.02414812 5.73203309 1.39310345 1.340565880862e+00 5.242371225257e-06 1.039734004889e+01 4.337698198420e+00 2.389506995135e-06
18 30 2 4.26265793 1.54833793 8.02414812 5.73203309 1.39310345 1.343876928635e+00 4.979627790866e-06 1.033863199079e+01 4.351654810669e+00 2.245133496224e-06
18 31 2 4.26265793 1.54833793 8.02414812 5.73203309 1.39310345 1.351959122484e+00 4.855099097385e-06 1.034979524168e+01 4.374141027570e+00 2.176002571513e-06
18 32 2 4.26265793 1.54833793 8.02414812 5.73203309 1.39310345 1.365315965853e+00 4.868576096823e-06 1.043394095507e+01 4.403203111270e+00 2.182003627117e-06
18 33 2 4.26265793 1.54833793 8.02414812 5.73203309 1.39310345 1.380780193328e+00 5.021069168513e-06 1.056221257451e+01 4.432199539511e+00 2.263696519697e-06
18 34 2 4.26265793 1.54833793 8.02414812 5.73203309 1.39310345 1.394236162740e+00 5.314795953045e-06 1.069578021272e+01 4.454586561943e+00 2.422304751675e-06
18 35 2 4.26265793 1.54833793 8.02414812 5.73203309 1.39310345 1.404141684844e+00 5.753137730348e-06 1.081403167756e+01 4.469288621032e+00 2.659691052331e-06
18 36 2 4.26265793 1.54833793 8.02414812 5.73203309 1.39310345 1.411776432750e+00 6.340564928508e-06 1.092139872044e+01 4.480520476493e+00 2.978315677183e-06
18 37 2 4.26265793 1.54833793 8.02414812 5.73203309 1.39310345 1.418361027623e+00 7.082532806596e-06 1.103564995945e+01 4.493040388197e+00 3.381178017103e-06
18 38 2 4.26265793 1.54833793 8.02414812 5.73203309 1.39310345 1.422979471772e+00 7.985348799312e-06 1.117754003202e+01 4.508478557376e+00 3.871742360617e-06
18 39 2 4.26265793 1.54833793 8.02414812 5.73203309 1.39310345 1.423773090129e+00 9.056013438108e-06 1.136675206934e+01 4.525648763750e+00 4.453848894784e-06
18 40 2 4.26265793 1.54833793 8.02414812 5.73203309 1.39310345 1.420386547275e+00 1.030203716760e-05 1.161404745557e+01 4.543169048003e+00 5.131611258889e-06
18 41 2 4.26265793 1.54833793 8.02414812 5.73203309 1.39310345 1.414243418758e+00 1.173123575242e-05 1.190930337502e+01 4.561247935789e+00 5.909302178145e-06
18 42 2 4.26265793 1.54833793 8.02414812 5.73203309 1.39310345 1.406583761896e+00 1.335150731376e-05 1.222199371701e+01 4.580623527400e+00 6.791228898980e-06
18 43 2 4.26265793 1.54833793 8.02414812 5.73203309 1.39310345 1.397409826131e+00 1.517059434212e-05 1.252324820683e+01 4.599568240451e+00 7.781600320879e-06
18 44 2 4.26265793 1.54833793 8.02414812 5.73203309 1.39310345 1.386991913845e+00 1.719583429953e-05 1.280995022577e+01 4.613132183509e+00 8.884387869816e-06
18 45 2 4.26265793 1.54833793 8.02414812 5.73203309 1.39310345 1.377558501112e+00 1.943390264756e-05 1.310304445392e+01 4.617367216037e+00 1.010318228327e-05
18 46 2 4.26265793 1.54833793 8.02414812 5.73203309 1.39310345 1.372133502968e+00 2.189055231272e-05 1.342410006864e+01 4.614375822496e+00 1.144104857477e-05
18 47 2 4.26265793 1.54833793 8.02414812 5.73203309 1.39310345 1.371453586223e+00 2.457035372758e-05 1.378177458076e+01 4.611136822363e+00 1.290038151550e-05
18 48 2 4.26265793 1.54833793 8.02414812 5.73203309 1.39310345 1.373071153295e+00 2.747643966060e-05 1.417919854570e+01 4.612530311031e+00 1.448276401098e-05
18 49 2 4.26265793 1.54833793 8.02414812 5.73203309 1.39310345 1.374384320247e+00 3.061025906977e-05 1.461929823449e+01 4.617022952618e+00 1.618883076050e-05
18 50 2 4.26265793 1.54833793 8.02414812 5.73203309 1.39310345 1.376185511989e+00 3.397134418382e-05 1.509508189214e+01 4.619882353670e+00 1.801813956712e-05
18 51 2 4.26265793 1.54833793 8.02414812 5.73203309 1.39310345 1.382270643524e+00 3.755709492951e-05 1.558506156887e+01 4.618908669614e+00 1.996905261413e-05
18 52 2 4.26265793 1.54833793 8.02414812 5.73203309 1.39310345 1.395432557202e+00 4.136258468510e-05 1.606984084493e+01 4.615700622733e+00 2.203862994301e-05
18 53 2 4.26265793 1.54833793 8.02414812 5.73203309 1.39310345 1.414732329789e+00 4.538039114911e-05 1.655094237740e+01 4.612343186414e+00 2.422253725611e-05
18 54 2 4.26265793 1.54833793 8.02414812 5.73203309 1.39310345 1.437339935800e+00 4.960045587229e-05 1.704555279461e+01 4.608484061455e+00 2.651497002731e-05
18 55 2 4.26265793 1.54833793 8.02414812 5.73203309 1.39310345 1.462513770221e+00 5.400997571019e-05 1.756396496109e+01 4.602470228388e+00 2.890859573609e-05
18 56 2 4.26265793 1.54833793 8.02414812 5.73203309 1.39310345 1.492838555912e+00 5.859332911840e-05 1.810113252592e+01 4.596011725846e+00 3.139451584689e-05
18 57 2 4.26265793 1.54833793 8.02414812 5.73203309 1.39310345 1.531640571740e+00 6.333203983377e-05 1.865262612433e+01 4.597644477114e+00 3.396224893792e-05
18 58 2 4.26265793 1.54833793 8.02414812 5.73203309 1.39310345 1.580306290664e+00 6.820478006794e-05 1.922732170995e+01 4.619526971790e+00 3.659973614392e-05
18 59 2 4.26265793 1.54833793 8.02414812 5.73203309 1.39310345 1.638744518038e+00 7.318741488818e-05 1.983394192833e+01 4.668887777176e+00 3.929336981893e-05
18 60 2 4.26265793 1.54833793 8.02414812 5.73203309 1.39310345 1.707512726235e+00 7.825308897870e-05 2.046389153134e+01 4.743644023717e+00 4.202804604922e-05
18 61 2 4.26265793 1.54833793 8.02414812 5.73203309 1.39310345 1.787944697230e+00 8.337235646997e-05 2.110352962281e+01 4.837985555451e+00 4.478724135770e-05
18 62 2 4.26265793 1.54833793 8.02414812 5.73203309 1.39310345 1.880017006234e+00 8.851335399782e-05 2.175968019293e+01 4.950365665216e+00 4.755311364144e-05
18 63 2 4.26265793 1.54833793 8.02414812 5.73203309 1.39310345 1.981673692865e+00 9.364201661503e-05 2.245530293107e+01 5.083111761575e+00 5.030662707666e-05
19 0 2 4.10205321 1.53116689 6.73534363 5.22189619 1.37458259 1.746226408433e+00 4.786668663781e-05 1.212272539798e+01 3.227322088987e+00 2.401727260306e-05
19 1 2 4.10205321 1.53116689 6.73534363 5.22189619 1.37458259 1.614079944779e+00 4.611173923500e-05 1.174593153089e+01 3.144659802299e+00 2.313671399796e-05
19 2 2 4.10205321 1.53116689 6.73534363 5.22189619 1.37458259 1.496833502708e+00 4.441503722587e-05 1.136077807115e+01 3.061886764280e+00 2.228539775290e-05
19 3 2 4.10205321 1.53116689 6.73534363 5.22189619 1.37458259 1.392443865321e+00 4.277659744835e-05 1.097451585073e+01 2.968416513979e+00 2.146333044624e-05
19 4 2 4.10205321 1.53116689 6.73534363 5.22189619 1.37458259 1.299069689037e+00 4.119643616214e-05 1.059751727921e+01 2.865173797982e+00 2.067051843034e-05
19 5 2 4.10205321 1.53116689 6.73534363 5.22189619 1.37458259 1.217322364032e+00 3.967456904863e-05 1.023720219743e+01 2.762229313403e+00 1.990696783149e-05
19 6 2 4.10205321 1.53116689 6.73534363 5.22189619 1.37458259 1.148790504257e+00 3.821101121067e-05 9.895740032205e+00 2.674907164506e+00 1.917268454985e-05
19 7 2 4.10205321 1.53116689 6.73534363 5.22189619 1.37458259 1.093162613174e+00 3.680577717246e-05 9.570450667473e+00 2.618887240950e+00 1.846767425944e-05
19 8 2 4.10205321 1.53116689 6.73534363 5.22189619 1.37458259 1.047935511063e+00 3.545888087944e-05 9.256081981363e+00 2.604308843327e+00 1.779194240807e-05
19 9 2 4.10205321 1.53116689 6.73534363 5.22189619 1.37458259 1.011036711579e+00 3.417033569805e-05 8.948653924234e+00 2.631487488211e+00 1.714549421732e-05
19 10 2 4.10205321 1.53116689 6.73534363 5.22189619 1.37458259 9.827856398526e-01 3.294015441571e-05 8.647905021176e+00 2.690863143792e+00 1.652833468249e-05
19 11 2 4.10205321 1.53116689 6.73534363 5.22189619 1.37458259 9.646172041054e-01 3.176834924062e-05 8.356579275424e+00 2.766213452315e+00 1.594046857252e-05
19 12 2 4.10205321 1.53116689 6.73534363 5.22189619 1.37458259 9.563679002479e-01 3.065493180165e-05 8.078932682838e+00 2.838801917341e+00 1.538190043004e-05
19 13 2 4.10205321 1.53116689 6.73534363 5.22189619 1.37458259 9.557501372351e-01 2.959991314826e-05 7.819848805683e+00 2.892061857031e+00 1.485263457127e-05
19 14 2 4.10205321 1.53116689 6.73534363 5.22189619 1.37458259 9.605752981446e-01 2.860330375035e-05 7.583046988867e+00 2.916551302251e+00 1.435267508598e-05
19 15 2 4.10205321 1.53116689 6.73534363 5.22189619 1.37458259 9.705806420962e-01 2.766511349818e-05 7.368762593097e+00 2.912814774307e+00 1.388202583750e-05
19 16 2 4.10205321 1.53116689 6.73534363 5.22189619 1.37458259 9.863584966632e-01 2.678535170226e-05 7.173189395229e+00 2.890342369571e+00 1.344069046269e-05
19 17 2 4.10205321 1.53116689 6.73534363 5.22189619 1.37458259 1.006904977907e+00 2.596402709326e-05 6.989768296563e+00 2.863968929159e+00 1.302867237186e-05
19 18 2 4.10205321 1.53116689 6.73534363 5.22189619 1.37458259 1.029199710649e+00 2.520114782193e-05 6.811492554311e+00 2.849768970600e+00 1.264597474879e-05
19 19 2 4.10205321 1.53116689 6.73534363 5.22189619 1.37458259 1.050465254442e+00 2.449672145901e-05 6.634606502635e+00 2.860655502580e+00 1.229260055070e-05
19 20 2 4.10205321 1.53116689 6.73534363 5.22189619 1.37458259 1.070136659646e+00 2.385075499516e-05 6.462139007740e+00 2.902007905334e+00 1.196855250821e-05
19 21 2 4.10205321 1.53116689 6.73534363 5.22189619 1.37458259 1.089002747335e+00 2.326325484090e-05 6.303482443871e+00 2.969525950632e+00 1.167383312534e-05
19 22 2 4.10205321 1.53116689 6.73534363 5.22189619 1.37458259 1.106828953725e+00 2.273422682651e-05 6.169374519700e+00 3.050785310724e+00 1.140844467945e-05
19 23 2 4.10205321 1.53116689 6.73534363 5.22189619 1.37458259 1.121795060109e+00 2.226367620202e-05 6.065725674987e+00 3.129126783759e+00 1.117238922129e-05
19 24 2 4.10205321 1.53116689 6.73534363 5.22189619 1.37458259 1.132562757139e+00 2.185160763713e-05 5.989540723207e+00 3.187997084952e+00 1.096566857493e-05
19 25 2 4.10205321 1.53116689 6.73534363 5.22189619 1.37458259 1.140171184000e+00 2.149802522117e-05 5.929068626640e+00 3.215452913252e+00 1.078828433775e-05
19 26 2 4.10205321 1.53116689 6.73534363 5.22189619 1.37458259 1.147138356925e+00 2.120293246305e-05 5.869617405423e+00 3.208261130256e+00 1.064023788044e-05
19 27 2 4.10205321 1.53116689 6.73534363 5.22189619 1.37458259 1.154864478860e+00 2.096633229126e-05 5.802627136253e+00 3.173390837444e+00 1.052153034702e-05
19 28 2 4.10205321 1.53116689 6.73534363 5.22189619 1.37458259 1.162674033027e+00 2.078822705378e-05 5.731685778162e+00 3.125638998639e+00 1.043216265476e-05
19 29 2 4.10205321 1.53116689 6.73534363 5.22189619 1.37458259 1.169600653769e+00 2.066861851812e-05 5.671379688601e+00 3.082969095153e+00 1.037213549424e-05
19 30 2 4.10205321 1.53116689 6.73534363 5.22189619 1.37458259 1.176336268269e+00 2.060750787127e-05 5.640082109653e+00 3.061661653156e+00 1.034144932929e-05
19 31 2 4.10205321 1.53116689 6.73534363 5.22189619 1.37458259 1.184582897483e+00 2.060489571966e-05 5.650244073380e+00 3.071818905254e+00 1.034010439705e-05
19 32 2 4.10205321 1.53116689 6.73534363 5.22189619 1.37458259 1.194595306403e+00 2.066078208924e-05 5.700901475902e+00 3.113879364442e+00 1.036810070791e-05
19 33 2 4.10205321 1.53116689 6.73534363 5.22189619 1.37458259 1.204210345037e+00 2.077516642539e-05 5.777511741356e+00 3.178123845030e+00 1.042543804552e-05
19 34 2 4.10205321 1.53116689 6.73534363 5.22189619 1.37458259 1.210747064071e+00 2.094804759297e-05 5.859984522468e+00 3.248026148781e+00 1.051211596683e-05
19 35 2 4.10205321 1.53116689 6.73534363 5.22189619 1.37458259 1.213374605356e+00 2.117942387632e-05 5.933467102698e+00 3.305485072640e+00 1.062813380206e-05
19 36 2 4.10205321 1.53116689 6.73534363 5.22189619 1.37458259 1.212949113217e+00 2.146929297928e-05 5.995468613707e+00 3.335616565738e+00 1.077349065469e-05
19 37 2 4.10205321 1.53116689 6.73534363 5.22189619 1.37458259 1.209723359428e+00 2.181765202524e-05 6.056373180999e+00 3.330602699181e+00 1.094818540152e-05
19 38 2 4.10205321 1.53116689 6.73534363 5.22189619 1.37458259 1.202179673071e+00 2.222449755709e-05 6.133192814966e+00 3.292218308957e+00 1.115221669263e-05
19 39 2 4.10205321 1.53116689 6.73534363 5.22189619 1.37458259 1.188697958746e+00 2.268982553734e-05 6.239531092525e+00 3.231414758893e+00 1.138558295141e-05
19 40 2 4.10205321 1.53116689 6.73534363 5.22189619 1.37458259 1.169896020604e+00 2.321363134814e-05 6.378203834056e+00 3.164442483661e+00 1.164828237458e-05
19 41 2 4.10205321 1.53116689 6.73534363 5.22189619 1.37458259 1.148487724915e+00 2.379590979126e-05 6.541213328239e+00 3.107700945176e+00 1.194031293217e-05
19 42 2 4.10205321 1.53116689 6.73534363 5.22189619 1.37458259 1.126770927845e+00 2.443665508825e-05 6.715558951084e+00 3.073581861974e+00 1.226167236760e-05
19 43 2 4.10205321 1.53116689 6.73534363 5.22189619 1.37458259 1.105011724878e+00 2.513586088040e-05 6.890517016212e+00 3.067450161316e+00 1.261235819761e-05
19 44 2 4.10205321 1.53116689 6.73534363 5.22189619 1.37458259 1.082768378599e+00 2.589352022886e-05 7.063107573835e+00 3.085790672103e+00 1.299236771237e-05
19 45 2 4.10205321 1.53116689 6.73534363 5.22189619 1.37458259 1.061219330763e+00 2.670962561470e-05 7.238967898541e+00 3.117028418021e+00 1.340169797543e-05
19 46 2 4.10205321 1.53116689 6.73534363 5.22189619 1.37458259 1.043202893673e+00 2.758416893895e-05 7.427811223368e+00 3.145511932545e+00 1.384034582378e-05
19 47 2 4.10205321 1.53116689 6.73534363 5.22189619 1.37458259 1.030807709294e+00 2.851714152274e-05 7.637318722252e+00 3.156433400064e+00 1.430830786786e-05
19 48 2 4.10205321 1.53116689 6.73534363 5.22189619 1.37458259 1.023743501125e+00 2.950853410734e-05 7.870026460730e+00 3.139580282831e+00 1.480558049159e-05
19 49 2 4.10205321 1.53116689 6.73534363 5.22189619 1.37458259 1.020737918777e+00 3.055833685425e-05 8.123387930921e+00 3.092072922031e+00 1.533215985242e-05
19 50 2 4.10205321 1.53116689 6.73534363 5.22189619 1.37458259 1.022131574254e+00 3.166653934535e-05 8.391461749641e+00 3.020072899833e+00 1.588804188130e-05
19 51 2 4.10205321 1.53116689 6.73534363 5.22189619 1.37458259 1.030207578487e+00 3.283313058291e-05 8.667988099295e+00 2.937708001176e+00 1.647322228278e-05
19 52 2 4.10205321 1.53116689 6.73534363 5.22189619 1.37458259 1.046867674051e+00 3.405809898983e-05 8.949327104960e+00 2.862751684477e+00 1.708769653501e-05
19 53 2 4.10205321 1.53116689 6.73534363 5.22189619 1.37458259 1.071912420340e+00 3.534143240961e-05 9.234923988149e+00 2.811593316842e+00 1.773145988977e-05
19 54 2 4.10205321 1.53116689 6.73534363 5.22189619 1.37458259 1.104400444815e+00 3.668311810657e-05 9.526372904853e+00 2.795648591949e+00 1.840450737251e-05
19 55 2 4.10205321 1.53116689 6.73534363 5.22189619 1.37458259 1.145325148544e+00 3.808314276597e-05 9.827130042737e+00 2.818867280429e+00 1.910683378240e-05
19 56 2 4.10205321 1.53116689 6.73534363 5.22189619 1.37458259 1.197898629840e+00 3.954149249409e-05 1.014142839613e+01 2.876452412639e+00 1.983843369237e-05
19 57 2 4.10205321 1.53116689 6.73534363 5.22189619 1.37458259 1.264840568675e+00 4.105815281840e-05 1.047137565359e+01 2.956693826871e+00 2.059930144914e-05
19 58 2 4.10205321 1.53116689 6.73534363 5.22189619 1.37458259 1.346153556772e+00 4.263310868771e-05 1.081508849677e+01 3.045943031885e+00 2.138943117327e-05
19 59 2 4.10205321 1.53116689 6.73534363 5.22189619 1.37458259 1.440349583728e+00 4.426634447231e-05 1.116749565796e+01 3.133615131054e+00 2.220881675919e-05
19 60 2 4.10205321 1.53116689 6.73534363 5.22189619 1.37458259 1.547470148334e+00 4.595784396412e-05 1.152237664008e+01 3.215250047742e+00 2.305745187528e-05
19 61 2 4.10205321 1.53116689 6.73534363 5.22189619 1.37458259 1.669667444670e+00 4.770759037686e-05 1.187570280230e+01 3.294502540365e+00 2.393532996391e-05
19 62 2 4.10205321 1.53116689 6.73534363 5.22189619 1.37458259 1.808264307681e+00 4.951556634621e-05 1.223006391992e+01 3.383842712407e+00 2.484244424144e-05
19 63 2 4.10205321 1.53116689 6.73534363 5.22189619 1.37458259 1.961115999747e+00 5.138175393000e-05 1.259560838572e+01 3.501777770388e+00 2.577878769835e-05
20 0 2 3.29513622 1.40752294 5.92981145 4.33693211 1.28796317 8.828780381292e-01 4.812997699888e-05 7.714840997872e+00 2.500865620575e+00 2.754527782999e-05
20 1 2 3.29513622 1.40752294 5.92981145 4.33693211 1.28796317 8.456662607844e-01 4.653881411141e-05 7.511852173106e+00 2.430532362783e+00 2.667667907500e-05
20 2 2 3.29513622 1.40752294 5.92981145 4.33693211 1.28796317 8.104595487879e-01 4.477413998475e-05 7.293755927480e+00 2.351968398977e+00 2.570171814595e-05
20 3 2 3.29513622 1.40752294 5.92981145 4.33693211 1.28796317 7.770775028693e-01 4.285970607415e-05 7.041092830324e+00 2.262736241774e+00 2.463429084721e-05
20 4 2 3.29513622 1.40752294 5.92981145 4.33693211 1.28796317 7.453694552985e-01 4.082006677601e-05 6.759462733426e+00 2.166706792145e+00 2.348882344585e-05
20 5 2 3.29513622 1.40752294 5.92981145 4.33693211 1.28796317 7.160184117870e-01 3.868011726813e-05 6.481933008907e+00 2.073143315019e+00 2.227999552313e-05
20 6 2 3.29513622 1.40752294 5.92981145 4.33693211 1.28796317 6.896889551951e-01 3.646465851128e-05 6.242643296888e+00 1.990141335530e+00 2.102247836796e-05
20 7 2 3.29513622 1.40752294 5.92981145 4.33693211 1.28796317 6.656829698402e-01 3.419799595747e-05 6.050016668948e+00 1.919968819299e+00 1.973069291221e-05
20 8 2 3.29513622 1.40752294 5.92981145 4.33693211 1.28796317 6.422321059739e-01 3.190357759320e-05 5.887658404336e+00 1.860267774735e+00 1.841859066294e-05
20 9 2 3.29513622 1.40752294 5.92981145 4.33693211 1.28796317 6.184002969289e-01 2.960367595783e-05 5.733088016791e+00 1.807790805568e+00 1.709946049590e-05
20 10 2 3.29513622 1.40752294 5.92981145 4.33693211 1.28796317 5.952457885063e-01 2.731911773496e-05 5.569313329672e+00 1.760166691960e+00 1.578576355157e-05
20 11 2 3.29513622 1.40752294 5.92981145 4.33693211 1.28796317 5.746320508346e-01 2.506906344053e-05 5.386401293332e+00 1.714946005892e+00 1.448899782898e-05
20 12 2 3.29513622 1.40752294 5.92981145 4.33693211 1.28796317 5.570193571365e-01 2.287083864272e-05 5.186167422408e+00 1.668319519400e+00 1.321959341829e-05
20 13 2 3.29513622 1.40752294 5.92981145 4.33693211 1.28796317 5.409033573974e-01 2.073981706764e-05 4.987967668809e+00 1.616186311900e+00 1.198683866081e-05
20 14 2 3.29513622 1.40752294 5.92981145 4.33693211 1.28796317 5.245510448755e-01 1.868935488922e-05 4.819220984091e+00 1.557444769609e+00 1.079883688764e-05
20 15 2 3.29513622 1.40752294 5.92981145 4.33693211 1.28796317 5.078902286670e-01 1.673077449074e-05 4.692879585596e+00 1.495780547928e+00 9.662492776210e-06
20 16 2 3.29513622 1.40752294 5.92981145 4.33693211 1.28796317 4.923422153413e-01 1.487339503686e-05 4.597452141380e+00 1.437064435352e+00 8.583526788783e-06
20 17 2 3.29513622 1.40752294 5.92981145 4.33693211 1.28796317 4.789985832738e-01 1.312460632421e-05 4.510436172024e+00 1.385047748038e+00 7.566515628412e-06
20 18 2 3.29513622 1.40752294 5.92981145 4.33693211 1.28796317 4.674437037355e-01 1.148998160090e-05 4.415161006738e+00 1.340420427501e+00 6.614956174042e-06
20 19 2 3.29513622 1.40752294 5.92981145 4.33693211 1.28796317 4.564526341293e-01 9.973424373143e-06 4.304280681720e+00 1.303342327557e+00 5.731349946576e-06
20 20 2 3.29513622 1.40752294 5.92981145 4.33693211 1.28796317 4.453870570481e-01 8.577343660724e-06 4.178573173639e+00 1.274799129985e+00 4.917304817078e-06
20 21 2 3.29513622 1.40752294 5.92981145 4.33693211 1.28796317 4.345150094187e-01 7.302851731722e-06 4.050200387114e+00 1.254731427672e+00 4.173650402892e-06
20 22 2 3.29513622 1.40752294 5.92981145 4.33693211 1.28796317 4.241935834203e-01 6.149978045731e-06 3.940748535476e+00 1.240100929049e+00 3.500563410827e-06
20 23 2 3.29513622 1.40752294 5.92981145 4.33693211 1.28796317 4.143403069003e-01 5.117892968554e-06 3.866549956696e+00 1.225974718700e+00 2.897699081107e-06
20 24 2 3.29513622 1.40752294 5.92981145 4.33693211 1.28796317 4.049286060465e-01 4.205134790447e-06 3.824766210577e+00 1.208579163666e+00 2.364324862442e-06
20 25 2 3.29513622 1.40752294 5.92981145 4.33693211 1.28796317 3.965765447636e-01 3.409833683816e-06 3.796803145914e+00 1.187319717899e+00 1.899452506567e-06
20 26 2 3.29513622 1.40752294 5.92981145 4.33693211 1.28796317 3.901311545059e-01 2.729926470944e-06 3.764564232941e+00 1.164331081661e+00 1.501964907987e-06
20 27 2 3.29513622 1.40752294 5.92981145 4.33693211 1.28796317 3.857026719777e-01 2.163356432036e-06 3.721226547091e+00 1.142463216364e+00 1.170734227776e-06
20 28 2 3.29513622 1.40752294 5.92981145 4.33693211 1.28796317 3.825802635769e-01 1.708252860469e-06 3.670055179942e+00 1.123862158937e+00 9.047281242781e-07
20 29 2 3.29513622 1.40752294 5.92981145 4.33693211 1.28796317 3.803470198091e-01 1.363085655315e-06 3.621120290163e+00 1.110494271428e+00 7.031012622690e-07
20 30 2 3.29513622 1.40752294 5.92981145 4.33693211 1.28796317 3.797708462723e-01 1.126790919010e-06 3.590758076966e+00 1.105231906908e+00 5.652696782487e-07
20 31 2 3.29513622 1.40752294 5.92981145 4.33693211 1.28796317 3.821492923414e-01 9.988642865618e-07 3.595081219043e+00 1.110844532590e+00 4.909660346812e-07
20 32 2 3.29513622 1.40752294 5.92981145 4.33693211 1.28796317 3.877573759108e-01 9.794195368557e-07 3.636139142976e+00 1.127184660889e+00 4.802742910035e-07
20 33 2 3.29513622 1.40752294 5.92981145 4.33693211 1.28796317 3.953136748620e-01 1.069210910000e-06 3.696987747866e+00 1.150215572096e+00 5.336428441493e-07
20 34 2 3.29513622 1.40752294 5.92981145 4.33693211 1.28796317 4.031922003066e-01 1.269618460106e-06 3.755031372778e+00 1.174668572941e+00 6.518757357215e-07
20 35 2 3.29513622 1.40752294 5.92981145 4.33693211 1.28796317 4.109419054972e-01 1.582596692597e-06 3.798692519519e+00 1.197333864653e+00 8.361020760185e-07
20 36 2 3.29513622 1.40752294 5.92981145 4.33693211 1.28796317 4.193293462259e-01 2.010587651073e-06 3.830460152277e+00 1.217497994577e+00 1.087724385883e-06
20 37 2 3.29513622 1.40752294 5.92981145 4.33693211 1.28796317 4.290164087318e-01 2.556400512916e-06 3.860545997468e+00 1.235255596435e+00 1.408347094903e-06
20 38 2 3.29513622 1.40752294 5.92981145 4.33693211 1.28796317 4.396307143498e-01 3.223060607623e-06 3.902991649473e+00 1.250764971560e+00 1.799686948109e-06
20 39 2 3.29513622 1.40752294 5.92981145 4.33693211 1.28796317 4.502985080904e-01 4.013631570290e-06 3.972538266075e+00 1.265306597665e+00 2.263467552743e-06
20 40 2 3.29513622 1.40752294 5.92981145 4.33693211 1.28796317 4.607387409760e-01 4.931015068828e-06 4.075188854542e+00 1.282299227659e+00 2.801300732169e-06
20 41 2 3.29513622 1.40752294 5.92981145 4.33693211 1.28796317 4.714327066488e-01 5.977733182628e-06 4.199062689317e+00 1.306448144699e+00 3.414557736642e-06
20 42 2 3.29513622 1.40752294 5.92981145 4.33693211 1.28796317 4.828397582750e-01 7.155699049232e-06 4.320073386298e+00 1.341078086998e+00 4.104233682514e-06
20 43 2 3.29513622 1.40752294 5.92981145 4.33693211 1.28796317 4.949675660452e-01 8.465981822783e-06 4.421112389236e+00 1.385761166629e+00 4.870808845463e-06
20 44 2 3.29513622 1.40752294 5.92981145 4.33693211 1.28796317 5.079353634746e-01 9.908572293905e-06 4.504465019791e+00 1.436827561918e+00 5.714110613889e-06
20 45 2 3.29513622 1.40752294 5.92981145 4.33693211 1.28796317 5.225264227867e-01 1.148215569806e-05 4.585691608413e+00 1.490536980514e+00 6.633180011225e-06
20 46 2 3.29513622 1.40752294 5.92981145 4.33693211 1.28796317 5.395900771942e-01 1.318389828304e-05 4.681823478778e+00 1.545109087508e+00 7.626146717527e-06
20 47 2 3.29513622 1.40752294 5.92981145 4.33693211 1.28796317 5.588681817241e-01 1.500925411336e-05 4.807557732964e+00 1.599187195949e+00 8.690116459800e-06
20 48 2 3.29513622 1.40752294 5.92981145 4.33693211 1.28796317 5.789632694626e-01 1.695179836006e-05 4.971923889738e+00 1.649827179690e+00 9.821074496917e-06
20 49 2 3.29513622 1.40752294 5.92981145 4.33693211 1.28796317 5.988887415246e-01 1.900309295995e-05 5.167811540046e+00 1.694216756291e+00 1.101380870023e-05
20 50 2 3.29513622 1.40752294 5.92981145 4.33693211 1.28796317 6.194336640804e-01 2.115259003479e-05 5.369318880046e+00 1.733512959638e+00 1.226185542782e-05
20 51 2 3.29513622 1.40752294 5.92981145 4.33693211 1.28796317 6.424723789390e-01 2.338757784385e-05 5.550058343217e+00 1.773413281220e+00 1.355747101341e-05
20 52 2 3.29513622 1.40752294 5.92981145 4.33693211 1.28796317 6.688020081483e-01 2.569317331310e-05 5.705178701928e+00 1.820321854556e+00 1.489163124551e-05
20 53 2 3.29513622 1.40752294 5.92981145 4.33693211 1.28796317 6.970787043584e-01 2.805236435181e-05 5.852156629067e+00 1.877522140114e+00 1.625406070665e-05
20 54 2 3.29513622 1.40752294 5.92981145 4.33693211 1.28796317 7.252611572636e-01 3.044610424681e-05 6.014039264857e+00 1.944910249953e+00 1.763329328286e-05
20 55 2 3.29513622 1.40752294 5.92981145 4.33693211 1.28796317 7.529286801539e-01 3.285345943030e-05 6.207248034520e+00 2.021185048772e+00 1.901676455190e-05
20 56 2 3.29513622 1.40752294 5.92981145 4.33693211 1.28796317 7.817158295397e-01 3.525181086686e-05 6.439492109194e+00 2.105200752478e+00 2.039093612283e-05
20 57 2 3.29513622 1.40752294 5.92981145 4.33693211 1.28796317 8.133835083149e-01 3.761710821669e-05 6.705465017122e+00 2.194707681159e+00 2.174145134241e-05
20 58 2 3.29513622 1.40752294 5.92981145 4.33693211 1.28796317 8.479009900786e-01 3.992417482439e-05 6.980384301558e+00 2.284165026226e+00 2.305332111619e-05
20 59 2 3.29513622 1.40752294 5.92981145 4.33693211 1.28796317 8.837514776680e-01 4.214706047512e-05 7.230106034263e+00 2.365814369864e+00 2.431113792591e-05
20 60 2 3.29513622 1.40752294 5.92981145 4.33693211 1.28796317 9.197741003328e-01 4.425943777435e-05 7.439978647660e+00 2.435357450317e+00 2.549931547365e-05
20 61 2 3.29513622 1.40752294 5.92981145 4.33693211 1.28796317 9.560384742945e-01 4.623503696161e-05 7.630941537714e+00 2.496642158588e+00 2.660235075704e-05
20 62 2 3.29513622 1.40752294 5.92981145 4.33693211 1.28796317 9.928559058880e-01 4.804811298475e-05 7.840771089531e+00 2.558962431430e+00 2.760510479313e-05
20 63 2 3.29513622 1.40752294 5.92981145 4.33693211 1.28796317 1.029752387319e+00 4.967393775683e-05 8.094704795803e+00 2.629785307493e+00 2.849309767123e-05
21 0 2 3.76840842 1.48645091 7.60980850 5.18513068 1.35261543 1.477663102203e+00 5.971968379822e-05 1.790335385801e+01 4.778445172516e+00 3.339115137250e-05
21 1 2 3.76840842 1.48645091 7.60980850 5.18513068 1.35261543 1.416664274157e+00 5.779941461245e-05 1.745369491324e+01 4.641490748530e+00 3.236868684791e-05
21 2 2 3.76840842 1.48645091 7.60980850 5.18513068 1.35261543 1.358760090705e+00 5.565957194047e-05 1.705125497952e+01 4.493536265754e+00 3.121471984508e-05
21 3 2 3.76840842 1.48645091 7.60980850 5.18513068 1.35261543 1.303728357814e+00 5.332950676377e-05 1.659143018363e+01 4.330603596024e+00 2.994602375224e-05
21 4 2 3.76840842 1.48645091 7.60980850 5.18513068 1.35261543 1.251354687116e+00 5.083963494744e-05 1.602051380902e+01 4.158392170655e+00 2.858005879752e-05
21 5 2 3.76840842 1.48645091 7.60980850 5.18513068 1.35261543 1.202589860478e+00 4.822086038760e-05 1.537443824506e+01 3.990603281796e+00 2.713463353716e-05
21 6 2 3.76840842 1.48645091 7.60980850 5.18513068 1.35261543 1.158373435722e+00 4.550403053386e-05 1.474162052174e+01 3.839055697905e+00 2.562758440148e-05
21 7 2 3.76840842 1.48645091 7.60980850 5.18513068 1.35261543 1.117726435101e+00 4.271943267016e-05 1.419718435041e+01 3.706961546393e+00 2.407647831311e-05
21 8 2 3.76840842 1.48645091 7.60980850 5.18513068 1.35261543 1.078143604788e+00 3.989633820082e-05 1.376776091123e+01 3.590918806035e+00 2.249834273042e-05
21 9 2 3.76840842 1.48645091 7.60980850 5.18513068 1.35261543 1.038291937247e+00 3.706260095529e-05 1.343127050661e+01 3.486434719739e+00 2.090942674930e-05
21 10 2 3.76840842 1.48645091 7.60980850 5.18513068 1.35261543 9.996832171288e-01 3.424431422171e-05 1.312924749493e+01 3.390341036138e+00 1.932499613243e-05
21 11 2 3.76840842 1.48645091 7.60980850 5.18513068 1.35261543 9.649930753600e-01 3.146552986803e-05 1.279094104084e+01 3.299168410037e+00 1.775916434119e-05
21 12 2 3.76840842 1.48645091 7.60980850 5.18513068 1.35261543 9.348994565289e-01 2.874804153866e-05 1.237568771464e+01 3.207203507642e+00 1.622476083839e-05
21 13 2 3.76840842 1.48645091 7.60980850 5.18513068 1.35261543 9.072617898738e-01 2.611123254789e-05 1.190718232994e+01 3.108233933314e+00 1.473323712299e-05
21 14 2 3.76840842 1.48645091 7.60980850 5.18513068 1.35261543 8.795989819733e-01 2.357198775366e-05 1.145891967467e+01 3.000594102365e+00 1.329461016745e-05
21 15 2 3.76840842 1.48645091 7.60980850 5.18513068 1.35261543 8.518025278411e-01 2.114466741213e-05 1.109744516308e+01 2.889780342590e+00 1.191744216796e-05
21 16 2 3.76840842 1.48645091 7.60980850 5.18513068 1.35261543 8.259014637246e-01 1.884113980512e-05 1.083913777110e+01 2.784449094587e+00 1.060885480090e-05
21 17 2 3.76840842 1.48645091 7.60980850 5.18513068 1.35261543 8.034445169973e-01 1.667086832208e-05 1.065299635203e+01 2.690036165870e+00 9.374575518482e-06
21 18 2 3.76840842 1.48645091 7.60980850 5.18513068 1.35261543 7.838098937422e-01 1.464104768281e-05 1.048638877236e+01 2.607519106760e+00 8.219012823495e-06
21 19 2 3.76840842 1.48645091 7.60980850 5.18513068 1.35261543 7.652159022513e-01 1.275678312483e-05 1.028712339320e+01 2.537257379743e+00 7.145356948106e-06
21 20 2 3.76840842 1.48645091 7.60980850 5.18513068 1.35261543 7.467352826202e-01 1.102130566217e-05 1.002604446625e+01 2.480907574549e+00 6.155701931863e-06
21 21 2 3.76840842 1.48645091 7.60980850 5.18513068 1.35261543 7.287533062907e-01 9.436215963739e-06 9.719724473567e+00 2.438502892719e+00 5.251184757743e-06
21 22 2 3.76840842 1.48645091 7.60980850 5.18513068 1.35261543 7.117834216587e-01 8.001749004979e-06 9.427292496918e+00 2.405537623198e+00 4.432136965954e-06
21 23 2 3.76840842 1.48645091 7.60980850 5.18513068 1.35261543 6.957021510821e-01 6.717051423841e-06 9.210733412854e+00 2.374631708955e+00 3.698244027046e-06
21 24 2 3.76840842 1.48645091 7.60980850 5.18513068 1.35261543 6.804679664334e-01 5.580463460668e-06 9.091301215165e+00 2.340141594735e+00 3.048707719733e-06
21 25 2 3.76840842 1.48645091 7.60980850 5.18513068 1.35261543 6.669788687693e-01 4.589797482090e-06 9.041133520368e+00 2.301191321301e+00 2.482406824023e-06
21 26 2 3.76840842 1.48645091 7.60980850 5.18513068 1.35261543 6.564770527285e-01 3.742605375806e-06 9.009692358348e+00 2.260974618602e+00 1.998051604364e-06
21 27 2 3.76840842 1.48645091 7.60980850 5.18513068 1.35261543 6.491494749183e-01 3.036427549428e-06 8.954337860440e+00 2.223719953447e+00 1.594327816120e-06
21 28 2 3.76840842 1.48645091 7.60980850 5.18513068 1.35261543 6.439921158295e-01 2.469016861863e-06 8.856868782236e+00 2.192590070682e+00 1.270026315846e-06
21 29 2 3.76840842 1.48645091 7.60980850 5.18513068 1.35261543 6.404079679619e-01 2.038531547176e-06 8.731667467243e+00 2.170513089424e+00 1.024154783808e-06
21 30 2 3.76840842 1.48645091 7.60980850 5.18513068 1.35261543 6.394953247310e-01 1.743692043056e-06 8.625654986862e+00 2.161818900451e+00 8.560285669779e-07
21 31 2 3.76840842 1.48645091 7.60980850 5.18513068 1.35261543 6.431160039345e-01 1.583897591446e-06 8.595522263925e+00 2.170696151457e+00 7.653382118234e-07
21 32 2 3.76840842 1.48645091 7.60980850 5.18513068 1.35261543 6.516652061494e-01 1.559299518133e-06 8.667216140987e+00 2.196941809097e+00 7.521918672262e-07
21 33 2 3.76840842 1.48645091 7.60980850 5.18513068 1.35261543 6.632960396192e-01 1.670829200357e-06 8.814666319947e+00 2.234489596938e+00 8.171313862603e-07
21 34 2 3.76840842 1.48645091 7.60980850 5.18513068 1.35261543 6.756548883199e-01 1.920179874683e-06 8.980616069426e+00 2.275401020997e+00 9.611216284006e-07
21 35 2 3.76840842 1.48645091 7.60980850 5.18513068 1.35261543 6.880683932868e-01 2.309742598874e-06 9.115660535010e+00 2.314831593757e+00 1.185513147389e-06
21 36 2 3.76840842 1.48645091 7.60980850 5.18513068 1.35261543 7.016134803827e-01 2.842497838088e-06 9.200966502480e+00 2.351716298895e+00 1.491979130792e-06
21 37 2 3.76840842 1.48645091 7.60980850 5.18513068 1.35261543 7.172223387242e-01 3.521865274565e-06 9.251348199807e+00 2.386219095276e+00 1.882428121531e-06
21 38 2 3.76840842 1.48645091 7.60980850 5.18513068 1.35261543 7.343466577005e-01 4.351515518397e-06 9.310349200477e+00 2.418563262974e+00 2.358894685982e-06
21 39 2 3.76840842 1.48645091 7.60980850 5.18513068 1.35261543 7.517245795541e-01 5.335148403424e-06 9.433578747847e+00 2.450599467667e+00 2.923410784724e-06
21 40 2 3.76840842 1.48645091 7.60980850 5.18513068 1.35261543 7.689569996591e-01 6.476243466320e-06 9.654872961602e+00 2.487365631489e+00 3.577861138553e-06
21 41 2 3.76840842 1.48645091 7.60980850 5.18513068 1.35261543 7.867509815142e-01 7.777789009814e-06 9.956343706702e+00 2.535852978311e+00 4.323826352868e-06
21 42 2 3.76840842 1.48645091 7.60980850 5.18513068 1.35261543 8.057829967327e-01 9.241996825815e-06 1.027532248345e+01 2.601015780468e+00 5.162417957914e-06
21 43 2 3.76840842 1.48645091 7.60980850 5.18513068 1.35261543 8.260708556476e-01 1.087001018654e-05 1.054868102525e+01 2.682187858822e+00 6.094109832126e-06
21 44 2 3.76840842 1.48645091 7.60980850 5.18513068 1.35261543 8.477850941834e-01 1.266161308941e-05 1.075451711183e+01 2.773814495218e+00 7.118570693782e-06
21 45 2 3.76840842 1.48645091 7.60980850 5.18513068 1.35261543 8.720561815179e-01 1.461494895536e-05 1.091872129507e+01 2.870229235831e+00 8.234502466913e-06
21 46 2 3.76840842 1.48645091 7.60980850 5.18513068 1.35261543 9.001224876152e-01 1.672625702392e-05 1.109655822912e+01 2.968799949473e+00 9.439489347301e-06
21 47 2 3.76840842 1.48645091 7.60980850 5.18513068 1.35261543 9.316329874199e-01 1.898963455839e-05 1.135088608502e+01 3.067687527481e+00 1.072986231149e-05
21 48 2 3.76840842 1.48645091 7.60980850 5.18513068 1.35261543 9.645815024998e-01 2.139683267150e-05 1.172389653022e+01 3.162710986361e+00 1.210058362613e-05
21 49 2 3.76840842 1.48645091 7.60980850 5.18513068 1.35261543 9.975248691841e-01 2.393709310753e-05 1.220261151603e+01 3.249722414732e+00 1.354515562863e-05
21 50 2 3.76840842 1.48645091 7.60980850 5.18513068 1.35261543 1.031553674815e+00 2.659703267911e-05 1.271279554371e+01 3.330331719592e+00 1.505555766681e-05
21 51 2 3.76840842 1.48645091 7.60980850 5.18513068 1.35261543 1.069320750696e+00 2.936058126356e-05 1.316602064002e+01 3.412927926218e+00 1.662221461050e-05
21 52 2 3.76840842 1.48645091 7.60980850 5.18513068 1.35261543 1.111951760809e+00 3.220897832777e-05 1.352371984288e+01 3.507029800745e+00 1.823399978982e-05
21 53 2 3.76840842 1.48645091 7.60980850 5.18513068 1.35261543 1.157520421412e+00 3.512083188702e-05 1.381975201290e+01 3.617459108866e+00 1.987827458130e-05
21 54 2 3.76840842 1.48645091 7.60980850 5.18513068 1.35261543 1.203105755001e+00 3.807224262911e-05 1.413190547753e+01 3.743853463041e+00 2.154096616581e-05
21 55 2 3.76840842 1.48645091 7.60980850 5.18513068 1.35261543 1.248094740893e+00 4.103699467144e-05 1.453795732264e+01 3.884039491955e+00 2.320668423195e-05
21 56 2 3.76840842 1.48645091 7.60980850 5.18513068 1.35261543 1.294796995921e+00 4.398681308526e-05 1.508067226253e+01 4.036264258032e+00 2.485887660991e-05
21 57 2 3.76840842 1.48645091 7.60980850 5.18513068 1.35261543 1.345702935965e+00 4.689168694397e-05 1.574111279954e+01 4.197445078228e+00 2.648002300606e-05
21 58 2 3.76840842 1.48645091 7.60980850 5.18513068 1.35261543 1.400770994120e+00 4.972025525308e-05 1.643167688034e+01 4.359806541290e+00 2.805186518339e-05
21 59 2 3.76840842 1.48645091 7.60980850 5.18513068 1.35261543 1.457866402260e+00 5.244025172628e-05 1.703822079865e+01 4.512172268588e+00 2.955567111292e-05
21 60 2 3.76840842 1.48645091 7.60980850 5.18513068 1.35261543 1.515352888256e+00 5.501900300807e-05 1.750263849548e+01 4.648212733447e+00 3.097252982015e-05
21 61 2 3.76840842 1.48645091 7.60980850 5.18513068 1.35261543 1.573305622198e+00 5.742397363730e-05 1.787436882960e+01 4.773602019630e+00 3.228367288581e-05
21 62 2 3.76840842 1.48645091 7.60980850 5.18513068 1.35261543 1.632119177797e+00 5.962334982026e-05 1.827525307082e+01 4.902306003526e+00 3.347081784501e-05
21 63 2 3.76840842 1.48645091 7.60980850 5.18513068 1.35261543 1.691092787034e+00 6.158665296296e-05 1.881518459999e+01 5.045630870265e+00 3.451652807872e-05
22 0 2 8.73159071 1.90645000 13.21924976 13.44446669 1.67243812 2.042518633242e+01 1.791777702330e-04 8.741942183317e+01 7.889276269857e+01 8.751037278780e-05
22 1 2 8.73159071 1.90645000 13.21924976 13.44446669 1.67243812 2.009873938222e+01 1.703444833225e-04 8.187520889361e+01 7.142684645177e+01 8.324859460073e-05
22 2 2 8.73159071 1.90645000 13.21924976 13.44446669 1.67243812 1.984017974489e+01 1.613300151951e-04 7.685013165410e+01 6.507168267884e+01 7.888116742438e-05
22 3 2 8.73159071 1.90645000 13.21924976 13.44446669 1.67243812 1.963851009329e+01 1.522087136088e-04 7.232728926837e+01 5.979832487642e+01 7.444602902658e-05
22 4 2 8.73159071 1.90645000 13.21924976 13.44446669 1.67243812 1.948323689860e+01 1.430518046669e-04 6.828922971079e+01 5.554743870078e+01 6.997962109510e-05
22 5 2 8.73159071 1.90645000 13.21924976 13.44446669 1.67243812 1.936933008246e+01 1.339266700505e-04 6.474918321188e+01 5.221467050337e+01 6.551651051009e-05
22 6 2 8.73159071 1.90645000 13.21924976 13.44446669 1.67243812 1.929074650994e+01 1.248962268626e-04 6.173030923246e+01 4.967700892353e+01 6.108906273025e-05
22 7 2 8.73159071 1.90645000 13.21924976 13.44446669 1.67243812 1.923405685389e+01 1.160184143509e-04 5.922805536100e+01 4.782764242414e+01 5.672716963980e-05
22 8 2 8.73159071 1.90645000 13.21924976 13.44446669 1.67243812 1.918420501093e+01 1.073457900947e-04 5.720651687816e+01 4.658333750791e+01 5.245803333265e-05
22 9 2 8.73159071 1.90645000 13.21924976 13.44446669 1.67243812 1.913656948385e+01 9.892523657022e-05 5.562752192170e+01 4.586843461272e+01 4.830600644119e-05
22 10 2 8.73159071 1.90645000 13.21924976 13.44446669 1.67243812 1.909859827342e+01 9.079777736040e-05 5.446942670509e+01 4.560308819349e+01 4.429248876111e-05
22 11 2 8.73159071 1.90645000 13.21924976 13.44446669 1.67243812 1.907654792388e+01 8.299850068241e-05 5.371086217312e+01 4.571026039240e+01 4.043587909189e-05
22 12 2 8.73159071 1.90645000 13.21924976 13.44446669 1.67243812 1.906293948919e+01 7.555658637737e-05 5.330214910801e+01 4.613409441068e+01 3.675158041569e-05
22 13 2 8.73159071 1.90645000 13.21924976 13.44446669 1.67243812 1.904123867088e+01 6.849543107215e-05 5.316402987335e+01 4.685229419945e+01 3.325205578606e-05
22 14 2 8.73159071 1.90645000 13.21924976 13.44446669 1.67243812 1.900330841471e+01 6.183286489212e-05 5.321966638130e+01 4.786845091155e+01 2.994693160060e-05
22 15 2 8.73159071 1.90645000 13.21924976 13.44446669 1.67243812 1.895859537815e+01 5.558145189774e-05 5.342307953298e+01 4.918749837185e+01 2.684314429860e-05
22 16 2 8.73159071 1.90645000 13.21924976 13.44446669 1.67243812 1.892335414633e+01 4.974886534881e-05 5.375214925260e+01 5.079738452407e+01 2.394512596161e-05
22 17 2 8.73159071 1.90645000 13.21924976 13.44446669 1.67243812 1.890222149387e+01 4.433832798233e-05 5.418257842095e+01 5.267517812016e+01 2.125502381045e-05
22 18 2 8.73159071 1.90645000 13.21924976 13.44446669 1.67243812 1.888320863054e+01 3.934910673146e-05 5.468308642715e+01 5.480440051992e+01 1.877294819022e-05
22 19 2 8.73159071 1.90645000 13.21924976 13.44446669 1.67243812 1.885034442160e+01 3.477705072533e-05 5.523659228029e+01 5.717386097374e+01 1.649724332137e-05
22 20 2 8.73159071 1.90645000 13.21924976 13.44446669 1.67243812 1.879767813149e+01 3.061516099498e-05 5.585057225321e+01 5.975324291913e+01 1.442477487169e-05
22 21 2 8.73159071 1.90645000 13.21924976 13.44446669 1.67243812 1.872940773634e+01 2.685418007613e-05 5.653380559123e+01 6.247332412614e+01 1.255122827464e-05
22 22 2 8.73159071 1.90645000 13.21924976 13.44446669 1.67243812 1.865007441585e+01 2.348318964409e-05 5.726421952872e+01 6.523404395821e+01 1.087141168275e-05
22 23 2 8.73159071 1.90645000 13.21924976 13.44446669 1.67243812 1.856007790560e+01 2.049020443956e-05 5.798599018924e+01 6.793181436330e+01 9.379557502624e-06
22 24 2 8.73159071 1.90645000 13.21924976 13.44446669 1.67243812 1.846165605245e+01 1.786275104292e-05 5.863916365534e+01 7.048184118831e+01 8.069616606090e-06
22 25 2 8.73159071 1.90645000 13.21924976 13.44446669 1.67243812 1.836459722279e+01 1.558842052272e-05 5.919016719292e+01 7.282351224543e+01 6.935539549749e-06
22 26 2 8.73159071 1.90645000 13.21924976 13.44446669 1.67243812 1.828160694663e+01 1.365538461396e-05 5.963606439507e+01 7.491371754842e+01 5.971539456499e-06
22 27 2 8.73159071 1.90645000 13.21924976 13.44446669 1.67243812 1.821890610857e+01 1.205286586272e-05 5.998800052668e+01 7.671905600388e+01 5.172331613761e-06
22 28 2 8.73159071 1.90645000 13.21924976 13.44446669 1.67243812 1.817569719725e+01 1.077155309476e-05 6.026039542566e+01 7.821581247583e+01 4.533345316922e-06
22 29 2 8.73159071 1.90645000 13.21924976 13.44446669 1.67243812 1.815442461973e+01 9.803954611348e-06 6.047792718848e+01 7.939706845513e+01 4.050904026261e-06
22 30 2 8.73159071 1.90645000 13.21924976 13.44446669 1.67243812 1.816773145538e+01 9.144682672706e-06 6.068082612366e+01 8.027305737935e+01 3.722370503015e-06
22 31 2 8.73159071 1.90645000 13.21924976 13.44446669 1.67243812 1.823020839262e+01 8.790664078720e-06 6.090487409519e+01 8.085241028114e+01 3.546254236604e-06
22 32 2 8.73159071 1.90645000 13.21924976 13.44446669 1.67243812 1.834222293034e+01 8.741272981881e-06 6.114749714309e+01 8.111572500321e+01 3.522279160773e-06
22 33 2 8.73159071 1.90645000 13.21924976 13.44446669 1.67243812 1.848480126271e+01 8.998383448661e-06 6.135872949516e+01 8.101038178119e+01 3.651410371766e-06
22 34 2 8.73159071 1.90645000 13.21924976 13.44446669 1.67243812 1.863274655232e+01 9.566340703354e-06 6.147240921017e+01 8.047740511839e+01 3.935839296014e-06
22 35 2 8.73159071 1.90645000 13.21924976 13.44446669 1.67243812 1.877192359828e+01 1.045185142253e-05 6.144668555545e+01 7.948664342425e+01 4.378927497849e-06
22 36 2 8.73159071 1.90645000 13.21924976 13.44446669 1.67243812 1.890238861318e+01 1.166379487818e-05 6.127582226700e+01 7.805040096500e+01 4.985110058561e-06
22 37 2 8.73159071 1.90645000 13.21924976 13.44446669 1.67243812 1.902676117511e+01 1.321295813303e-05 6.097361020641e+01 7.621301461605e+01 5.759760186094e-06
22 38 2 8.73159071 1.90645000 13.21924976 13.44446669 1.67243812 1.914021399488e+01 1.511169985237e-05 6.055845080967e+01 7.403617561094e+01 6.709017419232e-06
22 39 2 8.73159071 1.90645000 13.21924976 13.44446669 1.67243812 1.923386743813e+01 1.737354859302e-05 6.005690993842e+01 7.159398102371e+01 7.839582461122e-06
22 40 2 8.73159071 1.90645000 13.21924976 13.44446669 1.67243812 1.930479465772e+01 2.001274264429e-05 5.951110619646e+01 6.897483633983e+01 9.158482304487e-06
22 41 2 8.73159071 1.90645000 13.21924976 13.44446669 1.67243812 1.935823745841e+01 2.304371960831e-05 5.896755905887e+01 6.628007876738e+01 1.067280988576e-05
22 42 2 8.73159071 1.90645000 13.21924976 13.44446669 1.67243812 1.939999097729e+01 2.648056490373e-05 5.844975599438e+01 6.361165292077e+01 1.238944301898e-05
22 43 2 8.73159071 1.90645000 13.21924976 13.44446669 1.67243812 1.943103429598e+01 3.033642924090e-05 5.794394953548e+01 6.105003522335e+01 1.431474780487e-05
22 44 2 8.73159071 1.90645000 13.21924976 13.44446669 1.67243812 1.945248447506e+01 3.462292583584e-05 5.742078618013e+01 5.863766879753e+01 1.645427207918e-05
22 45 2 8.73159071 1.90645000 13.21924976 13.44446669 1.67243812 1.947269910253e+01 3.934951869309e-05 5.687488149619e+01 5.638675871730e+01 1.881243475117e-05
22 46 2 8.73159071 1.90645000 13.21924976 13.44446669 1.67243812 1.950340511526e+01 4.452291368462e-05 5.633981672302e+01 5.430807481845e+01 2.139221708333e-05
22 47 2 8.73159071 1.90645000 13.21924976 13.44446669 1.67243812 1.954651437409e+01 5.014646437564e-05 5.586580435674e+01 5.243103289448e+01 2.419486207314e-05
22 48 2 8.73159071 1.90645000 13.21924976 13.44446669 1.67243812 1.958832734322e+01 5.621960459437e-05 5.549525049705e+01 5.079421994420e+01 2.721958811439e-05
22 49 2 8.73159071 1.90645000 13.21924976 13.44446669 1.67243812 1.961139254168e+01 6.273731960818e-05 5.526935906256e+01 4.942339350501e+01 3.046332303857e-05
22 50 2 8.73159071 1.90645000 13.21924976 13.44446669 1.67243812 1.961258329716e+01 6.968966745273e-05 5.524963010231e+01 4.832904373064e+01 3.392046446475e-05
22 51 2 8.73159071 1.90645000 13.21924976 13.44446669 1.67243812 1.960665012900e+01 7.706136146671e-05 5.551490207078e+01 4.752754347293e+01 3.758267212190e-05
22 52 2 8.73159071 1.90645000 13.21924976 13.44446669 1.67243812 1.961083717439e+01 8.483142441600e-05 5.613028021315e+01 4.706010715217e+01 4.143869745244e-05
22 53 2 8.73159071 1.90645000 13.21924976 13.44446669 1.67243812 1.962864336842e+01 9.297292375498e-05 5.712532335911e+01 4.699000394655e+01 4.547425536322e-05
22 54 2 8.73159071 1.90645000 13.21924976 13.44446669 1.67243812 1.965146401293e+01 1.014527965784e-04 5.850873385380e+01 4.738461271047e+01 4.967194246627e-05
22 55 2 8.73159071 1.90645000 13.21924976 13.44446669 1.67243812 1.967489743689e+01 1.102317716754e-04 6.030133926774e+01 4.830188685031e+01 5.401120555117e-05
22 56 2 8.73159071 1.90645000 13.21924976 13.44446669 1.67243812 1.970941915334e+01 1.192643948229e-04 6.254636963997e+01 4.979505432876e+01 5.846836336210e-05
22 57 2 8.73159071 1.90645000 13.21924976 13.44446669 1.67243812 1.977359520008e+01 1.284991620599e-04 6.528408140843e+01 5.193349102473e+01 6.301668402230e-05
22 58 2 8.73159071 1.90645000 13.21924976 13.44446669 1.67243812 1.988007128745e+01 1.378787641920e-04 6.852485256126e+01 5.481873753069e+01 6.762651966759e-05
22 59 2 8.73159071 1.90645000 13.21924976 13.44446669 1.67243812 2.003188596454e+01 1.473404441936e-04 7.226022533253e+01 5.857253014212e+01 7.226549902640e-05
22 60 2 8.73159071 1.90645000 13.21924976 13.44446669 1.67243812 2.023118365022e+01 1.568164675372e-04 7.649928960938e+01 6.330443279610e+01 7.689877782917e-05
22 61 2 8.73159071 1.90645000 13.21924976 13.44446669 1.67243812 2.048598626870e+01 1.662347037928e-04 8.127566460566e+01 6.909766120860e+01 8.148934605408e-05
22 62 2 8.73159071 1.90645000 13.21924976 13.44446669 1.67243812 2.080542476182e+01 1.755193161392e-04 8.660642376676e+01 7.603128896304e+01 8.599839013196e-05
22 63 2 8.73159071 1.90645000 13.21924976 13.44446669 1.67243812 2.119238696567e+01 1.845915537237e-04 9.245522735308e+01 8.420288929489e+01 9.038570735125e-05
27 0 2 6.29480087 1.76560314 9.96119297 8.41643219 1.55892095 9.184152583924e+00 1.114688253878e-04 4.228567776870e+01 2.066791190684e+01 5.603555192088e-05
27 1 2 6.29480087 1.76560314 9.96119297 8.41643219 1.55892095 8.884121456512e+00 1.045575004453e-04 4.096996461614e+01 1.922040555344e+01 5.255951314370e-05
27 2 2 6.29480087 1.76560314 9.96119297 8.41643219 1.55892095 8.604489030412e+00 9.774648165242e-05 3.970333721806e+01 1.792727904041e+01 4.912852633914e-05
27 3 2 6.29480087 1.76560314 9.96119297 8.41643219 1.55892095 8.342109152639e+00 9.106965504673e-05 3.847740390114e+01 1.680134449867e+01 4.576038883202e-05
27 4 2 6.29480087 1.76560314 9.96119297 8.41643219 1.55892095 8.091636848686e+00 8.455765839490e-05 3.727609581900e+01 1.584337279372e+01 4.247123640831e-05
27 5 2 6.29480087 1.76560314 9.96119297 8.41643219 1.55892095 7.849736206696e+00 7.823777478975e-05 3.609655714412e+01 1.504115573202e+01 3.927548317333e-05
27 6 2 6.29480087 1.76560314 9.96119297 8.41643219 1.55892095 7.614227249542e+00 7.213387117541e-05 3.494742544075e+01 1.438268550502e+01 3.618578497576e-05
27 7 2 6.29480087 1.76560314 9.96119297 8.41643219 1.55892095 7.381987919060e+00 6.626638079551e-05 3.383089576290e+01 1.386490082153e+01 3.321302591273e-05
27 8 2 6.29480087 1.76560314 9.96119297 8.41643219 1.55892095 7.150513101474e+00 6.065232811734e-05 3.274032075142e+01 1.348726199086e+01 3.036632719535e-05
27 9 2 6.29480087 1.76560314 9.96119297 8.41643219 1.55892095 6.921581357819e+00 5.530539436435e-05 3.167928527327e+01 1.323980383431e+01 2.765307742909e-05
27 10 2 6.29480087 1.76560314 9.96119297 8.41643219 1.55892095 6.701115764253e+00 5.023602139672e-05 3.067384734477e+01 1.309998242972e+01 2.507898315273e-05
27 11 2 6.29480087 1.76560314 9.96119297 8.41643219 1.55892095 6.493694550028e+00 4.545155131606e-05 2.975625710497e+01 1.304040328169e+01 2.264813828446e-05
27 12 2 6.29480087 1.76560314 9.96119297 8.41643219 1.55892095 6.297760963304e+00 4.095639884006e-05 2.893465986749e+01 1.303939626640e+01 2.036311094617e-05
27 13 2 6.29480087 1.76560314 9.96119297 8.41643219 1.55892095 6.107877466729e+00 3.675225319879e-05 2.818258322084e+01 1.308631672459e+01 1.822504597809e-05
27 14 2 6.29480087 1.76560314 9.96119297 8.41643219 1.55892095 5.922040028018e+00 3.283830604817e-05 2.746126438840e+01 1.317830023765e+01 1.623378131745e-05
27 15 2 6.29480087 1.76560314 9.96119297 8.41643219 1.55892095 5.745403478571e+00 2.921150168046e-05 2.675051394586e+01 1.331198654510e+01 1.438797629777e-05
27 16 2 6.29480087 1.76560314 9.96119297 8.41643219 1.55892095 5.585601061930e+00 2.586680563807e-05 2.605497341924e+01 1.347928006724e+01 1.268524983053e-05
27 17 2 6.29480087 1.76560314 9.96119297 8.41643219 1.55892095 5.444820969143e+00 2.279748770660e-05 2.538505237560e+01 1.367236711196e+01 1.112232635905e-05
27 18 2 6.29480087 1.76560314 9.96119297 8.41643219 1.55892095 5.317606420640e+00 1.999541517658e-05 2.474299036262e+01 1.389090805425e+01 9.695187426308e-06
27 19 2 6.29480087 1.76560314 9.96119297 8.41643219 1.55892095 5.196367931394e+00 1.745135222199e-05 2.413172184156e+01 1.413985209985e+01 8.399226673369e-06
27 20 2 6.29480087 1.76560314 9.96119297 8.41643219 1.55892095 5.077747525000e+00 1.515526124621e-05 2.356827737361e+01 1.441816032424e+01 7.229406084726e-06
27 21 2 6.29480087 1.76560314 9.96119297 8.41643219 1.55892095 4.963073609011e+00 1.309660209300e-05 2.307757841446e+01 1.471121895501e+01 6.180411319112e-06
27 22 2 6.29480087 1.76560314 9.96119297 8.41643219 1.55892095 4.854197316549e+00 1.126462511070e-05 2.267181104992e+01 1.499545985431e+01 5.246804010358e-06
27 23 2 6.29480087 1.76560314 9.96119297 8.41643219 1.55892095 4.751171929439e+00 9.648654189680e-06 2.233997488911e+01 1.524965479558e+01 4.423168991137e-06
27 24 2 6.29480087 1.76560314 9.96119297 8.41643219 1.55892095 4.654377889455e+00 8.238356066528e-06 2.205768544228e+01 1.546235825982e+01 3.704254482355e-06
27 25 2 6.29480087 1.76560314 9.96119297 8.41643219 1.55892095 4.566948820620e+00 7.023992399168e-06 2.180373401532e+01 1.563188777887e+01 3.085103401528e-06
27 26 2 6.29480087 1.76560314 9.96119297 8.41643219 1.55892095 4.493179460781e+00 5.996651365079e-06 2.156718031784e+01 1.576223558682e+01 2.561174073327e-06
27 27 2 6.29480087 1.76560314 9.96119297 8.41643219 1.55892095 4.434855680722e+00 5.148455815443e-06 2.134497776141e+01 1.585947287134e+01 2.128448773361e-06
27 28 2 6.29480087 1.76560314 9.96119297 8.41643219 1.55892095 4.390974127566e+00 4.472745329615e-06 2.114216768914e+01 1.593150232264e+01 1.783528700373e-06
27 29 2 6.29480087 1.76560314 9.96119297 8.41643219 1.55892095 4.361815782966e+00 3.964229853011e-06 2.097891926210e+01 1.599049013066e+01 1.523714150826e-06
27 30 2 6.29480087 1.76560314 9.96119297 8.41643219 1.55892095 4.351834164801e+00 3.619112963915e-06 2.089119119520e+01 1.605255168588e+01 1.347068861343e-06
27 31 2 6.29480087 1.76560314 9.96119297 8.41643219 1.55892095 4.366536580372e+00 3.435183197215e-06 2.091166812798e+01 1.612993737289e+01 1.252467686689e-06
27 32 2 6.29480087 1.76560314 9.96119297 8.41643219 1.55892095 4.406174422255e+00 3.411872251633e-06 2.104225691867e+01 1.622028149423e+01 1.239626991862e-06
27 33 2 6.29480087 1.76560314 9.96119297 8.41643219 1.55892095 4.463759148787e+00 3.550279317667e-06 2.124732531108e+01 1.630437528504e+01 1.309117354225e-06
27 34 2 6.29480087 1.76560314 9.96119297 8.41643219 1.55892095 4.530208672839e+00 3.853161182048e-06 2.147844882246e+01 1.635667773511e+01 1.462358393173e-06
27 35 2 6.29480087 1.76560314 9.96119297 8.41643219 1.55892095 4.600978637563e+00 4.324888186696e-06 2.170698493420e+01 1.635907124745e+01 1.701595768444e-06
27 36 2 6.29480087 1.76560314 9.96119297 8.41643219 1.55892095 4.676996423312e+00 4.971366541859e-06 2.193493023774e+01 1.630611703790e+01 2.029860611389e-06
27 37 2 6.29480087 1.76560314 9.96119297 8.41643219 1.55892095 4.759910646501e+00 5.799927909859e-06 2.218196600279e+01 1.620102127804e+01 2.450911874218e-06
27 38 2 6.29480087 1.76560314 9.96119297 8.41643219 1.55892095 4.848285249149e+00 6.819187583589e-06 2.246934367144e+01 1.605016044695e+01 2.969162297986e-06
27 39 2 6.29480087 1.76560314 9.96119297 8.41643219 1.55892095 4.939192149316e+00 8.038872978422e-06 2.281492630269e+01 1.586161165086e+01 3.589588908833e-06
27 40 2 6.29480087 1.76560314 9.96119297 8.41643219 1.55892095 5.032155658691e+00 9.469624533422e-06 2.323398991766e+01 1.564679695368e+01 4.317629151440e-06
27 41 2 6.29480087 1.76560314 9.96119297 8.41643219 1.55892095 5.129740785490e+00 1.112277147393e-05 2.373408730684e+01 1.542156782403e+01 5.159063956830e-06
27 42 2 6.29480087 1.76560314 9.96119297 8.41643219 1.55892095 5.234409440261e+00 1.301008521902e-05 2.430516714777e+01 1.520321238345e+01 6.119889216561e-06
27 43 2 6.29480087 1.76560314 9.96119297 8.41643219 1.55892095 5.346739297885e+00 1.514351352039e-05 2.491985421955e+01 1.500265933261e+01 7.206177295096e-06
27 44 2 6.29480087 1.76560314 9.96119297 8.41643219 1.55892095 5.467870326753e+00 1.753489869120e-05 2.555143021778e+01 1.481759355697e+01 8.423930355125e-06
27 45 2 6.29480087 1.76560314 9.96119297 8.41643219 1.55892095 5.602255050862e+00 2.019568352054e-05 2.619327177520e+01 1.463534796958e+01 9.778927395146e-06
27 46 2 6.29480087 1.76560314 9.96119297 8.41643219 1.55892095 5.755348564052e+00 2.313660867003e-05 2.685707427012e+01 1.444575915636e+01 1.127656700348e-05
27 47 2 6.29480087 1.76560314 9.96119297 8.41643219 1.55892095 5.927594039714e+00 2.636740551006e-05 2.755381704726e+01 1.425166880096e+01 1.292170791668e-05
27 48 2 6.29480087 1.76560314 9.96119297 8.41643219 1.55892095 6.112151672294e+00 2.989648847374e-05 2.828547839701e+01 1.406654517583e+01 1.471850953227e-05
27 49 2 6.29480087 1.76560314 9.96119297 8.41643219 1.55892095 6.300429355265e+00 3.373065108413e-05 2.905872357502e+01 1.390447329693e+01 1.667027456484e-05
27 50 2 6.29480087 1.76560314 9.96119297 8.41643219 1.55892095 6.490027229953e+00 3.787476984417e-05 2.989687784227e+01 1.377603772544e+01 1.877929605020e-05
27 51 2 6.29480087 1.76560314 9.96119297 8.41643219 1.55892095 6.686156270588e+00 4.233152016845e-05 3.082607317983e+01 1.369382967717e+01 2.104671089465e-05
27 52 2 6.29480087 1.76560314 9.96119297 8.41643219 1.55892095 6.894946071889e+00 4.710110848035e-05 3.184728733548e+01 1.367873235869e+01 2.347236213421e-05
27 53 2 6.29480087 1.76560314 9.96119297 8.41643219 1.55892095 7.116517256657e+00 5.218102449853e-05 3.292800716064e+01 1.375855074438e+01 2.605467201336e-05
27 54 2 6.29480087 1.76560314 9.96119297 8.41643219 1.55892095 7.345643835701e+00 5.756581759212e-05 3.402656509370e+01 1.395941637230e+01 2.879052791371e-05
27 55 2 6.29480087 1.76560314 9.96119297 8.41643219 1.55892095 7.578556836712e+00 6.324690089732e-05 3.512487253515e+01 1.429659355201e+01 3.167518306081e-05
27 56 2 6.29480087 1.76560314 9.96119297 8.41643219 1.55892095 7.817561487441e+00 6.921238665848e-05 3.623517103383e+01 1.477256116415e+01 3.470217381335e-05
27 57 2 6.29480087 1.76560314 9.96119297 8.41643219 1.55892095 8.068728300216e+00 7.544695598787e-05 3.737648313310e+01 1.538601161387e+01 3.786325519348e-05
27 58 2 6.29480087 1.76560314 9.96119297 8.41643219 1.55892095 8.336630118976e+00 8.193176593119e-05 3.855263772164e+01 1.614441303891e+01 4.114835615127e-05
27 59 2 6.29480087 1.76560314 9.96119297 8.41643219 1.55892095 8.622665988569e+00 8.864439638338e-05 3.975877454531e+01 1.706554231250e+01 4.454555587264e-05
27 60 2 6.29480087 1.76560314 9.96119297 8.41643219 1.55892095 8.927397020027e+00 9.555883902422e-05 4.100085968326e+01 1.816450575380e+01 4.804108223835e-05
27 61 2 6.29480087 1.76560314 9.96119297 8.41643219 1.55892095 9.251512429926e+00 1.026455300390e-04 4.229431910640e+01 1.944235566087e+01 5.161933332558e-05
27 62 2 6.29480087 1.76560314 9.96119297 8.41643219 1.55892095 9.592752214292e+00 1.098714279594e-04 4.364323729795e+01 2.089187640306e+01 5.526292261302e-05
27 63 2 6.29480087 1.76560314 9.96119297 8.41643219 1.55892095 9.943561692017e+00 1.172001375074e-04 4.503485404714e+01 2.251281628815e+01 5.895274830963e-05
28 0 2 4.20500160 1.54362144 7.16400224 5.44093012 1.38569967 1.853944171437e+00 4.710006155086e-05 1.490036161613e+01 3.763676939554e+00 2.371000837381e-05
28 1 2 4.20500160 1.54362144 7.16400224 5.44093012 1.38569967 1.720027350347e+00 4.537323359033e-05 1.445128792169e+01 3.547251135381e+00 2.284071429786e-05
28 2 2 4.20500160 1.54362144 7.16400224 5.44093012 1.38569967 1.602323267112e+00 4.370371255427e-05 1.399496269719e+01 3.379433957655e+00 2.200028809018e-05
28 3 2 4.20500160 1.54362144 7.16400224 5.44093012 1.38569967 1.498541879135e+00 4.209151523900e-05 1.353622466397e+01 3.271489991894e+00 2.118873632384e-05
28 4 2 4.20500160 1.54362144 7.16400224 5.44093012 1.38569967 1.406427134332e+00 4.053665786412e-05 1.308460985113e+01 3.223898875980e+00 2.040606534608e-05
28 5 2 4.20500160 1.54362144 7.16400224 5.44093012 1.38569967 1.326321710998e+00 3.903915607234e-05 1.264787091995e+01 3.225086894558e+00 1.965228127827e-05
28 6 2 4.20500160 1.54362144 7.16400224 5.44093012 1.38569967 1.259792730578e+00 3.759902492937e-05 1.222926038846e+01 3.255023706630e+00 1.892739001584e-05
28 7 2 4.20500160 1.54362144 7.16400224 5.44093012 1.38569967 1.206529794663e+00 3.621627892372e-05 1.182754451342e+01 3.291817384112e+00 1.823139722824e-05
28 8 2 4.20500160 1.54362144 7.16400224 5.44093012 1.38569967 1.163839973645e+00 3.489093196658e-05 1.143868512784e+01 3.317384107442e+00 1.756430835893e-05
28 9 2 4.20500160 1.54362144 7.16400224 5.44093012 1.38569967 1.129361684756e+00 3.362299739169e-05 1.105942833286e+01 3.321186909646e+00 1.692612862527e-05
28 10 2 4.20500160 1.54362144 7.16400224 5.44093012 1.38569967 1.103276839527e+00 3.241248795515e-05 1.069003635757e+01 3.302692688781e+00 1.631686301854e-05
28 11 2 4.20500160 1.54362144 7.16400224 5.44093012 1.38569967 1.087087570651e+00 3.125941583537e-05 1.033377040027e+01 3.271177987419e+00 1.573651630389e-05
28 12 2 4.20500160 1.54362144 7.16400224 5.44093012 1.38569967 1.080691559991e+00 3.016379263288e-05 9.995342075728e+00 3.241565009659e+00 1.518509302027e-05
28 13 2 4.20500160 1.54362144 7.16400224 5.44093012 1.38569967 1.081683791922e+00 2.912562937027e-05 9.680031037800e+00 3.228502402080e+00 1.466259748043e-05
28 14 2 4.20500160 1.54362144 7.16400224 5.44093012 1.38569967 1.087682686087e+00 2.814493649204e-05 9.391748731050e+00 3.241921921426e+00 1.416903377087e-05
28 15 2 4.20500160 1.54362144 7.16400224 5.44093012 1.38569967 1.098382391652e+00 2.722172386449e-05 9.130287436359e+00 3.284500761112e+00 1.370440575180e-05
28 16 2 4.20500160 1.54362144 7.16400224 5.44093012 1.38569967 1.114511326486e+00 2.635600077565e-05 8.890609141784e+00 3.350457373721e+00 1.326871705714e-05
28 17 2 4.20500160 1.54362144 7.16400224 5.44093012 1.38569967 1.135177051646e+00 2.554777593519e-05 8.664577073294e+00 3.426881495135e+00 1.286197109446e-05
28 18 2 4.20500160 1.54362144 7.16400224 5.44093012 1.38569967 1.157296206715e+00 2.479705747428e-05 8.443940760989e+00 3.498237786908e+00 1.248417104496e-05
28 19 2 4.20500160 1.54362144 7.16400224 5.44093012 1.38569967 1.177963271248e+00 2.410385294558e-05 8.224689609918e+00 3.551583877779e+00 1.213531986347e-05
28 20 2 4.20500160 1.54362144 7.16400224 5.44093012 1.38569967 1.196630739495e+00 2.346816932310e-05 8.011035220187e+00 3.579767236604e+00 1.181542027838e-05
28 21 2 4.20500160 1.54362144 7.16400224 5.44093012 1.38569967 1.214270248724e+00 2.289001300217e-05 7.814719617934e+00 3.582653252487e+00 1.152447479168e-05
28 22 2 4.20500160 1.54362144 7.16400224 5.44093012 1.38569967 1.230804556265e+00 2.236938979937e-05 7.648868081207e+00 3.567158751818e+00 1.126248567888e-05
28 23 2 4.20500160 1.54362144 7.16400224 5.44093012 1.38569967 1.244413759424e+00 2.190630495244e-05 7.520546477603e+00 3.545255746210e+00 1.102945498903e-05
28 24 2 4.20500160 1.54362144 7.16400224 5.44093012 1.38569967 1.253708450272e+00 2.150076312029e-05 7.426024678774e+00 3.529728210167e+00 1.082538454468e-05
28 25 2 4.20500160 1.54362144 7.16400224 5.44093012 1.38569967 1.259811183295e+00 2.115276838289e-05 7.351157056947e+00 3.530004453810e+00 1.065027594190e-05
28 26 2 4.20500160 1.54362144 7.16400224 5.44093012 1.38569967 1.265460210714e+00 2.086232424126e-05 7.278358351197e+00 3.550158612172e+00 1.050413055024e-05
28 27 2 4.20500160 1.54362144 7.16400224 5.44093012 1.38569967 1.272228232425e+00 2.062943361742e-05 7.197328621875e+00 3.588527224080e+00 1.038694951270e-05
28 28 2 4.20500160 1.54362144 7.16400224 5.44093012 1.38569967 1.279446750633e+00 2.045409885439e-05 7.112155837227e+00 3.638016316068e+00 1.029873374578e-05
28 29 2 4.20500160 1.54362144 7.16400224 5.44093012 1.38569967 1.286091885888e+00 2.033632171613e-05 7.039943566604e+00 3.687900823929e+00 1.023948393943e-05
28 30 2 4.20500160 1.54362144 7.16400224 5.44093012 1.38569967 1.292896316690e+00 2.027610338754e-05 7.002278577123e+00 3.727416631976e+00 1.020920055704e-05
28 31 2 4.20500160 1.54362144 7.16400224 5.44093012 1.38569967 1.301688083448e+00 2.027344447445e-05 7.013803214478e+00 3.749160553342e+00 1.020788383546e-05
28 32 2 4.20500160 1.54362144 7.16400224 5.44093012 1.38569967 1.312761502168e+00 2.032834500362e-05 7.073433974193e+00 3.750598816793e+00 1.023553378500e-05
28 33 2 4.20500160 1.54362144 7.16400224 5.44093012 1.38569967 1.323820675884e+00 2.044080442270e-05 7.164172503182e+00 3.734350437960e+00 1.029215018939e-05
28 34 2 4.20500160 1.54362144 7.16400224 5.44093012 1.38569967 1.332004975703e+00 2.061082160031e-05 7.262507215075e+00 3.707983209628e+00 1.037773260584e-05
28 35 2 4.20500160 1.54362144 7.16400224 5.44093012 1.38569967 1.336422233834e+00 2.083839482597e-05 7.351061197546e+00 3.682280986636e+00 1.049228036499e-05
28 36 2 4.20500160 1.54362144 7.16400224 5.44093012 1.38569967 1.337964478317e+00 2.112352181017e-05 7.426985874524e+00 3.667578690595e+00 1.063579257096e-05
28 37 2 4.20500160 1.54362144 7.16400224 5.44093012 1.38569967 1.336848554359e+00 2.146619968438e-05 7.502597971257e+00 3.670201314532e+00 1.080826810131e-05
28 38 2 4.20500160 1.54362144 7.16400224 5.44093012 1.38569967 1.331382724736e+00 2.186642500105e-05 7.598024376069e+00 3.690835150663e+00 1.100970560710e-05
28 39 2 4.20500160 1.54362144 7.16400224 5.44093012 1.38569967 1.319777952375e+00 2.232419373372e-05 7.729356624281e+00 3.724316670786e+00 1.124010351286e-05
28 40 2 4.20500160 1.54362144 7.16400224 5.44093012 1.38569967 1.302647058370e+00 2.283950127696e-05 7.899911624135e+00 3.760260288207e+00 1.149946001662e-05
28 41 2 4.20500160 1.54362144 7.16400224 5.44093012 1.38569967 1.282811395245e+00 2.341234244651e-05 8.100090611240e+00 3.785598190174e+00 1.178777308993e-05
28 42 2 4.20500160 1.54362144 7.16400224 5.44093012 1.38569967 1.262591862842e+00 2.404271147926e-05 8.314129304664e+00 3.789135540830e+00 1.210504047785e-05
28 43 2 4.20500160 1.54362144 7.16400224 5.44093012 1.38569967 1.242123956087e+00 2.473060203335e-05 8.528780462512e+00 3.765573937089e+00 1.245125969900e-05
28 44 2 4.20500160 1.54362144 7.16400224 5.44093012 1.38569967 1.220839190527e+00 2.547600718822e-05 8.740028249127e+00 3.716907419610e+00 1.282642804555e-05
28 45 2 4.20500160 1.54362144 7.16400224 5.44093012 1.38569967 1.199955794189e+00 2.627891944468e-05 8.954327220295e+00 3.651837084929e+00 1.323054258328e-05
28 46 2 4.20500160 1.54362144 7.16400224 5.44093012 1.38569967 1.182450063165e+00 2.713933072499e-05 9.183338590925e+00 3.584021240807e+00 1.366360015155e-05
28 47 2 4.20500160 1.54362144 7.16400224 5.44093012 1.38569967 1.170433293192e+00 2.805723237293e-05 9.436726311408e+00 3.528357269330e+00 1.412559736337e-05
28 48 2 4.20500160 1.54362144 7.16400224 5.44093012 1.38569967 1.163460596134e+00 2.903261515392e-05 9.718263748964e+00 3.495705474532e+00 1.461653060541e-05
28 49 2 4.20500160 1.54362144 7.16400224 5.44093012 1.38569967 1.160110209981e+00 3.006546925505e-05 1.002553366366e+01 3.489096451462e+00 1.513639603803e-05
28 50 2 4.20500160 1.54362144 7.16400224 5.44093012 1.38569967 1.160756217225e+00 3.115578428524e-05 1.035177624183e+01 3.503399150211e+00 1.568518959528e-05
28 51 2 4.20500160 1.54362144 7.16400224 5.44093012 1.38569967 1.167823276699e+00 3.230354927533e-05 1.068963975342e+01 3.527227420162e+00 1.626290698500e-05
28 52 2 4.20500160 1.54362144 7.16400224 5.44093012 1.38569967 1.183240487148e+00 3.350875267815e-05 1.103466297056e+01 3.545941893746e+00 1.686954368879e-05
28 53 2 4.20500160 1.54362144 7.16400224 5.44093012 1.38569967 1.206669963039e+00 3.477138236870e-05 1.138572501261e+01 3.546440051531e+00 1.750509496208e-05
28 54 2 4.20500160 1.54362144 7.16400224 5.44093012 1.38569967 1.237069818148e+00 3.609142564422e-05 1.174395802257e+01 3.522896467289e+00 1.816955583413e-05
28 55 2 4.20500160 1.54362144 7.16400224 5.44093012 1.38569967 1.275553136229e+00 3.746886922435e-05 1.211241188966e+01 3.480001260753e+00 1.886292110813e-05
28 56 2 4.20500160 1.54362144 7.16400224 5.44093012 1.38569967 1.325577318853e+00 3.890369925124e-05 1.249479892017e+01 3.432031891980e+00 1.958518536119e-05
28 57 2 4.20500160 1.54362144 7.16400224 5.44093012 1.38569967 1.389993844868e+00 4.039590128970e-05 1.289261637929e+01 3.399570576204e+00 2.033634294439e-05
28 58 2 4.20500160 1.54362144 7.16400224 5.44093012 1.38569967 1.468785763574e+00 4.194546032736e-05 1.330385486351e+01 3.405062236030e+00 2.111638798284e-05
28 59 2 4.20500160 1.54362144 7.16400224 5.44093012 1.38569967 1.560527452728e+00 4.355236077480e-05 1.372429113544e+01 3.466560916703e+00 2.192531437572e-05
28 60 2 4.20500160 1.54362144 7.16400224 5.44093012 1.38569967 1.665584750971e+00 4.521658646571e-05 1.414944370693e+01 3.591318594466e+00 2.276311579633e-05
28 61 2 4.20500160 1.54362144 7.16400224 5.44093012 1.38569967 1.786550896380e+00 4.693812065705e-05 1.457769729720e+01 3.773385311178e+00 2.362978569211e-05
28 62 2 4.20500160 1.54362144 7.16400224 5.44093012 1.38569967 1.925021300380e+00 4.871694602925e-05 1.501432002499e+01 3.996383596094e+00 2.452531728474e-05
28 63 2 4.20500160 1.54362144 7.16400224 5.44093012 1.38569967 2.078943480912e+00 5.055304468632e-05 1.547127181899e+01 4.238734349535e+00 2.544970357017e-05
