# environment=00299 local_bs=0 gain_scale=5.531854899733e-14
# ue subcarrier serving_bs phi0 phi1 phi2 phi3 phi4 gain0 gain1 gain2 gain3 gain4
1 0 0 3.14593744 0.67174110 1.26819075 1.15038398 0.93087916 4.190309371241e+02 2.402583882493e-03 5.278973795667e-02 1.327808577047e-07 9.039781131991e-08
1 1 0 3.14593744 0.67174110 1.26819075 1.15038398 0.93087916 4.417625349915e+02 1.386174071146e-03 6.135367931152e-02 1.703944698445e-07 1.076450869996e-07
1 2 0 3.14593744 0.67174110 1.26819075 1.15038398 0.93087916 4.337564407876e+02 7.740042297761e-04 5.512018681554e-02 2.348819841242e-07 1.338148845134e-07
1 3 0 3.14593744 0.67174110 1.26819075 1.15038398 0.93087916 3.994454331946e+02 7.568429667777e-04 3.957184618839e-02 2.681360650953e-07 1.426417814359e-07
1 4 0 3.14593744 0.67174110 1.26819075 1.15038398 0.93087916 3.641576110895e+02 1.069403487447e-03 4.275249342873e-02 2.435609195931e-07 1.236328445762e-07
1 5 0 3.14593744 0.67174110 1.26819075 1.15038398 0.93087916 3.527155418507e+02 1.259034677594e-03 5.155605038674e-02 1.766938296428e-07 8.656906490482e-08
1 6 0 3.14593744 0.67174110 1.26819075 1.15038398 0.93087916 3.625064890556e+02 1.059758778450e-03 3.938617511540e-02 1.130515103459e-07 5.497038291660e-08
1 7 0 3.14593744 0.67174110 1.26819075 1.15038398 0.93087916 3.720699571034e+02 5.775060700680e-04 2.695882582512e-02 1.010302865593e-07 5.251481279803e-08
1 8 0 3.14593744 0.67174110 1.26819075 1.15038398 0.93087916 3.667364727113e+02 1.645847414451e-04 2.945570237836e-02 1.642446302811e-07 8.954605789302e-08
1 9 0 3.14593744 0.67174110 1.26819075 1.15038398 0.93087916 3.512622383142e+02 1.120628901402e-04 3.659648432567e-02 2.870769918610e-07 1.564039927529e-07
1 10 0 3.14593744 0.67174110 1.26819075 1.15038398 0.93087916 3.406489702628e+02 4.181364789070e-04 3.246915684280e-02 4.202336645005e-07 2.267875445421e-07
1 11 0 3.14593744 0.67174110 1.26819075 1.15038398 0.93087916 3.353102389925e+02 8.089295833345e-04 2.546264743641e-02 5.033538057603e-07 2.695071355184e-07
1 12 0 3.14593744 0.67174110 1.26819075 1.15038398 0.93087916 3.210201360789e+02 9.760247086545e-04 3.472633179657e-02 4.937874982618e-07 2.630805392944e-07
1 13 0 3.14593744 0.67174110 1.26819075 1.15038398 0.93087916 2.841660713483e+02 8.272257097171e-04 4.435976454737e-02 3.880195939680e-07 2.063861912822e-07
1 14 0 3.14593744 0.67174110 1.26819075 1.15038398 0.93087916 2.316064023218e+02 5.503686486549e-04 4.136108129183e-02 2.257844381481e-07 1.204463769033e-07
1 15 0 3.14593744 0.67174110 1.26819075 1.15038398 0.93087916 1.866111113743e+02 4.491835121015e-04 3.420907784200e-02 7.482278761733e-08 4.041716291322e-08
1 16 0 3.14593744 0.67174110 1.26819075 1.15038398 0.93087916 1.679491656050e+02 6.909422584598e-04 3.409973536596e-02 2.820108543455e-09 1.175106075961e-09
1 17 0 3.14593744 0.67174110 1.26819075 1.15038398 0.93087916 1.749461410967e+02 1.166917712818e-03 4.125004895919e-02 4.858474539206e-08 2.263666524854e-08
1 18 0 3.14593744 0.67174110 1.26819075 1.15038398 0.93087916 1.913695625393e+02 1.569414888512e-03 3.657974896965e-02 2.047378734865e-07 1.010125503076e-07
1 19 0 3.14593744 0.67174110 1.26819075 1.15038398 0.93087916 2.034375312816e+02 1.618232110562e-03 2.481825853165e-02 4.192173567768e-07 2.096591052580e-07
1 20 0 3.14593744 0.67174110 1.26819075 1.15038398 0.93087916 2.112902564778e+02 1.259830892728e-03 2.516885070917e-02 6.150224127062e-07 3.091959885729e-07
1 21 0 3.14593744 0.67174110 1.26819075 1.15038398 0.93087916 2.217384630093e+02 6.931853272083e-04 3.156057514794e-02 7.201966708953e-07 3.628043662197e-07
1 22 0 3.14593744 0.67174110 1.26819075 1.15038398 0.93087916 2.365382807867e+02 2.147055903916e-04 3.154366779066e-02 6.960523328407e-07 3.506080387159e-07
1 23 0 3.14593744 0.67174110 1.26819075 1.15038398 0.93087916 2.479208762643e+02 9.480844732719e-06 2.357306852714e-02 5.525279210709e-07 2.775007434320e-07
1 24 0 3.14593744 0.67174110 1.26819075 1.15038398 0.93087916 2.498154570138e+02 4.651343918351e-05 2.303128562261e-02 3.447906611079e-07 1.714337443776e-07
1 25 0 3.14593744 0.67174110 1.26819075 1.15038398 0.93087916 2.469440709490e+02 1.458785666421e-04 3.293700278307e-02 1.525365144073e-07 7.290318937263e-08
1 26 0 3.14593744 0.67174110 1.26819075 1.15038398 0.93087916 2.529106492821e+02 1.510155980524e-04 3.197784975224e-02 5.001264580859e-08 1.971213531514e-08
1 27 0 3.14593744 0.67174110 1.26819075 1.15038398 0.93087916 2.757828851115e+02 6.367380882443e-05 2.102104692285e-02 7.814506718003e-08 3.278907260036e-08
1 28 0 3.14593744 0.67174110 1.26819075 1.15038398 0.93087916 3.101598975929e+02 3.610697362986e-05 1.820513903896e-02 2.291774422052e-07 1.083528379905e-07
1 29 0 3.14593744 0.67174110 1.26819075 1.15038398 0.93087916 3.410282608229e+02 2.313337543426e-04 2.431741698826e-02 4.494346841402e-07 2.192834092798e-07
1 30 0 3.14593744 0.67174110 1.26819075 1.15038398 0.93087916 3.594135173814e+02 6.662402999967e-04 2.305337978232e-02 6.590845431473e-07 3.251348763669e-07
1 31 0 3.14593744 0.67174110 1.26819075 1.15038398 0.93087916 3.655981231277e+02 1.165289187998e-03 1.199815957662e-02 7.815616118225e-07 3.870697894697e-07
1 32 0 3.14593744 0.67174110 1.26819075 1.15038398 0.93087916 3.658546457692e+02 1.466631687520e-03 1.348817820720e-02 7.718438021537e-07 3.822238113092e-07
1 33 0 3.14593744 0.67174110 1.26819075 1.15038398 0.93087916 3.585447109739e+02 1.404142120067e-03 2.433803224941e-02 6.332181947721e-07 3.122319892449e-07
1 34 0 3.14593744 0.67174110 1.26819075 1.15038398 0.93087916 3.396169343719e+02 1.028467786428e-03 2.252872905005e-02 4.163452018259e-07 2.027656497347e-07
1 35 0 3.14593744 0.67174110 1.26819075 1.15038398 0.93087916 3.077382709438e+02 5.738113081685e-04 1.690704823843e-02 2.008429085467e-07 9.418813878167e-08
1 36 0 3.14593744 0.67174110 1.26819075 1.15038398 0.93087916 2.739204838298e+02 2.926546802244e-04 2.299994806976e-02 6.600266239950e-08 2.668642773735e-08
1 37 0 3.14593744 0.67174110 1.26819075 1.15038398 0.93087916 2.516353995738e+02 2.811070371683e-04 3.335856074819e-02 6.132802072737e-08 2.531138665049e-08
1 38 0 3.14593744 0.67174110 1.26819075 1.15038398 0.93087916 2.462485053208e+02 4.260602955040e-04 3.080535241814e-02 1.878398784590e-07 9.048781145513e-08
1 39 0 3.14593744 0.67174110 1.26819075 1.15038398 0.93087916 2.491193466665e+02 5.132992661901e-04 2.146026756472e-02 3.973088231272e-07 1.976336104881e-07
1 40 0 3.14593744 0.67174110 1.26819075 1.15038398 0.93087916 2.470826397639e+02 4.114464269974e-04 2.563959613204e-02 6.100154126363e-07 3.061939845196e-07
1 41 0 3.14593744 0.67174110 1.26819075 1.15038398 0.93087916 2.351849790605e+02 1.856815414472e-04 3.319104710467e-02 7.446412255376e-07 3.748409603853e-07
1 42 0 3.14593744 0.67174110 1.26819075 1.15038398 0.93087916 2.199312929507e+02 4.765474443738e-05 2.976147758503e-02 7.490914257102e-07 3.771484487877e-07
1 43 0 3.14593744 0.67174110 1.26819075 1.15038398 0.93087916 2.088820417463e+02 1.772610269435e-04 2.408334699023e-02 6.203922222247e-07 3.117168450046e-07
1 44 0 3.14593744 0.67174110 1.26819075 1.15038398 0.93087916 2.017267499565e+02 5.585891231162e-04 2.766419342214e-02 4.057521959458e-07 2.027211552198e-07
1 45 0 3.14593744 0.67174110 1.26819075 1.15038398 0.93087916 1.912695975826e+02 9.692191114562e-04 3.923522178038e-02 1.840937332935e-07 9.051799903941e-08
1 46 0 3.14593744 0.67174110 1.26819075 1.15038398 0.93087916 1.791883279649e+02 1.144590862814e-03 4.029703679699e-02 3.512067339159e-08 1.588737868568e-08
1 47 0 3.14593744 0.67174110 1.26819075 1.15038398 0.93087916 1.779605553935e+02 9.951126901753e-04 3.374863701081e-02 8.166920755677e-09 4.122768223519e-09
1 48 0 3.14593744 0.67174110 1.26819075 1.15038398 0.93087916 2.041297807237e+02 6.990380854115e-04 3.800350302967e-02 1.034137848505e-07 5.537466248550e-08
1 49 0 3.14593744 0.67174110 1.26819075 1.15038398 0.93087916 2.553127842999e+02 5.810935314845e-04 4.482803790029e-02 2.732010268469e-07 1.452061587019e-07
1 50 0 3.14593744 0.67174110 1.26819075 1.15038398 0.93087916 3.109689627428e+02 8.557959873489e-04 4.361649320952e-02 4.429013943298e-07 2.351448693249e-07
1 51 0 3.14593744 0.67174110 1.26819075 1.15038398 0.93087916 3.462257853548e+02 1.433311416071e-03 3.373875733612e-02 5.425555457036e-07 2.888139215429e-07
1 52 0 3.14593744 0.67174110 1.26819075 1.15038398 0.93087916 3.576645725207e+02 1.952381443434e-03 2.803986092558e-02 5.357490646106e-07 2.868022135194e-07
1 53 0 3.14593744 0.67174110 1.26819075 1.15038398 0.93087916 3.611569848508e+02 2.033734964500e-03 3.505209901003e-02 4.332689670206e-07 2.339161779256e-07
1 54 0 3.14593744 0.67174110 1.26819075 1.15038398 0.93087916 3.733293751548e+02 1.567777230237e-03 3.548462251428e-02 2.856755910625e-07 1.557428217068e-07
1 55 0 3.14593744 0.67174110 1.26819075 1.15038398 0.93087916 3.899537107886e+02 8.092695271389e-04 2.857952821581e-02 1.583361054859e-07 8.618803809970e-08
1 56 0 3.14593744 0.67174110 1.26819075 1.15038398 0.93087916 3.958534076561e+02 1.937186895954e-04 3.002566532279e-02 1.005287137824e-07 5.175176305760e-08
1 57 0 3.14593744 0.67174110 1.26819075 1.15038398 0.93087916 3.854953228067e+02 1.177614084555e-05 4.200438037016e-02 1.231675187118e-07 5.986078656084e-08
1 58 0 3.14593744 0.67174110 1.26819075 1.15038398 0.93087916 3.780710962054e+02 2.014202282351e-04 5.003702932568e-02 1.959015830192e-07 9.677001211283e-08
1 59 0 3.14593744 0.67174110 1.26819075 1.15038398 0.93087916 3.947598294911e+02 4.333007918818e-04 4.171077789644e-02 2.652554231428e-07 1.360601029896e-07
1 60 0 3.14593744 0.67174110 1.26819075 1.15038398 0.93087916 4.364918320198e+02 4.277987719217e-04 4.299920253282e-02 2.851481188146e-07 1.536025945158e-07
1 61 0 3.14593744 0.67174110 1.26819075 1.15038398 0.93087916 4.735469655352e+02 2.407249079104e-04 5.775567136153e-02 2.444705705718e-07 1.414779554573e-07
1 62 0 3.14593744 0.67174110 1.26819075 1.15038398 0.93087916 4.781051156341e+02 2.611723899072e-04 5.876633498590e-02 1.769196596325e-07 1.134756865252e-07
1 63 0 3.14593744 0.67174110 1.26819075 1.15038398 0.93087916 4.489606662119e+02 8.914104473921e-04 5.085830900250e-02 1.462797634998e-07 9.865317706513e-08
2 0 0 0.82199260 0.50238309 0.72685709 0.48153903 0.40602091 2.301260905831e+00 1.954475766031e-04 1.468378631522e+00 7.107071480638e-05 6.302279656385e-05
2 1 0 0.82199260 0.50238309 0.72685709 0.48153903 0.40602091 2.277725181846e+00 1.606078049052e-04 1.535841429068e+00 6.112582442232e-05 6.439398503518e-05
2 2 0 0.82199260 0.50238309 0.72685709 0.48153903 0.40602091 2.096788514683e+00 5.465261466089e-05 1.306127093361e+00 3.562993905747e-05 5.737358772260e-05
2 3 0 0.82199260 0.50238309 0.72685709 0.48153903 0.40602091 2.013802468064e+00 8.748376845315e-05 1.303349360129e+00 6.494392980181e-05 4.648457382651e-05
2 4 0 0.82199260 0.50238309 0.72685709 0.48153903 0.40602091 1.985747287766e+00 5.861514185546e-05 1.480506402570e+00 6.498950591560e-05 3.101789808393e-05
2 5 0 0.82199260 0.50238309 0.72685709 0.48153903 0.40602091 1.843158573746e+00 3.990494802013e-06 1.299408364696e+00 2.288390768262e-05 1.347003084642e-05
2 6 0 0.82199260 0.50238309 0.72685709 0.48153903 0.40602091 1.842974556417e+00 4.635533229918e-05 1.202379484660e+00 2.605090717399e-06 4.710378823299e-06
2 7 0 0.82199260 0.50238309 0.72685709 0.48153903 0.40602091 1.821171744202e+00 3.029961251943e-05 1.272587761394e+00 1.031575995614e-05 1.405885275718e-05
2 8 0 0.82199260 0.50238309 0.72685709 0.48153903 0.40602091 1.711526257614e+00 4.913200674177e-05 1.096810220774e+00 3.144860123020e-05 3.693660529696e-05
2 9 0 0.82199260 0.50238309 0.72685709 0.48153903 0.40602091 1.681432579404e+00 1.353995861063e-04 1.039571434140e+00 5.800841947322e-05 5.797712449441e-05
2 10 0 0.82199260 0.50238309 0.72685709 0.48153903 0.40602091 1.589313898897e+00 1.025494811874e-04 1.181150543388e+00 7.292357120320e-05 6.569241508239e-05
2 11 0 0.82199260 0.50238309 0.72685709 0.48153903 0.40602091 1.525466891425e+00 9.094094702873e-05 1.074027134446e+00 5.894621002782e-05 5.989744007472e-05
2 12 0 0.82199260 0.50238309 0.72685709 0.48153903 0.40602091 1.526490731503e+00 1.455589930154e-04 9.817105354662e-01 2.376535006989e-05 4.597123256666e-05
2 13 0 0.82199260 0.50238309 0.72685709 0.48153903 0.40602091 1.430021913656e+00 9.194870913181e-05 1.037496905937e+00 1.876134073524e-06 2.824467119360e-05
2 14 0 0.82199260 0.50238309 0.72685709 0.48153903 0.40602091 1.410782370399e+00 4.296807162864e-05 9.591763806045e-01 4.562864133857e-06 1.118081563686e-05
2 15 0 0.82199260 0.50238309 0.72685709 0.48153903 0.40602091 1.384148403237e+00 5.150315687291e-05 9.051682280089e-01 2.771233317212e-05 1.340397732412e-06
2 16 0 0.82199260 0.50238309 0.72685709 0.48153903 0.40602091 1.250235180104e+00 1.685094483453e-05 9.971748674441e-01 6.800742612955e-05 2.446208887108e-06
2 17 0 0.82199260 0.50238309 0.72685709 0.48153903 0.40602091 1.258069917466e+00 3.955439235872e-06 9.004732058559e-01 7.739739955113e-05 9.900169767393e-06
2 18 0 0.82199260 0.50238309 0.72685709 0.48153903 0.40602091 1.213930901876e+00 1.157006259141e-05 7.788129206740e-01 3.558427101583e-05 1.492087243864e-05
2 19 0 0.82199260 0.50238309 0.72685709 0.48153903 0.40602091 1.177805221853e+00 5.734998942997e-06 8.278005923938e-01 5.969185943283e-06 1.452563610963e-05
2 20 0 0.82199260 0.50238309 0.72685709 0.48153903 0.40602091 1.207973048598e+00 3.709739027610e-05 7.519027386548e-01 7.718392570601e-06 1.387838642920e-05
2 21 0 0.82199260 0.50238309 0.72685709 0.48153903 0.40602091 1.152654950551e+00 4.414435636081e-05 7.089533914750e-01 5.069643481335e-06 1.789668388747e-05
2 22 0 0.82199260 0.50238309 0.72685709 0.48153903 0.40602091 1.137262519036e+00 2.453752137279e-05 8.110411597312e-01 7.304470331638e-06 2.404957379100e-05
2 23 0 0.82199260 0.50238309 0.72685709 0.48153903 0.40602091 1.127542993864e+00 5.334025029029e-05 7.576071884903e-01 2.947015400756e-05 2.574534710619e-05
2 24 0 0.82199260 0.50238309 0.72685709 0.48153903 0.40602091 1.055410631575e+00 5.615330309804e-05 6.506061909035e-01 5.185913687011e-05 2.044459414846e-05
2 25 0 0.82199260 0.50238309 0.72685709 0.48153903 0.40602091 1.074000262348e+00 1.634697627969e-05 7.290558920620e-01 4.988722323222e-05 1.156333010179e-05
2 26 0 0.82199260 0.50238309 0.72685709 0.48153903 0.40602091 1.082652024141e+00 1.719688449492e-05 6.985513185420e-01 2.157083983390e-05 3.930397904794e-06
2 27 0 0.82199260 0.50238309 0.72685709 0.48153903 0.40602091 1.022960314643e+00 2.903103357788e-05 6.392560748087e-01 3.993023255385e-06 9.309259970156e-07
2 28 0 0.82199260 0.50238309 0.72685709 0.48153903 0.40602091 1.049822661916e+00 1.362717047464e-05 7.127356891068e-01 5.717672114042e-06 5.631410340389e-06
2 29 0 0.82199260 0.50238309 0.72685709 0.48153903 0.40602091 1.018149531034e+00 5.759758801978e-07 6.806117568133e-01 5.974726193549e-07 1.996957543935e-05
2 30 0 0.82199260 0.50238309 0.72685709 0.48153903 0.40602091 9.899683982756e-01 3.915570732660e-06 5.892275546636e-01 2.764083153210e-05 4.006414195138e-05
2 31 0 0.82199260 0.50238309 0.72685709 0.48153903 0.40602091 1.007666721291e+00 1.400337423957e-05 6.443391092190e-01 9.209351618866e-05 5.506708433415e-05
2 32 0 0.82199260 0.50238309 0.72685709 0.48153903 0.40602091 1.020328715537e+00 1.292992638252e-05 6.869335122183e-01 9.164616883091e-05 5.489216075593e-05
2 33 0 0.82199260 0.50238309 0.72685709 0.48153903 0.40602091 1.040200588461e+00 3.151831972692e-06 6.477577150556e-01 2.709800820306e-05 3.967692261063e-05
2 34 0 0.82199260 0.50238309 0.72685709 0.48153903 0.40602091 1.085237167661e+00 5.310609865267e-07 7.460740823686e-01 6.156607485735e-07 1.962920652135e-05
2 35 0 0.82199260 0.50238309 0.72685709 0.48153903 0.40602091 1.063020720723e+00 1.242452197836e-05 7.389758207630e-01 5.919880534858e-06 5.455019471308e-06
2 36 0 0.82199260 0.50238309 0.72685709 0.48153903 0.40602091 1.086754294006e+00 2.923656415869e-05 6.642739027098e-01 4.267356620936e-06 8.540542287402e-07
2 37 0 0.82199260 0.50238309 0.72685709 0.48153903 0.40602091 1.112299491480e+00 1.845175634848e-05 7.393051624977e-01 2.173164894331e-05 3.915148587122e-06
2 38 0 0.82199260 0.50238309 0.72685709 0.48153903 0.40602091 1.082534453495e+00 1.696386564083e-05 7.828255510258e-01 5.017179607978e-05 1.172646531496e-05
2 39 0 0.82199260 0.50238309 0.72685709 0.48153903 0.40602091 1.154847074808e+00 6.022092845773e-05 7.178935217661e-01 5.332622608680e-05 2.089862965201e-05
2 40 0 0.82199260 0.50238309 0.72685709 0.48153903 0.40602091 1.176664511510e+00 5.897023793361e-05 8.132950225345e-01 3.127044814378e-05 2.640632767002e-05
2 41 0 0.82199260 0.50238309 0.72685709 0.48153903 0.40602091 1.180651002065e+00 2.754507674102e-05 8.268963276246e-01 7.904527044288e-06 2.476260603109e-05
2 42 0 0.82199260 0.50238309 0.72685709 0.48153903 0.40602091 1.226097993995e+00 4.916695190987e-05 7.256707176997e-01 5.322032281478e-06 1.872632954316e-05
2 43 0 0.82199260 0.50238309 0.72685709 0.48153903 0.40602091 1.224867633715e+00 4.267696050187e-05 8.538264743494e-01 7.902043628723e-06 1.505306185357e-05
2 44 0 0.82199260 0.50238309 0.72685709 0.48153903 0.40602091 1.261015649260e+00 7.331250783536e-06 9.445922567787e-01 6.175089086974e-06 1.599273020642e-05
2 45 0 0.82199260 0.50238309 0.72685709 0.48153903 0.40602091 1.347669655581e+00 1.339600695098e-05 8.895109445960e-01 3.872276005063e-05 1.616349128134e-05
2 46 0 0.82199260 0.50238309 0.72685709 0.48153903 0.40602091 1.354609596847e+00 5.188955570522e-06 9.560167498125e-01 8.359277515438e-05 1.043894878069e-05
2 47 0 0.82199260 0.50238309 0.72685709 0.48153903 0.40602091 1.477583220975e+00 1.658821682652e-05 1.020661164637e+00 7.283757604615e-05 2.462859902277e-06
2 48 0 0.82199260 0.50238309 0.72685709 0.48153903 0.40602091 1.534054006800e+00 5.445151115410e-05 8.901401597510e-01 2.938928727049e-05 1.580955524116e-06
2 49 0 0.82199260 0.50238309 0.72685709 0.48153903 0.40602091 1.502860488954e+00 4.620264839651e-05 9.718446623746e-01 4.664355014513e-06 1.226386640936e-05
2 50 0 0.82199260 0.50238309 0.72685709 0.48153903 0.40602091 1.620173398467e+00 9.688019760660e-05 1.096347943438e+00 2.163076379696e-06 3.030072872133e-05
2 51 0 0.82199260 0.50238309 0.72685709 0.48153903 0.40602091 1.641190905984e+00 1.562731035420e-04 1.019710013199e+00 2.594843870669e-05 4.892598245025e-05
2 52 0 0.82199260 0.50238309 0.72685709 0.48153903 0.40602091 1.676400559061e+00 9.989147200877e-05 1.070332735714e+00 6.323681196728e-05 6.367102836999e-05
2 53 0 0.82199260 0.50238309 0.72685709 0.48153903 0.40602091 1.814649630862e+00 1.112008546185e-04 1.166820087698e+00 7.756235276989e-05 6.984920088763e-05
2 54 0 0.82199260 0.50238309 0.72685709 0.48153903 0.40602091 1.833436248109e+00 1.477714880312e-04 1.072995654030e+00 6.126146429432e-05 6.151586004514e-05
2 55 0 0.82199260 0.50238309 0.72685709 0.48153903 0.40602091 1.906715668814e+00 5.571283880766e-05 1.208283639721e+00 3.323962183767e-05 3.894109564856e-05
2 56 0 0.82199260 0.50238309 0.72685709 0.48153903 0.40602091 1.989802057484e+00 3.304113756004e-05 1.398097716064e+00 1.139986463816e-05 1.457805180496e-05
2 57 0 0.82199260 0.50238309 0.72685709 0.48153903 0.40602091 1.979247760330e+00 5.067258476226e-05 1.276031021396e+00 2.838254591877e-06 4.674269880021e-06
2 58 0 0.82199260 0.50238309 0.72685709 0.48153903 0.40602091 2.147016490739e+00 4.187958352122e-06 1.341081487620e+00 2.409592420983e-05 1.377176126622e-05
2 59 0 0.82199260 0.50238309 0.72685709 0.48153903 0.40602091 2.251343176219e+00 5.887691758932e-05 1.464299936553e+00 6.943862366653e-05 3.209187904803e-05
2 60 0 0.82199260 0.50238309 0.72685709 0.48153903 0.40602091 2.299363018997e+00 9.005829612182e-05 1.323256050758e+00 6.917928672508e-05 4.878270075980e-05
2 61 0 0.82199260 0.50238309 0.72685709 0.48153903 0.40602091 2.482242842439e+00 5.502914452216e-05 1.469160978673e+00 3.859063180422e-05 6.153363549725e-05
2 62 0 0.82199260 0.50238309 0.72685709 0.48153903 0.40602091 2.525139835231e+00 1.666151731962e-04 1.744939162956e+00 6.720534105809e-05 7.035452513728e-05
2 63 0 0.82199260 0.50238309 0.72685709 0.48153903 0.40602091 2.554700988582e+00 2.055643128077e-04 1.617334366555e+00 7.665275086564e-05 6.930824406240e-05
4 0 0 0.81195872 0.52047435 0.74668030 0.48516344 0.40599674 2.128824196245e+00 6.290901662995e-05 1.802737648003e+00 1.651426052361e-05 3.328475921572e-05
4 1 0 0.81195872 0.52047435 0.74668030 0.48516344 0.40599674 2.272312727269e+00 6.883986197451e-05 1.552302837815e+00 9.544490814517e-05 3.350020965378e-05
4 2 0 0.81195872 0.52047435 0.74668030 0.48516344 0.40599674 2.005071863463e+00 1.011796501396e-05 1.681437723737e+00 8.192972358537e-05 5.590010281884e-05
4 3 0 0.81195872 0.52047435 0.74668030 0.48516344 0.40599674 1.971751414989e+00 5.023809028579e-06 1.754577065513e+00 3.526511748115e-05 6.165495048398e-05
4 4 0 0.81195872 0.52047435 0.74668030 0.48516344 0.40599674 2.031046616190e+00 7.378959591892e-06 1.499796141464e+00 8.181203908381e-05 5.842565085344e-05
4 5 0 0.81195872 0.52047435 0.74668030 0.48516344 0.40599674 1.733891926916e+00 5.432812608048e-06 1.514287075726e+00 6.430792827401e-05 4.689766776000e-05
4 6 0 0.81195872 0.52047435 0.74668030 0.48516344 0.40599674 1.801647598572e+00 2.283272024803e-05 1.426608835123e+00 9.288773259135e-06 2.234469034632e-05
4 7 0 0.81195872 0.52047435 0.74668030 0.48516344 0.40599674 1.774311220273e+00 5.825340644160e-06 1.248502744355e+00 7.251760589212e-06 1.415527444255e-05
4 8 0 0.81195872 0.52047435 0.74668030 0.48516344 0.40599674 1.601327495270e+00 1.980394193326e-05 1.414608086013e+00 3.042116221460e-05 4.022290487019e-05
4 9 0 0.81195872 0.52047435 0.74668030 0.48516344 0.40599674 1.708821961476e+00 6.425431223224e-05 1.378577343505e+00 4.798117027515e-05 7.840125176999e-05
4 10 0 0.81195872 0.52047435 0.74668030 0.48516344 0.40599674 1.558323096332e+00 3.673793953163e-05 1.214225353416e+00 8.200488295676e-05 8.875947097960e-05
4 11 0 0.81195872 0.52047435 0.74668030 0.48516344 0.40599674 1.470140235629e+00 2.829498720503e-05 1.250636633870e+00 9.741556288601e-05 7.109435674554e-05
4 12 0 0.81195872 0.52047435 0.74668030 0.48516344 0.40599674 1.547543392904e+00 7.754747683998e-05 1.084442935114e+00 4.010357373867e-05 4.847928808948e-05
4 13 0 0.81195872 0.52047435 0.74668030 0.48516344 0.40599674 1.346082518178e+00 5.854669891248e-05 9.657806058450e-01 2.230200522624e-06 3.420441245845e-05
4 14 0 0.81195872 0.52047435 0.74668030 0.48516344 0.40599674 1.317678173030e+00 1.033317216973e-05 1.129503416326e+00 7.184482866708e-06 2.102832845393e-05
4 15 0 0.81195872 0.52047435 0.74668030 0.48516344 0.40599674 1.335848659592e+00 1.537881427675e-05 1.052451484320e+00 1.086833503884e-05 4.890110952890e-06
4 16 0 0.81195872 0.52047435 0.74668030 0.48516344 0.40599674 1.194967946440e+00 2.335437283611e-05 9.832504514336e-01 7.688624857138e-05 4.891991320054e-08
4 17 0 0.81195872 0.52047435 0.74668030 0.48516344 0.40599674 1.257230459388e+00 1.582008453205e-05 1.040312757955e+00 1.178273869041e-04 3.227537148084e-06
4 18 0 0.81195872 0.52047435 0.74668030 0.48516344 0.40599674 1.217929299305e+00 6.120452524432e-06 8.566370725285e-01 4.413056185264e-05 1.305627710323e-05
4 19 0 0.81195872 0.52047435 0.74668030 0.48516344 0.40599674 1.119267958014e+00 1.187014474444e-06 8.101194395682e-01 9.655343083746e-06 2.336798163510e-05
4 20 0 0.81195872 0.52047435 0.74668030 0.48516344 0.40599674 1.216636639558e+00 2.112266513937e-05 9.044004378088e-01 1.399886073165e-05 2.799350111854e-05
4 21 0 0.81195872 0.52047435 0.74668030 0.48516344 0.40599674 1.112385967281e+00 2.673883982808e-05 8.155631483212e-01 3.505780648126e-06 3.117084561397e-05
4 22 0 0.81195872 0.52047435 0.74668030 0.48516344 0.40599674 1.056184263572e+00 3.720373911867e-06 8.173828460903e-01 1.213533876079e-05 2.138539766420e-05
4 23 0 0.81195872 0.52047435 0.74668030 0.48516344 0.40599674 1.125578583691e+00 1.337736021771e-05 8.488775003835e-01 2.561828107039e-05 1.634704846994e-05
4 24 0 0.81195872 0.52047435 0.74668030 0.48516344 0.40599674 1.011917396966e+00 3.208143943866e-05 6.930862300894e-01 5.468571953457e-05 2.052318107144e-05
4 25 0 0.81195872 0.52047435 0.74668030 0.48516344 0.40599674 1.066176010374e+00 1.162735146029e-05 7.381324754552e-01 6.080968873400e-05 1.250703568471e-05
4 26 0 0.81195872 0.52047435 0.74668030 0.48516344 0.40599674 1.072484391176e+00 8.327983476511e-06 8.041318574365e-01 3.465628260099e-05 5.808133536927e-06
4 27 0 0.81195872 0.52047435 0.74668030 0.48516344 0.40599674 9.634390474118e-01 3.504848229817e-05 7.334738642766e-01 6.080310746695e-06 1.974797456963e-06
4 28 0 0.81195872 0.52047435 0.74668030 0.48516344 0.40599674 1.041060288345e+00 2.914560604543e-05 7.874498693013e-01 6.265594474592e-06 3.881191421808e-06
4 29 0 0.81195872 0.52047435 0.74668030 0.48516344 0.40599674 9.918387129332e-01 4.718097301571e-06 7.686873444995e-01 5.347402286168e-06 1.909295183711e-05
4 30 0 0.81195872 0.52047435 0.74668030 0.48516344 0.40599674 9.333408912514e-01 8.427440843787e-06 6.432965121251e-01 2.046134797176e-05 4.886985659599e-05
4 31 0 0.81195872 0.52047435 0.74668030 0.48516344 0.40599674 1.009672624611e+00 2.333397824611e-05 6.985580045614e-01 1.312689081912e-04 8.888044034314e-05
4 32 0 0.81195872 0.52047435 0.74668030 0.48516344 0.40599674 9.726579430419e-01 2.223440470116e-05 7.566304547418e-01 1.300596038719e-04 8.819762659185e-05
4 33 0 0.81195872 0.52047435 0.74668030 0.48516344 0.40599674 1.007368142763e+00 7.410608472552e-06 7.294394813646e-01 1.972995792960e-05 4.814148440798e-05
4 34 0 0.81195872 0.52047435 0.74668030 0.48516344 0.40599674 1.091148278721e+00 3.765391781461e-06 8.536090540122e-01 5.487210477740e-06 1.895191443310e-05
4 35 0 0.81195872 0.52047435 0.74668030 0.48516344 0.40599674 1.010296013736e+00 2.694413383264e-05 8.046988994682e-01 6.290650595877e-06 3.746143527798e-06
4 36 0 0.81195872 0.52047435 0.74668030 0.48516344 0.40599674 1.074857768157e+00 3.454845621280e-05 7.247868828419e-01 6.380352142662e-06 1.976540593340e-06
4 37 0 0.81195872 0.52047435 0.74668030 0.48516344 0.40599674 1.115861064027e+00 8.675539339897e-06 8.061005296317e-01 3.456878272843e-05 5.879603460138e-06
4 38 0 0.81195872 0.52047435 0.74668030 0.48516344 0.40599674 1.030302849995e+00 1.156051883244e-05 7.974941004517e-01 6.201182124060e-05 1.299159530761e-05
4 39 0 0.81195872 0.52047435 0.74668030 0.48516344 0.40599674 1.141723588072e+00 3.420792799596e-05 8.138933525107e-01 5.614797675200e-05 2.084543344313e-05
4 40 0 0.81195872 0.52047435 0.74668030 0.48516344 0.40599674 1.126683231309e+00 1.518373010582e-05 9.635053040562e-01 2.707206024850e-05 1.633873127225e-05
4 41 0 0.81195872 0.52047435 0.74668030 0.48516344 0.40599674 1.131353824294e+00 4.753057158025e-06 8.775246976033e-01 1.326796415440e-05 2.249605091544e-05
4 42 0 0.81195872 0.52047435 0.74668030 0.48516344 0.40599674 1.266942174153e+00 3.122632735698e-05 8.577050337805e-01 3.550122332393e-06 3.299279115308e-05
4 43 0 0.81195872 0.52047435 0.74668030 0.48516344 0.40599674 1.182900577522e+00 2.490944549379e-05 9.859258843746e-01 1.456816255656e-05 3.009846467647e-05
4 44 0 0.81195872 0.52047435 0.74668030 0.48516344 0.40599674 1.237833821637e+00 1.659589736851e-06 9.307581884374e-01 9.772092057820e-06 2.556059425152e-05
4 45 0 0.81195872 0.52047435 0.74668030 0.48516344 0.40599674 1.348131425331e+00 7.717552582136e-06 1.045896554653e+00 4.843705703563e-05 1.416985948851e-05
4 46 0 0.81195872 0.52047435 0.74668030 0.48516344 0.40599674 1.280659040165e+00 1.679838048845e-05 1.170715685904e+00 1.268584045909e-04 3.447848698159e-06
4 47 0 0.81195872 0.52047435 0.74668030 0.48516344 0.40599674 1.415103438917e+00 2.301086794913e-05 1.037434941363e+00 8.180386160945e-05 4.552626009825e-08
4 48 0 0.81195872 0.52047435 0.74668030 0.48516344 0.40599674 1.481325663917e+00 1.618286412571e-05 1.058921816883e+00 1.154197674460e-05 5.737091065337e-06
4 49 0 0.81195872 0.52047435 0.74668030 0.48516344 0.40599674 1.460726257376e+00 1.031236251279e-05 1.158156539021e+00 7.353064626529e-06 2.300268236697e-05
4 50 0 0.81195872 0.52047435 0.74668030 0.48516344 0.40599674 1.670313654122e+00 6.148171493240e-05 1.072742758453e+00 2.597138953620e-06 3.637477267513e-05
4 51 0 0.81195872 0.52047435 0.74668030 0.48516344 0.40599674 1.638903117321e+00 8.485337773629e-05 1.296710494800e+00 4.337470550059e-05 5.146481060243e-05
4 52 0 0.81195872 0.52047435 0.74668030 0.48516344 0.40599674 1.634926575753e+00 3.223305203464e-05 1.424143640704e+00 1.038965754097e-04 7.591279133445e-05
4 53 0 0.81195872 0.52047435 0.74668030 0.48516344 0.40599674 1.833245056538e+00 4.101989361548e-05 1.263106203978e+00 8.735718669345e-05 9.484950990932e-05
4 54 0 0.81195872 0.52047435 0.74668030 0.48516344 0.40599674 1.751228744127e+00 7.211130286267e-05 1.359770563494e+00 5.066102406336e-05 8.311568636436e-05
4 55 0 0.81195872 0.52047435 0.74668030 0.48516344 0.40599674 1.847168207805e+00 2.284323211342e-05 1.388960692512e+00 3.223927278395e-05 4.192306706491e-05
4 56 0 0.81195872 0.52047435 0.74668030 0.48516344 0.40599674 1.992577631316e+00 8.064950893512e-06 1.290511674546e+00 8.325727905647e-06 1.434853821760e-05
4 57 0 0.81195872 0.52047435 0.74668030 0.48516344 0.40599674 1.911859498932e+00 2.828904036328e-05 1.574796819746e+00 9.511450461239e-06 2.301728921445e-05
4 58 0 0.81195872 0.52047435 0.74668030 0.48516344 0.40599674 2.178025422046e+00 6.299243714099e-06 1.645459364286e+00 6.907743891610e-05 4.857655708223e-05
4 59 0 0.81195872 0.52047435 0.74668030 0.48516344 0.40599674 2.252235774258e+00 6.840209687669e-06 1.512317270234e+00 8.713877666911e-05 6.101954278591e-05
4 60 0 0.81195872 0.52047435 0.74668030 0.48516344 0.40599674 2.167542553137e+00 6.005555457839e-06 1.689605091132e+00 3.728463999359e-05 6.597223346616e-05
4 61 0 0.81195872 0.52047435 0.74668030 0.48516344 0.40599674 2.492213359530e+00 9.613277137241e-06 1.621036923630e+00 9.042144436529e-05 6.014138215532e-05
4 62 0 0.81195872 0.52047435 0.74668030 0.48516344 0.40599674 2.427052092276e+00 7.340264709113e-05 1.591450934038e+00 1.032890956532e-04 3.640403825938e-05
4 63 0 0.81195872 0.52047435 0.74668030 0.48516344 0.40599674 2.498023232182e+00 7.041237359227e-05 1.962615722753e+00 1.758324588942e-05 3.690107594126e-05
5 0 0 4.23297448 0.90935847 3.00861461 1.19091897 0.81038191 1.291559501128e+03 2.376396842122e+00 5.445074942010e+02 2.036551004199e-03 3.580627540442e-04
5 1 0 4.23297448 0.90935847 3.00861461 1.19091897 0.81038191 1.257080075073e+03 2.389764469229e+00 4.911958846034e+02 2.418519083101e-03 4.004530259034e-04
5 2 0 4.23297448 0.90935847 3.00861461 1.19091897 0.81038191 1.227115649868e+03 2.488677559829e+00 4.748544228934e+02 2.443236310567e-03 5.068471596857e-04
5 3 0 4.23297448 0.90935847 3.00861461 1.19091897 0.81038191 1.197413214350e+03 2.537371292588e+00 4.655337666174e+02 2.232783854003e-03 5.833792761987e-04
5 4 0 4.23297448 0.90935847 3.00861461 1.19091897 0.81038191 1.169200539538e+03 2.453046898529e+00 4.089953363926e+02 2.172740151081e-03 6.286203570330e-04
5 5 0 4.23297448 0.90935847 3.00861461 1.19091897 0.81038191 1.146333245032e+03 2.267859099467e+00 3.523692727029e+02 2.201238887829e-03 5.266717271977e-04
5 6 0 4.23297448 0.90935847 3.00861461 1.19091897 0.81038191 1.120062820095e+03 2.083454963747e+00 3.492193145855e+02 2.117619707516e-03 3.278127448467e-04
5 7 0 4.23297448 0.90935847 3.00861461 1.19091897 0.81038191 1.100667167630e+03 1.964288842325e+00 3.295639180924e+02 1.594385000759e-03 1.270503608907e-04
5 8 0 4.23297448 0.90935847 3.00861461 1.19091897 0.81038191 1.077392567331e+03 1.949006848415e+00 2.658538868864e+02 1.125457479677e-03 6.833385902763e-05
5 9 0 4.23297448 0.90935847 3.00861461 1.19091897 0.81038191 1.057925317754e+03 1.983033862980e+00 2.454262440565e+02 1.093811531053e-03 1.829231419225e-04
5 10 0 4.23297448 0.90935847 3.00861461 1.19091897 0.81038191 1.037558965219e+03 2.007307334983e+00 2.496952479189e+02 1.392702346076e-03 3.786525529758e-04
5 11 0 4.23297448 0.90935847 3.00861461 1.19091897 0.81038191 1.015841444533e+03 1.957921816544e+00 2.098811913277e+02 1.431351719018e-03 5.095843525118e-04
5 12 0 4.23297448 0.90935847 3.00861461 1.19091897 0.81038191 9.957564257034e+02 1.861746847288e+00 1.790849367777e+02 1.063966148183e-03 4.114169888387e-04
5 13 0 4.23297448 0.90935847 3.00861461 1.19091897 0.81038191 9.732544592957e+02 1.743897061007e+00 1.921311782827e+02 6.934496477769e-04 1.963142041060e-04
5 14 0 4.23297448 0.90935847 3.00861461 1.19091897 0.81038191 9.533918167361e+02 1.623031551138e+00 1.822441867579e+02 6.106842950349e-04 5.792098561696e-05
5 15 0 4.23297448 0.90935847 3.00861461 1.19091897 0.81038191 9.339304477692e+02 1.554391174674e+00 1.558067574875e+02 1.034688770725e-03 9.952653703268e-05
5 16 0 4.23297448 0.90935847 3.00861461 1.19091897 0.81038191 9.161502051457e+02 1.519213221240e+00 1.628460629944e+02 1.542611610839e-03 1.821192725600e-04
5 17 0 4.23297448 0.90935847 3.00861461 1.19091897 0.81038191 9.007729991710e+02 1.501263718859e+00 1.753487611896e+02 1.649304607343e-03 1.809622115213e-04
5 18 0 4.23297448 0.90935847 3.00861461 1.19091897 0.81038191 8.867236418403e+02 1.503850228570e+00 1.653371813889e+02 1.044735397960e-03 1.003356638989e-04
5 19 0 4.23297448 0.90935847 3.00861461 1.19091897 0.81038191 8.747730440464e+02 1.488327473128e+00 1.644622641734e+02 3.450461044443e-04 3.406936482254e-05
5 20 0 4.23297448 0.90935847 3.00861461 1.19091897 0.81038191 8.647903698139e+02 1.420252904618e+00 1.816745298746e+02 1.838765819386e-04 3.350005186406e-05
5 21 0 4.23297448 0.90935847 3.00861461 1.19091897 0.81038191 8.553192541224e+02 1.341361470890e+00 1.918886854096e+02 5.722669776313e-04 8.430562528843e-05
5 22 0 4.23297448 0.90935847 3.00861461 1.19091897 0.81038191 8.468918311241e+02 1.242143930972e+00 1.892563763857e+02 1.012802504643e-03 1.387318227961e-04
5 23 0 4.23297448 0.90935847 3.00861461 1.19091897 0.81038191 8.386808398528e+02 1.172179094918e+00 1.961917797762e+02 9.978033007582e-04 1.225519378823e-04
5 24 0 4.23297448 0.90935847 3.00861461 1.19091897 0.81038191 8.292410801075e+02 1.176257842601e+00 2.182285555057e+02 6.496892551220e-04 4.974703813098e-05
5 25 0 4.23297448 0.90935847 3.00861461 1.19091897 0.81038191 8.220387338548e+02 1.216127071138e+00 2.242190944722e+02 2.497586704087e-04 5.832592142191e-06
5 26 0 4.23297448 0.90935847 3.00861461 1.19091897 0.81038191 8.131208089339e+02 1.262870299522e+00 2.155248421226e+02 2.458633962257e-04 7.864971519723e-05
5 27 0 4.23297448 0.90935847 3.00861461 1.19091897 0.81038191 8.072627030477e+02 1.272798727824e+00 2.315479051351e+02 6.621551140289e-04 1.940909633954e-04
5 28 0 4.23297448 0.90935847 3.00861461 1.19091897 0.81038191 8.020756636153e+02 1.214357578127e+00 2.543548298163e+02 9.820670090534e-04 2.111316012446e-04
5 29 0 4.23297448 0.90935847 3.00861461 1.19091897 0.81038191 7.976572856737e+02 1.130009775153e+00 2.413533284112e+02 7.615659353693e-04 1.157013740945e-04
5 30 0 4.23297448 0.90935847 3.00861461 1.19091897 0.81038191 7.982228422911e+02 1.082599924199e+00 2.341467755818e+02 2.967147527255e-04 5.268894007099e-05
5 31 0 4.23297448 0.90935847 3.00861461 1.19091897 0.81038191 7.973749449924e+02 1.095343920754e+00 2.568309036931e+02 2.781237294146e-05 5.583028001514e-05
5 32 0 4.23297448 0.90935847 3.00861461 1.19091897 0.81038191 8.030435934414e+02 1.184436343359e+00 2.591579090649e+02 3.725745729645e-05 5.720225130300e-05
5 33 0 4.23297448 0.90935847 3.00861461 1.19091897 0.81038191 8.072349900934e+02 1.276953782548e+00 2.355901829301e+02 3.192000801031e-04 5.659949666001e-05
5 34 0 4.23297448 0.90935847 3.00861461 1.19091897 0.81038191 8.143710656532e+02 1.325163664277e+00 2.434908995422e+02 7.826818639564e-04 1.192534447679e-04
5 35 0 4.23297448 0.90935847 3.00861461 1.19091897 0.81038191 8.223592741846e+02 1.311903851747e+00 2.552677922495e+02 9.888113824130e-04 2.112157094935e-04
5 36 0 4.23297448 0.90935847 3.00861461 1.19091897 0.81038191 8.291993261964e+02 1.250884014015e+00 2.321716593223e+02 6.584347588407e-04 1.911861260143e-04
5 37 0 4.23297448 0.90935847 3.00861461 1.19091897 0.81038191 8.385102034109e+02 1.218983101684e+00 2.180319973388e+02 2.467486260585e-04 7.476291919263e-05
5 38 0 4.23297448 0.90935847 3.00861461 1.19091897 0.81038191 8.462635741599e+02 1.252448268486e+00 2.289601321038e+02 2.691255563176e-04 5.435808285663e-06
5 39 0 4.23297448 0.90935847 3.00861461 1.19091897 0.81038191 8.550088843371e+02 1.336817923631e+00 2.216539615454e+02 6.853226284193e-04 5.500945892146e-05
5 40 0 4.23297448 0.90935847 3.00861461 1.19091897 0.81038191 8.651368379711e+02 1.449852088570e+00 1.986657275696e+02 1.019975250742e-03 1.304736687460e-04
5 41 0 4.23297448 0.90935847 3.00861461 1.19091897 0.81038191 8.744554002822e+02 1.532598190566e+00 1.923440003619e+02 1.004901317844e-03 1.442759769853e-04
5 42 0 4.23297448 0.90935847 3.00861461 1.19091897 0.81038191 8.879199831444e+02 1.542695388261e+00 1.966109497927e+02 5.469338253372e-04 8.487407079658e-05
5 43 0 4.23297448 0.90935847 3.00861461 1.19091897 0.81038191 9.014715151120e+02 1.538366848540e+00 1.857129255319e+02 1.784647924306e-04 3.369086425146e-05
5 44 0 4.23297448 0.90935847 3.00861461 1.19091897 0.81038191 9.187418684248e+02 1.517827908721e+00 1.685455537351e+02 3.847295865059e-04 3.689535663932e-05
5 45 0 4.23297448 0.90935847 3.00861461 1.19091897 0.81038191 9.371573492088e+02 1.522123039776e+00 1.710915727285e+02 1.125792855777e-03 1.043281675034e-04
5 46 0 4.23297448 0.90935847 3.00861461 1.19091897 0.81038191 9.573312885114e+02 1.586483239963e+00 1.825092737868e+02 1.741721466943e-03 1.823933195063e-04
5 47 0 4.23297448 0.90935847 3.00861461 1.19091897 0.81038191 9.777157142130e+02 1.670107240923e+00 1.692696293073e+02 1.606741210228e-03 1.805084726834e-04
5 48 0 4.23297448 0.90935847 3.00861461 1.19091897 0.81038191 1.000157402504e+03 1.762488611886e+00 1.641992065457e+02 1.069723718929e-03 9.670065085517e-05
5 49 0 4.23297448 0.90935847 3.00861461 1.19091897 0.81038191 1.020490471414e+03 1.857992478188e+00 1.951604815354e+02 6.459989223701e-04 6.461083373049e-05
5 50 0 4.23297448 0.90935847 3.00861461 1.19091897 0.81038191 1.042904517335e+03 1.906584224061e+00 2.043315572196e+02 7.518841454481e-04 2.233309406124e-04
5 51 0 4.23297448 0.90935847 3.00861461 1.19091897 0.81038191 1.062774598823e+03 1.907815246290e+00 1.918785567914e+02 1.135132424662e-03 4.507744896873e-04
5 52 0 4.23297448 0.90935847 3.00861461 1.19091897 0.81038191 1.082894159397e+03 1.900048580410e+00 2.295597010622e+02 1.492705175396e-03 5.424461632338e-04
5 53 0 4.23297448 0.90935847 3.00861461 1.19091897 0.81038191 1.104472657329e+03 1.887823461256e+00 2.732912199536e+02 1.430653076892e-03 3.900018696228e-04
5 54 0 4.23297448 0.90935847 3.00861461 1.19091897 0.81038191 1.124879035609e+03 1.949776488632e+00 2.683799572858e+02 1.140410563416e-03 1.821836124913e-04
5 55 0 4.23297448 0.90935847 3.00861461 1.19091897 0.81038191 1.149412042586e+03 2.095427532619e+00 2.928348081939e+02 1.237737616367e-03 7.312195872932e-05
5 56 0 4.23297448 0.90935847 3.00861461 1.19091897 0.81038191 1.174215786727e+03 2.290412066918e+00 3.605482995677e+02 1.780880032135e-03 1.503427618166e-04
5 57 0 4.23297448 0.90935847 3.00861461 1.19091897 0.81038191 1.200003023860e+03 2.447584615419e+00 3.819126973301e+02 2.319083706901e-03 3.666267993606e-04
5 58 0 4.23297448 0.90935847 3.00861461 1.19091897 0.81038191 1.230458743670e+03 2.510225586143e+00 3.893093378593e+02 2.362845363130e-03 5.658744951537e-04
5 59 0 4.23297448 0.90935847 3.00861461 1.19091897 0.81038191 1.257513033896e+03 2.479177949998e+00 4.529808241480e+02 2.294684170674e-03 6.565763409386e-04
5 60 0 4.23297448 0.90935847 3.00861461 1.19091897 0.81038191 1.291141702705e+03 2.426771336005e+00 5.087862701353e+02 2.355175963209e-03 6.037799591316e-04
5 61 0 4.23297448 0.90935847 3.00861461 1.19091897 0.81038191 1.321235276629e+03 2.487281415876e+00 5.132489198443e+02 2.586921511363e-03 5.309274054779e-04
5 62 0 4.23297448 0.90935847 3.00861461 1.19091897 0.81038191 1.353063069858e+03 2.711796047223e+00 5.335281105545e+02 2.561892074594e-03 4.306027094331e-04
5 63 0 4.23297448 0.90935847 3.00861461 1.19091897 0.81038191 1.386038961383e+03 3.024068038485e+00 5.928463900630e+02 2.156963517265e-03 3.956244573566e-04
12 0 0 1.77521754 0.65828425 1.25503867 0.69713199 0.55326579 3.447791414857e+01 7.971685760811e-05 1.350882950242e+01 1.825091131435e-04 2.551127858805e-05
12 1 0 1.77521754 0.65828425 1.25503867 0.69713199 0.55326579 6.493059947679e+01 1.115280645633e-04 1.304905474777e+01 7.305511036761e-05 8.906001369527e-06
12 2 0 1.77521754 0.65828425 1.25503867 0.69713199 0.55326579 4.141432401978e+01 2.272947185056e-04 1.241876281371e+01 9.371013006772e-06 1.128054164343e-05
12 3 0 1.77521754 0.65828425 1.25503867 0.69713199 0.55326579 3.757749468313e+01 3.877538938955e-04 1.182224158485e+01 7.263178725997e-06 3.149545923133e-05
12 4 0 1.77521754 0.65828425 1.25503867 0.69713199 0.55326579 5.932215310160e+01 5.584028473558e-04 1.138190122318e+01 5.236112818279e-05 6.300668100757e-05
12 5 0 1.77521754 0.65828425 1.25503867 0.69713199 0.55326579 2.889364460411e+01 7.916874859190e-04 1.101236152435e+01 1.186882285679e-04 9.570477160308e-05
12 6 0 1.77521754 0.65828425 1.25503867 0.69713199 0.55326579 4.383338929494e+01 8.590394034773e-04 1.071120852601e+01 1.790068630067e-04 1.189190306666e-04
12 7 0 1.77521754 0.65828425 1.25503867 0.69713199 0.55326579 4.873178463442e+01 9.148260411007e-04 1.052345680094e+01 2.071262863704e-04 1.248859643739e-04
12 8 0 1.77521754 0.65828425 1.25503867 0.69713199 0.55326579 2.344036526962e+01 8.236614715905e-04 1.023861797833e+01 1.852964302843e-04 1.115366772545e-04
12 9 0 1.77521754 0.65828425 1.25503867 0.69713199 0.55326579 4.861176767025e+01 6.269596297836e-04 9.949142561835e+00 1.192659332541e-04 8.337327091827e-05
12 10 0 1.77521754 0.65828425 1.25503867 0.69713199 0.55326579 3.528415733313e+01 4.679701399939e-04 9.549826219599e+00 4.504359071022e-05 4.978764964752e-05
12 11 0 1.77521754 0.65828425 1.25503867 0.69713199 0.55326579 2.497720001025e+01 2.568656371619e-04 9.086568242632e+00 1.133203866126e-05 2.130902430600e-05
12 12 0 1.77521754 0.65828425 1.25503867 0.69713199 0.55326579 4.747730936510e+01 1.381937558580e-04 8.808384663757e+00 4.455818424983e-05 5.375092701319e-06
12 13 0 1.77521754 0.65828425 1.25503867 0.69713199 0.55326579 2.360949141742e+01 6.638258958931e-05 8.418382334086e+00 1.252461492757e-04 3.608635154862e-06
12 14 0 1.77521754 0.65828425 1.25503867 0.69713199 0.55326579 3.043157919317e+01 2.378581205753e-05 8.039847379656e+00 1.992461530523e-04 1.190254928148e-05
12 15 0 1.77521754 0.65828425 1.25503867 0.69713199 0.55326579 4.060375780549e+01 2.117618559863e-05 7.669754541172e+00 2.171873878339e-04 2.316723287840e-05
12 16 0 1.77521754 0.65828425 1.25503867 0.69713199 0.55326579 1.687122978462e+01 2.012822291160e-05 7.532378851824e+00 1.696876598923e-04 3.117959283101e-05
12 17 0 1.77521754 0.65828425 1.25503867 0.69713199 0.55326579 3.594291120833e+01 4.063371416555e-05 7.441572046987e+00 9.000162023347e-05 3.342697941378e-05
12 18 0 1.77521754 0.65828425 1.25503867 0.69713199 0.55326579 3.030108190678e+01 9.450672758731e-05 7.171053363593e+00 2.535810007685e-05 3.149934274671e-05
12 19 0 1.77521754 0.65828425 1.25503867 0.69713199 0.55326579 1.708176421188e+01 1.641782870531e-04 6.993299946861e+00 3.986588580963e-06 2.906261911970e-05
12 20 0 1.77521754 0.65828425 1.25503867 0.69713199 0.55326579 3.840239008835e+01 3.031136673783e-04 6.828305997083e+00 2.347196398269e-05 2.886150964186e-05
12 21 0 1.77521754 0.65828425 1.25503867 0.69713199 0.55326579 2.062253681429e+01 4.051205988192e-04 6.730338015699e+00 6.275467000316e-05 3.070679098016e-05
12 22 0 1.77521754 0.65828425 1.25503867 0.69713199 0.55326579 2.247154946856e+01 5.135925704549e-04 6.624519983660e+00 1.002350864416e-04 3.171175221704e-05
12 23 0 1.77521754 0.65828425 1.25503867 0.69713199 0.55326579 3.563532761810e+01 5.719996652468e-04 6.507578192461e+00 1.219544598041e-04 2.858988419924e-05
12 24 0 1.77521754 0.65828425 1.25503867 0.69713199 0.55326579 1.430749750673e+01 5.205537300950e-04 6.392507471555e+00 1.201533317116e-04 2.050086666655e-05
12 25 0 1.77521754 0.65828425 1.25503867 0.69713199 0.55326579 2.920610901898e+01 4.693823495380e-04 6.373621720962e+00 9.296634218944e-05 1.053787970692e-05
12 26 0 1.77521754 0.65828425 1.25503867 0.69713199 0.55326579 2.867316355021e+01 3.300971753515e-04 6.158347696944e+00 4.979807370528e-05 4.726843864937e-06
12 27 0 1.77521754 0.65828425 1.25503867 0.69713199 0.55326579 1.358217118790e+01 2.123304801672e-04 6.045122280681e+00 1.397457409971e-05 8.900130363345e-06
12 28 0 1.77521754 0.65828425 1.25503867 0.69713199 0.55326579 3.369827877845e+01 1.227584109110e-04 5.938869966169e+00 1.229969326989e-05 2.513517696190e-05
12 29 0 1.77521754 0.65828425 1.25503867 0.69713199 0.55326579 2.004504627200e+01 4.785310848057e-05 5.890195058415e+00 5.458371567664e-05 4.982753081964e-05
12 30 0 1.77521754 0.65828425 1.25503867 0.69713199 0.55326579 1.847675360996e+01 2.435051806031e-05 5.827426852452e+00 1.205984136094e-04 7.465792024827e-05
12 31 0 1.77521754 0.65828425 1.25503867 0.69713199 0.55326579 3.360951061648e+01 1.000325274764e-05 5.669274992521e+00 1.697708929840e-04 9.015208518115e-05
12 32 0 1.77521754 0.65828425 1.25503867 0.69713199 0.55326579 1.429117805803e+01 9.353585120133e-06 5.928365545928e+00 1.695616735094e-04 9.008669228749e-05
12 33 0 1.77521754 0.65828425 1.25503867 0.69713199 0.55326579 2.657326509944e+01 2.424905960013e-05 6.081967927658e+00 1.200906325500e-04 7.447370609722e-05
12 34 0 1.77521754 0.65828425 1.25503867 0.69713199 0.55326579 2.998799168529e+01 4.769899214582e-05 6.145931834455e+00 5.403379578300e-05 4.956080223524e-05
12 35 0 1.77521754 0.65828425 1.25503867 0.69713199 0.55326579 1.381985979603e+01 1.238432741012e-04 6.204694786315e+00 1.190687733422e-05 2.484319918182e-05
12 36 0 1.77521754 0.65828425 1.25503867 0.69713199 0.55326579 3.379970909821e+01 2.160876416997e-04 6.349338367057e+00 1.383759682392e-05 8.647176440353e-06
12 37 0 1.77521754 0.65828425 1.25503867 0.69713199 0.55326579 2.363034582990e+01 3.386817927926e-04 6.432802927911e+00 5.012695737407e-05 4.563910355435e-06
12 38 0 1.77521754 0.65828425 1.25503867 0.69713199 0.55326579 1.873370129991e+01 4.838523202451e-04 6.494438363186e+00 9.431421411349e-05 1.049417726585e-05
12 39 0 1.77521754 0.65828425 1.25503867 0.69713199 0.55326579 3.702838506963e+01 5.395583527674e-04 6.497543586871e+00 1.232355312079e-04 2.060410138925e-05
12 40 0 1.77521754 0.65828425 1.25503867 0.69713199 0.55326579 1.793972766932e+01 5.961553072301e-04 6.658688713406e+00 1.269344327678e-04 2.890941399622e-05
12 41 0 1.77521754 0.65828425 1.25503867 0.69713199 0.55326579 2.764663781688e+01 5.365606022910e-04 6.778084574649e+00 1.060562788726e-04 3.238898081238e-05
12 42 0 1.77521754 0.65828425 1.25503867 0.69713199 0.55326579 3.535336784439e+01 4.254070418809e-04 6.882521989509e+00 6.744445316200e-05 3.192873474037e-05
12 43 0 1.77521754 0.65828425 1.25503867 0.69713199 0.55326579 1.676009261395e+01 3.185827574316e-04 7.145141582743e+00 2.567162143976e-05 3.076355131021e-05
12 44 0 1.77521754 0.65828425 1.25503867 0.69713199 0.55326579 3.700057124680e+01 1.724215589162e-04 7.308335746016e+00 4.621451256948e-06 3.160200997364e-05
12 45 0 1.77521754 0.65828425 1.25503867 0.69713199 0.55326579 3.076075411810e+01 9.802429717654e-05 7.649782237480e+00 2.771201516235e-05 3.438250511108e-05
12 46 0 1.77521754 0.65828425 1.25503867 0.69713199 0.55326579 2.198896023940e+01 4.116437176960e-05 7.778762979699e+00 9.753532718742e-05 3.616298981800e-05
12 47 0 1.77521754 0.65828425 1.25503867 0.69713199 0.55326579 4.426304845364e+01 1.784928887827e-05 8.024721037588e+00 1.830757345419e-04 3.326487695576e-05
12 48 0 1.77521754 0.65828425 1.25503867 0.69713199 0.55326579 2.608387279336e+01 1.895384565368e-05 8.438612005567e+00 2.331778177959e-04 2.432146903998e-05
12 49 0 1.77521754 0.65828425 1.25503867 0.69713199 0.55326579 3.234069346585e+01 2.195227864595e-05 8.895542400295e+00 2.126534113952e-04 1.223166832542e-05
12 50 0 1.77521754 0.65828425 1.25503867 0.69713199 0.55326579 4.627256170345e+01 6.658824491003e-05 9.209463700424e+00 1.326277733058e-04 3.603075381852e-06
12 51 0 1.77521754 0.65828425 1.25503867 0.69713199 0.55326579 2.438787998276e+01 1.446645486818e-04 9.471022251907e+00 4.653333149512e-05 5.742950190430e-06
12 52 0 1.77521754 0.65828425 1.25503867 0.69713199 0.55326579 4.422866711060e+01 2.724716248882e-04 9.806655992394e+00 1.172636060178e-05 2.273348202324e-05
12 53 0 1.77521754 0.65828425 1.25503867 0.69713199 0.55326579 4.376218692337e+01 4.996241591995e-04 1.015361683514e+01 4.790750694324e-05 5.272512405582e-05
12 54 0 1.77521754 0.65828425 1.25503867 0.69713199 0.55326579 2.848341471390e+01 6.713681846274e-04 1.036499120550e+01 1.264543737303e-04 8.795893507984e-05
12 55 0 1.77521754 0.65828425 1.25503867 0.69713199 0.55326579 5.459442946636e+01 8.846460110317e-04 1.059830502341e+01 1.962203423697e-04 1.175824836847e-04
12 56 0 1.77521754 0.65828425 1.25503867 0.69713199 0.55326579 3.904226419599e+01 9.815903832819e-04 1.091543525160e+01 2.199345540523e-04 1.319123941815e-04
12 57 0 1.77521754 0.65828425 1.25503867 0.69713199 0.55326579 3.899555140934e+01 9.232879884343e-04 1.128671726037e+01 1.915041563121e-04 1.261915829380e-04
12 58 0 1.77521754 0.65828425 1.25503867 0.69713199 0.55326579 6.088606057860e+01 8.495144304570e-04 1.187634036066e+01 1.285480568271e-04 1.023179363313e-04
12 59 0 1.77521754 0.65828425 1.25503867 0.69713199 0.55326579 3.655242385653e+01 5.973726394765e-04 1.242263724712e+01 5.772641958235e-05 6.809302320317e-05
12 60 0 1.77521754 0.65828425 1.25503867 0.69713199 0.55326579 5.401143687579e+01 4.121608608147e-04 1.306441487211e+01 8.406116365602e-06 3.457536960126e-05
12 61 0 1.77521754 0.65828425 1.25503867 0.69713199 0.55326579 6.185610884709e+01 2.376888228437e-04 1.367868922294e+01 1.005572032051e-05 1.262895843492e-05
12 62 0 1.77521754 0.65828425 1.25503867 0.69713199 0.55326579 3.985709882949e+01 1.109244376510e-04 1.408606082480e+01 7.932650786242e-05 9.698927867556e-06
12 63 0 1.77521754 0.65828425 1.25503867 0.69713199 0.55326579 6.821388131760e+01 7.460083755810e-05 1.451495270517e+01 1.986233825224e-04 2.754470087667e-05
14 0 0 0.93258229 0.50535952 0.76368269 0.50813046 0.42931778 3.448383366893e+00 1.241153498047e-04 1.784080366478e+00 6.099291593146e-05 6.478630376241e-05
14 1 0 0.93258229 0.50535952 0.76368269 0.50813046 0.42931778 3.363008071161e+00 8.487216315916e-05 1.896778256414e+00 4.965151743001e-05 3.913749231947e-05
14 2 0 0.93258229 0.50535952 0.76368269 0.50813046 0.42931778 3.223133563403e+00 4.125966107244e-05 1.751498848867e+00 2.858324935264e-05 1.621980484834e-05
14 3 0 0.93258229 0.50535952 0.76368269 0.50813046 0.42931778 3.121542239002e+00 2.759793186228e-05 1.588396014044e+00 7.344957485817e-06 5.628577164021e-06
14 4 0 0.93258229 0.50535952 0.76368269 0.50813046 0.42931778 3.019459730735e+00 5.315026179386e-05 1.686149139892e+00 1.370004520673e-07 5.360773948992e-06
14 5 0 0.93258229 0.50535952 0.76368269 0.50813046 0.42931778 2.832359728729e+00 7.074679174094e-05 1.635542632763e+00 9.114890829309e-06 1.351142908516e-05
14 6 0 0.93258229 0.50535952 0.76368269 0.50813046 0.42931778 2.751924002527e+00 6.506836883734e-05 1.415705043041e+00 3.379053267089e-05 2.941754696939e-05
14 7 0 0.93258229 0.50535952 0.76368269 0.50813046 0.42931778 2.705120990244e+00 6.090112524473e-05 1.488483664305e+00 7.289887977616e-05 5.071438186687e-05
14 8 0 0.93258229 0.50535952 0.76368269 0.50813046 0.42931778 2.557117298934e+00 5.994614075548e-05 1.565622676771e+00 1.105194394099e-04 6.639314250853e-05
14 9 0 0.93258229 0.50535952 0.76368269 0.50813046 0.42931778 2.554778797978e+00 5.080423163334e-05 1.348132595564e+00 1.264824954389e-04 7.920211739525e-05
14 10 0 0.93258229 0.50535952 0.76368269 0.50813046 0.42931778 2.398690628628e+00 4.047150088953e-05 1.242104856414e+00 1.100281520276e-04 7.727875129323e-05
14 11 0 0.93258229 0.50535952 0.76368269 0.50813046 0.42931778 2.321393910110e+00 3.809648219227e-05 1.336051486589e+00 6.491599506935e-05 6.357720024317e-05
14 12 0 0.93258229 0.50535952 0.76368269 0.50813046 0.42931778 2.294929212076e+00 4.738301474383e-05 1.257108123858e+00 2.282341884399e-05 4.538398886516e-05
14 13 0 0.93258229 0.50535952 0.76368269 0.50813046 0.42931778 2.184507399160e+00 6.693558635341e-05 1.079453253023e+00 4.429083547609e-06 2.380279430370e-05
14 14 0 0.93258229 0.50535952 0.76368269 0.50813046 0.42931778 2.146266731133e+00 7.571378670044e-05 1.132466329216e+00 1.449573916030e-05 1.126168670549e-05
14 15 0 0.93258229 0.50535952 0.76368269 0.50813046 0.42931778 2.036813919450e+00 5.743381793287e-05 1.114956542345e+00 3.612876962097e-05 9.523243819137e-06
14 16 0 0.93258229 0.50535952 0.76368269 0.50813046 0.42931778 1.954375482981e+00 3.396983670244e-05 9.679530527644e-01 4.473985200265e-05 1.619909520211e-05
14 17 0 0.93258229 0.50535952 0.76368269 0.50813046 0.42931778 1.893188101015e+00 2.689812103563e-05 9.860554785475e-01 3.785989834189e-05 2.826189235233e-05
14 18 0 0.93258229 0.50535952 0.76368269 0.50813046 0.42931778 1.867675258227e+00 2.474724291975e-05 1.079619801812e+00 2.255140927560e-05 4.148089028397e-05
14 19 0 0.93258229 0.50535952 0.76368269 0.50813046 0.42931778 1.791507046977e+00 2.724383002047e-05 9.827957761238e-01 1.271189013732e-05 4.707995856061e-05
14 20 0 0.93258229 0.50535952 0.76368269 0.50813046 0.42931778 1.765961333670e+00 5.519649165443e-05 9.072967296163e-01 1.354426203422e-05 4.952620255129e-05
14 21 0 0.93258229 0.50535952 0.76368269 0.50813046 0.42931778 1.731178076481e+00 9.535128728358e-05 1.005843516363e+00 1.784278947858e-05 4.485626088597e-05
14 22 0 0.93258229 0.50535952 0.76368269 0.50813046 0.42931778 1.687814083462e+00 1.121784180690e-04 9.725711579950e-01 2.238113876535e-05 3.573916194957e-05
14 23 0 0.93258229 0.50535952 0.76368269 0.50813046 0.42931778 1.718913958900e+00 1.091560328136e-04 8.908046725546e-01 2.433414934214e-05 2.665236284390e-05
14 24 0 0.93258229 0.50535952 0.76368269 0.50813046 0.42931778 1.634903737597e+00 1.070384623612e-04 9.324405352815e-01 2.304336187793e-05 1.524783038511e-05
14 25 0 0.93258229 0.50535952 0.76368269 0.50813046 0.42931778 1.620823834396e+00 9.458560627650e-05 9.368135947139e-01 1.910346741325e-05 7.703636737657e-06
14 26 0 0.93258229 0.50535952 0.76368269 0.50813046 0.42931778 1.588543302886e+00 6.026113803423e-05 7.827691543390e-01 8.971976142857e-06 4.784736584393e-06
14 27 0 0.93258229 0.50535952 0.76368269 0.50813046 0.42931778 1.562562214620e+00 2.542743209206e-05 7.942450149626e-01 1.324236049304e-06 7.789475755818e-06
14 28 0 0.93258229 0.50535952 0.76368269 0.50813046 0.42931778 1.573070211933e+00 8.292582571385e-06 8.821730989822e-01 5.863776699906e-06 1.781029444480e-05
14 29 0 0.93258229 0.50535952 0.76368269 0.50813046 0.42931778 1.530804488491e+00 2.500994966657e-06 8.087242741646e-01 2.933154105101e-05 3.298547183018e-05
14 30 0 0.93258229 0.50535952 0.76368269 0.50813046 0.42931778 1.514649373578e+00 1.489642890447e-06 7.303335301509e-01 6.462688300718e-05 4.534709332428e-05
14 31 0 0.93258229 0.50535952 0.76368269 0.50813046 0.42931778 1.511192615226e+00 3.554338047456e-06 7.912920512658e-01 9.047033755357e-05 5.502052072853e-05
14 32 0 0.93258229 0.50535952 0.76368269 0.50813046 0.42931778 1.549717170724e+00 3.145146859968e-06 8.447098007076e-01 9.018291101291e-05 5.482805673551e-05
14 33 0 0.93258229 0.50535952 0.76368269 0.50813046 0.42931778 1.566481049719e+00 7.957136387308e-07 7.976773880824e-01 6.444369049946e-05 4.526934085193e-05
14 34 0 0.93258229 0.50535952 0.76368269 0.50813046 0.42931778 1.608933554920e+00 2.086389527829e-06 8.752621456108e-01 2.897889883067e-05 3.284863882378e-05
14 35 0 0.93258229 0.50535952 0.76368269 0.50813046 0.42931778 1.598664987030e+00 8.115722003454e-06 9.186216372619e-01 5.762818725729e-06 1.758790723985e-05
14 36 0 0.93258229 0.50535952 0.76368269 0.50813046 0.42931778 1.616223921773e+00 2.607115526766e-05 8.459899748190e-01 1.231013210935e-06 7.722921423790e-06
14 37 0 0.93258229 0.50535952 0.76368269 0.50813046 0.42931778 1.664820501648e+00 6.280371868860e-05 8.764052754809e-01 8.884548276193e-06 4.679951838441e-06
14 38 0 0.93258229 0.50535952 0.76368269 0.50813046 0.42931778 1.659769661446e+00 9.897981475681e-05 1.022955261596e+00 1.919459690961e-05 7.575437019626e-06
14 39 0 0.93258229 0.50535952 0.76368269 0.50813046 0.42931778 1.727947440297e+00 1.127309066571e-04 9.562617668378e-01 2.378290450414e-05 1.544375271483e-05
14 40 0 0.93258229 0.50535952 0.76368269 0.50813046 0.42931778 1.717252437810e+00 1.164710188194e-04 8.674148946506e-01 2.567038314499e-05 2.734640428917e-05
14 41 0 0.93258229 0.50535952 0.76368269 0.50813046 0.42931778 1.750334336369e+00 1.207007066259e-04 9.640119855942e-01 2.415269121831e-05 3.714711349360e-05
14 42 0 0.93258229 0.50535952 0.76368269 0.50813046 0.42931778 1.820430909704e+00 1.027047352676e-04 9.973457634875e-01 1.895221356113e-05 4.755639260944e-05
14 43 0 0.93258229 0.50535952 0.76368269 0.50813046 0.42931778 1.850519166740e+00 5.967228678690e-05 9.253448293359e-01 1.395439388637e-05 5.275208809148e-05
14 44 0 0.93258229 0.50535952 0.76368269 0.50813046 0.42931778 1.943403432436e+00 2.935674308727e-05 9.884906134563e-01 1.307680353845e-05 5.075586806772e-05
14 45 0 0.93258229 0.50535952 0.76368269 0.50813046 0.42931778 2.002620332280e+00 2.513954936527e-05 1.097464759592e+00 2.394971593180e-05 4.478889174591e-05
14 46 0 0.93258229 0.50535952 0.76368269 0.50813046 0.42931778 2.057895688292e+00 2.576378385762e-05 1.020365042837e+00 4.113164824645e-05 3.041843847635e-05
14 47 0 0.93258229 0.50535952 0.76368269 0.50813046 0.42931778 2.155602746347e+00 3.246098622280e-05 1.062070989088e+00 4.840825857159e-05 1.756952275817e-05
14 48 0 0.93258229 0.50535952 0.76368269 0.50813046 0.42931778 2.246987002166e+00 5.655877778082e-05 1.255216380384e+00 3.899767244140e-05 1.032219219656e-05
14 49 0 0.93258229 0.50535952 0.76368269 0.50813046 0.42931778 2.283691196966e+00 7.497782126178e-05 1.269529024685e+00 1.544827568663e-05 1.223075369380e-05
14 50 0 0.93258229 0.50535952 0.76368269 0.50813046 0.42931778 2.377666122514e+00 6.601840459967e-05 1.210367039449e+00 4.897792873495e-06 2.588912759704e-05
14 51 0 0.93258229 0.50535952 0.76368269 0.50813046 0.42931778 2.423754290341e+00 4.701752702127e-05 1.369131301240e+00 2.480671289770e-05 4.875106637495e-05
14 52 0 0.93258229 0.50535952 0.76368269 0.50813046 0.42931778 2.489850700944e+00 3.899132856982e-05 1.452881295916e+00 6.996405368371e-05 6.766426762929e-05
14 53 0 0.93258229 0.50535952 0.76368269 0.50813046 0.42931778 2.676268734807e+00 4.364395278785e-05 1.352612408464e+00 1.172353869133e-04 8.221314293729e-05
14 54 0 0.93258229 0.50535952 0.76368269 0.50813046 0.42931778 2.699296371170e+00 5.731446157384e-05 1.466691823463e+00 1.346201824634e-04 8.352482753211e-05
14 55 0 0.93258229 0.50535952 0.76368269 0.50813046 0.42931778 2.811829603896e+00 6.896103907762e-05 1.630251512925e+00 1.171000157135e-04 7.019936828214e-05
14 56 0 0.93258229 0.50535952 0.76368269 0.50813046 0.42931778 2.938795195939e+00 7.114370707654e-05 1.502413949998e+00 7.803574102607e-05 5.382117953321e-05
14 57 0 0.93258229 0.50535952 0.76368269 0.50813046 0.42931778 2.999176424001e+00 7.706832163001e-05 1.481658262359e+00 3.652995006485e-05 3.127708880311e-05
14 58 0 0.93258229 0.50535952 0.76368269 0.50813046 0.42931778 3.236975198573e+00 8.353061980044e-05 1.779914784058e+00 1.025341575177e-05 1.477453116290e-05
14 59 0 0.93258229 0.50535952 0.76368269 0.50813046 0.42931778 3.334272753446e+00 6.274141751276e-05 1.800645235903e+00 1.319471063062e-07 5.856772244480e-06
14 60 0 0.93258229 0.50535952 0.76368269 0.50813046 0.42931778 3.393700829962e+00 3.290405264591e-05 1.665989602682e+00 7.769778284195e-06 5.921085800270e-06
14 61 0 0.93258229 0.50535952 0.76368269 0.50813046 0.42931778 3.550894242054e+00 4.548967890670e-05 1.882323404094e+00 3.104948489462e-05 1.754966514292e-05
14 62 0 0.93258229 0.50535952 0.76368269 0.50813046 0.42931778 3.666969178540e+00 8.956669044428e-05 2.086955113846e+00 5.445172959894e-05 4.255120126307e-05
14 63 0 0.93258229 0.50535952 0.76368269 0.50813046 0.42931778 3.808138764297e+00 1.294514664945e-04 1.965441595432e+00 6.611826891586e-05 7.056955082876e-05
25 0 0 0.65135173 0.47323601 0.62610344 0.42742030 0.36298643 7.916312470492e-01 2.836800592098e-05 8.155806235355e-01 4.036186872167e-04 2.890182921979e-04
25 1 0 0.65135173 0.47323601 0.62610344 0.42742030 0.36298643 1.042452412517e+00 5.384537127121e-05 7.624147482800e-01 4.349533551453e-04 3.174065362195e-04
25 2 0 0.65135173 0.47323601 0.62610344 0.42742030 0.36298643 7.964888280290e-01 6.521582597166e-05 7.636181563850e-01 6.748270959569e-04 2.798457168179e-04
25 3 0 0.65135173 0.47323601 0.62610344 0.42742030 0.36298643 7.755186462324e-01 2.216462494544e-05 7.650115178365e-01 5.652833543850e-04 2.593938945455e-04
25 4 0 0.65135173 0.47323601 0.62610344 0.42742030 0.36298643 9.763314891595e-01 2.062707079594e-05 7.616253442979e-01 4.708733000258e-04 2.431229385081e-04
25 5 0 0.65135173 0.47323601 0.62610344 0.42742030 0.36298643 6.846889748934e-01 3.140139685905e-05 7.233618235360e-01 4.086633256531e-04 1.871399495943e-04
25 6 0 0.65135173 0.47323601 0.62610344 0.42742030 0.36298643 8.021784469314e-01 9.057467065883e-06 6.554479535299e-01 2.123107933160e-04 8.261809930315e-05
25 7 0 0.65135173 0.47323601 0.62610344 0.42742030 0.36298643 8.058476249139e-01 3.203158310794e-07 6.014263310702e-01 2.284324130560e-04 4.231605786969e-05
25 8 0 0.65135173 0.47323601 0.62610344 0.42742030 0.36298643 5.693271403108e-01 1.017537575357e-06 5.901567239686e-01 2.925062135989e-04 1.488856603751e-04
25 9 0 0.65135173 0.47323601 0.62610344 0.42742030 0.36298643 7.558387999978e-01 8.737161660784e-06 5.766455267052e-01 2.184772356032e-04 2.312076962208e-04
25 10 0 0.65135173 0.47323601 0.62610344 0.42742030 0.36298643 6.613224978186e-01 2.506478533368e-05 5.886764623844e-01 1.228372016660e-04 1.437237586120e-04
25 11 0 0.65135173 0.47323601 0.62610344 0.42742030 0.36298643 5.519521474654e-01 1.295879784093e-05 5.777898837173e-01 3.496165906706e-05 2.411813749984e-05
25 12 0 0.65135173 0.47323601 0.62610344 0.42742030 0.36298643 7.183299413385e-01 1.400547611052e-05 5.318282983844e-01 1.092897751523e-04 5.399422471065e-06
25 13 0 0.65135173 0.47323601 0.62610344 0.42742030 0.36298643 5.199321545010e-01 4.609042859230e-05 4.929425094370e-01 2.022662444817e-04 5.039793346436e-05
25 14 0 0.65135173 0.47323601 0.62610344 0.42742030 0.36298643 5.563900803615e-01 3.383589598424e-05 4.593923459725e-01 1.230404656124e-04 1.042076051220e-04
25 15 0 0.65135173 0.47323601 0.62610344 0.42742030 0.36298643 6.331300534950e-01 9.694703171516e-06 4.481043050884e-01 1.357319751547e-04 1.224915687671e-04
25 16 0 0.65135173 0.47323601 0.62610344 0.42742030 0.36298643 4.530198402919e-01 2.994651942639e-05 4.560967056803e-01 7.631061112039e-05 8.695216506690e-05
25 17 0 0.65135173 0.47323601 0.62610344 0.42742030 0.36298643 5.593057570370e-01 3.021322006607e-05 4.675673463232e-01 2.562346035218e-04 5.201533514378e-05
25 18 0 0.65135173 0.47323601 0.62610344 0.42742030 0.36298643 5.164193735515e-01 4.360983788284e-06 4.445804889886e-01 3.906804695666e-04 5.420384094657e-05
25 19 0 0.65135173 0.47323601 0.62610344 0.42742030 0.36298643 4.034503989390e-01 7.416959774111e-06 4.223349799075e-01 2.535020411082e-04 8.667636186897e-05
25 20 0 0.65135173 0.47323601 0.62610344 0.42742030 0.36298643 5.560222540214e-01 1.503506238473e-05 3.912590314220e-01 2.480848205339e-04 1.426752916017e-04
25 21 0 0.65135173 0.47323601 0.62610344 0.42742030 0.36298643 4.454731023967e-01 5.571430481402e-06 3.810573466553e-01 2.280341841975e-04 1.781341822103e-04
25 22 0 0.65135173 0.47323601 0.62610344 0.42742030 0.36298643 4.331456936697e-01 4.223851408451e-07 3.701866350278e-01 2.197759884584e-04 1.605905313616e-04
25 23 0 0.65135173 0.47323601 0.62610344 0.42742030 0.36298643 5.309097576939e-01 3.226805489306e-06 3.823249496046e-01 2.839286907828e-04 1.293384841436e-04
25 24 0 0.65135173 0.47323601 0.62610344 0.42742030 0.36298643 3.865904244518e-01 1.016228818957e-05 3.851922368690e-01 3.215473377339e-04 1.035023573052e-04
25 25 0 0.65135173 0.47323601 0.62610344 0.42742030 0.36298643 4.543558503416e-01 9.614671892827e-06 3.804617116693e-01 2.640958760726e-04 6.772412427984e-05
25 26 0 0.65135173 0.47323601 0.62610344 0.42742030 0.36298643 4.838487970542e-01 6.457245582228e-07 3.630155231465e-01 1.172941046177e-04 4.122850200681e-05
25 27 0 0.65135173 0.47323601 0.62610344 0.42742030 0.36298643 3.611997597844e-01 1.067946178563e-05 3.521794485388e-01 9.662375082828e-05 4.435783583583e-05
25 28 0 0.65135173 0.47323601 0.62610344 0.42742030 0.36298643 4.663697857781e-01 2.497712145257e-05 3.473249827175e-01 1.343755651822e-04 7.582398664563e-05
25 29 0 0.65135173 0.47323601 0.62610344 0.42742030 0.36298643 4.055387157044e-01 1.136494986052e-05 3.549112122897e-01 1.014583567279e-04 1.097402436762e-04
25 30 0 0.65135173 0.47323601 0.62610344 0.42742030 0.36298643 3.615605298242e-01 5.253883765723e-06 3.676899591574e-01 1.713122777031e-04 8.375032688688e-05
25 31 0 0.65135173 0.47323601 0.62610344 0.42742030 0.36298643 4.620754486018e-01 2.583287591773e-05 3.531512086608e-01 4.711822403011e-05 1.439106878007e-05
25 32 0 0.65135173 0.47323601 0.62610344 0.42742030 0.36298643 3.744986027389e-01 2.506927421017e-05 3.651850111158e-01 4.853662051076e-05 1.492699475502e-05
25 33 0 0.65135173 0.47323601 0.62610344 0.42742030 0.36298643 4.228424638537e-01 4.618570160550e-06 3.575987431015e-01 1.721868005362e-04 8.446015420273e-05
25 34 0 0.65135173 0.47323601 0.62610344 0.42742030 0.36298643 4.899307899968e-01 1.091091225842e-05 3.596472872888e-01 1.023652191760e-04 1.101137857635e-04
25 35 0 0.65135173 0.47323601 0.62610344 0.42742030 0.36298643 3.854355938119e-01 2.364089278907e-05 3.688703149510e-01 1.361447047891e-04 7.659341424198e-05
25 36 0 0.65135173 0.47323601 0.62610344 0.42742030 0.36298643 4.917279915027e-01 1.013538015900e-05 3.932323203731e-01 9.931121263155e-05 4.539048966934e-05
25 37 0 0.65135173 0.47323601 0.62610344 0.42742030 0.36298643 4.712052104785e-01 4.476354182547e-07 3.958522713547e-01 1.216445844888e-04 4.272480106737e-05
25 38 0 0.65135173 0.47323601 0.62610344 0.42742030 0.36298643 3.990680954547e-01 9.243307393482e-06 4.044220497400e-01 2.705351460983e-04 7.067471112495e-05
25 39 0 0.65135173 0.47323601 0.62610344 0.42742030 0.36298643 5.305042936723e-01 1.093401556248e-05 3.921722602050e-01 3.327542169350e-04 1.070671929934e-04
25 40 0 0.65135173 0.47323601 0.62610344 0.42742030 0.36298643 4.536079146000e-01 3.609226238889e-06 3.994533807691e-01 2.975526377773e-04 1.333223276390e-04
25 41 0 0.65135173 0.47323601 0.62610344 0.42742030 0.36298643 4.517284002507e-01 3.263032600384e-07 4.179347118865e-01 2.310886181239e-04 1.677155159120e-04
25 42 0 0.65135173 0.47323601 0.62610344 0.42742030 0.36298643 5.599254976643e-01 6.682855540352e-06 4.492389631746e-01 2.389522417428e-04 1.883955218064e-04
25 43 0 0.65135173 0.47323601 0.62610344 0.42742030 0.36298643 4.435910495500e-01 1.541684215387e-05 4.749226447769e-01 2.599110519137e-04 1.517936466465e-04
25 44 0 0.65135173 0.47323601 0.62610344 0.42742030 0.36298643 5.348358544149e-01 6.746852138375e-06 4.923083369152e-01 2.682523503820e-04 9.184373118709e-05
25 45 0 0.65135173 0.47323601 0.62610344 0.42742030 0.36298643 6.066228357201e-01 4.579787577653e-06 4.998798248328e-01 4.178310605275e-04 5.632704738294e-05
25 46 0 0.65135173 0.47323601 0.62610344 0.42742030 0.36298643 5.076277157766e-01 3.063559190686e-05 4.908135826644e-01 2.716418947096e-04 5.505490778322e-05
25 47 0 0.65135173 0.47323601 0.62610344 0.42742030 0.36298643 6.498546425913e-01 3.000796072766e-05 4.963457514280e-01 8.064637529500e-05 9.424399062694e-05
25 48 0 0.65135173 0.47323601 0.62610344 0.42742030 0.36298643 6.162376413980e-01 9.607755928650e-06 5.280327293513e-01 1.448219074260e-04 1.313844273741e-04
25 49 0 0.65135173 0.47323601 0.62610344 0.42742030 0.36298643 5.664405239440e-01 3.436654231335e-05 5.831464010561e-01 1.327734156903e-04 1.104292518685e-04
25 50 0 0.65135173 0.47323601 0.62610344 0.42742030 0.36298643 7.438727794856e-01 4.817581387761e-05 6.147429531974e-01 2.162932147935e-04 5.343601466104e-05
25 51 0 0.65135173 0.47323601 0.62610344 0.42742030 0.36298643 6.438997990419e-01 1.537315448843e-05 6.466294496112e-01 1.154184180496e-04 5.717172308097e-06
25 52 0 0.65135173 0.47323601 0.62610344 0.42742030 0.36298643 6.854187350631e-01 1.341478325558e-05 6.455951556385e-01 3.799056669772e-05 2.627677631009e-05
25 53 0 0.65135173 0.47323601 0.62610344 0.42742030 0.36298643 8.170487993889e-01 2.728127334611e-05 6.343604918826e-01 1.325210915770e-04 1.549208787909e-04
25 54 0 0.65135173 0.47323601 0.62610344 0.42742030 0.36298643 6.668238146806e-01 1.041982912540e-05 6.640407649819e-01 2.337224710052e-04 2.464883721310e-04
25 55 0 0.65135173 0.47323601 0.62610344 0.42742030 0.36298643 8.391230896372e-01 7.670873693418e-07 7.093434895248e-01 3.119601354735e-04 1.571181566714e-04
25 56 0 0.65135173 0.47323601 0.62610344 0.42742030 0.36298643 9.006398264766e-01 4.685670488193e-07 7.645114373774e-01 2.471129341532e-04 4.590611083272e-05
25 57 0 0.65135173 0.47323601 0.62610344 0.42742030 0.36298643 7.648072613428e-01 8.768879093600e-06 8.264181527242e-01 2.283133420907e-04 9.005306529801e-05
25 58 0 0.65135173 0.47323601 0.62610344 0.42742030 0.36298643 9.768691972568e-01 3.078108679278e-05 8.428763863337e-01 4.397010503426e-04 1.996196834543e-04
25 59 0 0.65135173 0.47323601 0.62610344 0.42742030 0.36298643 8.985419051180e-01 2.062885056608e-05 8.286219679304e-01 5.027784322402e-04 2.592165028735e-04
25 60 0 0.65135173 0.47323601 0.62610344 0.42742030 0.36298643 8.467725364363e-01 2.165562626712e-05 8.386896874959e-01 6.089182184361e-04 2.779766576821e-04
25 61 0 0.65135173 0.47323601 0.62610344 0.42742030 0.36298643 1.120774076233e+00 6.659772064307e-05 8.711314385916e-01 7.285218625656e-04 3.014179919842e-04
25 62 0 0.65135173 0.47323601 0.62610344 0.42742030 0.36298643 9.642155167967e-01 5.713167627207e-05 9.455996658228e-01 4.659046954975e-04 3.432780918528e-04
25 63 0 0.65135173 0.47323601 0.62610344 0.42742030 0.36298643 1.066861599389e+00 3.048364972560e-05 1.039323032746e+00 4.327389101273e-04 3.115380566049e-04
26 0 0 1.07950238 0.57223945 0.91325656 0.56078856 0.46109323 6.781754186229e+00 7.466903971228e-05 3.775922471799e+00 3.769429306782e-05 7.130737729132e-05
26 1 0 1.07950238 0.57223945 0.91325656 0.56078856 0.46109323 6.717370280587e+00 7.725572118297e-05 4.025338131630e+00 1.709321763922e-05 4.286464813468e-05
26 2 0 1.07950238 0.57223945 0.91325656 0.56078856 0.46109323 6.161027584256e+00 3.096608836489e-05 3.575152464709e+00 4.443014784173e-05 1.888559859618e-05
26 3 0 1.07950238 0.57223945 0.91325656 0.56078856 0.46109323 6.105147610919e+00 2.906424673784e-05 3.459027634666e+00 3.866482733828e-05 4.307229190958e-06
26 4 0 1.07950238 0.57223945 0.91325656 0.56078856 0.46109323 5.984406510076e+00 2.763393596567e-05 3.599207179856e+00 4.596882249786e-06 3.866565813880e-07
26 5 0 1.07950238 0.57223945 0.91325656 0.56078856 0.46109323 5.592053280170e+00 5.603965837000e-07 3.112373327060e+00 2.009725518915e-05 6.622193170343e-06
26 6 0 1.07950238 0.57223945 0.91325656 0.56078856 0.46109323 5.538411911564e+00 2.386543777226e-05 2.969742876223e+00 5.164734503692e-05 2.185728771060e-05
26 7 0 1.07950238 0.57223945 0.91325656 0.56078856 0.46109323 5.326679252017e+00 3.177850663656e-05 3.148545558111e+00 7.107033687698e-05 4.365074277327e-05
26 8 0 1.07950238 0.57223945 0.91325656 0.56078856 0.46109323 5.015504045357e+00 6.449248611086e-05 2.742405009819e+00 1.079283656997e-04 6.707109084465e-05
26 9 0 1.07950238 0.57223945 0.91325656 0.56078856 0.46109323 5.086250844650e+00 1.646116540371e-04 2.532795207174e+00 1.578131172202e-04 8.491371990478e-05
26 10 0 1.07950238 0.57223945 0.91325656 0.56078856 0.46109323 4.821733443391e+00 1.657366996323e-04 2.697059510408e+00 1.784326911651e-04 9.024593770567e-05
26 11 0 1.07950238 0.57223945 0.91325656 0.56078856 0.46109323 4.568033259841e+00 1.673843013052e-04 2.456691097409e+00 1.271868109182e-04 8.010308794060e-05
26 12 0 1.07950238 0.57223945 0.91325656 0.56078856 0.46109323 4.607052201582e+00 2.408490040431e-04 2.384908150954e+00 4.140348827514e-05 5.784043596964e-05
26 13 0 1.07950238 0.57223945 0.91325656 0.56078856 0.46109323 4.218370255735e+00 1.812451980765e-04 2.551275020395e+00 6.548838875191e-06 3.221905739372e-05
26 14 0 1.07950238 0.57223945 0.91325656 0.56078856 0.46109323 4.136524536491e+00 1.069878963409e-04 2.322168204737e+00 1.478610023143e-05 1.339973399262e-05
26 15 0 1.07950238 0.57223945 0.91325656 0.56078856 0.46109323 4.129360851384e+00 1.145128410033e-04 2.138027284890e+00 3.907492764851e-05 8.095897196711e-06
26 16 0 1.07950238 0.57223945 0.91325656 0.56078856 0.46109323 3.782216495222e+00 5.214720739142e-05 2.305039084580e+00 9.325484970636e-05 1.668990417479e-05
26 17 0 1.07950238 0.57223945 0.91325656 0.56078856 0.46109323 3.820747335580e+00 1.992955966967e-05 2.150978297168e+00 1.131139452534e-04 3.379670365624e-05
26 18 0 1.07950238 0.57223945 0.91325656 0.56078856 0.46109323 3.694703696174e+00 4.244575398480e-05 1.981683097586e+00 5.740297948141e-05 5.156725220268e-05
26 19 0 1.07950238 0.57223945 0.91325656 0.56078856 0.46109323 3.457803381801e+00 2.712005610166e-05 2.106766322675e+00 1.725232984942e-05 6.350471121956e-05
26 20 0 1.07950238 0.57223945 0.91325656 0.56078856 0.46109323 3.617628616543e+00 7.353572966000e-05 1.919491007774e+00 2.784744023638e-05 6.666092289607e-05
26 21 0 1.07950238 0.57223945 0.91325656 0.56078856 0.46109323 3.443951306787e+00 1.136742575154e-04 1.779944484284e+00 2.955196258512e-05 6.151412109974e-05
26 22 0 1.07950238 0.57223945 0.91325656 0.56078856 0.46109323 3.371389236367e+00 8.130509088619e-05 1.980286717305e+00 1.917163773229e-05 5.042848022848e-05
26 23 0 1.07950238 0.57223945 0.91325656 0.56078856 0.46109323 3.443359357246e+00 1.082653690619e-04 1.924792924387e+00 2.452474094633e-05 3.622570134915e-05
26 24 0 1.07950238 0.57223945 0.91325656 0.56078856 0.46109323 3.179734469838e+00 1.208466487504e-04 1.730666854057e+00 3.684587340357e-05 2.177311092982e-05
26 25 0 1.07950238 0.57223945 0.91325656 0.56078856 0.46109323 3.218806710260e+00 5.843399626910e-05 1.843170289474e+00 3.481540224119e-05 1.029091078673e-05
26 26 0 1.07950238 0.57223945 0.91325656 0.56078856 0.46109323 3.199474308320e+00 4.056236883979e-05 1.735517366483e+00 1.357933294494e-05 5.342072441937e-06
26 27 0 1.07950238 0.57223945 0.91325656 0.56078856 0.46109323 3.074667329583e+00 4.303922910630e-05 1.608318594805e+00 1.699955099492e-07 9.773145553346e-06
26 28 0 1.07950238 0.57223945 0.91325656 0.56078856 0.46109323 3.151116126521e+00 1.582421113191e-05 1.756824987402e+00 7.556037342642e-06 2.393380954841e-05
26 29 0 1.07950238 0.57223945 0.91325656 0.56078856 0.46109323 3.058734358044e+00 1.076264575930e-06 1.699407018022e+00 2.590812416307e-05 4.442326049865e-05
26 30 0 1.07950238 0.57223945 0.91325656 0.56078856 0.46109323 2.977941506196e+00 3.368136152850e-06 1.511700020237e+00 8.364872310275e-05 6.460004331542e-05
26 31 0 1.07950238 0.57223945 0.91325656 0.56078856 0.46109323 3.064161191288e+00 8.444854944043e-06 1.619489127765e+00 1.635253914293e-04 7.706532558342e-05
26 32 0 1.07950238 0.57223945 0.91325656 0.56078856 0.46109323 3.056616247014e+00 7.220786379556e-06 1.712220371887e+00 1.630601352275e-04 7.698230267676e-05
26 33 0 1.07950238 0.57223945 0.91325656 0.56078856 0.46109323 3.114240458763e+00 2.286952252324e-06 1.629665445619e+00 8.299140105739e-05 6.439423985904e-05
26 34 0 1.07950238 0.57223945 0.91325656 0.56078856 0.46109323 3.251372116583e+00 5.251454540357e-07 1.821297704040e+00 2.574947114172e-05 4.418875459190e-05
26 35 0 1.07950238 0.57223945 0.91325656 0.56078856 0.46109323 3.163628682359e+00 1.415423844250e-05 1.825689569419e+00 7.578306270975e-06 2.373915596454e-05
26 36 0 1.07950238 0.57223945 0.91325656 0.56078856 0.46109323 3.262069979716e+00 4.325731974076e-05 1.680703654738e+00 1.211422027162e-07 9.615118540494e-06
26 37 0 1.07950238 0.57223945 0.91325656 0.56078856 0.46109323 3.341734881091e+00 4.257160206737e-05 1.852192490144e+00 1.336612116736e-05 5.186908833454e-06
26 38 0 1.07950238 0.57223945 0.91325656 0.56078856 0.46109323 3.279851494093e+00 6.156292099891e-05 1.973739012279e+00 3.489893519427e-05 1.019501059919e-05
26 39 0 1.07950238 0.57223945 0.91325656 0.56078856 0.46109323 3.506325305255e+00 1.286247256926e-04 1.797509738333e+00 3.807889421162e-05 2.199710813224e-05
26 40 0 1.07950238 0.57223945 0.91325656 0.56078856 0.46109323 3.508230853420e+00 1.174502833635e-04 1.916288597336e+00 2.616222796141e-05 3.722548882115e-05
26 41 0 1.07950238 0.57223945 0.91325656 0.56078856 0.46109323 3.496931963256e+00 8.963154287361e-05 1.978961799837e+00 2.048553364909e-05 5.266478230082e-05
26 42 0 1.07950238 0.57223945 0.91325656 0.56078856 0.46109323 3.723339365707e+00 1.248883600899e-04 1.834859520916e+00 3.124510516744e-05 6.514995927395e-05
26 43 0 1.07950238 0.57223945 0.91325656 0.56078856 0.46109323 3.640514178790e+00 8.260741771117e-05 2.079012794861e+00 2.879455306199e-05 7.133188254737e-05
26 44 0 1.07950238 0.57223945 0.91325656 0.56078856 0.46109323 3.818611823028e+00 3.140052252496e-05 2.239441538411e+00 1.760732396951e-05 6.835335787618e-05
26 45 0 1.07950238 0.57223945 0.91325656 0.56078856 0.46109323 4.128956189964e+00 4.675173168948e-05 2.085470893590e+00 6.197186789260e-05 5.559456751679e-05
26 46 0 1.07950238 0.57223945 0.91325656 0.56078856 0.46109323 4.051175631295e+00 2.174492760942e-05 2.200248205981e+00 1.220568261050e-04 3.637122077779e-05
26 47 0 1.07950238 0.57223945 0.91325656 0.56078856 0.46109323 4.379432429469e+00 5.257500617008e-05 2.409571915995e+00 1.002445881108e-04 1.791518490685e-05
26 48 0 1.07950238 0.57223945 0.91325656 0.56078856 0.46109323 4.510309673311e+00 1.180182912763e-04 2.256438694383e+00 4.208094822530e-05 8.787753405109e-06
26 49 0 1.07950238 0.57223945 0.91325656 0.56078856 0.46109323 4.499986885318e+00 1.109015147573e-04 2.434934687671e+00 1.579538139085e-05 1.465755422973e-05
26 50 0 1.07950238 0.57223945 0.91325656 0.56078856 0.46109323 4.951576589081e+00 1.886102148845e-04 2.662681814952e+00 7.044899294644e-06 3.484124688224e-05
26 51 0 1.07950238 0.57223945 0.91325656 0.56078856 0.46109323 4.970328394704e+00 2.531698440294e-04 2.454632775708e+00 4.467503512375e-05 6.194072196102e-05
26 52 0 1.07950238 0.57223945 0.91325656 0.56078856 0.46109323 5.090992806139e+00 1.777129621666e-04 2.619233004984e+00 1.354941520885e-04 8.514478336260e-05
26 53 0 1.07950238 0.57223945 0.91325656 0.56078856 0.46109323 5.423772859179e+00 1.756759058189e-04 2.987730152640e+00 1.897357340536e-04 9.542057260303e-05
26 54 0 1.07950238 0.57223945 0.91325656 0.56078856 0.46109323 5.419032015842e+00 1.759236254066e-04 2.902913487750e+00 1.682651492552e-04 8.956530949459e-05
26 55 0 1.07950238 0.57223945 0.91325656 0.56078856 0.46109323 5.669926203119e+00 7.083501740127e-05 3.107201267184e+00 1.147494393338e-04 7.087969103824e-05
26 56 0 1.07950238 0.57223945 0.91325656 0.56078856 0.46109323 6.027854935940e+00 3.357022096692e-05 3.479615265697e+00 7.611020080307e-05 4.652431731965e-05
26 57 0 1.07950238 0.57223945 0.91325656 0.56078856 0.46109323 6.078416151798e+00 2.535734024632e-05 3.249691569933e+00 5.698886818803e-05 2.374084285158e-05
26 58 0 1.07950238 0.57223945 0.91325656 0.56078856 0.46109323 6.448445772896e+00 1.271358028102e-07 3.451683061510e+00 2.235795779789e-05 7.492322698492e-06
26 59 0 1.07950238 0.57223945 0.91325656 0.56078856 0.46109323 6.746676570289e+00 2.425679407668e-05 3.883184510531e+00 4.571545978353e-06 4.970739022265e-07
26 60 0 1.07950238 0.57223945 0.91325656 0.56078856 0.46109323 6.787649314025e+00 2.580730308037e-05 3.642194948875e+00 4.148862970500e-05 4.454961456238e-06
26 61 0 1.07950238 0.57223945 0.91325656 0.56078856 0.46109323 7.362948187578e+00 2.797057849389e-05 3.678451185206e+00 4.769026672956e-05 2.034841557255e-05
26 62 0 1.07950238 0.57223945 0.91325656 0.56078856 0.46109323 7.565841420879e+00 7.348839794778e-05 4.118286717579e+00 1.887690909343e-05 4.686164775371e-05
26 63 0 1.07950238 0.57223945 0.91325656 0.56078856 0.46109323 7.759529989247e+00 7.322724236299e-05 3.929415151641e+00 4.108327346881e-05 7.823200819285e-05
27 0 0 1.67863782 0.71758073 1.41960572 0.71668145 0.55639379 4.137444092015e+01 1.564272358988e-04 2.161715784455e+01 8.002731389458e-05 4.089944650032e-05
27 1 0 1.67863782 0.71758073 1.41960572 0.71668145 0.55639379 3.986834287696e+01 5.397171110013e-05 2.111768588222e+01 1.703338563396e-04 1.893364961747e-05
27 2 0 1.67863782 0.71758073 1.41960572 0.71668145 0.55639379 3.845187186191e+01 3.599391147068e-05 2.069657384056e+01 2.398079633538e-04 1.018847607139e-05
27 3 0 1.67863782 0.71758073 1.41960572 0.71668145 0.55639379 3.749318622857e+01 4.245381807650e-05 1.988581063564e+01 1.406753133576e-04 7.956994896655e-06
27 4 0 1.67863782 0.71758073 1.41960572 0.71668145 0.55639379 3.594324503533e+01 1.668414718283e-05 1.910083257805e+01 4.924298276360e-05 7.037042516934e-06
27 5 0 1.67863782 0.71758073 1.41960572 0.71668145 0.55639379 3.461506074627e+01 1.091394968279e-04 1.828698803386e+01 5.070975353367e-05 7.755438074815e-06
27 6 0 1.67863782 0.71758073 1.41960572 0.71668145 0.55639379 3.353769117981e+01 1.816010260916e-04 1.755638374783e+01 3.924825599083e-05 1.460073178630e-05
27 7 0 1.67863782 0.71758073 1.41960572 0.71668145 0.55639379 3.202423366135e+01 2.170265654217e-04 1.687911024797e+01 2.726376268655e-05 3.108835587858e-05
27 8 0 1.67863782 0.71758073 1.41960572 0.71668145 0.55639379 3.114935771771e+01 4.037533390810e-04 1.613157661550e+01 6.907375507843e-05 5.511444537519e-05
27 9 0 1.67863782 0.71758073 1.41960572 0.71668145 0.55639379 2.972501909338e+01 5.086858902573e-04 1.543382568068e+01 1.233699892236e-04 7.844730918945e-05
27 10 0 1.67863782 0.71758073 1.41960572 0.71668145 0.55639379 2.830020632111e+01 4.578280754866e-04 1.505616253146e+01 1.151026484448e-04 9.084883548015e-05
27 11 0 1.67863782 0.71758073 1.41960572 0.71668145 0.55639379 2.760001833158e+01 4.993918674723e-04 1.474919020761e+01 3.722919009989e-05 8.601805992417e-05
27 12 0 1.67863782 0.71758073 1.41960572 0.71668145 0.55639379 2.636945021510e+01 5.325796738803e-04 1.436016525766e+01 7.232002842186e-06 6.540163030919e-05
27 13 0 1.67863782 0.71758073 1.41960572 0.71668145 0.55639379 2.557983350698e+01 3.101721604401e-04 1.375035002430e+01 6.818418565408e-05 3.752422842480e-05
27 14 0 1.67863782 0.71758073 1.41960572 0.71668145 0.55639379 2.467432159983e+01 2.629552413084e-04 1.324807821238e+01 1.000302976097e-04 1.351340700763e-05
27 15 0 1.67863782 0.71758073 1.41960572 0.71668145 0.55639379 2.355286838609e+01 1.958791847952e-04 1.294900107356e+01 1.001542216769e-04 1.763068390839e-06
27 16 0 1.67863782 0.71758073 1.41960572 0.71668145 0.55639379 2.306605696968e+01 9.185686601752e-05 1.260627087418e+01 1.391335283926e-04 4.788064113802e-06
27 17 0 1.67863782 0.71758073 1.41960572 0.71668145 0.55639379 2.248622582784e+01 8.963561906958e-05 1.218233023648e+01 1.252356196297e-04 1.949430671915e-05
27 18 0 1.67863782 0.71758073 1.41960572 0.71668145 0.55639379 2.199434803936e+01 1.309068634780e-04 1.166443554277e+01 3.442700888948e-05 3.982849571855e-05
27 19 0 1.67863782 0.71758073 1.41960572 0.71668145 0.55639379 2.161652517090e+01 1.151646012179e-04 1.135974498903e+01 3.944835756895e-06 5.965699772820e-05
27 20 0 1.67863782 0.71758073 1.41960572 0.71668145 0.55639379 2.105278700675e+01 2.412397404022e-04 1.100152749469e+01 4.141535001028e-05 7.429535486214e-05
27 21 0 1.67863782 0.71758073 1.41960572 0.71668145 0.55639379 2.051219093732e+01 2.675097226659e-04 1.077128224792e+01 6.525046983767e-05 8.062909949998e-05
27 22 0 1.67863782 0.71758073 1.41960572 0.71668145 0.55639379 2.024556595087e+01 2.479029040987e-04 1.051875644754e+01 9.034506132366e-05 7.691456908689e-05
27 23 0 1.67863782 0.71758073 1.41960572 0.71668145 0.55639379 1.972500055320e+01 2.747840067889e-04 1.044120563607e+01 1.329389684163e-04 6.326918972342e-05
27 24 0 1.67863782 0.71758073 1.41960572 0.71668145 0.55639379 1.935132332360e+01 2.912143445487e-04 1.039509787610e+01 1.554285951877e-04 4.275860917146e-05
27 25 0 1.67863782 0.71758073 1.41960572 0.71668145 0.55639379 1.908126966491e+01 1.629229425887e-04 1.033118115187e+01 1.264447216988e-04 2.188917702359e-05
27 26 0 1.67863782 0.71758073 1.41960572 0.71668145 0.55639379 1.852016263316e+01 1.400175028264e-04 1.005654452364e+01 5.552292144976e-05 9.229835499933e-06
27 27 0 1.67863782 0.71758073 1.41960572 0.71668145 0.55639379 1.857757266746e+01 1.163597116814e-04 9.929770699314e+00 5.877994622205e-06 1.202643974442e-05
27 28 0 1.67863782 0.71758073 1.41960572 0.71668145 0.55639379 1.827434899737e+01 5.045070052967e-05 9.834367281965e+00 6.507745321097e-06 3.227009894589e-05
27 29 0 1.67863782 0.71758073 1.41960572 0.71668145 0.55639379 1.807996433217e+01 1.638447007974e-05 9.665351466307e+00 4.072026421764e-05 6.454938209067e-05
27 30 0 1.67863782 0.71758073 1.41960572 0.71668145 0.55639379 1.817328805371e+01 1.477285207722e-05 9.524814475591e+00 1.451922642468e-04 9.739580225232e-05
27 31 0 1.67863782 0.71758073 1.41960572 0.71668145 0.55639379 1.786938159662e+01 6.422000366662e-06 9.328142749364e+00 2.804506565425e-04 1.179601918966e-04
27 32 0 1.67863782 0.71758073 1.41960572 0.71668145 0.55639379 1.837896403287e+01 3.507327493011e-06 9.680005269875e+00 2.797302217190e-04 1.178515706276e-04
27 33 0 1.67863782 0.71758073 1.41960572 0.71668145 0.55639379 1.862247394144e+01 1.216111741541e-05 9.911259278405e+00 1.441192096184e-04 9.711072969164e-05
27 34 0 1.67863782 0.71758073 1.41960572 0.71668145 0.55639379 1.875494259886e+01 1.383702976892e-05 1.006869461065e+01 4.032237199707e-05 6.418244759351e-05
27 35 0 1.67863782 0.71758073 1.41960572 0.71668145 0.55639379 1.926568871869e+01 4.599610399838e-05 1.007717429783e+01 6.356660877737e-06 3.190960800683e-05
27 36 0 1.67863782 0.71758073 1.41960572 0.71668145 0.55639379 1.926546061351e+01 1.158416854293e-04 1.020465697838e+01 5.737300311902e-06 1.171652529887e-05
27 37 0 1.67863782 0.71758073 1.41960572 0.71668145 0.55639379 1.975665264784e+01 1.450216920120e-04 1.033640150408e+01 5.552095398443e-05 9.001171227920e-06
27 38 0 1.67863782 0.71758073 1.41960572 0.71668145 0.55639379 2.027557382494e+01 1.696673400553e-04 1.044871517325e+01 1.278411428585e-04 2.185390204734e-05
27 39 0 1.67863782 0.71758073 1.41960572 0.71668145 0.55639379 2.046310135743e+01 3.078333912634e-04 1.045408020008e+01 1.603544074775e-04 4.319858359688e-05
27 40 0 1.67863782 0.71758073 1.41960572 0.71668145 0.55639379 2.106148682372e+01 2.976501014905e-04 1.064905182774e+01 1.398692785262e-04 6.461502901706e-05
27 41 0 1.67863782 0.71758073 1.41960572 0.71668145 0.55639379 2.144069950316e+01 2.708035752654e-04 1.103053347377e+01 9.593818900369e-05 7.955884615819e-05
27 42 0 1.67863782 0.71758073 1.41960572 0.71668145 0.55639379 2.188236155229e+01 2.932438065356e-04 1.132959126295e+01 6.982230305384e-05 8.463483881150e-05
27 43 0 1.67863782 0.71758073 1.41960572 0.71668145 0.55639379 2.263962565571e+01 2.699673356787e-04 1.180586334682e+01 4.441733043335e-05 7.917977530056e-05
27 44 0 1.67863782 0.71758073 1.41960572 0.71668145 0.55639379 2.312028064398e+01 1.314214259827e-04 1.208917210742e+01 4.342238851341e-06 6.445030245500e-05
27 45 0 1.67863782 0.71758073 1.41960572 0.71668145 0.55639379 2.373723036114e+01 1.449850588776e-04 1.263473561862e+01 3.815960631822e-05 4.347464797697e-05
27 46 0 1.67863782 0.71758073 1.41960572 0.71668145 0.55639379 2.463316484401e+01 9.974764572365e-05 1.295195518850e+01 1.355613133126e-04 2.142989594898e-05
27 47 0 1.67863782 0.71758073 1.41960572 0.71668145 0.55639379 2.547672229461e+01 9.378580950681e-05 1.330997285987e+01 1.491966610266e-04 5.358247993827e-06
27 48 0 1.67863782 0.71758073 1.41960572 0.71668145 0.55639379 2.666717407627e+01 1.996139044390e-04 1.357322698070e+01 1.068237046355e-04 2.161725937729e-06
27 49 0 1.67863782 0.71758073 1.41960572 0.71668145 0.55639379 2.790601102120e+01 2.712990582634e-04 1.411217869682e+01 1.055410394868e-04 1.519657759924e-05
27 50 0 1.67863782 0.71758073 1.41960572 0.71668145 0.55639379 2.872016737015e+01 3.171974847156e-04 1.470597795393e+01 7.079319648778e-05 4.139560974707e-05
27 51 0 1.67863782 0.71758073 1.41960572 0.71668145 0.55639379 2.995872327367e+01 5.541292253985e-04 1.509037490690e+01 7.670218041214e-06 7.126438766709e-05
27 52 0 1.67863782 0.71758073 1.41960572 0.71668145 0.55639379 3.103168662714e+01 5.248727576539e-04 1.548407450647e+01 4.074324243131e-05 9.266133704630e-05
27 53 0 1.67863782 0.71758073 1.41960572 0.71668145 0.55639379 3.226549053911e+01 4.815053912918e-04 1.598042689228e+01 1.225926438602e-04 9.673947626401e-05
27 54 0 1.67863782 0.71758073 1.41960572 0.71668145 0.55639379 3.390080782011e+01 5.375028628758e-04 1.687926275148e+01 1.311621688782e-04 8.258698215039e-05
27 55 0 1.67863782 0.71758073 1.41960572 0.71668145 0.55639379 3.466815522192e+01 4.349744383544e-04 1.764963025939e+01 7.298566226497e-05 5.749796041900e-05
27 56 0 1.67863782 0.71758073 1.41960572 0.71668145 0.55639379 3.605993655123e+01 2.341361849136e-04 1.839740962674e+01 2.864706221804e-05 3.247387237058e-05
27 57 0 1.67863782 0.71758073 1.41960572 0.71668145 0.55639379 3.730566542854e+01 1.945099168418e-04 1.897565097075e+01 4.396278681042e-05 1.579921412106e-05
27 58 0 1.67863782 0.71758073 1.41960572 0.71668145 0.55639379 3.844796829465e+01 1.218517526569e-04 1.978036890199e+01 5.573215934217e-05 9.005328962658e-06
27 59 0 1.67863782 0.71758073 1.41960572 0.71668145 0.55639379 4.022078233500e+01 1.641582343933e-05 2.038169037384e+01 5.125116494243e-05 7.969624749724e-06
27 60 0 1.67863782 0.71758073 1.41960572 0.71668145 0.55639379 4.122371362733e+01 3.687781858150e-05 2.106892603255e+01 1.497333281768e-04 8.199459782113e-06
27 61 0 1.67863782 0.71758073 1.41960572 0.71668145 0.55639379 4.282833486035e+01 3.040560739514e-05 2.153065860478e+01 2.567931423831e-04 1.012610991549e-05
27 62 0 1.67863782 0.71758073 1.41960572 0.71668145 0.55639379 4.474164340791e+01 4.389539944199e-05 2.207749066684e+01 1.825078491529e-04 1.996699452295e-05
27 63 0 1.67863782 0.71758073 1.41960572 0.71668145 0.55639379 4.651923586907e+01 1.460705387008e-04 2.302329107147e+01 8.807021770362e-05 4.485950196567e-05
29 0 0 0.60092153 0.47345211 0.60151283 0.41290066 0.35028038 7.079654957125e-01 1.786846972092e-05 6.234674788997e-01 4.071402686085e-04 1.864118313941e-04
29 1 0 0.60092153 0.47345211 0.60151283 0.41290066 0.35028038 6.210250849296e-01 1.899762039327e-05 6.133941292096e-01 2.913844146316e-04 1.380479095879e-04
29 2 0 0.60092153 0.47345211 0.60151283 0.41290066 0.35028038 6.454403630025e-01 1.899711469610e-05 6.097963973559e-01 3.713798321158e-04 1.077086260017e-04
29 3 0 0.60092153 0.47345211 0.60151283 0.41290066 0.35028038 6.557588436993e-01 9.601727185709e-06 5.903160404979e-01 3.038625893041e-04 1.258775192597e-04
29 4 0 0.60092153 0.47345211 0.60151283 0.41290066 0.35028038 5.626983859935e-01 1.047068310994e-05 5.641575681782e-01 2.981676592887e-04 1.421789657363e-04
29 5 0 0.60092153 0.47345211 0.60151283 0.41290066 0.35028038 5.984785562282e-01 5.726135719116e-06 5.283703582246e-01 3.193221834420e-04 1.347506060522e-04
29 6 0 0.60092153 0.47345211 0.60151283 0.41290066 0.35028038 5.651892973317e-01 3.942652230823e-06 5.003070913514e-01 2.599709694098e-04 1.004046127658e-04
29 7 0 0.60092153 0.47345211 0.60151283 0.41290066 0.35028038 5.204230106380e-01 6.377854095394e-06 4.855395429304e-01 2.864984155240e-04 9.002834379292e-05
29 8 0 0.60092153 0.47345211 0.60151283 0.41290066 0.35028038 5.621145918857e-01 2.752412747989e-06 4.820125346157e-01 2.688874104526e-04 1.280483455714e-04
29 9 0 0.60092153 0.47345211 0.60151283 0.41290066 0.35028038 5.014964673457e-01 4.855088754968e-06 4.649891947709e-01 2.346720695832e-04 1.277201591619e-04
29 10 0 0.60092153 0.47345211 0.60151283 0.41290066 0.35028038 4.857875237467e-01 3.394665742339e-06 4.539681182896e-01 2.701694748999e-04 7.993698995873e-05
29 11 0 0.60092153 0.47345211 0.60151283 0.41290066 0.35028038 4.941965711489e-01 6.961654155382e-07 4.364912401678e-01 2.191017442334e-04 7.999069412743e-05
29 12 0 0.60092153 0.47345211 0.60151283 0.41290066 0.35028038 4.172636962433e-01 1.140216544372e-06 4.158584023916e-01 2.307389907101e-04 1.108800639807e-04
29 13 0 0.60092153 0.47345211 0.60151283 0.41290066 0.35028038 4.164334987935e-01 2.981607804885e-07 4.004592751326e-01 2.375700941572e-04 1.024096271651e-04
29 14 0 0.60092153 0.47345211 0.60151283 0.41290066 0.35028038 3.997412904479e-01 2.448792688522e-07 3.841307236774e-01 1.841687971274e-04 7.784132769305e-05
29 15 0 0.60092153 0.47345211 0.60151283 0.41290066 0.35028038 3.605890284231e-01 6.930898222915e-08 3.741815644237e-01 2.399235430263e-04 7.122402693268e-05
29 16 0 0.60092153 0.47345211 0.60151283 0.41290066 0.35028038 3.999184989322e-01 1.201441528300e-06 3.710153974278e-01 1.749856150551e-04 8.203301337407e-05
29 17 0 0.60092153 0.47345211 0.60151283 0.41290066 0.35028038 3.731922421745e-01 3.352754144880e-07 3.583995172403e-01 2.044745692435e-04 9.573477219176e-05
29 18 0 0.60092153 0.47345211 0.60151283 0.41290066 0.35028038 3.561341920541e-01 6.424680771145e-07 3.462782943305e-01 1.943862107193e-04 7.925720157144e-05
29 19 0 0.60092153 0.47345211 0.60151283 0.41290066 0.35028038 3.864748393378e-01 1.511111937302e-06 3.412525931113e-01 1.652487619166e-04 5.429084578402e-05
29 20 0 0.60092153 0.47345211 0.60151283 0.41290066 0.35028038 3.450821545589e-01 1.370865651672e-06 3.280622601475e-01 1.985318901117e-04 7.262973255936e-05
29 21 0 0.60092153 0.47345211 0.60151283 0.41290066 0.35028038 3.501677579997e-01 4.755444617623e-06 3.241780769904e-01 1.584461631312e-04 9.235356986502e-05
29 22 0 0.60092153 0.47345211 0.60151283 0.41290066 0.35028038 3.552554436545e-01 4.526005574461e-06 3.129414799240e-01 1.733238160098e-04 6.813406835734e-05
29 23 0 0.60092153 0.47345211 0.60151283 0.41290066 0.35028038 3.139368446400e-01 5.508437563239e-06 3.052854903922e-01 1.726559947771e-04 5.154162816242e-05
29 24 0 0.60092153 0.47345211 0.60151283 0.41290066 0.35028038 3.462822293749e-01 7.720314016878e-06 3.049985465936e-01 1.499674656231e-04 6.710372223090e-05
29 25 0 0.60092153 0.47345211 0.60151283 0.41290066 0.35028038 3.322825011978e-01 4.534410339932e-06 3.019491724987e-01 1.712056066795e-04 7.619409041252e-05
29 26 0 0.60092153 0.47345211 0.60151283 0.41290066 0.35028038 2.983915029421e-01 6.053492492698e-06 2.969515824590e-01 1.555389501967e-04 6.832676729905e-05
29 27 0 0.60092153 0.47345211 0.60151283 0.41290066 0.35028038 3.221799728069e-01 5.432577937680e-06 2.975635466237e-01 1.473374068826e-04 5.506633784828e-05
29 28 0 0.60092153 0.47345211 0.60151283 0.41290066 0.35028038 2.890522729865e-01 5.398662036156e-06 2.938781702946e-01 1.741802614080e-04 5.318154749729e-05
29 29 0 0.60092153 0.47345211 0.60151283 0.41290066 0.35028038 2.909746489279e-01 8.710981349666e-06 2.901501503101e-01 1.320282886310e-04 7.304850697392e-05
29 30 0 0.60092153 0.47345211 0.60151283 0.41290066 0.35028038 3.066099891053e-01 7.515034949305e-06 2.913773787362e-01 1.722631952869e-04 7.660546498958e-05
29 31 0 0.60092153 0.47345211 0.60151283 0.41290066 0.35028038 2.706647287374e-01 1.054706489771e-05 2.839079330772e-01 1.471801615772e-04 5.057576336117e-05
29 32 0 0.60092153 0.47345211 0.60151283 0.41290066 0.35028038 3.097606488573e-01 1.038247050691e-05 2.942158369446e-01 1.479688527051e-04 5.094238564527e-05
29 33 0 0.60092153 0.47345211 0.60151283 0.41290066 0.35028038 3.197852719341e-01 7.511415325361e-06 2.980530940660e-01 1.732781639702e-04 7.720584541080e-05
29 34 0 0.60092153 0.47345211 0.60151283 0.41290066 0.35028038 3.021907263407e-01 8.731472477278e-06 2.997796425623e-01 1.341125156384e-04 7.374684774668e-05
29 35 0 0.60092153 0.47345211 0.60151283 0.41290066 0.35028038 3.455972296678e-01 5.295157269544e-06 3.058677058558e-01 1.771794157069e-04 5.439627614291e-05
29 36 0 0.60092153 0.47345211 0.60151283 0.41290066 0.35028038 3.284660314117e-01 5.709399188439e-06 3.056769779975e-01 1.509977652354e-04 5.639316247140e-05
29 37 0 0.60092153 0.47345211 0.60151283 0.41290066 0.35028038 3.362148818843e-01 6.263811540865e-06 3.118196363715e-01 1.599773240164e-04 7.001420807633e-05
29 38 0 0.60092153 0.47345211 0.60151283 0.41290066 0.35028038 3.662215915811e-01 4.793932294045e-06 3.178023176950e-01 1.768916476605e-04 7.902458723892e-05
29 39 0 0.60092153 0.47345211 0.60151283 0.41290066 0.35028038 3.250196544505e-01 8.204915287572e-06 3.222571512543e-01 1.559092313598e-04 6.977279945796e-05
29 40 0 0.60092153 0.47345211 0.60151283 0.41290066 0.35028038 3.528863377262e-01 5.664105113673e-06 3.328423549757e-01 1.797058571214e-04 5.346201113932e-05
29 41 0 0.60092153 0.47345211 0.60151283 0.41290066 0.35028038 3.713190091726e-01 4.730370127277e-06 3.477956239840e-01 1.818344863050e-04 7.156779104342e-05
29 42 0 0.60092153 0.47345211 0.60151283 0.41290066 0.35028038 3.480258452388e-01 4.897604514805e-06 3.546194640240e-01 1.659808519777e-04 9.710723436311e-05
29 43 0 0.60092153 0.47345211 0.60151283 0.41290066 0.35028038 3.900071458717e-01 1.325446040348e-06 3.662763614075e-01 2.097546269581e-04 7.619603243612e-05
29 44 0 0.60092153 0.47345211 0.60151283 0.41290066 0.35028038 3.772271125212e-01 1.617681800610e-06 3.764519309378e-01 1.741968502978e-04 5.758723773978e-05
29 45 0 0.60092153 0.47345211 0.60151283 0.41290066 0.35028038 3.771111345350e-01 6.627859116462e-07 3.872078400342e-01 2.064940310661e-04 8.406339492749e-05
29 46 0 0.60092153 0.47345211 0.60151283 0.41290066 0.35028038 4.262286577749e-01 4.144580784649e-07 4.027446528352e-01 2.168711753869e-04 1.012812478471e-04
29 47 0 0.60092153 0.47345211 0.60151283 0.41290066 0.35028038 4.009059417301e-01 1.322581950136e-06 4.117965978226e-01 1.865658330020e-04 8.755504818815e-05
29 48 0 0.60092153 0.47345211 0.60151283 0.41290066 0.35028038 4.380666840492e-01 7.764914237490e-08 4.257539699248e-01 2.557660930517e-04 7.612383384866e-05
29 49 0 0.60092153 0.47345211 0.60151283 0.41290066 0.35028038 4.912788765319e-01 2.521411729619e-07 4.502805107061e-01 1.967144466877e-04 8.274351392747e-05
29 50 0 0.60092153 0.47345211 0.60151283 0.41290066 0.35028038 4.817777034507e-01 3.503293927071e-07 4.705489696019e-01 2.543019842618e-04 1.098385864740e-04
29 51 0 0.60092153 0.47345211 0.60151283 0.41290066 0.35028038 5.496407255026e-01 1.259945589796e-06 4.889774577436e-01 2.467528216207e-04 1.190279426540e-04
29 52 0 0.60092153 0.47345211 0.60151283 0.41290066 0.35028038 5.581757995757e-01 7.880507901637e-07 5.077571606324e-01 2.353476927171e-04 8.531953103229e-05
29 53 0 0.60092153 0.47345211 0.60151283 0.41290066 0.35028038 5.330839610118e-01 3.685735849094e-06 5.190145556618e-01 2.892063551967e-04 8.600490794342e-05
29 54 0 0.60092153 0.47345211 0.60151283 0.41290066 0.35028038 5.991629850038e-01 5.100137517879e-06 5.376551819677e-01 2.526268056707e-04 1.373604804515e-04
29 55 0 0.60092153 0.47345211 0.60151283 0.41290066 0.35028038 5.739442213444e-01 2.894437135973e-06 5.564539991084e-01 2.880181641596e-04 1.369562775118e-04
29 56 0 0.60092153 0.47345211 0.60151283 0.41290066 0.35028038 5.842249012214e-01 6.669665797146e-06 5.793838079661e-01 3.085631436466e-04 9.688848611189e-05
29 57 0 0.60092153 0.47345211 0.60151283 0.41290066 0.35028038 6.553726037939e-01 4.091232236871e-06 6.193384088092e-01 2.787010100077e-04 1.081459780369e-04
29 58 0 0.60092153 0.47345211 0.60151283 0.41290066 0.35028038 6.194285127680e-01 6.393538468757e-06 6.570013931332e-01 3.437276055460e-04 1.441582649252e-04
29 59 0 0.60092153 0.47345211 0.60151283 0.41290066 0.35028038 6.858308316524e-01 1.128242372344e-05 6.755636429445e-01 3.201088700343e-04 1.529952155378e-04
29 60 0 0.60092153 0.47345211 0.60151283 0.41290066 0.35028038 7.253150462791e-01 1.068658325991e-05 6.905941175518e-01 3.266423983357e-04 1.356949934031e-04
29 61 0 0.60092153 0.47345211 0.60151283 0.41290066 0.35028038 6.763608152978e-01 2.067359208046e-05 7.024936626201e-01 3.991281541846e-04 1.150947170549e-04
29 62 0 0.60092153 0.47345211 0.60151283 0.41290066 0.35028038 7.801323750292e-01 2.014705719651e-05 7.242148954557e-01 3.125415094347e-04 1.485041096890e-04
29 63 0 0.60092153 0.47345211 0.60151283 0.41290066 0.35028038 7.891535859124e-01 1.927099388768e-05 7.743424535168e-01 4.377322531258e-04 2.006847945553e-04
