# environment=00107 local_bs=0 gain_scale=1.979485277739e-15
# ue subcarrier serving_bs phi0 phi1 phi2 phi3 phi4 gain0 gain1 gain2 gain3 gain4
0 0 0 2.02210278 0.98997922 1.27940065 1.08466856 0.86789787 2.696977477120e+03 5.220576190391e-04 7.914339670534e-01 4.881655981248e-01 2.559549536710e-04
0 1 0 2.02210278 0.98997922 1.27940065 1.08466856 0.86789787 2.320308004800e+03 5.027189489017e-04 5.837354495544e-01 4.702718078990e-01 2.465047871650e-04
0 2 0 2.02210278 0.98997922 1.27940065 1.08466856 0.86789787 1.985429426489e+03 4.840235834989e-04 4.545316600125e-01 4.529715400982e-01 2.373689015123e-04
0 3 0 2.02210278 0.98997922 1.27940065 1.08466856 0.86789787 1.696225299086e+03 4.659715657838e-04 4.793881201886e-01 4.362648818567e-01 2.285473162137e-04
0 4 0 2.02210278 0.98997922 1.27940065 1.08466856 0.86789787 1.499477099686e+03 4.485629372305e-04 4.347715839373e-01 4.201519173192e-01 2.200400500989e-04
0 5 0 2.02210278 0.98997922 1.27940065 1.08466856 0.86789787 1.419318145946e+03 4.317977378353e-04 3.456870268574e-01 4.046327276397e-01 2.118471213271e-04
0 6 0 2.02210278 0.98997922 1.27940065 1.08466856 0.86789787 1.424550767961e+03 4.156760061162e-04 3.905780438145e-01 3.897073909822e-01 2.039685473862e-04
0 7 0 2.02210278 0.98997922 1.27940065 1.08466856 0.86789787 1.499962068344e+03 4.001977791127e-04 4.743586326275e-01 3.753759825194e-01 1.964043450930e-04
0 8 0 2.02210278 0.98997922 1.27940065 1.08466856 0.86789787 1.641060270519e+03 3.853630923861e-04 4.919464964901e-01 3.616385744326e-01 1.891545305937e-04
0 9 0 2.02210278 0.98997922 1.27940065 1.08466856 0.86789787 1.805334224402e+03 3.711719800190e-04 5.725128620375e-01 3.484952359116e-01 1.822191193630e-04
0 10 0 2.02210278 0.98997922 1.27940065 1.08466856 0.86789787 1.949599742324e+03 3.576244746154e-04 7.291790762561e-01 3.359460331538e-01 1.755981262048e-04
0 11 0 2.02210278 0.98997922 1.27940065 1.08466856 0.86789787 2.058292444909e+03 3.447206073007e-04 8.193087641201e-01 3.239910293645e-01 1.692915652517e-04
0 12 0 2.02210278 0.98997922 1.27940065 1.08466856 0.86789787 2.116525610981e+03 3.324604077215e-04 8.905867593396e-01 3.126302847559e-01 1.632994499653e-04
0 13 0 2.02210278 0.98997922 1.27940065 1.08466856 0.86789787 2.111623532274e+03 3.208439040454e-04 1.030706672501e+00 3.018638565477e-01 1.576217931358e-04
0 14 0 2.02210278 0.98997922 1.27940065 1.08466856 0.86789787 2.046925065584e+03 3.098711229614e-04 1.110282018695e+00 2.916917989656e-01 1.522586068823e-04
0 15 0 2.02210278 0.98997922 1.27940065 1.08466856 0.86789787 1.933404529491e+03 2.995420896795e-04 1.091181199170e+00 2.821141632424e-01 1.472099026527e-04
0 16 0 2.02210278 0.98997922 1.27940065 1.08466856 0.86789787 1.781717970486e+03 2.898568279304e-04 1.147088705199e+00 2.731309976164e-01 1.424756912234e-04
0 17 0 2.02210278 0.98997922 1.27940065 1.08466856 0.86789787 1.597728950788e+03 2.808153599661e-04 1.254799019372e+00 2.647423473322e-01 1.380559826999e-04
0 18 0 2.02210278 0.98997922 1.27940065 1.08466856 0.86789787 1.393784026944e+03 2.724177065593e-04 1.228424440255e+00 2.569482546400e-01 1.339507865161e-04
0 19 0 2.02210278 0.98997922 1.27940065 1.08466856 0.86789787 1.198622905414e+03 2.646638870035e-04 1.161411953207e+00 2.497487587954e-01 1.301601114345e-04
0 20 0 2.02210278 0.98997922 1.27940065 1.08466856 0.86789787 1.029543320111e+03 2.575539191133e-04 1.241915016923e+00 2.431438960593e-01 1.266839655466e-04
0 21 0 2.02210278 0.98997922 1.27940065 1.08466856 0.86789787 8.888845702646e+02 2.510878192235e-04 1.329162590833e+00 2.371336996976e-01 1.235223562721e-04
0 22 0 2.02210278 0.98997922 1.27940065 1.08466856 0.86789787 7.983916640158e+02 2.452656021902e-04 1.248402352611e+00 2.317181999813e-01 1.206752903597e-04
0 23 0 2.02210278 0.98997922 1.27940065 1.08466856 0.86789787 7.769075027946e+02 2.400872813898e-04 1.147813354414e+00 2.268974241859e-01 1.181427738864e-04
0 24 0 2.02210278 0.98997922 1.27940065 1.08466856 0.86789787 8.069483740538e+02 2.355528687195e-04 1.144994551716e+00 2.226713965917e-01 1.159248122579e-04
0 25 0 2.02210278 0.98997922 1.27940065 1.08466856 0.86789787 8.721158103145e+02 2.316623745971e-04 1.072035365017e+00 2.190401384835e-01 1.140214102086e-04
0 26 0 2.02210278 0.98997922 1.27940065 1.08466856 0.86789787 9.720550419630e+02 2.284158079610e-04 8.421674786302e-01 2.160036681504e-01 1.124325718013e-04
0 27 0 2.02210278 0.98997922 1.27940065 1.08466856 0.86789787 1.088699529485e+03 2.258131762702e-04 6.043163580402e-01 2.135620008859e-01 1.111583004273e-04
0 28 0 2.02210278 0.98997922 1.27940065 1.08466856 0.86789787 1.198199328591e+03 2.238544855041e-04 4.274599898320e-01 2.117151489876e-01 1.101985988068e-04
0 29 0 2.02210278 0.98997922 1.27940065 1.08466856 0.86789787 1.295329483114e+03 2.225397401629e-04 2.470582757943e-01 2.104631217574e-01 1.095534689881e-04
0 30 0 2.02210278 0.98997922 1.27940065 1.08466856 0.86789787 1.376015096984e+03 2.218689432673e-04 8.509615855012e-02 2.098059255012e-01 1.092229123484e-04
0 31 0 2.02210278 0.98997922 1.27940065 1.08466856 0.86789787 1.430009009326e+03 2.218420963583e-04 1.011039710128e-02 2.097435635290e-01 1.092069295931e-04
0 32 0 2.02210278 0.98997922 1.27940065 1.08466856 0.86789787 1.450306514430e+03 2.224591994976e-04 1.818003074785e-02 2.102760361549e-01 1.095055207564e-04
0 33 0 2.02210278 0.98997922 1.27940065 1.08466856 0.86789787 1.432748272386e+03 2.237202512674e-04 1.110464029575e-01 2.114033406971e-01 1.101186852011e-04
0 34 0 2.02210278 0.98997922 1.27940065 1.08466856 0.86789787 1.377636454999e+03 2.256252487706e-04 2.902800708125e-01 2.131254714778e-01 1.110464216181e-04
0 35 0 2.02210278 0.98997922 1.27940065 1.08466856 0.86789787 1.287070998003e+03 2.281741876303e-04 4.826099192822e-01 2.154424198234e-01 1.122887280273e-04
0 36 0 2.02210278 0.98997922 1.27940065 1.08466856 0.86789787 1.167748483737e+03 2.313670619904e-04 6.716160366294e-01 2.183541740643e-01 1.138456017770e-04
0 37 0 2.02210278 0.98997922 1.27940065 1.08466856 0.86789787 1.045163327416e+03 2.352038645153e-04 9.274620633366e-01 2.218607195353e-01 1.157170395440e-04
0 38 0 2.02210278 0.98997922 1.27940065 1.08466856 0.86789787 9.445830384047e+02 2.396845863899e-04 1.171838511527e+00 2.259620385752e-01 1.179030373335e-04
0 39 0 2.02210278 0.98997922 1.27940065 1.08466856 0.86789787 8.724987034498e+02 2.448092173197e-04 1.248161628971e+00 2.306581105275e-01 1.204035904797e-04
0 40 0 2.02210278 0.98997922 1.27940065 1.08466856 0.86789787 8.464229395514e+02 2.505777455311e-04 1.253701856576e+00 2.359489117400e-01 1.232186936449e-04
0 41 0 2.02210278 0.98997922 1.27940065 1.08466856 0.86789787 8.895551298155e+02 2.569901577707e-04 1.362324893481e+00 2.418344155652e-01 1.263483408204e-04
0 42 0 2.02210278 0.98997922 1.27940065 1.08466856 0.86789787 9.899487748498e+02 2.640464393062e-04 1.443314946865e+00 2.483145923601e-01 1.297925253257e-04
0 43 0 2.02210278 0.98997922 1.27940065 1.08466856 0.86789787 1.128793535225e+03 2.717465739257e-04 1.346031366877e+00 2.553894094867e-01 1.335512398092e-04
0 44 0 2.02210278 0.98997922 1.27940065 1.08466856 0.86789787 1.311785528956e+03 2.800905439381e-04 1.262916081296e+00 2.630588313123e-01 1.376244762479e-04
0 45 0 2.02210278 0.98997922 1.27940065 1.08466856 0.86789787 1.529760511193e+03 2.890783301734e-04 1.335630674575e+00 2.713228192090e-01 1.420122259473e-04
0 46 0 2.02210278 0.98997922 1.27940065 1.08466856 0.86789787 1.751651121132e+03 2.987099119820e-04 1.356041653824e+00 2.801813315545e-01 1.467144795417e-04
0 47 0 2.02210278 0.98997922 1.27940065 1.08466856 0.86789787 1.960361176160e+03 3.089852672354e-04 1.229307516945e+00 2.896343237322e-01 1.517312269939e-04
0 48 0 2.02210278 0.98997922 1.27940065 1.08466856 0.86789787 2.143977724542e+03 3.199043723261e-04 1.156740595722e+00 2.996817481313e-01 1.570624575958e-04
0 49 0 2.02210278 0.98997922 1.27940065 1.08466856 0.86789787 2.278119509062e+03 3.314672021674e-04 1.160590427464e+00 3.103235541470e-01 1.627081599676e-04
0 50 0 2.02210278 0.98997922 1.27940065 1.08466856 0.86789787 2.339061992723e+03 3.436737301938e-04 1.060582653302e+00 3.215596881811e-01 1.686683220584e-04
0 51 0 2.02210278 0.98997922 1.27940065 1.08466856 0.86789787 2.315849005922e+03 3.565239283609e-04 9.037585292609e-01 3.333900936416e-01 1.749429311462e-04
0 52 0 2.02210278 0.98997922 1.27940065 1.08466856 0.86789787 2.215909641249e+03 3.700177671453e-04 8.234333665785e-01 3.458147109437e-01 1.815319738376e-04
0 53 0 2.02210278 0.98997922 1.27940065 1.08466856 0.86789787 2.056473106575e+03 3.841552155450e-04 7.229703860076e-01 3.588334775099e-01 1.884354360683e-04
0 54 0 2.02210278 0.98997922 1.27940065 1.08466856 0.86789787 1.857269004334e+03 3.989362410794e-04 5.564988701172e-01 3.724463277698e-01 1.956533031025e-04
0 55 0 2.02210278 0.98997922 1.27940065 1.08466856 0.86789787 1.660435988324e+03 4.143608097889e-04 4.727198507237e-01 3.866531931613e-01 2.031855595338e-04
0 56 0 2.02210278 0.98997922 1.27940065 1.08466856 0.86789787 1.513610434051e+03 4.304288862360e-04 4.518028338827e-01 4.014540021302e-01 2.110321892840e-04
0 57 0 2.02210278 0.98997922 1.27940065 1.08466856 0.86789787 1.430039436817e+03 4.471404335039e-04 3.664515212996e-01 4.168486801310e-01 2.191931756047e-04
0 58 0 2.02210278 0.98997922 1.27940065 1.08466856 0.86789787 1.426556054778e+03 4.644954131981e-04 3.339104637293e-01 4.328371496269e-01 2.276685010758e-04
0 59 0 2.02210278 0.98997922 1.27940065 1.08466856 0.86789787 1.542558746782e+03 4.824937854456e-04 4.386620800383e-01 4.494193300908e-01 2.364581476068e-04
0 60 0 2.02210278 0.98997922 1.27940065 1.08466856 0.86789787 1.770461941894e+03 5.011355088952e-04 4.889076813718e-01 4.665951380050e-01 2.455620964358e-04
0 61 0 2.02210278 0.98997922 1.27940065 1.08466856 0.86789787 2.071307427996e+03 5.204205407177e-04 4.811263897602e-01 4.843644868621e-01 2.549803281303e-04
0 62 0 2.02210278 0.98997922 1.27940065 1.08466856 0.86789787 2.447575950725e+03 5.403488366059e-04 6.501464532986e-01 5.027272871651e-01 2.647128225869e-04
0 63 0 2.02210278 0.98997922 1.27940065 1.08466856 0.86789787 2.888452638872e+03 5.609203507743e-04 8.880563979542e-01 5.216834464284e-01 2.747595590314e-04
9 0 0 0.79037014 0.63741068 0.61754802 0.51609653 0.55241975 6.105554850758e+01 2.034717873246e-02 1.104445744625e+01 1.293889880804e-01 1.231109819277e-04
9 1 0 0.79037014 0.63741068 0.61754802 0.51609653 0.55241975 6.177548327624e+01 1.964889012881e-02 6.461741910605e+00 1.246473420164e-01 5.320170590515e-04
9 2 0 0.79037014 0.63741068 0.61754802 0.51609653 0.55241975 5.619884992255e+01 2.311713284885e-02 1.226827577950e+01 1.200628427877e-01 6.891304892656e-04
9 3 0 0.79037014 0.63741068 0.61754802 0.51609653 0.55241975 5.777067116875e+01 1.038214200409e-02 1.455838547348e+01 1.156354957796e-01 4.960885191115e-04
9 4 0 0.79037014 0.63741068 0.61754802 0.51609653 0.55241975 5.319064442864e+01 1.000490995230e-02 7.579719917087e+00 1.113653061927e-01 3.051029291215e-04
9 5 0 0.79037014 0.63741068 0.61754802 0.51609653 0.55241975 5.306973113461e+01 1.543422442411e-02 5.237025813515e+00 1.072522790432e-01 4.075310673843e-04
9 6 0 0.79037014 0.63741068 0.61754802 0.51609653 0.55241975 5.014466422041e+01 1.322487209637e-02 1.075321054195e+01 1.032964191626e-01 7.111684448738e-04
9 7 0 0.79037014 0.63741068 0.61754802 0.51609653 0.55241975 4.813870048511e+01 6.673797280171e-03 1.099583233868e+01 9.949773119762e-02 9.073979001257e-04
9 8 0 0.79037014 0.63741068 0.61754802 0.51609653 0.55241975 4.436479848292e+01 1.064065008627e-02 5.270511885193e+00 9.585621961072e-02 8.320507588496e-04
9 9 0 0.79037014 0.63741068 0.61754802 0.51609653 0.55241975 4.381293843194e+01 9.116382688935e-03 5.689363811927e+00 9.237188867939e-02 5.895138537418e-04
9 10 0 0.79037014 0.63741068 0.61754802 0.51609653 0.55241975 4.078766376586e+01 1.351590088766e-02 1.060378960396e+01 8.904474249656e-02 3.749155598891e-04
9 11 0 0.79037014 0.63741068 0.61754802 0.51609653 0.55241975 3.845991140686e+01 1.272797188721e-02 8.864688706791e+00 8.587478497065e-02 2.668448454410e-04
9 12 0 0.79037014 0.63741068 0.61754802 0.51609653 0.55241975 3.712526499493e+01 6.769054982656e-03 3.789609010849e+00 8.286201982525e-02 2.104227480771e-04
9 13 0 0.79037014 0.63741068 0.61754802 0.51609653 0.55241975 3.378760368014e+01 1.449816595329e-02 5.240731617465e+00 8.000645059945e-02 1.396643656292e-04
9 14 0 0.79037014 0.63741068 0.61754802 0.51609653 0.55241975 3.214295731583e+01 1.455719462703e-02 8.720815407450e+00 7.730808064766e-02 6.484004255286e-05
9 15 0 0.79037014 0.63741068 0.61754802 0.51609653 0.55241975 3.021984970539e+01 1.434796179794e-02 6.111015079452e+00 7.476691313951e-02 5.649720123221e-05
9 16 0 0.79037014 0.63741068 0.61754802 0.51609653 0.55241975 2.893570365802e+01 9.929943567543e-03 3.082753760873e+00 7.238295106014e-02 1.838966532745e-04
9 17 0 0.79037014 0.63741068 0.61754802 0.51609653 0.55241975 2.612134673064e+01 1.260340613029e-02 6.059942573602e+00 7.015619720988e-02 4.634122979593e-04
9 18 0 0.79037014 0.63741068 0.61754802 0.51609653 0.55241975 2.598517190192e+01 1.578112354343e-02 8.326201470374e+00 6.808665420447e-02 8.217231224768e-04
9 19 0 0.79037014 0.63741068 0.61754802 0.51609653 0.55241975 2.266045169701e+01 1.219893947449e-02 4.833037612579e+00 6.617432447497e-02 1.093586800697e-03
9 20 0 0.79037014 0.63741068 0.61754802 0.51609653 0.55241975 2.237467805023e+01 1.360647470175e-02 2.804595289420e+00 6.441921026775e-02 1.103631840187e-03
9 21 0 0.79037014 0.63741068 0.61754802 0.51609653 0.55241975 2.018122550434e+01 7.865865026773e-03 5.888732871270e+00 6.282131364449e-02 8.127407541819e-04
9 22 0 0.79037014 0.63741068 0.61754802 0.51609653 0.55241975 1.977876939869e+01 1.070584265889e-02 6.763643782942e+00 6.138063648223e-02 3.913205173836e-04
9 23 0 0.79037014 0.63741068 0.61754802 0.51609653 0.55241975 1.756869381677e+01 1.374192710961e-02 3.424395849893e+00 6.009718047329e-02 9.925472800470e-05
9 24 0 0.79037014 0.63741068 0.61754802 0.51609653 0.55241975 1.777786503193e+01 8.073716474901e-03 3.326511985942e+00 5.897094712531e-02 5.289307026607e-05
9 25 0 0.79037014 0.63741068 0.61754802 0.51609653 0.55241975 1.518017873748e+01 5.368917999779e-03 6.934882871192e+00 5.800193776127e-02 1.246202575421e-04
9 26 0 0.79037014 0.63741068 0.61754802 0.51609653 0.55241975 1.579402926101e+01 7.509377497566e-03 6.671697088487e+00 5.719015351944e-02 1.127283511753e-04
9 27 0 0.79037014 0.63741068 0.61754802 0.51609653 0.55241975 1.450007059842e+01 6.972080193748e-03 3.312773393277e+00 5.653559535339e-02 1.333960174297e-05
9 28 0 0.79037014 0.63741068 0.61754802 0.51609653 0.55241975 1.487065290847e+01 4.932520670388e-03 4.231733978160e+00 5.603826403204e-02 7.356295876718e-05
9 29 0 0.79037014 0.63741068 0.61754802 0.51609653 0.55241975 1.407555769759e+01 6.026121569543e-03 7.421654172070e+00 5.569816013958e-02 5.227770597233e-04
9 30 0 0.79037014 0.63741068 0.61754802 0.51609653 0.55241975 1.509187163566e+01 1.717536451532e-03 5.963978021016e+00 5.551528407553e-02 1.253358387641e-03
9 31 0 0.79037014 0.63741068 0.61754802 0.51609653 0.55241975 1.411880308824e+01 7.024239621267e-03 3.301799564994e+00 5.548963605470e-02 1.821559535651e-03
9 32 0 0.79037014 0.63741068 0.61754802 0.51609653 0.55241975 1.615198088926e+01 7.062749104206e-03 6.003127262574e+00 5.562121610723e-02 1.816882148528e-03
9 33 0 0.79037014 0.63741068 0.61754802 0.51609653 0.55241975 1.626239155195e+01 1.770753360754e-03 9.258397997703e+00 5.591002407856e-02 1.241888953150e-03
9 34 0 0.79037014 0.63741068 0.61754802 0.51609653 0.55241975 1.758741507653e+01 6.153292061504e-03 6.801106957605e+00 5.635605962941e-02 5.108959775568e-04
9 35 0 0.79037014 0.63741068 0.61754802 0.51609653 0.55241975 1.823102225594e+01 5.036008948647e-03 4.526564232012e+00 5.695932223585e-02 6.779051305565e-05
9 36 0 0.79037014 0.63741068 0.61754802 0.51609653 0.55241975 2.000030922037e+01 7.265875351333e-03 8.064163252873e+00 5.771981118924e-02 1.597677169015e-05
9 37 0 0.79037014 0.63741068 0.61754802 0.51609653 0.55241975 2.043493320028e+01 7.829706550329e-03 1.040204772489e+01 5.863752559624e-02 1.203029835075e-04
9 38 0 0.79037014 0.63741068 0.61754802 0.51609653 0.55241975 2.297411893364e+01 5.550214879156e-03 6.837818050814e+00 5.971246437884e-02 1.314018515338e-04
9 39 0 0.79037014 0.63741068 0.61754802 0.51609653 0.55241975 2.401088862029e+01 8.320130296211e-03 5.724305366901e+00 6.094462627433e-02 5.711237273636e-05
9 40 0 0.79037014 0.63741068 0.61754802 0.51609653 0.55241975 2.528452796641e+01 1.407779019031e-02 1.085178537948e+01 6.233400983531e-02 1.064920564519e-04
9 41 0 0.79037014 0.63741068 0.61754802 0.51609653 0.55241975 2.720961356799e+01 1.121101807906e-02 1.259491642287e+01 6.388061342970e-02 4.118133170108e-04
9 42 0 0.79037014 0.63741068 0.61754802 0.51609653 0.55241975 2.852817574650e+01 8.022076746403e-03 8.174196814369e+00 6.558443524073e-02 8.545522526576e-04
9 43 0 0.79037014 0.63741068 0.61754802 0.51609653 0.55241975 3.052919670612e+01 1.374535995372e-02 8.239605244847e+00 6.744547326699e-02 1.166238795040e-03
9 44 0 0.79037014 0.63741068 0.61754802 0.51609653 0.55241975 3.263612298723e+01 1.245197089941e-02 1.411330463563e+01 6.946372532232e-02 1.165486056856e-03
9 45 0 0.79037014 0.63741068 0.61754802 0.51609653 0.55241975 3.508621857674e+01 1.601436583068e-02 1.407773160010e+01 7.163918903594e-02 8.841342581061e-04
9 46 0 0.79037014 0.63741068 0.61754802 0.51609653 0.55241975 3.600414863904e+01 1.274530443165e-02 8.560011219921e+00 7.397186185238e-02 5.002789808723e-04
9 47 0 0.79037014 0.63741068 0.61754802 0.51609653 0.55241975 4.012716547266e+01 9.825934130234e-03 1.040055426129e+01 7.646174103149e-02 1.934021163255e-04
9 48 0 0.79037014 0.63741068 0.61754802 0.51609653 0.55241975 4.049634908926e+01 1.416398680815e-02 1.741322982177e+01 7.910882364844e-02 5.389832144010e-05
9 49 0 0.79037014 0.63741068 0.61754802 0.51609653 0.55241975 4.485405782607e+01 1.437361656574e-02 1.606048587898e+01 8.191310659381e-02 7.013245339448e-05
9 50 0 0.79037014 0.63741068 0.61754802 0.51609653 0.55241975 4.662979305795e+01 1.448831541738e-02 1.063463590711e+01 8.487458657341e-02 1.588695123456e-04
9 51 0 0.79037014 0.63741068 0.61754802 0.51609653 0.55241975 5.081326048422e+01 6.365444885905e-03 1.491766843573e+01 8.799326010852e-02 2.306926339805e-04
9 52 0 0.79037014 0.63741068 0.61754802 0.51609653 0.55241975 5.085170479848e+01 1.240315377477e-02 2.187267301667e+01 9.126912353566e-02 2.745471977744e-04
9 53 0 0.79037014 0.63741068 0.61754802 0.51609653 0.55241975 5.688297708774e+01 1.327581131649e-02 1.750430737821e+01 9.470217300669e-02 3.786790749571e-04
9 54 0 0.79037014 0.63741068 0.61754802 0.51609653 0.55241975 5.604902460151e+01 8.738135987544e-03 1.178327702278e+01 9.829240448898e-02 6.190190750469e-04
9 55 0 0.79037014 0.63741068 0.61754802 0.51609653 0.55241975 6.175748126013e+01 1.044719997548e-02 1.871557038746e+01 1.020398137651e-01 9.081289503149e-04
9 56 0 0.79037014 0.63741068 0.61754802 0.51609653 0.55241975 6.290367403445e+01 6.426767524026e-03 2.557990223613e+01 1.059443964330e-01 1.015267708038e-03
9 57 0 0.79037014 0.63741068 0.61754802 0.51609653 0.55241975 6.706913149693e+01 1.344602894292e-02 1.923499711735e+01 1.100061479062e-01 8.103417740382e-04
9 58 0 0.79037014 0.63741068 0.61754802 0.51609653 0.55241975 6.617431369274e+01 1.576632078019e-02 1.545071718972e+01 1.142250634133e-01 4.704674975421e-04
9 59 0 0.79037014 0.63741068 0.61754802 0.51609653 0.55241975 7.181976746169e+01 1.012986862125e-02 2.575646809879e+01 1.186011379985e-01 3.401190310264e-04
9 60 0 0.79037014 0.63741068 0.61754802 0.51609653 0.55241975 7.086992056957e+01 1.087186441989e-02 3.083913038326e+01 1.231343665213e-01 5.272411893906e-04
9 61 0 0.79037014 0.63741068 0.61754802 0.51609653 0.55241975 7.542927924370e+01 2.428976884896e-02 2.090963585693e+01 1.278247436565e-01 7.202277818096e-04
9 62 0 0.79037014 0.63741068 0.61754802 0.51609653 0.55241975 7.625928250428e+01 2.063847530216e-02 1.844556500675e+01 1.326722638947e-01 5.447786560786e-04
9 63 0 0.79037014 0.63741068 0.61754802 0.51609653 0.55241975 7.753777139181e+01 2.145732035908e-02 3.089629247221e+01 1.376769215414e-01 1.162494071246e-04
12 0 0 0.35521938 0.32196198 0.31549040 0.29663338 0.29810770 1.818796740776e+00 5.461263029470e-03 3.688688928775e-01 1.018557459118e+00 1.380524966544e-05
12 1 0 0.35521938 0.32196198 0.31549040 0.29663338 0.29810770 2.022505281069e+00 5.316740955980e-03 3.270279989789e-01 9.720241766287e-01 7.316308371238e-05
12 2 0 0.35521938 0.32196198 0.31549040 0.29663338 0.29810770 1.520608157491e+00 6.167042574278e-03 5.593523805352e-01 9.148721127400e-01 9.931040772049e-05
12 3 0 0.35521938 0.32196198 0.31549040 0.29663338 0.29810770 1.697460060732e+00 1.018011380199e-02 5.083615938209e-01 8.855821337339e-01 6.963029279393e-05
12 4 0 0.35521938 0.32196198 0.31549040 0.29663338 0.29810770 1.399231689698e+00 7.809462374634e-03 2.369213163316e-01 8.740691638241e-01 3.530710520511e-05
12 5 0 0.35521938 0.32196198 0.31549040 0.29663338 0.29810770 1.517887713462e+00 4.158358214098e-03 2.642473594809e-01 8.454006703143e-01 4.495830184226e-05
12 6 0 0.35521938 0.32196198 0.31549040 0.29663338 0.29810770 1.369072092431e+00 4.343835495198e-03 4.502696855762e-01 7.999299506817e-01 8.960563918511e-05
12 7 0 0.35521938 0.32196198 0.31549040 0.29663338 0.29810770 1.344974319012e+00 5.852349019402e-03 3.570745724711e-01 7.659602759764e-01 1.228933870082e-04
12 8 0 0.35521938 0.32196198 0.31549040 0.29663338 0.29810770 1.147014531164e+00 5.398282268715e-03 2.047315222022e-01 7.493613102298e-01 1.165523832801e-04
12 9 0 0.35521938 0.32196198 0.31549040 0.29663338 0.29810770 1.206833885964e+00 6.455003156581e-03 3.438091214564e-01 7.298662246806e-01 8.327770125197e-05
12 10 0 0.35521938 0.32196198 0.31549040 0.29663338 0.29810770 1.115904558914e+00 4.384650808866e-03 4.742190335574e-01 6.992125142510e-01 5.213166442037e-05
12 11 0 0.35521938 0.32196198 0.31549040 0.29663338 0.29810770 1.091866087533e+00 5.433271372799e-03 3.062644458717e-01 6.699525952972e-01 3.627024541716e-05
12 12 0 0.35521938 0.32196198 0.31549040 0.29663338 0.29810770 1.103071704744e+00 4.880877633340e-03 1.764314133351e-01 6.493972068357e-01 2.845587195183e-05
12 13 0 0.35521938 0.32196198 0.31549040 0.29663338 0.29810770 9.611981116855e-01 3.727197122318e-03 3.078898376072e-01 6.310377406849e-01 1.871631426974e-05
12 14 0 0.35521938 0.32196198 0.31549040 0.29663338 0.29810770 9.884545042407e-01 4.964973029809e-03 3.637049263758e-01 6.108793095231e-01 7.837844331976e-06
12 15 0 0.35521938 0.32196198 0.31549040 0.29663338 0.29810770 9.358008234634e-01 5.165520889808e-03 2.163562572393e-01 5.919271907837e-01 5.594849570224e-06
12 16 0 0.35521938 0.32196198 0.31549040 0.29663338 0.29810770 9.569494058449e-01 5.341809065250e-03 2.112850558904e-01 5.738117613345e-01 2.217384639475e-05
12 17 0 0.35521938 0.32196198 0.31549040 0.29663338 0.29810770 8.364228757756e-01 3.858657323248e-03 3.851417798209e-01 5.542892883527e-01 6.097620719693e-05
12 18 0 0.35521938 0.32196198 0.31549040 0.29663338 0.29810770 9.714904559449e-01 5.094315380760e-03 3.757892405573e-01 5.378923083809e-01 1.128260884710e-04
12 19 0 0.35521938 0.32196198 0.31549040 0.29663338 0.29810770 7.651954732010e-01 4.231770106931e-03 2.028826149023e-01 5.285526407200e-01 1.542684549799e-04
12 20 0 0.35521938 0.32196198 0.31549040 0.29663338 0.29810770 8.749513536275e-01 4.431946604968e-03 2.153436496595e-01 5.188536434675e-01 1.585265434224e-04
12 21 0 0.35521938 0.32196198 0.31549040 0.29663338 0.29810770 7.419655202735e-01 3.979974912955e-03 3.454071825791e-01 5.014912351478e-01 1.177823995515e-04
12 22 0 0.35521938 0.32196198 0.31549040 0.29663338 0.29810770 8.489813249668e-01 4.255727444305e-03 2.868609827507e-01 4.848585923468e-01 5.602487258937e-05
12 23 0 0.35521938 0.32196198 0.31549040 0.29663338 0.29810770 6.970987898348e-01 6.457445564648e-03 1.752066934600e-01 4.803995201154e-01 1.243514231965e-05
12 24 0 0.35521938 0.32196198 0.31549040 0.29663338 0.29810770 8.328299005352e-01 5.077120967841e-03 2.832572592031e-01 4.809114621332e-01 5.800432468062e-06
12 25 0 0.35521938 0.32196198 0.31549040 0.29663338 0.29810770 6.156069222622e-01 3.166883383519e-03 4.127014212284e-01 4.710555481760e-01 1.764886183079e-05
12 26 0 0.35521938 0.32196198 0.31549040 0.29663338 0.29810770 7.803963762152e-01 3.589163206161e-03 3.133248511761e-01 4.548989164961e-01 1.700500986960e-05
12 27 0 0.35521938 0.32196198 0.31549040 0.29663338 0.29810770 6.576478326261e-01 4.670455940863e-03 2.191985721823e-01 4.506270249944e-01 2.321424711803e-06
12 28 0 0.35521938 0.32196198 0.31549040 0.29663338 0.29810770 7.861116327505e-01 5.216659653860e-03 3.388550729810e-01 4.587786508138e-01 1.085059940723e-05
12 29 0 0.35521938 0.32196198 0.31549040 0.29663338 0.29810770 6.690988605134e-01 6.304605534353e-03 4.074714448446e-01 4.600022589280e-01 7.812389630346e-05
12 30 0 0.35521938 0.32196198 0.31549040 0.29663338 0.29810770 7.994963888614e-01 3.409773760497e-03 2.768468611173e-01 4.484466830922e-01 1.885491663606e-04
12 31 0 0.35521938 0.32196198 0.31549040 0.29663338 0.29810770 6.488189590684e-01 4.274931044060e-03 2.601683314702e-01 4.427062908762e-01 2.747702448412e-04
12 32 0 0.35521938 0.32196198 0.31549040 0.29663338 0.29810770 8.716419632443e-01 4.260589297789e-03 4.588803068185e-01 4.538799283052e-01 2.740857915051e-04
12 33 0 0.35521938 0.32196198 0.31549040 0.29663338 0.29810770 8.063268138963e-01 3.472715691905e-03 5.176140639826e-01 4.660521604494e-01 1.868897713505e-04
12 34 0 0.35521938 0.32196198 0.31549040 0.29663338 0.29810770 9.156213729919e-01 6.430070210819e-03 3.706116002394e-01 4.637660408203e-01 7.645775155427e-05
12 35 0 0.35521938 0.32196198 0.31549040 0.29663338 0.29810770 8.629946070254e-01 5.321230813594e-03 3.878374286177e-01 4.587319546081e-01 1.013524012463e-05
12 36 0 0.35521938 0.32196198 0.31549040 0.29663338 0.29810770 9.807531061608e-01 4.856896366795e-03 5.764961275065e-01 4.692770246189e-01 2.841042528132e-06
12 37 0 0.35521938 0.32196198 0.31549040 0.29663338 0.29810770 9.301434382631e-01 3.725223695632e-03 5.533742120535e-01 4.888560784118e-01 1.817223374616e-05
12 38 0 0.35521938 0.32196198 0.31549040 0.29663338 0.29810770 1.101361849200e+00 3.331911033564e-03 3.883231509112e-01 4.982149043727e-01 1.858164675803e-05
12 39 0 0.35521938 0.32196198 0.31549040 0.29663338 0.29810770 1.101051736214e+00 5.368040428362e-03 4.944392958319e-01 4.986131654409e-01 6.266821363521e-06
12 40 0 0.35521938 0.32196198 0.31549040 0.29663338 0.29810770 1.115215012039e+00 6.795918495793e-03 7.377725672863e-01 5.082377024531e-01 1.331944448142e-05
12 41 0 0.35521938 0.32196198 0.31549040 0.29663338 0.29810770 1.188448346795e+00 4.561029435584e-03 6.888503608533e-01 5.304154444549e-01 5.887349669376e-05
12 42 0 0.35521938 0.32196198 0.31549040 0.29663338 0.29810770 1.186128081764e+00 4.264526191488e-03 5.444847805342e-01 5.498116161499e-01 1.237766854819e-04
12 43 0 0.35521938 0.32196198 0.31549040 0.29663338 0.29810770 1.283107617521e+00 4.759427303859e-03 7.230136428438e-01 5.600684431551e-01 1.675647094817e-04
12 44 0 0.35521938 0.32196198 0.31549040 0.29663338 0.29810770 1.313702052722e+00 4.596530514247e-03 9.352298439140e-01 5.725547908913e-01 1.646437328282e-04
12 45 0 0.35521938 0.32196198 0.31549040 0.29663338 0.29810770 1.432647751984e+00 5.490143062839e-03 7.687477054677e-01 5.945611915649e-01 1.217793486596e-04
12 46 0 0.35521938 0.32196198 0.31549040 0.29663338 0.29810770 1.327516107625e+00 4.212300174271e-03 6.126713682900e-01 6.189254501627e-01 6.617115081418e-05
12 47 0 0.35521938 0.32196198 0.31549040 0.29663338 0.29810770 1.618492650006e+00 5.801903261674e-03 8.809524748913e-01 6.398061174611e-01 2.339767679766e-05
12 48 0 0.35521938 0.32196198 0.31549040 0.29663338 0.29810770 1.455113628706e+00 5.609567149149e-03 1.111814875150e+00 6.610739204100e-01 5.144110129392e-06
12 49 0 0.35521938 0.32196198 0.31549040 0.29663338 0.29810770 1.731907325113e+00 5.443235070642e-03 9.350799000126e-01 6.850374430393e-01 8.624769019424e-06
12 50 0 0.35521938 0.32196198 0.31549040 0.29663338 0.29810770 1.662449417491e+00 4.067560341695e-03 8.980079322516e-01 7.091687519436e-01 2.148500978280e-05
12 51 0 0.35521938 0.32196198 0.31549040 0.29663338 0.29810770 1.978702812900e+00 5.303412964719e-03 1.287044550480e+00 7.360702566745e-01 3.118025547069e-05
12 52 0 0.35521938 0.32196198 0.31549040 0.29663338 0.29810770 1.734911994588e+00 5.925593263711e-03 1.424825326833e+00 7.697689929130e-01 3.699313741127e-05
12 53 0 0.35521938 0.32196198 0.31549040 0.29663338 0.29810770 2.194210091981e+00 4.731532621544e-03 1.091257241157e+00 8.026429288690e-01 5.234441997245e-05
12 54 0 0.35521938 0.32196198 0.31549040 0.29663338 0.29810770 1.936441876420e+00 6.992017669869e-03 1.084079522475e+00 8.260241737274e-01 8.745946284564e-05
12 55 0 0.35521938 0.32196198 0.31549040 0.29663338 0.29810770 2.445020437000e+00 5.824358916804e-03 1.562023143704e+00 8.512296876986e-01 1.275174286167e-04
12 56 0 0.35521938 0.32196198 0.31549040 0.29663338 0.29810770 2.295793843314e+00 6.308784291700e-03 1.662308132767e+00 8.944646273977e-01 1.380169073550e-04
12 57 0 0.35521938 0.32196198 0.31549040 0.29663338 0.29810770 2.667558963565e+00 4.680107698695e-03 1.359808244904e+00 9.435822560763e-01 1.027867859523e-04
12 58 0 0.35521938 0.32196198 0.31549040 0.29663338 0.29810770 2.382520969443e+00 4.368129793859e-03 1.593011139512e+00 9.730181580891e-01 5.257418734423e-05
12 59 0 0.35521938 0.32196198 0.31549040 0.29663338 0.29810770 2.929714179721e+00 8.235882508872e-03 2.206222741047e+00 9.917984901262e-01 3.920845636579e-05
12 60 0 0.35521938 0.32196198 0.31549040 0.29663338 0.29810770 2.710878695755e+00 1.077429768741e-02 2.142806217085e+00 1.035086923050e+00 7.355041060519e-05
12 61 0 0.35521938 0.32196198 0.31549040 0.29663338 0.29810770 3.258955842891e+00 6.547130917711e-03 1.701450219933e+00 1.101459406062e+00 1.034865771783e-04
12 62 0 0.35521938 0.32196198 0.31549040 0.29663338 0.29810770 3.131810828526e+00 5.528317031358e-03 2.002877968422e+00 1.147966704379e+00 7.470612512701e-05
12 63 0 0.35521938 0.32196198 0.31549040 0.29663338 0.29810770 3.292376696822e+00 5.624670365252e-03 2.598003381655e+00 1.164426612378e+00 1.298718688581e-05
13 0 0 4.07865330 1.31008368 2.07231109 1.26476905 1.14714845 3.474749225406e+04 7.430337344652e-02 1.199904893737e+01 1.041810300074e-01 1.635047365328e-02
13 1 0 4.07865330 1.31008368 2.07231109 1.26476905 1.14714845 3.365211353617e+04 1.075016673680e-01 9.181761707275e+00 1.003613125218e-01 1.236253531937e-02
13 2 0 4.07865330 1.31008368 2.07231109 1.26476905 1.14714845 3.263599169375e+04 1.303443694183e-01 4.107372165318e+00 9.666853551265e-02 1.026386398319e-02
13 3 0 4.07865330 1.31008368 2.07231109 1.26476905 1.14714845 3.150077585308e+04 1.183604330149e-01 1.277767513478e+00 9.310271851192e-02 9.944539244641e-03
13 4 0 4.07865330 1.31008368 2.07231109 1.26476905 1.14714845 3.033607689073e+04 8.973906585296e-02 2.539041636876e+00 8.966388037988e-02 1.122082535712e-02
13 5 0 4.07865330 1.31008368 2.07231109 1.26476905 1.14714845 2.932555009126e+04 8.186609054856e-02 5.420382572919e+00 8.635203930524e-02 1.384959664520e-02
13 6 0 4.07865330 1.31008368 2.07231109 1.26476905 1.14714845 2.839329325016e+04 1.050185888606e-01 6.367464267296e+00 8.316721280497e-02 1.754457144131e-02
13 7 0 4.07865330 1.31008368 2.07231109 1.26476905 1.14714845 2.744767131564e+04 1.310106214265e-01 4.428708289297e+00 8.010941772431e-02 2.199337071704e-02
13 8 0 4.07865330 1.31008368 2.07231109 1.26476905 1.14714845 2.652002999429e+04 1.293683556971e-01 1.507795219631e+00 7.717867023652e-02 2.687445428247e-02
13 9 0 4.07865330 1.31008368 2.07231109 1.26476905 1.14714845 2.554272344100e+04 1.050106666163e-01 1.626278318254e-01 7.437498584293e-02 3.187307448121e-02
13 10 0 4.07865330 1.31008368 2.07231109 1.26476905 1.14714845 2.457391082166e+04 9.144008839398e-02 1.027893144514e+00 7.169837937279e-02 3.669551588720e-02
13 11 0 4.07865330 1.31008368 2.07231109 1.26476905 1.14714845 2.374065245166e+04 1.092934589368e-01 2.513337659859e+00 6.914886498321e-02 4.108104886484e-02
13 12 0 4.07865330 1.31008368 2.07231109 1.26476905 1.14714845 2.291852914782e+04 1.415784413942e-01 2.857748866288e+00 6.672645615909e-02 4.481120310016e-02
13 13 0 4.07865330 1.31008368 2.07231109 1.26476905 1.14714845 2.215155314593e+04 1.547695513982e-01 1.781302042023e+00 6.443116571303e-02 4.771615211725e-02
13 14 0 4.07865330 1.31008368 2.07231109 1.26476905 1.14714845 2.150506194008e+04 1.388340195270e-01 5.078263771209e-01 6.226300578529e-02 4.967817957444e-02
13 15 0 4.07865330 1.31008368 2.07231109 1.26476905 1.14714845 2.080937986568e+04 1.178889745045e-01 2.816998852585e-01 6.022198784371e-02 5.063236216083e-02
13 16 0 4.07865330 1.31008368 2.07231109 1.26476905 1.14714845 2.013462172363e+04 1.201634000867e-01 9.359140330081e-01 5.830812268364e-02 5.056474332445e-02
13 17 0 4.07865330 1.31008368 2.07231109 1.26476905 1.14714845 1.961112873247e+04 1.444036974259e-01 1.325814311679e+00 5.652142042790e-02 4.950838023228e-02
13 18 0 4.07865330 1.31008368 2.07231109 1.26476905 1.14714845 1.912774166557e+04 1.621318753157e-01 8.124394518326e-01 5.486189052672e-02 4.753771919420e-02
13 19 0 4.07865330 1.31008368 2.07231109 1.26476905 1.14714845 1.868456821638e+04 1.512753173836e-01 7.150203261462e-02 5.332954175769e-02 4.476179083526e-02
13 20 0 4.07865330 1.31008368 2.07231109 1.26476905 1.14714845 1.831316416623e+04 1.206408647951e-01 3.151842621069e-01 5.192438222572e-02 4.131671672354e-02
13 21 0 4.07865330 1.31008368 2.07231109 1.26476905 1.14714845 1.794433053679e+04 9.784124781032e-02 1.727833253936e+00 5.064641936297e-02 3.735798746513e-02
13 22 0 4.07865330 1.31008368 2.07231109 1.26476905 1.14714845 1.761393500566e+04 9.706299983641e-02 3.183156796679e+00 4.949565992884e-02 3.305291395942e-02
13 23 0 4.07865330 1.31008368 2.07231109 1.26476905 1.14714845 1.736116213301e+04 1.048363322922e-01 3.373026067251e+00 4.847211000994e-02 2.857357554792e-02
13 24 0 4.07865330 1.31008368 2.07231109 1.26476905 1.14714845 1.707318015103e+04 9.834569730355e-02 2.122533617966e+00 4.757577502003e-02 2.409049908136e-02
13 25 0 4.07865330 1.31008368 2.07231109 1.26476905 1.14714845 1.672641535930e+04 7.248515576607e-02 7.580638950465e-01 4.680665970001e-02 1.976720965452e-02
13 26 0 4.07865330 1.31008368 2.07231109 1.26476905 1.14714845 1.648875994054e+04 4.404410334554e-02 7.700209108854e-01 4.616476811787e-02 1.575570477888e-02
13 27 0 4.07865330 1.31008368 2.07231109 1.26476905 1.14714845 1.636824604332e+04 3.059176962097e-02 2.249355806941e+00 4.565010366872e-02 1.219282604966e-02
13 28 0 4.07865330 1.31008368 2.07231109 1.26476905 1.14714845 1.624358794401e+04 3.103648050567e-02 3.802034044860e+00 4.526266907473e-02 9.197441509491e-03
13 29 0 4.07865330 1.31008368 2.07231109 1.26476905 1.14714845 1.608927281152e+04 3.028898731506e-02 3.792275816936e+00 4.500246638510e-02 6.868311762516e-03
13 30 0 4.07865330 1.31008368 2.07231109 1.26476905 1.14714845 1.590496190846e+04 1.995395521422e-02 2.082731941384e+00 4.486949697610e-02 5.282495314500e-03
13 31 0 4.07865330 1.31008368 2.07231109 1.26476905 1.14714845 1.584868312677e+04 8.466188918641e-03 3.546554279885e-01 4.486376155104e-02 4.494153410948e-03
13 32 0 4.07865330 1.31008368 2.07231109 1.26476905 1.14714845 1.609861821871e+04 8.925796851736e-03 3.066675600341e-01 4.498526014026e-02 4.533639631366e-03
13 33 0 4.07865330 1.31008368 2.07231109 1.26476905 1.14714845 1.642079574124e+04 2.131543452073e-02 1.954769844501e+00 4.523399210111e-02 5.406800723885e-03
13 34 0 4.07865330 1.31008368 2.07231109 1.26476905 1.14714845 1.660013215749e+04 3.237717682703e-02 3.635334543330e+00 4.560995611802e-02 7.094467266149e-03
13 35 0 4.07865330 1.31008368 2.07231109 1.26476905 1.14714845 1.673304445730e+04 3.345970083282e-02 3.666979943022e+00 4.611315020242e-02 9.552169393633e-03
13 36 0 4.07865330 1.31008368 2.07231109 1.26476905 1.14714845 1.689874871497e+04 3.310841106126e-02 2.147085037751e+00 4.674357169282e-02 1.271016729283e-02
13 37 0 4.07865330 1.31008368 2.07231109 1.26476905 1.14714845 1.716573773969e+04 4.698192124706e-02 6.828847362941e-01 4.750121725480e-02 1.647393179069e-02
13 38 0 4.07865330 1.31008368 2.07231109 1.26476905 1.14714845 1.752902778459e+04 7.648089056796e-02 6.543073915463e-01 4.838608288102e-02 2.072524124232e-02
13 39 0 4.07865330 1.31008368 2.07231109 1.26476905 1.14714845 1.783098681023e+04 1.034780525326e-01 1.982091327494e+00 4.939816389124e-02 2.532407227276e-02
13 40 0 4.07865330 1.31008368 2.07231109 1.26476905 1.14714845 1.809027591519e+04 1.102297490251e-01 3.204111060382e+00 5.053745493237e-02 3.011145062150e-02
13 41 0 4.07865330 1.31008368 2.07231109 1.26476905 1.14714845 1.846394574289e+04 1.016901344981e-01 3.003411002071e+00 5.180394997845e-02 3.491339314169e-02
13 42 0 4.07865330 1.31008368 2.07231109 1.26476905 1.14714845 1.892416115401e+04 1.017132425275e-01 1.573723641151e+00 5.319764233075e-02 3.954601377283e-02
13 43 0 4.07865330 1.31008368 2.07231109 1.26476905 1.14714845 1.939475489196e+04 1.248417142139e-01 2.444557607502e-01 5.471852461774e-02 4.382178798797e-02
13 44 0 4.07865330 1.31008368 2.07231109 1.26476905 1.14714845 1.993840166791e+04 1.565978110887e-01 1.093271589959e-01 5.636658879518e-02 4.755687671594e-02
13 45 0 4.07865330 1.31008368 2.07231109 1.26476905 1.14714845 2.056554989019e+04 1.679467432244e-01 9.042923772126e-01 5.814182614611e-02 5.057930862057e-02
13 46 0 4.07865330 1.31008368 2.07231109 1.26476905 1.14714845 2.122081363501e+04 1.493238862023e-01 1.364250125865e+00 6.004422728095e-02 5.273771667560e-02
13 47 0 4.07865330 1.31008368 2.07231109 1.26476905 1.14714845 2.198580978475e+04 1.238529745368e-01 8.722087527068e-01 6.207378213751e-02 5.391022969884e-02
13 48 0 4.07865330 1.31008368 2.07231109 1.26476905 1.14714845 2.278584509306e+04 1.217364175822e-01 2.089757134988e-01 6.423047998107e-02 5.401304048379e-02
13 49 0 4.07865330 1.31008368 2.07231109 1.26476905 1.14714845 2.350253748861e+04 1.444511518157e-01 6.013631742400e-01 6.651430940442e-02 5.300811742566e-02
13 50 0 4.07865330 1.31008368 2.07231109 1.26476905 1.14714845 2.431364167718e+04 1.620637481251e-01 2.136663108250e+00 6.892525832793e-02 5.090950293621e-02
13 51 0 4.07865330 1.31008368 2.07231109 1.26476905 1.14714845 2.522187555342e+04 1.489107017762e-01 3.370723052301e+00 7.146331399958e-02 4.778765458404e-02
13 52 0 4.07865330 1.31008368 2.07231109 1.26476905 1.14714845 2.609610667031e+04 1.157292547763e-01 2.954951234803e+00 7.412846299511e-02 4.377133665959e-02
13 53 0 4.07865330 1.31008368 2.07231109 1.26476905 1.14714845 2.705851356413e+04 9.831281961323e-02 1.252082874249e+00 7.692069121800e-02 3.904666104783e-02
13 54 0 4.07865330 1.31008368 2.07231109 1.26476905 1.14714845 2.803993737153e+04 1.146182894533e-01 2.413587022177e-01 7.983998389958e-02 3.385300444101e-02
13 55 0 4.07865330 1.31008368 2.07231109 1.26476905 1.14714845 2.892909036302e+04 1.421581419229e-01 1.694288846640e+00 8.288632559913e-02 2.847568881389e-02
13 56 0 4.07865330 1.31008368 2.07231109 1.26476905 1.14714845 2.986538349103e+04 1.447179561036e-01 4.911823380760e+00 8.605970020394e-02 2.323549591334e-02
13 57 0 4.07865330 1.31008368 2.07231109 1.26476905 1.14714845 3.086609604477e+04 1.170365271335e-01 7.040684917068e+00 8.936009092938e-02 1.847528425762e-02
13 58 0 4.07865330 1.31008368 2.07231109 1.26476905 1.14714845 3.195209611041e+04 9.211488967753e-02 5.981737481072e+00 9.278748031904e-02 1.454417709147e-02
13 59 0 4.07865330 1.31008368 2.07231109 1.26476905 1.14714845 3.318242967147e+04 1.004960380347e-01 2.791924168910e+00 9.634185024473e-02 1.177997917631e-02
13 60 0 4.07865330 1.31008368 2.07231109 1.26476905 1.14714845 3.440061933839e+04 1.311369281900e-01 1.337332743792e+00 1.000231819067e-01 1.049064624266e-02
13 61 0 4.07865330 1.31008368 2.07231109 1.26476905 1.14714845 3.551909310410e+04 1.435896945520e-01 4.303883152374e+00 1.038314558336e-01 1.093576101032e-02
13 62 0 4.07865330 1.31008368 2.07231109 1.26476905 1.14714845 3.676692876324e+04 1.180010673255e-01 9.682337415783e+00 1.077666518828e-01 1.330905292681e-02
13 63 0 4.07865330 1.31008368 2.07231109 1.26476905 1.14714845 3.826473826441e+04 8.061125821603e-02 1.263345172888e+01 1.118287492401e-01 1.772302642364e-02
14 0 0 0.63342620 0.52939020 0.51727492 0.45485012 0.46928399 2.072623145828e+01 1.236757465081e-02 8.953848771236e+00 1.606392432927e+00 5.995684156951e-05
14 1 0 0.63342620 0.52939020 0.51727492 0.45485012 0.46928399 2.131773358070e+01 1.156103670598e-02 7.529574390350e+00 1.548714503417e+00 3.187766875400e-04
14 2 0 0.63342620 0.52939020 0.51727492 0.45485012 0.46928399 1.816671815210e+01 1.610647938035e-02 8.847408241705e+00 1.492822340856e+00 4.362917968713e-04
14 3 0 0.63342620 0.52939020 0.51727492 0.45485012 0.46928399 1.913859354264e+01 8.566619969476e-03 8.642585854304e+00 1.438715996473e+00 3.181711251280e-04
14 4 0 0.63342620 0.52939020 0.51727492 0.45485012 0.46928399 1.677959721624e+01 8.442425352960e-03 5.985473273837e+00 1.386395519860e+00 1.799386946446e-04
14 5 0 0.63342620 0.52939020 0.51727492 0.45485012 0.46928399 1.693751314748e+01 1.333066480182e-02 4.918446922505e+00 1.335860958975e+00 2.250331818728e-04
14 6 0 0.63342620 0.52939020 0.51727492 0.45485012 0.46928399 1.570098115068e+01 1.309143626382e-02 5.914525968908e+00 1.287112360135e+00 4.147885931500e-04
14 7 0 0.63342620 0.52939020 0.51727492 0.45485012 0.46928399 1.530376227674e+01 7.775884647650e-03 5.512617330924e+00 1.240149768024e+00 5.543205416181e-04
14 8 0 0.63342620 0.52939020 0.51727492 0.45485012 0.46928399 1.392129652295e+01 1.066832478892e-02 3.824249420659e+00 1.194973225686e+00 5.252127199009e-04
14 9 0 0.63342620 0.52939020 0.51727492 0.45485012 0.46928399 1.401904862097e+01 9.737328042262e-03 3.760543182568e+00 1.151582774529e+00 3.811370540585e-04
14 10 0 0.63342620 0.52939020 0.51727492 0.45485012 0.46928399 1.290458147847e+01 1.198492915640e-02 4.625835326815e+00 1.109978454323e+00 2.447022052068e-04
14 11 0 0.63342620 0.52939020 0.51727492 0.45485012 0.46928399 1.226969541834e+01 1.284772239899e-02 3.860477599651e+00 1.070160303204e+00 1.720948138936e-04
14 12 0 0.63342620 0.52939020 0.51727492 0.45485012 0.46928399 1.223586815292e+01 6.464112200625e-03 2.437510848770e+00 1.032128357668e+00 1.338606409283e-04
14 13 0 0.63342620 0.52939020 0.51727492 0.45485012 0.46928399 1.113740245357e+01 1.084809815788e-02 2.478896378086e+00 9.958826525718e-01 8.873661711234e-05
14 14 0 0.63342620 0.52939020 0.51727492 0.45485012 0.46928399 1.096417728596e+01 1.122199230824e-02 2.882868223298e+00 9.614232211405e-01 4.072991029777e-05
14 15 0 0.63342620 0.52939020 0.51727492 0.45485012 0.46928399 1.037643679921e+01 1.082015652736e-02 2.091223745862e+00 9.287500949574e-01 3.213294214199e-05
14 16 0 0.63342620 0.52939020 0.51727492 0.45485012 0.46928399 1.029114351593e+01 7.503507981259e-03 1.398486119050e+00 8.978633039712e-01 1.066879903650e-04
14 17 0 0.63342620 0.52939020 0.51727492 0.45485012 0.46928399 9.335329346940e+00 7.650633062735e-03 1.907434948159e+00 8.687628764914e-01 2.775900992276e-04
14 18 0 0.63342620 0.52939020 0.51727492 0.45485012 0.46928399 9.968906423965e+00 1.023111697902e-02 2.173407639222e+00 8.414488391914e-01 5.026315808038e-04
14 19 0 0.63342620 0.52939020 0.51727492 0.45485012 0.46928399 8.612512909286e+00 7.504130486949e-03 1.385334509874e+00 8.159212171063e-01 6.791925752562e-04
14 20 0 0.63342620 0.52939020 0.51727492 0.45485012 0.46928399 9.174732427719e+00 8.465751088304e-03 9.269683003165e-01 7.921800336346e-01 6.934842612680e-04
14 21 0 0.63342620 0.52939020 0.51727492 0.45485012 0.46928399 8.311968591451e+00 4.867086501676e-03 1.281916487042e+00 7.702253105368e-01 5.151963366990e-04
14 22 0 0.63342620 0.52939020 0.51727492 0.45485012 0.46928399 8.800382227706e+00 6.072892454321e-03 1.218626108981e+00 7.500570679364e-01 2.491388935429e-04
14 23 0 0.63342620 0.52939020 0.51727492 0.45485012 0.46928399 7.852677692600e+00 8.417334464152e-03 6.540434225801e-01 7.316753243190e-01 6.205571821881e-05
14 24 0 0.63342620 0.52939020 0.51727492 0.45485012 0.46928399 8.596626466751e+00 5.047829062744e-03 7.282689291621e-01 7.150800965333e-01 3.200673409604e-05
14 25 0 0.63342620 0.52939020 0.51727492 0.45485012 0.46928399 7.259912384261e+00 3.387587234579e-03 1.195517471115e+00 7.002713997899e-01 7.940412375485e-05
14 26 0 0.63342620 0.52939020 0.51727492 0.45485012 0.46928399 8.240254645693e+00 4.984256843762e-03 1.002315248730e+00 6.872492476622e-01 7.353318702456e-05
14 27 0 0.63342620 0.52939020 0.51727492 0.45485012 0.46928399 7.531948985867e+00 4.794519442066e-03 6.114490285898e-01 6.760136520863e-01 9.252086630888e-06
14 28 0 0.63342620 0.52939020 0.51727492 0.45485012 0.46928399 8.216495050677e+00 3.600775204872e-03 8.883513485093e-01 6.665646233603e-01 4.477054549943e-05
14 29 0 0.63342620 0.52939020 0.51727492 0.45485012 0.46928399 7.592249952767e+00 4.571985663474e-03 1.150431496774e+00 6.589021701450e-01 3.296400731010e-04
14 30 0 0.63342620 0.52939020 0.51727492 0.45485012 0.46928399 8.409151763701e+00 1.550220969566e-03 7.725534191484e-01 6.530262994639e-01 7.969037447463e-04
14 31 0 0.63342620 0.52939020 0.51727492 0.45485012 0.46928399 7.561536609214e+00 5.489877691209e-03 7.100742511862e-01 6.489370167025e-01 1.161477595751e-03
14 32 0 0.63342620 0.52939020 0.51727492 0.45485012 0.46928399 8.906396696651e+00 5.503605980987e-03 1.409184095768e+00 6.466343256091e-01 1.158501118035e-03
14 33 0 0.63342620 0.52939020 0.51727492 0.45485012 0.46928399 8.671890396542e+00 1.593613200196e-03 1.694022460879e+00 6.461182282942e-01 7.896336962149e-04
14 34 0 0.63342620 0.52939020 0.51727492 0.45485012 0.46928399 9.353181058949e+00 4.678023832163e-03 1.265483316185e+00 6.473887252309e-01 3.221900333286e-04
14 35 0 0.63342620 0.52939020 0.51727492 0.45485012 0.46928399 9.269513667580e+00 3.680310853996e-03 1.390306329795e+00 6.504458152547e-01 4.129781987642e-05
14 36 0 0.63342620 0.52939020 0.51727492 0.45485012 0.46928399 1.003608357353e+01 5.016072977943e-03 2.109173137930e+00 6.552894955635e-01 1.114295762430e-05
14 37 0 0.63342620 0.52939020 0.51727492 0.45485012 0.46928399 9.878935101968e+00 5.212116717667e-03 2.083063553774e+00 6.619197617177e-01 7.845741809681e-05
14 38 0 0.63342620 0.52939020 0.51727492 0.45485012 0.46928399 1.101145169186e+01 3.531599147795e-03 1.635108931346e+00 6.703366076400e-01 8.365356587921e-05
14 39 0 0.63342620 0.52939020 0.51727492 0.45485012 0.46928399 1.127618244347e+01 5.260929757134e-03 2.254805513841e+00 6.805400256158e-01 3.451285592716e-05
14 40 0 0.63342620 0.52939020 0.51727492 0.45485012 0.46928399 1.149611239599e+01 8.699687000551e-03 3.297671739165e+00 6.925300062928e-01 6.649291616058e-05
14 41 0 0.63342620 0.52939020 0.51727492 0.45485012 0.46928399 1.222437292873e+01 6.426754632285e-03 3.173041431746e+00 7.063065386813e-01 2.620938756963e-04
14 42 0 0.63342620 0.52939020 0.51727492 0.45485012 0.46928399 1.240481311222e+01 5.012144131139e-03 2.838451356916e+00 7.218696101537e-01 5.417515405018e-04
14 43 0 0.63342620 0.52939020 0.51727492 0.45485012 0.46928399 1.320165470569e+01 8.660106081410e-03 3.852626190641e+00 7.392192064455e-01 7.331668460559e-04
14 44 0 0.63342620 0.52939020 0.51727492 0.45485012 0.46928399 1.366011541578e+01 7.758211800201e-03 4.803609312307e+00 7.583553116541e-01 7.245442586250e-04
14 45 0 0.63342620 0.52939020 0.51727492 0.45485012 0.46928399 1.472103599728e+01 1.049458457301e-02 4.161299606852e+00 7.792779082400e-01 5.416745580781e-04
14 46 0 0.63342620 0.52939020 0.51727492 0.45485012 0.46928399 1.440062371546e+01 7.816859746103e-03 3.873169360502e+00 8.019869770255e-01 3.002744858636e-04
14 47 0 0.63342620 0.52939020 0.51727492 0.45485012 0.46928399 1.646291600700e+01 7.533033381972e-03 5.518337186377e+00 8.264824971964e-01 1.121787286566e-04
14 48 0 0.63342620 0.52939020 0.51727492 0.45485012 0.46928399 1.582538254206e+01 1.082924088703e-02 6.759391153625e+00 8.527644463001e-01 3.037071045306e-05
14 49 0 0.63342620 0.52939020 0.51727492 0.45485012 0.46928399 1.780293324298e+01 1.125698682296e-02 6.167982730838e+00 8.808328002475e-01 4.429705956115e-05
14 50 0 0.63342620 0.52939020 0.51727492 0.45485012 0.46928399 1.767841458800e+01 1.094669389292e-02 6.481813463859e+00 9.106875333111e-01 1.010004880967e-04
14 51 0 0.63342620 0.52939020 0.51727492 0.45485012 0.46928399 1.971234332667e+01 6.183864907670e-03 8.728224267997e+00 9.423286181273e-01 1.463701785898e-04
14 52 0 0.63342620 0.52939020 0.51727492 0.45485012 0.46928399 1.879975922495e+01 1.270265035358e-02 9.550523269942e+00 9.757560256931e-01 1.765382649648e-04
14 53 0 0.63342620 0.52939020 0.51727492 0.45485012 0.46928399 2.203140569111e+01 1.182757659551e-02 8.309003198406e+00 1.010969725371e+00 2.472403518508e-04
14 54 0 0.63342620 0.52939020 0.51727492 0.45485012 0.46928399 2.070898942052e+01 9.405241192964e-03 9.007557523811e+00 1.047969684885e+00 4.006397827313e-04
14 55 0 0.63342620 0.52939020 0.51727492 0.45485012 0.46928399 2.354690234637e+01 1.041699658426e-02 1.193861952516e+01 1.086755870320e+00 5.737536129270e-04
14 56 0 0.63342620 0.52939020 0.51727492 0.45485012 0.46928399 2.317530648033e+01 7.379086375473e-03 1.271085518474e+01 1.127328246126e+00 6.211088181197e-04
14 57 0 0.63342620 0.52939020 0.51727492 0.45485012 0.46928399 2.569168150303e+01 1.290232205392e-02 1.174989461846e+01 1.169686775115e+00 4.740880438654e-04
14 58 0 0.63342620 0.52939020 0.51727492 0.45485012 0.46928399 2.472743841506e+01 1.312431376911e-02 1.390296895594e+01 1.213831418464e+00 2.610710278462e-04
14 59 0 0.63342620 0.52939020 0.51727492 0.45485012 0.46928399 2.820818447057e+01 8.114280893195e-03 1.775460312621e+01 1.259762135707e+00 1.997738483140e-04
14 60 0 0.63342620 0.52939020 0.51727492 0.45485012 0.46928399 2.721243651493e+01 8.521568791019e-03 1.771408235400e+01 1.307478884749e+00 3.370131447805e-04
14 61 0 0.63342620 0.52939020 0.51727492 0.45485012 0.46928399 3.025545371794e+01 1.629721745230e-02 1.593834889318e+01 1.356981621849e+00 4.550150064884e-04
14 62 0 0.63342620 0.52939020 0.51727492 0.45485012 0.46928399 3.051410435814e+01 1.160963616116e-02 1.848056574362e+01 1.408270301637e+00 3.252585960993e-04
14 63 0 0.63342620 0.52939020 0.51727492 0.45485012 0.46928399 3.220580043191e+01 1.273067924300e-02 2.246091634236e+01 1.461344877102e+00 5.538658458320e-05
16 0 0 0.41339313 0.37851285 0.36113261 0.32304710 0.34508322 3.890490696795e+00 1.029127591867e+00 1.634635740306e-01 1.533497326540e-01 6.503116503085e-01
16 1 0 0.41339313 0.37851285 0.36113261 0.32304710 0.34508322 3.667467069242e+00 1.010194864109e+00 1.803494989741e-01 1.475109388384e-01 6.435797713072e-01
16 2 0 0.41339313 0.37851285 0.36113261 0.32304710 0.34508322 3.434453102173e+00 9.901258333625e-01 2.013728078641e-01 1.388133909239e-01 6.246906903228e-01
16 3 0 0.41339313 0.37851285 0.36113261 0.32304710 0.34508322 3.213389279764e+00 9.603472844258e-01 2.176562720280e-01 1.437647668879e-01 6.307764346528e-01
16 4 0 0.41339313 0.37851285 0.36113261 0.32304710 0.34508322 3.071871484679e+00 9.260829067948e-01 2.235112149500e-01 1.343248442802e-01 6.100172635596e-01
16 5 0 0.41339313 0.37851285 0.36113261 0.32304710 0.34508322 3.023325996965e+00 9.100863978786e-01 2.185922470708e-01 1.309437016985e-01 5.966358068924e-01
16 6 0 0.41339313 0.37851285 0.36113261 0.32304710 0.34508322 3.054760034658e+00 8.839717082463e-01 2.070595736770e-01 1.371571253262e-01 6.047158849849e-01
16 7 0 0.41339313 0.37851285 0.36113261 0.32304710 0.34508322 3.086586887980e+00 8.658404155606e-01 1.945607339357e-01 1.247657560981e-01 5.735085402657e-01
16 8 0 0.41339313 0.37851285 0.36113261 0.32304710 0.34508322 3.034960111765e+00 8.367948337502e-01 1.849317091249e-01 1.255413890498e-01 5.734556273480e-01
16 9 0 0.41339313 0.37851285 0.36113261 0.32304710 0.34508322 2.980587220373e+00 8.003558648769e-01 1.784598430001e-01 1.274041021600e-01 5.724245177103e-01
16 10 0 0.41339313 0.37851285 0.36113261 0.32304710 0.34508322 2.914611899568e+00 7.724999951818e-01 1.724830618270e-01 1.151846229120e-01 5.445629934706e-01
16 11 0 0.41339313 0.37851285 0.36113261 0.32304710 0.34508322 2.805844686345e+00 7.437855924457e-01 1.637048670722e-01 1.159080003414e-01 5.514075953941e-01
16 12 0 0.41339313 0.37851285 0.36113261 0.32304710 0.34508322 2.694890888172e+00 7.269018553044e-01 1.506878718783e-01 1.135964410245e-01 5.426435338332e-01
16 13 0 0.41339313 0.37851285 0.36113261 0.32304710 0.34508322 2.550749434805e+00 7.046991351550e-01 1.350197917425e-01 1.029405886204e-01 5.232111518141e-01
16 14 0 0.41339313 0.37851285 0.36113261 0.32304710 0.34508322 2.400398842032e+00 6.824000746387e-01 1.205267667133e-01 1.017391159215e-01 5.300079946019e-01
16 15 0 0.41339313 0.37851285 0.36113261 0.32304710 0.34508322 2.280783093978e+00 6.559785491572e-01 1.110774337753e-01 9.780405545747e-02 5.180181774101e-01
16 16 0 0.41339313 0.37851285 0.36113261 0.32304710 0.34508322 2.196344938711e+00 6.305278100548e-01 1.083019965829e-01 8.897550674968e-02 5.055194104194e-01
16 17 0 0.41339313 0.37851285 0.36113261 0.32304710 0.34508322 2.145193710445e+00 6.174539431166e-01 1.105379438602e-01 8.706407923859e-02 5.097836344438e-01
16 18 0 0.41339313 0.37851285 0.36113261 0.32304710 0.34508322 2.080921614884e+00 6.029441876209e-01 1.135722698116e-01 8.325348708958e-02 4.976264393837e-01
16 19 0 0.41339313 0.37851285 0.36113261 0.32304710 0.34508322 2.000318485924e+00 5.976025914233e-01 1.127381910933e-01 7.737396359142e-02 4.915544320435e-01
16 20 0 0.41339313 0.37851285 0.36113261 0.32304710 0.34508322 1.902597126037e+00 5.858401469441e-01 1.052128075952e-01 7.588123272845e-02 4.919445405024e-01
16 21 0 0.41339313 0.37851285 0.36113261 0.32304710 0.34508322 1.775834493500e+00 5.726361266894e-01 9.131404643511e-02 7.355943865094e-02 4.852560809552e-01
16 22 0 0.41339313 0.37851285 0.36113261 0.32304710 0.34508322 1.642946037122e+00 5.649752129960e-01 7.418858978072e-02 7.153280305662e-02 4.826901655949e-01
16 23 0 0.41339313 0.37851285 0.36113261 0.32304710 0.34508322 1.519539170089e+00 5.575794249720e-01 5.815494658751e-02 6.991191127902e-02 4.813866378982e-01
16 24 0 0.41339313 0.37851285 0.36113261 0.32304710 0.34508322 1.393999580063e+00 5.612393981216e-01 4.663637803042e-02 7.083541307563e-02 4.846429800710e-01
16 25 0 0.41339313 0.37851285 0.36113261 0.32304710 0.34508322 1.244503884438e+00 5.605650881885e-01 4.075148757732e-02 7.099585855644e-02 4.788628197591e-01
16 26 0 0.41339313 0.37851285 0.36113261 0.32304710 0.34508322 1.095875714015e+00 5.612036940600e-01 3.919942512898e-02 6.868300059716e-02 4.842396672461e-01
16 27 0 0.41339313 0.37851285 0.36113261 0.32304710 0.34508322 9.636186033535e-01 5.573864888237e-01 3.935190867828e-02 7.348422370323e-02 4.922301284002e-01
16 28 0 0.41339313 0.37851285 0.36113261 0.32304710 0.34508322 8.385717435592e-01 5.519550503039e-01 3.884725749149e-02 7.221504079340e-02 4.825987232833e-01
16 29 0 0.41339313 0.37851285 0.36113261 0.32304710 0.34508322 7.383238514260e-01 5.564051415039e-01 3.678685216126e-02 7.020576429781e-02 5.011950354201e-01
16 30 0 0.41339313 0.37851285 0.36113261 0.32304710 0.34508322 6.420501988042e-01 5.574410131247e-01 3.393312464864e-02 7.674874440369e-02 5.035275434536e-01
16 31 0 0.41339313 0.37851285 0.36113261 0.32304710 0.34508322 5.335870385000e-01 5.665933673245e-01 3.190833990350e-02 7.197604711063e-02 5.005263237281e-01
16 32 0 0.41339313 0.37851285 0.36113261 0.32304710 0.34508322 4.314447397752e-01 5.698459910827e-01 3.195547373006e-02 7.180712373338e-02 5.276930043725e-01
16 33 0 0.41339313 0.37851285 0.36113261 0.32304710 0.34508322 3.413152497499e-01 5.680559287802e-01 3.404335462210e-02 7.651891502624e-02 5.235041348158e-01
16 34 0 0.41339313 0.37851285 0.36113261 0.32304710 0.34508322 2.724166924641e-01 5.717134110484e-01 3.686817245997e-02 6.990842984706e-02 5.369821270871e-01
16 35 0 0.41339313 0.37851285 0.36113261 0.32304710 0.34508322 2.142918577816e-01 5.723325848071e-01 3.875847532666e-02 7.167065883142e-02 5.621140468104e-01
16 36 0 0.41339313 0.37851285 0.36113261 0.32304710 0.34508322 1.562193049856e-01 5.831687599349e-01 3.893749321904e-02 7.302021192734e-02 5.628995240457e-01
16 37 0 0.41339313 0.37851285 0.36113261 0.32304710 0.34508322 1.078997192348e-01 5.926550390655e-01 3.834890312838e-02 6.826493572974e-02 5.892767085896e-01
16 38 0 0.41339313 0.37851285 0.36113261 0.32304710 0.34508322 6.853839451668e-02 6.001251951348e-01 3.946204175549e-02 7.057010090671e-02 6.100029432359e-01
16 39 0 0.41339313 0.37851285 0.36113261 0.32304710 0.34508322 3.998516854497e-02 6.056043003291e-01 4.504234876414e-02 7.071639155651e-02 6.251576348242e-01
16 40 0 0.41339313 0.37851285 0.36113261 0.32304710 0.34508322 2.606924324571e-02 6.073677160670e-01 5.649704731630e-02 6.999916511839e-02 6.530952565964e-01
16 41 0 0.41339313 0.37851285 0.36113261 0.32304710 0.34508322 2.408059050779e-02 6.182790127740e-01 7.272860596862e-02 7.189335357221e-02 6.782283970999e-01
16 42 0 0.41339313 0.37851285 0.36113261 0.32304710 0.34508322 3.209749169489e-02 6.301126367780e-01 9.023802389723e-02 7.438898982378e-02 7.046443748420e-01
16 43 0 0.41339313 0.37851285 0.36113261 0.32304710 0.34508322 4.827013929535e-02 6.499117808850e-01 1.045803040956e-01 7.702642647441e-02 7.307094310594e-01
16 44 0 0.41339313 0.37851285 0.36113261 0.32304710 0.34508322 7.052065846723e-02 6.674195568881e-01 1.125121263158e-01 7.891400503717e-02 7.689608238628e-01
16 45 0 0.41339313 0.37851285 0.36113261 0.32304710 0.34508322 1.000818688110e-01 6.800446548883e-01 1.137134339374e-01 8.519262995906e-02 7.988559906154e-01
16 46 0 0.41339313 0.37851285 0.36113261 0.32304710 0.34508322 1.342597259548e-01 6.986730469457e-01 1.111019514070e-01 8.931713218651e-02 8.298674173554e-01
16 47 0 0.41339313 0.37851285 0.36113261 0.32304710 0.34508322 1.762000395563e-01 7.176382495265e-01 1.094677191257e-01 9.136884964517e-02 8.826916783676e-01
16 48 0 0.41339313 0.37851285 0.36113261 0.32304710 0.34508322 2.387705235897e-01 7.497613201795e-01 1.130761032966e-01 1.003401719415e-01 9.135085294706e-01
16 49 0 0.41339313 0.37851285 0.36113261 0.32304710 0.34508322 3.194141482719e-01 7.848496441994e-01 1.235084310916e-01 1.044291782366e-01 9.561909902023e-01
16 50 0 0.41339313 0.37851285 0.36113261 0.32304710 0.34508322 4.157249259392e-01 8.196456174425e-01 1.389448988174e-01 1.051917437547e-01 1.021928904916e+00
16 51 0 0.41339313 0.37851285 0.36113261 0.32304710 0.34508322 5.123741135190e-01 8.514304708404e-01 1.553282507679e-01 1.158299104875e-01 1.052462172957e+00
16 52 0 0.41339313 0.37851285 0.36113261 0.32304710 0.34508322 5.994533459689e-01 8.799517670084e-01 1.687748091182e-01 1.179472147037e-01 1.111528269630e+00
16 53 0 0.41339313 0.37851285 0.36113261 0.32304710 0.34508322 6.870912243494e-01 9.192117966313e-01 1.778328534067e-01 1.163775650260e-01 1.185879709695e+00
16 54 0 0.41339313 0.37851285 0.36113261 0.32304710 0.34508322 7.554848936302e-01 9.597190118869e-01 1.842080649445e-01 1.286832728510e-01 1.214593139622e+00
16 55 0 0.41339313 0.37851285 0.36113261 0.32304710 0.34508322 8.200130685275e-01 1.013290030655e+00 1.914318569649e-01 1.262735576224e-01 1.297336789523e+00
16 56 0 0.41339313 0.37851285 0.36113261 0.32304710 0.34508322 8.764886249135e-01 1.059637746734e+00 2.021904167078e-01 1.249479200591e-01 1.368672816302e+00
16 57 0 0.41339313 0.37851285 0.36113261 0.32304710 0.34508322 8.819146438094e-01 1.096495763600e+00 2.159358471389e-01 1.376402172902e-01 1.406683433757e+00
16 58 0 0.41339313 0.37851285 0.36113261 0.32304710 0.34508322 8.847828658977e-01 1.138946566011e+00 2.283822948377e-01 1.309639487575e-01 1.512447425852e+00
16 59 0 0.41339313 0.37851285 0.36113261 0.32304710 0.34508322 9.228868735190e-01 1.172377272803e+00 2.334746964919e-01 1.346562945024e-01 1.573510473671e+00
16 60 0 0.41339313 0.37851285 0.36113261 0.32304710 0.34508322 9.953645760895e-01 1.225519611664e+00 2.269327832076e-01 1.445533753706e-01 1.642722683479e+00
16 61 0 0.41339313 0.37851285 0.36113261 0.32304710 0.34508322 1.094028938287e+00 1.277522077793e+00 2.093815873663e-01 1.398380938337e-01 1.750958466486e+00
16 62 0 0.41339313 0.37851285 0.36113261 0.32304710 0.34508322 1.179602661943e+00 1.321954522854e+00 1.870867145116e-01 1.494544424431e-01 1.819881621417e+00
16 63 0 0.41339313 0.37851285 0.36113261 0.32304710 0.34508322 1.236789835951e+00 1.362154440619e+00 1.695212288661e-01 1.559167657297e-01 1.919563328013e+00
18 0 0 0.57545307 0.47291465 0.47917419 0.45131820 0.42711121 1.478520907491e+01 5.849771239131e-03 6.505186848859e+00 5.517753302191e+00 1.003874360122e-05
18 1 0 0.57545307 0.47291465 0.47917419 0.45131820 0.42711121 1.424708731039e+01 5.079778796662e-03 5.953476776259e+00 5.322590886974e+00 9.667461158272e-06
18 2 0 0.57545307 0.47291465 0.47917419 0.45131820 0.42711121 1.371646238805e+01 3.997012833109e-03 5.444721254360e+00 5.133833932440e+00 9.308544168773e-06
18 3 0 0.57545307 0.47291465 0.47917419 0.45131820 0.42711121 1.311120455760e+01 3.193832570305e-03 4.986208929834e+00 4.951488342339e+00 8.961992841064e-06
18 4 0 0.57545307 0.47291465 0.47917419 0.45131820 0.42711121 1.247416992236e+01 2.866756444829e-03 4.579939793728e+00 4.775561098403e+00 8.627807376300e-06
18 5 0 0.57545307 0.47291465 0.47917419 0.45131820 0.42711121 1.193724445448e+01 2.636659394306e-03 4.221838817280e+00 4.606060254226e+00 8.305987968468e-06
18 6 0 0.57545307 0.47291465 0.47917419 0.45131820 0.42711121 1.142123665213e+01 2.179433825376e-03 3.904559755219e+00 4.442994928831e+00 7.996534804331e-06
18 7 0 0.57545307 0.47291465 0.47917419 0.45131820 0.42711121 1.093839229511e+01 1.688063481604e-03 3.621841820701e+00 4.286375299897e+00 7.699448063554e-06
18 8 0 0.57545307 0.47291465 0.47917419 0.45131820 0.42711121 1.055037252681e+01 1.535755143932e-03 3.371573437835e+00 4.136212596644e+00 7.414727918547e-06
18 9 0 0.57545307 0.47291465 0.47917419 0.45131820 0.42711121 1.017911602266e+01 1.709279069336e-03 3.155782190609e+00 3.992519092390e+00 7.142374534588e-06
18 10 0 0.57545307 0.47291465 0.47917419 0.45131820 0.42711121 9.808255472553e+00 1.851072924634e-03 2.977874575081e+00 3.855308096777e+00 6.882388069755e-06
18 11 0 0.57545307 0.47291465 0.47917419 0.45131820 0.42711121 9.452874910366e+00 1.795231733631e-03 2.839169717784e+00 3.724593947673e+00 6.634768674958e-06
18 12 0 0.57545307 0.47291465 0.47917419 0.45131820 0.42711121 9.068174830846e+00 1.778489834669e-03 2.737046344556e+00 3.600392002740e+00 6.399516493933e-06
18 13 0 0.57545307 0.47291465 0.47917419 0.45131820 0.42711121 8.718975357806e+00 2.040404290684e-03 2.665795337094e+00 3.482718630686e+00 6.176631663219e-06
18 14 0 0.57545307 0.47291465 0.47917419 0.45131820 0.42711121 8.395350681887e+00 2.434539069430e-03 2.619442513882e+00 3.371591202197e+00 5.966114312196e-06
18 15 0 0.57545307 0.47291465 0.47917419 0.45131820 0.42711121 8.049289973907e+00 2.621628003948e-03 2.594588167735e+00 3.267028080547e+00 5.767964563058e-06
18 16 0 0.57545307 0.47291465 0.47917419 0.45131820 0.42711121 7.747154252783e+00 2.542487341927e-03 2.591430257590e+00 3.169048611898e+00 5.582182530813e-06
18 17 0 0.57545307 0.47291465 0.47917419 0.45131820 0.42711121 7.470158966989e+00 2.477417963772e-03 2.612422296435e+00 3.077673115279e+00 5.408768323302e-06
18 18 0 0.57545307 0.47291465 0.47917419 0.45131820 0.42711121 7.156661920767e+00 2.622420486282e-03 2.659567339643e+00 2.992922872273e+00 5.247722041184e-06
18 19 0 0.57545307 0.47291465 0.47917419 0.45131820 0.42711121 6.860736562376e+00 2.804637498979e-03 2.732165419401e+00 2.914820116374e+00 5.099043777931e-06
18 20 0 0.57545307 0.47291465 0.47917419 0.45131820 0.42711121 6.588683114931e+00 2.733272310234e-03 2.826444751616e+00 2.843388022065e+00 4.962733619848e-06
18 21 0 0.57545307 0.47291465 0.47917419 0.45131820 0.42711121 6.328948825334e+00 2.408626514335e-03 2.937234718943e+00 2.778650693574e+00 4.838791646052e-06
18 22 0 0.57545307 0.47291465 0.47917419 0.45131820 0.42711121 6.126892684458e+00 2.110610951135e-03 3.060531681632e+00 2.720633153351e+00 4.727217928485e-06
18 23 0 0.57545307 0.47291465 0.47917419 0.45131820 0.42711121 5.958398790919e+00 2.007204868657e-03 3.195287323376e+00 2.669361330238e+00 4.628012531911e-06
18 24 0 0.57545307 0.47291465 0.47917419 0.45131820 0.42711121 5.834328587268e+00 1.947839696853e-03 3.343299395506e+00 2.624862047359e+00 4.541175513912e-06
18 25 0 0.57545307 0.47291465 0.47917419 0.45131820 0.42711121 5.770957690391e+00 1.712125681682e-03 3.507315628214e+00 2.587163009715e+00 4.466706924890e-06
18 26 0 0.57545307 0.47291465 0.47917419 0.45131820 0.42711121 5.707937420383e+00 1.334537562483e-03 3.688583699049e+00 2.556292791498e+00 4.404606808073e-06
18 27 0 0.57545307 0.47291465 0.47917419 0.45131820 0.42711121 5.653541574170e+00 1.048598087464e-03 3.885405763823e+00 2.532280823127e+00 4.354875199505e-06
18 28 0 0.57545307 0.47291465 0.47917419 0.45131820 0.42711121 5.648923602027e+00 9.585462597149e-04 4.093609116142e+00 2.515157378004e+00 4.317512128052e-06
18 29 0 0.57545307 0.47291465 0.47917419 0.45131820 0.42711121 5.647030892585e+00 9.205664018919e-04 4.308643893030e+00 2.504953559000e+00 4.292517615402e-06
18 30 0 0.57545307 0.47291465 0.47917419 0.45131820 0.42711121 5.667414319070e+00 7.855454859562e-04 4.528005813746e+00 2.501701284672e+00 4.279891676062e-06
18 31 0 0.57545307 0.47291465 0.47917419 0.45131820 0.42711121 5.740319635338e+00 6.291211056517e-04 4.752470424572e+00 2.505433275211e+00 4.279634317362e-06
18 32 0 0.57545307 0.47291465 0.47917419 0.45131820 0.42711121 5.834197528845e+00 6.331196802593e-04 4.985340887261e+00 2.516183038132e+00 4.291745539450e-06
18 33 0 0.57545307 0.47291465 0.47917419 0.45131820 0.42711121 5.962192969840e+00 8.068528962905e-04 5.230124414660e+00 2.533984853705e+00 4.316225335297e-06
18 34 0 0.57545307 0.47291465 0.47917419 0.45131820 0.42711121 6.108560984141e+00 9.706494119062e-04 5.488034288447e+00 2.558873760135e+00 4.353073690694e-06
18 35 0 0.57545307 0.47291465 0.47917419 0.45131820 0.42711121 6.248731583295e+00 1.028773898163e-03 5.756865403131e+00 2.590885538487e+00 4.402290584252e-06
18 36 0 0.57545307 0.47291465 0.47917419 0.45131820 0.42711121 6.427406488508e+00 1.120192381882e-03 6.031997021634e+00 2.630056697369e+00 4.463875987403e-06
18 37 0 0.57545307 0.47291465 0.47917419 0.45131820 0.42711121 6.627886957413e+00 1.407376679613e-03 6.308987312217e+00 2.676424457378e+00 4.537829864401e-06
18 38 0 0.57545307 0.47291465 0.47917419 0.45131820 0.42711121 6.821139987216e+00 1.805878123845e-03 6.586206812595e+00 2.730026735297e+00 4.624152172320e-06
18 39 0 0.57545307 0.47291465 0.47917419 0.45131820 0.42711121 7.076568703790e+00 2.069151821308e-03 6.865849689550e+00 2.790902128074e+00 4.722842861054e-06
18 40 0 0.57545307 0.47291465 0.47917419 0.45131820 0.42711121 7.365188612225e+00 2.131430180784e-03 7.152579644075e+00 2.859089896560e+00 4.833901873319e-06
18 41 0 0.57545307 0.47291465 0.47917419 0.45131820 0.42711121 7.643065615138e+00 2.209408001119e-03 7.450505550682e+00 2.934629949028e+00 4.957329144652e-06
18 42 0 0.57545307 0.47291465 0.47917419 0.45131820 0.42711121 7.936580678726e+00 2.486221193547e-03 7.760279004430e+00 3.017562824477e+00 5.093124603411e-06
18 43 0 0.57545307 0.47291465 0.47917419 0.45131820 0.42711121 8.214811257709e+00 2.817016976700e-03 8.078150771739e+00 3.107929675709e+00 5.241288170773e-06
18 44 0 0.57545307 0.47291465 0.47917419 0.45131820 0.42711121 8.467137541037e+00 2.900469026954e-03 8.397709430368e+00 3.205772252211e+00 5.401819760737e-06
18 45 0 0.57545307 0.47291465 0.47917419 0.45131820 0.42711121 8.726597410998e+00 2.699495254821e-03 8.713368692768e+00 3.311132882815e+00 5.574719280126e-06
18 46 0 0.57545307 0.47291465 0.47917419 0.45131820 0.42711121 8.956143543050e+00 2.506507213544e-03 9.023480568726e+00 3.424054458165e+00 5.759986628577e-06
18 47 0 0.57545307 0.47291465 0.47917419 0.45131820 0.42711121 9.202875965207e+00 2.534451886831e-03 9.331027520362e+00 3.544580412997e+00 5.957621698560e-06
18 48 0 0.57545307 0.47291465 0.47917419 0.45131820 0.42711121 9.512083955583e+00 2.610803312383e-03 9.641243736113e+00 3.672754708196e+00 6.167624375354e-06
18 49 0 0.57545307 0.47291465 0.47917419 0.45131820 0.42711121 9.796518239142e+00 2.431697955613e-03 9.957443931037e+00 3.808621812710e+00 6.389994537061e-06
18 50 0 0.57545307 0.47291465 0.47917419 0.45131820 0.42711121 1.009176066341e+01 2.024192652458e-03 1.027759632107e+01 3.952226685239e+00 6.624732054616e-06
18 51 0 0.57545307 0.47291465 0.47917419 0.45131820 0.42711121 1.043625415927e+01 1.736604428621e-03 1.059389415198e+01 4.103614755781e+00 6.871836791764e-06
18 52 0 0.57545307 0.47291465 0.47917419 0.45131820 0.42711121 1.075891333297e+01 1.752466670835e-03 1.089581463458e+01 4.262831906979e+00 7.131308605068e-06
18 53 0 0.57545307 0.47291465 0.47917419 0.45131820 0.42711121 1.109232692026e+01 1.842159325666e-03 1.117493510864e+01 4.429924455317e+00 7.403147343930e-06
18 54 0 0.57545307 0.47291465 0.47917419 0.45131820 0.42711121 1.147862420338e+01 1.739231500973e-03 1.142851579971e+01 4.604939132153e+00 7.687352850558e-06
18 55 0 0.57545307 0.47291465 0.47917419 0.45131820 0.42711121 1.188128625381e+01 1.589678644862e-03 1.165945579439e+01 4.787923064575e+00 7.983924959982e-06
18 56 0 0.57545307 0.47291465 0.47917419 0.45131820 0.42711121 1.235855031682e+01 1.774487761830e-03 1.187243489454e+01 4.978923756141e+00 8.292863500068e-06
18 57 0 0.57545307 0.47291465 0.47917419 0.45131820 0.42711121 1.284670457931e+01 2.335443655891e-03 1.206854198550e+01 5.177989067437e+00 8.614168291478e-06
18 58 0 0.57545307 0.47291465 0.47917419 0.45131820 0.42711121 1.328403490029e+01 2.880075831029e-03 1.224184647622e+01 5.385167196510e+00 8.947839147750e-06
18 59 0 0.57545307 0.47291465 0.47917419 0.45131820 0.42711121 1.374807566307e+01 3.167597897669e-03 1.238033780816e+01 5.600506659164e+00 9.293875875156e-06
18 60 0 0.57545307 0.47291465 0.47917419 0.45131820 0.42711121 1.415320428014e+01 3.516138828484e-03 1.247096609754e+01 5.824056269117e+00 9.652278272879e-06
18 61 0 0.57545307 0.47291465 0.47917419 0.45131820 0.42711121 1.444603637150e+01 4.354293273303e-03 1.250582594507e+01 6.055865118045e+00 1.002304613288e-05
18 62 0 0.57545307 0.47291465 0.47917419 0.45131820 0.42711121 1.477463321839e+01 5.515640907625e-03 1.248560837955e+01 6.295982555481e+00 1.040617923994e-05
18 63 0 0.57545307 0.47291465 0.47917419 0.45131820 0.42711121 1.512176807155e+01 6.360790552959e-03 1.241801736578e+01 6.544458168639e+00 1.080167737166e-05
20 0 0 0.34608513 0.30871309 0.30861469 0.30025758 0.28767516 1.838307549383e+00 3.569580543904e-03 9.036019728942e-01 1.145994770540e+00 3.350129789559e-05
20 1 0 0.34608513 0.30871309 0.30861469 0.30025758 0.28767516 1.773354498087e+00 2.598214146155e-03 7.913879144754e-01 1.122241432568e+00 3.991441782984e-05
20 2 0 0.34608513 0.30871309 0.30861469 0.30025758 0.28767516 1.720543168263e+00 1.064993973077e-03 5.964141380093e-01 1.079448160863e+00 3.405017940136e-05
20 3 0 0.34608513 0.30871309 0.30861469 0.30025758 0.28767516 1.595393190096e+00 2.191816839527e-03 6.071972716814e-01 1.024955704141e+00 2.788585908395e-05
20 4 0 0.34608513 0.30871309 0.30861469 0.30025758 0.28767516 1.490934138154e+00 3.713524717746e-03 6.656507506763e-01 1.003857103635e+00 4.747072124483e-05
20 5 0 0.34608513 0.30871309 0.30861469 0.30025758 0.28767516 1.443671935520e+00 2.254171517020e-03 5.448821482032e-01 9.571113666668e-01 8.974163246609e-05
20 6 0 0.34608513 0.30871309 0.30861469 0.30025758 0.28767516 1.361822273197e+00 8.805139479836e-04 4.282060167197e-01 9.201809724200e-01 1.203738764124e-04
20 7 0 0.34608513 0.30871309 0.30861469 0.30025758 0.28767516 1.297764468408e+00 1.900647972941e-03 4.945483160913e-01 8.942634151454e-01 1.148197579008e-04
20 8 0 0.34608513 0.30871309 0.30861469 0.30025758 0.28767516 1.298251588714e+00 2.435484472262e-03 5.433627443112e-01 8.546360586028e-01 8.683517440888e-05
20 9 0 0.34608513 0.30871309 0.30861469 0.30025758 0.28767516 1.258566308280e+00 1.780377095444e-03 4.299825934763e-01 8.260501525446e-01 6.798442910523e-05
20 10 0 0.34608513 0.30871309 0.30861469 0.30025758 0.28767516 1.180491295818e+00 1.449842592327e-03 3.502706939953e-01 7.982439453328e-01 6.752539896612e-05
20 11 0 0.34608513 0.30871309 0.30861469 0.30025758 0.28767516 1.142899051970e+00 1.131581953683e-03 4.072710254025e-01 7.689155991987e-01 6.534368439322e-05
20 12 0 0.34608513 0.30871309 0.30861469 0.30025758 0.28767516 1.112214541821e+00 1.246324086518e-03 4.144694402914e-01 7.414458103190e-01 4.390094228924e-05
20 13 0 0.34608513 0.30871309 0.30861469 0.30025758 0.28767516 1.065980631049e+00 2.012957732442e-03 3.146659102104e-01 7.188994515285e-01 1.429066075207e-05
20 14 0 0.34608513 0.30871309 0.30861469 0.30025758 0.28767516 1.035456787878e+00 1.652366509197e-03 2.913286205630e-01 6.954330132562e-01 2.760219870268e-06
20 15 0 0.34608513 0.30871309 0.30861469 0.30025758 0.28767516 1.013991475378e+00 6.990559037787e-04 3.660761922305e-01 6.690201901504e-01 1.802012417762e-05
20 16 0 0.34608513 0.30871309 0.30861469 0.30025758 0.28767516 9.926606737926e-01 9.545438972539e-04 3.599049258559e-01 6.555360455213e-01 4.295291743600e-05
20 17 0 0.34608513 0.30871309 0.30861469 0.30025758 0.28767516 9.591937171041e-01 1.445880388570e-03 2.743065354105e-01 6.319288013938e-01 5.909783224144e-05
20 18 0 0.34608513 0.30871309 0.30861469 0.30025758 0.28767516 9.036976537103e-01 1.314196503268e-03 2.721339814957e-01 6.119442278135e-01 6.890041730150e-05
20 19 0 0.34608513 0.30871309 0.30861469 0.30025758 0.28767516 8.661862973205e-01 9.794709330372e-04 3.282243134923e-01 6.049500727056e-01 8.644975995607e-05
20 20 0 0.34608513 0.30871309 0.30861469 0.30025758 0.28767516 8.475290288192e-01 5.141342435637e-04 2.997787699526e-01 5.795496105351e-01 1.114264217027e-04
20 21 0 0.34608513 0.30871309 0.30861469 0.30025758 0.28767516 8.123066932791e-01 7.944191853780e-04 2.384902952901e-01 5.711268620237e-01 1.231037739910e-04
20 22 0 0.34608513 0.30871309 0.30861469 0.30025758 0.28767516 7.935453452743e-01 1.593604081602e-03 2.721571605376e-01 5.643178447805e-01 1.035560443559e-04
20 23 0 0.34608513 0.30871309 0.30861469 0.30025758 0.28767516 7.945613503682e-01 1.023342105565e-03 3.279749039598e-01 5.413117154963e-01 6.034473002324e-05
20 24 0 0.34608513 0.30871309 0.30861469 0.30025758 0.28767516 7.690637882757e-01 2.169029719985e-04 2.915159585241e-01 5.447411473615e-01 2.001024305435e-05
20 25 0 0.34608513 0.30871309 0.30861469 0.30025758 0.28767516 7.526232875331e-01 9.385652118470e-04 2.494175969532e-01 5.332717339395e-01 1.450751750550e-06
20 26 0 0.34608513 0.30871309 0.30861469 0.30025758 0.28767516 7.598265501168e-01 1.268799592544e-03 2.986047642932e-01 5.196127991014e-01 2.364876211025e-06
20 27 0 0.34608513 0.30871309 0.30861469 0.30025758 0.28767516 7.382494118323e-01 5.162537589199e-04 3.398654068436e-01 5.297979588361e-01 1.239229357409e-05
20 28 0 0.34608513 0.30871309 0.30861469 0.30025758 0.28767516 7.315088388183e-01 4.809167112037e-04 2.958817004036e-01 5.139868110302e-01 3.128822238444e-05
20 29 0 0.34608513 0.30871309 0.30861469 0.30025758 0.28767516 7.700197170247e-01 8.010776585549e-04 2.796018203355e-01 5.146389632780e-01 6.612388843798e-05
20 30 0 0.34608513 0.30871309 0.30861469 0.30025758 0.28767516 7.688255228625e-01 6.451101390195e-04 3.502237897201e-01 5.242732009957e-01 1.122506405492e-04
20 31 0 0.34608513 0.30871309 0.30861469 0.30025758 0.28767516 7.484892486316e-01 6.044222162458e-04 3.822119261583e-01 5.096929087471e-01 1.464858633494e-04
20 32 0 0.34608513 0.30871309 0.30861469 0.30025758 0.28767516 7.844863577328e-01 6.081296283582e-04 3.337914624121e-01 5.244124413154e-01 1.457986807601e-04
20 33 0 0.34608513 0.30871309 0.30861469 0.30025758 0.28767516 8.042524091392e-01 6.585920123763e-04 3.413320841617e-01 5.284269806562e-01 1.107067605717e-04
20 34 0 0.34608513 0.30871309 0.30861469 0.30025758 0.28767516 7.851125366956e-01 8.216786974324e-04 4.285073686787e-01 5.227765646646e-01 6.474416384883e-05
20 35 0 0.34608513 0.30871309 0.30861469 0.30025758 0.28767516 8.187790849147e-01 4.970416646147e-04 4.492377639467e-01 5.461293964603e-01 3.059659204581e-05
20 36 0 0.34608513 0.30871309 0.30861469 0.30025758 0.28767516 8.707695471366e-01 5.422053539210e-04 3.987683727110e-01 5.447573022264e-01 1.209848720928e-05
20 37 0 0.34608513 0.30871309 0.30861469 0.30025758 0.28767516 8.800269969919e-01 1.328381469118e-03 4.306377900736e-01 5.535060608019e-01 2.135381167270e-06
20 38 0 0.34608513 0.30871309 0.30861469 0.30025758 0.28767516 9.068691991320e-01 9.924880486636e-04 5.268831265694e-01 5.779513001549e-01 1.841276992337e-06
20 39 0 0.34608513 0.30871309 0.30861469 0.30025758 0.28767516 9.514472331192e-01 2.353224756427e-04 5.261280992528e-01 5.767291912243e-01 2.226599714525e-05
20 40 0 0.34608513 0.30871309 0.30861469 0.30025758 0.28767516 9.685341199055e-01 1.068037736463e-03 4.726677742975e-01 5.999753094951e-01 6.504852742069e-05
20 41 0 0.34608513 0.30871309 0.30861469 0.30025758 0.28767516 1.003632331309e+00 1.683697629069e-03 5.388999567503e-01 6.203439352724e-01 1.096787447355e-04
20 42 0 0.34608513 0.30871309 0.30861469 0.30025758 0.28767516 1.061204169468e+00 8.594378106723e-04 6.560890587864e-01 6.268792978759e-01 1.288071422607e-04
20 43 0 0.34608513 0.30871309 0.30861469 0.30025758 0.28767516 1.095827417778e+00 5.408390518491e-04 6.433881975137e-01 6.593950283327e-01 1.158817190577e-04
20 44 0 0.34608513 0.30871309 0.30861469 0.30025758 0.28767516 1.138522750750e+00 1.014702696054e-03 5.930806869970e-01 6.761512627390e-01 9.047351314124e-05
20 45 0 0.34608513 0.30871309 0.30861469 0.30025758 0.28767516 1.195512723915e+00 1.373225630335e-03 6.854397790691e-01 6.952964736379e-01 7.350996600086e-05
20 46 0 0.34608513 0.30871309 0.30861469 0.30025758 0.28767516 1.222030605164e+00 1.514588007750e-03 7.951645372763e-01 7.302038101117e-01 6.379458383105e-05
20 47 0 0.34608513 0.30871309 0.30861469 0.30025758 0.28767516 1.239735739288e+00 9.981474978009e-04 7.437989268837e-01 7.490427234867e-01 4.608523601952e-05
20 48 0 0.34608513 0.30871309 0.30861469 0.30025758 0.28767516 1.278888739013e+00 7.016205191252e-04 6.986940584983e-01 7.796201025987e-01 1.891508592697e-05
20 49 0 0.34608513 0.30871309 0.30861469 0.30025758 0.28767516 1.334153399121e+00 1.663349916219e-03 8.441612199742e-01 8.136938441645e-01 2.806690518578e-06
20 50 0 0.34608513 0.30871309 0.30861469 0.30025758 0.28767516 1.403238839204e+00 2.055991208201e-03 9.775565827900e-01 8.410078380938e-01 1.538010830546e-05
20 51 0 0.34608513 0.30871309 0.30861469 0.30025758 0.28767516 1.460245619047e+00 1.266602961513e-03 9.146284950054e-01 8.770246598068e-01 4.625515258611e-05
20 52 0 0.34608513 0.30871309 0.30861469 0.30025758 0.28767516 1.515856085514e+00 1.107216284542e-03 8.877105576816e-01 9.136549235882e-01 6.782887915050e-05
20 53 0 0.34608513 0.30871309 0.30861469 0.30025758 0.28767516 1.606775660307e+00 1.418424570959e-03 1.062066848261e+00 9.506821703778e-01 7.021396853985e-05
20 54 0 0.34608513 0.30871309 0.30861469 0.30025758 0.28767516 1.668265689303e+00 1.756053343842e-03 1.161916375692e+00 9.871252195866e-01 7.330012025794e-05
20 55 0 0.34608513 0.30871309 0.30861469 0.30025758 0.28767516 1.693122931046e+00 2.411055153392e-03 1.044669313380e+00 1.033668145382e+00 9.709900765775e-05
20 56 0 0.34608513 0.30871309 0.30861469 0.30025758 0.28767516 1.797684678444e+00 1.866137301945e-03 1.040936055357e+00 1.074289499610e+00 1.289120024547e-04
20 57 0 0.34608513 0.30871309 0.30861469 0.30025758 0.28767516 1.934609680035e+00 8.227509480164e-04 1.281501172058e+00 1.113431702286e+00 1.339447412662e-04
20 58 0 0.34608513 0.30871309 0.30861469 0.30025758 0.28767516 2.006330911672e+00 2.204614903603e-03 1.394318661957e+00 1.173750369086e+00 9.913324295766e-05
20 59 0 0.34608513 0.30871309 0.30861469 0.30025758 0.28767516 2.106854240816e+00 3.691742354830e-03 1.267647023088e+00 1.209204770640e+00 5.264795442905e-05
20 60 0 0.34608513 0.30871309 0.30861469 0.30025758 0.28767516 2.231802169219e+00 2.139441285471e-03 1.299506781468e+00 1.261440408812e+00 3.092279214230e-05
20 61 0 0.34608513 0.30871309 0.30861469 0.30025758 0.28767516 2.266018852096e+00 9.954215187843e-04 1.553906219453e+00 1.329338015058e+00 3.570612230989e-05
20 62 0 0.34608513 0.30871309 0.30861469 0.30025758 0.28767516 2.303700640546e+00 2.592944627063e-03 1.592491783810e+00 1.357593301690e+00 3.940656987640e-05
20 63 0 0.34608513 0.30871309 0.30861469 0.30025758 0.28767516 2.410607168154e+00 3.574205741347e-03 1.402865357641e+00 1.434022037542e+00 3.189526177322e-05
21 0 0 0.41161052 0.37686201 0.35975272 0.32216105 0.34371961 4.454832112535e+00 9.158072773418e-01 1.842197234329e-01 1.760816728270e-01 6.490706086942e-01
21 1 0 0.41161052 0.37686201 0.35975272 0.32216105 0.34371961 4.246687990719e+00 8.991652108749e-01 2.002271008663e-01 1.646551748306e-01 6.346870991385e-01
21 2 0 0.41161052 0.37686201 0.35975272 0.32216105 0.34371961 4.006771558063e+00 8.842053432042e-01 2.209150754712e-01 1.613424668070e-01 6.282646483162e-01
21 3 0 0.41161052 0.37686201 0.35975272 0.32216105 0.34371961 3.803378907129e+00 8.524272322916e-01 2.370333803291e-01 1.608883163056e-01 6.261660818702e-01
21 4 0 0.41161052 0.37686201 0.35975272 0.32216105 0.34371961 3.676964759372e+00 8.271670739979e-01 2.425855689232e-01 1.474577194154e-01 5.984862232429e-01
21 5 0 0.41161052 0.37686201 0.35975272 0.32216105 0.34371961 3.635034539670e+00 8.097326980989e-01 2.371137036512e-01 1.525959528038e-01 6.054708205487e-01
21 6 0 0.41161052 0.37686201 0.35975272 0.32216105 0.34371961 3.694906644666e+00 7.869399614523e-01 2.248527558855e-01 1.501539836707e-01 5.927445426000e-01
21 7 0 0.41161052 0.37686201 0.35975272 0.32216105 0.34371961 3.722421825515e+00 7.736620593236e-01 2.115983893741e-01 1.381126504921e-01 5.671084859459e-01
21 8 0 0.41161052 0.37686201 0.35975272 0.32216105 0.34371961 3.668672003259e+00 7.440543710978e-01 2.012742739782e-01 1.457007585378e-01 5.799387489153e-01
21 9 0 0.41161052 0.37686201 0.35975272 0.32216105 0.34371961 3.615129653910e+00 7.138556774688e-01 1.941265989301e-01 1.391975937681e-01 5.577072756065e-01
21 10 0 0.41161052 0.37686201 0.35975272 0.32216105 0.34371961 3.529665255507e+00 6.879226594787e-01 1.873559653599e-01 1.296525483208e-01 5.430332823338e-01
21 11 0 0.41161052 0.37686201 0.35975272 0.32216105 0.34371961 3.418533548364e+00 6.622957624656e-01 1.775369484370e-01 1.339889796954e-01 5.523381766777e-01
21 12 0 0.41161052 0.37686201 0.35975272 0.32216105 0.34371961 3.286417044849e+00 6.478943230384e-01 1.632171994408e-01 1.256928745528e-01 5.298684637243e-01
21 13 0 0.41161052 0.37686201 0.35975272 0.32216105 0.34371961 3.116981059162e+00 6.282262057887e-01 1.461223221932e-01 1.173318918780e-01 5.228278180760e-01
21 14 0 0.41161052 0.37686201 0.35975272 0.32216105 0.34371961 2.956938643088e+00 6.086388815005e-01 1.303163603919e-01 1.174704262138e-01 5.268327758226e-01
21 15 0 0.41161052 0.37686201 0.35975272 0.32216105 0.34371961 2.815368835338e+00 5.842762076540e-01 1.198910441785e-01 1.098376535809e-01 5.082951084457e-01
21 16 0 0.41161052 0.37686201 0.35975272 0.32216105 0.34371961 2.719424721647e+00 5.626718605211e-01 1.165727893053e-01 1.020181760404e-01 5.039731228448e-01
21 17 0 0.41161052 0.37686201 0.35975272 0.32216105 0.34371961 2.660892372273e+00 5.502893483948e-01 1.186207218856e-01 1.002971404350e-01 5.045908017016e-01
21 18 0 0.41161052 0.37686201 0.35975272 0.32216105 0.34371961 2.580125825360e+00 5.382586975948e-01 1.216100816678e-01 9.441564700318e-02 4.903713607941e-01
21 19 0 0.41161052 0.37686201 0.35975272 0.32216105 0.34371961 2.483649538373e+00 5.342958239647e-01 1.206349026839e-01 8.857599177466e-02 4.879486927035e-01
21 20 0 0.41161052 0.37686201 0.35975272 0.32216105 0.34371961 2.367335901947e+00 5.236462609246e-01 1.127193509115e-01 8.684697600607e-02 4.863499192132e-01
21 21 0 0.41161052 0.37686201 0.35975272 0.32216105 0.34371961 2.219708198834e+00 5.126334024496e-01 9.817826416203e-02 8.371511804530e-02 4.792625260083e-01
21 22 0 0.41161052 0.37686201 0.35975272 0.32216105 0.34371961 2.064545753449e+00 5.059031890712e-01 8.029041689424e-02 8.114563456220e-02 4.770229252894e-01
21 23 0 0.41161052 0.37686201 0.35975272 0.32216105 0.34371961 1.921207593130e+00 4.999879388509e-01 6.356260492828e-02 7.946352749885e-02 4.764581916763e-01
21 24 0 0.41161052 0.37686201 0.35975272 0.32216105 0.34371961 1.773897982313e+00 5.038796007760e-01 5.156481485404e-02 8.042398055531e-02 4.782718292759e-01
21 25 0 0.41161052 0.37686201 0.35975272 0.32216105 0.34371961 1.598466272620e+00 5.043202932089e-01 4.545535596342e-02 7.976177645410e-02 4.722950091870e-01
21 26 0 0.41161052 0.37686201 0.35975272 0.32216105 0.34371961 1.426918000670e+00 5.053503919849e-01 4.386264880737e-02 7.782650479606e-02 4.795492778392e-01
21 27 0 0.41161052 0.37686201 0.35975272 0.32216105 0.34371961 1.272002236817e+00 5.025251380003e-01 4.403073192110e-02 8.292864003436e-02 4.848319547927e-01
21 28 0 0.41161052 0.37686201 0.35975272 0.32216105 0.34371961 1.126206218545e+00 4.980455763250e-01 4.348932296752e-02 8.093257109759e-02 4.761837811300e-01
21 29 0 0.41161052 0.37686201 0.35975272 0.32216105 0.34371961 1.008198994362e+00 5.026368692445e-01 4.130575234527e-02 7.936627214675e-02 4.953489302086e-01
21 30 0 0.41161052 0.37686201 0.35975272 0.32216105 0.34371961 8.909299021441e-01 5.044359469834e-01 3.828960476089e-02 8.617792679289e-02 4.960133386440e-01
21 31 0 0.41161052 0.37686201 0.35975272 0.32216105 0.34371961 7.590515196454e-01 5.130833658775e-01 3.615006451099e-02 8.097644852429e-02 4.936447740633e-01
21 32 0 0.41161052 0.37686201 0.35975272 0.32216105 0.34371961 6.339365906844e-01 5.174181951965e-01 3.619489628583e-02 8.075932048634e-02 5.204018583605e-01
21 33 0 0.41161052 0.37686201 0.35975272 0.32216105 0.34371961 5.224402987242e-01 5.154441495454e-01 3.839123827602e-02 8.586835132204e-02 5.164666711875e-01
21 34 0 0.41161052 0.37686201 0.35975272 0.32216105 0.34371961 4.346596232340e-01 5.197171679195e-01 4.136706021094e-02 7.896923159382e-02 5.283510172073e-01
21 35 0 0.41161052 0.37686201 0.35975272 0.32216105 0.34371961 3.566249101694e-01 5.207727714995e-01 4.336082236996e-02 8.020125567048e-02 5.543410585128e-01
21 36 0 0.41161052 0.37686201 0.35975272 0.32216105 0.34371961 2.754860956921e-01 5.306208734688e-01 4.354683682639e-02 8.225006446546e-02 5.552710107466e-01
21 37 0 0.41161052 0.37686201 0.35975272 0.32216105 0.34371961 2.036159443591e-01 5.409782165524e-01 4.290393786273e-02 7.719306122305e-02 5.789886054282e-01
21 38 0 0.41161052 0.37686201 0.35975272 0.32216105 0.34371961 1.399031630251e-01 5.472484302393e-01 4.401470279412e-02 7.905274304104e-02 6.017652444300e-01
21 39 0 0.41161052 0.37686201 0.35975272 0.32216105 0.34371961 8.821952086032e-02 5.536522921173e-01 4.977936537823e-02 8.000991277971e-02 6.157937734608e-01
21 40 0 0.41161052 0.37686201 0.35975272 0.32216105 0.34371961 5.444179606836e-02 5.548881076255e-01 6.168284206729e-02 7.926545833069e-02 6.421291940135e-01
21 41 0 0.41161052 0.37686201 0.35975272 0.32216105 0.34371961 3.196810522962e-02 5.651800365338e-01 7.859182130261e-02 8.116542836882e-02 6.678319164090e-01
21 42 0 0.41161052 0.37686201 0.35975272 0.32216105 0.34371961 1.817785632692e-02 5.773395126010e-01 9.686001696871e-02 8.419462658264e-02 6.941562486770e-01
21 43 0 0.41161052 0.37686201 0.35975272 0.32216105 0.34371961 1.388162119678e-02 5.944400829410e-01 1.118500212390e-01 8.763454416365e-02 7.187702243509e-01
21 44 0 0.41161052 0.37686201 0.35975272 0.32216105 0.34371961 1.832206122585e-02 6.130815353421e-01 1.201814489298e-01 8.970806458174e-02 7.548726856802e-01
21 45 0 0.41161052 0.37686201 0.35975272 0.32216105 0.34371961 3.079511013292e-02 6.236781551463e-01 1.215342292466e-01 9.587489912699e-02 7.888090015546e-01
21 46 0 0.41161052 0.37686201 0.35975272 0.32216105 0.34371961 4.926771508151e-02 6.414919506642e-01 1.189786895571e-01 1.020340177508e-01 8.150194386121e-01
21 47 0 0.41161052 0.37686201 0.35975272 0.32216105 0.34371961 7.496511376952e-02 6.601469279829e-01 1.175450454831e-01 1.038612955105e-01 8.647544085497e-01
21 48 0 0.41161052 0.37686201 0.35975272 0.32216105 0.34371961 1.182675509447e-01 6.889358994113e-01 1.217101469700e-01 1.115899461983e-01 9.049735044578e-01
21 49 0 0.41161052 0.37686201 0.35975272 0.32216105 0.34371961 1.771011530588e-01 7.238466633817e-01 1.331306057937e-01 1.193874018351e-01 9.356721966532e-01
21 50 0 0.41161052 0.37686201 0.35975272 0.32216105 0.34371961 2.462440016056e-01 7.552838735598e-01 1.498855803077e-01 1.187833265741e-01 1.001174274033e+00
21 51 0 0.41161052 0.37686201 0.35975272 0.32216105 0.34371961 3.221899521011e-01 7.873484480812e-01 1.676914553199e-01 1.267216510943e-01 1.045602666195e+00
21 52 0 0.41161052 0.37686201 0.35975272 0.32216105 0.34371961 3.905130167531e-01 8.127805543945e-01 1.824282240288e-01 1.350237540968e-01 1.081719435636e+00
21 53 0 0.41161052 0.37686201 0.35975272 0.32216105 0.34371961 4.559566319137e-01 8.504513497355e-01 1.925132182952e-01 1.297457745864e-01 1.165636502167e+00
21 54 0 0.41161052 0.37686201 0.35975272 0.32216105 0.34371961 5.142272413113e-01 8.908804934579e-01 1.996760120320e-01 1.390092309393e-01 1.206437415901e+00
21 55 0 0.41161052 0.37686201 0.35975272 0.32216105 0.34371961 5.635672888623e-01 9.375198867692e-01 2.075822264780e-01 1.453790179839e-01 1.256387617495e+00
21 56 0 0.41161052 0.37686201 0.35975272 0.32216105 0.34371961 6.089426488717e-01 9.879303671870e-01 2.190528548789e-01 1.370204616498e-01 1.353690949231e+00
21 57 0 0.41161052 0.37686201 0.35975272 0.32216105 0.34371961 6.165892771045e-01 1.019513704453e+00 2.335716769465e-01 1.493276887101e-01 1.389037002376e+00
21 58 0 0.41161052 0.37686201 0.35975272 0.32216105 0.34371961 6.148945407721e-01 1.060485474637e+00 2.467551806215e-01 1.517149062291e-01 1.466335615095e+00
21 59 0 0.41161052 0.37686201 0.35975272 0.32216105 0.34371961 6.537474652499e-01 1.097016472202e+00 2.523984796231e-01 1.466498280447e-01 1.561541621683e+00
21 60 0 0.41161052 0.37686201 0.35975272 0.32216105 0.34371961 7.153588786843e-01 1.141426680780e+00 2.461583923226e-01 1.608243493454e-01 1.609696806006e+00
21 61 0 0.41161052 0.37686201 0.35975272 0.32216105 0.34371961 7.942422873486e-01 1.198381729045e+00 2.287949552609e-01 1.616628216543e-01 1.710654535996e+00
21 62 0 0.41161052 0.37686201 0.35975272 0.32216105 0.34371961 8.700608319079e-01 1.237770050880e+00 2.069031546658e-01 1.658154634579e-01 1.796239344819e+00
21 63 0 0.41161052 0.37686201 0.35975272 0.32216105 0.34371961 9.113682400153e-01 1.278605115640e+00 1.903351869740e-01 1.780082064267e-01 1.880508016065e+00
22 0 0 0.53485772 0.47098863 0.45009317 0.39339471 0.42106546 1.081352827200e+01 3.974972172262e+00 1.720200792397e+01 1.520483236737e-01 2.174022882459e-02
22 1 0 0.53485772 0.47098863 0.45009317 0.39339471 0.42106546 1.064848892167e+01 3.843765839508e+00 1.696408010177e+01 1.464832690051e-01 1.932330143272e-02
22 2 0 0.53485772 0.47098863 0.45009317 0.39339471 0.42106546 1.039240038536e+01 3.744756324134e+00 1.674285049619e+01 1.411012418841e-01 1.836149001951e-02
22 3 0 0.53485772 0.47098863 0.45009317 0.39339471 0.42106546 1.040031125904e+01 3.606509146380e+00 1.638207282445e+01 1.359022459979e-01 1.908568383058e-02
22 4 0 0.53485772 0.47098863 0.45009317 0.39339471 0.42106546 1.011967752791e+01 3.503574718058e+00 1.591687661772e+01 1.308862849086e-01 1.888517592072e-02
22 5 0 0.53485772 0.47098863 0.45009317 0.39339471 0.42106546 9.837910056870e+00 3.398654192490e+00 1.540979362670e+01 1.260533620523e-01 1.707472397621e-02
22 6 0 0.53485772 0.47098863 0.45009317 0.39339471 0.42106546 9.645141723638e+00 3.275015880687e+00 1.483302702112e+01 1.214034807403e-01 1.595011394634e-02
22 7 0 0.53485772 0.47098863 0.45009317 0.39339471 0.42106546 9.023840670946e+00 3.191418074221e+00 1.421566385112e+01 1.169366441583e-01 1.654891066220e-02
22 8 0 0.53485772 0.47098863 0.45009317 0.39339471 0.42106546 8.516520797732e+00 3.081630698978e+00 1.368712777316e+01 1.126528553665e-01 1.690539914679e-02
22 9 0 0.53485772 0.47098863 0.45009317 0.39339471 0.42106546 8.310403894207e+00 2.984133593510e+00 1.329067113494e+01 1.085521172998e-01 1.568609836217e-02
22 10 0 0.53485772 0.47098863 0.45009317 0.39339471 0.42106546 7.807989723108e+00 2.907258365797e+00 1.293467173177e+01 1.046344327676e-01 1.448161063943e-02
22 11 0 0.53485772 0.47098863 0.45009317 0.39339471 0.42106546 7.334702578630e+00 2.803806454511e+00 1.254858156104e+01 1.008998044541e-01 1.482740224962e-02
22 12 0 0.53485772 0.47098863 0.45009317 0.39339471 0.42106546 7.013148477102e+00 2.732585677706e+00 1.211805993390e+01 9.734823491779e-02 1.550461217474e-02
22 13 0 0.53485772 0.47098863 0.45009317 0.39339471 0.42106546 6.442868929831e+00 2.655583989173e+00 1.160056755340e+01 9.397972659200e-02 1.483149207853e-02
22 14 0 0.53485772 0.47098863 0.45009317 0.39339471 0.42106546 6.011548288873e+00 2.571413615904e+00 1.098357445532e+01 9.079428178442e-02 1.363469339179e-02
22 15 0 0.53485772 0.47098863 0.45009317 0.39339471 0.42106546 5.792159542847e+00 2.517975045859e+00 1.038105382261e+01 8.779190267747e-02 1.365846751697e-02
22 16 0 0.53485772 0.47098863 0.45009317 0.39339471 0.42106546 5.375968015170e+00 2.443539560304e+00 9.919074662376e+00 8.497259132818e-02 1.445259305494e-02
22 17 0 0.53485772 0.47098863 0.45009317 0.39339471 0.42106546 5.001609379788e+00 2.385465999934e+00 9.580406938222e+00 8.233634966798e-02 1.426798090097e-02
22 18 0 0.53485772 0.47098863 0.45009317 0.39339471 0.42106546 4.688821899808e+00 2.340139148658e+00 9.270653039730e+00 7.988317950304e-02 1.318333600075e-02
22 19 0 0.53485772 0.47098863 0.45009317 0.39339471 0.42106546 4.214464435016e+00 2.277508434232e+00 8.947841429671e+00 7.761308251409e-02 1.288141021862e-02
22 20 0 0.53485772 0.47098863 0.45009317 0.39339471 0.42106546 3.855155318819e+00 2.243614886764e+00 8.593345365079e+00 7.552606025632e-02 1.362709514074e-02
22 21 0 0.53485772 0.47098863 0.45009317 0.39339471 0.42106546 3.590919345642e+00 2.202090097427e+00 8.162549638570e+00 7.362211415962e-02 1.385978805394e-02
22 22 0 0.53485772 0.47098863 0.45009317 0.39339471 0.42106546 3.258803696698e+00 2.160640080012e+00 7.655690459156e+00 7.190124552839e-02 1.299984885666e-02
22 23 0 0.53485772 0.47098863 0.45009317 0.39339471 0.42106546 3.050500088036e+00 2.143315038657e+00 7.148284887343e+00 7.036345554161e-02 1.243060347591e-02
22 24 0 0.53485772 0.47098863 0.45009317 0.39339471 0.42106546 2.852855499312e+00 2.108648529578e+00 6.694539967882e+00 6.900874525284e-02 1.300660415897e-02
22 25 0 0.53485772 0.47098863 0.45009317 0.39339471 0.42106546 2.613375232019e+00 2.092594062351e+00 6.286101470937e+00 6.783711559021e-02 1.356853949099e-02
22 26 0 0.53485772 0.47098863 0.45009317 0.39339471 0.42106546 2.566732883518e+00 2.084207964601e+00 5.925362606616e+00 6.684856735642e-02 1.303372655069e-02
22 27 0 0.53485772 0.47098863 0.45009317 0.39339471 0.42106546 2.534869874610e+00 2.064224872821e+00 5.635227031535e+00 6.604310122872e-02 1.230009442240e-02
22 28 0 0.53485772 0.47098863 0.45009317 0.39339471 0.42106546 2.444781537408e+00 2.071118639795e+00 5.381591057185e+00 6.542071775896e-02 1.262846930135e-02
22 29 0 0.53485772 0.47098863 0.45009317 0.39339471 0.42106546 2.479247090054e+00 2.068718486375e+00 5.086284631891e+00 6.498141737352e-02 1.341381701294e-02
22 30 0 0.53485772 0.47098863 0.45009317 0.39339471 0.42106546 2.467748364739e+00 2.071189344143e+00 4.728158286394e+00 6.472520037339e-02 1.327400104736e-02
22 31 0 0.53485772 0.47098863 0.45009317 0.39339471 0.42106546 2.472531332341e+00 2.094220386197e+00 4.353331161469e+00 6.465206693410e-02 1.250078793787e-02
22 32 0 0.53485772 0.47098863 0.45009317 0.39339471 0.42106546 2.693698568745e+00 2.101082864060e+00 3.998594395684e+00 6.476201710575e-02 1.253953383724e-02
22 33 0 0.53485772 0.47098863 0.45009317 0.39339471 0.42106546 2.846789498272e+00 2.129462903367e+00 3.678086015524e+00 6.505505081301e-02 1.342432584074e-02
22 34 0 0.53485772 0.47098863 0.45009317 0.39339471 0.42106546 2.938348645334e+00 2.161823481499e+00 3.415665968216e+00 6.553116785513e-02 1.370723359696e-02
22 35 0 0.53485772 0.47098863 0.45009317 0.39339471 0.42106546 3.176811133356e+00 2.185595475591e+00 3.214299012864e+00 6.619036790591e-02 1.302425994053e-02
22 36 0 0.53485772 0.47098863 0.45009317 0.39339471 0.42106546 3.363248839024e+00 2.237243184865e+00 3.021736696551e+00 6.703265051373e-02 1.276192415605e-02
22 37 0 0.53485772 0.47098863 0.45009317 0.39339471 0.42106546 3.596922744466e+00 2.276365124282e+00 2.788182574952e+00 6.805801510153e-02 1.360531253533e-02
22 38 0 0.53485772 0.47098863 0.45009317 0.39339471 0.42106546 4.009227999487e+00 2.324854011708e+00 2.525104845979e+00 6.926646096682e-02 1.428961552924e-02
22 39 0 0.53485772 0.47098863 0.45009317 0.39339471 0.42106546 4.292727968553e+00 2.392494848097e+00 2.264964900762e+00 7.065798728169e-02 1.382297418579e-02
22 40 0 0.53485772 0.47098863 0.45009317 0.39339471 0.42106546 4.557688040920e+00 2.442168512139e+00 2.012842489476e+00 7.223259309278e-02 1.328339717137e-02
22 41 0 0.53485772 0.47098863 0.45009317 0.39339471 0.42106546 4.956890986855e+00 2.518683896103e+00 1.776230778251e+00 7.399027732133e-02 1.393769516957e-02
22 42 0 0.53485772 0.47098863 0.45009317 0.39339471 0.42106546 5.247795768407e+00 2.594697861061e+00 1.586512349053e+00 7.593103876310e-02 1.495020263863e-02
22 43 0 0.53485772 0.47098863 0.45009317 0.39339471 0.42106546 5.594254437363e+00 2.663702984970e+00 1.453916406390e+00 7.805487608847e-02 1.481576070152e-02
22 44 0 0.53485772 0.47098863 0.45009317 0.39339471 0.42106546 6.023292619619e+00 2.764382262859e+00 1.348061130527e+00 8.036178784240e-02 1.407104281591e-02
22 45 0 0.53485772 0.47098863 0.45009317 0.39339471 0.42106546 6.247050213394e+00 2.846074278152e+00 1.241869197835e+00 8.285177244434e-02 1.440632666899e-02
22 46 0 0.53485772 0.47098863 0.45009317 0.39339471 0.42106546 6.554353843546e+00 2.943323429125e+00 1.128634556299e+00 8.552482818845e-02 1.562864853194e-02
22 47 0 0.53485772 0.47098863 0.45009317 0.39339471 0.42106546 6.970018991206e+00 3.058586572191e+00 9.957510535166e-01 8.838095324337e-02 1.592317695533e-02
22 48 0 0.53485772 0.47098863 0.45009317 0.39339471 0.42106546 7.224943312817e+00 3.151357342644e+00 8.355459617656e-01 9.142014565227e-02 1.510353612019e-02
22 49 0 0.53485772 0.47098863 0.45009317 0.39339471 0.42106546 7.701340247129e+00 3.279745078095e+00 6.778935437362e-01 9.464240333308e-02 1.504171659139e-02
22 50 0 0.53485772 0.47098863 0.45009317 0.39339471 0.42106546 8.258047984339e+00 3.400155148018e+00 5.629135251879e-01 9.804772407814e-02 1.633160374362e-02
22 51 0 0.53485772 0.47098863 0.45009317 0.39339471 0.42106546 8.457496306261e+00 3.515705525983e+00 4.908478821317e-01 1.016361055544e-01 1.712490576959e-02
22 52 0 0.53485772 0.47098863 0.45009317 0.39339471 0.42106546 8.777866738498e+00 3.668694353174e+00 4.352329690603e-01 1.054075453035e-01 1.641564365704e-02
22 53 0 0.53485772 0.47098863 0.45009317 0.39339471 0.42106546 9.150596088396e+00 3.792375927576e+00 3.824785491788e-01 1.093620407415e-01 1.595825598340e-02
22 54 0 0.53485772 0.47098863 0.45009317 0.39339471 0.42106546 9.214980270512e+00 3.941705956490e+00 3.279231588396e-01 1.134995891592e-01 1.718040334290e-02
22 55 0 0.53485772 0.47098863 0.45009317 0.39339471 0.42106546 9.534331495807e+00 4.106189709667e+00 2.634885490232e-01 1.178201877218e-01 1.851517325023e-02
22 56 0 0.53485772 0.47098863 0.45009317 0.39339471 0.42106546 9.866105484801e+00 4.242642984874e+00 1.948660476066e-01 1.223238334695e-01 1.814249824677e-02
22 57 0 0.53485772 0.47098863 0.45009317 0.39339471 0.42106546 9.677727513649e+00 4.427684643690e+00 1.422876581646e-01 1.270105233165e-01 1.737826527561e-02
22 58 0 0.53485772 0.47098863 0.45009317 0.39339471 0.42106546 9.632642297074e+00 4.592963678770e+00 1.117543799532e-01 1.318802540520e-01 1.842730261946e-02
22 59 0 0.53485772 0.47098863 0.45009317 0.39339471 0.42106546 9.701910501244e+00 4.759162632632e+00 9.233983198225e-02 1.369330223398e-01 2.032466545405e-02
22 60 0 0.53485772 0.47098863 0.45009317 0.39339471 0.42106546 9.501967632965e+00 4.969395631375e+00 7.904938546915e-02 1.421688247179e-01 2.054094322041e-02
22 61 0 0.53485772 0.47098863 0.45009317 0.39339471 0.42106546 9.526898879895e+00 5.137019587808e+00 7.055791585730e-02 1.475876575996e-01 1.963495444547e-02
22 62 0 0.53485772 0.47098863 0.45009317 0.39339471 0.42106546 9.471023336660e+00 5.346651397566e+00 5.675504281887e-02 1.531895172721e-01 2.043428873468e-02
22 63 0 0.53485772 0.47098863 0.45009317 0.39339471 0.42106546 9.064525202322e+00 5.565046436527e+00 3.373513767126e-02 1.589743998978e-01 2.288843953707e-02
23 0 0 0.47148523 0.40749612 0.40414120 0.37778533 0.37129984 5.526476341181e+00 6.626517600653e-03 2.864038038931e+00 2.642019008467e+00 3.781462344827e-05
23 1 0 0.47148523 0.40749612 0.40414120 0.37778533 0.37129984 5.398477911534e+00 7.220818433288e-03 4.573757169345e+00 2.548676354509e+00 1.254027849205e-04
23 2 0 0.47148523 0.40749612 0.40414120 0.37778533 0.37129984 6.321602368481e+00 4.260878085569e-03 2.385823992891e+00 2.458363550812e+00 1.899447676265e-04
23 3 0 0.47148523 0.40749612 0.40414120 0.37778533 0.37129984 5.474118172408e+00 4.149490355099e-03 6.617071095511e-01 2.371087201634e+00 2.364261122859e-04
23 4 0 0.47148523 0.40749612 0.40414120 0.37778533 0.37129984 4.222511463249e+00 6.679261478523e-03 2.297489665674e+00 2.286854208772e+00 3.021234311263e-04
23 5 0 0.47148523 0.40749612 0.40414120 0.37778533 0.37129984 4.815398711244e+00 5.944693649484e-03 3.092211191568e+00 2.205671769680e+00 3.707234205854e-04
23 6 0 0.47148523 0.40749612 0.40414120 0.37778533 0.37129984 5.206804140812e+00 4.311065870143e-03 1.151996554098e+00 2.127547375645e+00 3.743996141988e-04
23 7 0 0.47148523 0.40749612 0.40414120 0.37778533 0.37129984 3.963449535337e+00 4.193731967374e-03 4.014863049439e-01 2.052488809816e+00 2.805838935347e-04
23 8 0 0.47148523 0.40749612 0.40414120 0.37778533 0.37129984 3.497858309340e+00 4.449845795422e-03 1.872011231205e+00 1.980504145263e+00 1.437335636906e-04
23 9 0 0.47148523 0.40749612 0.40414120 0.37778533 0.37129984 4.343999794077e+00 5.367920403908e-03 2.004755610776e+00 1.911601742956e+00 5.135211771772e-05
23 10 0 0.47148523 0.40749612 0.40414120 0.37778533 0.37129984 4.138544557648e+00 5.250228907096e-03 4.690345307820e-01 1.845790249701e+00 3.355247112201e-05
23 11 0 0.47148523 0.40749612 0.40414120 0.37778533 0.37129984 3.110060943977e+00 3.416696043175e-03 3.646074930661e-01 1.783078596053e+00 4.815061928921e-05
23 12 0 0.47148523 0.40749612 0.40414120 0.37778533 0.37129984 3.277299372268e+00 3.332980946054e-03 1.450810434100e+00 1.723475994161e+00 4.983930834730e-05
23 13 0 0.47148523 0.40749612 0.40414120 0.37778533 0.37129984 3.889387577100e+00 4.818381549770e-03 1.134258849337e+00 1.666991935587e+00 4.643638132492e-05
23 14 0 0.47148523 0.40749612 0.40414120 0.37778533 0.37129984 3.330428699736e+00 4.566390751453e-03 9.829238635425e-02 1.613636189072e+00 7.318953457535e-05
23 15 0 0.47148523 0.40749612 0.40414120 0.37778533 0.37129984 2.653729648544e+00 3.224207188263e-03 4.116178680160e-01 1.563418798268e+00 1.300077591969e-04
23 16 0 0.47148523 0.40749612 0.40414120 0.37778533 0.37129984 3.098488588111e+00 2.810814017723e-03 1.074509231191e+00 1.516350079416e+00 1.714361740460e-04
23 17 0 0.47148523 0.40749612 0.40414120 0.37778533 0.37129984 3.390284516519e+00 3.169884482532e-03 5.402287887334e-01 1.472440618999e+00 1.621810378277e-04
23 18 0 0.47148523 0.40749612 0.40414120 0.37778533 0.37129984 2.672709537978e+00 3.614912426721e-03 1.974925134693e-03 1.431701271335e+00 1.218299778778e-04
23 19 0 0.47148523 0.40749612 0.40414120 0.37778533 0.37129984 2.411647871850e+00 3.314771294335e-03 4.953338009155e-01 1.394143156144e+00 9.906765273899e-05
23 20 0 0.47148523 0.40749612 0.40414120 0.37778533 0.37129984 2.995856244372e+00 2.193259730708e-03 7.381122662599e-01 1.359777656061e+00 1.103477442129e-04
23 21 0 0.47148523 0.40749612 0.40414120 0.37778533 0.37129984 2.853402645618e+00 1.957069292301e-03 1.772200234387e-01 1.328616414124e+00 1.228505787499e-04
23 22 0 0.47148523 0.40749612 0.40414120 0.37778533 0.37129984 2.131854451962e+00 2.839912371990e-03 8.703062638965e-02 1.300671331202e+00 1.009354843747e-04
23 23 0 0.47148523 0.40749612 0.40414120 0.37778533 0.37129984 2.329557201950e+00 2.805102464319e-03 5.710919876189e-01 1.275954563402e+00 5.318779508833e-05
23 24 0 0.47148523 0.40749612 0.40414120 0.37778533 0.37129984 2.809431441395e+00 1.791761604936e-03 4.436114067842e-01 1.254478519426e+00 2.039439055660e-05
23 25 0 0.47148523 0.40749612 0.40414120 0.37778533 0.37129984 2.356482284817e+00 1.482091741745e-03 1.173717031945e-02 1.236255857889e+00 2.413037320018e-05
23 26 0 0.47148523 0.40749612 0.40414120 0.37778533 0.37129984 1.962042427765e+00 1.877954831501e-03 3.078531541594e-01 1.221299484601e+00 4.458873659371e-05
23 27 0 0.47148523 0.40749612 0.40414120 0.37778533 0.37129984 2.462634105436e+00 2.131085740257e-03 6.603523949343e-01 1.209622549812e+00 5.360725938665e-05
23 28 0 0.47148523 0.40749612 0.40414120 0.37778533 0.37129984 2.688258861350e+00 1.889083683008e-03 2.434341499580e-01 1.201238445414e+00 5.491216240797e-05
23 29 0 0.47148523 0.40749612 0.40414120 0.37778533 0.37129984 2.167256664345e+00 1.245842103199e-03 3.955453334121e-02 1.196160802107e+00 7.631473506939e-05
23 30 0 0.47148523 0.40749612 0.40414120 0.37778533 0.37129984 2.138771413157e+00 1.243639611665e-03 6.177937789684e-01 1.194403486531e+00 1.250255573399e-04
23 31 0 0.47148523 0.40749612 0.40414120 0.37778533 0.37129984 2.762206829086e+00 2.032779790170e-03 7.371714415535e-01 1.195980598358e+00 1.678017097268e-04
23 32 0 0.47148523 0.40749612 0.40414120 0.37778533 0.37129984 2.765041936229e+00 2.028421796140e-03 1.329979445271e-01 1.200906467344e+00 1.655076290975e-04
23 33 0 0.47148523 0.40749612 0.40414120 0.37778533 0.37129984 2.312716195523e+00 1.269794843110e-03 2.620219997346e-01 1.209195650353e+00 1.195507654916e-04
23 34 0 0.47148523 0.40749612 0.40414120 0.37778533 0.37129984 2.693970371475e+00 1.289815831737e-03 1.050097862044e+00 1.220862928338e+00 7.062051202304e-05
23 35 0 0.47148523 0.40749612 0.40414120 0.37778533 0.37129984 3.331602306321e+00 1.927503357950e-03 8.670662385017e-01 1.235923303290e+00 5.104569948330e-05
23 36 0 0.47148523 0.40749612 0.40414120 0.37778533 0.37129984 2.989225906630e+00 2.230482744893e-03 1.475728278565e-01 1.254391995153e+00 5.160741511881e-05
23 37 0 0.47148523 0.40749612 0.40414120 0.37778533 0.37129984 2.708191977420e+00 1.991792118726e-03 6.407091371966e-01 1.276284438696e+00 4.381069829168e-05
23 38 0 0.47148523 0.40749612 0.40414120 0.37778533 0.37129984 3.497527539308e+00 1.548208745865e-03 1.526142845702e+00 1.301616280364e+00 2.517178013594e-05
23 39 0 0.47148523 0.40749612 0.40414120 0.37778533 0.37129984 3.889830029814e+00 1.891483602812e-03 9.970088452878e-01 1.330403375087e+00 2.490429947322e-05
23 40 0 0.47148523 0.40749612 0.40414120 0.37778533 0.37129984 3.284715432812e+00 2.946927320716e-03 2.983273850543e-01 1.362661783054e+00 6.139993100278e-05
23 41 0 0.47148523 0.40749612 0.40414120 0.37778533 0.37129984 3.417348121622e+00 2.980151957263e-03 1.248830358204e+00 1.398407766459e+00 1.100464973014e-04
23 42 0 0.47148523 0.40749612 0.40414120 0.37778533 0.37129984 4.381655733212e+00 2.088366786896e-03 2.152363718247e+00 1.437657786213e+00 1.289817394983e-04
23 43 0 0.47148523 0.40749612 0.40414120 0.37778533 0.37129984 4.359886281319e+00 2.270637547656e-03 1.226805717010e+00 1.480428498621e+00 1.124830668507e-04
23 44 0 0.47148523 0.40749612 0.40414120 0.37778533 0.37129984 3.733997428381e+00 3.405639266943e-03 6.292455194048e-01 1.526736752032e+00 1.002791334794e-04
23 45 0 0.47148523 0.40749612 0.40414120 0.37778533 0.37129984 4.271965241099e+00 3.785765098211e-03 2.031451740456e+00 1.576599583453e+00 1.258510416769e-04
23 46 0 0.47148523 0.40749612 0.40414120 0.37778533 0.37129984 5.181222326506e+00 3.283554861136e-03 2.801985888666e+00 1.630034215138e+00 1.692106680370e-04
23 47 0 0.47148523 0.40749612 0.40414120 0.37778533 0.37129984 4.814388930526e+00 2.844022047495e-03 1.480267684784e+00 1.687058051136e+00 1.783861657762e-04
23 48 0 0.47148523 0.40749612 0.40414120 0.37778533 0.37129984 4.420698573867e+00 3.267339584877e-03 1.219676908138e+00 1.747688673825e+00 1.348297883082e-04
23 49 0 0.47148523 0.40749612 0.40414120 0.37778533 0.37129984 5.480774771783e+00 4.593989394330e-03 3.195622366902e+00 1.811943840400e+00 7.741098768525e-05
23 50 0 0.47148523 0.40749612 0.40414120 0.37778533 0.37129984 6.177048763951e+00 4.856179294390e-03 3.709840550860e+00 1.879841479346e+00 5.232855006867e-05
23 51 0 0.47148523 0.40749612 0.40414120 0.37778533 0.37129984 5.370151646601e+00 3.346057590177e-03 1.957524018132e+00 1.951399686866e+00 5.625161140825e-05
23 52 0 0.47148523 0.40749612 0.40414120 0.37778533 0.37129984 5.511159420700e+00 3.307537388028e-03 2.186946291559e+00 2.026636723306e+00 5.154253451704e-05
23 53 0 0.47148523 0.40749612 0.40414120 0.37778533 0.37129984 7.100373623006e+00 5.162862369496e-03 4.722747571573e+00 2.105571009521e+00 3.385271450609e-05
23 54 0 0.47148523 0.40749612 0.40414120 0.37778533 0.37129984 7.206297977368e+00 5.337860199058e-03 4.764625620286e+00 2.188221123244e+00 5.481595379531e-05
23 55 0 0.47148523 0.40749612 0.40414120 0.37778533 0.37129984 6.268885320127e+00 4.316605068021e-03 2.597967280514e+00 2.274605795399e+00 1.577674471337e-04
23 56 0 0.47148523 0.40749612 0.40414120 0.37778533 0.37129984 7.351918473992e+00 4.033257078070e-03 3.596540813571e+00 2.364743906421e+00 3.059567642423e-04
23 57 0 0.47148523 0.40749612 0.40414120 0.37778533 0.37129984 8.982139726652e+00 4.183444096553e-03 6.773087678100e+00 2.458654482517e+00 4.044790772353e-04
23 58 0 0.47148523 0.40749612 0.40414120 0.37778533 0.37129984 8.334926243120e+00 5.794724794446e-03 6.215319234149e+00 2.556356691922e+00 3.987922008434e-04
23 59 0 0.47148523 0.40749612 0.40414120 0.37778533 0.37129984 7.727602660502e+00 6.557293298638e-03 3.723376977248e+00 2.657869841134e+00 3.272881706465e-04
23 60 0 0.47148523 0.40749612 0.40414120 0.37778533 0.37129984 9.476012729878e+00 4.010648275356e-03 5.675377106057e+00 2.763213371086e+00 2.606348280624e-04
23 61 0 0.47148523 0.40749612 0.40414120 0.37778533 0.37129984 1.063973459328e+01 4.142721522562e-03 9.311135149109e+00 2.872406853381e+00 2.111160255270e-04
23 62 0 0.47148523 0.40749612 0.40414120 0.37778533 0.37129984 9.512301303648e+00 7.248522675402e-03 7.853502974032e+00 2.985469986375e+00 1.375863281975e-04
23 63 0 0.47148523 0.40749612 0.40414120 0.37778533 0.37129984 9.601699029864e+00 6.640476712375e-03 5.151608499509e+00 3.102422591370e+00 3.968345065521e-05
24 0 0 0.45448473 0.41132457 0.39202807 0.34735941 0.37229123 4.753714152750e+00 1.347972180961e+00 3.659911940034e-01 1.319087607225e-01 1.076903860442e+00
24 1 0 0.45448473 0.41132457 0.39202807 0.34735941 0.37229123 4.504643958689e+00 1.307171052159e+00 3.812583312023e-01 1.287011909855e-01 1.054164342642e+00
24 2 0 0.45448473 0.41132457 0.39202807 0.34735941 0.37229123 4.281780100708e+00 1.290656809048e+00 4.009868725377e-01 1.215520625039e-01 1.041770189949e+00
24 3 0 0.45448473 0.41132457 0.39202807 0.34735941 0.37229123 4.095164262382e+00 1.279636131150e+00 4.124001205652e-01 1.203744074162e-01 1.024485009792e+00
24 4 0 0.45448473 0.41132457 0.39202807 0.34735941 0.37229123 3.983802458547e+00 1.247024713352e+00 4.069683483518e-01 1.117920251490e-01 9.836541299521e-01
24 5 0 0.45448473 0.41132457 0.39202807 0.34735941 0.37229123 3.985886087394e+00 1.218521064800e+00 3.851037024012e-01 1.126088714070e-01 9.717516253772e-01
24 6 0 0.45448473 0.41132457 0.39202807 0.34735941 0.37229123 4.049820022718e+00 1.203569330550e+00 3.556046212582e-01 1.028286345365e-01 9.426430037950e-01
24 7 0 0.45448473 0.41132457 0.39202807 0.34735941 0.37229123 4.022100472768e+00 1.181284952257e+00 3.303933562708e-01 1.052276900069e-01 9.338813174289e-01
24 8 0 0.45448473 0.41132457 0.39202807 0.34735941 0.37229123 3.887475970760e+00 1.167919474534e+00 3.177478571225e-01 9.480524610137e-02 9.023765502044e-01
24 9 0 0.45448473 0.41132457 0.39202807 0.34735941 0.37229123 3.757445912752e+00 1.154181339899e+00 3.179265026064e-01 9.812840408634e-02 8.989650265490e-01
24 10 0 0.45448473 0.41132457 0.39202807 0.34735941 0.37229123 3.620291850812e+00 1.128247858229e+00 3.235239412172e-01 8.778696697605e-02 8.533922508266e-01
24 11 0 0.45448473 0.41132457 0.39202807 0.34735941 0.37229123 3.470586501308e+00 1.100811520082e+00 3.240932430254e-01 9.129042795567e-02 8.530086863523e-01
24 12 0 0.45448473 0.41132457 0.39202807 0.34735941 0.37229123 3.257469565147e+00 1.095129258580e+00 3.121914018813e-01 8.175859750558e-02 8.275420816676e-01
24 13 0 0.45448473 0.41132457 0.39202807 0.34735941 0.37229123 3.032427128793e+00 1.085223586671e+00 2.873773137508e-01 8.476565491231e-02 8.278279386266e-01
24 14 0 0.45448473 0.41132457 0.39202807 0.34735941 0.37229123 2.781322458266e+00 1.057952589017e+00 2.560600141270e-01 7.663989821922e-02 7.859664271882e-01
24 15 0 0.45448473 0.41132457 0.39202807 0.34735941 0.37229123 2.605783689893e+00 1.039978404473e+00 2.275571665551e-01 7.865759804047e-02 7.884472235031e-01
24 16 0 0.45448473 0.41132457 0.39202807 0.34735941 0.37229123 2.482955046650e+00 1.025462554656e+00 2.088182467010e-01 7.231180155153e-02 7.616953755465e-01
24 17 0 0.45448473 0.41132457 0.39202807 0.34735941 0.37229123 2.369996961672e+00 1.013018323935e+00 2.008413292476e-01 7.309503252249e-02 7.613817349292e-01
24 18 0 0.45448473 0.41132457 0.39202807 0.34735941 0.37229123 2.229800097393e+00 9.995617621467e-01 1.986525142514e-01 6.864544079068e-02 7.406918296836e-01
24 19 0 0.45448473 0.41132457 0.39202807 0.34735941 0.37229123 2.090248846996e+00 9.947051671964e-01 1.945976373962e-01 6.820566690787e-02 7.384033118647e-01
24 20 0 0.45448473 0.41132457 0.39202807 0.34735941 0.37229123 1.935181297770e+00 9.726341311755e-01 1.828710926009e-01 6.552688649798e-02 7.154384922246e-01
24 21 0 0.45448473 0.41132457 0.39202807 0.34735941 0.37229123 1.737606306426e+00 9.627794681528e-01 1.626712627250e-01 6.409433828570e-02 7.110124983934e-01
24 22 0 0.45448473 0.41132457 0.39202807 0.34735941 0.37229123 1.534175719267e+00 9.646964504862e-01 1.383276906510e-01 6.287343117223e-02 7.118390072405e-01
24 23 0 0.45448473 0.41132457 0.39202807 0.34735941 0.37229123 1.346147607331e+00 9.667024086244e-01 1.165504087225e-01 6.082872481140e-02 7.016276707967e-01
24 24 0 0.45448473 0.41132457 0.39202807 0.34735941 0.37229123 1.164960307286e+00 9.560692726147e-01 1.025438274371e-01 6.064067379642e-02 6.967540420100e-01
24 25 0 0.45448473 0.41132457 0.39202807 0.34735941 0.37229123 9.788907662406e-01 9.565733985599e-01 9.724041637740e-02 5.843369622058e-02 6.860927549549e-01
24 26 0 0.45448473 0.41132457 0.39202807 0.34735941 0.37229123 8.121697209891e-01 9.652462868619e-01 9.713453648653e-02 5.882220433253e-02 6.986479186645e-01
24 27 0 0.45448473 0.41132457 0.39202807 0.34735941 0.37229123 6.646809510977e-01 9.708878414347e-01 9.664788979247e-02 5.689350516716e-02 6.842097407738e-01
24 28 0 0.45448473 0.41132457 0.39202807 0.34735941 0.37229123 5.469839236844e-01 9.873793585945e-01 9.153929743567e-02 5.744473772679e-02 7.048770757657e-01
24 29 0 0.45448473 0.41132457 0.39202807 0.34735941 0.37229123 4.455721830668e-01 1.000438237853e+00 8.135981279741e-02 5.615957819155e-02 6.899343702997e-01
24 30 0 0.45448473 0.41132457 0.39202807 0.34735941 0.37229123 3.576977181005e-01 1.013076638427e+00 6.958605688913e-02 5.656121375010e-02 7.084939278141e-01
24 31 0 0.45448473 0.41132457 0.39202807 0.34735941 0.37229123 2.557034802113e-01 1.027228086466e+00 6.143867997379e-02 5.616112437693e-02 6.969934146267e-01
24 32 0 0.45448473 0.41132457 0.39202807 0.34735941 0.37229123 1.715436715607e-01 1.066869421565e+00 6.071768812668e-02 5.624324988290e-02 7.346538988101e-01
24 33 0 0.45448473 0.41132457 0.39202807 0.34735941 0.37229123 1.102372911158e-01 1.091395556788e+00 6.752438296719e-02 5.681620999885e-02 7.234163901031e-01
24 34 0 0.45448473 0.41132457 0.39202807 0.34735941 0.37229123 7.664508791687e-02 1.117383726627e+00 7.820471474741e-02 5.657310962057e-02 7.504301821995e-01
24 35 0 0.45448473 0.41132457 0.39202807 0.34735941 0.37229123 5.155167608517e-02 1.147266011210e+00 8.755257985704e-02 5.804200685012e-02 7.486382047279e-01
24 36 0 0.45448473 0.41132457 0.39202807 0.34735941 0.37229123 4.009190402083e-02 1.192160985323e+00 9.198774883719e-02 5.763459618784e-02 7.859363203937e-01
24 37 0 0.45448473 0.41132457 0.39202807 0.34735941 0.37229123 4.271036074063e-02 1.230037299805e+00 9.182551534976e-02 5.976404680626e-02 7.901213178438e-01
24 38 0 0.45448473 0.41132457 0.39202807 0.34735941 0.37229123 6.130109683139e-02 1.280149097598e+00 9.124103472121e-02 5.950231794090e-02 8.279611177760e-01
24 39 0 0.45448473 0.41132457 0.39202807 0.34735941 0.37229123 9.189886831906e-02 1.328930343001e+00 9.585232371375e-02 6.192498544148e-02 8.417923061581e-01
24 40 0 0.45448473 0.41132457 0.39202807 0.34735941 0.37229123 1.346303286381e-01 1.369622551415e+00 1.092666331631e-01 6.222959723262e-02 8.686102819273e-01
24 41 0 0.45448473 0.41132457 0.39202807 0.34735941 0.37229123 1.904058026805e-01 1.426327927745e+00 1.306289795489e-01 6.449329968818e-02 8.972955816726e-01
24 42 0 0.45448473 0.41132457 0.39202807 0.34735941 0.37229123 2.560932073265e-01 1.497695461640e+00 1.547308524406e-01 6.583657140761e-02 9.389122303950e-01
24 43 0 0.45448473 0.41132457 0.39202807 0.34735941 0.37229123 3.184832745896e-01 1.564995554399e+00 1.747943412227e-01 6.747151710090e-02 9.747582598496e-01
24 44 0 0.45448473 0.41132457 0.39202807 0.34735941 0.37229123 3.847809218251e-01 1.616601434097e+00 1.864366455542e-01 7.030117212791e-02 9.974246635597e-01
24 45 0 0.45448473 0.41132457 0.39202807 0.34735941 0.37229123 4.695006032928e-01 1.695697391837e+00 1.904930768183e-01 7.090229474189e-02 1.051677018812e+00
24 46 0 0.45448473 0.41132457 0.39202807 0.34735941 0.37229123 5.621335089186e-01 1.774322746138e+00 1.928884920820e-01 7.555606260659e-02 1.083967214332e+00
24 47 0 0.45448473 0.41132457 0.39202807 0.34735941 0.37229123 6.691709760821e-01 1.862188112491e+00 2.013935547480e-01 7.486951169470e-02 1.147643661566e+00
24 48 0 0.45448473 0.41132457 0.39202807 0.34735941 0.37229123 8.078115504346e-01 1.952799428325e+00 2.209792070583e-01 8.149394710492e-02 1.180490476921e+00
24 49 0 0.45448473 0.41132457 0.39202807 0.34735941 0.37229123 9.869113386235e-01 2.052704221735e+00 2.504725243533e-01 7.949125745756e-02 1.254845681623e+00
24 50 0 0.45448473 0.41132457 0.39202807 0.34735941 0.37229123 1.150225045317e+00 2.137473042450e+00 2.826472895446e-01 8.798208884203e-02 1.275523925242e+00
24 51 0 0.45448473 0.41132457 0.39202807 0.34735941 0.37229123 1.285079835200e+00 2.252114942620e+00 3.079727148917e-01 8.490281533757e-02 1.366741337972e+00
24 52 0 0.45448473 0.41132457 0.39202807 0.34735941 0.37229123 1.388436717318e+00 2.390896116026e+00 3.200467557354e-01 9.488487419545e-02 1.413896757238e+00
24 53 0 0.45448473 0.41132457 0.39202807 0.34735941 0.37229123 1.477524350009e+00 2.512219829102e+00 3.195693451140e-01 9.123054411766e-02 1.504294126336e+00
24 54 0 0.45448473 0.41132457 0.39202807 0.34735941 0.37229123 1.560619895547e+00 2.630774157775e+00 3.143569683970e-01 1.020913553882e-01 1.533052926570e+00
24 55 0 0.45448473 0.41132457 0.39202807 0.34735941 0.37229123 1.651838329620e+00 2.775322956946e+00 3.151072309305e-01 9.856120706827e-02 1.640836514094e+00
24 56 0 0.45448473 0.41132457 0.39202807 0.34735941 0.37229123 1.691954056124e+00 2.940339999224e+00 3.291628263373e-01 1.095431506703e-01 1.693218094479e+00
24 57 0 0.45448473 0.41132457 0.39202807 0.34735941 0.37229123 1.691898760702e+00 3.095403795592e+00 3.558786940529e-01 1.069143311987e-01 1.801035433991e+00
24 58 0 0.45448473 0.41132457 0.39202807 0.34735941 0.37229123 1.716226711652e+00 3.279277693438e+00 3.864618857863e-01 1.172569244592e-01 1.865230213520e+00
24 59 0 0.45448473 0.41132457 0.39202807 0.34735941 0.37229123 1.849019483713e+00 3.450734810803e+00 4.086413504920e-01 1.162260740620e-01 1.973924795754e+00
24 60 0 0.45448473 0.41132457 0.39202807 0.34735941 0.37229123 1.995734448727e+00 3.620424079611e+00 4.136481650755e-01 1.253350698513e-01 2.031367371511e+00
24 61 0 0.45448473 0.41132457 0.39202807 0.34735941 0.37229123 2.142339214287e+00 3.823312650941e+00 4.014671538413e-01 1.263510753092e-01 2.154069460465e+00
24 62 0 0.45448473 0.41132457 0.39202807 0.34735941 0.37229123 2.245661633664e+00 4.061821149253e+00 3.811534568398e-01 1.339587418070e-01 2.260753290647e+00
24 63 0 0.45448473 0.41132457 0.39202807 0.34735941 0.37229123 2.316418320609e+00 4.263289185203e+00 3.658116115704e-01 1.370844055996e-01 2.364619884088e+00
25 0 0 6.10039746 1.45955019 2.27481342 1.17723425 1.24151146 1.507287146501e+05 1.203341139695e-01 5.624065026530e+00 7.184417956674e-02 1.897595319471e+00
25 1 0 6.10039746 1.45955019 2.27481342 1.17723425 1.24151146 1.454981104668e+05 1.186099717576e-01 5.122077056040e+00 6.921003017643e-02 1.725997561459e+00
25 2 0 6.10039746 1.45955019 2.27481342 1.17723425 1.24151146 1.407604025203e+05 1.583116990012e-01 5.341068238334e+00 6.666344861042e-02 1.592620078037e+00
25 3 0 6.10039746 1.45955019 2.27481342 1.17723425 1.24151146 1.365695282384e+05 1.920263629689e-01 5.527861440382e+00 6.420444624224e-02 1.483148993944e+00
25 4 0 6.10039746 1.45955019 2.27481342 1.17723425 1.24151146 1.323937341946e+05 1.794070970534e-01 5.693132159599e+00 6.183303405431e-02 1.373227198710e+00
25 5 0 6.10039746 1.45955019 2.27481342 1.17723425 1.24151146 1.280789901761e+05 1.408911499153e-01 6.492901665184e+00 5.954922263785e-02 1.243755096906e+00
25 6 0 6.10039746 1.45955019 2.27481342 1.17723425 1.24151146 1.236686588619e+05 1.296161336640e-01 8.058946669344e+00 5.735302219279e-02 1.092507992375e+00
25 7 0 6.10039746 1.45955019 2.27481342 1.17723425 1.24151146 1.192768162112e+05 1.613145348405e-01 1.008583065828e+01 5.524444252782e-02 9.376057047776e-01
25 8 0 6.10039746 1.45955019 2.27481342 1.17723425 1.24151146 1.152430335839e+05 1.955468107908e-01 1.194356688562e+01 5.322349306030e-02 8.117777425215e-01
25 9 0 6.10039746 1.45955019 2.27481342 1.17723425 1.24151146 1.115154372562e+05 1.908321625306e-01 1.312084932187e+01 5.129018281619e-02 7.499256137005e-01
25 10 0 6.10039746 1.45955019 2.27481342 1.17723425 1.24151146 1.077141669144e+05 1.590920526314e-01 1.352840908054e+01 4.944452043003e-02 7.749057158152e-01
25 11 0 6.10039746 1.45955019 2.27481342 1.17723425 1.24151146 1.039331023884e+05 1.487089546681e-01 1.344536819387e+01 4.768651414493e-02 8.869547880582e-01
25 12 0 6.10039746 1.45955019 2.27481342 1.17723425 1.24151146 1.004617514038e+05 1.806724869459e-01 1.336791057203e+01 4.601617181251e-02 1.060704541066e+00
25 13 0 6.10039746 1.45955019 2.27481342 1.17723425 1.24151146 9.722100548040e+04 2.217491443342e-01 1.360390471309e+01 4.443350089285e-02 1.250927642121e+00
25 14 0 6.10039746 1.45955019 2.27481342 1.17723425 1.24151146 9.427081082536e+04 2.277297626298e-01 1.329071240948e+01 4.293850845448e-02 1.405084298071e+00
25 15 0 6.10039746 1.45955019 2.27481342 1.17723425 1.24151146 9.153393285877e+04 1.990349141197e-01 1.262603492010e+01 4.153120117434e-02 1.478473496078e+00
25 16 0 6.10039746 1.45955019 2.27481342 1.17723425 1.24151146 8.892065721937e+04 1.778414787711e-01 1.214342123444e+01 4.021158533774e-02 1.447056635310e+00
25 17 0 6.10039746 1.45955019 2.27481342 1.17723425 1.24151146 8.657984347838e+04 1.929929304358e-01 1.222003051073e+01 3.897966683837e-02 1.313963338031e+00
25 18 0 6.10039746 1.45955019 2.27481342 1.17723425 1.24151146 8.440981698455e+04 2.241359072467e-01 1.239230269740e+01 3.783545117821e-02 1.107885186160e+00
25 19 0 6.10039746 1.45955019 2.27481342 1.17723425 1.24151146 8.233964401666e+04 2.286765256175e-01 1.179192353664e+01 3.677894346756e-02 8.742060276646e-01
25 20 0 6.10039746 1.45955019 2.27481342 1.17723425 1.24151146 8.056614712996e+04 1.946756453339e-01 1.054358504923e+01 3.581014842501e-02 6.619191370978e-01
25 21 0 6.10039746 1.45955019 2.27481342 1.17723425 1.24151146 7.907211876880e+04 1.531403389708e-01 9.297881602696e+00 3.492907037738e-02 5.104710436626e-01
25 22 0 6.10039746 1.45955019 2.27481342 1.17723425 1.24151146 7.770672399959e+04 1.376341641514e-01 8.329505664114e+00 3.413571325975e-02 4.403928312318e-01
25 23 0 6.10039746 1.45955019 2.27481342 1.17723425 1.24151146 7.654571547383e+04 1.444802585431e-01 7.560407587487e+00 3.343008061542e-02 4.501323219663e-01
25 24 0 6.10039746 1.45955019 2.27481342 1.17723425 1.24151146 7.528251112660e+04 1.417573658250e-01 6.877727930520e+00 3.281217559587e-02 5.194329833930e-01
25 25 0 6.10039746 1.45955019 2.27481342 1.17723425 1.24151146 7.386588290925e+04 1.115535213215e-01 5.964425299151e+00 3.228200096081e-02 6.176074888514e-01
25 26 0 6.10039746 1.45955019 2.27481342 1.17723425 1.24151146 7.281662336259e+04 7.073020195140e-02 4.966979514646e+00 3.183955907809e-02 7.137299760376e-01
25 27 0 6.10039746 1.45955019 2.27481342 1.17723425 1.24151146 7.221445793185e+04 4.704334866763e-02 3.877258767865e+00 3.148485192376e-02 7.854651882491e-01
25 28 0 6.10039746 1.45955019 2.27481342 1.17723425 1.24151146 7.176273040553e+04 4.482676153489e-02 2.922328984266e+00 3.121788108200e-02 8.239719514604e-01
25 29 0 6.10039746 1.45955019 2.27481342 1.17723425 1.24151146 7.127583332950e+04 4.407981300917e-02 2.077669222442e+00 3.103864774516e-02 8.337642984871e-01
25 30 0 6.10039746 1.45955019 2.27481342 1.17723425 1.24151146 7.075733422189e+04 3.049535567451e-02 1.239045145227e+00 3.094715271374e-02 8.280972883751e-01
25 31 0 6.10039746 1.45955019 2.27481342 1.17723425 1.24151146 7.062212631550e+04 1.454317117095e-02 7.633422067110e-01 3.094339639636e-02 8.218435522761e-01
25 32 0 6.10039746 1.45955019 2.27481342 1.17723425 1.24151146 7.131803432854e+04 1.519927513297e-02 1.055422822936e+00 3.102737880981e-02 8.245341035675e-01
25 33 0 6.10039746 1.45955019 2.27481342 1.17723425 1.24151146 7.226933230380e+04 3.243514724012e-02 2.068954430784e+00 3.119909957901e-02 8.360677743966e-01
25 34 0 6.10039746 1.45955019 2.27481342 1.17723425 1.24151146 7.293706252670e+04 4.704512760918e-02 3.367875929916e+00 3.145855793701e-02 8.466241108733e-01
25 35 0 6.10039746 1.45955019 2.27481342 1.17723425 1.24151146 7.354629672861e+04 4.828734741634e-02 4.580529634338e+00 3.180575272502e-02 8.408530452666e-01
25 36 0 6.10039746 1.45955019 2.27481342 1.17723425 1.24151146 7.437324308626e+04 5.076926794613e-02 5.840221278972e+00 3.224068239239e-02 8.049133934489e-01
25 37 0 6.10039746 1.45955019 2.27481342 1.17723425 1.24151146 7.558093039577e+04 7.529422767112e-02 7.149180895387e+00 3.276334499665e-02 7.338620687293e-01
25 38 0 6.10039746 1.45955019 2.27481342 1.17723425 1.24151146 7.705093024942e+04 1.177355830286e-01 8.233966833144e+00 3.337373820348e-02 6.366129954271e-01
25 39 0 6.10039746 1.45955019 2.27481342 1.17723425 1.24151146 7.834280463411e+04 1.493071954283e-01 9.142622739123e+00 3.407185928674e-02 5.363212221224e-01
25 40 0 6.10039746 1.45955019 2.27481342 1.17723425 1.24151146 7.949954548798e+04 1.519827265732e-01 9.687438498055e+00 3.485770512847e-02 4.654573642157e-01
25 41 0 6.10039746 1.45955019 2.27481342 1.17723425 1.24151146 8.103487849140e+04 1.440422532701e-01 1.015653928130e+01 3.573127221894e-02 4.566171307945e-01
25 42 0 6.10039746 1.45955019 2.27481342 1.17723425 1.24151146 8.287720668054e+04 1.591212716696e-01 1.071953233250e+01 3.669255665661e-02 5.317024189084e-01
25 43 0 6.10039746 1.45955019 2.27481342 1.17723425 1.24151146 8.497900998652e+04 2.017708693065e-01 1.153056479229e+01 3.774155414819e-02 6.929646562335e-01
25 44 0 6.10039746 1.45955019 2.27481342 1.17723425 1.24151146 8.739906463636e+04 2.371181058664e-01 1.236700203040e+01 3.887826000864e-02 9.191576154574e-01
25 45 0 6.10039746 1.45955019 2.27481342 1.17723425 1.24151146 8.990997810231e+04 2.322709913669e-01 1.254634041872e+01 4.010266916122e-02 1.168677343917e+00
25 46 0 6.10039746 1.45955019 2.27481342 1.17723425 1.24151146 9.253003099205e+04 1.993854607628e-01 1.182145406662e+01 4.141477613746e-02 1.389422765491e+00
25 47 0 6.10039746 1.45955019 2.27481342 1.17723425 1.24151146 9.542835575273e+04 1.834030131243e-01 1.111522717742e+01 4.281457507723e-02 1.532847055477e+00
25 48 0 6.10039746 1.45955019 2.27481342 1.17723425 1.24151146 9.847890409341e+04 2.061473083919e-01 1.102223832827e+01 4.430205972873e-02 1.568052732182e+00
25 49 0 6.10039746 1.45955019 2.27481342 1.17723425 1.24151146 1.016565116228e+05 2.372584015307e-01 1.119392211889e+01 4.587722344857e-02 1.491431997228e+00
25 50 0 6.10039746 1.45955019 2.27481342 1.17723425 1.24151146 1.051061228115e+05 2.319609342228e-01 1.113215884624e+01 4.754005920173e-02 1.328505409021e+00
25 51 0 6.10039746 1.45955019 2.27481342 1.17723425 1.24151146 1.086854863089e+05 1.897987298690e-01 1.063279817791e+01 4.929055956167e-02 1.126995537220e+00
25 52 0 6.10039746 1.45955019 2.27481342 1.17723425 1.24151146 1.124092838484e+05 1.578783854289e-01 1.054443291887e+01 5.112871671029e-02 9.430533687278e-01
25 53 0 6.10039746 1.45955019 2.27481342 1.17723425 1.24151146 1.161408096022e+05 1.714528686824e-01 1.061732360622e+01 5.305452243802e-02 8.249555596912e-01
25 54 0 6.10039746 1.45955019 2.27481342 1.17723425 1.24151146 1.197575972546e+05 2.076036964215e-01 1.033332484760e+01 5.506796814381e-02 7.996209793245e-01
25 55 0 6.10039746 1.45955019 2.27481342 1.17723425 1.24151146 1.236563838784e+05 2.141389637297e-01 9.422816419663e+00 5.716904483520e-02 8.664899032765e-01
25 56 0 6.10039746 1.45955019 2.27481342 1.17723425 1.24151146 1.279167123535e+05 1.783089823314e-01 7.989755806003e+00 5.935774312836e-02 1.000837119426e+00
25 57 0 6.10039746 1.45955019 2.27481342 1.17723425 1.24151146 1.321404148322e+05 1.449738254791e-01 6.474367081620e+00 6.163405324813e-02 1.165246840068e+00
25 58 0 6.10039746 1.45955019 2.27481342 1.17723425 1.24151146 1.362446898910e+05 1.577911097427e-01 5.516575299962e+00 6.399796502805e-02 1.324942738702e+00
25 59 0 6.10039746 1.45955019 2.27481342 1.17723425 1.24151146 1.404592344376e+05 1.996564698477e-01 5.372158821066e+00 6.644946791039e-02 1.461094655057e+00
25 60 0 6.10039746 1.45955019 2.27481342 1.17723425 1.24151146 1.449342516829e+05 2.129407702891e-01 5.881246226247e+00 6.898855094627e-02 1.576804845216e+00
25 61 0 6.10039746 1.45955019 2.27481342 1.17723425 1.24151146 1.500502177636e+05 1.752795633289e-01 6.299536326697e+00 7.161520279561e-02 1.693137298204e+00
25 62 0 6.10039746 1.45955019 2.27481342 1.17723425 1.24151146 1.556824559032e+05 1.301598459289e-01 6.667336100962e+00 7.432941172726e-02 1.836420087294e+00
25 63 0 6.10039746 1.45955019 2.27481342 1.17723425 1.24151146 1.613341142190e+05 1.291890308700e-01 7.762146136318e+00 7.713116561901e-02 2.021716601171e+00
26 0 0 0.67173975 0.54233163 0.54305331 0.48926417 0.48181656 2.845386276497e+01 8.275087225708e-03 9.432516466799e+00 5.334391818018e+00 1.047690069436e-04
26 1 0 0.67173975 0.54233163 0.54305331 0.48926417 0.48181656 2.653742112727e+01 7.791132551576e-03 9.161859124167e+00 5.148438733707e+00 2.055978390771e-04
26 2 0 0.67173975 0.54233163 0.54305331 0.48926417 0.48181656 2.504230674787e+01 1.002683164940e-02 5.051139425588e+00 4.968641498724e+00 2.609957570207e-04
26 3 0 0.67173975 0.54233163 0.54305331 0.48926417 0.48181656 2.404586599956e+01 8.766875083795e-03 4.974479076632e+00 4.795011234179e+00 3.078418337954e-04
26 4 0 0.67173975 0.54233163 0.54305331 0.48926417 0.48181656 2.265935594406e+01 3.819482177500e-03 7.763252872647e+00 4.627559071069e+00 4.490563548115e-04
26 5 0 0.67173975 0.54233163 0.54305331 0.48926417 0.48181656 2.132172693480e+01 2.799369359274e-03 6.515506941224e+00 4.466296150222e+00 6.513189284429e-04
26 6 0 0.67173975 0.54233163 0.54305331 0.48926417 0.48181656 2.028868093731e+01 4.926242521248e-03 3.481017602109e+00 4.311233622280e+00 7.469853005603e-04
26 7 0 0.67173975 0.54233163 0.54305331 0.48926417 0.48181656 1.920309716662e+01 4.591447876944e-03 4.560376905683e+00 4.162382647650e+00 6.364626963498e-04
26 8 0 0.67173975 0.54233163 0.54305331 0.48926417 0.48181656 1.822510553002e+01 2.967426066204e-03 6.652425152540e+00 4.019754396485e+00 4.156689612038e-04
26 9 0 0.67173975 0.54233163 0.54305331 0.48926417 0.48181656 1.734865200548e+01 2.288364128136e-03 4.838000908165e+00 3.883360048632e+00 2.615121751066e-04
26 10 0 0.67173975 0.54233163 0.54305331 0.48926417 0.48181656 1.658597156113e+01 2.087069458303e-03 2.772128764984e+00 3.753210793603e+00 2.303906591466e-04
26 11 0 0.67173975 0.54233163 0.54305331 0.48926417 0.48181656 1.612383300843e+01 3.483815472283e-03 4.335277620964e+00 3.629317830542e+00 2.262346521844e-04
26 12 0 0.67173975 0.54233163 0.54305331 0.48926417 0.48181656 1.551560485545e+01 5.277290088068e-03 5.506190986009e+00 3.511692368187e+00 1.588989932001e-04
26 13 0 0.67173975 0.54233163 0.54305331 0.48926417 0.48181656 1.477324033050e+01 3.915816937905e-03 3.434004426497e+00 3.400345624833e+00 7.026266046235e-05
26 14 0 0.67173975 0.54233163 0.54305331 0.48926417 0.48181656 1.441726052685e+01 2.179566908354e-03 2.359140971458e+00 3.295288828298e+00 6.876072633956e-05
26 15 0 0.67173975 0.54233163 0.54305331 0.48926417 0.48181656 1.398154798990e+01 4.063459894355e-03 4.183475006554e+00 3.196533215888e+00 1.762968581159e-04
26 16 0 0.67173975 0.54233163 0.54305331 0.48926417 0.48181656 1.327203443947e+01 5.994383291879e-03 4.614669429950e+00 3.104090034359e+00 2.973514803344e-04
26 17 0 0.67173975 0.54233163 0.54305331 0.48926417 0.48181656 1.292648974640e+01 5.312804119517e-03 2.617778053118e+00 3.017970539883e+00 3.435355575103e-04
26 18 0 0.67173975 0.54233163 0.54305331 0.48926417 0.48181656 1.267608333969e+01 4.631005564310e-03 2.373608370521e+00 2.938185998011e+00 3.393636072165e-04
26 19 0 0.67173975 0.54233163 0.54305331 0.48926417 0.48181656 1.211423272588e+01 4.040954192542e-03 4.097116902347e+00 2.864747683638e+00 3.701757553584e-04
26 20 0 0.67173975 0.54233163 0.54305331 0.48926417 0.48181656 1.167414510452e+01 3.337100992956e-03 3.812383152866e+00 2.797666880964e+00 4.495175341578e-04
26 21 0 0.67173975 0.54233163 0.54305331 0.48926417 0.48181656 1.136350481022e+01 4.852027428382e-03 2.050014183469e+00 2.736954883464e+00 4.870978422086e-04
26 22 0 0.67173975 0.54233163 0.54305331 0.48926417 0.48181656 1.092825850242e+01 6.126900629781e-03 2.520059494843e+00 2.682622993843e+00 3.999741125915e-04
26 23 0 0.67173975 0.54233163 0.54305331 0.48926417 0.48181656 1.055864071211e+01 3.835548484494e-03 4.056248253765e+00 2.634682524011e+00 2.211816935302e-04
26 24 0 0.67173975 0.54233163 0.54305331 0.48926417 0.48181656 1.028932298633e+01 1.884695167679e-03 3.300711848701e+00 2.593144795034e+00 6.803167141838e-05
26 25 0 0.67173975 0.54233163 0.54305331 0.48926417 0.48181656 1.010389502889e+01 2.733794034003e-03 1.985828147840e+00 2.558021137110e+00 1.624495257285e-05
26 26 0 0.67173975 0.54233163 0.54305331 0.48926417 0.48181656 1.004446821953e+01 3.052068856142e-03 3.059717261786e+00 2.529322889524e+00 4.035571664345e-05
26 27 0 0.67173975 0.54233163 0.54305331 0.48926417 0.48181656 9.915411481722e+00 2.408611761418e-03 4.270013129424e+00 2.507061400616e+00 8.322686848202e-05
26 28 0 0.67173975 0.54233163 0.54305331 0.48926417 0.48181656 9.861379734282e+00 2.081754156812e-03 3.087419123192e+00 2.491248027741e+00 1.464549293290e-04
26 29 0 0.67173975 0.54233163 0.54305331 0.48926417 0.48181656 1.007989855197e+01 1.071443187297e-03 2.211250905453e+00 2.481894137238e+00 2.749321359074e-04
26 30 0 0.67173975 0.54233163 0.54305331 0.48926417 0.48181656 1.020698276352e+01 7.480125368573e-04 3.736995178750e+00 2.479011104385e+00 4.601850093471e-04
26 31 0 0.67173975 0.54233163 0.54305331 0.48926417 0.48181656 1.033420321914e+01 2.161909745676e-03 4.600094078662e+00 2.482610313374e+00 6.025662260640e-04
26 32 0 0.67173975 0.54233163 0.54305331 0.48926417 0.48181656 1.085039779338e+01 2.156011195713e-03 3.192701679938e+00 2.492703157261e+00 5.980558159766e-04
26 33 0 0.67173975 0.54233163 0.54305331 0.48926417 0.48181656 1.134087108783e+01 7.715758519933e-04 2.917375705021e+00 2.509301037942e+00 4.495610643319e-04
26 34 0 0.67173975 0.54233163 0.54305331 0.48926417 0.48181656 1.165183519510e+01 1.141953556751e-03 4.864386367357e+00 2.532415366107e+00 2.641770763748e-04
26 35 0 0.67173975 0.54233163 0.54305331 0.48926417 0.48181656 1.222879004166e+01 2.168011671423e-03 5.300299409801e+00 2.562057561206e+00 1.393583829483e-04
26 36 0 0.67173975 0.54233163 0.54305331 0.48926417 0.48181656 1.286215879642e+01 2.551317935062e-03 3.638643441663e+00 2.598239051415e+00 7.933710210428e-05
26 37 0 0.67173975 0.54233163 0.54305331 0.48926417 0.48181656 1.331631084049e+01 3.260461792165e-03 3.882302730709e+00 2.640971273596e+00 3.834252011048e-05
26 38 0 0.67173975 0.54233163 0.54305331 0.48926417 0.48181656 1.389902598054e+01 2.899580053947e-03 6.083862264866e+00 2.690265673258e+00 1.834886455128e-05
26 39 0 0.67173975 0.54233163 0.54305331 0.48926417 0.48181656 1.457443303631e+01 1.992739412881e-03 6.037612729902e+00 2.746133704526e+00 7.932704888932e-05
26 40 0 0.67173975 0.54233163 0.54305331 0.48926417 0.48181656 1.522581743413e+01 3.999613876184e-03 4.310515535153e+00 2.808586830100e+00 2.434014742742e-04
26 41 0 0.67173975 0.54233163 0.54305331 0.48926417 0.48181656 1.589151903716e+01 6.367079747456e-03 5.304307917556e+00 2.877636521219e+00 4.272694322669e-04
26 42 0 0.67173975 0.54233163 0.54305331 0.48926417 0.48181656 1.642603678526e+01 5.083799616611e-03 7.781568361610e+00 2.953294257620e+00 5.102242335921e-04
26 43 0 0.67173975 0.54233163 0.54305331 0.48926417 0.48181656 1.703108367503e+01 3.490853094226e-03 7.157121424795e+00 3.035571527509e+00 4.648698439016e-04
26 44 0 0.67173975 0.54233163 0.54305331 0.48926417 0.48181656 1.780428856934e+01 4.104412019392e-03 5.348531481357e+00 3.124479827514e+00 3.829055274251e-04
26 45 0 0.67173975 0.54233163 0.54305331 0.48926417 0.48181656 1.832126093366e+01 4.684456276544e-03 7.027146585260e+00 3.220030662658e+00 3.560487076095e-04
26 46 0 0.67173975 0.54233163 0.54305331 0.48926417 0.48181656 1.892105324276e+01 5.422345920866e-03 9.523645965853e+00 3.322235546312e+00 3.631768147981e-04
26 47 0 0.67173975 0.54233163 0.54305331 0.48926417 0.48181656 2.000199287377e+01 6.086695075519e-03 8.190206226735e+00 3.431106000159e+00 3.124616121839e-04
26 48 0 0.67173975 0.54233163 0.54305331 0.48926417 0.48181656 2.084678594613e+01 4.067520923333e-03 6.578844114104e+00 3.546653554165e+00 1.830332211146e-04
26 49 0 0.67173975 0.54233163 0.54305331 0.48926417 0.48181656 2.150518586591e+01 2.128069240279e-03 9.275347103013e+00 3.668889746541e+00 7.252320491667e-05
26 50 0 0.67173975 0.54233163 0.54305331 0.48926417 0.48181656 2.269602384335e+01 3.859349401327e-03 1.179804323399e+01 3.797826123684e+00 7.864721484887e-05
26 51 0 0.67173975 0.54233163 0.54305331 0.48926417 0.48181656 2.386411812174e+01 5.254813252140e-03 9.722552252424e+00 3.933474240163e+00 1.714873012425e-04
26 52 0 0.67173975 0.54233163 0.54305331 0.48926417 0.48181656 2.476175997478e+01 3.477875030425e-03 8.480542515171e+00 4.075845658683e+00 2.363732216491e-04
26 53 0 0.67173975 0.54233163 0.54305331 0.48926417 0.48181656 2.609639299206e+01 2.049165016582e-03 1.214583887331e+01 4.224951950027e+00 2.381503152662e-04
26 54 0 0.67173975 0.54233163 0.54305331 0.48926417 0.48181656 2.764166209683e+01 2.299181552734e-03 1.425529078696e+01 4.380804693032e+00 2.799226093311e-04
26 55 0 0.67173975 0.54233163 0.54305331 0.48926417 0.48181656 2.906588315557e+01 3.139883557318e-03 1.126404402708e+01 4.543415474546e+00 4.588904264960e-04
26 56 0 0.67173975 0.54233163 0.54305331 0.48926417 0.48181656 3.058037160753e+01 4.887001338245e-03 1.076103215676e+01 4.712795889403e+00 7.025418072919e-04
26 57 0 0.67173975 0.54233163 0.54305331 0.48926417 0.48181656 3.201068420030e+01 5.233462228881e-03 1.565129125476e+01 4.888957540368e+00 8.172316006524e-04
26 58 0 0.67173975 0.54233163 0.54305331 0.48926417 0.48181656 3.354271379322e+01 3.060597544126e-03 1.726191342494e+01 5.071912038094e+00 7.082902938650e-04
26 59 0 0.67173975 0.54233163 0.54305331 0.48926417 0.48181656 3.519502541076e+01 4.205197681973e-03 1.353925402806e+01 5.261671001118e+00 4.909033550553e-04
26 60 0 0.67173975 0.54233163 0.54305331 0.48926417 0.48181656 3.640134413807e+01 9.543644058513e-03 1.417715488842e+01 5.458246055783e+00 3.416397040923e-04
26 61 0 0.67173975 0.54233163 0.54305331 0.48926417 0.48181656 3.787953289059e+01 1.097243332109e-02 2.007822619371e+01 5.661648836236e+00 2.865735222476e-04
26 62 0 0.67173975 0.54233163 0.54305331 0.48926417 0.48181656 3.992426208618e+01 8.490464009418e-03 2.049399214348e+01 5.871890984341e+00 2.149027608336e-04
26 63 0 0.67173975 0.54233163 0.54305331 0.48926417 0.48181656 4.119731356637e+01 8.894189475374e-03 1.583696801658e+01 6.088984149704e+00 9.969582164555e-05
27 0 0 0.41045293 0.36088453 0.35851401 0.34066809 0.33215963 3.776029304057e+00 4.131313309571e-03 1.703763461837e+00 1.811374331662e+00 2.693172155416e-05
27 1 0 0.41045293 0.36088453 0.35851401 0.34066809 0.33215963 3.438497231505e+00 6.254937096100e-03 1.609833109406e+00 1.765221506349e+00 6.103295221002e-05
27 2 0 0.41045293 0.36088453 0.35851401 0.34066809 0.33215963 3.337683026277e+00 4.246711423849e-03 8.540441979053e-01 1.680484799966e+00 7.832646640008e-05
27 3 0 0.41045293 0.36088453 0.35851401 0.34066809 0.33215963 3.121670698972e+00 2.620242974726e-03 9.019165042824e-01 1.644677743619e+00 9.047340337079e-05
27 4 0 0.41045293 0.36088453 0.35851401 0.34066809 0.33215963 3.015981102778e+00 6.100081842039e-03 1.433467743077e+00 1.560573771416e+00 1.303540803036e-04
27 5 0 0.41045293 0.36088453 0.35851401 0.34066809 0.33215963 2.809315053599e+00 3.973940248435e-03 1.173257522895e+00 1.530440360878e+00 1.890291946328e-04
27 6 0 0.41045293 0.36088453 0.35851401 0.34066809 0.33215963 2.762257778055e+00 3.736474154871e-03 6.342937861124e-01 1.451397397377e+00 2.156675600867e-04
27 7 0 0.41045293 0.36088453 0.35851401 0.34066809 0.33215963 2.616751514382e+00 3.144550937299e-03 9.010164034123e-01 1.423004754747e+00 1.798967653826e-04
27 8 0 0.41045293 0.36088453 0.35851401 0.34066809 0.33215963 2.507061060638e+00 2.903646692604e-03 1.304468619112e+00 1.352252866541e+00 1.114908283175e-04
27 9 0 0.41045293 0.36088453 0.35851401 0.34066809 0.33215963 2.451937510283e+00 4.617583988005e-03 9.360339441076e-01 1.323206655699e+00 6.522833007344e-05
27 10 0 0.41045293 0.36088453 0.35851401 0.34066809 0.33215963 2.298373671707e+00 2.978328402489e-03 5.545883044493e-01 1.262301014431e+00 5.847018087278e-05
27 11 0 0.41045293 0.36088453 0.35851401 0.34066809 0.33215963 2.255333588633e+00 2.869096168164e-03 8.768188637344e-01 1.231890428156e+00 6.098490282974e-05
27 12 0 0.41045293 0.36088453 0.35851401 0.34066809 0.33215963 2.126696945969e+00 2.246629224319e-03 1.090948825262e+00 1.180853654589e+00 4.391621950483e-05
27 13 0 0.41045293 0.36088453 0.35851401 0.34066809 0.33215963 2.060275207339e+00 2.769543957696e-03 6.812247981066e-01 1.149655206431e+00 1.915496457043e-05
27 14 0 0.41045293 0.36088453 0.35851401 0.34066809 0.33215963 2.001156993959e+00 3.815376458475e-03 4.996846113511e-01 1.107545472262e+00 1.953149073533e-05
27 15 0 0.41045293 0.36088453 0.35851401 0.34066809 0.33215963 1.953986149840e+00 1.931294194076e-03 8.840196949965e-01 1.076745907295e+00 5.165051533423e-05
27 16 0 0.41045293 0.36088453 0.35851401 0.34066809 0.33215963 1.868531935033e+00 1.821120354864e-03 9.670300261573e-01 1.042364171062e+00 8.627799778384e-05
27 17 0 0.41045293 0.36088453 0.35851401 0.34066809 0.33215963 1.819209032307e+00 2.349541110702e-03 5.588855013722e-01 1.013093045254e+00 9.677324505125e-05
27 18 0 0.41045293 0.36088453 0.35851401 0.34066809 0.33215963 1.761414887519e+00 2.211447525158e-03 4.990612319181e-01 9.855618737296e-01 9.173245082014e-05
27 19 0 0.41045293 0.36088453 0.35851401 0.34066809 0.33215963 1.639795940581e+00 2.111627037277e-03 8.363454472017e-01 9.584533641812e-01 9.868511620951e-05
27 20 0 0.41045293 0.36088453 0.35851401 0.34066809 0.33215963 1.602725158595e+00 1.749502074648e-03 7.866444419673e-01 9.375016456144e-01 1.226916379840e-04
27 21 0 0.41045293 0.36088453 0.35851401 0.34066809 0.33215963 1.601739198975e+00 1.119272215256e-03 4.447996118347e-01 9.125803057084e-01 1.360542692569e-04
27 22 0 0.41045293 0.36088453 0.35851401 0.34066809 0.33215963 1.540830013344e+00 1.966602433116e-03 5.381658538618e-01 8.985006389590e-01 1.126011264321e-04
27 23 0 0.41045293 0.36088453 0.35851401 0.34066809 0.33215963 1.502838906919e+00 2.414310332770e-03 8.439231645679e-01 8.753612857720e-01 6.151163200248e-05
27 24 0 0.41045293 0.36088453 0.35851401 0.34066809 0.33215963 1.467481874957e+00 8.897517887048e-04 6.939746935772e-01 8.687189706011e-01 1.788771285494e-05
27 25 0 0.41045293 0.36088453 0.35851401 0.34066809 0.33215963 1.439326157180e+00 1.407466499000e-03 4.169238278091e-01 8.468862246993e-01 4.149871073006e-06
27 26 0 0.41045293 0.36088453 0.35851401 0.34066809 0.33215963 1.423578365865e+00 1.364616769155e-03 6.112678326296e-01 8.481196021910e-01 1.182572687098e-05
27 27 0 0.41045293 0.36088453 0.35851401 0.34066809 0.33215963 1.392419589393e+00 1.348905870430e-03 8.578195110114e-01 8.274423531679e-01 2.319517239614e-05
27 28 0 0.41045293 0.36088453 0.35851401 0.34066809 0.33215963 1.424361250673e+00 1.875253074164e-03 6.374772559230e-01 8.364994303743e-01 3.929130087476e-05
27 29 0 0.41045293 0.36088453 0.35851401 0.34066809 0.33215963 1.447064794562e+00 6.976909699903e-04 4.511602191075e-01 8.174515339905e-01 7.498810107414e-05
27 30 0 0.41045293 0.36088453 0.35851401 0.34066809 0.33215963 1.482657424194e+00 1.242913166098e-03 7.333535879440e-01 8.335735353838e-01 1.288012086668e-04
27 31 0 0.41045293 0.36088453 0.35851401 0.34066809 0.33215963 1.445432909490e+00 1.463536346968e-03 9.099128431506e-01 8.173743670862e-01 1.708574933854e-04
27 32 0 0.41045293 0.36088453 0.35851401 0.34066809 0.33215963 1.547481462381e+00 1.465018768827e-03 6.370493758714e-01 8.390861637983e-01 1.695058001426e-04
27 33 0 0.41045293 0.36088453 0.35851401 0.34066809 0.33215963 1.585274742287e+00 1.264325499701e-03 5.570892208938e-01 8.276040449197e-01 1.256373126409e-04
27 34 0 0.41045293 0.36088453 0.35851401 0.34066809 0.33215963 1.603456256959e+00 7.210832478772e-04 9.181464064231e-01 8.529216019896e-01 7.183576604262e-05
27 35 0 0.41045293 0.36088453 0.35851401 0.34066809 0.33215963 1.665566424641e+00 1.919989745259e-03 1.013083609332e+00 8.483692237478e-01 3.727541516299e-05
27 36 0 0.41045293 0.36088453 0.35851401 0.34066809 0.33215963 1.757394744331e+00 1.411856442807e-03 6.924360888940e-01 8.751913134359e-01 2.211502948371e-05
27 37 0 0.41045293 0.36088453 0.35851401 0.34066809 0.33215963 1.844007330054e+00 1.438119766185e-03 7.211988779469e-01 8.796639435904e-01 1.121056870076e-05
27 38 0 0.41045293 0.36088453 0.35851401 0.34066809 0.33215963 1.899607138512e+00 1.480298195454e-03 1.142749715974e+00 9.062774417298e-01 4.649052456681e-06
27 39 0 0.41045293 0.36088453 0.35851401 0.34066809 0.33215963 1.988091221380e+00 9.429743933477e-04 1.140294664792e+00 9.212237071176e-01 2.104859004298e-05
27 40 0 0.41045293 0.36088453 0.35851401 0.34066809 0.33215963 2.055214814364e+00 2.536538352322e-03 7.852449708685e-01 9.468171745725e-01 6.787151892748e-05
27 41 0 0.41045293 0.36088453 0.35851401 0.34066809 0.33215963 2.145510620488e+00 2.086863592859e-03 9.388698262585e-01 9.725654134281e-01 1.203809078221e-04
27 42 0 0.41045293 0.36088453 0.35851401 0.34066809 0.33215963 2.204287458298e+00 1.197177390752e-03 1.406823806845e+00 9.976202448295e-01 1.424575670307e-04
27 43 0 0.41045293 0.36088453 0.35851401 0.34066809 0.33215963 2.284529212234e+00 1.826441642978e-03 1.299100726153e+00 1.033098979532e+00 1.266896704229e-04
27 44 0 0.41045293 0.36088453 0.35851401 0.34066809 0.33215963 2.461721553394e+00 2.197470313753e-03 9.499563199951e-01 1.059525517081e+00 1.019533284177e-04
27 45 0 0.41045293 0.36088453 0.35851401 0.34066809 0.33215963 2.546778348576e+00 2.327543729476e-03 1.260602430412e+00 1.102297933966e+00 9.635404818108e-05
27 46 0 0.41045293 0.36088453 0.35851401 0.34066809 0.33215963 2.595737571993e+00 2.446462645270e-03 1.729241734684e+00 1.133221552133e+00 1.024452568806e-04
27 47 0 0.41045293 0.36088453 0.35851401 0.34066809 0.33215963 2.718198365340e+00 1.878482546351e-03 1.448459830803e+00 1.179890016005e+00 9.066075396940e-05
27 48 0 0.41045293 0.36088453 0.35851401 0.34066809 0.33215963 2.819604849051e+00 1.953969941483e-03 1.104757128345e+00 1.219075230949e+00 5.351657134753e-05
27 49 0 0.41045293 0.36088453 0.35851401 0.34066809 0.33215963 2.921582699898e+00 3.885636302971e-03 1.608775275988e+00 1.266008523635e+00 2.049900494514e-05
27 50 0 0.41045293 0.36088453 0.35851401 0.34066809 0.33215963 3.070790518006e+00 2.832212766705e-03 2.097473268526e+00 1.317023528547e+00 2.150636513582e-05
27 51 0 0.41045293 0.36088453 0.35851401 0.34066809 0.33215963 3.245625459851e+00 2.243955609934e-03 1.694761037382e+00 1.361243878213e+00 4.745231813726e-05
27 52 0 0.41045293 0.36088453 0.35851401 0.34066809 0.33215963 3.385033799994e+00 2.837924830064e-03 1.446098002379e+00 1.426577603232e+00 6.359785174739e-05
27 53 0 0.41045293 0.36088453 0.35851401 0.34066809 0.33215963 3.520642351548e+00 2.932102188192e-03 2.140289971777e+00 1.466559397981e+00 6.016061875959e-05
27 54 0 0.41045293 0.36088453 0.35851401 0.34066809 0.33215963 3.730748068326e+00 4.628353680159e-03 2.517447860117e+00 1.546960831679e+00 7.001934442989e-05
27 55 0 0.41045293 0.36088453 0.35851401 0.34066809 0.33215963 3.804238653942e+00 2.837613352716e-03 1.906583955344e+00 1.583080619172e+00 1.237587418952e-04
27 56 0 0.41045293 0.36088453 0.35851401 0.34066809 0.33215963 4.119217260459e+00 3.050658803288e-03 1.805181493654e+00 1.677357068887e+00 1.990611836505e-04
27 57 0 0.41045293 0.36088453 0.35851401 0.34066809 0.33215963 4.185129692653e+00 3.651596411757e-03 2.754765219328e+00 1.711817425249e+00 2.360419591567e-04
27 58 0 0.41045293 0.36088453 0.35851401 0.34066809 0.33215963 4.503826395762e+00 3.864296836670e-03 3.042055566094e+00 1.817196519020e+00 2.053912481080e-04
27 59 0 0.41045293 0.36088453 0.35851401 0.34066809 0.33215963 4.684421994801e+00 6.049037191526e-03 2.305921117712e+00 1.853411957391e+00 1.423215144154e-04
27 60 0 0.41045293 0.36088453 0.35851401 0.34066809 0.33215963 4.952043833211e+00 2.493291064282e-03 2.461918001821e+00 1.966375872886e+00 1.003490464034e-04
27 61 0 0.41045293 0.36088453 0.35851401 0.34066809 0.33215963 5.120117332834e+00 4.176623747622e-03 3.624168586887e+00 2.008006787504e+00 8.604090273029e-05
27 62 0 0.41045293 0.36088453 0.35851401 0.34066809 0.33215963 5.415969612767e+00 6.218226974184e-03 3.658133396851e+00 2.125316929599e+00 6.395385985218e-05
27 63 0 0.41045293 0.36088453 0.35851401 0.34066809 0.33215963 5.607433651585e+00 4.061797751255e-03 2.715785281551e+00 2.175292878034e+00 2.541269821949e-05
29 0 0 0.41381920 0.35858734 0.36171660 0.35228720 0.33126393 3.725825476899e+00 1.839683041127e-03 5.100301062120e+00 2.198883091554e+00 4.533311923725e-06
29 1 0 0.41381920 0.35858734 0.36171660 0.35228720 0.33126393 3.533311495756e+00 1.882417344792e-03 4.989934128951e+00 2.116564507005e+00 4.365969265044e-06
29 2 0 0.41381920 0.35858734 0.36171660 0.35228720 0.33126393 3.408409911836e+00 1.808469155344e-03 4.866307426734e+00 2.037339386862e+00 4.204199559351e-06
29 3 0 0.41381920 0.35858734 0.36171660 0.35228720 0.33126393 3.301976248318e+00 1.575278996896e-03 4.773711138406e+00 1.961172225978e+00 4.048002867154e-06
29 4 0 0.41381920 0.35858734 0.36171660 0.35228720 0.33126393 3.156845892676e+00 1.442269461594e-03 4.692811648729e+00 1.888029008148e+00 3.897379246875e-06
29 5 0 0.41381920 0.35858734 0.36171660 0.35228720 0.33126393 2.991305234073e+00 1.536181285879e-03 4.573836818692e+00 1.817877285364e+00 3.752328754844e-06
29 6 0 0.41381920 0.35858734 0.36171660 0.35228720 0.33126393 2.833141182586e+00 1.655304481509e-03 4.415939671666e+00 1.750686251756e+00 3.612851445335e-06
29 7 0 0.41381920 0.35858734 0.36171660 0.35228720 0.33126393 2.720293501557e+00 1.599378338554e-03 4.260849853229e+00 1.686426812013e+00 3.478947370495e-06
29 8 0 0.41381920 0.35858734 0.36171660 0.35228720 0.33126393 2.638287779400e+00 1.475738124325e-03 4.119009549924e+00 1.625071644247e+00 3.350616580410e-06
29 9 0 0.41381920 0.35858734 0.36171660 0.35228720 0.33126393 2.532793766888e+00 1.506950544742e-03 3.959219032203e+00 1.566595257101e+00 3.227859123097e-06
29 10 0 0.41381920 0.35858734 0.36171660 0.35228720 0.33126393 2.431116563314e+00 1.669473898153e-03 3.774570066645e+00 1.510974041093e+00 3.110675044446e-06
29 11 0 0.41381920 0.35858734 0.36171660 0.35228720 0.33126393 2.354708949446e+00 1.734425708763e-03 3.603155186464e+00 1.458186314004e+00 2.999064388306e-06
29 12 0 0.41381920 0.35858734 0.36171660 0.35228720 0.33126393 2.258204713455e+00 1.625567844276e-03 3.464871270077e+00 1.408212360331e+00 2.893027196417e-06
29 13 0 0.41381920 0.35858734 0.36171660 0.35228720 0.33126393 2.137942236172e+00 1.525046513783e-03 3.323578464553e+00 1.361034464700e+00 2.792563508438e-06
29 14 0 0.41381920 0.35858734 0.36171660 0.35228720 0.33126393 2.023741161062e+00 1.578020794661e-03 3.140837193160e+00 1.316636939183e+00 2.697673361947e-06
29 15 0 0.41381920 0.35858734 0.36171660 0.35228720 0.33126393 1.942017152952e+00 1.670603190216e-03 2.934510487743e+00 1.275006144524e+00 2.608356792432e-06
29 16 0 0.41381920 0.35858734 0.36171660 0.35228720 0.33126393 1.901152240667e+00 1.615580128507e-03 2.751799611078e+00 1.236130505206e+00 2.524613833306e-06
29 17 0 0.41381920 0.35858734 0.36171660 0.35228720 0.33126393 1.846711201113e+00 1.439605993739e-03 2.605340750555e+00 1.200000518399e+00 2.446444515888e-06
29 18 0 0.41381920 0.35858734 0.36171660 0.35228720 0.33126393 1.749662760890e+00 1.330807336652e-03 2.467795628462e+00 1.166608756756e+00 2.373848869415e-06
29 19 0 0.41381920 0.35858734 0.36171660 0.35228720 0.33126393 1.653745420790e+00 1.347714603767e-03 2.316985479635e+00 1.135949865106e+00 2.306826921040e-06
29 20 0 0.41381920 0.35858734 0.36171660 0.35228720 0.33126393 1.572704212639e+00 1.343562783197e-03 2.155629181138e+00 1.108020551055e+00 2.245378695832e-06
29 21 0 0.41381920 0.35858734 0.36171660 0.35228720 0.33126393 1.504834215808e+00 1.204318016455e-03 1.991701641515e+00 1.082819569558e+00 2.189504216775e-06
29 22 0 0.41381920 0.35858734 0.36171660 0.35228720 0.33126393 1.469440108968e+00 1.020134927911e-03 1.828273984381e+00 1.060347701508e+00 2.139203504766e-06
29 23 0 0.41381920 0.35858734 0.36171660 0.35228720 0.33126393 1.454669487287e+00 9.377154120558e-04 1.675104973491e+00 1.040607726425e+00 2.094476578619e-06
29 24 0 0.41381920 0.35858734 0.36171660 0.35228720 0.33126393 1.439262369006e+00 9.394832789001e-04 1.545734985364e+00 1.023604389320e+00 2.055323455064e-06
29 25 0 0.41381920 0.35858734 0.36171660 0.35228720 0.33126393 1.411263648663e+00 8.875432134852e-04 1.435429949449e+00 1.009344361837e+00 2.021744148745e-06
29 26 0 0.41381920 0.35858734 0.36171660 0.35228720 0.33126393 1.367966277027e+00 7.459382807354e-04 1.320498132010e+00 9.978361977831e-01 1.993738672222e-06
29 27 0 0.41381920 0.35858734 0.36171660 0.35228720 0.33126393 1.350105915121e+00 6.306704515393e-04 1.188601902454e+00 9.890902831642e-01 1.971307035969e-06
29 28 0 0.41381920 0.35858734 0.36171660 0.35228720 0.33126393 1.372540864859e+00 6.229612529076e-04 1.055283758963e+00 9.831187808621e-01 1.954449248377e-06
29 29 0 0.41381920 0.35858734 0.36171660 0.35228720 0.33126393 1.388882781562e+00 6.479729148342e-04 9.410256914454e-01 9.799355700994e-01 1.943165315750e-06
29 30 0 0.41381920 0.35858734 0.36171660 0.35228720 0.33126393 1.391992281486e+00 6.032868862937e-04 8.449206188834e-01 9.795561808461e-01 1.937455242310e-06
29 31 0 0.41381920 0.35858734 0.36171660 0.35228720 0.33126393 1.407453788070e+00 5.244558589649e-04 7.530021577738e-01 9.819977233364e-01 1.937319030192e-06
29 32 0 0.41381920 0.35858734 0.36171660 0.35228720 0.33126393 1.434000793523e+00 5.249433195770e-04 6.623316049522e-01 9.872788128744e-01 1.942756679447e-06
29 33 0 0.41381920 0.35858734 0.36171660 0.35228720 0.33126393 1.465178562528e+00 6.112003287158e-04 5.815928770773e-01 9.954194901147e-01 1.953768188041e-06
29 34 0 0.41381920 0.35858734 0.36171660 0.35228720 0.33126393 1.491861404407e+00 6.711370209987e-04 5.122976616236e-01 1.006441137018e+00 1.970353551856e-06
29 35 0 0.41381920 0.35858734 0.36171660 0.35228720 0.33126393 1.525354949759e+00 6.558336863078e-04 4.447299387230e-01 1.020366388689e+00 1.992512764688e-06
29 36 0 0.41381920 0.35858734 0.36171660 0.35228720 0.33126393 1.595474017038e+00 6.623485212100e-04 3.741246084539e-01 1.037219041310e+00 2.020245818249e-06
29 37 0 0.41381920 0.35858734 0.36171660 0.35228720 0.33126393 1.670413475769e+00 7.783420858219e-04 3.092027747210e-01 1.057023956403e+00 2.053552702166e-06
29 38 0 0.41381920 0.35858734 0.36171660 0.35228720 0.33126393 1.708787664736e+00 9.324374357562e-04 2.602639043576e-01 1.079806961645e+00 2.092433403981e-06
29 39 0 0.41381920 0.35858734 0.36171660 0.35228720 0.33126393 1.741865755366e+00 9.972729251441e-04 2.264874944496e-01 1.105594748481e+00 2.136887909152e-06
29 40 0 0.41381920 0.35858734 0.36171660 0.35228720 0.33126393 1.799549876587e+00 9.929138609328e-04 1.996609897660e-01 1.134414766786e+00 2.186916201051e-06
29 41 0 0.41381920 0.35858734 0.36171660 0.35228720 0.33126393 1.881752132081e+00 1.063259808944e-03 1.752360854699e-01 1.166295116831e+00 2.242518260968e-06
29 42 0 0.41381920 0.35858734 0.36171660 0.35228720 0.33126393 1.980434135846e+00 1.245948797387e-03 1.549729469303e-01 1.201264438803e+00 2.303694068104e-06
29 43 0 0.41381920 0.35858734 0.36171660 0.35228720 0.33126393 2.066713589295e+00 1.396151942452e-03 1.416373929322e-01 1.239351800167e+00 2.370443599578e-06
29 44 0 0.41381920 0.35858734 0.36171660 0.35228720 0.33126393 2.134552681673e+00 1.402273861086e-03 1.356493109506e-01 1.280586581126e+00 2.442766830425e-06
29 45 0 0.41381920 0.35858734 0.36171660 0.35228720 0.33126393 2.188584472032e+00 1.366396079390e-03 1.370229714360e-01 1.324998358454e+00 2.520663733594e-06
29 46 0 0.41381920 0.35858734 0.36171660 0.35228720 0.33126393 2.213960710928e+00 1.452888024478e-03 1.482472121177e-01 1.372616788000e+00 2.604134279947e-06
29 47 0 0.41381920 0.35858734 0.36171660 0.35228720 0.33126393 2.252252998571e+00 1.624386138698e-03 1.731108301392e-01 1.423471486139e+00 2.693178438266e-06
29 48 0 0.41381920 0.35858734 0.36171660 0.35228720 0.33126393 2.349455790894e+00 1.684591081025e-03 2.110680534788e-01 1.477591910438e+00 2.787796175245e-06
29 49 0 0.41381920 0.35858734 0.36171660 0.35228720 0.33126393 2.460390082071e+00 1.581694867376e-03 2.543164462534e-01 1.535007239873e+00 2.887987455496e-06
29 50 0 0.41381920 0.35858734 0.36171660 0.35228720 0.33126393 2.540456305496e+00 1.500397863072e-03 2.955789888285e-01 1.595746254841e+00 2.993752241542e-06
29 51 0 0.41381920 0.35858734 0.36171660 0.35228720 0.33126393 2.592746760560e+00 1.579715154940e-03 3.396164218125e-01 1.659837217286e+00 3.105090493824e-06
29 52 0 0.41381920 0.35858734 0.36171660 0.35228720 0.33126393 2.643178601487e+00 1.689242039693e-03 3.997480674390e-01 1.727307751234e+00 3.222002170700e-06
29 53 0 0.41381920 0.35858734 0.36171660 0.35228720 0.33126393 2.730080247753e+00 1.629674259051e-03 4.793864639791e-01 1.798184724018e+00 3.344487228441e-06
29 54 0 0.41381920 0.35858734 0.36171660 0.35228720 0.33126393 2.829003985672e+00 1.456835068259e-03 5.660266129679e-01 1.872494128499e+00 3.472545621241e-06
29 55 0 0.41381920 0.35858734 0.36171660 0.35228720 0.33126393 2.909080859015e+00 1.408956899324e-03 6.504845596706e-01 1.950260966573e+00 3.606177301183e-06
29 56 0 0.41381920 0.35858734 0.36171660 0.35228720 0.33126393 3.019664216068e+00 1.533652506534e-03 7.413675517355e-01 2.031509134226e+00 3.745382218311e-06
29 57 0 0.41381920 0.35858734 0.36171660 0.35228720 0.33126393 3.158761437185e+00 1.608991923482e-03 8.480832212928e-01 2.116261308513e+00 3.890160320539e-06
29 58 0 0.41381920 0.35858734 0.36171660 0.35228720 0.33126393 3.265053984993e+00 1.505521785801e-03 9.599379095732e-01 2.204538836615e+00 4.040511553714e-06
29 59 0 0.41381920 0.35858734 0.36171660 0.35228720 0.33126393 3.335230209691e+00 1.416381564404e-03 1.061172294248e+00 2.296361627378e+00 4.196435861624e-06
29 60 0 0.41381920 0.35858734 0.36171660 0.35228720 0.33126393 3.393177147275e+00 1.563057942187e-03 1.160282804698e+00 2.391748045529e+00 4.357933185926e-06
29 61 0 0.41381920 0.35858734 0.36171660 0.35228720 0.33126393 3.484664894730e+00 1.831059646198e-03 1.280394184311e+00 2.490714808918e+00 4.525003466222e-06
29 62 0 0.41381920 0.35858734 0.36171660 0.35228720 0.33126393 3.623199490317e+00 1.942474850361e-03 1.420648297293e+00 2.593276888972e+00 4.697646640025e-06
29 63 0 0.41381920 0.35858734 0.36171660 0.35228720 0.33126393 3.720810272953e+00 1.919800023009e-03 1.552360360660e+00 2.699447414690e+00 4.875862642760e-06
