# environment=00251 local_bs=2 gain_scale=1.923597865403e-14
# ue subcarrier serving_bs phi0 phi1 phi2 phi3 phi4 gain0 gain1 gain2 gain3 gain4
3 0 2 0.86273554 1.08342865 1.66811559 1.51953962 0.84292043 6.727398950420e+00 2.119788320530e-02 1.253476051863e+02 8.170476103585e+01 6.678828395709e-03
3 1 2 0.86273554 1.08342865 1.66811559 1.51953962 0.84292043 6.260936461542e+00 2.486224798103e-02 1.220332288942e+02 7.725772997907e+01 6.850277416594e-03
3 2 2 0.86273554 1.08342865 1.66811559 1.51953962 0.84292043 5.905986205874e+00 3.033285730072e-02 1.169379176959e+02 7.247306301574e+01 7.185725137528e-03
3 3 2 0.86273554 1.08342865 1.66811559 1.51953962 0.84292043 5.837937633540e+00 3.554519262521e-02 1.112584461278e+02 6.937548465226e+01 7.525239495724e-03
3 4 2 0.86273554 1.08342865 1.66811559 1.51953962 0.84292043 5.810018270273e+00 3.871088733581e-02 1.067820060010e+02 6.665433075726e+01 7.732781687209e-03
3 5 2 0.86273554 1.08342865 1.66811559 1.51953962 0.84292043 5.626908022408e+00 3.877295438713e-02 1.031898209089e+02 6.333787456653e+01 7.711536609389e-03
3 6 2 0.86273554 1.08342865 1.66811559 1.51953962 0.84292043 5.361694776581e+00 3.561277358912e-02 9.914215718337e+01 5.931550769176e+01 7.412434740743e-03
3 7 2 0.86273554 1.08342865 1.66811559 1.51953962 0.84292043 5.051017904393e+00 2.997326924139e-02 9.396798351175e+01 5.763023105706e+01 6.835462268670e-03
3 8 2 0.86273554 1.08342865 1.66811559 1.51953962 0.84292043 4.710913469217e+00 2.315020761315e-02 8.948346963095e+01 5.876890845524e+01 6.024343427086e-03
3 9 2 0.86273554 1.08342865 1.66811559 1.51953962 0.84292043 4.432452403107e+00 1.656669178222e-02 8.533885966752e+01 6.097541186068e+01 5.055986134023e-03
3 10 2 0.86273554 1.08342865 1.66811559 1.51953962 0.84292043 4.220276133749e+00 1.136789763081e-02 8.120142900169e+01 6.166731583829e+01 4.026620962945e-03
3 11 2 0.86273554 1.08342865 1.66811559 1.51953962 0.84292043 4.036083561656e+00 8.151434260896e-03 7.666469874469e+01 6.084185685457e+01 3.036791303295e-03
3 12 2 0.86273554 1.08342865 1.66811559 1.51953962 0.84292043 3.900290007193e+00 6.894666327659e-03 7.361127032932e+01 5.970200803868e+01 2.177272722423e-03
3 13 2 0.86273554 1.08342865 1.66811559 1.51953962 0.84292043 3.773931815459e+00 7.073921492387e-03 7.286555105071e+01 5.857074357409e+01 1.517656489192e-03
3 14 2 0.86273554 1.08342865 1.66811559 1.51953962 0.84292043 3.636451778695e+00 7.913376020340e-03 7.218366855314e+01 5.694783918936e+01 1.098800869955e-03
3 15 2 0.86273554 1.08342865 1.66811559 1.51953962 0.84292043 3.589412640620e+00 8.669971473694e-03 6.987848220546e+01 5.486920539439e+01 9.297258419130e-04
3 16 2 0.86273554 1.08342865 1.66811559 1.51953962 0.84292043 3.596171393716e+00 8.861633597121e-03 6.740476759240e+01 5.194014830808e+01 9.888961979144e-04
3 17 2 0.86273554 1.08342865 1.66811559 1.51953962 0.84292043 3.482268005344e+00 8.375312358515e-03 6.582484777457e+01 4.848657659713e+01 1.229287567285e-03
3 18 2 0.86273554 1.08342865 1.66811559 1.51953962 0.84292043 3.317071929742e+00 7.436682807269e-03 6.321787125449e+01 4.471510524368e+01 1.586221473037e-03
3 19 2 0.86273554 1.08342865 1.66811559 1.51953962 0.84292043 3.293444363618e+00 6.468976897950e-03 5.898078269509e+01 4.102902077690e+01 1.986724022931e-03
3 20 2 0.86273554 1.08342865 1.66811559 1.51953962 0.84292043 3.328378412657e+00 5.900324753185e-03 5.497885410004e+01 3.893170158404e+01 2.359114763704e-03
3 21 2 0.86273554 1.08342865 1.66811559 1.51953962 0.84292043 3.248394571487e+00 5.988938918609e-03 5.435908324943e+01 3.809491781404e+01 2.641648903913e-03
3 22 2 0.86273554 1.08342865 1.66811559 1.51953962 0.84292043 3.109299425854e+00 6.722847252846e-03 5.506902414947e+01 3.744276728335e+01 2.789279797986e-03
3 23 2 0.86273554 1.08342865 1.66811559 1.51953962 0.84292043 3.033437114969e+00 7.821919363918e-03 5.436486511619e+01 3.598464841279e+01 2.777930696008e-03
3 24 2 0.86273554 1.08342865 1.66811559 1.51953962 0.84292043 3.015327137977e+00 8.835080752335e-03 5.271511212966e+01 3.477582226741e+01 2.606014423121e-03
3 25 2 0.86273554 1.08342865 1.66811559 1.51953962 0.84292043 2.984057536408e+00 9.295923585735e-03 5.169720302286e+01 3.442346116061e+01 2.293271242285e-03
3 26 2 0.86273554 1.08342865 1.66811559 1.51953962 0.84292043 2.891050516590e+00 8.883779469944e-03 5.171529136565e+01 3.468526472219e+01 1.877273792617e-03
3 27 2 0.86273554 1.08342865 1.66811559 1.51953962 0.84292043 2.779727430269e+00 7.538321579933e-03 5.151837634501e+01 3.470260766953e+01 1.408152341987e-03
3 28 2 0.86273554 1.08342865 1.66811559 1.51953962 0.84292043 2.735537113305e+00 5.492264832099e-03 5.012849670020e+01 3.430993379041e+01 9.422159312372e-04
3 29 2 0.86273554 1.08342865 1.66811559 1.51953962 0.84292043 2.714032161828e+00 3.212863077738e-03 4.775462891018e+01 3.330808765144e+01 5.351890186039e-04
3 30 2 0.86273554 1.08342865 1.66811559 1.51953962 0.84292043 2.653560644218e+00 1.270593436537e-03 4.593357385896e+01 3.251502268079e+01 2.357603686884e-04
3 31 2 0.86273554 1.08342865 1.66811559 1.51953962 0.84292043 2.700039767202e+00 1.747558335767e-04 4.593370524809e+01 3.303092768802e+01 8.006607614446e-05
3 32 2 0.86273554 1.08342865 1.66811559 1.51953962 0.84292043 2.957797884730e+00 2.249890262112e-04 4.896284802820e+01 3.590787366170e+01 8.761639834581e-05
3 33 2 0.86273554 1.08342865 1.66811559 1.51953962 0.84292043 3.233116721142e+00 1.422710190549e-03 5.272242133945e+01 3.907988567113e+01 2.590382821869e-04
3 34 2 0.86273554 1.08342865 1.66811559 1.51953962 0.84292043 3.371010898368e+00 3.468896151681e-03 5.517902777700e+01 4.082013947023e+01 5.758501208216e-04
3 35 2 0.86273554 1.08342865 1.66811559 1.51953962 0.84292043 3.486073097363e+00 5.849434142351e-03 5.594301009756e+01 4.100259682842e+01 1.002317308298e-03
3 36 2 0.86273554 1.08342865 1.66811559 1.51953962 0.84292043 3.646046008243e+00 7.983494195824e-03 5.551020052857e+01 4.034369120850e+01 1.489260411956e-03
3 37 2 0.86273554 1.08342865 1.66811559 1.51953962 0.84292043 3.752812935374e+00 9.391289978478e-03 5.559230057395e+01 3.961070921461e+01 1.979507546932e-03
3 38 2 0.86273554 1.08342865 1.66811559 1.51953962 0.84292043 3.792822880264e+00 9.830864426138e-03 5.693583628720e+01 3.939967618668e+01 2.414507891052e-03
3 39 2 0.86273554 1.08342865 1.66811559 1.51953962 0.84292043 3.862159522222e+00 9.361628784096e-03 5.891226355676e+01 3.991603629895e+01 2.741468399584e-03
3 40 2 0.86273554 1.08342865 1.66811559 1.51953962 0.84292043 4.008137262382e+00 8.313671296746e-03 5.993404025169e+01 4.045367108758e+01 2.920259676254e-03
3 41 2 0.86273554 1.08342865 1.66811559 1.51953962 0.84292043 4.186305810503e+00 7.170720060300e-03 6.036991130632e+01 4.052210529436e+01 2.929281382923e-03
3 42 2 0.86273554 1.08342865 1.66811559 1.51953962 0.84292043 4.292085180810e+00 6.402733936661e-03 6.238002426536e+01 4.114012565129e+01 2.769503312146e-03
3 43 2 0.86273554 1.08342865 1.66811559 1.51953962 0.84292043 4.325280907382e+00 6.302514773897e-03 6.740621099270e+01 4.358774732564e+01 2.466020382243e-03
3 44 2 0.86273554 1.08342865 1.66811559 1.51953962 0.84292043 4.475429645939e+00 6.882745239746e-03 7.159434998956e+01 4.726074542730e+01 2.066682853185e-03
3 45 2 0.86273554 1.08342865 1.66811559 1.51953962 0.84292043 4.785526333981e+00 7.873269848563e-03 7.286710551499e+01 5.076442309689e+01 1.637677034100e-03
3 46 2 0.86273554 1.08342865 1.66811559 1.51953962 0.84292043 5.013997214523e+00 8.826892778701e-03 7.330434737377e+01 5.318839427369e+01 1.256310269614e-03
3 47 2 0.86273554 1.08342865 1.66811559 1.51953962 0.84292043 5.115348848021e+00 9.304487461360e-03 7.487515821666e+01 5.537709982705e+01 1.001655036529e-03
3 48 2 0.86273554 1.08342865 1.66811559 1.51953962 0.84292043 5.341108037258e+00 9.078891211339e-03 7.712265922876e+01 5.682097482739e+01 9.440767735384e-04
3 49 2 0.86273554 1.08342865 1.66811559 1.51953962 0.84292043 5.719615366894e+00 8.283366001253e-03 7.825396490452e+01 5.818489359936e+01 1.134949779987e-03
3 50 2 0.86273554 1.08342865 1.66811559 1.51953962 0.84292043 6.063607131762e+00 7.441195452102e-03 8.021629801255e+01 5.928170329898e+01 1.598000091348e-03
3 51 2 0.86273554 1.08342865 1.66811559 1.51953962 0.84292043 6.386974914727e+00 7.347520135358e-03 8.470226661546e+01 6.030697384356e+01 2.323661997848e-03
3 52 2 0.86273554 1.08342865 1.66811559 1.51953962 0.84292043 6.775288993531e+00 8.823719468379e-03 9.035944004406e+01 6.086001301542e+01 3.267576428100e-03
3 53 2 0.86273554 1.08342865 1.66811559 1.51953962 0.84292043 7.181213024357e+00 1.241319645449e-02 9.451769927776e+01 6.033901984795e+01 4.353904170841e-03
3 54 2 0.86273554 1.08342865 1.66811559 1.51953962 0.84292043 7.601014302874e+00 1.811825291971e-02 9.805348152699e+01 5.903031484130e+01 5.483515746907e-03
3 55 2 0.86273554 1.08342865 1.66811559 1.51953962 0.84292043 8.034236431639e+00 2.527781127726e-02 1.017369766675e+02 5.954210773245e+01 6.546423005036e-03
3 56 2 0.86273554 1.08342865 1.66811559 1.51953962 0.84292043 8.376332667494e+00 3.265107518394e-02 1.056194622132e+02 6.255062917917e+01 7.437127914453e-03
3 57 2 0.86273554 1.08342865 1.66811559 1.51953962 0.84292043 8.624890435182e+00 3.871044786770e-02 1.086175653413e+02 6.664125159037e+01 8.070985125569e-03
3 58 2 0.86273554 1.08342865 1.66811559 1.51953962 0.84292043 8.846764952604e+00 4.207611025314e-02 1.109095447729e+02 6.900978937536e+01 8.399306403887e-03
3 59 2 0.86273554 1.08342865 1.66811559 1.51953962 0.84292043 9.044427889045e+00 4.196788901286e-02 1.145807527352e+02 7.038423657551e+01 8.420857100909e-03
3 60 2 0.86273554 1.08342865 1.66811559 1.51953962 0.84292043 9.400450095694e+00 3.852854978401e-02 1.189624233965e+02 7.298896847967e+01 8.187653257136e-03
3 61 2 0.86273554 1.08342865 1.66811559 1.51953962 0.84292043 1.010999186587e+01 3.289783244241e-02 1.227586240050e+02 7.759867330519e+01 7.803563403495e-03
3 62 2 0.86273554 1.08342865 1.66811559 1.51953962 0.84292043 1.087521796175e+01 2.698504338248e-02 1.248709024671e+02 8.288627385808e+01 7.415101936439e-03
3 63 2 0.86273554 1.08342865 1.66811559 1.51953962 0.84292043 1.134453113478e+01 2.298128160396e-02 1.281316304493e+02 8.792601167604e+01 7.194872976689e-03
5 0 2 0.81404134 1.33380039 3.57437011 2.48854070 0.98410637 2.066686015299e-02 3.786215197583e+01 1.160809822553e+03 3.235556924197e+02 1.533531715013e+00
5 1 2 0.81404134 1.33380039 3.57437011 2.48854070 0.98410637 2.404568301802e-02 3.679274729781e+01 1.084247801365e+03 2.950469733156e+02 1.091684866768e+00
5 2 2 0.81404134 1.33380039 3.57437011 2.48854070 0.98410637 2.505446849205e-02 3.578916354926e+01 1.159972369677e+03 2.724506872268e+02 9.758836548238e-01
5 3 2 0.81404134 1.33380039 3.57437011 2.48854070 0.98410637 2.242871274940e-02 3.468581700700e+01 1.290087321539e+03 2.547640023896e+02 1.169795569115e+00
5 4 2 0.81404134 1.33380039 3.57437011 2.48854070 0.98410637 1.784819642217e-02 3.365269506839e+01 1.347168049012e+03 2.497279630217e+02 1.630403563019e+00
5 5 2 0.81404134 1.33380039 3.57437011 2.48854070 0.98410637 1.399693371744e-02 3.263478174169e+01 1.268772712724e+03 2.449599523286e+02 2.322299398134e+00
5 6 2 0.81404134 1.33380039 3.57437011 2.48854070 0.98410637 1.236447233939e-02 3.154484235363e+01 1.121300623302e+03 2.393726806677e+02 3.239652677271e+00
5 7 2 0.81404134 1.33380039 3.57437011 2.48854070 0.98410637 1.197460276996e-02 3.054780267725e+01 1.036092867679e+03 2.399841786031e+02 4.329401064175e+00
5 8 2 0.81404134 1.33380039 3.57437011 2.48854070 0.98410637 1.117031722220e-02 2.952894891320e+01 1.080661584914e+03 2.405806822260e+02 5.545603133176e+00
5 9 2 0.81404134 1.33380039 3.57437011 2.48854070 0.98410637 1.018968540137e-02 2.848599799616e+01 1.224673573170e+03 2.450086249339e+02 6.898115960239e+00
5 10 2 0.81404134 1.33380039 3.57437011 2.48854070 0.98410637 9.469256410910e-03 2.753964904981e+01 1.362216144826e+03 2.536445903952e+02 8.319381197780e+00
5 11 2 0.81404134 1.33380039 3.57437011 2.48854070 0.98410637 7.692124791713e-03 2.655520258336e+01 1.407262535740e+03 2.597156459462e+02 9.771496603231e+00
5 12 2 0.81404134 1.33380039 3.57437011 2.48854070 0.98410637 5.005530644665e-03 2.559960492469e+01 1.346159266740e+03 2.678217423409e+02 1.127693902367e+01
5 13 2 0.81404134 1.33380039 3.57437011 2.48854070 0.98410637 4.122639392157e-03 2.472888574818e+01 1.231029537233e+03 2.749031171859e+02 1.275514708923e+01
5 14 2 0.81404134 1.33380039 3.57437011 2.48854070 0.98410637 5.235438148437e-03 2.382497181960e+01 1.185347233966e+03 2.831698680689e+02 1.419020121670e+01
5 15 2 0.81404134 1.33380039 3.57437011 2.48854070 0.98410637 6.074532351884e-03 2.299483622561e+01 1.249893043865e+03 2.940300770289e+02 1.560908046254e+01
5 16 2 0.81404134 1.33380039 3.57437011 2.48854070 0.98410637 7.184341333034e-03 2.222900522307e+01 1.392435184543e+03 3.023452837207e+02 1.692438728264e+01
5 17 2 0.81404134 1.33380039 3.57437011 2.48854070 0.98410637 9.418066508919e-03 2.145142867703e+01 1.511938447085e+03 3.112686206443e+02 1.814889114924e+01
5 18 2 0.81404134 1.33380039 3.57437011 2.48854070 0.98410637 1.040637521615e-02 2.077642071887e+01 1.526943282483e+03 3.207431049438e+02 1.930452257316e+01
5 19 2 0.81404134 1.33380039 3.57437011 2.48854070 0.98410637 9.663256119619e-03 2.014349962495e+01 1.460228521602e+03 3.316444123453e+02 2.030555923608e+01
5 20 2 0.81404134 1.33380039 3.57437011 2.48854070 0.98410637 9.556986680487e-03 1.952952542614e+01 1.364655082933e+03 3.429240205634e+02 2.119283905291e+01
5 21 2 0.81404134 1.33380039 3.57437011 2.48854070 0.98410637 1.002862298095e-02 1.902813348410e+01 1.322975391963e+03 3.534202780093e+02 2.197521891853e+01
5 22 2 0.81404134 1.33380039 3.57437011 2.48854070 0.98410637 9.959311364039e-03 1.855088758845e+01 1.387371937285e+03 3.616572330565e+02 2.257717326639e+01
5 23 2 0.81404134 1.33380039 3.57437011 2.48854070 0.98410637 9.826593165655e-03 1.812491429770e+01 1.518378636108e+03 3.682871239930e+02 2.306144056114e+01
5 24 2 0.81404134 1.33380039 3.57437011 2.48854070 0.98410637 9.505890847809e-03 1.780457121221e+01 1.616813612003e+03 3.764499817823e+02 2.341907837071e+01
5 25 2 0.81404134 1.33380039 3.57437011 2.48854070 0.98410637 8.809538712493e-03 1.749840367394e+01 1.612036166964e+03 3.813185797514e+02 2.359167879831e+01
5 26 2 0.81404134 1.33380039 3.57437011 2.48854070 0.98410637 8.160624441173e-03 1.727116761389e+01 1.524227116448e+03 3.847963141824e+02 2.365476860482e+01
5 27 2 0.81404134 1.33380039 3.57437011 2.48854070 0.98410637 6.791942181530e-03 1.713012635892e+01 1.432282216248e+03 3.868165372420e+02 2.358077760966e+01
5 28 2 0.81404134 1.33380039 3.57437011 2.48854070 0.98410637 5.018586485495e-03 1.700264585452e+01 1.384467490221e+03 3.810541321610e+02 2.333304630612e+01
5 29 2 0.81404134 1.33380039 3.57437011 2.48854070 0.98410637 4.588560319724e-03 1.697267565653e+01 1.426585843100e+03 3.823061226452e+02 2.299029261582e+01
5 30 2 0.81404134 1.33380039 3.57437011 2.48854070 0.98410637 4.489841495033e-03 1.700241674707e+01 1.545211323356e+03 3.867373756180e+02 2.250915297910e+01
5 31 2 0.81404134 1.33380039 3.57437011 2.48854070 0.98410637 3.533271350418e-03 1.705387978140e+01 1.629920998561e+03 3.850649679113e+02 2.187702316065e+01
5 32 2 0.81404134 1.33380039 3.57437011 2.48854070 0.98410637 3.542377409429e-03 1.720960565522e+01 1.651672478810e+03 3.949314917784e+02 2.116749611057e+01
5 33 2 0.81404134 1.33380039 3.57437011 2.48854070 0.98410637 4.473602240381e-03 1.739679361003e+01 1.575717660328e+03 4.018040252406e+02 2.032723050385e+01
5 34 2 0.81404134 1.33380039 3.57437011 2.48854070 0.98410637 4.564112774308e-03 1.762050446050e+01 1.469371672729e+03 4.032398377570e+02 1.936781166939e+01
5 35 2 0.81404134 1.33380039 3.57437011 2.48854070 0.98410637 5.101492831580e-03 1.794195874778e+01 1.427469456950e+03 4.117414629868e+02 1.835167912909e+01
5 36 2 0.81404134 1.33380039 3.57437011 2.48854070 0.98410637 6.991754333661e-03 1.826966351910e+01 1.464272888865e+03 4.104438192285e+02 1.722337246709e+01
5 37 2 0.81404134 1.33380039 3.57437011 2.48854070 0.98410637 8.419127338948e-03 1.865199261253e+01 1.582965339811e+03 4.035551462096e+02 1.601659543217e+01
5 38 2 0.81404134 1.33380039 3.57437011 2.48854070 0.98410637 9.122339436874e-03 1.911221601084e+01 1.689182660992e+03 3.987536501778e+02 1.477938345279e+01
5 39 2 0.81404134 1.33380039 3.57437011 2.48854070 0.98410637 9.843617595492e-03 1.956098018955e+01 1.681917464162e+03 3.907620404753e+02 1.346280340846e+01
5 40 2 0.81404134 1.33380039 3.57437011 2.48854070 0.98410637 1.016204664057e-02 2.008157030027e+01 1.567744108128e+03 3.840669585677e+02 1.211814524571e+01
5 41 2 0.81404134 1.33380039 3.57437011 2.48854070 0.98410637 1.032731172588e-02 2.064886574842e+01 1.432001577285e+03 3.770885970887e+02 1.077881074509e+01
5 42 2 0.81404134 1.33380039 3.57437011 2.48854070 0.98410637 1.042730516927e-02 2.119860446154e+01 1.368359636941e+03 3.671580447323e+02 9.410100265774e+00
5 43 2 0.81404134 1.33380039 3.57437011 2.48854070 0.98410637 1.001147603505e-02 2.183186912340e+01 1.407243795551e+03 3.577128107689e+02 8.073758861100e+00
5 44 2 0.81404134 1.33380039 3.57437011 2.48854070 0.98410637 1.027553935892e-02 2.247416187385e+01 1.511997402351e+03 3.488190401072e+02 6.791411771987e+00
5 45 2 0.81404134 1.33380039 3.57437011 2.48854070 0.98410637 1.110971835605e-02 2.310751227118e+01 1.601411842078e+03 3.411145956919e+02 5.547176397736e+00
5 46 2 0.81404134 1.33380039 3.57437011 2.48854070 0.98410637 1.000843459972e-02 2.382635136226e+01 1.582367915476e+03 3.324736043860e+02 4.404051219096e+00
5 47 2 0.81404134 1.33380039 3.57437011 2.48854070 0.98410637 7.634347050051e-03 2.451806683202e+01 1.443257854831e+03 3.229122264415e+02 3.377512641687e+00
5 48 2 0.81404134 1.33380039 3.57437011 2.48854070 0.98410637 6.441180024376e-03 2.522499575101e+01 1.293628552376e+03 3.110290240865e+02 2.469715243268e+00
5 49 2 0.81404134 1.33380039 3.57437011 2.48854070 0.98410637 5.483228065414e-03 2.600697736129e+01 1.218677821582e+03 2.993617684234e+02 1.735251199447e+00
5 50 2 0.81404134 1.33380039 3.57437011 2.48854070 0.98410637 4.323215026257e-03 2.673758739406e+01 1.271493742662e+03 2.902035481746e+02 1.190783673977e+00
5 51 2 0.81404134 1.33380039 3.57437011 2.48854070 0.98410637 5.373604625916e-03 2.752036456176e+01 1.379404101490e+03 2.781777553344e+02 8.488353136486e-01
5 52 2 0.81404134 1.33380039 3.57437011 2.48854070 0.98410637 8.288069226170e-03 2.835573315305e+01 1.442576239406e+03 2.680525325473e+02 7.481151338552e-01
5 53 2 0.81404134 1.33380039 3.57437011 2.48854070 0.98410637 1.015224846998e-02 2.913793188941e+01 1.393665790638e+03 2.578138886481e+02 9.134388499559e-01
5 54 2 0.81404134 1.33380039 3.57437011 2.48854070 0.98410637 1.087673976848e-02 3.001510985057e+01 1.236905670545e+03 2.502028483071e+02 1.353244067467e+00
5 55 2 0.81404134 1.33380039 3.57437011 2.48854070 0.98410637 1.188370037328e-02 3.091486758524e+01 1.085146576829e+03 2.489932126946e+02 2.088049225373e+00
5 56 2 0.81404134 1.33380039 3.57437011 2.48854070 0.98410637 1.267633571723e-02 3.178939030054e+01 1.054365500081e+03 2.471091346131e+02 3.154455234237e+00
5 57 2 0.81404134 1.33380039 3.57437011 2.48854070 0.98410637 1.306597438967e-02 3.279702900734e+01 1.167312022687e+03 2.501512679967e+02 4.537988126479e+00
5 58 2 0.81404134 1.33380039 3.57437011 2.48854070 0.98410637 1.493729422531e-02 3.379811833747e+01 1.329883023497e+03 2.566244428124e+02 6.246017652613e+00
5 59 2 0.81404134 1.33380039 3.57437011 2.48854070 0.98410637 1.923703890044e-02 3.483186813182e+01 1.405194035260e+03 2.638868338418e+02 8.324092885031e+00
5 60 2 0.81404134 1.33380039 3.57437011 2.48854070 0.98410637 2.419176586394e-02 3.602016288901e+01 1.349301003160e+03 2.848006986608e+02 1.071638293585e+01
5 61 2 0.81404134 1.33380039 3.57437011 2.48854070 0.98410637 2.693738364239e-02 3.718432032869e+01 1.220204593437e+03 3.133576682794e+02 1.342968033265e+01
5 62 2 0.81404134 1.33380039 3.57437011 2.48854070 0.98410637 2.575160199158e-02 3.845961781209e+01 1.149687185800e+03 3.428680670116e+02 1.650707770435e+01
5 63 2 0.81404134 1.33380039 3.57437011 2.48854070 0.98410637 2.203611075795e-02 3.988419438017e+01 1.244441341792e+03 3.816286198969e+02 1.983957457345e+01
7 0 2 0.61213341 0.89206268 1.61471826 1.30996687 0.72635617 3.264735170329e-04 6.531569552683e-02 8.166032496603e+01 3.243477964404e+01 4.839857883352e-06
7 1 2 0.61213341 0.89206268 1.61471826 1.30996687 0.72635617 2.702541392014e-04 6.300251376909e-02 7.840449043046e+01 3.163073917451e+01 4.670572487454e-06
7 2 2 0.61213341 0.89206268 1.61471826 1.30996687 0.72635617 2.150732133770e-04 6.076249768034e-02 7.542942325146e+01 3.074507841710e+01 4.506989669123e-06
7 3 2 0.61213341 0.89206268 1.61471826 1.30996687 0.72635617 1.715977477993e-04 5.859548150868e-02 7.308881890699e+01 2.920757224825e+01 4.349109781919e-06
7 4 2 0.61213341 0.89206268 1.61471826 1.30996687 0.72635617 1.509048706711e-04 5.650134939579e-02 7.102522757244e+01 2.818135905018e+01 4.196933167079e-06
7 5 2 0.61213341 0.89206268 1.61471826 1.30996687 0.72635617 1.601189640456e-04 5.448003294642e-02 6.903019976500e+01 2.758911202242e+01 4.050460153511e-06
7 6 2 0.61213341 0.89206268 1.61471826 1.30996687 0.72635617 1.971485622977e-04 5.253150843863e-02 6.700431843283e+01 2.669255198110e+01 3.909691057794e-06
7 7 2 0.61213341 0.89206268 1.61471826 1.30996687 0.72635617 2.485871379819e-04 5.065579371384e-02 6.463113001087e+01 2.541547120892e+01 3.774626184183e-06
7 8 2 0.61213341 0.89206268 1.61471826 1.30996687 0.72635617 2.934919305544e-04 4.885294478666e-02 6.232165333950e+01 2.454275682270e+01 3.645265824600e-06
7 9 2 0.61213341 0.89206268 1.61471826 1.30996687 0.72635617 3.120740915888e-04 4.712305221692e-02 6.014260341819e+01 2.414735786314e+01 3.521610258640e-06
7 10 2 0.61213341 0.89206268 1.61471826 1.30996687 0.72635617 2.948704823722e-04 4.546623728709e-02 5.809281055294e+01 2.330960604884e+01 3.403659753567e-06
7 11 2 0.61213341 0.89206268 1.61471826 1.30996687 0.72635617 2.472018507952e-04 4.388264802939e-02 5.640368636187e+01 2.220633835070e+01 3.291414564315e-06
7 12 2 0.61213341 0.89206268 1.61471826 1.30996687 0.72635617 1.862875331799e-04 4.237245514755e-02 5.465168049300e+01 2.159005867435e+01 3.184874933485e-06
7 13 2 0.61213341 0.89206268 1.61471826 1.30996687 0.72635617 1.326406764288e-04 4.093584787779e-02 5.282449284541e+01 2.128484417984e+01 3.084041091349e-06
7 14 2 0.61213341 0.89206268 1.61471826 1.30996687 0.72635617 1.005628735787e-04 3.957302983398e-02 5.111348241453e+01 2.054464190153e+01 2.988913255844e-06
7 15 2 0.61213341 0.89206268 1.61471826 1.30996687 0.72635617 9.273076227314e-05 3.828421488094e-02 4.924853784223e+01 1.964645980357e+01 2.899491632576e-06
7 16 2 0.61213341 0.89206268 1.61471826 1.30996687 0.72635617 1.011105207382e-04 3.706962307867e-02 4.784919152637e+01 1.924883042030e+01 2.815776414816e-06
7 17 2 0.61213341 0.89206268 1.61471826 1.30996687 0.72635617 1.127056197667e-04 3.592947673944e-02 4.670326036544e+01 1.902643734033e+01 2.737767783505e-06
7 18 2 0.61213341 0.89206268 1.61471826 1.30996687 0.72635617 1.163346611427e-04 3.486399663741e-02 4.576267954343e+01 1.840466840351e+01 2.665465907245e-06
7 19 2 0.61213341 0.89206268 1.61471826 1.30996687 0.72635617 1.069728375470e-04 3.387339840889e-02 4.511379595427e+01 1.772127880634e+01 2.598870942309e-06
7 20 2 0.61213341 0.89206268 1.61471826 1.30996687 0.72635617 8.652785946353e-05 3.295788917850e-02 4.425156969302e+01 1.753205242275e+01 2.537983032631e-06
7 21 2 0.61213341 0.89206268 1.61471826 1.30996687 0.72635617 6.236889670385e-05 3.211766444440e-02 4.337885839715e+01 1.736228512583e+01 2.482802309812e-06
7 22 2 0.61213341 0.89206268 1.61471826 1.30996687 0.72635617 4.576421529291e-05 3.135290525234e-02 4.250922575338e+01 1.690182766599e+01 2.433328893118e-06
7 23 2 0.61213341 0.89206268 1.61471826 1.30996687 0.72635617 5.124211271285e-05 3.066377568545e-02 4.163312270114e+01 1.648151106098e+01 2.389562889478e-06
7 24 2 0.61213341 0.89206268 1.61471826 1.30996687 0.72635617 9.591636560180e-05 3.005042069327e-02 4.100934365780e+01 1.636141842627e+01 2.351504393486e-06
7 25 2 0.61213341 0.89206268 1.61471826 1.30996687 0.72635617 1.967617223313e-04 2.951296427985e-02 4.061417573262e+01 1.636532284934e+01 2.319153487400e-06
7 26 2 0.61213341 0.89206268 1.61471826 1.30996687 0.72635617 3.647414653657e-04 2.905150806721e-02 4.013796282053e+01 1.610246184727e+01 2.292510241143e-06
7 27 2 0.61213341 0.89206268 1.61471826 1.30996687 0.72635617 5.971511075580e-04 2.866613024646e-02 3.990158272790e+01 1.581227485155e+01 2.271574712301e-06
7 28 2 0.61213341 0.89206268 1.61471826 1.30996687 0.72635617 8.718899784804e-04 2.835688492515e-02 3.948015918041e+01 1.584329267220e+01 2.256346946121e-06
7 29 2 0.61213341 0.89206268 1.61471826 1.30996687 0.72635617 1.147811470020e-03 2.812380187522e-02 3.911308905601e+01 1.609269204696e+01 2.246826975517e-06
7 30 2 0.61213341 0.89206268 1.61471826 1.30996687 0.72635617 1.373123835995e-03 2.796688668210e-02 3.915318019758e+01 1.595451772159e+01 2.243014821065e-06
7 31 2 0.61213341 0.89206268 1.61471826 1.30996687 0.72635617 1.499942999360e-03 2.788612129136e-02 3.911866336513e+01 1.570186120437e+01 2.244910491005e-06
7 32 2 0.61213341 0.89206268 1.61471826 1.30996687 0.72635617 1.499625498851e-03 2.788146494543e-02 3.972507532975e+01 1.616571963726e+01 2.252513981239e-06
7 33 2 0.61213341 0.89206268 1.61471826 1.30996687 0.72635617 1.372471064958e-03 2.795285549907e-02 4.028454056839e+01 1.647515050648e+01 2.265825275333e-06
7 34 2 0.61213341 0.89206268 1.61471826 1.30996687 0.72635617 1.147544433705e-03 2.810021109819e-02 4.086156877639e+01 1.632489346086e+01 2.284844344517e-06
7 35 2 0.61213341 0.89206268 1.61471826 1.30996687 0.72635617 8.727183564693e-04 2.832343220339e-02 4.160908829720e+01 1.655141871076e+01 2.309571147683e-06
7 36 2 0.61213341 0.89206268 1.61471826 1.30996687 0.72635617 5.993393718633e-04 2.862240393574e-02 4.199968895188e+01 1.707595462556e+01 2.340005631390e-06
7 37 2 0.61213341 0.89206268 1.61471826 1.30996687 0.72635617 3.679416962362e-04 2.899699871918e-02 4.273896932324e+01 1.747384139114e+01 2.376147729855e-06
7 38 2 0.61213341 0.89206268 1.61471826 1.30996687 0.72635617 2.002381955408e-04 2.944707919077e-02 4.353561158637e+01 1.764094643270e+01 2.417997364964e-06
7 39 2 0.61213341 0.89206268 1.61471826 1.30996687 0.72635617 9.905010924942e-05 2.997250134732e-02 4.449754625349e+01 1.801298621547e+01 2.465554446264e-06
7 40 2 0.61213341 0.89206268 1.61471826 1.30996687 0.72635617 5.400560151108e-05 3.057311789406e-02 4.574351219911e+01 1.870738105529e+01 2.518818870967e-06
7 41 2 0.61213341 0.89206268 1.61471826 1.30996687 0.72635617 4.883310664056e-05 3.124878175922e-02 4.690694558946e+01 1.932806256898e+01 2.577790523950e-06
7 42 2 0.61213341 0.89206268 1.61471826 1.30996687 0.72635617 6.673748896306e-05 3.199934973582e-02 4.805730833202e+01 1.970661313173e+01 2.642469277754e-06
7 43 2 0.61213341 0.89206268 1.61471826 1.30996687 0.72635617 9.282208232729e-05 3.282468621099e-02 4.934568785175e+01 2.019298714032e+01 2.712854992584e-06
7 44 2 0.61213341 0.89206268 1.61471826 1.30996687 0.72635617 1.149031604040e-04 3.372466694119e-02 5.067000912957e+01 2.118108832499e+01 2.788947516312e-06
7 45 2 0.61213341 0.89206268 1.61471826 1.30996687 0.72635617 1.247100464018e-04 3.469918283140e-02 5.240478450451e+01 2.203696189384e+01 2.870746684475e-06
7 46 2 0.61213341 0.89206268 1.61471826 1.30996687 0.72635617 1.201051791452e-04 3.574814367529e-02 5.458741211907e+01 2.248201236184e+01 2.958252320276e-06
7 47 2 0.61213341 0.89206268 1.61471826 1.30996687 0.72635617 1.068616002990e-04 3.687148181338e-02 5.682878144255e+01 2.325574355558e+01 3.051464234582e-06
7 48 2 0.61213341 0.89206268 1.61471826 1.30996687 0.72635617 9.756968623144e-05 3.806915566652e-02 5.942287159715e+01 2.452531751861e+01 3.150382225931e-06
7 49 2 0.61213341 0.89206268 1.61471826 1.30996687 0.72635617 1.064760894187e-04 3.934115310227e-02 6.173448589825e+01 2.553822136534e+01 3.255006080523e-06
7 50 2 0.61213341 0.89206268 1.61471826 1.30996687 0.72635617 1.418666705244e-04 4.068749459292e-02 6.398304598255e+01 2.613407533113e+01 3.365335572230e-06
7 51 2 0.61213341 0.89206268 1.61471826 1.30996687 0.72635617 2.000102349578e-04 4.210823612518e-02 6.639864831889e+01 2.720520398186e+01 3.481370462589e-06
7 52 2 0.61213341 0.89206268 1.61471826 1.30996687 0.72635617 2.647122973277e-04 4.360347182311e-02 6.878559460086e+01 2.875616081323e+01 3.603110500809e-06
7 53 2 0.61213341 0.89206268 1.61471826 1.30996687 0.72635617 3.137242126075e-04 4.517333624797e-02 7.166685614741e+01 2.991462697993e+01 3.730555423764e-06
7 54 2 0.61213341 0.89206268 1.61471826 1.30996687 0.72635617 3.291688317307e-04 4.681800634105e-02 7.470796903083e+01 3.069261534239e+01 3.863704956000e-06
7 55 2 0.61213341 0.89206268 1.61471826 1.30996687 0.72635617 3.064292285446e-04 4.853770297826e-02 7.771952316021e+01 3.209181183209e+01 4.002558809735e-06
7 56 2 0.61213341 0.89206268 1.61471826 1.30996687 0.72635617 2.565423690757e-04 5.033269210789e-02 8.082040640315e+01 3.392137116783e+01 4.147116684853e-06
7 57 2 0.61213341 0.89206268 1.61471826 1.30996687 0.72635617 2.008465279501e-04 5.220328544688e-02 8.374286519917e+01 3.517742446129e+01 4.297378268914e-06
7 58 2 0.61213341 0.89206268 1.61471826 1.30996687 0.72635617 1.611249057280e-04 5.414984071386e-02 8.686723460011e+01 3.625788766184e+01 4.453343237148e-06
7 59 2 0.61213341 0.89206268 1.61471826 1.30996687 0.72635617 1.508504357614e-04 5.617276138120e-02 9.055709326545e+01 3.792077047392e+01 4.615011252460e-06
7 60 2 0.61213341 0.89206268 1.61471826 1.30996687 0.72635617 1.718805508156e-04 5.827249593249e-02 9.462969105093e+01 4.003794597254e+01 4.782381965426e-06
7 61 2 0.61213341 0.89206268 1.61471826 1.30996687 0.72635617 2.170821234911e-04 6.044953661563e-02 9.935525514529e+01 4.145534461044e+01 4.955455014299e-06
7 62 2 0.61213341 0.89206268 1.61471826 1.30996687 0.72635617 2.756775234140e-04 6.270441768644e-02 1.040801757048e+02 4.273136041186e+01 5.134230025004e-06
7 63 2 0.61213341 0.89206268 1.61471826 1.30996687 0.72635617 3.371505669775e-04 6.503771314145e-02 1.086932702516e+02 4.491903039931e+01 5.318706611146e-06
8 0 2 1.02770819 1.35764142 2.03468324 1.95421695 1.00477733 1.227126105382e+01 1.005733811421e-01 3.622007568052e+02 1.973047495270e+02 1.944082647326e-02
8 1 2 1.02770819 1.35764142 2.03468324 1.95421695 1.00477733 1.186358000634e+01 9.275372316836e-02 3.468837663888e+02 1.631223992909e+02 1.868633068559e-02
8 2 2 1.02770819 1.35764142 2.03468324 1.95421695 1.00477733 1.144184881104e+01 7.556401166583e-02 3.176992031023e+02 1.422327216499e+02 1.619568692253e-02
8 3 2 1.02770819 1.35764142 2.03468324 1.95421695 1.00477733 1.078965337123e+01 5.686083126406e-02 2.768310784686e+02 1.415375024828e+02 1.284177569233e-02
8 4 2 1.02770819 1.35764142 2.03468324 1.95421695 1.00477733 1.029019590562e+01 4.368207881225e-02 2.297822328683e+02 1.578457829841e+02 9.825036905053e-03
8 5 2 1.02770819 1.35764142 2.03468324 1.95421695 1.00477733 1.011692010624e+01 3.841345746830e-02 1.844767492767e+02 1.804801530281e+02 8.101709875204e-03
8 6 2 1.02770819 1.35764142 2.03468324 1.95421695 1.00477733 1.008993866120e+01 3.852584999239e-02 1.465284780093e+02 2.011018849736e+02 7.970077472456e-03
8 7 2 1.02770819 1.35764142 2.03468324 1.95421695 1.00477733 9.934923593153e+00 3.934736561734e-02 1.215684794908e+02 2.174674781945e+02 8.995700472463e-03
8 8 2 1.02770819 1.35764142 2.03468324 1.95421695 1.00477733 9.641967351046e+00 3.750105834338e-02 1.112325784244e+02 2.257061513832e+02 1.028365508610e-02
8 9 2 1.02770819 1.35764142 2.03468324 1.95421695 1.00477733 9.396309428301e+00 3.266583910095e-02 1.168897985254e+02 2.203373299007e+02 1.094255308515e-02
8 10 2 1.02770819 1.35764142 2.03468324 1.95421695 1.00477733 8.913015647404e+00 2.688524824357e-02 1.348954935878e+02 1.989127948162e+02 1.050748761878e-02
8 11 2 1.02770819 1.35764142 2.03468324 1.95421695 1.00477733 8.166857166307e+00 2.245035572023e-02 1.591098105272e+02 1.664164225865e+02 9.126597821286e-03
8 12 2 1.02770819 1.35764142 2.03468324 1.95421695 1.00477733 7.770803590760e+00 2.015438883468e-02 1.871915343607e+02 1.366934315536e+02 7.441908100760e-03
8 13 2 1.02770819 1.35764142 2.03468324 1.95421695 1.00477733 7.717971559040e+00 1.909575333070e-02 2.139531022763e+02 1.171370731521e+02 6.243549552431e-03
8 14 2 1.02770819 1.35764142 2.03468324 1.95421695 1.00477733 7.601586601097e+00 1.785519362095e-02 2.343951367321e+02 1.073517026595e+02 6.076412333737e-03
8 15 2 1.02770819 1.35764142 2.03468324 1.95421695 1.00477733 7.391398850058e+00 1.587142934906e-02 2.407841014759e+02 1.061024981002e+02 6.987135729892e-03
8 16 2 1.02770819 1.35764142 2.03468324 1.95421695 1.00477733 7.052039372727e+00 1.386509941426e-02 2.324575249789e+02 1.115976794007e+02 8.520309304209e-03
8 17 2 1.02770819 1.35764142 2.03468324 1.95421695 1.00477733 6.717732376708e+00 1.305798208546e-02 2.158786170575e+02 1.238663475881e+02 9.949375894579e-03
8 18 2 1.02770819 1.35764142 2.03468324 1.95421695 1.00477733 6.629168929191e+00 1.392935531051e-02 1.925229567273e+02 1.371495510651e+02 1.062032666467e-02
8 19 2 1.02770819 1.35764142 2.03468324 1.95421695 1.00477733 6.606643679454e+00 1.558249623025e-02 1.612439545017e+02 1.430482639934e+02 1.024284329931e-02
8 20 2 1.02770819 1.35764142 2.03468324 1.95421695 1.00477733 6.522114127883e+00 1.626540983376e-02 1.277274466513e+02 1.390628844166e+02 8.998889389676e-03
8 21 2 1.02770819 1.35764142 2.03468324 1.95421695 1.00477733 6.419302453195e+00 1.465985308359e-02 9.934202223718e+01 1.276510903957e+02 7.430717607541e-03
8 22 2 1.02770819 1.35764142 2.03468324 1.95421695 1.00477733 6.206413645216e+00 1.094586196096e-02 7.850699619914e+01 1.126054744858e+02 6.172940441360e-03
8 23 2 1.02770819 1.35764142 2.03468324 1.95421695 1.00477733 5.963076251949e+00 6.808065646106e-03 6.735320424788e+01 9.636217036122e+01 5.659721479346e-03
8 24 2 1.02770819 1.35764142 2.03468324 1.95421695 1.00477733 5.825892035633e+00 4.333988261106e-03 6.634875795731e+01 8.205314584170e+01 5.941212973319e-03
8 25 2 1.02770819 1.35764142 2.03468324 1.95421695 1.00477733 5.772442050985e+00 4.573414558813e-03 7.414608217297e+01 7.155176150558e+01 6.686198794332e-03
8 26 2 1.02770819 1.35764142 2.03468324 1.95421695 1.00477733 5.796484119990e+00 6.786993970090e-03 9.094335657549e+01 6.915040185619e+01 7.359891192390e-03
8 27 2 1.02770819 1.35764142 2.03468324 1.95421695 1.00477733 5.821750549200e+00 8.933350442612e-03 1.158384756864e+02 7.847187291879e+01 7.487742450580e-03
8 28 2 1.02770819 1.35764142 2.03468324 1.95421695 1.00477733 5.803693339500e+00 9.074325947717e-03 1.429939343401e+02 9.575141147739e+01 6.881654300113e-03
8 29 2 1.02770819 1.35764142 2.03468324 1.95421695 1.00477733 5.734879947034e+00 6.731148237062e-03 1.650335786932e+02 1.102764049302e+02 5.726821778226e-03
8 30 2 1.02770819 1.35764142 2.03468324 1.95421695 1.00477733 5.532112448556e+00 3.249092764940e-03 1.758114313080e+02 1.165848376881e+02 4.493418932583e-03
8 31 2 1.02770819 1.35764142 2.03468324 1.95421695 1.00477733 5.500000672098e+00 9.051747014813e-04 1.794595257019e+02 1.195347490271e+02 3.716932406366e-03
8 32 2 1.02770819 1.35764142 2.03468324 1.95421695 1.00477733 5.927161077634e+00 1.356844238386e-03 1.854089712692e+02 1.262236016104e+02 3.749142437740e-03
8 33 2 1.02770819 1.35764142 2.03468324 1.95421695 1.00477733 6.340736536359e+00 4.489044927866e-03 1.820588555983e+02 1.261716422570e+02 4.593767427653e-03
8 34 2 1.02770819 1.35764142 2.03468324 1.95421695 1.00477733 6.415205105794e+00 8.456763308117e-03 1.614394431422e+02 1.122735943991e+02 5.902097003278e-03
8 35 2 1.02770819 1.35764142 2.03468324 1.95421695 1.00477733 6.435408764629e+00 1.091197498091e-02 1.336954365503e+02 9.361818816164e+01 7.131725030405e-03
8 36 2 1.02770819 1.35764142 2.03468324 1.95421695 1.00477733 6.518398853448e+00 1.059270727958e-02 1.071050688719e+02 8.187375391398e+01 7.797312502304e-03
8 37 2 1.02770819 1.35764142 2.03468324 1.95421695 1.00477733 6.660741803333e+00 8.191723293780e-03 8.634367515933e+01 8.070502069894e+01 7.698890175749e-03
8 38 2 1.02770819 1.35764142 2.03468324 1.95421695 1.00477733 6.917206831229e+00 5.900531585374e-03 7.248816437615e+01 8.591023963955e+01 7.020586500422e-03
8 39 2 1.02770819 1.35764142 2.03468324 1.95421695 1.00477733 7.217272744324e+00 5.926475989039e-03 6.627952996022e+01 9.515964302591e+01 6.249177651745e-03
8 40 2 1.02770819 1.35764142 2.03468324 1.95421695 1.00477733 7.517850064216e+00 8.992378754323e-03 7.096246458653e+01 1.090156263286e+02 5.943931634678e-03
8 41 2 1.02770819 1.35764142 2.03468324 1.95421695 1.00477733 7.732210379196e+00 1.385078305503e-02 8.804513865497e+01 1.257728251163e+02 6.460586441121e-03
8 42 2 1.02770819 1.35764142 2.03468324 1.95421695 1.00477733 7.831401185797e+00 1.814650322835e-02 1.153013756293e+02 1.409483645289e+02 7.759418608871e-03
8 43 2 1.02770819 1.35764142 2.03468324 1.95421695 1.00477733 8.000438180151e+00 2.001780847743e-02 1.497835022800e+02 1.499998330235e+02 9.394832364536e-03
8 44 2 1.02770819 1.35764142 2.03468324 1.95421695 1.00477733 8.248491121287e+00 1.930479523006e-02 1.850825307113e+02 1.488909399082e+02 1.070300334210e-02
8 45 2 1.02770819 1.35764142 2.03468324 1.95421695 1.00477733 8.599494012055e+00 1.752007529169e-02 2.145124155100e+02 1.395143968203e+02 1.110975492017e-02
8 46 2 1.02770819 1.35764142 2.03468324 1.95421695 1.00477733 9.159721841328e+00 1.664345445824e-02 2.377842211396e+02 1.278333208806e+02 1.041716957226e-02
8 47 2 1.02770819 1.35764142 2.03468324 1.95421695 1.00477733 9.629309827593e+00 1.767400617658e-02 2.522333013759e+02 1.192540192163e+02 8.927573692215e-03
8 48 2 1.02770819 1.35764142 2.03468324 1.95421695 1.00477733 9.877309978766e+00 2.005132097407e-02 2.505323257766e+02 1.133423369900e+02 7.332595083026e-03
8 49 2 1.02770819 1.35764142 2.03468324 1.95421695 1.00477733 1.015794584236e+01 2.237891698284e-02 2.321055839023e+02 1.138960181978e+02 6.404923769393e-03
8 50 2 1.02770819 1.35764142 2.03468324 1.95421695 1.00477733 1.054937549395e+01 2.383722143175e-02 2.060490926054e+02 1.256809634775e+02 6.630571474836e-03
8 51 2 1.02770819 1.35764142 2.03468324 1.95421695 1.00477733 1.124549312026e+01 2.507369308557e-02 1.772628255091e+02 1.493871012730e+02 7.959442530086e-03
8 52 2 1.02770819 1.35764142 2.03468324 1.95421695 1.00477733 1.212449672811e+01 2.772495455033e-02 1.495983558699e+02 1.791529676433e+02 9.806841287108e-03
8 53 2 1.02770819 1.35764142 2.03468324 1.95421695 1.00477733 1.250674002166e+01 3.284709120721e-02 1.274880686636e+02 2.027292376561e+02 1.132336687528e-02
8 54 2 1.02770819 1.35764142 2.03468324 1.95421695 1.00477733 1.255608337607e+01 3.955185233361e-02 1.167410756054e+02 2.156762106278e+02 1.181718960351e-02
8 55 2 1.02770819 1.35764142 2.03468324 1.95421695 1.00477733 1.285985702948e+01 4.519206881584e-02 1.234208523291e+02 2.208636055109e+02 1.112655565448e-02
8 56 2 1.02770819 1.35764142 2.03468324 1.95421695 1.00477733 1.323692064407e+01 4.732233796495e-02 1.455382088344e+02 2.182530081917e+02 9.749135993787e-03
8 57 2 1.02770819 1.35764142 2.03468324 1.95421695 1.00477733 1.363883174775e+01 4.613180083531e-02 1.816921173460e+02 2.069385395637e+02 8.642315017302e-03
8 58 2 1.02770819 1.35764142 2.03468324 1.95421695 1.00477733 1.436053540451e+01 4.531773190426e-02 2.270121986250e+02 1.864354691617e+02 8.768704399138e-03
8 59 2 1.02770819 1.35764142 2.03468324 1.95421695 1.00477733 1.536327745927e+01 5.019995345954e-02 2.746803844047e+02 1.651560053597e+02 1.059716548303e-02
8 60 2 1.02770819 1.35764142 2.03468324 1.95421695 1.00477733 1.632299455189e+01 6.388336965578e-02 3.180635321902e+02 1.551765672260e+02 1.381009151606e-02
8 61 2 1.02770819 1.35764142 2.03468324 1.95421695 1.00477733 1.690457829646e+01 8.405757968738e-02 3.504201902438e+02 1.618232488310e+02 1.738383410302e-02
8 62 2 1.02770819 1.35764142 2.03468324 1.95421695 1.00477733 1.740837002388e+01 1.031109035386e-01 3.700896522980e+02 1.809615848547e+02 2.003318251583e-02
8 63 2 1.02770819 1.35764142 2.03468324 1.95421695 1.00477733 1.816649600036e+01 1.122458789603e-01 3.732966337561e+02 2.084097613046e+02 2.082479171131e-02
11 0 2 0.82934565 1.23622310 2.57552641 2.06105456 0.92720282 1.419520800365e-01 1.006548373114e+00 7.301031685313e+02 2.744724064860e+02 9.554919678914e-01
11 1 2 0.82934565 1.23622310 2.57552641 2.06105456 0.92720282 1.579951909688e-01 1.005585744715e+00 7.145166539753e+02 2.489869939311e+02 9.849486067234e-01
11 2 2 0.82934565 1.23622310 2.57552641 2.06105456 0.92720282 1.739983678420e-01 9.938838295956e-01 7.009570554293e+02 2.222665260862e+02 1.010947167484e+00
11 3 2 0.82934565 1.23622310 2.57552641 2.06105456 0.92720282 1.629679829158e-01 9.718226202277e-01 6.906719596159e+02 1.963486578484e+02 1.033371730391e+00
11 4 2 0.82934565 1.23622310 2.57552641 2.06105456 0.92720282 1.294290846349e-01 9.406224221745e-01 6.836761257490e+02 1.811818390263e+02 1.052151212024e+00
11 5 2 0.82934565 1.23622310 2.57552641 2.06105456 0.92720282 9.873606070110e-02 9.022374479172e-01 6.665457738360e+02 1.785820432920e+02 1.067259417279e+00
11 6 2 0.82934565 1.23622310 2.57552641 2.06105456 0.92720282 8.559421195337e-02 8.591700079086e-01 6.455119925613e+02 1.855605539315e+02 1.078714464446e+00
11 7 2 0.82934565 1.23622310 2.57552641 2.06105456 0.92720282 9.082287002435e-02 8.142297421931e-01 6.286440417336e+02 2.016867867413e+02 1.086577562264e+00
11 8 2 0.82934565 1.23622310 2.57552641 2.06105456 0.92720282 9.993479979430e-02 7.702673736806e-01 6.106319464382e+02 2.286355309138e+02 1.090951134940e+00
11 9 2 0.82934565 1.23622310 2.57552641 2.06105456 0.92720282 9.707074214812e-02 7.299136867961e-01 5.987351509520e+02 2.635212100457e+02 1.091976310686e+00
11 10 2 0.82934565 1.23622310 2.57552641 2.06105456 0.92720282 8.860996725920e-02 6.953519778170e-01 5.896112317015e+02 2.998780329758e+02 1.089829810203e+00
11 11 2 0.82934565 1.23622310 2.57552641 2.06105456 0.92720282 8.568048649764e-02 6.681466595572e-01 5.758991036058e+02 3.334332623972e+02 1.084720292871e+00
11 12 2 0.82934565 1.23622310 2.57552641 2.06105456 0.92720282 8.460165094544e-02 6.491429390693e-01 5.582393252195e+02 3.599373743300e+02 1.076884238777e+00
11 13 2 0.82934565 1.23622310 2.57552641 2.06105456 0.92720282 8.453571889428e-02 6.384436201280e-01 5.395475557299e+02 3.739849799897e+02 1.066581462907e+00
11 14 2 0.82934565 1.23622310 2.57552641 2.06105456 0.92720282 9.028587405635e-02 6.354602478159e-01 5.200993357868e+02 3.773753107089e+02 1.054090372497e+00
11 15 2 0.82934565 1.23622310 2.57552641 2.06105456 0.92720282 9.903580988112e-02 6.390280385821e-01 5.013458306338e+02 3.708992147444e+02 1.039703088617e+00
11 16 2 0.82934565 1.23622310 2.57552641 2.06105456 0.92720282 1.071946285916e-01 6.475681274868e-01 4.948202951417e+02 3.507469314645e+02 1.023720557602e+00
11 17 2 0.82934565 1.23622310 2.57552641 2.06105456 0.92720282 1.123139567446e-01 6.592771119782e-01 4.881781636516e+02 3.231662483989e+02 1.006447776456e+00
11 18 2 0.82934565 1.23622310 2.57552641 2.06105456 0.92720282 1.093280835062e-01 6.723228390136e-01 4.744670728288e+02 2.928741893024e+02 9.881892486784e-01
11 19 2 0.82934565 1.23622310 2.57552641 2.06105456 0.92720282 1.016149472945e-01 6.850267094561e-01 4.656628883292e+02 2.620756008038e+02 9.692447733578e-01
11 20 2 0.82934565 1.23622310 2.57552641 2.06105456 0.92720282 9.655754706322e-02 6.960160358944e-01 4.607118328876e+02 2.340052297663e+02 9.499056515484e-01
11 21 2 0.82934565 1.23622310 2.57552641 2.06105456 0.92720282 9.103364188056e-02 7.043345839943e-01 4.525601661574e+02 2.116603241142e+02 9.304513710454e-01
11 22 2 0.82934565 1.23622310 2.57552641 2.06105456 0.92720282 8.257916526959e-02 7.095046710930e-01 4.404717859767e+02 1.973710993045e+02 9.111468050074e-01
11 23 2 0.82934565 1.23622310 2.57552641 2.06105456 0.92720282 7.609348321320e-02 7.115394270978e-01 4.307361772068e+02 1.940347329797e+02 8.922399331631e-01
11 24 2 0.82934565 1.23622310 2.57552641 2.06105456 0.92720282 7.150188737309e-02 7.109084840680e-01 4.219192107091e+02 2.030593821156e+02 8.739600682687e-01
11 25 2 0.82934565 1.23622310 2.57552641 2.06105456 0.92720282 6.801265886380e-02 7.084640566904e-01 4.158998688890e+02 2.212358899130e+02 8.565165467871e-01
11 26 2 0.82934565 1.23622310 2.57552641 2.06105456 0.92720282 7.022564754864e-02 7.053368998127e-01 4.154359270840e+02 2.428521888355e+02 8.400978229929e-01
11 27 2 0.82934565 1.23622310 2.57552641 2.06105456 0.92720282 7.601426864043e-02 7.028129586319e-01 4.140009805981e+02 2.663006766245e+02 8.248708911802e-01
11 28 2 0.82934565 1.23622310 2.57552641 2.06105456 0.92720282 7.655583016102e-02 7.022017903424e-01 4.079708540791e+02 2.947274002486e+02 8.109809522840e-01
11 29 2 0.82934565 1.23622310 2.57552641 2.06105456 0.92720282 6.699727460358e-02 7.047072603849e-01 4.039351749088e+02 3.222475612783e+02 7.985512395131e-01
11 30 2 0.82934565 1.23622310 2.57552641 2.06105456 0.92720282 4.785373757396e-02 7.113098682731e-01 3.966485457975e+02 3.369394802047e+02 7.876829225575e-01
11 31 2 0.82934565 1.23622310 2.57552641 2.06105456 0.92720282 2.956734910730e-02 7.226685858191e-01 3.894341463692e+02 3.432572760507e+02 7.784550210906e-01
11 32 2 0.82934565 1.23622310 2.57552641 2.06105456 0.92720282 2.868993893001e-02 7.390484813913e-01 4.039088379758e+02 3.528395747751e+02 7.709242747271e-01
11 33 2 0.82934565 1.23622310 2.57552641 2.06105456 0.92720282 4.581679548076e-02 7.602787594138e-01 4.184974838332e+02 3.524296936575e+02 7.651249370234e-01
11 34 2 0.82934565 1.23622310 2.57552641 2.06105456 0.92720282 6.498541436852e-02 7.857441808483e-01 4.202232023987e+02 3.327571869924e+02 7.610684839184e-01
11 35 2 0.82934565 1.23622310 2.57552641 2.06105456 0.92720282 7.532877097892e-02 8.144110995886e-01 4.240613235738e+02 3.071847967099e+02 7.587432504743e-01
11 36 2 0.82934565 1.23622310 2.57552641 2.06105456 0.92720282 7.548842550663e-02 8.448874760454e-01 4.257412020166e+02 2.827319678207e+02 7.581140320810e-01
11 37 2 0.82934565 1.23622310 2.57552641 2.06105456 0.92720282 6.979470021202e-02 8.755141549628e-01 4.270914686254e+02 2.554359765712e+02 7.591217057570e-01
11 38 2 0.82934565 1.23622310 2.57552641 2.06105456 0.92720282 6.724596411032e-02 9.044824222946e-01 4.351540725412e+02 2.273785637003e+02 7.616829423284e-01
11 39 2 0.82934565 1.23622310 2.57552641 2.06105456 0.92720282 7.046615121274e-02 9.299704794430e-01 4.465361483021e+02 2.073350818847e+02 7.656900899602e-01
11 40 2 0.82934565 1.23622310 2.57552641 2.06105456 0.92720282 7.510089221597e-02 9.502891880648e-01 4.559481487073e+02 1.995723519436e+02 7.710113130168e-01
11 41 2 0.82934565 1.23622310 2.57552641 2.06105456 0.92720282 8.191082146529e-02 9.640255302113e-01 4.658314163257e+02 2.037366670846e+02 7.774910672592e-01
11 42 2 0.82934565 1.23622310 2.57552641 2.06105456 0.92720282 9.074651027957e-02 9.701710351556e-01 4.731409124551e+02 2.177918138187e+02 7.849509831477e-01
11 43 2 0.82934565 1.23622310 2.57552641 2.06105456 0.92720282 9.653229391961e-02 9.682222822173e-01 4.780747206447e+02 2.411818409928e+02 7.931912141571e-01
11 44 2 0.82934565 1.23622310 2.57552641 2.06105456 0.92720282 1.019614244639e-01 9.582417667745e-01 4.880157479619e+02 2.722420842893e+02 8.019922875635e-01
11 45 2 0.82934565 1.23622310 2.57552641 2.06105456 0.92720282 1.102892924510e-01 9.408700502038e-01 5.030505223074e+02 3.078430308398e+02 8.111174724754e-01
11 46 2 0.82934565 1.23622310 2.57552641 2.06105456 0.92720282 1.137387704759e-01 9.172841543176e-01 5.141644534358e+02 3.436887889371e+02 8.203156555044e-01
11 47 2 0.82934565 1.23622310 2.57552641 2.06105456 0.92720282 1.086755398135e-01 8.891023436589e-01 5.228676441513e+02 3.748376389758e+02 8.293246900306e-01
11 48 2 0.82934565 1.23622310 2.57552641 2.06105456 0.92720282 1.002726505086e-01 8.582412904309e-01 5.437946486420e+02 3.938580352616e+02 8.378751620930e-01
11 49 2 0.82934565 1.23622310 2.57552641 2.06105456 0.92720282 9.109891169707e-02 8.267374892213e-01 5.647538495166e+02 4.012290713649e+02 8.456944959499e-01
11 50 2 0.82934565 1.23622310 2.57552641 2.06105456 0.92720282 8.495334838635e-02 7.965499318683e-01 5.785790146128e+02 3.973892413132e+02 8.525113064777e-01
11 51 2 0.82934565 1.23622310 2.57552641 2.06105456 0.92720282 8.469348789204e-02 7.693647102682e-01 5.913720356609e+02 3.776552640352e+02 8.580598946126e-01
11 52 2 0.82934565 1.23622310 2.57552641 2.06105456 0.92720282 8.535497240002e-02 7.464237331351e-01 6.012780335775e+02 3.470660012625e+02 8.620847764595e-01
11 53 2 0.82934565 1.23622310 2.57552641 2.06105456 0.92720282 8.807453389683e-02 7.283986783253e-01 6.103611080614e+02 3.106585005405e+02 8.643451365055e-01
11 54 2 0.82934565 1.23622310 2.57552641 2.06105456 0.92720282 9.671203490065e-02 7.153275104081e-01 6.234340883384e+02 2.721399651286e+02 8.646191002702e-01
11 55 2 0.82934565 1.23622310 2.57552641 2.06105456 0.92720282 9.946565085674e-02 7.066245816803e-01 6.444850052151e+02 2.375954090604e+02 8.627077310212e-01
11 56 2 0.82934565 1.23622310 2.57552641 2.06105456 0.92720282 8.958468527475e-02 7.011670737933e-01 6.633499152542e+02 2.111804004666e+02 8.584386679561e-01
11 57 2 0.82934565 1.23622310 2.57552641 2.06105456 0.92720282 8.344547998769e-02 6.974512168710e-01 6.808545010138e+02 1.926994987841e+02 8.516693384327e-01
11 58 2 0.82934565 1.23622310 2.57552641 2.06105456 0.92720282 9.619052403231e-02 6.938024627756e-01 6.975420151576e+02 1.850054593644e+02 8.422896932439e-01
11 59 2 0.82934565 1.23622310 2.57552641 2.06105456 0.92720282 1.275063457582e-01 6.886158053115e-01 7.053724104739e+02 1.922380320247e+02 8.302244305159e-01
11 60 2 0.82934565 1.23622310 2.57552641 2.06105456 0.92720282 1.624043634827e-01 6.805968883824e-01 7.184838863678e+02 2.136074476491e+02 8.154346895553e-01
11 61 2 0.82934565 1.23622310 2.57552641 2.06105456 0.92720282 1.743411315996e-01 6.689723556974e-01 7.403614952132e+02 2.403203633861e+02 7.979192101518e-01
11 62 2 0.82934565 1.23622310 2.57552641 2.06105456 0.92720282 1.582940311393e-01 6.536396355219e-01 7.627548703070e+02 2.688943240665e+02 7.777149649666e-01
11 63 2 0.82934565 1.23622310 2.57552641 2.06105456 0.92720282 1.415729095459e-01 6.352321079407e-01 7.888098101095e+02 3.007616225973e+02 7.548972824728e-01
15 0 2 1.00752562 1.47581812 2.54779554 2.36620735 1.06090376 3.415743946672e+01 2.889035577099e-02 6.131933016019e+02 5.904232644232e+02 1.566765892433e+00
15 1 2 1.00752562 1.47581812 2.54779554 2.36620735 1.06090376 3.479620798381e+01 4.575879259677e-03 5.804008568428e+02 4.830452640409e+02 1.370806559458e+00
15 2 2 1.00752562 1.47581812 2.54779554 2.36620735 1.06090376 3.597367815876e+01 8.983708496929e-02 5.505062507465e+02 3.830680599217e+02 1.333484710200e+00
15 3 2 1.00752562 1.47581812 2.54779554 2.36620735 1.06090376 3.458265961275e+01 2.253366456599e-01 5.339400156926e+02 3.150733099857e+02 1.424757560803e+00
15 4 2 1.00752562 1.47581812 2.54779554 2.36620735 1.06090376 3.178324637993e+01 3.303928510982e-01 5.209292392465e+02 2.750755457403e+02 1.566672230764e+00
15 5 2 1.00752562 1.47581812 2.54779554 2.36620735 1.06090376 3.025213720139e+01 3.798117674591e-01 5.030051094354e+02 2.749862360487e+02 1.672805528856e+00
15 6 2 1.00752562 1.47581812 2.54779554 2.36620735 1.06090376 2.947896333616e+01 3.538578194061e-01 4.882091926989e+02 3.059767392269e+02 1.676745033854e+00
15 7 2 1.00752562 1.47581812 2.54779554 2.36620735 1.06090376 3.001470266283e+01 2.449135877480e-01 4.799580102302e+02 3.399339337486e+02 1.558442240459e+00
15 8 2 1.00752562 1.47581812 2.54779554 2.36620735 1.06090376 3.152095472169e+01 1.132350860317e-01 4.743565918084e+02 3.707742804212e+02 1.362328521924e+00
15 9 2 1.00752562 1.47581812 2.54779554 2.36620735 1.06090376 3.126591107276e+01 2.791909013248e-02 4.588487783445e+02 4.078416837227e+02 1.173096886184e+00
15 10 2 1.00752562 1.47581812 2.54779554 2.36620735 1.06090376 2.972855094762e+01 1.076011574232e-02 4.404558903357e+02 4.371681323877e+02 1.061808711074e+00
15 11 2 1.00752562 1.47581812 2.54779554 2.36620735 1.06090376 2.857471984639e+01 5.833639342498e-02 4.227658180564e+02 4.269304832468e+02 1.050811751661e+00
15 12 2 1.00752562 1.47581812 2.54779554 2.36620735 1.06090376 2.724595659749e+01 1.411527650147e-01 4.031167829284e+02 3.752127484342e+02 1.111235705802e+00
15 13 2 1.00752562 1.47581812 2.54779554 2.36620735 1.06090376 2.662685226358e+01 2.085822687358e-01 3.821052073720e+02 3.095309541473e+02 1.183479901433e+00
15 14 2 1.00752562 1.47581812 2.54779554 2.36620735 1.06090376 2.780661886279e+01 2.298971881014e-01 3.667205850723e+02 2.484902871740e+02 1.213260235099e+00
15 15 2 1.00752562 1.47581812 2.54779554 2.36620735 1.06090376 2.876508792355e+01 2.017411836416e-01 3.533263073510e+02 2.055131904667e+02 1.178858671370e+00
15 16 2 1.00752562 1.47581812 2.54779554 2.36620735 1.06090376 2.807544459795e+01 1.373129623181e-01 3.395559635658e+02 1.987762463306e+02 1.089732834944e+00
15 17 2 1.00752562 1.47581812 2.54779554 2.36620735 1.06090376 2.663602747173e+01 6.666370274244e-02 3.327947435319e+02 2.305749545107e+02 9.736240173714e-01
15 18 2 1.00752562 1.47581812 2.54779554 2.36620735 1.06090376 2.491437375587e+01 2.078795149728e-02 3.286265954316e+02 2.721825337088e+02 8.686248708304e-01
15 19 2 1.00752562 1.47581812 2.54779554 2.36620735 1.06090376 2.368961378761e+01 1.463675417877e-02 3.260288690940e+02 2.924807008130e+02 8.101241025556e-01
15 20 2 1.00752562 1.47581812 2.54779554 2.36620735 1.06090376 2.435019031343e+01 4.360610288038e-02 3.226785045111e+02 2.942756555007e+02 8.125453169730e-01
15 21 2 1.00752562 1.47581812 2.54779554 2.36620735 1.06090376 2.573097130376e+01 8.572400727758e-02 3.196155926477e+02 2.801483937067e+02 8.620208991833e-01
15 22 2 1.00752562 1.47581812 2.54779554 2.36620735 1.06090376 2.577530562330e+01 1.192341727870e-01 3.152195350982e+02 2.512149085797e+02 9.228126117394e-01
15 23 2 1.00752562 1.47581812 2.54779554 2.36620735 1.06090376 2.490648259023e+01 1.327920063467e-01 3.086499391233e+02 2.150123112530e+02 9.534302161886e-01
15 24 2 1.00752562 1.47581812 2.54779554 2.36620735 1.06090376 2.350795932856e+01 1.181168861694e-01 3.021295040492e+02 1.858692402361e+02 9.306556514822e-01
15 25 2 1.00752562 1.47581812 2.54779554 2.36620735 1.06090376 2.161794685962e+01 8.016737737625e-02 2.983120758354e+02 1.683572172869e+02 8.647871749557e-01
15 26 2 1.00752562 1.47581812 2.54779554 2.36620735 1.06090376 2.114461268226e+01 4.230224508572e-02 2.897768195008e+02 1.551800641369e+02 7.890881205937e-01
15 27 2 1.00752562 1.47581812 2.54779554 2.36620735 1.06090376 2.221644228477e+01 2.203441072927e-02 2.762975733958e+02 1.528791686262e+02 7.359749687728e-01
15 28 2 1.00752562 1.47581812 2.54779554 2.36620735 1.06090376 2.270519737621e+01 2.298487633142e-02 2.695442883318e+02 1.802951150139e+02 7.217883300727e-01
15 29 2 1.00752562 1.47581812 2.54779554 2.36620735 1.06090376 2.263449218097e+01 4.176688204699e-02 2.687149533731e+02 2.276225099095e+02 7.431908320599e-01
15 30 2 1.00752562 1.47581812 2.54779554 2.36620735 1.06090376 2.189012344037e+01 6.352184822871e-02 2.608464926004e+02 2.623431996149e+02 7.819322602051e-01
15 31 2 1.00752562 1.47581812 2.54779554 2.36620735 1.06090376 1.951349165010e+01 7.414373178664e-02 2.522482816052e+02 2.763027351353e+02 8.159884471317e-01
15 32 2 1.00752562 1.47581812 2.54779554 2.36620735 1.06090376 1.792209437585e+01 7.377567124221e-02 2.700542963963e+02 2.846192230410e+02 8.283415728123e-01
15 33 2 1.00752562 1.47581812 2.54779554 2.36620735 1.06090376 1.880267549431e+01 6.223546491377e-02 2.873939557543e+02 2.642544656418e+02 8.104790328967e-01
15 34 2 1.00752562 1.47581812 2.54779554 2.36620735 1.06090376 1.981014615224e+01 3.983156543489e-02 2.882398971771e+02 2.134194304200e+02 7.680254710782e-01
15 35 2 1.00752562 1.47581812 2.54779554 2.36620735 1.06090376 2.008795117024e+01 2.153495710263e-02 2.937126084911e+02 1.746104563653e+02 7.242095860217e-01
15 36 2 1.00752562 1.47581812 2.54779554 2.36620735 1.06090376 2.002461517443e+01 2.212340671913e-02 3.042344752086e+02 1.668664569856e+02 7.091703722934e-01
15 37 2 1.00752562 1.47581812 2.54779554 2.36620735 1.06090376 1.861139653995e+01 4.478194252834e-02 3.087492303504e+02 1.753913350312e+02 7.409363198260e-01
15 38 2 1.00752562 1.47581812 2.54779554 2.36620735 1.06090376 1.692748660279e+01 8.571502468231e-02 3.060390573766e+02 1.906617486720e+02 8.131006153882e-01
15 39 2 1.00752562 1.47581812 2.54779554 2.36620735 1.06090376 1.683442000780e+01 1.261278506338e-01 3.077398373898e+02 2.180368736329e+02 8.950545524789e-01
15 40 2 1.00752562 1.47581812 2.54779554 2.36620735 1.06090376 1.747421912235e+01 1.414395083384e-01 3.115338648743e+02 2.502599213843e+02 9.476214776710e-01
15 41 2 1.00752562 1.47581812 2.54779554 2.36620735 1.06090376 1.816017120588e+01 1.267931088571e-01 3.137194146405e+02 2.743011824853e+02 9.486441786388e-01
15 42 2 1.00752562 1.47581812 2.54779554 2.36620735 1.06090376 1.879167394793e+01 9.082698765633e-02 3.162238299419e+02 2.899688108503e+02 9.061623405608e-01
15 43 2 1.00752562 1.47581812 2.54779554 2.36620735 1.06090376 1.805518002660e+01 4.559869854331e-02 3.217471341113e+02 2.998587394823e+02 8.488180807020e-01
15 44 2 1.00752562 1.47581812 2.54779554 2.36620735 1.06090376 1.623169197823e+01 1.472126201301e-02 3.290914437209e+02 2.968667892764e+02 8.103895997997e-01
15 45 2 1.00752562 1.47581812 2.54779554 2.36620735 1.06090376 1.527789295675e+01 2.178481256703e-02 3.398290513829e+02 2.685991949697e+02 8.189047431241e-01
15 46 2 1.00752562 1.47581812 2.54779554 2.36620735 1.06090376 1.542315440958e+01 7.160798063137e-02 3.543388620395e+02 2.308494910254e+02 8.852357109871e-01
15 47 2 1.00752562 1.47581812 2.54779554 2.36620735 1.06090376 1.605200836478e+01 1.480187532115e-01 3.731712543898e+02 2.160326821777e+02 9.961407466681e-01
15 48 2 1.00752562 1.47581812 2.54779554 2.36620735 1.06090376 1.694109086499e+01 2.175657384744e-01 3.920175907149e+02 2.299877085543e+02 1.118050927681e+00
15 49 2 1.00752562 1.47581812 2.54779554 2.36620735 1.06090376 1.689529592744e+01 2.479289411807e-01 4.071638025276e+02 2.715892740393e+02 1.205950154579e+00
15 50 2 1.00752562 1.47581812 2.54779554 2.36620735 1.06090376 1.543492784378e+01 2.247321031629e-01 4.264964098486e+02 3.363324198789e+02 1.221258601052e+00
15 51 2 1.00752562 1.47581812 2.54779554 2.36620735 1.06090376 1.430449014686e+01 1.515467805568e-01 4.419164717611e+02 4.056114203420e+02 1.161538201505e+00
15 52 2 1.00752562 1.47581812 2.54779554 2.36620735 1.06090376 1.416084092331e+01 6.207059234198e-02 4.532899065843e+02 4.405618124713e+02 1.073356851112e+00
15 53 2 1.00752562 1.47581812 2.54779554 2.36620735 1.06090376 1.417373902392e+01 1.100899684320e-02 4.639683565045e+02 4.312054714461e+02 1.026502257251e+00
15 54 2 1.00752562 1.47581812 2.54779554 2.36620735 1.06090376 1.476611382901e+01 2.980863896315e-02 4.745104086918e+02 4.055482431317e+02 1.073530718145e+00
15 55 2 1.00752562 1.47581812 2.54779554 2.36620735 1.06090376 1.551175134016e+01 1.222786870883e-01 4.800100358852e+02 3.830214781433e+02 1.222047669720e+00
15 56 2 1.00752562 1.47581812 2.54779554 2.36620735 1.06090376 1.475713444718e+01 2.643808720190e-01 4.913721475043e+02 3.559677269058e+02 1.426305876372e+00
15 57 2 1.00752562 1.47581812 2.54779554 2.36620735 1.06090376 1.334074921277e+01 3.810065995062e-01 5.140818385883e+02 3.290453385015e+02 1.608724496602e+00
15 58 2 1.00752562 1.47581812 2.54779554 2.36620735 1.06090376 1.249683278714e+01 4.084744571149e-01 5.386393110809e+02 3.199415222712e+02 1.703321284897e+00
15 59 2 1.00752562 1.47581812 2.54779554 2.36620735 1.06090376 1.202168476221e+01 3.555261435217e-01 5.605611371059e+02 3.347903493117e+02 1.682308657551e+00
15 60 2 1.00752562 1.47581812 2.54779554 2.36620735 1.06090376 1.278469465787e+01 2.421988330993e-01 5.835920947232e+02 3.645029871387e+02 1.560185601347e+00
15 61 2 1.00752562 1.47581812 2.54779554 2.36620735 1.06090376 1.418681539327e+01 9.617151593879e-02 6.185004667096e+02 4.308294135603e+02 1.400122922690e+00
15 62 2 1.00752562 1.47581812 2.54779554 2.36620735 1.06090376 1.399943692616e+01 4.929092196707e-03 6.508111062823e+02 5.357473639128e+02 1.304306943038e+00
15 63 2 1.00752562 1.47581812 2.54779554 2.36620735 1.06090376 1.307200167133e+01 3.067390490781e-02 6.726489992917e+02 6.297332458310e+02 1.363968304527e+00
16 0 2 0.86144954 1.93143713 8.60305457 5.06759092 1.32634993 1.486421571518e-03 2.092658299763e-04 4.361293245274e+04 6.128424913050e+03 1.046667346561e-03
16 1 2 0.86144954 1.93143713 8.60305457 5.06759092 1.32634993 1.540292607627e-03 8.482376013747e-04 4.318202428914e+04 6.137341625116e+03 1.719821159094e-04
16 2 2 0.86144954 1.93143713 8.60305457 5.06759092 1.32634993 2.532796117428e-03 3.253843218120e-03 4.377058855931e+04 6.002978104021e+03 7.319230705763e-04
16 3 2 0.86144954 1.93143713 8.60305457 5.06759092 1.32634993 3.090751808082e-03 3.906466236838e-03 4.540704611742e+04 5.648010282729e+03 1.414356852219e-03
16 4 2 0.86144954 1.93143713 8.60305457 5.06759092 1.32634993 1.888210438922e-03 4.173153002389e-03 4.529372134309e+04 5.407813208209e+03 1.852054053670e-03
16 5 2 0.86144954 1.93143713 8.60305457 5.06759092 1.32634993 4.653917229044e-04 8.341393694756e-04 4.484049180762e+04 5.574690088331e+03 7.195386074338e-04
16 6 2 0.86144954 1.93143713 8.60305457 5.06759092 1.32634993 6.803628707438e-04 1.195090857308e-05 4.582547137713e+04 5.048931426925e+03 2.975947281312e-04
16 7 2 0.86144954 1.93143713 8.60305457 5.06759092 1.32634993 1.853287255477e-03 1.280338100724e-03 4.556774723316e+04 4.905684588363e+03 4.027116401422e-04
16 8 2 0.86144954 1.93143713 8.60305457 5.06759092 1.32634993 3.293121801259e-03 3.213785929948e-03 4.365965728151e+04 4.912646835766e+03 1.376793235571e-03
16 9 2 0.86144954 1.93143713 8.60305457 5.06759092 1.32634993 4.030289401396e-03 3.306674519019e-03 4.263766530054e+04 4.699393376692e+03 1.250387878362e-03
16 10 2 0.86144954 1.93143713 8.60305457 5.06759092 1.32634993 3.081143443367e-03 2.829631441166e-03 4.142245612900e+04 4.380433467715e+03 9.696258581728e-04
16 11 2 0.86144954 1.93143713 8.60305457 5.06759092 1.32634993 2.104451410950e-03 5.411115332413e-04 3.903381937212e+04 4.441970727090e+03 1.616428426655e-04
16 12 2 0.86144954 1.93143713 8.60305457 5.06759092 1.32634993 2.321149922678e-03 5.478525900751e-06 3.649546077508e+04 4.267067826523e+03 4.105049269942e-04
16 13 2 0.86144954 1.93143713 8.60305457 5.06759092 1.32634993 2.463097882276e-03 8.170734176458e-04 3.458053859754e+04 4.089870530052e+03 8.129727239233e-04
16 14 2 0.86144954 1.93143713 8.60305457 5.06759092 1.32634993 2.155449042131e-03 2.016079784391e-03 3.257459496932e+04 3.950053910103e+03 1.375694218701e-03
16 15 2 0.86144954 1.93143713 8.60305457 5.06759092 1.32634993 1.720914040880e-03 2.031409760846e-03 2.985871726516e+04 4.011396469064e+03 7.301112882965e-04
16 16 2 0.86144954 1.93143713 8.60305457 5.06759092 1.32634993 9.991020489255e-04 1.295002535193e-03 2.759687205929e+04 3.722545974939e+03 2.667958429013e-04
16 17 2 0.86144954 1.93143713 8.60305457 5.06759092 1.32634993 6.221254486752e-04 3.609761991517e-04 2.648742793655e+04 3.594838178436e+03 1.626928762529e-04
16 18 2 0.86144954 1.93143713 8.60305457 5.06759092 1.32634993 7.053310200009e-04 2.579741044895e-04 2.490678692455e+04 3.657732936631e+03 8.380048308202e-04
16 19 2 0.86144954 1.93143713 8.60305457 5.06759092 1.32634993 6.111326775183e-04 6.066744120753e-04 2.332657330003e+04 3.497614921850e+03 9.699912775328e-04
16 20 2 0.86144954 1.93143713 8.60305457 5.06759092 1.32634993 8.053450570051e-04 6.816060756093e-04 2.312962104920e+04 3.302195402525e+03 7.975914397755e-04
16 21 2 0.86144954 1.93143713 8.60305457 5.06759092 1.32634993 1.397292748032e-03 5.299446143043e-04 2.301451770749e+04 3.419301380182e+03 2.482694623047e-04
16 22 2 0.86144954 1.93143713 8.60305457 5.06759092 1.32634993 1.723466237582e-03 6.161073351467e-04 2.257010562014e+04 3.290807100852e+03 1.843557655247e-04
16 23 2 0.86144954 1.93143713 8.60305457 5.06759092 1.32634993 2.042364823365e-03 1.243931069755e-03 2.299334988758e+04 3.145829431637e+03 4.999344472842e-04
16 24 2 0.86144954 1.93143713 8.60305457 5.06759092 1.32634993 2.252683968977e-03 1.319582062096e-03 2.389795016236e+04 3.170332869004e+03 9.494837625776e-04
16 25 2 0.86144954 1.93143713 8.60305457 5.06759092 1.32634993 1.816864613672e-03 1.009288841452e-03 2.447607173739e+04 3.182929851568e+03 7.604848857905e-04
16 26 2 0.86144954 1.93143713 8.60305457 5.06759092 1.32634993 1.445606428685e-03 1.337353363563e-05 2.498631334521e+04 3.057578626216e+03 2.376015447840e-04
16 27 2 0.86144954 1.93143713 8.60305457 5.06759092 1.32634993 1.503300707200e-03 3.022511350151e-04 2.593645504429e+04 2.999094730099e+03 9.854667815075e-05
16 28 2 0.86144954 1.93143713 8.60305457 5.06759092 1.32634993 1.424356850452e-03 2.023998278202e-03 2.709279740462e+04 3.103638065246e+03 4.613633076947e-04
16 29 2 0.86144954 1.93143713 8.60305457 5.06759092 1.32634993 1.263120804658e-03 3.190629179703e-03 2.731730757801e+04 3.017142977963e+03 8.209205708996e-04
16 30 2 0.86144954 1.93143713 8.60305457 5.06759092 1.32634993 9.281932091692e-04 2.073270277732e-03 2.743688565735e+04 2.898936395824e+03 6.648300863641e-04
16 31 2 0.86144954 1.93143713 8.60305457 5.06759092 1.32634993 3.267184478237e-04 1.032929840353e-03 2.818348438854e+04 3.019842892025e+03 3.511205148309e-04
16 32 2 0.86144954 1.93143713 8.60305457 5.06759092 1.32634993 3.223746025142e-04 1.955512961857e-04 2.836203854192e+04 3.052930895707e+03 6.391432770745e-05
16 33 2 0.86144954 1.93143713 8.60305457 5.06759092 1.32634993 9.143353553494e-04 9.966395325607e-04 2.764458076021e+04 2.926061493480e+03 3.542565877597e-04
16 34 2 0.86144954 1.93143713 8.60305457 5.06759092 1.32634993 1.266941383503e-03 2.671079179551e-03 2.761285924441e+04 3.090986122218e+03 6.860268129741e-04
16 35 2 0.86144954 1.93143713 8.60305457 5.06759092 1.32634993 1.477141084684e-03 2.960793660191e-03 2.734423189217e+04 3.105450649375e+03 8.232630736215e-04
16 36 2 0.86144954 1.93143713 8.60305457 5.06759092 1.32634993 1.572299526979e-03 1.114421170176e-03 2.629023131514e+04 3.045050782230e+03 2.648079855224e-04
16 37 2 0.86144954 1.93143713 8.60305457 5.06759092 1.32634993 1.490973474379e-03 2.520501337934e-04 2.536593031798e+04 3.096378007143e+03 9.446270912921e-05
16 38 2 0.86144954 1.93143713 8.60305457 5.06759092 1.32634993 1.850300843694e-03 2.495036518207e-04 2.500210943056e+04 3.250385979652e+03 2.535422237315e-04
16 39 2 0.86144954 1.93143713 8.60305457 5.06759092 1.32634993 2.293576408542e-03 9.311731993533e-04 2.446073421550e+04 3.196216442720e+03 7.913967956979e-04
16 40 2 0.86144954 1.93143713 8.60305457 5.06759092 1.32634993 2.117006968779e-03 1.199572796040e-03 2.359946378056e+04 3.232412257483e+03 6.618873702941e-04
16 41 2 0.86144954 1.93143713 8.60305457 5.06759092 1.32634993 1.843747431024e-03 9.772850557475e-04 2.327632830650e+04 3.388241450713e+03 4.639676766939e-04
16 42 2 0.86144954 1.93143713 8.60305457 5.06759092 1.32634993 1.498980856789e-03 5.689943968912e-04 2.389853405348e+04 3.516388408937e+03 3.517283037992e-05
16 43 2 0.86144954 1.93143713 8.60305457 5.06759092 1.32634993 8.457705290712e-04 8.318571800428e-04 2.406802805718e+04 3.369589496570e+03 2.989676705119e-04
16 44 2 0.86144954 1.93143713 8.60305457 5.06759092 1.32634993 6.344537136800e-04 8.628936024682e-04 2.434940911371e+04 3.662346649855e+03 6.013241114697e-04
16 45 2 0.86144954 1.93143713 8.60305457 5.06759092 1.32634993 7.320344538426e-04 5.664035495257e-04 2.614856359876e+04 3.773659719834e+03 9.664016723109e-04
16 46 2 0.86144954 1.93143713 8.60305457 5.06759092 1.32634993 6.628788619809e-04 1.344905435883e-04 2.788111853287e+04 3.730848191766e+03 4.020661995058e-04
16 47 2 0.86144954 1.93143713 8.60305457 5.06759092 1.32634993 1.095243712229e-03 6.276528470814e-04 2.909603332103e+04 3.886844500461e+03 1.074002183917e-04
16 48 2 0.86144954 1.93143713 8.60305457 5.06759092 1.32634993 1.850499818435e-03 1.741522433454e-03 3.158694614282e+04 4.177104194130e+03 1.583107893271e-04
16 49 2 0.86144954 1.93143713 8.60305457 5.06759092 1.32634993 2.279882496821e-03 2.612266939375e-03 3.447531995962e+04 4.055802526119e+03 8.658408910215e-04
16 50 2 0.86144954 1.93143713 8.60305457 5.06759092 1.32634993 2.589293737809e-03 2.113576245712e-03 3.655945380098e+04 4.239832327839e+03 8.459683666584e-04
16 51 2 0.86144954 1.93143713 8.60305457 5.06759092 1.32634993 2.445160282239e-03 5.243195916223e-04 3.867148420692e+04 4.446520218514e+03 6.220699342809e-04
16 52 2 0.86144954 1.93143713 8.60305457 5.06759092 1.32634993 2.285759803786e-03 1.655670813695e-06 4.151298957180e+04 4.633608951889e+03 9.273252364904e-05
16 53 2 0.86144954 1.93143713 8.60305457 5.06759092 1.32634993 3.389161075210e-03 1.387486004970e-03 4.411307517753e+04 4.569252880641e+03 2.751433073607e-04
16 54 2 0.86144954 1.93143713 8.60305457 5.06759092 1.32634993 4.349069273909e-03 2.966125625624e-03 4.530032049624e+04 4.954017681419e+03 6.705302125354e-04
16 55 2 0.86144954 1.93143713 8.60305457 5.06759092 1.32634993 3.493479493732e-03 4.199028555525e-03 4.632963067672e+04 5.128152695003e+03 1.203342303061e-03
16 56 2 0.86144954 1.93143713 8.60305457 5.06759092 1.32634993 1.955816682071e-03 3.373623296837e-03 4.817146498656e+04 5.115507218830e+03 7.279896884146e-04
16 57 2 0.86144954 1.93143713 8.60305457 5.06759092 1.32634993 7.172621186071e-04 5.754729388249e-04 4.837902986956e+04 5.348639287734e+03 1.362693338720e-04
16 58 2 0.86144954 1.93143713 8.60305457 5.06759092 1.32634993 5.183476173004e-04 4.138666164294e-05 4.733517510473e+04 5.823789116372e+03 1.293265063401e-04
16 59 2 0.86144954 1.93143713 8.60305457 5.06759092 1.32634993 2.063101214130e-03 2.288122999198e-03 4.789398750538e+04 5.578448525358e+03 9.730175540190e-04
16 60 2 0.86144954 1.93143713 8.60305457 5.06759092 1.32634993 3.310817170267e-03 3.817474600864e-03 4.776870908475e+04 5.928303646853e+03 1.274443784096e-03
16 61 2 0.86144954 1.93143713 8.60305457 5.06759092 1.32634993 2.679203677132e-03 4.549424398001e-03 4.613629526077e+04 6.288315235831e+03 8.615767862519e-04
16 62 2 0.86144954 1.93143713 8.60305457 5.06759092 1.32634993 1.618245098980e-03 2.914392519286e-03 4.556081052055e+04 6.390375693620e+03 2.710783876752e-04
16 63 2 0.86144954 1.93143713 8.60305457 5.06759092 1.32634993 1.598318862416e-03 1.845634403429e-04 4.610391474123e+04 6.431401856328e+03 2.219525337893e-04
17 0 2 0.63374390 1.01894759 2.02379608 1.57096884 0.82111974 6.895454931374e-03 1.206482463042e-02 3.425400938463e+02 1.271256573159e+02 5.022043046262e-03
17 1 2 0.63374390 1.01894759 2.02379608 1.57096884 0.82111974 6.095131349692e-03 1.242468971369e-02 3.079365265031e+02 1.165484073721e+02 4.883530200051e-03
17 2 2 0.63374390 1.01894759 2.02379608 1.57096884 0.82111974 2.717936510844e-03 1.091972782318e-02 2.672294905190e+02 9.919862042918e+01 3.974541416032e-03
17 3 2 0.63374390 1.01894759 2.02379608 1.57096884 0.82111974 1.454328014182e-03 9.684515100584e-03 2.493974723810e+02 9.380436437151e+01 3.456703929176e-03
17 4 2 0.63374390 1.01894759 2.02379608 1.57096884 0.82111974 1.992264212496e-03 8.974933624431e-03 2.106343989785e+02 7.760891063973e+01 3.263784086910e-03
17 5 2 0.63374390 1.01894759 2.02379608 1.57096884 0.82111974 1.187660865441e-03 7.074319008054e-03 1.867421270714e+02 6.794889720357e+01 2.589314739898e-03
17 6 2 0.63374390 1.01894759 2.02379608 1.57096884 0.82111974 3.931962831282e-04 5.311720827630e-03 1.643650999487e+02 6.046236620560e+01 2.165099504780e-03
17 7 2 0.63374390 1.01894759 2.02379608 1.57096884 0.82111974 2.137261769227e-03 4.216609504192e-03 1.378113436713e+02 4.908587682155e+01 2.004900659724e-03
17 8 2 0.63374390 1.01894759 2.02379608 1.57096884 0.82111974 4.242399283669e-03 2.805374472497e-03 1.280156095539e+02 4.517859469888e+01 1.581475004242e-03
17 9 2 0.63374390 1.01894759 2.02379608 1.57096884 0.82111974 3.781745284485e-03 1.615919119034e-03 1.099958274608e+02 3.807161595603e+01 1.310574755205e-03
17 10 2 0.63374390 1.01894759 2.02379608 1.57096884 0.82111974 2.376765431679e-03 1.000565898973e-03 9.833499446269e+01 3.405782347940e+01 1.245893258345e-03
17 11 2 0.63374390 1.01894759 2.02379608 1.57096884 0.82111974 2.584419972240e-03 4.716340141162e-04 9.241445961976e+01 3.227876545757e+01 1.042779896711e-03
17 12 2 0.63374390 1.01894759 2.02379608 1.57096884 0.82111974 3.361875869044e-03 1.755038382816e-04 8.409711682358e+01 2.828741192937e+01 9.280248368938e-04
17 13 2 0.63374390 1.01894759 2.02379608 1.57096884 0.82111974 2.783160141352e-03 2.175175527949e-04 8.450129579244e+01 2.837992020945e+01 9.882278276415e-04
17 14 2 0.63374390 1.01894759 2.02379608 1.57096884 0.82111974 1.335659155633e-03 3.537546272995e-04 8.364534661419e+01 2.804118381709e+01 9.469726553425e-04
17 15 2 0.63374390 1.01894759 2.02379608 1.57096884 0.82111974 4.366021162367e-04 7.907836832366e-04 8.505645172683e+01 2.819759558545e+01 9.476617968914e-04
17 16 2 0.63374390 1.01894759 2.02379608 1.57096884 0.82111974 4.996789750422e-04 1.503680171155e-03 9.328054225738e+01 3.168805582003e+01 1.129747546641e-03
17 17 2 0.63374390 1.01894759 2.02379608 1.57096884 0.82111974 1.090597173682e-03 2.156189204163e-03 9.585440020271e+01 3.182987986820e+01 1.184937074429e-03
17 18 2 0.63374390 1.01894759 2.02379608 1.57096884 0.82111974 1.717181452156e-03 3.225446581880e-03 1.048006125905e+02 3.560331433464e+01 1.238924776358e-03
17 19 2 0.63374390 1.01894759 2.02379608 1.57096884 0.82111974 2.240394460445e-03 4.680968347528e-03 1.135467410262e+02 3.930382481827e+01 1.515973600854e-03
17 20 2 0.63374390 1.01894759 2.02379608 1.57096884 0.82111974 2.475893621492e-03 5.786490429592e-03 1.170844228609e+02 4.019216743122e+01 1.610991782000e-03
17 21 2 0.63374390 1.01894759 2.02379608 1.57096884 0.82111974 2.219034923589e-03 7.381759484479e-03 1.309991627020e+02 4.630424556181e+01 1.656292791713e-03
17 22 2 0.63374390 1.01894759 2.02379608 1.57096884 0.82111974 1.896643651095e-03 9.652242118892e-03 1.351865361218e+02 4.730193919676e+01 1.988785186220e-03
17 23 2 0.63374390 1.01894759 2.02379608 1.57096884 0.82111974 1.817247241763e-03 1.125840235484e-02 1.420301736368e+02 5.047054860875e+01 2.083609715150e-03
17 24 2 0.63374390 1.01894759 2.02379608 1.57096884 0.82111974 1.553627518709e-03 1.332322575974e-02 1.524919212917e+02 5.603983735445e+01 2.073082811148e-03
17 25 2 0.63374390 1.01894759 2.02379608 1.57096884 0.82111974 1.006818448034e-03 1.644367106992e-02 1.510934271955e+02 5.437888945489e+01 2.418851585677e-03
17 26 2 0.63374390 1.01894759 2.02379608 1.57096884 0.82111974 4.330832664918e-04 1.849325951108e-02 1.635849881592e+02 5.983926862976e+01 2.490294080159e-03
17 27 2 0.63374390 1.01894759 2.02379608 1.57096884 0.82111974 1.738073041583e-04 2.053792212484e-02 1.655690032488e+02 6.000903429145e+01 2.397463579475e-03
17 28 2 0.63374390 1.01894759 2.02379608 1.57096884 0.82111974 1.204910706702e-03 2.377741230391e-02 1.671394004390e+02 5.959652408991e+01 2.718045397810e-03
17 29 2 0.63374390 1.01894759 2.02379608 1.57096884 0.82111974 3.042222058210e-03 2.541167552867e-02 1.763041718136e+02 6.388038248051e+01 2.755234012447e-03
17 30 2 0.63374390 1.01894759 2.02379608 1.57096884 0.82111974 2.949218388403e-03 2.608448061755e-02 1.685756781758e+02 6.049133354264e+01 2.573299439935e-03
17 31 2 0.63374390 1.01894759 2.02379608 1.57096884 0.82111974 1.088462192191e-03 2.784260698696e-02 1.753298431110e+02 6.387014446340e+01 2.837046950628e-03
17 32 2 0.63374390 1.01894759 2.02379608 1.57096884 0.82111974 1.111632840384e-03 2.787493216873e-02 1.792780541883e+02 6.562162972971e+01 2.835889089032e-03
17 33 2 0.63374390 1.01894759 2.02379608 1.57096884 0.82111974 2.982100502689e-03 2.622523498619e-02 1.774732928303e+02 6.430480659044e+01 2.573858481434e-03
17 34 2 0.63374390 1.01894759 2.02379608 1.57096884 0.82111974 3.054686435850e-03 2.567043276496e-02 1.862738546110e+02 6.906620512865e+01 2.757997521039e-03
17 35 2 0.63374390 1.01894759 2.02379608 1.57096884 0.82111974 1.216278405786e-03 2.409056766212e-02 1.757388005054e+02 6.472406380965e+01 2.717874951037e-03
17 36 2 0.63374390 1.01894759 2.02379608 1.57096884 0.82111974 1.830867346454e-04 2.091498140116e-02 1.751655377487e+02 6.517677328697e+01 2.397148692700e-03
17 37 2 0.63374390 1.01894759 2.02379608 1.57096884 0.82111974 4.403477525270e-04 1.895521498817e-02 1.728786964298e+02 6.407507961188e+01 2.491049676637e-03
17 38 2 0.63374390 1.01894759 2.02379608 1.57096884 0.82111974 1.041369935099e-03 1.692666614308e-02 1.606532844700e+02 5.834765970073e+01 2.415471270646e-03
17 39 2 0.63374390 1.01894759 2.02379608 1.57096884 0.82111974 1.612811746817e-03 1.380355451401e-02 1.617114209891e+02 5.889443438160e+01 2.067929829424e-03
17 40 2 0.63374390 1.01894759 2.02379608 1.57096884 0.82111974 1.888495288257e-03 1.175543118260e-02 1.490830984463e+02 5.257217665716e+01 2.078145409145e-03
17 41 2 0.63374390 1.01894759 2.02379608 1.57096884 0.82111974 1.996663288669e-03 1.012213329414e-02 1.398564598966e+02 4.978804186148e+01 1.979064004444e-03
17 42 2 0.63374390 1.01894759 2.02379608 1.57096884 0.82111974 2.333569625606e-03 7.790936472033e-03 1.338873179348e+02 4.796281138796e+01 1.645291419345e-03
17 43 2 0.63374390 1.01894759 2.02379608 1.57096884 0.82111974 2.582806457079e-03 6.151589629596e-03 1.191904817119e+02 4.136997302569e+01 1.600320811791e-03
17 44 2 0.63374390 1.01894759 2.02379608 1.57096884 0.82111974 2.363428339260e-03 4.992466228718e-03 1.150225385717e+02 4.056576393909e+01 1.503902513169e-03
17 45 2 0.63374390 1.01894759 2.02379608 1.57096884 0.82111974 1.841098684759e-03 3.465187622135e-03 1.049896577405e+02 3.599529496967e+01 1.229028603932e-03
17 46 2 0.63374390 1.01894759 2.02379608 1.57096884 0.82111974 1.156815541368e-03 2.339170280066e-03 9.584895512031e+01 3.293232448573e+01 1.179822740435e-03
17 47 2 0.63374390 1.01894759 2.02379608 1.57096884 0.82111974 5.211239752475e-04 1.644080935535e-03 9.386795328157e+01 3.257520175898e+01 1.130206175676e-03
17 48 2 0.63374390 1.01894759 2.02379608 1.57096884 0.82111974 4.738589735047e-04 8.830298009607e-04 8.626235280760e+01 2.896333062602e+01 9.556261669131e-04
17 49 2 0.63374390 1.01894759 2.02379608 1.57096884 0.82111974 1.428379609312e-03 4.061359885107e-04 8.720295413853e+01 2.981752892501e+01 9.679323673331e-04
17 50 2 0.63374390 1.01894759 2.02379608 1.57096884 0.82111974 2.958161672824e-03 2.493886793095e-04 8.936139877625e+01 3.060644859087e+01 1.025407648271e-03
17 51 2 0.63374390 1.01894759 2.02379608 1.57096884 0.82111974 3.587087003946e-03 1.862281511174e-04 8.969358839456e+01 3.064821882150e+01 9.769533229049e-04
17 52 2 0.63374390 1.01894759 2.02379608 1.57096884 0.82111974 2.778412973867e-03 4.776723865314e-04 1.007322980558e+02 3.546335124027e+01 1.114227632096e-03
17 53 2 0.63374390 1.01894759 2.02379608 1.57096884 0.82111974 2.556556997008e-03 1.026132130524e-03 1.078443958737e+02 3.694282435893e+01 1.345568269715e-03
17 54 2 0.63374390 1.01894759 2.02379608 1.57096884 0.82111974 4.043036107968e-03 1.659818484231e-03 1.205871170269e+02 4.288685820213e+01 1.421367742722e-03
17 55 2 0.63374390 1.01894759 2.02379608 1.57096884 0.82111974 4.538293658253e-03 2.907078025709e-03 1.395446017530e+02 5.137721554858e+01 1.721406849353e-03
17 56 2 0.63374390 1.01894759 2.02379608 1.57096884 0.82111974 2.296733287576e-03 4.392294083436e-03 1.519604881427e+02 5.591738274996e+01 2.182701111579e-03
17 57 2 0.63374390 1.01894759 2.02379608 1.57096884 0.82111974 4.241942288454e-04 5.519314923773e-03 1.839525806056e+02 6.958559116165e+01 2.345569716763e-03
17 58 2 0.63374390 1.01894759 2.02379608 1.57096884 0.82111974 1.273672259473e-03 7.359116358018e-03 2.070440679526e+02 7.745394312835e+01 2.798390563434e-03
17 59 2 0.63374390 1.01894759 2.02379608 1.57096884 0.82111974 2.136874828286e-03 9.334032581384e-03 2.313079095935e+02 8.815314453435e+01 3.514040952436e-03
17 60 2 0.63374390 1.01894759 2.02379608 1.57096884 0.82111974 1.556420075209e-03 1.001635921792e-02 2.720843135511e+02 1.050514259805e+02 3.692846047934e-03
17 61 2 0.63374390 1.01894759 2.02379608 1.57096884 0.82111974 2.931438176665e-03 1.127561659154e-02 2.896389711065e+02 1.089199081750e+02 4.229456725302e-03
17 62 2 0.63374390 1.01894759 2.02379608 1.57096884 0.82111974 6.551122787182e-03 1.281410364740e-02 3.350893295561e+02 1.289110891656e+02 5.173967471746e-03
17 63 2 0.63374390 1.01894759 2.02379608 1.57096884 0.82111974 7.360612711770e-03 1.236716237431e-02 3.677863692273e+02 1.388257128337e+02 5.275955054323e-03
19 0 2 1.54659937 1.34964271 1.31150512 1.41594158 1.06801183 6.708892362584e+01 3.810779828240e-04 6.041831681413e+01 5.276665323112e+00 5.043339856610e-07
19 1 2 1.54659937 1.34964271 1.31150512 1.41594158 1.06801183 6.520021862810e+01 7.763866464853e-04 5.992816187110e+01 5.180053476000e+00 4.881871498035e-07
19 2 2 1.54659937 1.34964271 1.31150512 1.41594158 1.06801183 6.329160939078e+01 1.873875920507e-03 5.903542481501e+01 4.896040758813e+00 4.723446208833e-07
19 3 2 1.54659937 1.34964271 1.31150512 1.41594158 1.06801183 6.091175196425e+01 1.609859846918e-03 5.830343249955e+01 4.528305717703e+00 4.568312797968e-07
19 4 2 1.54659937 1.34964271 1.31150512 1.41594158 1.06801183 5.999498400155e+01 4.970575311012e-04 5.689363211492e+01 4.179792023664e+00 4.416710275720e-07
19 5 2 1.54659937 1.34964271 1.31150512 1.41594158 1.06801183 5.783651469926e+01 5.845012526775e-04 5.521855767189e+01 4.117001258571e+00 4.268867303954e-07
19 6 2 1.54659937 1.34964271 1.31150512 1.41594158 1.06801183 5.613081214109e+01 1.630527071894e-03 5.378205838390e+01 4.042607657358e+00 4.125001682990e-07
19 7 2 1.54659937 1.34964271 1.31150512 1.41594158 1.06801183 5.378168827140e+01 1.642970292988e-03 5.198706530571e+01 3.939753999518e+00 3.985319876023e-07
19 8 2 1.54659937 1.34964271 1.31150512 1.41594158 1.06801183 5.185664753442e+01 6.119810783557e-04 5.025080873261e+01 4.024408168497e+00 3.850016571993e-07
19 9 2 1.54659937 1.34964271 1.31150512 1.41594158 1.06801183 4.928838960212e+01 4.406114600290e-04 4.888093437318e+01 3.677231598906e+00 3.719274287683e-07
19 10 2 1.54659937 1.34964271 1.31150512 1.41594158 1.06801183 4.766128246131e+01 1.368848405368e-03 4.732804938292e+01 3.224207375755e+00 3.593263009744e-07
19 11 2 1.54659937 1.34964271 1.31150512 1.41594158 1.06801183 4.528089656352e+01 1.610464046405e-03 4.585273308746e+01 3.112413544758e+00 3.472139877245e-07
19 12 2 1.54659937 1.34964271 1.31150512 1.41594158 1.06801183 4.417444986325e+01 7.213487610478e-04 4.514625250550e+01 3.246158302604e+00 3.356048905279e-07
19 13 2 1.54659937 1.34964271 1.31150512 1.41594158 1.06801183 4.191393929867e+01 3.521693395007e-04 4.430886407714e+01 3.201699595485e+00 3.245120750013e-07
19 14 2 1.54659937 1.34964271 1.31150512 1.41594158 1.06801183 4.157532548959e+01 1.127120243218e-03 4.336110688583e+01 2.944511129306e+00 3.139472515534e-07
19 15 2 1.54659937 1.34964271 1.31150512 1.41594158 1.06801183 3.994361896057e+01 1.546062028701e-03 4.270064786283e+01 2.813519546593e+00 3.039207602699e-07
19 16 2 1.54659937 1.34964271 1.31150512 1.41594158 1.06801183 3.916757570930e+01 8.287475062443e-04 4.137905112364e+01 2.698812077088e+00 2.944415600116e-07
19 17 2 1.54659937 1.34964271 1.31150512 1.41594158 1.06801183 3.794970099120e+01 3.145666910017e-04 3.993291660411e+01 2.540625436692e+00 2.855172217318e-07
19 18 2 1.54659937 1.34964271 1.31150512 1.41594158 1.06801183 3.664084453787e+01 9.179952324122e-04 3.879898215292e+01 2.476815213943e+00 2.771539260035e-07
19 19 2 1.54659937 1.34964271 1.31150512 1.41594158 1.06801183 3.502264235247e+01 1.468332389211e-03 3.766899011815e+01 2.377056677075e+00 2.693564647445e-07
19 20 2 1.54659937 1.34964271 1.31150512 1.41594158 1.06801183 3.429982936704e+01 9.372403089474e-04 3.708794085292e+01 2.362416195803e+00 2.621282471124e-07
19 21 2 1.54659937 1.34964271 1.31150512 1.41594158 1.06801183 3.277887819574e+01 3.202919561806e-04 3.663525846741e+01 2.256385574902e+00 2.554713095374e-07
19 22 2 1.54659937 1.34964271 1.31150512 1.41594158 1.06801183 3.236750704148e+01 7.401057073353e-04 3.584045688986e+01 2.125202942939e+00 2.493863298484e-07
19 23 2 1.54659937 1.34964271 1.31150512 1.41594158 1.06801183 3.122639089352e+01 1.381138361190e-03 3.527625314025e+01 2.080394836297e+00 2.438726454399e-07
19 24 2 1.54659937 1.34964271 1.31150512 1.41594158 1.06801183 3.075655094535e+01 1.045044556431e-03 3.497517570435e+01 2.008951413764e+00 2.389282754180e-07
19 25 2 1.54659937 1.34964271 1.31150512 1.41594158 1.06801183 2.966390156794e+01 3.630093803152e-04 3.465596489654e+01 1.970155561147e+00 2.345499466541e-07
19 26 2 1.54659937 1.34964271 1.31150512 1.41594158 1.06801183 2.917571213415e+01 5.903903338968e-04 3.445253240621e+01 1.901365903975e+00 2.307331236690e-07
19 27 2 1.54659937 1.34964271 1.31150512 1.41594158 1.06801183 2.825903380220e+01 1.283261132093e-03 3.426064585260e+01 1.812435947904e+00 2.274720422561e-07
19 28 2 1.54659937 1.34964271 1.31150512 1.41594158 1.06801183 2.779785815246e+01 1.147562829946e-03 3.375366555062e+01 1.814790993466e+00 2.247597467509e-07
19 29 2 1.54659937 1.34964271 1.31150512 1.41594158 1.06801183 2.701166950231e+01 4.379191087840e-04 3.328085085515e+01 1.872513634625e+00 2.225881308397e-07
19 30 2 1.54659937 1.34964271 1.31150512 1.41594158 1.06801183 2.738056477692e+01 4.685425252049e-04 3.276081361890e+01 1.861297847463e+00 2.209479817958e-07
19 31 2 1.54659937 1.34964271 1.31150512 1.41594158 1.06801183 2.709077118043e+01 1.174716977112e-03 3.245270114957e+01 1.633985961945e+00 2.198290280246e-07
19 32 2 1.54659937 1.34964271 1.31150512 1.41594158 1.06801183 2.835142466994e+01 1.240443619005e-03 3.327290382739e+01 1.581030177396e+00 2.192199897869e-07
19 33 2 1.54659937 1.34964271 1.31150512 1.41594158 1.06801183 2.910619977759e+01 5.410979268205e-04 3.415395225737e+01 1.767072455380e+00 2.191086329690e-07
19 34 2 1.54659937 1.34964271 1.31150512 1.41594158 1.06801183 3.019022670138e+01 3.760487016042e-04 3.445347802640e+01 1.777811306342e+00 2.194818257558e-07
19 35 2 1.54659937 1.34964271 1.31150512 1.41594158 1.06801183 3.119871310079e+01 1.057239593105e-03 3.475145272397e+01 1.696719291419e+00 2.203255980593e-07
19 36 2 1.54659937 1.34964271 1.31150512 1.41594158 1.06801183 3.202558987692e+01 1.320123391287e-03 3.484847589104e+01 1.648431658231e+00 2.216252035489e-07
19 37 2 1.54659937 1.34964271 1.31150512 1.41594158 1.06801183 3.259656512750e+01 6.687721218666e-04 3.499751156710e+01 1.686721866738e+00 2.233651841215e-07
19 38 2 1.54659937 1.34964271 1.31150512 1.41594158 1.06801183 3.343888933917e+01 3.149055251956e-04 3.546513166826e+01 1.721027160774e+00 2.255294366471e-07
19 39 2 1.54659937 1.34964271 1.31150512 1.41594158 1.06801183 3.398298841405e+01 9.337043202200e-04 3.601135203337e+01 1.721109875992e+00 2.281012818173e-07
19 40 2 1.54659937 1.34964271 1.31150512 1.41594158 1.06801183 3.480199562566e+01 1.383967272711e-03 3.674038851721e+01 1.758867385019e+00 2.310635349214e-07
19 41 2 1.54659937 1.34964271 1.31150512 1.41594158 1.06801183 3.547078115964e+01 8.173939107901e-04 3.769884712583e+01 1.776240802552e+00 2.343985783691e-07
19 42 2 1.54659937 1.34964271 1.31150512 1.41594158 1.06801183 3.651663894051e+01 2.875351951266e-04 3.843170540552e+01 1.861790810524e+00 2.380884357747e-07
19 43 2 1.54659937 1.34964271 1.31150512 1.41594158 1.06801183 3.762294144424e+01 8.086667492880e-04 3.922900162732e+01 1.940558563750e+00 2.421148474147e-07
19 44 2 1.54659937 1.34964271 1.31150512 1.41594158 1.06801183 3.848888496530e+01 1.431850873275e-03 4.064508029768e+01 1.916794690196e+00 2.464593468663e-07
19 45 2 1.54659937 1.34964271 1.31150512 1.41594158 1.06801183 3.982642760957e+01 9.853538256364e-04 4.194580002522e+01 1.972594319305e+00 2.511033386320e-07
19 46 2 1.54659937 1.34964271 1.31150512 1.41594158 1.06801183 4.051044010079e+01 2.971598617845e-04 4.309636210577e+01 2.000339882457e+00 2.560281765530e-07
19 47 2 1.54659937 1.34964271 1.31150512 1.41594158 1.06801183 4.121638259058e+01 6.873072640234e-04 4.420746810269e+01 2.112195496818e+00 2.612152428104e-07
19 48 2 1.54659937 1.34964271 1.31150512 1.41594158 1.06801183 4.259768105461e+01 1.465466783037e-03 4.470400757628e+01 2.194284564999e+00 2.666460273150e-07
19 49 2 1.54659937 1.34964271 1.31150512 1.41594158 1.06801183 4.365211894366e+01 1.173854315386e-03 4.555922003548e+01 2.272186152369e+00 2.723022072802e-07
19 50 2 1.54659937 1.34964271 1.31150512 1.41594158 1.06801183 4.532192738341e+01 3.482032419212e-04 4.683099110428e+01 2.483391712720e+00 2.781657267756e-07
19 51 2 1.54659937 1.34964271 1.31150512 1.41594158 1.06801183 4.754944131100e+01 5.719054040596e-04 4.795603068321e+01 2.526797647436e+00 2.842188760581e-07
19 52 2 1.54659937 1.34964271 1.31150512 1.41594158 1.06801183 4.892355498755e+01 1.481285631556e-03 4.979383335657e+01 2.379710964310e+00 2.904443704731e-07
19 53 2 1.54659937 1.34964271 1.31150512 1.41594158 1.06801183 5.134933389968e+01 1.381518426225e-03 5.172443233767e+01 2.434679808929e+00 2.968254287248e-07
19 54 2 1.54659937 1.34964271 1.31150512 1.41594158 1.06801183 5.268465173418e+01 4.454358893080e-04 5.313186017160e+01 2.815405806069e+00 3.033458503114e-07
19 55 2 1.54659937 1.34964271 1.31150512 1.41594158 1.06801183 5.505635120631e+01 4.605432424262e-04 5.471760481884e+01 3.138473547640e+00 3.099900919220e-07
19 56 2 1.54659937 1.34964271 1.31150512 1.41594158 1.06801183 5.612273611830e+01 1.462278680016e-03 5.634431763031e+01 3.051949549472e+00 3.167433425970e-07
19 57 2 1.54659937 1.34964271 1.31150512 1.41594158 1.06801183 5.820110589326e+01 1.592300277217e-03 5.748429155848e+01 3.113085449338e+00 3.235915974520e-07
19 58 2 1.54659937 1.34964271 1.31150512 1.41594158 1.06801183 5.935015765912e+01 5.889987137816e-04 5.869542009201e+01 3.168264930375e+00 3.305217297703e-07
19 59 2 1.54659937 1.34964271 1.31150512 1.41594158 1.06801183 6.144524754987e+01 3.520535881556e-04 5.998379515040e+01 3.199400194305e+00 3.375215612707e-07
19 60 2 1.54659937 1.34964271 1.31150512 1.41594158 1.06801183 6.296430784611e+01 1.381213281819e-03 6.070114322363e+01 3.485709984984e+00 3.445799303604e-07
19 61 2 1.54659937 1.34964271 1.31150512 1.41594158 1.06801183 6.667986105855e+01 1.767848159276e-03 6.190630804275e+01 3.793976757224e+00 3.516867581891e-07
19 62 2 1.54659937 1.34964271 1.31150512 1.41594158 1.06801183 6.808015772757e+01 7.655617543790e-04 6.345758319700e+01 4.030607027342e+00 3.588331123197e-07
19 63 2 1.54659937 1.34964271 1.31150512 1.41594158 1.06801183 7.231323954734e+01 2.528699643713e-04 6.542331310580e+01 4.106890460012e+00 3.660112678403e-07
20 0 2 0.90384071 2.02946794 21.84761964 6.85535457 1.34666513 2.860468201750e-03 5.697507221033e-01 5.423728350602e+05 2.231799811161e+04 2.627784587431e-02
20 1 2 0.90384071 2.02946794 21.84761964 6.85535457 1.34666513 1.887400668378e-03 5.678681224801e-01 5.291020557744e+05 2.160215373875e+04 3.089052440514e-02
20 2 2 0.90384071 2.02946794 21.84761964 6.85535457 1.34666513 2.747617366833e-03 5.199160349836e-01 5.171218098656e+05 2.028066022754e+04 3.798651817473e-02
20 3 2 0.90384071 2.02946794 21.84761964 6.85535457 1.34666513 3.073532257905e-03 4.265092463955e-01 4.995886189133e+05 2.021092226161e+04 4.793147983587e-02
20 4 2 0.90384071 2.02946794 21.84761964 6.85535457 1.34666513 1.799230170920e-03 3.914542112271e-01 4.860876714888e+05 1.947838743118e+04 7.632155236448e-02
20 5 2 0.90384071 2.02946794 21.84761964 6.85535457 1.34666513 8.028159003751e-04 3.713406378039e-01 4.759449830699e+05 1.859101120485e+04 1.044836278343e-01
20 6 2 0.90384071 2.02946794 21.84761964 6.85535457 1.34666513 1.377360005255e-03 3.471564377806e-01 4.611056745246e+05 1.819372856116e+04 1.283264758702e-01
20 7 2 0.90384071 2.02946794 21.84761964 6.85535457 1.34666513 2.567651261405e-03 2.661202672537e-01 4.472325849498e+05 1.773480934064e+04 1.326376247014e-01
20 8 2 0.90384071 2.02946794 21.84761964 6.85535457 1.34666513 3.571179117423e-03 1.672559249598e-01 4.371192716861e+05 1.676756916669e+04 1.366069498220e-01
20 9 2 0.90384071 2.02946794 21.84761964 6.85535457 1.34666513 4.129599878543e-03 9.398552630963e-02 4.263158572024e+05 1.652207294247e+04 1.450877570954e-01
20 10 2 0.90384071 2.02946794 21.84761964 6.85535457 1.34666513 3.754976037003e-03 7.005408451176e-02 4.130451889048e+05 1.611862534605e+04 1.575153444034e-01
20 11 2 0.90384071 2.02946794 21.84761964 6.85535457 1.34666513 3.083369717348e-03 7.076386624725e-02 4.025906740768e+05 1.544962297680e+04 1.599419371917e-01
20 12 2 0.90384071 2.02946794 21.84761964 6.85535457 1.34666513 3.290771312790e-03 7.578997417408e-02 3.944786605378e+05 1.487571574373e+04 1.417557661052e-01
20 13 2 0.90384071 2.02946794 21.84761964 6.85535457 1.34666513 3.603072492111e-03 8.015498061020e-02 3.834454144444e+05 1.493487276269e+04 1.184424646201e-01
20 14 2 0.90384071 2.02946794 21.84761964 6.85535457 1.34666513 2.759093772628e-03 1.082147178700e-01 3.740647792304e+05 1.402234822106e+04 9.519480243717e-02
20 15 2 0.90384071 2.02946794 21.84761964 6.85535457 1.34666513 1.579457351712e-03 1.585053292196e-01 3.675398466331e+05 1.368998330174e+04 8.547185766453e-02
20 16 2 0.90384071 2.02946794 21.84761964 6.85535457 1.34666513 1.139342942717e-03 2.172183934479e-01 3.570977720969e+05 1.356094995942e+04 7.146043879412e-02
20 17 2 0.90384071 2.02946794 21.84761964 6.85535457 1.34666513 1.006738902942e-03 2.648220657090e-01 3.485022083315e+05 1.294365606645e+04 5.568213670243e-02
20 18 2 0.90384071 2.02946794 21.84761964 6.85535457 1.34666513 8.723077179760e-04 3.016100507446e-01 3.441914945414e+05 1.256753172498e+04 3.333580115721e-02
20 19 2 0.90384071 2.02946794 21.84761964 6.85535457 1.34666513 1.000075410798e-03 3.421233352648e-01 3.365408931171e+05 1.264106071983e+04 2.120284610898e-02
20 20 2 0.90384071 2.02946794 21.84761964 6.85535457 1.34666513 1.159890423983e-03 3.736276148636e-01 3.287033341472e+05 1.203816153714e+04 1.700935781545e-02
20 21 2 0.90384071 2.02946794 21.84761964 6.85535457 1.34666513 1.359849198830e-03 3.866053174827e-01 3.245596377210e+05 1.189452787518e+04 1.988673302243e-02
20 22 2 0.90384071 2.02946794 21.84761964 6.85535457 1.34666513 2.096800760383e-03 3.617222350512e-01 3.195179794598e+05 1.182089263651e+04 1.948184669001e-02
20 23 2 0.90384071 2.02946794 21.84761964 6.85535457 1.34666513 2.911310723589e-03 3.255082657421e-01 3.135834932744e+05 1.152472367368e+04 2.250186807620e-02
20 24 2 0.90384071 2.02946794 21.84761964 6.85535457 1.34666513 2.931520200539e-03 2.959476500465e-01 3.095627718098e+05 1.124236338713e+04 3.035923460364e-02
20 25 2 0.90384071 2.02946794 21.84761964 6.85535457 1.34666513 2.449899033809e-03 2.807176978997e-01 3.067419956534e+05 1.130280316080e+04 4.881880711856e-02
20 26 2 0.90384071 2.02946794 21.84761964 6.85535457 1.34666513 2.050320300373e-03 2.554619977682e-01 3.031378847994e+05 1.112352999690e+04 6.384578082318e-02
20 27 2 0.90384071 2.02946794 21.84761964 6.85535457 1.34666513 1.710890035988e-03 2.005298499788e-01 3.003770779261e+05 1.082943669728e+04 7.532228750005e-02
20 28 2 0.90384071 2.02946794 21.84761964 6.85535457 1.34666513 1.603844539108e-03 1.345768013605e-01 3.002230889555e+05 1.097650868072e+04 7.817811462380e-02
20 29 2 0.90384071 2.02946794 21.84761964 6.85535457 1.34666513 1.715571201834e-03 8.338279729736e-02 2.979020430248e+05 1.089095230259e+04 8.688552700887e-02
20 30 2 0.90384071 2.02946794 21.84761964 6.85535457 1.34666513 1.278809131954e-03 7.083992190404e-02 2.955627250703e+05 1.056950998836e+04 9.858347956049e-02
20 31 2 0.90384071 2.02946794 21.84761964 6.85535457 1.34666513 4.253044353677e-04 7.661517022290e-02 2.973150583720e+05 1.077475928340e+04 1.102355933431e-01
20 32 2 0.90384071 2.02946794 21.84761964 6.85535457 1.34666513 4.300359842382e-04 7.720989119116e-02 2.983671609433e+05 1.091411492632e+04 1.102110622977e-01
20 33 2 0.90384071 2.02946794 21.84761964 6.85535457 1.34666513 1.270683937151e-03 7.076716066152e-02 2.974855827699e+05 1.071995731965e+04 9.853437405712e-02
20 34 2 0.90384071 2.02946794 21.84761964 6.85535457 1.34666513 1.701082299377e-03 8.120779401080e-02 3.007436690688e+05 1.113881500902e+04 8.662382414739e-02
20 35 2 0.90384071 2.02946794 21.84761964 6.85535457 1.34666513 1.646275289788e-03 1.299270148421e-01 3.034901851607e+05 1.113862948862e+04 7.777100273790e-02
20 36 2 0.90384071 2.02946794 21.84761964 6.85535457 1.34666513 1.806904758613e-03 1.969054990474e-01 3.046256739631e+05 1.109251347254e+04 7.480729640655e-02
20 37 2 0.90384071 2.02946794 21.84761964 6.85535457 1.34666513 2.121964673251e-03 2.550829694068e-01 3.082483879820e+05 1.136046754196e+04 6.328366127037e-02
20 38 2 0.90384071 2.02946794 21.84761964 6.85535457 1.34666513 2.485430026602e-03 2.841981042879e-01 3.131186762500e+05 1.163747533143e+04 4.819177174719e-02
20 39 2 0.90384071 2.02946794 21.84761964 6.85535457 1.34666513 2.989295256141e-03 3.007964404357e-01 3.167168807812e+05 1.154513593949e+04 2.975985852822e-02
20 40 2 0.90384071 2.02946794 21.84761964 6.85535457 1.34666513 3.012146909884e-03 3.312072825115e-01 3.215393552864e+05 1.194238151602e+04 2.222997305368e-02
20 41 2 0.90384071 2.02946794 21.84761964 6.85535457 1.34666513 2.222681598446e-03 3.685641508838e-01 3.281890111564e+05 1.223706699457e+04 1.975943228563e-02
20 42 2 0.90384071 2.02946794 21.84761964 6.85535457 1.34666513 1.480958508065e-03 3.965641425236e-01 3.338208878111e+05 1.238287578929e+04 2.084636265984e-02
20 43 2 0.90384071 2.02946794 21.84761964 6.85535457 1.34666513 1.225245094866e-03 3.860071289801e-01 3.382657746596e+05 1.255917015683e+04 1.861882339205e-02
20 44 2 0.90384071 2.02946794 21.84761964 6.85535457 1.34666513 1.011485833427e-03 3.557472986545e-01 3.468785681338e+05 1.330623868571e+04 2.397374629738e-02
20 45 2 0.90384071 2.02946794 21.84761964 6.85535457 1.34666513 9.121936125240e-04 3.146689997144e-01 3.553955515864e+05 1.325127251715e+04 3.767793796615e-02
20 46 2 0.90384071 2.02946794 21.84761964 6.85535457 1.34666513 1.097195361941e-03 2.769659801558e-01 3.606134014321e+05 1.374190976212e+04 6.218291902372e-02
20 47 2 0.90384071 2.02946794 21.84761964 6.85535457 1.34666513 1.226426295115e-03 2.278546459347e-01 3.700961592731e+05 1.442194924871e+04 7.943397411332e-02
20 48 2 0.90384071 2.02946794 21.84761964 6.85535457 1.34666513 1.687401141744e-03 1.662418985904e-01 3.814368933012e+05 1.458782199843e+04 9.469242265164e-02
20 49 2 0.90384071 2.02946794 21.84761964 6.85535457 1.34666513 2.939124408407e-03 1.123464218212e-01 3.883713253881e+05 1.495805674202e+04 1.049273072584e-01
20 50 2 0.90384071 2.02946794 21.84761964 6.85535457 1.34666513 3.798288073304e-03 8.115757422712e-02 3.983380693721e+05 1.583346530695e+04 1.294714814922e-01
20 51 2 0.90384071 2.02946794 21.84761964 6.85535457 1.34666513 3.472229202958e-03 7.604311007621e-02 4.103531612938e+05 1.584806542318e+04 1.537828236410e-01
20 52 2 0.90384071 2.02946794 21.84761964 6.85535457 1.34666513 3.340204398738e-03 7.091789820626e-02 4.199079983914e+05 1.647756493710e+04 1.727383495958e-01
20 53 2 0.90384071 2.02946794 21.84761964 6.85535457 1.34666513 4.098756502280e-03 6.964893184645e-02 4.314788978334e+05 1.724091347998e+04 1.694056286028e-01
20 54 2 0.90384071 2.02946794 21.84761964 6.85535457 1.34666513 4.454270678924e-03 9.193998385613e-02 4.454586275220e+05 1.761859131085e+04 1.553282927207e-01
20 55 2 0.90384071 2.02946794 21.84761964 6.85535457 1.34666513 3.823857177112e-03 1.660726184921e-01 4.567693695424e+05 1.805349677198e+04 1.450727592534e-01
20 56 2 0.90384071 2.02946794 21.84761964 6.85535457 1.34666513 2.731400235085e-03 2.694310511844e-01 4.674057659560e+05 1.907255652936e+04 1.397884521127e-01
20 57 2 0.90384071 2.02946794 21.84761964 6.85535457 1.34666513 1.437549360807e-03 3.575797521239e-01 4.822399978488e+05 1.964808017451e+04 1.342800189905e-01
20 58 2 0.90384071 2.02946794 21.84761964 6.85535457 1.34666513 8.744283163306e-04 3.852581647091e-01 4.978443092457e+05 1.991259002065e+04 1.085951333911e-01
20 59 2 0.90384071 2.02946794 21.84761964 6.85535457 1.34666513 2.010083519676e-03 4.056353682124e-01 5.082827218662e+05 2.102216317015e+04 7.858967234138e-02
20 60 2 0.90384071 2.02946794 21.84761964 6.85535457 1.34666513 3.316005619469e-03 4.377023382979e-01 5.217638596451e+05 2.175238114257e+04 4.882618577624e-02
20 61 2 0.90384071 2.02946794 21.84761964 6.85535457 1.34666513 2.861824070227e-03 5.334984376231e-01 5.403058678818e+05 2.200456437819e+04 3.879114261100e-02
20 62 2 0.90384071 2.02946794 21.84761964 6.85535457 1.34666513 1.965723777088e-03 5.860331841972e-01 5.520320415944e+05 2.332875776844e+04 3.215921707849e-02
20 63 2 0.90384071 2.02946794 21.84761964 6.85535457 1.34666513 3.126472603652e-03 5.946461459749e-01 5.652986268139e+05 2.418227164848e+04 2.835703013286e-02
22 0 2 0.79093919 1.42506008 5.00473039 2.90016429 1.04540933 2.432926005102e-03 9.983020092755e-02 7.737207584034e+03 9.802449450763e+02 1.683777513189e-02
22 1 2 0.79093919 1.42506008 5.00473039 2.90016429 1.04540933 2.777859234434e-03 9.637563767773e-02 7.772565689601e+03 1.035160097318e+03 1.482934034095e-02
22 2 2 0.79093919 1.42506008 5.00473039 2.90016429 1.04540933 4.439950935731e-03 9.133442489304e-02 7.301051638004e+03 9.580007007705e+02 1.281104759263e-02
22 3 2 0.79093919 1.42506008 5.00473039 2.90016429 1.04540933 4.305050213282e-03 8.582939566177e-02 6.656087941151e+03 8.204673185218e+02 1.110155944911e-02
22 4 2 0.79093919 1.42506008 5.00473039 2.90016429 1.04540933 3.738573688308e-03 8.129808649090e-02 6.372612071642e+03 7.603191886534e+02 1.018966390940e-02
22 5 2 0.79093919 1.42506008 5.00473039 2.90016429 1.04540933 4.686450985018e-03 7.849265181960e-02 6.480386841467e+03 8.123531709106e+02 1.036477265511e-02
22 6 2 0.79093919 1.42506008 5.00473039 2.90016429 1.04540933 5.616636526893e-03 7.671952930750e-02 6.519131112684e+03 8.526643839141e+02 1.134481131320e-02
22 7 2 0.79093919 1.42506008 5.00473039 2.90016429 1.04540933 6.669896511191e-03 7.434546130194e-02 6.166993575065e+03 7.979741919478e+02 1.243781247158e-02
22 8 2 0.79093919 1.42506008 5.00473039 2.90016429 1.04540933 8.734015996718e-03 7.006355741795e-02 5.648770364804e+03 6.867512980518e+02 1.307917931034e-02
22 9 2 0.79093919 1.42506008 5.00473039 2.90016429 1.04540933 8.683771650231e-03 6.357844192224e-02 5.388795327424e+03 6.422796906809e+02 1.312234652284e-02
22 10 2 0.79093919 1.42506008 5.00473039 2.90016429 1.04540933 4.974128725919e-03 5.526620919511e-02 5.464577642774e+03 6.841826367992e+02 1.264510721029e-02
22 11 2 0.79093919 1.42506008 5.00473039 2.90016429 1.04540933 1.796032848769e-03 4.563981826912e-02 5.514664385498e+03 7.255842034868e+02 1.167745736387e-02
22 12 2 0.79093919 1.42506008 5.00473039 2.90016429 1.04540933 1.854655723103e-03 3.540073200946e-02 5.238043722165e+03 6.819980446298e+02 1.026404722131e-02
22 13 2 0.79093919 1.42506008 5.00473039 2.90016429 1.04540933 3.006289680009e-03 2.575598133128e-02 4.797170364379e+03 5.906392448503e+02 8.703637536264e-03
22 14 2 0.79093919 1.42506008 5.00473039 2.90016429 1.04540933 3.315445369388e-03 1.819705154844e-02 4.578930126182e+03 5.450878694393e+02 7.515408834784e-03
22 15 2 0.79093919 1.42506008 5.00473039 2.90016429 1.04540933 2.602813547678e-03 1.371214201600e-02 4.666622411912e+03 5.799079438326e+02 7.070323799922e-03
22 16 2 0.79093919 1.42506008 5.00473039 2.90016429 1.04540933 1.168076502237e-03 1.225644858721e-02 4.754660377132e+03 6.196357947804e+02 7.313390466096e-03
22 17 2 0.79093919 1.42506008 5.00473039 2.90016429 1.04540933 5.582747845271e-04 1.302608333320e-02 4.563114893110e+03 5.887560215136e+02 7.897811777511e-03
22 18 2 0.79093919 1.42506008 5.00473039 2.90016429 1.04540933 1.854849703188e-03 1.511004112101e-02 4.212012377389e+03 5.128574399807e+02 8.522232318971e-03
22 19 2 0.79093919 1.42506008 5.00473039 2.90016429 1.04540933 3.378368560343e-03 1.778477132874e-02 4.015569447930e+03 4.740242974766e+02 9.050424979551e-03
22 20 2 0.79093919 1.42506008 5.00473039 2.90016429 1.04540933 3.634430920416e-03 2.039532696138e-02 4.109603449351e+03 5.022355363484e+02 9.356429531694e-03
22 21 2 0.79093919 1.42506008 5.00473039 2.90016429 1.04540933 3.595777807102e-03 2.237345144073e-02 4.211123702686e+03 5.441138847015e+02 9.228849133827e-03
22 22 2 0.79093919 1.42506008 5.00473039 2.90016429 1.04540933 3.889276940343e-03 2.361924551090e-02 4.087302818452e+03 5.216097154671e+02 8.542350026504e-03
22 23 2 0.79093919 1.42506008 5.00473039 2.90016429 1.04540933 3.756585987672e-03 2.476195119244e-02 3.783359384792e+03 4.639605821617e+02 7.474829293394e-03
22 24 2 0.79093919 1.42506008 5.00473039 2.90016429 1.04540933 3.274985511594e-03 2.680841012486e-02 3.621781771082e+03 4.291523157536e+02 6.442696892845e-03
22 25 2 0.79093919 1.42506008 5.00473039 2.90016429 1.04540933 3.067041884908e-03 3.043597808945e-02 3.715871614452e+03 4.630874549882e+02 5.791171225489e-03
22 26 2 0.79093919 1.42506008 5.00473039 2.90016429 1.04540933 2.843733839186e-03 3.564382060019e-02 3.862339799000e+03 5.011022190681e+02 5.594806554166e-03
22 27 2 0.79093919 1.42506008 5.00473039 2.90016429 1.04540933 2.463386112870e-03 4.200003937799e-02 3.796180994776e+03 4.891790263381e+02 5.759820530754e-03
22 28 2 0.79093919 1.42506008 5.00473039 2.90016429 1.04540933 2.439125249321e-03 4.897786017850e-02 3.575055337463e+03 4.347434369761e+02 6.218433500343e-03
22 29 2 0.79093919 1.42506008 5.00473039 2.90016429 1.04540933 2.452883716406e-03 5.588890477035e-02 3.428900139478e+03 3.956518090142e+02 6.925697001425e-03
22 30 2 0.79093919 1.42506008 5.00473039 2.90016429 1.04540933 1.654653238154e-03 6.164170840073e-02 3.532453557715e+03 4.276108257106e+02 7.700365828312e-03
22 31 2 0.79093919 1.42506008 5.00473039 2.90016429 1.04540933 5.742452718633e-04 6.492926608601e-02 3.696412508660e+03 4.688679354766e+02 8.206322384668e-03
22 32 2 0.79093919 1.42506008 5.00473039 2.90016429 1.04540933 6.042670428599e-04 6.491292368952e-02 3.742863124540e+03 4.799101716853e+02 8.183528559291e-03
22 33 2 0.79093919 1.42506008 5.00473039 2.90016429 1.04540933 1.698167888834e-03 6.174241827850e-02 3.603701585763e+03 4.428200777607e+02 7.673419412050e-03
22 34 2 0.79093919 1.42506008 5.00473039 2.90016429 1.04540933 2.456013970157e-03 5.635351965699e-02 3.515056301621e+03 4.166419722308e+02 6.961125285295e-03
22 35 2 0.79093919 1.42506008 5.00473039 2.90016429 1.04540933 2.434259523198e-03 4.981631835547e-02 3.664231805387e+03 4.593617494674e+02 6.316025176147e-03
22 36 2 0.79093919 1.42506008 5.00473039 2.90016429 1.04540933 2.509683802765e-03 4.296823895447e-02 3.893089526299e+03 5.079076356768e+02 5.857078488820e-03
22 37 2 0.79093919 1.42506008 5.00473039 2.90016429 1.04540933 2.946773988171e-03 3.655970224685e-02 3.969769378044e+03 5.233591149036e+02 5.662987644845e-03
22 38 2 0.79093919 1.42506008 5.00473039 2.90016429 1.04540933 3.201053353150e-03 3.139464608817e-02 3.821445752936e+03 4.730738748871e+02 5.886904053514e-03
22 39 2 0.79093919 1.42506008 5.00473039 2.90016429 1.04540933 3.419732311378e-03 2.800648636778e-02 3.759004570422e+03 4.434611235105e+02 6.637819501863e-03
22 40 2 0.79093919 1.42506008 5.00473039 2.90016429 1.04540933 3.889521795971e-03 2.617862268331e-02 3.941353986858e+03 4.829293313197e+02 7.758292685555e-03
22 41 2 0.79093919 1.42506008 5.00473039 2.90016429 1.04540933 4.009530322313e-03 2.499106831946e-02 4.251999547718e+03 5.493070728419e+02 8.831837151702e-03
22 42 2 0.79093919 1.42506008 5.00473039 2.90016429 1.04540933 3.763009452608e-03 2.348482325400e-02 4.371466676045e+03 5.757104585261e+02 9.478460138028e-03
22 43 2 0.79093919 1.42506008 5.00473039 2.90016429 1.04540933 3.886249460188e-03 2.127240300004e-02 4.261848765229e+03 5.304499800369e+02 9.609154464370e-03
22 44 2 0.79093919 1.42506008 5.00473039 2.90016429 1.04540933 3.615964734187e-03 1.853844922007e-02 4.186120305575e+03 5.053173130542e+02 9.359331784526e-03
22 45 2 0.79093919 1.42506008 5.00473039 2.90016429 1.04540933 1.955741485411e-03 1.569295468054e-02 4.403276862903e+03 5.487937308728e+02 8.853982511716e-03
22 46 2 0.79093919 1.42506008 5.00473039 2.90016429 1.04540933 5.761164166849e-04 1.329455225770e-02 4.780159523185e+03 6.314204778248e+02 8.165466514116e-03
22 47 2 0.79093919 1.42506008 5.00473039 2.90016429 1.04540933 1.253715909253e-03 1.226622450172e-02 4.982513563682e+03 6.668493211591e+02 7.503099989986e-03
22 48 2 0.79093919 1.42506008 5.00473039 2.90016429 1.04540933 2.798209034169e-03 1.379875316486e-02 4.906397372296e+03 6.179436298480e+02 7.282066852700e-03
22 49 2 0.79093919 1.42506008 5.00473039 2.90016429 1.04540933 3.553689544859e-03 1.867819925859e-02 4.834951217084e+03 5.907186162808e+02 7.847995807374e-03
22 50 2 0.79093919 1.42506008 5.00473039 2.90016429 1.04540933 3.193444440463e-03 2.665596677957e-02 5.104963403039e+03 6.377487424738e+02 9.135958005522e-03
22 51 2 0.79093919 1.42506008 5.00473039 2.90016429 1.04540933 1.949310764065e-03 3.659552155018e-02 5.580282722677e+03 7.439870115989e+02 1.069918503932e-02
22 52 2 0.79093919 1.42506008 5.00473039 2.90016429 1.04540933 1.947601630841e-03 4.720639267910e-02 5.884396875371e+03 7.875433017632e+02 1.208735274781e-02
22 53 2 0.79093919 1.42506008 5.00473039 2.90016429 1.04540933 5.389950671409e-03 5.748024939827e-02 5.819551007451e+03 7.387882276879e+02 1.310303592028e-02
22 54 2 0.79093919 1.42506008 5.00473039 2.90016429 1.04540933 9.275602669230e-03 6.649860591418e-02 5.745194303260e+03 6.980565727162e+02 1.366812303072e-02
22 55 2 0.79093919 1.42506008 5.00473039 2.90016429 1.04540933 9.261355096365e-03 7.330244027580e-02 6.000618470165e+03 7.538741844707e+02 1.361459488684e-02
22 56 2 0.79093919 1.42506008 5.00473039 2.90016429 1.04540933 7.139331388177e-03 7.744906034684e-02 6.579930502864e+03 8.885690979445e+02 1.282458666879e-02
22 57 2 0.79093919 1.42506008 5.00473039 2.90016429 1.04540933 6.095642395507e-03 7.971445969780e-02 6.954617765879e+03 9.467949410913e+02 1.158771038807e-02
22 58 2 0.79093919 1.42506008 5.00473039 2.90016429 1.04540933 5.060629746235e-03 8.183616395033e-02 6.933797096709e+03 9.016890880857e+02 1.062084471625e-02
22 59 2 0.79093919 1.42506008 5.00473039 2.90016429 1.04540933 4.008729281866e-03 8.524007203235e-02 6.814268993600e+03 8.482234800329e+02 1.057649813759e-02
22 60 2 0.79093919 1.42506008 5.00473039 2.90016429 1.04540933 4.604076697213e-03 9.004301910471e-02 7.141484129556e+03 9.174566255970e+02 1.156752594292e-02
22 61 2 0.79093919 1.42506008 5.00473039 2.90016429 1.04540933 4.703527998392e-03 9.534721724133e-02 7.824457335051e+03 1.073371272717e+03 1.325078552603e-02
22 62 2 0.79093919 1.42506008 5.00473039 2.90016429 1.04540933 2.959623549376e-03 1.002065774196e-01 8.297371286731e+03 1.140670743653e+03 1.527146327011e-02
22 63 2 0.79093919 1.42506008 5.00473039 2.90016429 1.04540933 2.694909821592e-03 1.039005094902e-01 8.282235009343e+03 1.091042640911e+03 1.741411740686e-02
29 0 2 0.94699571 1.07849256 1.45332490 1.39664171 0.84868516 1.229704259007e+01 1.115118710715e-01 8.137228378275e+01 5.693557378665e+01 5.173639805487e-03
29 1 2 0.94699571 1.07849256 1.45332490 1.39664171 0.84868516 1.183448151380e+01 1.219081357701e-01 7.868339323147e+01 5.602834063691e+01 6.620076668989e-03
29 2 2 0.94699571 1.07849256 1.45332490 1.39664171 0.84868516 1.140187131806e+01 1.217003194839e-01 7.630203875946e+01 5.574184746988e+01 7.823901752651e-03
29 3 2 0.94699571 1.07849256 1.45332490 1.39664171 0.84868516 1.085176025249e+01 1.115945406929e-01 7.260436144534e+01 5.466539756248e+01 8.254827024879e-03
29 4 2 0.94699571 1.07849256 1.45332490 1.39664171 0.84868516 1.031548391738e+01 9.639672512038e-02 6.439564177813e+01 5.217804775689e+01 7.751358380453e-03
29 5 2 0.94699571 1.07849256 1.45332490 1.39664171 0.84868516 9.942945130142e+00 8.270511703763e-02 5.466897413631e+01 5.019642407476e+01 6.522203260261e-03
29 6 2 0.94699571 1.07849256 1.45332490 1.39664171 0.84868516 9.637483331873e+00 7.590557184942e-02 4.810432940698e+01 4.952037707233e+01 4.999886415416e-03
29 7 2 0.94699571 1.07849256 1.45332490 1.39664171 0.84868516 9.283373373196e+00 7.791134946103e-02 4.417699541983e+01 4.879033338717e+01 3.635332271966e-03
29 8 2 0.94699571 1.07849256 1.45332490 1.39664171 0.84868516 8.830220901652e+00 8.666749685771e-02 4.014140458322e+01 4.628078683931e+01 2.731491362702e-03
29 9 2 0.94699571 1.07849256 1.45332490 1.39664171 0.84868516 8.246100814757e+00 9.753254244809e-02 3.663827822893e+01 4.254930018344e+01 2.376779749983e-03
29 10 2 0.94699571 1.07849256 1.45332490 1.39664171 0.84868516 7.673725355629e+00 1.057301189432e-01 3.719142821259e+01 4.004824397290e+01 2.480771858771e-03
29 11 2 0.94699571 1.07849256 1.45332490 1.39664171 0.84868516 7.303037374822e+00 1.085931773638e-01 4.110895693711e+01 3.896990710324e+01 2.867166979401e-03
29 12 2 0.94699571 1.07849256 1.45332490 1.39664171 0.84868516 7.020043822037e+00 1.065186806832e-01 4.473463685887e+01 3.830711747711e+01 3.363899125749e-03
29 13 2 0.94699571 1.07849256 1.45332490 1.39664171 0.84868516 6.623607659113e+00 1.022774031456e-01 4.706813925790e+01 3.731360573350e+01 3.848883907810e-03
29 14 2 0.94699571 1.07849256 1.45332490 1.39664171 0.84868516 6.215243262933e+00 9.918323025931e-02 4.980955270117e+01 3.671110629263e+01 4.246080938251e-03
29 15 2 0.94699571 1.07849256 1.45332490 1.39664171 0.84868516 5.938289326417e+00 9.917314707371e-02 5.295953849357e+01 3.718934360507e+01 4.497407835449e-03
29 16 2 0.94699571 1.07849256 1.45332490 1.39664171 0.84868516 5.692344075307e+00 1.018209659588e-01 5.428891024181e+01 3.699628638498e+01 4.545113848009e-03
29 17 2 0.94699571 1.07849256 1.45332490 1.39664171 0.84868516 5.430477227334e+00 1.047518845521e-01 5.192829962959e+01 3.520733556128e+01 4.344523459556e-03
29 18 2 0.94699571 1.07849256 1.45332490 1.39664171 0.84868516 5.285548942788e+00 1.051566871081e-01 4.787280738070e+01 3.302842723044e+01 3.900415331225e-03
29 19 2 0.94699571 1.07849256 1.45332490 1.39664171 0.84868516 5.248014866124e+00 1.015315432464e-01 4.418048375682e+01 3.158908890583e+01 3.299291216051e-03
29 20 2 0.94699571 1.07849256 1.45332490 1.39664171 0.84868516 5.159291011132e+00 9.467846805040e-02 3.992820440545e+01 3.076371569228e+01 2.707393804490e-03
29 21 2 0.94699571 1.07849256 1.45332490 1.39664171 0.84868516 5.000854123532e+00 8.741851448186e-02 3.442760126684e+01 2.965444256211e+01 2.322003352003e-03
29 22 2 0.94699571 1.07849256 1.45332490 1.39664171 0.84868516 4.848919999031e+00 8.316065622165e-02 2.900483175090e+01 2.863763117508e+01 2.291066544773e-03
29 23 2 0.94699571 1.07849256 1.45332490 1.39664171 0.84868516 4.705300481281e+00 8.407158363691e-02 2.595835051492e+01 2.814724943822e+01 2.637853764269e-03
29 24 2 0.94699571 1.07849256 1.45332490 1.39664171 0.84868516 4.573117415859e+00 8.980222780451e-02 2.507104211884e+01 2.793299803273e+01 3.230563545311e-03
29 25 2 0.94699571 1.07849256 1.45332490 1.39664171 0.84868516 4.487888670483e+00 9.744970487351e-02 2.448448146597e+01 2.701797517839e+01 3.818841429033e-03
29 26 2 0.94699571 1.07849256 1.45332490 1.39664171 0.84868516 4.434637201378e+00 1.028170464100e-01 2.410803739383e+01 2.546987722290e+01 4.128343994888e-03
29 27 2 0.94699571 1.07849256 1.45332490 1.39664171 0.84868516 4.400117741510e+00 1.023873803668e-01 2.564252760139e+01 2.404818289755e+01 3.975733586393e-03
29 28 2 0.94699571 1.07849256 1.45332490 1.39664171 0.84868516 4.386708177012e+00 9.506923118669e-02 2.877774246525e+01 2.300264070179e+01 3.354007908326e-03
29 29 2 0.94699571 1.07849256 1.45332490 1.39664171 0.84868516 4.321826392153e+00 8.286526958421e-02 3.067340548913e+01 2.155397694463e+01 2.448379810983e-03
29 30 2 0.94699571 1.07849256 1.45332490 1.39664171 0.84868516 4.202743362833e+00 7.011802494516e-02 3.068881638275e+01 2.017083241862e+01 1.571898357002e-03
29 31 2 0.94699571 1.07849256 1.45332490 1.39664171 0.84868516 4.244669630276e+00 6.165292069771e-02 3.148077200190e+01 2.031846405070e+01 1.044861923497e-03
29 32 2 0.94699571 1.07849256 1.45332490 1.39664171 0.84868516 4.564760902300e+00 6.065805618328e-02 3.515986557780e+01 2.318195229797e+01 1.067260951305e-03
29 33 2 0.94699571 1.07849256 1.45332490 1.39664171 0.84868516 4.927015457969e+00 6.727003811587e-02 3.813234462532e+01 2.658640537665e+01 1.637657693573e-03
29 34 2 0.94699571 1.07849256 1.45332490 1.39664171 0.84868516 5.104101271114e+00 7.851580405542e-02 3.720078766165e+01 2.862352768962e+01 2.552948360409e-03
29 35 2 0.94699571 1.07849256 1.45332490 1.39664171 0.84868516 5.188570008477e+00 8.963886443816e-02 3.406127773944e+01 2.949707315677e+01 3.489410541032e-03
29 36 2 0.94699571 1.07849256 1.45332490 1.39664171 0.84868516 5.328109232407e+00 9.620141996455e-02 3.186189462600e+01 3.026621068122e+01 4.131045808002e-03
29 37 2 0.94699571 1.07849256 1.45332490 1.39664171 0.84868516 5.509072685100e+00 9.599715293305e-02 3.098978254550e+01 3.106805416148e+01 4.291484944729e-03
29 38 2 0.94699571 1.07849256 1.45332490 1.39664171 0.84868516 5.708366095246e+00 8.990185975096e-02 2.953887815205e+01 3.114016312671e+01 3.979297021111e-03
29 39 2 0.94699571 1.07849256 1.45332490 1.39664171 0.84868516 5.937597729984e+00 8.129143092023e-02 2.816384021759e+01 3.077438896669e+01 3.381822251706e-03
29 40 2 0.94699571 1.07849256 1.45332490 1.39664171 0.84868516 6.159201900914e+00 7.433539563070e-02 2.916433401963e+01 3.096160579196e+01 2.778290374377e-03
29 41 2 0.94699571 1.07849256 1.45332490 1.39664171 0.84868516 6.361084615336e+00 7.200635300973e-02 3.289393799395e+01 3.193551831322e+01 2.422897841733e-03
29 42 2 0.94699571 1.07849256 1.45332490 1.39664171 0.84868516 6.567924553741e+00 7.477113353117e-02 3.700256219744e+01 3.290836165774e+01 2.449202148657e-03
29 43 2 0.94699571 1.07849256 1.45332490 1.39664171 0.84868516 6.748880975378e+00 8.058073627525e-02 4.042831149223e+01 3.356260528589e+01 2.834152892615e-03
29 44 2 0.94699571 1.07849256 1.45332490 1.39664171 0.84868516 6.936196146710e+00 8.611884059666e-02 4.420660056727e+01 3.445173458808e+01 3.430143574630e-03
29 45 2 0.94699571 1.07849256 1.45332490 1.39664171 0.84868516 7.274585054268e+00 8.862930109294e-02 4.880688390834e+01 3.585399841321e+01 4.041639424851e-03
29 46 2 0.94699571 1.07849256 1.45332490 1.39664171 0.84868516 7.742368449443e+00 8.734943282820e-02 5.222514103168e+01 3.652046677547e+01 4.505009213447e-03
29 47 2 0.94699571 1.07849256 1.45332490 1.39664171 0.84868516 8.155723594837e+00 8.378860872671e-02 5.221285214351e+01 3.600361695736e+01 4.734645540975e-03
29 48 2 0.94699571 1.07849256 1.45332490 1.39664171 0.84868516 8.538037548679e+00 8.071195025210e-02 5.056262657015e+01 3.535984995584e+01 4.721859201066e-03
29 49 2 0.94699571 1.07849256 1.45332490 1.39664171 0.84868516 9.016686598401e+00 8.039790096525e-02 4.914715535500e+01 3.646138580485e+01 4.501613949310e-03
29 50 2 0.94699571 1.07849256 1.45332490 1.39664171 0.84868516 9.460557887720e+00 8.315631767709e-02 4.715573306305e+01 3.838118966937e+01 4.119207610489e-03
29 51 2 0.94699571 1.07849256 1.45332490 1.39664171 0.84868516 9.753119454991e+00 8.698080177891e-02 4.317315953150e+01 3.991420301404e+01 3.624291011515e-03
29 52 2 0.94699571 1.07849256 1.45332490 1.39664171 0.84868516 1.011210630404e+01 8.860366867747e-02 3.850172940873e+01 4.177553012014e+01 3.095791029718e-03
29 53 2 0.94699571 1.07849256 1.45332490 1.39664171 0.84868516 1.065606114765e+01 8.543480829210e-02 3.682022433212e+01 4.459784661667e+01 2.673162428192e-03
29 54 2 0.94699571 1.07849256 1.45332490 1.39664171 0.84868516 1.113097851997e+01 7.732420933738e-02 3.873813322863e+01 4.766409064671e+01 2.555864537753e-03
29 55 2 0.94699571 1.07849256 1.45332490 1.39664171 0.84868516 1.138241691645e+01 6.710752257275e-02 4.130589297418e+01 4.911713204306e+01 2.945770157056e-03
29 56 2 0.94699571 1.07849256 1.45332490 1.39664171 0.84868516 1.155982589462e+01 5.949760308464e-02 4.454129768584e+01 4.870967376248e+01 3.942623416236e-03
29 57 2 0.94699571 1.07849256 1.45332490 1.39664171 0.84868516 1.179592140323e+01 5.877383355417e-02 5.195473836339e+01 4.906921335226e+01 5.441588619337e-03
29 58 2 0.94699571 1.07849256 1.45332490 1.39664171 0.84868516 1.215304117193e+01 6.642225139728e-02 6.331908923728e+01 5.098277901765e+01 7.099461948040e-03
29 59 2 0.94699571 1.07849256 1.45332490 1.39664171 0.84868516 1.266533906339e+01 7.999729293666e-02 7.390596610288e+01 5.341158613373e+01 8.415946050254e-03
29 60 2 0.94699571 1.07849256 1.45332490 1.39664171 0.84868516 1.316866090561e+01 9.391309230698e-02 8.062529854624e+01 5.440468523664e+01 8.922219834895e-03
29 61 2 0.94699571 1.07849256 1.45332490 1.39664171 0.84868516 1.350866868460e+01 1.018972895420e-01 8.686250294018e+01 5.506987325752e+01 8.405777090639e-03
29 62 2 0.94699571 1.07849256 1.45332490 1.39664171 0.84868516 1.385113650444e+01 9.995667572032e-02 9.347058027387e+01 5.700035928770e+01 7.063105887902e-03
29 63 2 0.94699571 1.07849256 1.45332490 1.39664171 0.84868516 1.430760319369e+01 8.838555442818e-02 9.615875237328e+01 6.021589053902e+01 5.486544724643e-03
