# environment=00183 local_bs=4 gain_scale=3.392082797312e-13
# ue subcarrier serving_bs phi0 phi1 phi2 phi3 phi4 gain0 gain1 gain2 gain3 gain4
2 0 4 1.18774933 1.91288994 4.62483014 1.44837671 8.81439555 1.783537033475e+00 1.188245236723e+01 3.267169491722e+02 3.939895595344e+00 2.994314816642e+03
2 1 4 1.18774933 1.91288994 4.62483014 1.44837671 8.81439555 1.718715980187e+00 9.762104410379e+00 3.147531331730e+02 3.767310900678e+00 2.901071149721e+03
2 2 4 1.18774933 1.91288994 4.62483014 1.44837671 8.81439555 1.572781205225e+00 1.031389149291e+01 3.050268819470e+02 3.583384735926e+00 2.809783832479e+03
2 3 4 1.18774933 1.91288994 4.62483014 1.44837671 8.81439555 1.611516793590e+00 1.144122710132e+01 2.935141670727e+02 3.441594642798e+00 2.718913644173e+03
2 4 4 1.18774933 1.91288994 4.62483014 1.44837671 8.81439555 1.488257301140e+00 1.036862409890e+01 2.841489695287e+02 3.264364871556e+00 2.631822203828e+03
2 5 4 1.18774933 1.91288994 4.62483014 1.44837671 8.81439555 1.396058707111e+00 8.493684652078e+00 2.742815814774e+02 3.178651133962e+00 2.547208653028e+03
2 6 4 1.18774933 1.91288994 4.62483014 1.44837671 8.81439555 1.468250877967e+00 8.805839178108e+00 2.654885017235e+02 3.129809888421e+00 2.469607223137e+03
2 7 4 1.18774933 1.91288994 4.62483014 1.44837671 8.81439555 1.380260860743e+00 9.923066723912e+00 2.560588098862e+02 3.033778734528e+00 2.392502673730e+03
2 8 4 1.18774933 1.91288994 4.62483014 1.44837671 8.81439555 1.296358751444e+00 9.008218710039e+00 2.477351671758e+02 2.896629513130e+00 2.318209949668e+03
2 9 4 1.18774933 1.91288994 4.62483014 1.44837671 8.81439555 1.341185482134e+00 7.384348709561e+00 2.392767300690e+02 2.792083514384e+00 2.244251439210e+03
2 10 4 1.18774933 1.91288994 4.62483014 1.44837671 8.81439555 1.242686267284e+00 7.591992654104e+00 2.320752230241e+02 2.661143703169e+00 2.176720171138e+03
2 11 4 1.18774933 1.91288994 4.62483014 1.44837671 8.81439555 1.201954462611e+00 8.629609426227e+00 2.239286631029e+02 2.519576579827e+00 2.112290236858e+03
2 12 4 1.18774933 1.91288994 4.62483014 1.44837671 8.81439555 1.207241803474e+00 7.839786423294e+00 2.176048403754e+02 2.502390640942e+00 2.052044356015e+03
2 13 4 1.18774933 1.91288994 4.62483014 1.44837671 8.81439555 1.096696238416e+00 6.457075633619e+00 2.100314690940e+02 2.470121604334e+00 1.991899682941e+03
2 14 4 1.18774933 1.91288994 4.62483014 1.44837671 8.81439555 1.032687282636e+00 6.633762385493e+00 2.043942848630e+02 2.351525293558e+00 1.935561562516e+03
2 15 4 1.18774933 1.91288994 4.62483014 1.44837671 8.81439555 1.016333101081e+00 7.487730331433e+00 1.978588714631e+02 2.292496416095e+00 1.882851170361e+03
2 16 4 1.18774933 1.91288994 4.62483014 1.44837671 8.81439555 9.558265550367e-01 6.993780765796e+00 1.929739189004e+02 2.191207214808e+00 1.833660341033e+03
2 17 4 1.18774933 1.91288994 4.62483014 1.44837671 8.81439555 9.729436771739e-01 5.726124810316e+00 1.871371817848e+02 2.082037602269e+00 1.788705926245e+03
2 18 4 1.18774933 1.91288994 4.62483014 1.44837671 8.81439555 9.435885182454e-01 5.777442305739e+00 1.823714458324e+02 2.081521245617e+00 1.745245015338e+03
2 19 4 1.18774933 1.91288994 4.62483014 1.44837671 8.81439555 8.800809986468e-01 6.684038834752e+00 1.777966606145e+02 2.025098291522e+00 1.706147504245e+03
2 20 4 1.18774933 1.91288994 4.62483014 1.44837671 8.81439555 9.091907621247e-01 6.372364663699e+00 1.740578395269e+02 1.967513740803e+00 1.668499594705e+03
2 21 4 1.18774933 1.91288994 4.62483014 1.44837671 8.81439555 8.845192739379e-01 5.162768963653e+00 1.703282365155e+02 1.929166553541e+00 1.634758731367e+03
2 22 4 1.18774933 1.91288994 4.62483014 1.44837671 8.81439555 8.607715013190e-01 5.162439427037e+00 1.663402337457e+02 1.900695834293e+00 1.605597919580e+03
2 23 4 1.18774933 1.91288994 4.62483014 1.44837671 8.81439555 9.218101082322e-01 6.136058867653e+00 1.635351282578e+02 1.860790076913e+00 1.580164901011e+03
2 24 4 1.18774933 1.91288994 4.62483014 1.44837671 8.81439555 8.482387903016e-01 5.871929569292e+00 1.612441084205e+02 1.789938647905e+00 1.556849175417e+03
2 25 4 1.18774933 1.91288994 4.62483014 1.44837671 8.81439555 7.960248853950e-01 4.831455498394e+00 1.590853575084e+02 1.744569775618e+00 1.535645264809e+03
2 26 4 1.18774933 1.91288994 4.62483014 1.44837671 8.81439555 8.443162909825e-01 4.881429496536e+00 1.567943358876e+02 1.727849187990e+00 1.516527628309e+03
2 27 4 1.18774933 1.91288994 4.62483014 1.44837671 8.81439555 7.827585790546e-01 5.654375554645e+00 1.548779582324e+02 1.778798272040e+00 1.505668510674e+03
2 28 4 1.18774933 1.91288994 4.62483014 1.44837671 8.81439555 7.635133002441e-01 5.597394576260e+00 1.545446025748e+02 1.781609732126e+00 1.496039030721e+03
2 29 4 1.18774933 1.91288994 4.62483014 1.44837671 8.81439555 7.926366038470e-01 4.778511756390e+00 1.536723549260e+02 1.756898455226e+00 1.490029089413e+03
2 30 4 1.18774933 1.91288994 4.62483014 1.44837671 8.81439555 7.228393907862e-01 4.755035609474e+00 1.532477347550e+02 1.669218482219e+00 1.483893741429e+03
2 31 4 1.18774933 1.91288994 4.62483014 1.44837671 8.81439555 7.144074315691e-01 5.421328470977e+00 1.523803638082e+02 1.617837071744e+00 1.481838224785e+03
2 32 4 1.18774933 1.91288994 4.62483014 1.44837671 8.81439555 7.970136790115e-01 5.614479557827e+00 1.535837683926e+02 1.730848840734e+00 1.487994067644e+03
2 33 4 1.18774933 1.91288994 4.62483014 1.44837671 8.81439555 7.759620432338e-01 4.875911852687e+00 1.544039979117e+02 1.775073236392e+00 1.494302276696e+03
2 34 4 1.18774933 1.91288994 4.62483014 1.44837671 8.81439555 8.313247469928e-01 4.736130392819e+00 1.553623367605e+02 1.790635211847e+00 1.505396548755e+03
2 35 4 1.18774933 1.91288994 4.62483014 1.44837671 8.81439555 8.392674279205e-01 5.637298052868e+00 1.563352080761e+02 1.781992480634e+00 1.514528488180e+03
2 36 4 1.18774933 1.91288994 4.62483014 1.44837671 8.81439555 8.192103119322e-01 5.828794427645e+00 1.582231487342e+02 1.721302819990e+00 1.530916839870e+03
2 37 4 1.18774933 1.91288994 4.62483014 1.44837671 8.81439555 8.594347142447e-01 5.035079015962e+00 1.612828840377e+02 1.752387183289e+00 1.551898869089e+03
2 38 4 1.18774933 1.91288994 4.62483014 1.44837671 8.81439555 8.649610133936e-01 5.007279929018e+00 1.633395705698e+02 1.860367181548e+00 1.575701237675e+03
2 39 4 1.18774933 1.91288994 4.62483014 1.44837671 8.81439555 8.603317995840e-01 6.107946783424e+00 1.662059991148e+02 1.915716659028e+00 1.601927037693e+03
2 40 4 1.18774933 1.91288994 4.62483014 1.44837671 8.81439555 9.081300405406e-01 6.235604693110e+00 1.691736426963e+02 1.923645653338e+00 1.629039042485e+03
2 41 4 1.18774933 1.91288994 4.62483014 1.44837671 8.81439555 8.508720090602e-01 5.414646482826e+00 1.737070731236e+02 1.969060275234e+00 1.661501827366e+03
2 42 4 1.18774933 1.91288994 4.62483014 1.44837671 8.81439555 8.581156740618e-01 5.528218127551e+00 1.775255143619e+02 2.017802897477e+00 1.698387399637e+03
2 43 4 1.18774933 1.91288994 4.62483014 1.44837671 8.81439555 9.622253314213e-01 6.642514071472e+00 1.818035702374e+02 2.048517463141e+00 1.738095064191e+03
2 44 4 1.18774933 1.91288994 4.62483014 1.44837671 8.81439555 9.291949540388e-01 6.958543970496e+00 1.863706477832e+02 2.125534453102e+00 1.780622112365e+03
2 45 4 1.18774933 1.91288994 4.62483014 1.44837671 8.81439555 9.823251063882e-01 6.132233066013e+00 1.919273127485e+02 2.191253787401e+00 1.825374599698e+03
2 46 4 1.18774933 1.91288994 4.62483014 1.44837671 8.81439555 1.061641647759e+00 6.094917270280e+00 1.975932995552e+02 2.225988375109e+00 1.873220033392e+03
2 47 4 1.18774933 1.91288994 4.62483014 1.44837671 8.81439555 1.025341101188e+00 7.407198881635e+00 2.033934458308e+02 2.375022066610e+00 1.925897233360e+03
2 48 4 1.18774933 1.91288994 4.62483014 1.44837671 8.81439555 1.100881656250e+00 7.988914698186e+00 2.093491279122e+02 2.461320206603e+00 1.980498315241e+03
2 49 4 1.18774933 1.91288994 4.62483014 1.44837671 8.81439555 1.232025361168e+00 7.050649877088e+00 2.164976845272e+02 2.492242351383e+00 2.040677680737e+03
2 50 4 1.18774933 1.91288994 4.62483014 1.44837671 8.81439555 1.196886763469e+00 6.834403999833e+00 2.230694296667e+02 2.563254485016e+00 2.101104276592e+03
2 51 4 1.18774933 1.91288994 4.62483014 1.44837671 8.81439555 1.266192582844e+00 8.461304515460e+00 2.311084008646e+02 2.618887044720e+00 2.165460063515e+03
2 52 4 1.18774933 1.91288994 4.62483014 1.44837671 8.81439555 1.305784094531e+00 9.197029970888e+00 2.382039278505e+02 2.762396930263e+00 2.231442132132e+03
2 53 4 1.18774933 1.91288994 4.62483014 1.44837671 8.81439555 1.276016565349e+00 8.113299175463e+00 2.468360316119e+02 2.895110980260e+00 2.303053602147e+03
2 54 4 1.18774933 1.91288994 4.62483014 1.44837671 8.81439555 1.363117190512e+00 7.921158795598e+00 2.548432635396e+02 3.025007327951e+00 2.378275105951e+03
2 55 4 1.18774933 1.91288994 4.62483014 1.44837671 8.81439555 1.410467308410e+00 9.632678913603e+00 2.640193917610e+02 3.128850730609e+00 2.455768588475e+03
2 56 4 1.18774933 1.91288994 4.62483014 1.44837671 8.81439555 1.407720920485e+00 1.062031634287e+01 2.734313423343e+02 3.186672143861e+00 2.534050654808e+03
2 57 4 1.18774933 1.91288994 4.62483014 1.44837671 8.81439555 1.510711473032e+00 9.455989590775e+00 2.826348037175e+02 3.262615344737e+00 2.614999104523e+03
2 58 4 1.18774933 1.91288994 4.62483014 1.44837671 8.81439555 1.538712891350e+00 9.147043485472e+00 2.928850599093e+02 3.410923705551e+00 2.701927248241e+03
2 59 4 1.18774933 1.91288994 4.62483014 1.44837671 8.81439555 1.595701287164e+00 1.102700219578e+01 3.024166751233e+02 3.576006721049e+00 2.791877391905e+03
2 60 4 1.18774933 1.91288994 4.62483014 1.44837671 8.81439555 1.774333414581e+00 1.232358398128e+01 3.144298008674e+02 3.717276880420e+00 2.885502178746e+03
2 61 4 1.18774933 1.91288994 4.62483014 1.44837671 8.81439555 1.740194448189e+00 1.104740142701e+01 3.244540358719e+02 3.948897090168e+00 2.976872550581e+03
2 62 4 1.18774933 1.91288994 4.62483014 1.44837671 8.81439555 1.812907533217e+00 1.046292252245e+01 3.362632370338e+02 4.023949756291e+00 3.074553817824e+03
2 63 4 1.18774933 1.91288994 4.62483014 1.44837671 8.81439555 1.961662766235e+00 1.274145991996e+01 3.474551661293e+02 4.045733912923e+00 3.172870289244e+03
4 0 4 1.43982659 1.91764879 2.53362700 1.72679273 2.75604932 3.779586843281e+00 1.143159473835e+01 3.615660441299e+01 7.578070292557e+00 4.724808420562e+01
4 1 4 1.43982659 1.91764879 2.53362700 1.72679273 2.75604932 3.670860433239e+00 1.113094107365e+01 3.810277089490e+01 7.570770954358e+00 4.583131358069e+01
4 2 4 1.43982659 1.91764879 2.53362700 1.72679273 2.75604932 3.407204197926e+00 1.089010247339e+01 3.647873359404e+01 6.976018747622e+00 4.423716425875e+01
4 3 4 1.43982659 1.91764879 2.53362700 1.72679273 2.75604932 3.393542896577e+00 1.031394645146e+01 3.189461196486e+01 6.978176589783e+00 4.249778612090e+01
4 4 4 1.43982659 1.91764879 2.53362700 1.72679273 2.75604932 3.285705875089e+00 9.955042446444e+00 2.706675011596e+01 6.665784200312e+00 4.071362977893e+01
4 5 4 1.43982659 1.91764879 2.53362700 1.72679273 2.75604932 3.204542640746e+00 9.737638550211e+00 2.395737913451e+01 6.354571038298e+00 3.904991383712e+01
4 6 4 1.43982659 1.91764879 2.53362700 1.72679273 2.75604932 3.056735412162e+00 9.325922312496e+00 2.402664014885e+01 6.189438008378e+00 3.720348525686e+01
4 7 4 1.43982659 1.91764879 2.53362700 1.72679273 2.75604932 2.846566791470e+00 8.794026885506e+00 2.645105603177e+01 5.817593796039e+00 3.600338810406e+01
4 8 4 1.43982659 1.91764879 2.53362700 1.72679273 2.75604932 2.793919799611e+00 8.638523430174e+00 2.846403156430e+01 5.872615531245e+00 3.470202950319e+01
4 9 4 1.43982659 1.91764879 2.53362700 1.72679273 2.75604932 2.665147872278e+00 8.372334328060e+00 2.875757276929e+01 5.564168917720e+00 3.373403606006e+01
4 10 4 1.43982659 1.91764879 2.53362700 1.72679273 2.75604932 2.645631992797e+00 8.173692369965e+00 2.648623901272e+01 5.324109722960e+00 3.297690492155e+01
4 11 4 1.43982659 1.91764879 2.53362700 1.72679273 2.75604932 2.468464438910e+00 7.872751789648e+00 2.249966097677e+01 5.201227889202e+00 3.213886840820e+01
4 12 4 1.43982659 1.91764879 2.53362700 1.72679273 2.75604932 2.463181303113e+00 7.445057260095e+00 1.950840965530e+01 4.904295355065e+00 3.131531092993e+01
4 13 4 1.43982659 1.91764879 2.53362700 1.72679273 2.75604932 2.410112894731e+00 7.142355305609e+00 1.833385704580e+01 4.916241078532e+00 3.033333255028e+01
4 14 4 1.43982659 1.91764879 2.53362700 1.72679273 2.75604932 2.318157955338e+00 6.990598812047e+00 1.930445520889e+01 4.548531722233e+00 2.934832007319e+01
4 15 4 1.43982659 1.91764879 2.53362700 1.72679273 2.75604932 2.279959080468e+00 6.982348181510e+00 2.148428563019e+01 4.579771275555e+00 2.806294885116e+01
4 16 4 1.43982659 1.91764879 2.53362700 1.72679273 2.75604932 2.141824546379e+00 6.734540362372e+00 2.255580191402e+01 4.480082933842e+00 2.705267560946e+01
4 17 4 1.43982659 1.91764879 2.53362700 1.72679273 2.75604932 2.102218752328e+00 6.371860228466e+00 2.183165080647e+01 4.271786125529e+00 2.594552634979e+01
4 18 4 1.43982659 1.91764879 2.53362700 1.72679273 2.75604932 1.991841750982e+00 6.160286474439e+00 1.954792792518e+01 4.161628151769e+00 2.506786410471e+01
4 19 4 1.43982659 1.91764879 2.53362700 1.72679273 2.75604932 1.942003373677e+00 6.098123219251e+00 1.670084895013e+01 3.834188031390e+00 2.448564927351e+01
4 20 4 1.43982659 1.91764879 2.53362700 1.72679273 2.75604932 1.847494942247e+00 5.893145029948e+00 1.496158383571e+01 3.999953355889e+00 2.396142656792e+01
4 21 4 1.43982659 1.91764879 2.53362700 1.72679273 2.75604932 1.824392603597e+00 5.844876903756e+00 1.518846003675e+01 3.887643384032e+00 2.377753253763e+01
4 22 4 1.43982659 1.91764879 2.53362700 1.72679273 2.75604932 1.844095591950e+00 5.719318473466e+00 1.663285081753e+01 3.817322316435e+00 2.347454988185e+01
4 23 4 1.43982659 1.91764879 2.53362700 1.72679273 2.75604932 1.877610503188e+00 5.602149402037e+00 1.828384211062e+01 3.747970676320e+00 2.336828778392e+01
4 24 4 1.43982659 1.91764879 2.53362700 1.72679273 2.75604932 1.833837443841e+00 5.473490503056e+00 1.897576048376e+01 3.498489881230e+00 2.302646581209e+01
4 25 4 1.43982659 1.91764879 2.53362700 1.72679273 2.75604932 1.720959355569e+00 5.269055505093e+00 1.775364562051e+01 3.597084778158e+00 2.266402158516e+01
4 26 4 1.43982659 1.91764879 2.53362700 1.72679273 2.75604932 1.738415036168e+00 5.287684451899e+00 1.562686742344e+01 3.397972373091e+00 2.223034952394e+01
4 27 4 1.43982659 1.91764879 2.53362700 1.72679273 2.75604932 1.721916394827e+00 5.285997939678e+00 1.390629720629e+01 3.516556216193e+00 2.171074404135e+01
4 28 4 1.43982659 1.91764879 2.53362700 1.72679273 2.75604932 1.725554076286e+00 5.306390129636e+00 1.309602961203e+01 3.632796612419e+00 2.126676700486e+01
4 29 4 1.43982659 1.91764879 2.53362700 1.72679273 2.75604932 1.675535472565e+00 5.299456077227e+00 1.429264416151e+01 3.440350754556e+00 2.093178448881e+01
4 30 4 1.43982659 1.91764879 2.53362700 1.72679273 2.75604932 1.609496635584e+00 5.114381849828e+00 1.623260975088e+01 3.450275461420e+00 2.087974841521e+01
4 31 4 1.43982659 1.91764879 2.53362700 1.72679273 2.75604932 1.532444166602e+00 4.981242421973e+00 1.747574172984e+01 3.168012896167e+00 2.074033118322e+01
4 32 4 1.43982659 1.91764879 2.53362700 1.72679273 2.75604932 1.645998968619e+00 5.208699816296e+00 1.791501268668e+01 3.456907870218e+00 2.126095048845e+01
4 33 4 1.43982659 1.91764879 2.53362700 1.72679273 2.75604932 1.780229528398e+00 5.329894272739e+00 1.645790028671e+01 3.608708641665e+00 2.144967254990e+01
4 34 4 1.43982659 1.91764879 2.53362700 1.72679273 2.75604932 1.753272145457e+00 5.366109801794e+00 1.451100803494e+01 3.542446480174e+00 2.189706518994e+01
4 35 4 1.43982659 1.91764879 2.53362700 1.72679273 2.75604932 1.770888839857e+00 5.288537335652e+00 1.357091736534e+01 3.580994755032e+00 2.249431821554e+01
4 36 4 1.43982659 1.91764879 2.53362700 1.72679273 2.75604932 1.736884054532e+00 5.264693438490e+00 1.389991824820e+01 3.370981013795e+00 2.257599491080e+01
4 37 4 1.43982659 1.91764879 2.53362700 1.72679273 2.75604932 1.759176601435e+00 5.437080885930e+00 1.584638512101e+01 3.608365468746e+00 2.297875629508e+01
4 38 4 1.43982659 1.91764879 2.53362700 1.72679273 2.75604932 1.831134367590e+00 5.535662026418e+00 1.832930913833e+01 3.699381203578e+00 2.311299659901e+01
4 39 4 1.43982659 1.91764879 2.53362700 1.72679273 2.75604932 1.863848568798e+00 5.752507264694e+00 1.955282534147e+01 3.738675872293e+00 2.317754471972e+01
4 40 4 1.43982659 1.91764879 2.53362700 1.72679273 2.75604932 1.847231866385e+00 5.852813911885e+00 1.918874774708e+01 3.993538417982e+00 2.344400306524e+01
4 41 4 1.43982659 1.91764879 2.53362700 1.72679273 2.75604932 1.803130748799e+00 5.896343542708e+00 1.768073451132e+01 3.879096643730e+00 2.383651449097e+01
4 42 4 1.43982659 1.91764879 2.53362700 1.72679273 2.75604932 1.930635923844e+00 6.034647794391e+00 1.582211466077e+01 4.037459262526e+00 2.429591784827e+01
4 43 4 1.43982659 1.91764879 2.53362700 1.72679273 2.75604932 2.002542647602e+00 6.223077533889e+00 1.560134520782e+01 4.018535654736e+00 2.517979804012e+01
4 44 4 1.43982659 1.91764879 2.53362700 1.72679273 2.75604932 2.126330524969e+00 6.342041936004e+00 1.753140096592e+01 4.167040759602e+00 2.614609933677e+01
4 45 4 1.43982659 1.91764879 2.53362700 1.72679273 2.75604932 2.180103182145e+00 6.638143754265e+00 2.029480881810e+01 4.569937185270e+00 2.713776842474e+01
4 46 4 1.43982659 1.91764879 2.53362700 1.72679273 2.75604932 2.243224745353e+00 6.898335655188e+00 2.323180527974e+01 4.508288652499e+00 2.840967512303e+01
4 47 4 1.43982659 1.91764879 2.53362700 1.72679273 2.75604932 2.346076019154e+00 7.128903973611e+00 2.422047487348e+01 4.721555182718e+00 2.928033491208e+01
4 48 4 1.43982659 1.91764879 2.53362700 1.72679273 2.75604932 2.356868566738e+00 7.213549928688e+00 2.274956759814e+01 4.698596460368e+00 3.033758755604e+01
4 49 4 1.43982659 1.91764879 2.53362700 1.72679273 2.75604932 2.467780867274e+00 7.278073663462e+00 2.083606215930e+01 4.958983054292e+00 3.106213852571e+01
4 50 4 1.43982659 1.91764879 2.53362700 1.72679273 2.75604932 2.460153590500e+00 7.799796294853e+00 1.941101917133e+01 5.224328321955e+00 3.179186118605e+01
4 51 4 1.43982659 1.91764879 2.53362700 1.72679273 2.75604932 2.581215665571e+00 8.162612286564e+00 2.048062359418e+01 5.245573632684e+00 3.260653428389e+01
4 52 4 1.43982659 1.91764879 2.53362700 1.72679273 2.75604932 2.655497205247e+00 8.406896841219e+00 2.411100084401e+01 5.615626413808e+00 3.337173459237e+01
4 53 4 1.43982659 1.91764879 2.53362700 1.72679273 2.75604932 2.826720114863e+00 8.632609824047e+00 2.821976751302e+01 5.713569453927e+00 3.452055535514e+01
4 54 4 1.43982659 1.91764879 2.53362700 1.72679273 2.75604932 2.870754779494e+00 8.862634120243e+00 3.085177953674e+01 5.993684219951e+00 3.585981867530e+01
4 55 4 1.43982659 1.91764879 2.53362700 1.72679273 2.75604932 3.009218439430e+00 9.112633078706e+00 3.077192942161e+01 6.124096624555e+00 3.734142779821e+01
4 56 4 1.43982659 1.91764879 2.53362700 1.72679273 2.75604932 3.193555820393e+00 9.684875598915e+00 2.837454577239e+01 6.235928322928e+00 3.911156006573e+01
4 57 4 1.43982659 1.91764879 2.53362700 1.72679273 2.75604932 3.300624654303e+00 1.006925508565e+01 2.553115013199e+01 6.748869626059e+00 4.092891796760e+01
4 58 4 1.43982659 1.91764879 2.53362700 1.72679273 2.75604932 3.423258344255e+00 1.032290179287e+01 2.570935359602e+01 6.803690868556e+00 4.250365940946e+01
4 59 4 1.43982659 1.91764879 2.53362700 1.72679273 2.75604932 3.410618096751e+00 1.067387340303e+01 2.875522465379e+01 7.229838111373e+00 4.415549597010e+01
4 60 4 1.43982659 1.91764879 2.53362700 1.72679273 2.75604932 3.607342870665e+00 1.111610594035e+01 3.412977991252e+01 7.308964245894e+00 4.568416081660e+01
4 61 4 1.43982659 1.91764879 2.53362700 1.72679273 2.75604932 3.720164468092e+00 1.160915269238e+01 3.947720350284e+01 7.614922222076e+00 4.669278418400e+01
4 62 4 1.43982659 1.91764879 2.53362700 1.72679273 2.75604932 3.982126858656e+00 1.175458800137e+01 4.060340096403e+01 8.069716874015e+00 4.836611988180e+01
4 63 4 1.43982659 1.91764879 2.53362700 1.72679273 2.75604932 4.058289834233e+00 1.230543983688e+01 3.881754790303e+01 8.052464587364e+00 4.959143447085e+01
7 0 4 0.62360591 0.54942895 0.51401441 0.59667130 0.50177611 2.791994595266e-06 1.278122427986e-05 1.564246016154e-05 1.449008484824e-05 2.662199396052e-04
7 1 4 0.62360591 0.54942895 0.51401441 0.59667130 0.50177611 2.689624918616e-06 1.234360703570e-05 2.141387414767e-05 1.801442437819e-05 2.254136555664e-04
7 2 4 0.62360591 0.54942895 0.51401441 0.59667130 0.50177611 2.590661752062e-06 1.191838489086e-05 4.582090176044e-05 2.087479852332e-05 1.711786569045e-04
7 3 4 0.62360591 0.54942895 0.51401441 0.59667130 0.50177611 2.495105179388e-06 1.150577287753e-05 7.836188826196e-05 2.137989877284e-05 1.153817878228e-04
7 4 4 0.62360591 0.54942895 0.51401441 0.59667130 0.50177611 2.402955281475e-06 1.110597959078e-05 1.064760872395e-04 1.877771065264e-05 6.953135432734e-05
7 5 4 0.62360591 0.54942895 0.51401441 0.59667130 0.50177611 2.314212136330e-06 1.071920710255e-05 1.199838012039e-04 1.363004004426e-05 4.219081889816e-05
7 6 4 0.62360591 0.54942895 0.51401441 0.59667130 0.50177611 2.228875819071e-06 1.034565087851e-05 1.144092482703e-04 7.607110563612e-06 3.723168364910e-05
7 7 4 0.62360591 0.54942895 0.51401441 0.59667130 0.50177611 2.146946401940e-06 9.985499697475e-06 9.212411718849e-05 2.802587403226e-06 5.326652385566e-05
7 8 4 0.62360591 0.54942895 0.51401441 0.59667130 0.50177611 2.068423954287e-06 9.638935573831e-06 6.107228449244e-05 8.771344638810e-07 8.430999974747e-05
7 9 4 0.62360591 0.54942895 0.51401441 0.59667130 0.50177611 1.993308542582e-06 9.306133682668e-06 3.168134796950e-05 2.401572070506e-06 1.214328092683e-04
7 10 4 0.62360591 0.54942895 0.51401441 0.59667130 0.50177611 1.921600230408e-06 8.987262287835e-06 1.314244397189e-05 6.668775032900e-06 1.549652065787e-04
7 11 4 0.62360591 0.54942895 0.51401441 0.59667130 0.50177611 1.853299078470e-06 8.682482672830e-06 1.036931933215e-05 1.203033956710e-05 1.767149063502e-04
7 12 4 0.62360591 0.54942895 0.51401441 0.59667130 0.50177611 1.788405144581e-06 8.391949074591e-06 2.262080035489e-05 1.658883152853e-05 1.817007051664e-04
7 13 4 0.62360591 0.54942895 0.51401441 0.59667130 0.50177611 1.726918483675e-06 8.115808620242e-06 4.413444526674e-05 1.893714301664e-05 1.690493347328e-04
7 14 4 0.62360591 0.54942895 0.51401441 0.59667130 0.50177611 1.668839147800e-06 7.854201266714e-06 6.641366419708e-05 1.863747621524e-05 1.419167861419e-04
7 15 4 0.62360591 0.54942895 0.51401441 0.59667130 0.50177611 1.614167186119e-06 7.607259743383e-06 8.128000811095e-05 1.626391839292e-05 1.065227896784e-04
7 16 4 0.62360591 0.54942895 0.51401441 0.59667130 0.50177611 1.562902644914e-06 7.375109497620e-06 8.361121821629e-05 1.302935516468e-05 7.057620522064e-05
7 17 4 0.62360591 0.54942895 0.51401441 0.59667130 0.50177611 1.515045567579e-06 7.157868643377e-06 7.287042709612e-05 1.019122405906e-05 4.148111732034e-05
7 18 4 0.62360591 0.54942895 0.51401441 0.59667130 0.50177611 1.470595994624e-06 6.955647912752e-06 5.300019944514e-05 8.509206488652e-06 2.473065051495e-05
7 19 4 0.62360591 0.54942895 0.51401441 0.59667130 0.50177611 1.429553963678e-06 6.768550610578e-06 3.082830313218e-05 7.984887832090e-06 2.282287443093e-05
7 20 4 0.62360591 0.54942895 0.51401441 0.59667130 0.50177611 1.391919509480e-06 6.596672572039e-06 1.361272234998e-05 7.975459577378e-06 3.489482110820e-05
7 21 4 0.62360591 0.54942895 0.51401441 0.59667130 0.50177611 1.357692663890e-06 6.440102123348e-06 6.591868018185e-06 7.605367621985e-06 5.710251076639e-05
7 22 4 0.62360591 0.54942895 0.51401441 0.59667130 0.50177611 1.326873455879e-06 6.298920045457e-06 1.134468632744e-05 6.274096682030e-06 8.361545707842e-05
7 23 4 0.62360591 0.54942895 0.51401441 0.59667130 0.50177611 1.299461911537e-06 6.173199540859e-06 2.544855507440e-05 4.025026937630e-06 1.079758348278e-04
7 24 4 0.62360591 0.54942895 0.51401441 0.59667130 0.50177611 1.275458054066e-06 6.063006203452e-06 4.347216295395e-05 1.608087522881e-06 1.245155984147e-04
7 25 4 0.62360591 0.54942895 0.51401441 0.59667130 0.50177611 1.254861903787e-06 5.968397991501e-06 5.890911985467e-05 2.045449400361e-07 1.295347682223e-04
7 26 4 0.62360591 0.54942895 0.51401441 0.59667130 0.50177611 1.237673478134e-06 5.889425203683e-06 6.637966457207e-05 9.270620453879e-07 1.220123354587e-04
7 27 4 0.62360591 0.54942895 0.51401441 0.59667130 0.50177611 1.223892791656e-06 5.826130458250e-06 6.337790519435e-05 4.303112026620e-06 1.037289331747e-04
7 28 4 0.62360591 0.54942895 0.51401441 0.59667130 0.50177611 1.213519856019e-06 5.778548675291e-06 5.102039474571e-05 9.958632808887e-06 7.880350666137e-05
7 29 4 0.62360591 0.54942895 0.51401441 0.59667130 0.50177611 1.206554680005e-06 5.746707062112e-06 3.358989344746e-05 1.664048428332e-05 5.276058353165e-05
7 30 4 0.62360591 0.54942895 0.51401441 0.59667130 0.50177611 1.202997269507e-06 5.730625101735e-06 1.705481359893e-05 2.258351020424e-05 3.133049041718e-05
7 31 4 0.62360591 0.54942895 0.51401441 0.59667130 0.50177611 1.202847627539e-06 5.730314544518e-06 7.061719432112e-06 2.609314474588e-05 1.922897429090e-05
7 32 4 0.62360591 0.54942895 0.51401441 0.59667130 0.50177611 1.206105754227e-06 5.745779402905e-06 7.053498918246e-06 2.612922261899e-05 1.916008663683e-05
7 33 4 0.62360591 0.54942895 0.51401441 0.59667130 0.50177611 1.212771646812e-06 5.777015949297e-06 1.711792465376e-05 2.267299072380e-05 3.123947014387e-05
7 34 4 0.62360591 0.54942895 0.51401441 0.59667130 0.50177611 1.222845299653e-06 5.824012717058e-06 3.393819605179e-05 1.673847109959e-05 5.295347541160e-05
7 35 4 0.62360591 0.54942895 0.51401441 0.59667130 0.50177611 1.236326704221e-06 5.886750504639e-06 5.186945302587e-05 1.002165512499e-05 7.966689627243e-05
7 36 4 0.62360591 0.54942895 0.51401441 0.59667130 0.50177611 1.253215849105e-06 5.965202382836e-06 6.480686285474e-05 4.316956476096e-06 1.055857236105e-04
7 37 4 0.62360591 0.54942895 0.51401441 0.59667130 0.50177611 1.273512720009e-06 6.059333705171e-06 6.825003064097e-05 9.184114046347e-07 1.249894126631e-04
7 38 4 0.62360591 0.54942895 0.51401441 0.59667130 0.50177611 1.297217299750e-06 6.169102121391e-06 6.088788630506e-05 2.288421060099e-07 1.334866850484e-04
7 39 4 0.62360591 0.54942895 0.51401441 0.59667130 0.50177611 1.324329568263e-06 6.294457594089e-06 4.516007726945e-05 1.719628181007e-06 1.290328811436e-04
7 40 4 0.62360591 0.54942895 0.51401441 0.59667130 0.50177611 1.354849502598e-06 6.435342418430e-06 2.656433336125e-05 4.246142567946e-06 1.124817959853e-04
7 41 4 0.62360591 0.54942895 0.51401441 0.59667130 0.50177611 1.388777076919e-06 6.591691244990e-06 1.188472685346e-05 6.582157321191e-06 8.752843494556e-05
7 42 4 0.62360591 0.54942895 0.51401441 0.59667130 0.50177611 1.426112262508e-06 6.763431105695e-06 6.887693925648e-06 7.947561565092e-06 6.001903217059e-05
7 43 4 0.62360591 0.54942895 0.51401441 0.59667130 0.50177611 1.466855027759e-06 6.950481442840e-06 1.424609531925e-05 8.305985065033e-06 3.673974509641e-05
7 44 4 0.62360591 0.54942895 0.51401441 0.59667130 0.50177611 1.511005338184e-06 7.152754141217e-06 3.242278318653e-05 8.305282016801e-06 2.391838127418e-05
7 45 4 0.62360591 0.54942895 0.51401441 0.59667130 0.50177611 1.558563156410e-06 7.370153563275e-06 5.596402906335e-05 8.887861377059e-06 2.575606118496e-05
7 46 4 0.62360591 0.54942895 0.51401441 0.59667130 0.50177611 1.609528442180e-06 7.602576587392e-06 7.719474124644e-05 1.074620908085e-05 4.332496062630e-05
7 47 4 0.62360591 0.54942895 0.51401441 0.59667130 0.50177611 1.663901152351e-06 7.849912649160e-06 8.881522562432e-05 1.387650943251e-05 7.411286690227e-05
7 48 4 0.62360591 0.54942895 0.51401441 0.59667130 0.50177611 1.721681240897e-06 8.112043785719e-06 8.654281662367e-05 1.745139013205e-05 1.123698894107e-04
7 49 4 0.62360591 0.54942895 0.51401441 0.59667130 0.50177611 1.782868658909e-06 8.388844683135e-06 7.085927712612e-05 2.009856257269e-05 1.502391147066e-04
7 50 4 0.62360591 0.54942895 0.51401441 0.59667130 0.50177611 1.847463354589e-06 8.680182726766e-06 4.717059100251e-05 2.048896658188e-05 1.794672806820e-04
7 51 4 0.62360591 0.54942895 0.51401441 0.59667130 0.50177611 1.915465273259e-06 8.985918054624e-06 2.420113879781e-05 1.798563595154e-05 1.933367900951e-04
7 52 4 0.62360591 0.54942895 0.51401441 0.59667130 0.50177611 1.986874357356e-06 9.305903613753e-06 1.106746425427e-05 1.305483505119e-05 1.883770315512e-04
7 53 4 0.62360591 0.54942895 0.51401441 0.59667130 0.50177611 2.061690546431e-06 9.639985219508e-06 1.399131315863e-05 7.224801266638e-06 1.654283644742e-04
7 54 4 0.62360591 0.54942895 0.51401441 0.59667130 0.50177611 2.139913777156e-06 9.988001617854e-06 3.382002667532e-05 2.566596734142e-06 1.297521282736e-04
7 55 4 0.62360591 0.54942895 0.51401441 0.59667130 0.50177611 2.221543983311e-06 1.034978455052e-05 6.532140616722e-05 8.873427665735e-07 9.008521504306e-05
7 56 4 0.62360591 0.54942895 0.51401441 0.59667130 0.50177611 2.306581095798e-06 1.072515882309e-05 9.864799880065e-05 2.971298322956e-06 5.678555275583e-05
7 57 4 0.62360591 0.54942895 0.51401441 0.59667130 0.50177611 2.395025042633e-06 1.111394237603e-05 1.226012715078e-04 8.206887121050e-06 3.944800517124e-05
7 58 4 0.62360591 0.54942895 0.51401441 0.59667130 0.50177611 2.486875748950e-06 1.151594635848e-05 1.286353979291e-04 1.478656454650e-05 4.452972907080e-05
7 59 4 0.62360591 0.54942895 0.51401441 0.59667130 0.50177611 2.582133136995e-06 1.193097520496e-05 1.141852011133e-04 2.042053924181e-05 7.356403220116e-05
7 60 4 0.62360591 0.54942895 0.51401441 0.59667130 0.50177611 2.680797126134e-06 1.235882671488e-05 8.404249132450e-05 2.327203253696e-05 1.224422459946e-04
7 61 4 0.62360591 0.54942895 0.51401441 0.59667130 0.50177611 2.782867632846e-06 1.279929213486e-05 4.912786758321e-05 2.270939322692e-05 1.820173543185e-04
7 62 4 0.62360591 0.54942895 0.51401441 0.59667130 0.50177611 2.888344570737e-06 1.325215624375e-05 2.291806238154e-05 1.953781047165e-05 2.399771909557e-04
7 63 4 0.62360591 0.54942895 0.51401441 0.59667130 0.50177611 2.997227850507e-06 1.371719744050e-05 1.667523778460e-05 1.559883870228e-05 2.836188875684e-04
8 0 4 1.48343650 1.64143507 1.73170745 1.66955070 1.72179261 3.685904274561e+00 6.178136543666e+00 7.637176382783e+00 6.691332514824e+00 9.548634128009e+00
8 1 4 1.48343650 1.64143507 1.73170745 1.66955070 1.72179261 3.902903841077e+00 6.098833542263e+00 7.565846343145e+00 6.507426475814e+00 9.106526119604e+00
8 2 4 1.48343650 1.64143507 1.73170745 1.66955070 1.72179261 4.529400128628e+00 6.024819539848e+00 7.355189308270e+00 6.195819663810e+00 8.486634110970e+00
8 3 4 1.48343650 1.64143507 1.73170745 1.66955070 1.72179261 3.990047988116e+00 5.643348624762e+00 7.149922571503e+00 6.057243322802e+00 7.727926626885e+00
8 4 4 1.48343650 1.64143507 1.73170745 1.66955070 1.72179261 3.175219060717e+00 5.424299997759e+00 6.656305653248e+00 5.775086668302e+00 6.828564031462e+00
8 5 4 1.48343650 1.64143507 1.73170745 1.66955070 1.72179261 3.240577218194e+00 5.043049362086e+00 6.399680897104e+00 5.670842219510e+00 5.983563213245e+00
8 6 4 1.48343650 1.64143507 1.73170745 1.66955070 1.72179261 3.950223499128e+00 5.154160982482e+00 6.158864625859e+00 5.380590153588e+00 5.245302270313e+00
8 7 4 1.48343650 1.64143507 1.73170745 1.66955070 1.72179261 3.699513252297e+00 4.919647818688e+00 5.911398706078e+00 5.227146326723e+00 4.719439926302e+00
8 8 4 1.48343650 1.64143507 1.73170745 1.66955070 1.72179261 2.860855666085e+00 4.878512876246e+00 5.760597458062e+00 5.013767423903e+00 4.419894132038e+00
8 9 4 1.48343650 1.64143507 1.73170745 1.66955070 1.72179261 2.644981063405e+00 4.422576590742e+00 5.646107643821e+00 4.850039481928e+00 4.314192373109e+00
8 10 4 1.48343650 1.64143507 1.73170745 1.66955070 1.72179261 3.162480947411e+00 4.270268873192e+00 5.558882841220e+00 4.750120863952e+00 4.381616464186e+00
8 11 4 1.48343650 1.64143507 1.73170745 1.66955070 1.72179261 3.162406052652e+00 4.204409226609e+00 5.301703066591e+00 4.528515766493e+00 4.709635308398e+00
8 12 4 1.48343650 1.64143507 1.73170745 1.66955070 1.72179261 2.562133482146e+00 4.205471808514e+00 5.113013790703e+00 4.304763677561e+00 4.920493940768e+00
8 13 4 1.48343650 1.64143507 1.73170745 1.66955070 1.72179261 2.313417411166e+00 4.112617685451e+00 4.809031273365e+00 4.183288797248e+00 5.271556512689e+00
8 14 4 1.48343650 1.64143507 1.73170745 1.66955070 1.72179261 2.816212575588e+00 3.723501776423e+00 4.608926249343e+00 4.122969362853e+00 5.419760171843e+00
8 15 4 1.48343650 1.64143507 1.73170745 1.66955070 1.72179261 2.967800028874e+00 3.633804893686e+00 4.480521065332e+00 4.053085795791e+00 5.512458391898e+00
8 16 4 1.48343650 1.64143507 1.73170745 1.66955070 1.72179261 2.399091308148e+00 3.491837335372e+00 4.462360420543e+00 3.923308416962e+00 5.448952971351e+00
8 17 4 1.48343650 1.64143507 1.73170745 1.66955070 1.72179261 1.937618534869e+00 3.656565021039e+00 4.337271402404e+00 3.629348748449e+00 5.225233577064e+00
8 18 4 1.48343650 1.64143507 1.73170745 1.66955070 1.72179261 2.282505477090e+00 3.446259903008e+00 4.233124279755e+00 3.569718642557e+00 4.792210267416e+00
8 19 4 1.48343650 1.64143507 1.73170745 1.66955070 1.72179261 2.552685333117e+00 3.347711423480e+00 4.219863408952e+00 3.498183140307e+00 4.415134891598e+00
8 20 4 1.48343650 1.64143507 1.73170745 1.66955070 1.72179261 2.175104772079e+00 3.075523576981e+00 4.010203315643e+00 3.522217904455e+00 3.903416099024e+00
8 21 4 1.48343650 1.64143507 1.73170745 1.66955070 1.72179261 1.778574985487e+00 3.093538251021e+00 3.849339337761e+00 3.395280968419e+00 3.501895104432e+00
8 22 4 1.48343650 1.64143507 1.73170745 1.66955070 1.72179261 2.020475910751e+00 3.112356403754e+00 3.664907601766e+00 3.332056397278e+00 3.121622284333e+00
8 23 4 1.48343650 1.64143507 1.73170745 1.66955070 1.72179261 2.346197213619e+00 3.148246164889e+00 3.695821682598e+00 3.192570710869e+00 2.847237139712e+00
8 24 4 1.48343650 1.64143507 1.73170745 1.66955070 1.72179261 2.095494255388e+00 3.021674927855e+00 3.592244489517e+00 3.171370150104e+00 2.799315449649e+00
8 25 4 1.48343650 1.64143507 1.73170745 1.66955070 1.72179261 1.699086120699e+00 2.805749145817e+00 3.683367621884e+00 3.063150845278e+00 2.853896837117e+00
8 26 4 1.48343650 1.64143507 1.73170745 1.66955070 1.72179261 1.886248054701e+00 2.803207778172e+00 3.641670484766e+00 3.019194135356e+00 2.971197331816e+00
8 27 4 1.48343650 1.64143507 1.73170745 1.66955070 1.72179261 2.256909642639e+00 2.824547936752e+00 3.583004334119e+00 3.106952400125e+00 3.235278227087e+00
8 28 4 1.48343650 1.64143507 1.73170745 1.66955070 1.72179261 2.072504678815e+00 3.012063847973e+00 3.508159835495e+00 3.143072903336e+00 3.548651638510e+00
8 29 4 1.48343650 1.64143507 1.73170745 1.66955070 1.72179261 1.651070637651e+00 2.836512195104e+00 3.486199395525e+00 3.060141395725e+00 3.839014048924e+00
8 30 4 1.48343650 1.64143507 1.73170745 1.66955070 1.72179261 1.639964947448e+00 2.791571847992e+00 3.416452033624e+00 2.949235154876e+00 4.104950275434e+00
8 31 4 1.48343650 1.64143507 1.73170745 1.66955070 1.72179261 1.958367565252e+00 2.638391490701e+00 3.291525807747e+00 2.825104703929e+00 4.129396716345e+00
8 32 4 1.48343650 1.64143507 1.73170745 1.66955070 1.72179261 2.081347396525e+00 2.824867617365e+00 3.482238388701e+00 2.991487829069e+00 4.275846775292e+00
8 33 4 1.48343650 1.64143507 1.73170745 1.66955070 1.72179261 1.794344241291e+00 2.921544988957e+00 3.553911625609e+00 3.160503593577e+00 4.185826832692e+00
8 34 4 1.48343650 1.64143507 1.73170745 1.66955070 1.72179261 1.726207307471e+00 2.962564527944e+00 3.624482158474e+00 3.132431993972e+00 3.978348314771e+00
8 35 4 1.48343650 1.64143507 1.73170745 1.66955070 1.72179261 2.177527868696e+00 2.860864128373e+00 3.560519768692e+00 3.114833633259e+00 3.689177169106e+00
8 36 4 1.48343650 1.64143507 1.73170745 1.66955070 1.72179261 2.298702927371e+00 2.759935491728e+00 3.692812924660e+00 2.995860347931e+00 3.442189175611e+00
8 37 4 1.48343650 1.64143507 1.73170745 1.66955070 1.72179261 1.865433399320e+00 2.942172867111e+00 3.616993962258e+00 3.116589884649e+00 3.159155447344e+00
8 38 4 1.48343650 1.64143507 1.73170745 1.66955070 1.72179261 1.693197636247e+00 3.061725131642e+00 3.649511407526e+00 3.232761262610e+00 3.029529517477e+00
8 39 4 1.48343650 1.64143507 1.73170745 1.66955070 1.72179261 2.148129282205e+00 3.245227780242e+00 3.694614694908e+00 3.317358288843e+00 2.836140466814e+00
8 40 4 1.48343650 1.64143507 1.73170745 1.66955070 1.72179261 2.411245920509e+00 3.097394558195e+00 3.843409248860e+00 3.383316220937e+00 2.980607540131e+00
8 41 4 1.48343650 1.64143507 1.73170745 1.66955070 1.72179261 2.111222714448e+00 3.142373586696e+00 3.979409392978e+00 3.488015494302e+00 3.184416780615e+00
8 42 4 1.48343650 1.64143507 1.73170745 1.66955070 1.72179261 1.860679588906e+00 3.177596416083e+00 4.178359619387e+00 3.542085033935e+00 3.537431424149e+00
8 43 4 1.48343650 1.64143507 1.73170745 1.66955070 1.72179261 2.290617843341e+00 3.459117403505e+00 4.323296037063e+00 3.574105954083e+00 3.971636570472e+00
8 44 4 1.48343650 1.64143507 1.73170745 1.66955070 1.72179261 2.698152411097e+00 3.592698254725e+00 4.289197714572e+00 3.650946639129e+00 4.508973706501e+00
8 45 4 1.48343650 1.64143507 1.73170745 1.66955070 1.72179261 2.470852627619e+00 3.655621048453e+00 4.394926864426e+00 3.786590090572e+00 4.993617931256e+00
8 46 4 1.48343650 1.64143507 1.73170745 1.66955070 1.72179261 2.177356450214e+00 3.622783719956e+00 4.486273757119e+00 4.057109245735e+00 5.506048761458e+00
8 47 4 1.48343650 1.64143507 1.73170745 1.66955070 1.72179261 2.582778693142e+00 3.663747549668e+00 4.660351162070e+00 4.174891793808e+00 5.740443233545e+00
8 48 4 1.48343650 1.64143507 1.73170745 1.66955070 1.72179261 3.079603822941e+00 3.986371963979e+00 4.744574599621e+00 4.227756786565e+00 5.914089484527e+00
8 49 4 1.48343650 1.64143507 1.73170745 1.66955070 1.72179261 2.899071530712e+00 4.170353069507e+00 5.093896653094e+00 4.245871332213e+00 5.932746339081e+00
8 50 4 1.48343650 1.64143507 1.73170745 1.66955070 1.72179261 2.381473198698e+00 4.401546646380e+00 5.318723948216e+00 4.503148299354e+00 5.730109050107e+00
8 51 4 1.48343650 1.64143507 1.73170745 1.66955070 1.72179261 2.669552962542e+00 4.213512284496e+00 5.517064733626e+00 4.643875783197e+00 5.472934135838e+00
8 52 4 1.48343650 1.64143507 1.73170745 1.66955070 1.72179261 3.387497447992e+00 4.454621354704e+00 5.658082242548e+00 4.971309499358e+00 5.130048000190e+00
8 53 4 1.48343650 1.64143507 1.73170745 1.66955070 1.72179261 3.502906655512e+00 4.604380389543e+00 5.734470702729e+00 4.974054129195e+00 4.810592596115e+00
8 54 4 1.48343650 1.64143507 1.73170745 1.66955070 1.72179261 2.944061550829e+00 5.062369105471e+00 5.903998762204e+00 5.196533172025e+00 4.703565210807e+00
8 55 4 1.48343650 1.64143507 1.73170745 1.66955070 1.72179261 3.122890123102e+00 5.123470190050e+00 6.058638927562e+00 5.375095760844e+00 4.712238192014e+00
8 56 4 1.48343650 1.64143507 1.73170745 1.66955070 1.72179261 3.957002841035e+00 5.182440885444e+00 6.468050474005e+00 5.606747184283e+00 4.943101494688e+00
8 57 4 1.48343650 1.64143507 1.73170745 1.66955070 1.72179261 4.121664556912e+00 5.318794824112e+00 6.672804104978e+00 5.808136616065e+00 5.512470586887e+00
8 58 4 1.48343650 1.64143507 1.73170745 1.66955070 1.72179261 3.402179112573e+00 5.512816192566e+00 7.037888438028e+00 6.022603285475e+00 6.215657261015e+00
8 59 4 1.48343650 1.64143507 1.73170745 1.66955070 1.72179261 3.351179653826e+00 6.032458171162e+00 7.331693650108e+00 6.200689364350e+00 7.175611464327e+00
8 60 4 1.48343650 1.64143507 1.73170745 1.66955070 1.72179261 4.390294258139e+00 6.073988061596e+00 7.618822091179e+00 6.465864535839e+00 8.062607730676e+00
8 61 4 1.48343650 1.64143507 1.73170745 1.66955070 1.72179261 4.952892953604e+00 6.387307771125e+00 7.659451508293e+00 6.712669229296e+00 9.011389606920e+00
8 62 4 1.48343650 1.64143507 1.73170745 1.66955070 1.72179261 4.233051773563e+00 6.250618816002e+00 7.837715013816e+00 6.961300651889e+00 9.745362985698e+00
8 63 4 1.48343650 1.64143507 1.73170745 1.66955070 1.72179261 3.858927187096e+00 6.779834330631e+00 8.263699268907e+00 7.291996257131e+00 1.029560447210e+01
9 0 4 0.64067510 0.58209655 0.55913991 0.62436435 0.55756299 5.553432976175e-06 4.495228496327e-05 6.538758414617e-04 3.430888108563e-05 6.253248029752e-02
9 1 4 0.64067510 0.58209655 0.55913991 0.62436435 0.55756299 7.399856325373e-06 2.140469621307e-05 3.589082885600e-04 3.502482524724e-05 6.056622703884e-02
9 2 4 0.64067510 0.58209655 0.55913991 0.62436435 0.55756299 8.249215151698e-06 6.686321865420e-06 1.109925912053e-03 3.412399278257e-05 5.892972156083e-02
9 3 4 0.64067510 0.58209655 0.55913991 0.62436435 0.55756299 7.356249955763e-06 4.763563711170e-06 2.607115569720e-03 3.060103150502e-05 5.760170910181e-02
9 4 4 0.64067510 0.58209655 0.55913991 0.62436435 0.55756299 5.467223039384e-06 1.488419255412e-05 4.304944922803e-03 2.336617949309e-05 5.654436605728e-02
9 5 4 0.64067510 0.58209655 0.55913991 0.62436435 0.55756299 3.771847136631e-06 3.224751166891e-05 5.611672143953e-03 1.318949912866e-05 5.570595367874e-02
9 6 4 0.64067510 0.58209655 0.55913991 0.62436435 0.55756299 3.460842567041e-06 5.002420863897e-05 6.093196299557e-03 4.470128327821e-06 5.502444656157e-02
9 7 4 0.64067510 0.58209655 0.55913991 0.62436435 0.55756299 5.208324873566e-06 6.187634525232e-05 5.610681220722e-03 3.934039097767e-06 5.443182276272e-02
9 8 4 0.64067510 0.58209655 0.55913991 0.62436435 0.55756299 7.975621431996e-06 6.404502432467e-05 4.349073049006e-03 1.583617911647e-05 5.385866844870e-02
9 9 4 0.64067510 0.58209655 0.55913991 0.62436435 0.55756299 8.949288537801e-06 5.633264334160e-05 2.734129406006e-03 3.712178812166e-05 5.323874567709e-02
9 10 4 0.64067510 0.58209655 0.55913991 0.62436435 0.55756299 6.242735385313e-06 4.177284927752e-05 1.273934280839e-03 5.732473678072e-05 5.251319563919e-02
9 11 4 0.64067510 0.58209655 0.55913991 0.62436435 0.55756299 1.955353270859e-06 2.526139335342e-05 3.840462047112e-04 6.474611285146e-05 5.163409756456e-02
9 12 4 0.64067510 0.58209655 0.55913991 0.62436435 0.55756299 1.030873725758e-06 1.174270933792e-05 2.566445273455e-04 5.496659990594e-05 5.056716986972e-02
9 13 4 0.64067510 0.58209655 0.55913991 0.62436435 0.55756299 5.735101744129e-06 4.618298678026e-06 8.146094343953e-04 3.489161840672e-05 4.929347820309e-02
9 14 4 0.64067510 0.58209655 0.55913991 0.62436435 0.55756299 1.195078223991e-05 4.874315251318e-06 1.759656178118e-03 1.836728797797e-05 4.781009747763e-02
9 15 4 0.64067510 0.58209655 0.55913991 0.62436435 0.55756299 1.284963244679e-05 1.111117314774e-05 2.691229964957e-03 1.608594125374e-05 4.612975464105e-02
9 16 4 0.64067510 0.58209655 0.55913991 0.62436435 0.55756299 6.885535504396e-06 2.032896338979e-05 3.250846154450e-03 2.750986159748e-05 4.427954945781e-02
9 17 4 0.64067510 0.58209655 0.55913991 0.62436435 0.55756299 6.516518069237e-07 2.909497279195e-05 3.241473971763e-03 4.139238563869e-05 4.229890691548e-02
9 18 4 0.64067510 0.58209655 0.55913991 0.62436435 0.55756299 2.056716320876e-06 3.465542134592e-05 2.683707179773e-03 4.474376359785e-05 4.023695364015e-02
9 19 4 0.64067510 0.58209655 0.55913991 0.62436435 0.55756299 1.089808617413e-05 3.564719039571e-05 1.794371640820e-03 3.318289169557e-05 3.814953038563e-02
9 20 4 0.64067510 0.58209655 0.55913991 0.62436435 0.55756299 1.814911296106e-05 3.225734986036e-05 9.000116651935e-04 1.432159116535e-05 3.609605358360e-02
9 21 4 0.64067510 0.58209655 0.55913991 0.62436435 0.55756299 1.582085537267e-05 2.588559979630e-05 3.183453123824e-04 1.396862035824e-06 3.413642313100e-02
9 22 4 0.64067510 0.58209655 0.55913991 0.62436435 0.55756299 6.499796192824e-06 1.851399060945e-05 2.490652735795e-04 2.343734649617e-06 3.232814443571e-02
9 23 4 0.64067510 0.58209655 0.55913991 0.62436435 0.55756299 1.094661860293e-06 1.203989846154e-05 7.096142574804e-04 1.333837691039e-05 3.072379456682e-02
9 24 4 0.64067510 0.58209655 0.55913991 0.62436435 0.55756299 6.612062326458e-06 7.784002670077e-06 1.534739753285e-03 2.229665300391e-05 2.936891991670e-02
9 25 4 0.64067510 0.58209655 0.55913991 0.62436435 0.55756299 1.777597995659e-05 6.279677929844e-06 2.436926458620e-03 1.966317279196e-05 2.830041075509e-02
9 26 4 0.64067510 0.58209655 0.55913991 0.62436435 0.55756299 2.253694563066e-05 7.332974636141e-06 3.105396107636e-03 7.653910317447e-06 2.754536055952e-02
9 27 4 0.64067510 0.58209655 0.55913991 0.62436435 0.55756299 1.568083105204e-05 1.025677835933e-05 3.310123426638e-03 1.160990085178e-09 2.712038821256e-02
9 28 4 0.64067510 0.58209655 0.55913991 0.62436435 0.55756299 5.048384028778e-06 1.415240042244e-05 2.977159150693e-03 1.165746893072e-05 2.703138101075e-02
9 29 4 0.64067510 0.58209655 0.55913991 0.62436435 0.55756299 2.929204026613e-06 1.813569390779e-05 2.211849747686e-03 4.606979566823e-05 2.727360652871e-02
9 30 4 0.64067510 0.58209655 0.55913991 0.62436435 0.55756299 1.213448701952e-05 2.146192027187e-05 1.263623504948e-03 9.005688158028e-05 2.783214098640e-02
9 31 4 0.64067510 0.58209655 0.55913991 0.62436435 0.55756299 2.261592080072e-05 2.356423189986e-05 4.444456902117e-04 1.209289782856e-04 2.868256897759e-02
9 32 4 0.64067510 0.58209655 0.55913991 0.62436435 0.55756299 2.269056767264e-05 2.405845137849e-05 2.729782814457e-05 1.212733285064e-04 2.979192145517e-02
9 33 4 0.64067510 0.58209655 0.55913991 0.62436435 0.55756299 1.225871377434e-05 2.276832898331e-05 1.570028428062e-04 9.082434625988e-05 3.111983246458e-02
9 34 4 0.64067510 0.58209655 0.55913991 0.62436435 0.55756299 2.978852200834e-06 1.979379603828e-05 8.017785175001e-04 4.671679625632e-05 3.261990693337e-02
9 35 4 0.64067510 0.58209655 0.55913991 0.62436435 0.55756299 5.127200695209e-06 1.559730020562e-05 1.761287774036e-03 1.187704609215e-05 3.424129889295e-02
9 36 4 0.64067510 0.58209655 0.55913991 0.62436435 0.55756299 1.603208552007e-05 1.104444544229e-05 2.729381747068e-03 2.248641591692e-10 3.593049960711e-02
9 37 4 0.64067510 0.58209655 0.55913991 0.62436435 0.55756299 2.318289786576e-05 7.326472378364e-06 3.392400391115e-03 7.922654192615e-06 3.763332704005e-02
9 38 4 0.64067510 0.58209655 0.55913991 0.62436435 0.55756299 1.839310148567e-05 5.723580444905e-06 3.532077875445e-03 2.046026411803e-05 3.929709197193e-02
9 39 4 0.64067510 0.58209655 0.55913991 0.62436435 0.55756299 6.886517642834e-06 7.232881570420e-06 3.099641152970e-03 2.335859810395e-05 4.087289318456e-02
9 40 4 0.64067510 0.58209655 0.55913991 0.62436435 0.55756299 1.143289976474e-06 1.215988750990e-05 2.235795883322e-03 1.411617544730e-05 4.231796697555e-02
9 41 4 0.64067510 0.58209655 0.55913991 0.62436435 0.55756299 6.784208948632e-06 1.982565254947e-05 1.227973275836e-03 2.560718284099e-06 4.359798820764e-02
9 42 4 0.64067510 0.58209655 0.55913991 0.62436435 0.55756299 1.659842511846e-05 2.854331128860e-05 4.166190762711e-04 1.392132464246e-06 4.468919510419e-02
9 43 4 0.64067510 0.58209655 0.55913991 0.62436435 0.55756299 1.912425239827e-05 3.595349163709e-05 8.001177552144e-05 1.481904114408e-05 4.558019211200e-02
9 44 4 0.64067510 0.58209655 0.55913991 0.62436435 0.55756299 1.153275808861e-05 3.968841146153e-05 3.360172054407e-04 3.465914917432e-05 4.627327805691e-02
9 45 4 0.64067510 0.58209655 0.55913991 0.62436435 0.55756299 2.190660400848e-06 3.819574671588e-05 1.095638498918e-03 4.696670644331e-05 4.678515337207e-02
9 46 4 0.64067510 0.58209655 0.55913991 0.62436435 0.55756299 6.865661955850e-07 3.144853059086e-05 2.087423276482e-03 4.358221193176e-05 4.714688202129e-02
9 47 4 0.64067510 0.58209655 0.55913991 0.62436435 0.55756299 7.312530792402e-06 2.124757971633e-05 2.948207025959e-03 2.902574835801e-05 4.740302098878e-02
9 48 4 0.64067510 0.58209655 0.55913991 0.62436435 0.55756299 1.369072901533e-05 1.091587867913e-05 3.351905878893e-03 1.705241549853e-05 4.760988132770e-02
9 49 4 0.64067510 0.58209655 0.55913991 0.62436435 0.55756299 1.276483738334e-05 4.377297050278e-06 3.132511601263e-03 1.967310222535e-05 4.783294657078e-02
9 50 4 0.64067510 0.58209655 0.55913991 0.62436435 0.55756299 6.139924331519e-06 4.848397918895e-06 2.356343527634e-03 3.751730058018e-05 4.814354218365e-02
9 51 4 0.64067510 0.58209655 0.55913991 0.62436435 0.55756299 1.104132632983e-06 1.356562728046e-05 1.313621139494e-03 5.917120660071e-05 4.861491795342e-02
9 52 4 0.64067510 0.58209655 0.55913991 0.62436435 0.55756299 2.086651733666e-06 2.903448535860e-05 4.264971107238e-04 6.977070452346e-05 4.931796741604e-02
9 53 4 0.64067510 0.58209655 0.55913991 0.62436435 0.55756299 6.683119565154e-06 4.717176900817e-05 1.010144530327e-04 6.184757861688e-05 5.031685826254e-02
9 54 4 0.64067510 0.58209655 0.55913991 0.62436435 0.55756299 9.595082769999e-06 6.242978320249e-05 5.731982653786e-04 4.010102455989e-05 5.166487934032e-02
9 55 4 0.64067510 0.58209655 0.55913991 0.62436435 0.55756299 8.558669406210e-06 6.962610011452e-05 1.805644198193e-03 1.710460956375e-05 5.340081879754e-02
9 56 4 0.64067510 0.58209655 0.55913991 0.62436435 0.55756299 5.590558989519e-06 6.588629601141e-05 3.476834376235e-03 4.162613751880e-06 5.554617123301e-02
9 57 4 0.64067510 0.58209655 0.55913991 0.62436435 0.55756299 3.712237096669e-06 5.197507584948e-05 5.074514540138e-03 4.633117800801e-06 5.810342867801e-02
9 58 4 0.64067510 0.58209655 0.55913991 0.62436435 0.55756299 4.043362339221e-06 3.242553110123e-05 6.066871748705e-03 1.399535864526e-05 6.105564244939e-02
9 59 4 0.64067510 0.58209655 0.55913991 0.62436435 0.55756299 5.862261900131e-06 1.426368360796e-05 6.094393769118e-03 2.502908444615e-05 6.436735435681e-02
9 60 4 0.64067510 0.58209655 0.55913991 0.62436435 0.55756299 7.890206774879e-06 4.647309307591e-06 5.113218726367e-03 3.297310726095e-05 6.798689255275e-02
9 61 4 0.64067510 0.58209655 0.55913991 0.62436435 0.55756299 8.848983880031e-06 8.203082372818e-06 3.433508765103e-03 3.693948975334e-05 7.184991738489e-02
9 62 4 0.64067510 0.58209655 0.55913991 0.62436435 0.55756299 7.936633586941e-06 2.505884452243e-05 1.631103234236e-03 3.803083790012e-05 7.588399498592e-02
9 63 4 0.64067510 0.58209655 0.55913991 0.62436435 0.55756299 5.952514714389e-06 5.040899040728e-05 3.561370387464e-04 3.727032811703e-05 8.001388047849e-02
11 0 4 1.11561702 1.18479311 1.28294896 1.20200558 1.38309765 1.381490555296e+00 1.811904170607e+00 2.342432178631e+00 1.802440616589e+00 3.248655044031e+00
11 1 4 1.11561702 1.18479311 1.28294896 1.20200558 1.38309765 1.276430590812e+00 1.727400223019e+00 2.231354620698e+00 1.809305363022e+00 3.135786083620e+00
11 2 4 1.11561702 1.18479311 1.28294896 1.20200558 1.38309765 1.269740089632e+00 1.604853898204e+00 2.130817421798e+00 1.735016708331e+00 3.053413926414e+00
11 3 4 1.11561702 1.18479311 1.28294896 1.20200558 1.38309765 1.177141270883e+00 1.534183497390e+00 2.091029445484e+00 1.657642097295e+00 3.015177661235e+00
11 4 4 1.11561702 1.18479311 1.28294896 1.20200558 1.38309765 1.171902986878e+00 1.415939021448e+00 2.029425169044e+00 1.644039384749e+00 2.908435483900e+00
11 5 4 1.11561702 1.18479311 1.28294896 1.20200558 1.38309765 1.165163995678e+00 1.445002410845e+00 1.981238252724e+00 1.522517475342e+00 2.815981504455e+00
11 6 4 1.11561702 1.18479311 1.28294896 1.20200558 1.38309765 1.084892262055e+00 1.429030671730e+00 1.975304442691e+00 1.510952065474e+00 2.706925278493e+00
11 7 4 1.11561702 1.18479311 1.28294896 1.20200558 1.38309765 1.091227779579e+00 1.413736524661e+00 1.903191506009e+00 1.456176235326e+00 2.630810637344e+00
11 8 4 1.11561702 1.18479311 1.28294896 1.20200558 1.38309765 1.054613433640e+00 1.369853278755e+00 1.863350625410e+00 1.358855486361e+00 2.562792762353e+00
11 9 4 1.11561702 1.18479311 1.28294896 1.20200558 1.38309765 9.961318781401e-01 1.238684107362e+00 1.801741567344e+00 1.333342121795e+00 2.456933831350e+00
11 10 4 1.11561702 1.18479311 1.28294896 1.20200558 1.38309765 1.000990671802e+00 1.209136404394e+00 1.739595422843e+00 1.217624591214e+00 2.372358538604e+00
11 11 4 1.11561702 1.18479311 1.28294896 1.20200558 1.38309765 9.266782284906e-01 1.132722924286e+00 1.644466798989e+00 1.209555838487e+00 2.249448462683e+00
11 12 4 1.11561702 1.18479311 1.28294896 1.20200558 1.38309765 8.906806331348e-01 1.122669890299e+00 1.528560926219e+00 1.205644795104e+00 2.204849953254e+00
11 13 4 1.11561702 1.18479311 1.28294896 1.20200558 1.38309765 8.741320062930e-01 1.097479697040e+00 1.478106583802e+00 1.173305766960e+00 2.122421801901e+00
11 14 4 1.11561702 1.18479311 1.28294896 1.20200558 1.38309765 8.185138928954e-01 1.033388307110e+00 1.386026441260e+00 1.214057552681e+00 2.004227337529e+00
11 15 4 1.11561702 1.18479311 1.28294896 1.20200558 1.38309765 8.268494941645e-01 1.044208685368e+00 1.331648778063e+00 1.113622366925e+00 1.954321398260e+00
11 16 4 1.11561702 1.18479311 1.28294896 1.20200558 1.38309765 7.845340474210e-01 9.988357216999e-01 1.315305320053e+00 1.059562688531e+00 1.833940218521e+00
11 17 4 1.11561702 1.18479311 1.28294896 1.20200558 1.38309765 7.326111117135e-01 1.000581081669e+00 1.264606596956e+00 9.970348445630e-01 1.802503544381e+00
11 18 4 1.11561702 1.18479311 1.28294896 1.20200558 1.38309765 7.130939345911e-01 9.681281173912e-01 1.242453719973e+00 9.238221070527e-01 1.750780752021e+00
11 19 4 1.11561702 1.18479311 1.28294896 1.20200558 1.38309765 6.766431126137e-01 8.894108041471e-01 1.222908256111e+00 9.731501336967e-01 1.643202988563e+00
11 20 4 1.11561702 1.18479311 1.28294896 1.20200558 1.38309765 6.835233521573e-01 8.805249744331e-01 1.274226641800e+00 9.396916794397e-01 1.612893180286e+00
11 21 4 1.11561702 1.18479311 1.28294896 1.20200558 1.38309765 7.041008174514e-01 8.300630935789e-01 1.244925760469e+00 9.300291782003e-01 1.521654907922e+00
11 22 4 1.11561702 1.18479311 1.28294896 1.20200558 1.38309765 6.853900507951e-01 8.501807013852e-01 1.234477778563e+00 9.228667611615e-01 1.509642750916e+00
11 23 4 1.11561702 1.18479311 1.28294896 1.20200558 1.38309765 7.004078004792e-01 8.489867555866e-01 1.248533667420e+00 8.429199737526e-01 1.494105336021e+00
11 24 4 1.11561702 1.18479311 1.28294896 1.20200558 1.38309765 6.652382645181e-01 8.083962552916e-01 1.134579046976e+00 8.731725868251e-01 1.422148047881e+00
11 25 4 1.11561702 1.18479311 1.28294896 1.20200558 1.38309765 6.422362239996e-01 8.259556702006e-01 1.120418705515e+00 8.535126833011e-01 1.412372537034e+00
11 26 4 1.11561702 1.18479311 1.28294896 1.20200558 1.38309765 6.613270528791e-01 7.812285806418e-01 1.096367175948e+00 8.544570513202e-01 1.339255293931e+00
11 27 4 1.11561702 1.18479311 1.28294896 1.20200558 1.38309765 6.303476508501e-01 8.107460628551e-01 1.069030877285e+00 8.981886828506e-01 1.378539672256e+00
11 28 4 1.11561702 1.18479311 1.28294896 1.20200558 1.38309765 6.090451354170e-01 8.016666309660e-01 1.032236046942e+00 8.368532171344e-01 1.382800144541e+00
11 29 4 1.11561702 1.18479311 1.28294896 1.20200558 1.38309765 5.868800922659e-01 7.599723747136e-01 1.002436347270e+00 8.134790111903e-01 1.344538820012e+00
11 30 4 1.11561702 1.18479311 1.28294896 1.20200558 1.38309765 5.515807153893e-01 7.695188597134e-01 1.007964933737e+00 7.744250346249e-01 1.375159341754e+00
11 31 4 1.11561702 1.18479311 1.28294896 1.20200558 1.38309765 5.507032311124e-01 7.225042662660e-01 9.509263323528e-01 7.319484431986e-01 1.309924417076e+00
11 32 4 1.11561702 1.18479311 1.28294896 1.20200558 1.38309765 5.870088490202e-01 7.770677748365e-01 1.045546814152e+00 8.238542152798e-01 1.396934511269e+00
11 33 4 1.11561702 1.18479311 1.28294896 1.20200558 1.38309765 6.308567839191e-01 7.959353130981e-01 1.086789996605e+00 8.415575419310e-01 1.415442240082e+00
11 34 4 1.11561702 1.18479311 1.28294896 1.20200558 1.38309765 6.657906253398e-01 8.017820358638e-01 1.100694200486e+00 8.938380045130e-01 1.418301698384e+00
11 35 4 1.11561702 1.18479311 1.28294896 1.20200558 1.38309765 6.590736953446e-01 8.282798530463e-01 1.155068185051e+00 8.969422915826e-01 1.470110834744e+00
11 36 4 1.11561702 1.18479311 1.28294896 1.20200558 1.38309765 6.762304635635e-01 7.849197635854e-01 1.150451628055e+00 8.403589735163e-01 1.440554881623e+00
11 37 4 1.11561702 1.18479311 1.28294896 1.20200558 1.38309765 6.595533458773e-01 8.202373361515e-01 1.173412959763e+00 8.611108140894e-01 1.525670762516e+00
11 38 4 1.11561702 1.18479311 1.28294896 1.20200558 1.38309765 6.511893506891e-01 8.326950227761e-01 1.175348020298e+00 8.473197458037e-01 1.582823783983e+00
11 39 4 1.11561702 1.18479311 1.28294896 1.20200558 1.38309765 6.945986037305e-01 8.330941638268e-01 1.224709649208e+00 8.805499472239e-01 1.611402571331e+00
11 40 4 1.11561702 1.18479311 1.28294896 1.20200558 1.38309765 6.702463534472e-01 8.741309324700e-01 1.232626720933e+00 9.330338094040e-01 1.684692566562e+00
11 41 4 1.11561702 1.18479311 1.28294896 1.20200558 1.38309765 6.738594449092e-01 8.453634553330e-01 1.174478370648e+00 9.351923920061e-01 1.665592012077e+00
11 42 4 1.11561702 1.18479311 1.28294896 1.20200558 1.38309765 6.849433958366e-01 9.100388225349e-01 1.213351187267e+00 9.774660154136e-01 1.768641460269e+00
11 43 4 1.11561702 1.18479311 1.28294896 1.20200558 1.38309765 6.848761892504e-01 9.536047913286e-01 1.196838271815e+00 9.596770905223e-01 1.830787928670e+00
11 44 4 1.11561702 1.18479311 1.28294896 1.20200558 1.38309765 7.484031719568e-01 9.855298071826e-01 1.230941013092e+00 9.858457562917e-01 1.886688114277e+00
11 45 4 1.11561702 1.18479311 1.28294896 1.20200558 1.38309765 7.887640144006e-01 1.045093418025e+00 1.308303435244e+00 1.054605580127e+00 1.965484523492e+00
11 46 4 1.11561702 1.18479311 1.28294896 1.20200558 1.38309765 8.242880335398e-01 1.000105999810e+00 1.378304723472e+00 1.108985245608e+00 1.952978937562e+00
11 47 4 1.11561702 1.18479311 1.28294896 1.20200558 1.38309765 8.720390631732e-01 1.051488467749e+00 1.444232268383e+00 1.194982480902e+00 2.069279374127e+00
11 48 4 1.11561702 1.18479311 1.28294896 1.20200558 1.38309765 8.599361627943e-01 1.061621676659e+00 1.486716361366e+00 1.197741172890e+00 2.129309414729e+00
11 49 4 1.11561702 1.18479311 1.28294896 1.20200558 1.38309765 8.953498304854e-01 1.111093452603e+00 1.617415169734e+00 1.180352160600e+00 2.185723110161e+00
11 50 4 1.11561702 1.18479311 1.28294896 1.20200558 1.38309765 9.438080777302e-01 1.178533177596e+00 1.660163983809e+00 1.211070905192e+00 2.262156745632e+00
11 51 4 1.11561702 1.18479311 1.28294896 1.20200558 1.38309765 9.527668559494e-01 1.182784239314e+00 1.730592463033e+00 1.197365222678e+00 2.280633067085e+00
11 52 4 1.11561702 1.18479311 1.28294896 1.20200558 1.38309765 1.025153287913e+00 1.276040274830e+00 1.820764401443e+00 1.313295304327e+00 2.373790699117e+00
11 53 4 1.11561702 1.18479311 1.28294896 1.20200558 1.38309765 1.032058775277e+00 1.321363369486e+00 1.823320894851e+00 1.376157001477e+00 2.447088453467e+00
11 54 4 1.11561702 1.18479311 1.28294896 1.20200558 1.38309765 1.045684918137e+00 1.400525899832e+00 1.855073864495e+00 1.446435198008e+00 2.500681131741e+00
11 55 4 1.11561702 1.18479311 1.28294896 1.20200558 1.38309765 1.115948176298e+00 1.451320440739e+00 1.891141828873e+00 1.547875760286e+00 2.569418374246e+00
11 56 4 1.11561702 1.18479311 1.28294896 1.20200558 1.38309765 1.099667515415e+00 1.414601947576e+00 1.943772488806e+00 1.524658035575e+00 2.615738489821e+00
11 57 4 1.11561702 1.18479311 1.28294896 1.20200558 1.38309765 1.169694721575e+00 1.457604239634e+00 1.986808009741e+00 1.620156552749e+00 2.716510706275e+00
11 58 4 1.11561702 1.18479311 1.28294896 1.20200558 1.38309765 1.224084400592e+00 1.478865699669e+00 2.047878244487e+00 1.661981286006e+00 2.790831614348e+00
11 59 4 1.11561702 1.18479311 1.28294896 1.20200558 1.38309765 1.218974344092e+00 1.607366754967e+00 2.167813979430e+00 1.696078627779e+00 2.880928031046e+00
11 60 4 1.11561702 1.18479311 1.28294896 1.20200558 1.38309765 1.335868784904e+00 1.743206569042e+00 2.236785333570e+00 1.817042222500e+00 2.938740521744e+00
11 61 4 1.11561702 1.18479311 1.28294896 1.20200558 1.38309765 1.387533133635e+00 1.791710520330e+00 2.389618189026e+00 1.789891765469e+00 3.017755326496e+00
11 62 4 1.11561702 1.18479311 1.28294896 1.20200558 1.38309765 1.446801167454e+00 1.885340948064e+00 2.511479795660e+00 1.913100362691e+00 3.154688817873e+00
11 63 4 1.11561702 1.18479311 1.28294896 1.20200558 1.38309765 1.564999964280e+00 1.854619585384e+00 2.633473395596e+00 1.972878071540e+00 3.279433921657e+00
18 0 4 0.57398579 0.52339604 0.50332390 0.55882504 0.50184950 4.513562075622e-06 7.221272462242e-05 4.773292015648e-03 1.641404512304e-05 3.975629791289e-02
18 1 4 0.57398579 0.52339604 0.50332390 0.55882504 0.50184950 4.128310978624e-06 6.643414355153e-05 5.112419128845e-03 3.211730363597e-05 3.979007511111e-02
18 2 4 0.57398579 0.52339604 0.50332390 0.55882504 0.50184950 5.743985280592e-06 5.002521994446e-05 4.673037781265e-03 5.104353629001e-05 3.987248837126e-02
18 3 4 0.57398579 0.52339604 0.50332390 0.55882504 0.50184950 7.207319641313e-06 2.971566557404e-05 3.619177606613e-03 7.144876797441e-05 3.994298227082e-02
18 4 4 0.57398579 0.52339604 0.50332390 0.55882504 0.50184950 7.053315268258e-06 1.327692548497e-05 2.289136853011e-03 8.980925457049e-05 3.994742069272e-02
18 5 4 0.57398579 0.52339604 0.50332390 0.55882504 0.50184950 5.393646094653e-06 6.310770130522e-06 1.073667509520e-03 1.003950224865e-04 3.983986892691e-02
18 6 4 0.57398579 0.52339604 0.50332390 0.55882504 0.50184950 3.382849467424e-06 1.022280738484e-05 2.872103957081e-04 9.812897675562e-05 3.958389268441e-02
18 7 4 0.57398579 0.52339604 0.50332390 0.55882504 0.50184950 2.650466591252e-06 2.207774217442e-05 7.510554439508e-05 8.318797353307e-05 3.915335290506e-02
18 8 4 0.57398579 0.52339604 0.50332390 0.55882504 0.50184950 4.277983165080e-06 3.618720298439e-05 3.842239667948e-04 6.275352524872e-05 3.853270079297e-02
18 9 4 0.57398579 0.52339604 0.50332390 0.55882504 0.50184950 7.175631383972e-06 4.659917118241e-05 1.001142965926e-03 4.689275476922e-05 3.771680099596e-02
18 10 4 0.57398579 0.52339604 0.50332390 0.55882504 0.50184950 8.177089523327e-06 4.940016380261e-05 1.639282010259e-03 4.105145306910e-05 3.671033117736e-02
18 11 4 0.57398579 0.52339604 0.50332390 0.55882504 0.50184950 5.381025605924e-06 4.395585551047e-05 2.041849618983e-03 4.171841574882e-05 3.552682255449e-02
18 12 4 0.57398579 0.52339604 0.50332390 0.55882504 0.50184950 1.373148089518e-06 3.274993754425e-05 2.065155484277e-03 3.978983400408e-05 3.418741770663e-02
18 13 4 0.57398579 0.52339604 0.50332390 0.55882504 0.50184950 1.226375067318e-06 2.007357789243e-05 1.716482209921e-03 2.921546996749e-05 3.271942877644e-02
18 14 4 0.57398579 0.52339604 0.50332390 0.55882504 0.50184950 6.247686854740e-06 1.022363106851e-05 1.138013763063e-03 1.313498855664e-05 3.115478108328e-02
18 15 4 0.57398579 0.52339604 0.50332390 0.55882504 0.50184950 1.123698696610e-05 5.955329671984e-06 5.468663855925e-04 1.486102383451e-06 2.952842438346e-02
18 16 4 0.57398579 0.52339604 0.50332390 0.55882504 0.50184950 1.007789771507e-05 7.721827626909e-06 1.548401715462e-04 1.862608800178e-06 2.787678705178e-02
18 17 4 0.57398579 0.52339604 0.50332390 0.55882504 0.50184950 3.711823817668e-06 1.385241206799e-05 9.611665029202e-05 1.202011510077e-05 2.623633802781e-02
18 18 4 0.57398579 0.52339604 0.50332390 0.55882504 0.50184950 1.859422237728e-08 2.144953979105e-05 3.861030875393e-04 2.134556859035e-05 2.464230833110e-02
18 19 4 0.57398579 0.52339604 0.50332390 0.55882504 0.50184950 4.464505017485e-06 2.756252917992e-05 9.225044876181e-04 2.041889982456e-05 2.312760926911e-02
18 20 4 0.57398579 0.52339604 0.50332390 0.55882504 0.50184950 1.271379102932e-05 3.017858408627e-05 1.525073218781e-03 9.992412367927e-06 2.172196914313e-02
18 21 4 0.57398579 0.52339604 0.50332390 0.55882504 0.50184950 1.518226129132e-05 2.872559972808e-05 1.998279615488e-03 7.733273552164e-07 2.045129528590e-02
18 22 4 0.57398579 0.52339604 0.50332390 0.55882504 0.50184950 8.810977693325e-06 2.401326624372e-05 2.195034054206e-03 3.641482146731e-06 1.933725454540e-02
18 23 4 0.57398579 0.52339604 0.50332390 0.55882504 0.50184950 1.452303743140e-06 1.774673424503e-05 2.060945769471e-03 1.897183477428e-05 1.839705363847e-02
18 24 4 0.57398579 0.52339604 0.50332390 0.55882504 0.50184950 2.668256320467e-06 1.186003060418e-05 1.646321571247e-03 3.512494328545e-05 1.764339174074e-02
18 25 4 0.57398579 0.52339604 0.50332390 0.55882504 0.50184950 1.179471361438e-05 7.916230349273e-06 1.084218013544e-03 3.825953092572e-05 1.708455165730e-02
18 26 4 0.57398579 0.52339604 0.50332390 0.55882504 0.50184950 1.826016071096e-05 6.736952121189e-06 5.436395445347e-04 2.526361021199e-05 1.672459311540e-02
18 27 4 0.57398579 0.52339604 0.50332390 0.55882504 0.50184950 1.434595968021e-05 8.308412351354e-06 1.741513857362e-04 8.145072502986e-06 1.656361209408e-02
18 28 4 0.57398579 0.52339604 0.50332390 0.55882504 0.50184950 4.872792289903e-06 1.191584160033e-05 5.985544903389e-05 5.120287709197e-06 1.659803340115e-02
18 29 4 0.57398579 0.52339604 0.50332390 0.55882504 0.50184950 1.596070337718e-06 1.641113760061e-05 1.967570825128e-04 2.518822553769e-05 1.682090947809e-02
18 30 4 0.57398579 0.52339604 0.50332390 0.55882504 0.50184950 8.853631182846e-06 2.052068486889e-05 4.995728384397e-04 5.915526467103e-05 1.722220605346e-02
18 31 4 0.57398579 0.52339604 0.50332390 0.55882504 0.50184950 1.807865648632e-05 2.313082118695e-05 8.346006259618e-04 8.525832040778e-05 1.778906405617e-02
18 32 4 0.57398579 0.52339604 0.50332390 0.55882504 0.50184950 1.813499047344e-05 2.352055723516e-05 1.067253274908e-03 8.550154168878e-05 1.850603635694e-02
18 33 4 0.57398579 0.52339604 0.50332390 0.55882504 0.50184950 8.938918740150e-06 2.152596231284e-05 1.108558072444e-03 5.967461561992e-05 1.935530663416e-02
18 34 4 0.57398579 0.52339604 0.50332390 0.55882504 0.50184950 1.621237006346e-06 1.761552287010e-05 9.455175260273e-04 2.560503262665e-05 2.031690520435e-02
18 35 4 0.57398579 0.52339604 0.50332390 0.55882504 0.50184950 4.954509182018e-06 1.284382407750e-05 6.454617327770e-04 5.362073142411e-06 2.136894235701e-02
18 36 4 0.57398579 0.52339604 0.50332390 0.55882504 0.50184950 1.467881324037e-05 8.652316891627e-06 3.328254429314e-04 8.599715194219e-06 2.248788306426e-02
18 37 4 0.57398579 0.52339604 0.50332390 0.55882504 0.50184950 1.879040528620e-05 6.515821960231e-06 1.456789424713e-04 2.640036850895e-05 2.364888754609e-02
18 38 4 0.57398579 0.52339604 0.50332390 0.55882504 0.50184950 1.220494279729e-05 7.491274729020e-06 1.861248344472e-04 4.008312719093e-05 2.482623991118e-02
18 39 4 0.57398579 0.52339604 0.50332390 0.55882504 0.50184950 2.779169435294e-06 1.179118926016e-05 4.811639156751e-04 3.704162774801e-05 2.599388201916e-02
18 40 4 0.57398579 0.52339604 0.50332390 0.55882504 0.50184950 1.510180887899e-06 1.854500433479e-05 9.678487710100e-04 2.025058630860e-05 2.712606209454e-02
18 41 4 0.57398579 0.52339604 0.50332390 0.55882504 0.50184950 9.211340149849e-06 2.589411658953e-05 1.509078052949e-03 4.043739289885e-06 2.819809793204e-02
18 42 4 0.57398579 0.52339604 0.50332390 0.55882504 0.50184950 1.594303056662e-05 3.147651888487e-05 1.936362512776e-03 7.319928221405e-07 2.918724340738e-02
18 43 4 0.57398579 0.52339604 0.50332390 0.55882504 0.50184950 1.340462846675e-05 3.321161652638e-05 2.106442277280e-03 1.015879563320e-05 3.007363521753e-02
18 44 4 0.57398579 0.52339604 0.50332390 0.55882504 0.50184950 4.727421469495e-06 3.014487554405e-05 1.952967533740e-03 2.103016703505e-05 3.084128517994e-02
18 45 4 0.57398579 0.52339604 0.50332390 0.55882504 0.50184950 2.016975290187e-08 2.302350827684e-05 1.514813638584e-03 2.205009726651e-05 3.147907291009e-02
18 46 4 0.57398579 0.52339604 0.50332390 0.55882504 0.50184950 3.935511785697e-06 1.430682319493e-05 9.293890668816e-04 1.233845913871e-05 3.198168514110e-02
18 47 4 0.57398579 0.52339604 0.50332390 0.55882504 0.50184950 1.072176195079e-05 7.486036395486e-06 3.907276149102e-04 1.816639205064e-06 3.235044213120e-02
18 48 4 0.57398579 0.52339604 0.50332390 0.55882504 0.50184950 1.198492092473e-05 5.856024787009e-06 8.464250330518e-05 1.749255804899e-06 3.259394917923e-02
18 49 4 0.57398579 0.52339604 0.50332390 0.55882504 0.50184950 6.678464534496e-06 1.114773756779e-05 1.224248405570e-04 1.452631765452e-05 3.272851270165e-02
18 50 4 0.57398579 0.52339604 0.50332390 0.55882504 0.50184950 1.313233573437e-06 2.257362034862e-05 4.968831762542e-04 3.201131142516e-05 3.277826586854e-02
18 51 4 0.57398579 0.52339604 0.50332390 0.55882504 0.50184950 1.466220765295e-06 3.676695816698e-05 1.078446222491e-03 4.351268462065e-05 3.277495845211e-02
18 52 4 0.57398579 0.52339604 0.50332390 0.55882504 0.50184950 5.761822673136e-06 4.879620419289e-05 1.655979774750e-03 4.560424512684e-05 3.275737905677e-02
18 53 4 0.57398579 0.52339604 0.50332390 0.55882504 0.50184950 8.768248836546e-06 5.399706771197e-05 2.010992809337e-03 4.475122466457e-05 3.277039476058e-02
18 54 4 0.57398579 0.52339604 0.50332390 0.55882504 0.50184950 7.701530266153e-06 4.996124864274e-05 2.000603732028e-03 5.075721714810e-05 3.286361266047e-02
18 55 4 0.57398579 0.52339604 0.50332390 0.55882504 0.50184950 4.593542803466e-06 3.784233157859e-05 1.619165573907e-03 6.745987115113e-05 3.308968891878e-02
18 56 4 0.57398579 0.52339604 0.50332390 0.55882504 0.50184950 2.844682892266e-06 2.230889484303e-05 1.013592390286e-03 8.907242467190e-05 3.350233254485e-02
18 57 4 0.57398579 0.52339604 0.50332390 0.55882504 0.50184950 3.629991575093e-06 9.974769009457e-06 4.423127169986e-04 1.048153114286e-04 3.415407209749e-02
18 58 4 0.57398579 0.52339604 0.50332390 0.55882504 0.50184950 5.790004204349e-06 6.791457555641e-06 1.878157141393e-04 1.069880483017e-04 3.509387250300e-02
18 59 4 0.57398579 0.52339604 0.50332390 0.55882504 0.50184950 7.573634226236e-06 1.542049642060e-05 4.509964148101e-04 9.541507015736e-05 3.636470502795e-02
18 60 4 0.57398579 0.52339604 0.50332390 0.55882504 0.50184950 7.739450078044e-06 3.374864451460e-05 1.264986924323e-03 7.557505090166e-05 3.800118500885e-02
18 61 4 0.57398579 0.52339604 0.50332390 0.55882504 0.50184950 6.166883597118e-06 5.534166337507e-05 2.462517981005e-03 5.365196751751e-05 4.002739826901e-02
18 62 4 0.57398579 0.52339604 0.50332390 0.55882504 0.50184950 4.429428372631e-06 7.185117685043e-05 3.714211150841e-03 3.345045138082e-05 4.245503753475e-02
18 63 4 0.57398579 0.52339604 0.50332390 0.55882504 0.50184950 4.839441515952e-06 7.650184531734e-05 4.630542055264e-03 1.684228550106e-05 4.528196416947e-02
19 0 4 1.07940118 1.18764200 1.34062104 1.17763661 1.50358363 1.197782816819e+00 1.780677406529e+00 3.425650191579e+00 1.777969185492e+00 4.801838119116e+00
19 1 4 1.07940118 1.18764200 1.34062104 1.17763661 1.50358363 1.180770261992e+00 1.737036436208e+00 3.238935195421e+00 1.655861290588e+00 4.666938808142e+00
19 2 4 1.07940118 1.18764200 1.34062104 1.17763661 1.50358363 1.149757645609e+00 1.676050470706e+00 2.984939368373e+00 1.595429960408e+00 4.443004177213e+00
19 3 4 1.07940118 1.18764200 1.34062104 1.17763661 1.50358363 1.095125807471e+00 1.600823453133e+00 2.679542504693e+00 1.538454885263e+00 4.299214088908e+00
19 4 4 1.07940118 1.18764200 1.34062104 1.17763661 1.50358363 1.081448838402e+00 1.529158953147e+00 2.412111610676e+00 1.424633596701e+00 4.165752150345e+00
19 5 4 1.07940118 1.18764200 1.34062104 1.17763661 1.50358363 1.032462377581e+00 1.420116182962e+00 2.185921017866e+00 1.408641699658e+00 3.995070654606e+00
19 6 4 1.07940118 1.18764200 1.34062104 1.17763661 1.50358363 9.736162407971e-01 1.390543336769e+00 1.928778271810e+00 1.338532827735e+00 3.827428633648e+00
19 7 4 1.07940118 1.18764200 1.34062104 1.17763661 1.50358363 9.193240651492e-01 1.344064677098e+00 1.808506914947e+00 1.330698580057e+00 3.665180429456e+00
19 8 4 1.07940118 1.18764200 1.34062104 1.17763661 1.50358363 8.759812282537e-01 1.324364611519e+00 1.725238327342e+00 1.322878374448e+00 3.526110204306e+00
19 9 4 1.07940118 1.18764200 1.34062104 1.17763661 1.50358363 8.375067984491e-01 1.272481210993e+00 1.690838634912e+00 1.250197886648e+00 3.394348491491e+00
19 10 4 1.07940118 1.18764200 1.34062104 1.17763661 1.50358363 8.058350144518e-01 1.208080012389e+00 1.718701275856e+00 1.223507576210e+00 3.211103625319e+00
19 11 4 1.07940118 1.18764200 1.34062104 1.17763661 1.50358363 8.120387503708e-01 1.196742077299e+00 1.782751635341e+00 1.123893625013e+00 3.088618777871e+00
19 12 4 1.07940118 1.18764200 1.34062104 1.17763661 1.50358363 7.983226831060e-01 1.162010498339e+00 1.849936929557e+00 1.080382778032e+00 2.972482197919e+00
19 13 4 1.07940118 1.18764200 1.34062104 1.17763661 1.50358363 7.808692881528e-01 1.160531375571e+00 1.917655808175e+00 1.044950475096e+00 2.827408340945e+00
19 14 4 1.07940118 1.18764200 1.34062104 1.17763661 1.50358363 7.747366833501e-01 1.089801468473e+00 1.998445050030e+00 1.002258851300e+00 2.715877073297e+00
19 15 4 1.07940118 1.18764200 1.34062104 1.17763661 1.50358363 7.371574426903e-01 1.023127387873e+00 1.967601901842e+00 1.025043897703e+00 2.571839650239e+00
19 16 4 1.07940118 1.18764200 1.34062104 1.17763661 1.50358363 6.939311483443e-01 9.782208004288e-01 1.937233693213e+00 9.676063363658e-01 2.522325494855e+00
19 17 4 1.07940118 1.18764200 1.34062104 1.17763661 1.50358363 6.686503124345e-01 9.364180651485e-01 1.888041722431e+00 9.697524248144e-01 2.390573552480e+00
19 18 4 1.07940118 1.18764200 1.34062104 1.17763661 1.50358363 6.210863589573e-01 9.502417298267e-01 1.793666207488e+00 9.339712603249e-01 2.296855968622e+00
19 19 4 1.07940118 1.18764200 1.34062104 1.17763661 1.50358363 6.091030814551e-01 9.079827607123e-01 1.661573313659e+00 8.992246034263e-01 2.214466970193e+00
19 20 4 1.07940118 1.18764200 1.34062104 1.17763661 1.50358363 5.936568715865e-01 9.053070313531e-01 1.501980174439e+00 8.975456247473e-01 2.151091524129e+00
19 21 4 1.07940118 1.18764200 1.34062104 1.17763661 1.50358363 5.783022982666e-01 8.818175182829e-01 1.379258999078e+00 8.171867504223e-01 2.114158647834e+00
19 22 4 1.07940118 1.18764200 1.34062104 1.17763661 1.50358363 5.822882027955e-01 8.677163865669e-01 1.221392043806e+00 8.049154203068e-01 1.990388177804e+00
19 23 4 1.07940118 1.18764200 1.34062104 1.17763661 1.50358363 5.745146773285e-01 8.676126132187e-01 1.192287491626e+00 7.745080007248e-01 1.986229573435e+00
19 24 4 1.07940118 1.18764200 1.34062104 1.17763661 1.50358363 5.832533044588e-01 8.125233274776e-01 1.115192264448e+00 7.727398110280e-01 1.925369322223e+00
19 25 4 1.07940118 1.18764200 1.34062104 1.17763661 1.50358363 5.901282274768e-01 8.106280224152e-01 1.066365781743e+00 8.205742915719e-01 1.935113487422e+00
19 26 4 1.07940118 1.18764200 1.34062104 1.17763661 1.50358363 5.854249204954e-01 7.877111615362e-01 1.091459521999e+00 7.991998021512e-01 1.863305916147e+00
19 27 4 1.07940118 1.18764200 1.34062104 1.17763661 1.50358363 5.855176127945e-01 8.089652941649e-01 1.149310895097e+00 8.273254846245e-01 1.834250821838e+00
19 28 4 1.07940118 1.18764200 1.34062104 1.17763661 1.50358363 5.354315275491e-01 8.189962379154e-01 1.232318630080e+00 7.949122210717e-01 1.877321126033e+00
19 29 4 1.07940118 1.18764200 1.34062104 1.17763661 1.50358363 5.047603977971e-01 7.746059697123e-01 1.304688325244e+00 7.290492379763e-01 1.840362400505e+00
19 30 4 1.07940118 1.18764200 1.34062104 1.17763661 1.50358363 4.940610654526e-01 7.667969384168e-01 1.396364544408e+00 7.209548887241e-01 1.885147769541e+00
19 31 4 1.07940118 1.18764200 1.34062104 1.17763661 1.50358363 4.675731747803e-01 7.297332480469e-01 1.383967774441e+00 6.724310763963e-01 1.812068270017e+00
19 32 4 1.07940118 1.18764200 1.34062104 1.17763661 1.50358363 5.207306647910e-01 7.791100290689e-01 1.504591375082e+00 7.485259452109e-01 1.912929479612e+00
19 33 4 1.07940118 1.18764200 1.34062104 1.17763661 1.50358363 5.606897632386e-01 8.086448757739e-01 1.525194742233e+00 7.935013269444e-01 1.925806474114e+00
19 34 4 1.07940118 1.18764200 1.34062104 1.17763661 1.50358363 5.774984678867e-01 8.190827591144e-01 1.485397812278e+00 8.145978973391e-01 1.947366093924e+00
19 35 4 1.07940118 1.18764200 1.34062104 1.17763661 1.50358363 6.076094834475e-01 8.245191204438e-01 1.448726021510e+00 8.441433659624e-01 1.984275246614e+00
19 36 4 1.07940118 1.18764200 1.34062104 1.17763661 1.50358363 5.942215836865e-01 7.852737645855e-01 1.371571034394e+00 7.810440973805e-01 2.003219228271e+00
19 37 4 1.07940118 1.18764200 1.34062104 1.17763661 1.50358363 5.671603393943e-01 8.245345561256e-01 1.320613550450e+00 7.843657570549e-01 2.139927405154e+00
19 38 4 1.07940118 1.18764200 1.34062104 1.17763661 1.50358363 5.637301907887e-01 8.388808840494e-01 1.264959256522e+00 7.737262157244e-01 2.137043145280e+00
19 39 4 1.07940118 1.18764200 1.34062104 1.17763661 1.50358363 5.576373711988e-01 8.743363427987e-01 1.257952853398e+00 7.732149234972e-01 2.212899882844e+00
19 40 4 1.07940118 1.18764200 1.34062104 1.17763661 1.50358363 5.729850496059e-01 8.923928164639e-01 1.171715338284e+00 8.481001507159e-01 2.267012264984e+00
19 41 4 1.07940118 1.18764200 1.34062104 1.17763661 1.50358363 5.914304776122e-01 8.750295395979e-01 1.209942152233e+00 8.674032089872e-01 2.379924069224e+00
19 42 4 1.07940118 1.18764200 1.34062104 1.17763661 1.50358363 6.098247363346e-01 9.195322578213e-01 1.290860996219e+00 9.286946558983e-01 2.471293931073e+00
19 43 4 1.07940118 1.18764200 1.34062104 1.17763661 1.50358363 6.475719762173e-01 9.182301952644e-01 1.379076861917e+00 9.497187669649e-01 2.505843509193e+00
19 44 4 1.07940118 1.18764200 1.34062104 1.17763661 1.50358363 6.653025441647e-01 9.673540220212e-01 1.518685965455e+00 9.357343516858e-01 2.625714962562e+00
19 45 4 1.07940118 1.18764200 1.34062104 1.17763661 1.50358363 7.104768555157e-01 9.836837686579e-01 1.645977911238e+00 9.895499593837e-01 2.709603112077e+00
19 46 4 1.07940118 1.18764200 1.34062104 1.17763661 1.50358363 7.424210211674e-01 1.019447369216e+00 1.800749094994e+00 9.780737276478e-01 2.851572241897e+00
19 47 4 1.07940118 1.18764200 1.34062104 1.17763661 1.50358363 7.568280497557e-01 1.098318655792e+00 1.931295836863e+00 1.022919718754e+00 2.898434660504e+00
19 48 4 1.07940118 1.18764200 1.34062104 1.17763661 1.50358363 7.859766703419e-01 1.135417808585e+00 2.103287226363e+00 1.044276495977e+00 3.010375647282e+00
19 49 4 1.07940118 1.18764200 1.34062104 1.17763661 1.50358363 7.792275624941e-01 1.196196916786e+00 2.151535573117e+00 1.064216800118e+00 3.139579990479e+00
19 50 4 1.07940118 1.18764200 1.34062104 1.17763661 1.50358363 7.849952480300e-01 1.180823186071e+00 2.168867699905e+00 1.155270643415e+00 3.232955021893e+00
19 51 4 1.07940118 1.18764200 1.34062104 1.17763661 1.50358363 8.130763943691e-01 1.196107974527e+00 2.192144425424e+00 1.183654768389e+00 3.355375247575e+00
19 52 4 1.07940118 1.18764200 1.34062104 1.17763661 1.50358363 8.247921370076e-01 1.240227520142e+00 2.144259614040e+00 1.278034736921e+00 3.424918669541e+00
19 53 4 1.07940118 1.18764200 1.34062104 1.17763661 1.50358363 8.731828917596e-01 1.289059420505e+00 2.089638264676e+00 1.304954251268e+00 3.578168811870e+00
19 54 4 1.07940118 1.18764200 1.34062104 1.17763661 1.50358363 9.357497482193e-01 1.373026036186e+00 2.028310129247e+00 1.321324987259e+00 3.680530446679e+00
19 55 4 1.07940118 1.18764200 1.34062104 1.17763661 1.50358363 9.863350431492e-01 1.385790890252e+00 2.004381871047e+00 1.365243636079e+00 3.767459227535e+00
19 56 4 1.07940118 1.18764200 1.34062104 1.17763661 1.50358363 1.034081541919e+00 1.452145624696e+00 1.973405660559e+00 1.351907296728e+00 3.892617120030e+00
19 57 4 1.07940118 1.18764200 1.34062104 1.17763661 1.50358363 1.082606625108e+00 1.509571873546e+00 2.062324257949e+00 1.457767089628e+00 4.009643727334e+00
19 58 4 1.07940118 1.18764200 1.34062104 1.17763661 1.50358363 1.112431604183e+00 1.606709875607e+00 2.197452353730e+00 1.509981264230e+00 4.128500870016e+00
19 59 4 1.07940118 1.18764200 1.34062104 1.17763661 1.50358363 1.121790518801e+00 1.695604507248e+00 2.345589318353e+00 1.593293875362e+00 4.216586605555e+00
19 60 4 1.07940118 1.18764200 1.34062104 1.17763661 1.50358363 1.155840859463e+00 1.723189857392e+00 2.640035970586e+00 1.697777478932e+00 4.322094981627e+00
19 61 4 1.07940118 1.18764200 1.34062104 1.17763661 1.50358363 1.203149663230e+00 1.784459020985e+00 2.923904202786e+00 1.699824285970e+00 4.478340486472e+00
19 62 4 1.07940118 1.18764200 1.34062104 1.17763661 1.50358363 1.221260772426e+00 1.808156764573e+00 3.212124980270e+00 1.814883993286e+00 4.601386370750e+00
19 63 4 1.07940118 1.18764200 1.34062104 1.17763661 1.50358363 1.276569267307e+00 1.892623280321e+00 3.492112714744e+00 1.810627696442e+00 4.661150041787e+00
22 0 4 0.69551400 0.69330594 0.72325719 0.71206922 0.77360107 1.938882622878e-01 2.049730198480e-01 2.360576390629e-01 2.389183731648e-01 3.030850000322e-01
22 1 4 0.69551400 0.69330594 0.72325719 0.71206922 0.77360107 1.836868925400e-01 1.929764524449e-01 2.320569962441e-01 2.283697507634e-01 2.876897418846e-01
22 2 4 0.69551400 0.69330594 0.72325719 0.71206922 0.77360107 1.773458846459e-01 1.837178075383e-01 2.232883633139e-01 2.155033724313e-01 2.751748914246e-01
22 3 4 0.69551400 0.69330594 0.72325719 0.71206922 0.77360107 1.693315973610e-01 1.783309298868e-01 2.159801758041e-01 2.031677682485e-01 2.667673345264e-01
22 4 4 0.69551400 0.69330594 0.72325719 0.71206922 0.77360107 1.636503873721e-01 1.749162651466e-01 2.173325074271e-01 1.915584154236e-01 2.664180642799e-01
22 5 4 0.69551400 0.69330594 0.72325719 0.71206922 0.77360107 1.590615476219e-01 1.703009774366e-01 2.170014339836e-01 1.851855482417e-01 2.530908097379e-01
22 6 4 0.69551400 0.69330594 0.72325719 0.71206922 0.77360107 1.561765291180e-01 1.642006783718e-01 2.089028988141e-01 1.766789072168e-01 2.466666948794e-01
22 7 4 0.69551400 0.69330594 0.72325719 0.71206922 0.77360107 1.512387788458e-01 1.602733718060e-01 2.059333984199e-01 1.693250306323e-01 2.392283662959e-01
22 8 4 0.69551400 0.69330594 0.72325719 0.71206922 0.77360107 1.420770291827e-01 1.611702098590e-01 2.084906388445e-01 1.622936441156e-01 2.215138506802e-01
22 9 4 0.69551400 0.69330594 0.72325719 0.71206922 0.77360107 1.336349850772e-01 1.640229162234e-01 2.002067265934e-01 1.557793542780e-01 2.101901518960e-01
22 10 4 0.69551400 0.69330594 0.72325719 0.71206922 0.77360107 1.278749596493e-01 1.630630344256e-01 1.836611573561e-01 1.504386531644e-01 1.969912969724e-01
22 11 4 0.69551400 0.69330594 0.72325719 0.71206922 0.77360107 1.255931025897e-01 1.558179100324e-01 1.732782363978e-01 1.457704218300e-01 1.928847402876e-01
22 12 4 0.69551400 0.69330594 0.72325719 0.71206922 0.77360107 1.245135488086e-01 1.449890258187e-01 1.648367952265e-01 1.433055772294e-01 1.905610878727e-01
22 13 4 0.69551400 0.69330594 0.72325719 0.71206922 0.77360107 1.266065220819e-01 1.351506506628e-01 1.513535591435e-01 1.390695012494e-01 1.802870486826e-01
22 14 4 0.69551400 0.69330594 0.72325719 0.71206922 0.77360107 1.264729575007e-01 1.291211424686e-01 1.417997994842e-01 1.332672294421e-01 1.812761259768e-01
22 15 4 0.69551400 0.69330594 0.72325719 0.71206922 0.77360107 1.212177784100e-01 1.265830639351e-01 1.392304113626e-01 1.278593672083e-01 1.793893302022e-01
22 16 4 0.69551400 0.69330594 0.72325719 0.71206922 0.77360107 1.137308464846e-01 1.247048414939e-01 1.346030015404e-01 1.245968430793e-01 1.716588152575e-01
22 17 4 0.69551400 0.69330594 0.72325719 0.71206922 0.77360107 1.082450512877e-01 1.207613551102e-01 1.296785457543e-01 1.248163092092e-01 1.674857277385e-01
22 18 4 0.69551400 0.69330594 0.72325719 0.71206922 0.77360107 1.042555189377e-01 1.151825881086e-01 1.307650471821e-01 1.270954996536e-01 1.561782200393e-01
22 19 4 0.69551400 0.69330594 0.72325719 0.71206922 0.77360107 1.015409503479e-01 1.111461384449e-01 1.299633517709e-01 1.263135860894e-01 1.547481697031e-01
22 20 4 0.69551400 0.69330594 0.72325719 0.71206922 0.77360107 9.969493337296e-02 1.103055746728e-01 1.234942299980e-01 1.215836819688e-01 1.523694802770e-01
22 21 4 0.69551400 0.69330594 0.72325719 0.71206922 0.77360107 9.794184990556e-02 1.101522295261e-01 1.230840289301e-01 1.136242535090e-01 1.459715311040e-01
22 22 4 0.69551400 0.69330594 0.72325719 0.71206922 0.77360107 9.372699593040e-02 1.068196443360e-01 1.280663609593e-01 1.077010205860e-01 1.517306645165e-01
22 23 4 0.69551400 0.69330594 0.72325719 0.71206922 0.77360107 9.010594167986e-02 9.956590727239e-02 1.238300029761e-01 1.040015609394e-01 1.468645652260e-01
22 24 4 0.69551400 0.69330594 0.72325719 0.71206922 0.77360107 8.768415494336e-02 9.134147042259e-02 1.145028988248e-01 1.020433479469e-01 1.438716750054e-01
22 25 4 0.69551400 0.69330594 0.72325719 0.71206922 0.77360107 8.894758532475e-02 8.566767763137e-02 1.137019931318e-01 1.033877726574e-01 1.422430652087e-01
22 26 4 0.69551400 0.69330594 0.72325719 0.71206922 0.77360107 8.922325352957e-02 8.386855855618e-02 1.141796878750e-01 1.042230819561e-01 1.369908976482e-01
22 27 4 0.69551400 0.69330594 0.72325719 0.71206922 0.77360107 8.771107880822e-02 8.457195477671e-02 1.069989887616e-01 1.052069486729e-01 1.410727212801e-01
22 28 4 0.69551400 0.69330594 0.72325719 0.71206922 0.77360107 8.384942655931e-02 8.500853124411e-02 1.019981537787e-01 1.017772902231e-01 1.327938225191e-01
22 29 4 0.69551400 0.69330594 0.72325719 0.71206922 0.77360107 7.968896985563e-02 8.348692786663e-02 1.024365815436e-01 9.619616791260e-02 1.244380878914e-01
22 30 4 0.69551400 0.69330594 0.72325719 0.71206922 0.77360107 7.634361670894e-02 8.134330080941e-02 9.921385177727e-02 9.073412138997e-02 1.244295847692e-01
22 31 4 0.69551400 0.69330594 0.72325719 0.71206922 0.77360107 7.629928895638e-02 8.170471326258e-02 9.684231598872e-02 8.977133833745e-02 1.220580033077e-01
22 32 4 0.69551400 0.69330594 0.72325719 0.71206922 0.77360107 8.282346512683e-02 8.568888718271e-02 1.040085210433e-01 9.681264382975e-02 1.308062362011e-01
22 33 4 0.69551400 0.69330594 0.72325719 0.71206922 0.77360107 8.968604308693e-02 9.079343553798e-02 1.115723113603e-01 1.045269419937e-01 1.383070629716e-01
22 34 4 0.69551400 0.69330594 0.72325719 0.71206922 0.77360107 9.513956609312e-02 9.388678329265e-02 1.127632188560e-01 1.100322309887e-01 1.437994525136e-01
22 35 4 0.69551400 0.69330594 0.72325719 0.71206922 0.77360107 9.629123469853e-02 9.488686661042e-02 1.164150132241e-01 1.095253271604e-01 1.520457517518e-01
22 36 4 0.69551400 0.69330594 0.72325719 0.71206922 0.77360107 9.692136236062e-02 9.650707005749e-02 1.223753345031e-01 1.071714492209e-01 1.456182546949e-01
22 37 4 0.69551400 0.69330594 0.72325719 0.71206922 0.77360107 9.507916259364e-02 1.010250119622e-01 1.212696481745e-01 1.056582803818e-01 1.461521324856e-01
22 38 4 0.69551400 0.69330594 0.72325719 0.71206922 0.77360107 9.567872738747e-02 1.080649649734e-01 1.193824912841e-01 1.065735935134e-01 1.513824896417e-01
22 39 4 0.69551400 0.69330594 0.72325719 0.71206922 0.77360107 9.904116503007e-02 1.148744977223e-01 1.255015928378e-01 1.111744433874e-01 1.499976730506e-01
22 40 4 0.69551400 0.69330594 0.72325719 0.71206922 0.77360107 1.042450504283e-01 1.182386726076e-01 1.286320500268e-01 1.164147244746e-01 1.558008623989e-01
22 41 4 0.69551400 0.69330594 0.72325719 0.71206922 0.77360107 1.079927826841e-01 1.171657222603e-01 1.225645006047e-01 1.223524732140e-01 1.527642440694e-01
22 42 4 0.69551400 0.69330594 0.72325719 0.71206922 0.77360107 1.093925195499e-01 1.144430990152e-01 1.221601984588e-01 1.270915203736e-01 1.579474323160e-01
22 43 4 0.69551400 0.69330594 0.72325719 0.71206922 0.77360107 1.112996843296e-01 1.144430276145e-01 1.310074792372e-01 1.285908672692e-01 1.680651764957e-01
22 44 4 0.69551400 0.69330594 0.72325719 0.71206922 0.77360107 1.147010135506e-01 1.185168814119e-01 1.346879528719e-01 1.263877557467e-01 1.689585311455e-01
22 45 4 0.69551400 0.69330594 0.72325719 0.71206922 0.77360107 1.197529362035e-01 1.236683680251e-01 1.346324030191e-01 1.246959748422e-01 1.819086558843e-01
22 46 4 0.69551400 0.69330594 0.72325719 0.71206922 0.77360107 1.245904019435e-01 1.266508782274e-01 1.424771745364e-01 1.273085332244e-01 1.878656703077e-01
22 47 4 0.69551400 0.69330594 0.72325719 0.71206922 0.77360107 1.298008310712e-01 1.280502073018e-01 1.519752282715e-01 1.349703218016e-01 1.910046632590e-01
22 48 4 0.69551400 0.69330594 0.72325719 0.71206922 0.77360107 1.323893670488e-01 1.310986865026e-01 1.570387152595e-01 1.430154080691e-01 1.967156914513e-01
22 49 4 0.69551400 0.69330594 0.72325719 0.71206922 0.77360107 1.308218145000e-01 1.375117711706e-01 1.671045227013e-01 1.506377070827e-01 1.972056223491e-01
22 50 4 0.69551400 0.69330594 0.72325719 0.71206922 0.77360107 1.304259285938e-01 1.456245078382e-01 1.806558713581e-01 1.556323997162e-01 2.108699842112e-01
22 51 4 0.69551400 0.69330594 0.72325719 0.71206922 0.77360107 1.357295013078e-01 1.517788849975e-01 1.863072444664e-01 1.599686844930e-01 2.212213823260e-01
22 52 4 0.69551400 0.69330594 0.72325719 0.71206922 0.77360107 1.443778767300e-01 1.529871872043e-01 1.900013159889e-01 1.674907283682e-01 2.270873692394e-01
22 53 4 0.69551400 0.69330594 0.72325719 0.71206922 0.77360107 1.544741713544e-01 1.497177792158e-01 1.983864947613e-01 1.756137121677e-01 2.461610583063e-01
22 54 4 0.69551400 0.69330594 0.72325719 0.71206922 0.77360107 1.650038444889e-01 1.467748220555e-01 1.997394383016e-01 1.858818071113e-01 2.599083226189e-01
22 55 4 0.69551400 0.69330594 0.72325719 0.71206922 0.77360107 1.745895026916e-01 1.495871897200e-01 1.922765478432e-01 1.939602263944e-01 2.725656446255e-01
22 56 4 0.69551400 0.69330594 0.72325719 0.71206922 0.77360107 1.780615085257e-01 1.585795712969e-01 1.923938448263e-01 2.043115570099e-01 2.807962765417e-01
22 57 4 0.69551400 0.69330594 0.72325719 0.71206922 0.77360107 1.823405259495e-01 1.689705032642e-01 2.012592292852e-01 2.136544067563e-01 2.814090044884e-01
22 58 4 0.69551400 0.69330594 0.72325719 0.71206922 0.77360107 1.879434520791e-01 1.769858136598e-01 2.053185872456e-01 2.224484963240e-01 2.955799229626e-01
22 59 4 0.69551400 0.69330594 0.72325719 0.71206922 0.77360107 1.987464049184e-01 1.840425698140e-01 2.077672677622e-01 2.348665546705e-01 3.008832757867e-01
22 60 4 0.69551400 0.69330594 0.72325719 0.71206922 0.77360107 2.081016468331e-01 1.935934389440e-01 2.199985185066e-01 2.465877571867e-01 3.099606287080e-01
22 61 4 0.69551400 0.69330594 0.72325719 0.71206922 0.77360107 2.183369626201e-01 2.061248593026e-01 2.354203192444e-01 2.583012895286e-01 3.313300076148e-01
22 62 4 0.69551400 0.69330594 0.72325719 0.71206922 0.77360107 2.279543162027e-01 2.188054820673e-01 2.442577749557e-01 2.647071076630e-01 3.464218317723e-01
22 63 4 0.69551400 0.69330594 0.72325719 0.71206922 0.77360107 2.377852741858e-01 2.283331998000e-01 2.534576352583e-01 2.714984615402e-01 3.629744037218e-01
24 0 4 0.59028508 0.55103810 0.54108273 0.58240329 0.54897830 3.065119475828e-05 1.517422903992e-02 6.615259954967e-02 1.575436495415e-03 8.811301151917e-02
24 1 4 0.59028508 0.55103810 0.54108273 0.58240329 0.54897830 1.438302838715e-05 1.450681304963e-02 6.349937284214e-02 1.904537511036e-03 8.418245600659e-02
24 2 4 0.59028508 0.55103810 0.54108273 0.58240329 0.54897830 4.708283487641e-06 1.359419254859e-02 6.143575375329e-02 2.025900503254e-03 8.026943381159e-02
24 3 4 0.59028508 0.55103810 0.54108273 0.58240329 0.54897830 1.244728246985e-05 1.284674918839e-02 5.975151803076e-02 2.079502066432e-03 7.638995545276e-02
24 4 4 0.59028508 0.55103810 0.54108273 0.58240329 0.54897830 2.396188601002e-05 1.264342606844e-02 5.817586354210e-02 2.106782570269e-03 7.256094676827e-02
24 5 4 0.59028508 0.55103810 0.54108273 0.58240329 0.54897830 2.312722461395e-05 1.296979134695e-02 5.644747793531e-02 2.007568331674e-03 6.879982300505e-02
24 6 4 0.59028508 0.55103810 0.54108273 0.58240329 0.54897830 1.256393243387e-05 1.339692482000e-02 5.437748246502e-02 1.739001602969e-03 6.512407403480e-02
24 7 4 0.59028508 0.55103810 0.54108273 0.58240329 0.54897830 6.082887471110e-06 1.343316898787e-02 5.189025264664e-02 1.408869832530e-03 6.155087158290e-02
24 8 4 0.59028508 0.55103810 0.54108273 0.58240329 0.54897830 8.882432362647e-06 1.293897151689e-02 4.903387823915e-02 1.149571585569e-03 5.809670831201e-02
24 9 4 0.59028508 0.55103810 0.54108273 0.58240329 0.54897830 1.423668277180e-05 1.223583342289e-02 4.596026471155e-02 1.002587964746e-03 5.477707729873e-02
24 10 4 0.59028508 0.55103810 0.54108273 0.58240329 0.54897830 1.558091319133e-05 1.181562598309e-02 4.288236009437e-02 9.504735706212e-04 5.160619890735e-02
24 11 4 0.59028508 0.55103810 0.54108273 0.58240329 0.54897830 1.314163436191e-05 1.191092336943e-02 4.002089210855e-02 9.661190460861e-04 4.859680036515e-02
24 12 4 0.59028508 0.55103810 0.54108273 0.58240329 0.54897830 9.560378541914e-06 1.230094991191e-02 3.755434173360e-02 9.898547570077e-04 4.575995152452e-02
24 13 4 0.59028508 0.55103810 0.54108273 0.58240329 0.54897830 6.464757182436e-06 1.250921809336e-02 3.558369118513e-02 9.436283160985e-04 4.310495842210e-02
24 14 4 0.59028508 0.55103810 0.54108273 0.58240329 0.54897830 6.247666283124e-06 1.220539836298e-02 3.411869029513e-02 8.271398877709e-04 4.063931437144e-02
24 15 4 0.59028508 0.55103810 0.54108273 0.58240329 0.54897830 1.073208886578e-05 1.146159283359e-02 3.308646693524e-02 7.346843102634e-04 3.836870651288e-02
24 16 4 0.59028508 0.55103810 0.54108273 0.58240329 0.54897830 1.598353315317e-05 1.066053467989e-02 3.235786112809e-02 7.154453690734e-04 3.629707404616e-02
24 17 4 0.59028508 0.55103810 0.54108273 0.58240329 0.54897830 1.450407034353e-05 1.016098039430e-02 3.178318037354e-02 6.827217084491e-04 3.442671284277e-02
24 18 4 0.59028508 0.55103810 0.54108273 0.58240329 0.54897830 6.228892558087e-06 1.001801184804e-02 3.122785064950e-02 5.465444265686e-04 3.275841981789e-02
24 19 4 0.59028508 0.55103810 0.54108273 0.58240329 0.54897830 1.804659169173e-06 9.980430152047e-03 3.059967057306e-02 3.819572686752e-04 3.129166937643e-02
24 20 4 0.59028508 0.55103810 0.54108273 0.58240329 0.54897830 9.012392755125e-06 9.734412391740e-03 2.986245398035e-02 3.451246960392e-04 3.002481346400e-02
24 21 4 0.59028508 0.55103810 0.54108273 0.58240329 0.54897830 1.986875724684e-05 9.164109917927e-03 2.903478148724e-02 4.351429490832e-04 2.895529627198e-02
24 22 4 0.59028508 0.55103810 0.54108273 0.58240329 0.54897830 1.954045428865e-05 8.416085555728e-03 2.817630703896e-02 4.776193273184e-04 2.807987447657e-02
24 23 4 0.59028508 0.55103810 0.54108273 0.58240329 0.54897830 7.484751356327e-06 7.745204562060e-03 2.736670761528e-02 3.886206620381e-04 2.739483403747e-02
24 24 4 0.59028508 0.55103810 0.54108273 0.58240329 0.54897830 2.435527629657e-07 7.302048008705e-03 2.668342982819e-02 3.225813774844e-04 2.689619503158e-02
24 25 4 0.59028508 0.55103810 0.54108273 0.58240329 0.54897830 9.109228749989e-06 7.044069934035e-03 2.618382804275e-02 4.513963229934e-04 2.657989673388e-02
24 26 4 0.59028508 0.55103810 0.54108273 0.58240329 0.54897830 2.316129925577e-05 6.819151592488e-03 2.589544940058e-02 6.904771747793e-04 2.644195615216e-02
24 27 4 0.59028508 0.55103810 0.54108273 0.58240329 0.54897830 2.324852860820e-05 6.517714642466e-03 2.581570131094e-02 8.028896565306e-04 2.647859444054e-02
24 28 4 0.59028508 0.55103810 0.54108273 0.58240329 0.54897830 8.905961438530e-06 6.151687840190e-03 2.591961649468e-02 7.520440405566e-04 2.668632701359e-02
24 29 4 0.59028508 0.55103810 0.54108273 0.58240329 0.54897830 2.258905141300e-09 5.810084157461e-03 2.617250527092e-02 7.709547475933e-04 2.706201471314e-02
24 30 4 0.59028508 0.55103810 0.54108273 0.58240329 0.54897830 9.418611697292e-06 5.560396016877e-03 2.654334675735e-02 1.014334659722e-03 2.760287498792e-02
24 31 4 0.59028508 0.55103810 0.54108273 0.58240329 0.54897830 2.464669364485e-05 5.400187932288e-03 2.701495122367e-02 1.293544183919e-03 2.830645368004e-02
24 32 4 0.59028508 0.55103810 0.54108273 0.58240329 0.54897830 2.477096803626e-05 5.293946725635e-03 2.758809824741e-02 1.303576104004e-03 2.917055961505e-02
24 33 4 0.59028508 0.55103810 0.54108273 0.58240329 0.54897830 9.589848966751e-06 5.236833087879e-03 2.827868588377e-02 1.037498708394e-03 3.019316571036e-02
24 34 4 0.59028508 0.55103810 0.54108273 0.58240329 0.54897830 3.661460527671e-09 5.265106491243e-03 2.910895546222e-02 7.958496089824e-04 3.137228169841e-02
24 35 4 0.59028508 0.55103810 0.54108273 0.58240329 0.54897830 8.970772336237e-06 5.400035381930e-03 3.009559484407e-02 7.760320930357e-04 3.270580475946e-02
24 36 4 0.59028508 0.55103810 0.54108273 0.58240329 0.54897830 2.371932148042e-05 5.593699821792e-03 3.123854448608e-02 8.289181811229e-04 3.419135533284e-02
24 37 4 0.59028508 0.55103810 0.54108273 0.58240329 0.54897830 2.385170241593e-05 5.751874750601e-03 3.251435910065e-02 7.148916089620e-04 3.582610609127e-02
24 38 4 0.59028508 0.55103810 0.54108273 0.58240329 0.54897830 9.486660647175e-06 5.828357182000e-03 3.387694965229e-02 4.647230225012e-04 3.760661249473e-02
24 39 4 0.59028508 0.55103810 0.54108273 0.58240329 0.54897830 2.527697492450e-07 5.897275589757e-03 3.526662646681e-02 3.230159523099e-04 3.952865347197e-02
24 40 4 0.59028508 0.55103810 0.54108273 0.58240329 0.54897830 7.707106359768e-06 6.111745618715e-03 3.662599549594e-02 3.862881757825e-04 4.158709060226e-02
24 41 4 0.59028508 0.55103810 0.54108273 0.58240329 0.54897830 2.035099100179e-05 6.561682014914e-03 3.791900199441e-02 4.822698191074e-04 4.377575369037e-02
24 42 4 0.59028508 0.55103810 0.54108273 0.58240329 0.54897830 2.084664650420e-05 7.156320551024e-03 3.914789250265e-02 4.461895830607e-04 4.608735985748e-02
24 43 4 0.59028508 0.55103810 0.54108273 0.58240329 0.54897830 9.523480129259e-06 7.660081257072e-03 4.036259690328e-02 3.580165912757e-04 4.851347223136e-02
24 44 4 0.59028508 0.55103810 0.54108273 0.58240329 0.54897830 1.895015431839e-06 7.880519380970e-03 4.165827925145e-02 3.983008358373e-04 5.104450304362e-02
24 45 4 0.59028508 0.55103810 0.54108273 0.58240329 0.54897830 6.519685246006e-06 7.853532187571e-03 4.315945773636e-02 5.710508852413e-04 5.366976446698e-02
24 46 4 0.59028508 0.55103810 0.54108273 0.58240329 0.54897830 1.530804154014e-05 7.844679235988e-03 4.499263193971e-02 7.131973580013e-04 5.637756890051e-02
24 47 4 0.59028508 0.55103810 0.54108273 0.58240329 0.54897830 1.695161820576e-05 8.133590139642e-03 4.725292825953e-02 7.432578085348e-04 5.915537868385e-02
24 48 4 0.59028508 0.55103810 0.54108273 0.58240329 0.54897830 1.141484095306e-05 8.752227964599e-03 4.997288189174e-02 7.553469815641e-04 6.199000344986e-02
24 49 4 0.59028508 0.55103810 0.54108273 0.58240329 0.54897830 6.637357738370e-06 9.416684305477e-03 5.310222744457e-02 8.448520619117e-04 6.486784156573e-02
24 50 4 0.59028508 0.55103810 0.54108273 0.58240329 0.54897830 6.851592788130e-06 9.741269606354e-03 5.650596629890e-02 9.645326433945e-04 6.777516042194e-02
24 51 4 0.59028508 0.55103810 0.54108273 0.58240329 0.54897830 1.015169196703e-05 9.569959567268e-03 5.998410554912e-02 1.015880293076e-03 7.069840876449e-02
24 52 4 0.59028508 0.55103810 0.54108273 0.58240329 0.54897830 1.398968862529e-05 9.133477353641e-03 6.331106891776e-02 9.972447643399e-04 7.362455288004e-02
24 53 4 0.59028508 0.55103810 0.54108273 0.58240329 0.54897830 1.662303595657e-05 8.873769373540e-03 6.628715718253e-02 9.887369517642e-04 7.654142728366e-02
24 54 4 0.59028508 0.55103810 0.54108273 0.58240329 0.54897830 1.521361274876e-05 9.070270399337e-03 6.879012902749e-02 1.051269099244e-03 7.943808966962e-02
24 55 4 0.59028508 0.55103810 0.54108273 0.58240329 0.54897830 9.488859854537e-06 9.593115968194e-03 7.081336950196e-02 1.211265404901e-03 8.230516929565e-02
24 56 4 0.59028508 0.55103810 0.54108273 0.58240329 0.54897830 6.463205978064e-06 1.001157393638e-02 7.247901908924e-02 1.485806203214e-03 8.513519771026e-02
24 57 4 0.59028508 0.55103810 0.54108273 0.58240329 0.54897830 1.337562762271e-05 9.973469069105e-03 7.401976788160e-02 1.831265761166e-03 8.792291081348e-02
24 58 4 0.59028508 0.55103810 0.54108273 0.58240329 0.54897830 2.470510389682e-05 9.522391081075e-03 7.573071054556e-02 2.108464433207e-03 9.066551166870e-02
24 59 4 0.59028508 0.55103810 0.54108273 0.58240329 0.54897830 2.564504879347e-05 9.067965585583e-03 7.790084372380e-02 2.204142438281e-03 9.336288425184e-02
24 60 4 0.59028508 0.55103810 0.54108273 0.58240329 0.54897830 1.332562462070e-05 9.035237586463e-03 8.074024314618e-02 2.165596374176e-03 9.601774941922e-02
24 61 4 0.59028508 0.55103810 0.54108273 0.58240329 0.54897830 4.992421763423e-06 9.509802498054e-03 8.432169408560e-02 2.102758537567e-03 9.863575576344e-02
24 62 4 0.59028508 0.55103810 0.54108273 0.58240329 0.54897830 1.530068562194e-05 1.019539220386e-02 8.855341045782e-02 1.975250164209e-03 1.012254996841e-01
24 63 4 0.59028508 0.55103810 0.54108273 0.58240329 0.54897830 3.272024014932e-05 1.070915407255e-02 9.319256584854e-02 1.634563883089e-03 1.037984708655e-01
26 0 4 1.14218980 1.58815266 2.60131041 1.35055886 4.93694924 1.518698012497e+00 5.547393294605e+00 3.747988251574e+01 2.912273564615e+00 4.132941204731e+02
26 1 4 1.14218980 1.58815266 2.60131041 1.35055886 4.93694924 1.540103407737e+00 5.260277563079e+00 3.617681010805e+01 2.845065245612e+00 3.988283606488e+02
26 2 4 1.14218980 1.58815266 2.60131041 1.35055886 4.93694924 1.402318715511e+00 5.152728872017e+00 3.490143415943e+01 2.817749908537e+00 3.855228230177e+02
26 3 4 1.14218980 1.58815266 2.60131041 1.35055886 4.93694924 1.377443905726e+00 5.055991181831e+00 3.383481513028e+01 2.695368988795e+00 3.719805247246e+02
26 4 4 1.14218980 1.58815266 2.60131041 1.35055886 4.93694924 1.273787539249e+00 4.830120934202e+00 3.249638729053e+01 2.485768026529e+00 3.600805884230e+02
26 5 4 1.14218980 1.58815266 2.60131041 1.35055886 4.93694924 1.229824182425e+00 4.599069496486e+00 3.148584274190e+01 2.379712274394e+00 3.477950455828e+02
26 6 4 1.14218980 1.58815266 2.60131041 1.35055886 4.93694924 1.214355501018e+00 4.414686697698e+00 3.028022009892e+01 2.325335330100e+00 3.368158510598e+02
26 7 4 1.14218980 1.58815266 2.60131041 1.35055886 4.93694924 1.140482343956e+00 4.286396267164e+00 2.924182600324e+01 2.255372878292e+00 3.255860074730e+02
26 8 4 1.14218980 1.58815266 2.60131041 1.35055886 4.93694924 1.102562805091e+00 4.143785634740e+00 2.822787929795e+01 2.169473547650e+00 3.150911253924e+02
26 9 4 1.14218980 1.58815266 2.60131041 1.35055886 4.93694924 1.057933428212e+00 3.941788267372e+00 2.723155046008e+01 2.094793852704e+00 3.046187178332e+02
26 10 4 1.14218980 1.58815266 2.60131041 1.35055886 4.93694924 1.095337591091e+00 3.799604747825e+00 2.629154524684e+01 2.085226309649e+00 2.948115856370e+02
26 11 4 1.14218980 1.58815266 2.60131041 1.35055886 4.93694924 1.024373578506e+00 3.725976059171e+00 2.548373318162e+01 1.974298456290e+00 2.851044498202e+02
26 12 4 1.14218980 1.58815266 2.60131041 1.35055886 4.93694924 1.031072219148e+00 3.638037184155e+00 2.454898150255e+01 1.906339726872e+00 2.763468568194e+02
26 13 4 1.14218980 1.58815266 2.60131041 1.35055886 4.93694924 9.601167099619e-01 3.522129919499e+00 2.395983289489e+01 1.858892168026e+00 2.675316899651e+02
26 14 4 1.14218980 1.58815266 2.60131041 1.35055886 4.93694924 9.651809177656e-01 3.377629425324e+00 2.308618544353e+01 1.807460157095e+00 2.596696506155e+02
26 15 4 1.14218980 1.58815266 2.60131041 1.35055886 4.93694924 8.996188802451e-01 3.275700641668e+00 2.252989442742e+01 1.764178715558e+00 2.517683919523e+02
26 16 4 1.14218980 1.58815266 2.60131041 1.35055886 4.93694924 8.628745459465e-01 3.221638285630e+00 2.178395622422e+01 1.658981621508e+00 2.444559576320e+02
26 17 4 1.14218980 1.58815266 2.60131041 1.35055886 4.93694924 7.847608453875e-01 3.079490623389e+00 2.107573704929e+01 1.585334056048e+00 2.375748311306e+02
26 18 4 1.14218980 1.58815266 2.60131041 1.35055886 4.93694924 7.500315630204e-01 2.897597197962e+00 2.048508235098e+01 1.520381866713e+00 2.310480775714e+02
26 19 4 1.14218980 1.58815266 2.60131041 1.35055886 4.93694924 7.600521244940e-01 2.831937157124e+00 1.973946965661e+01 1.453165011949e+00 2.254949277851e+02
26 20 4 1.14218980 1.58815266 2.60131041 1.35055886 4.93694924 7.412963432347e-01 2.812981370310e+00 1.932332302473e+01 1.495946680093e+00 2.204083876427e+02
26 21 4 1.14218980 1.58815266 2.60131041 1.35055886 4.93694924 7.700824753950e-01 2.730133979905e+00 1.884747568739e+01 1.477069464287e+00 2.162866705420e+02
26 22 4 1.14218980 1.58815266 2.60131041 1.35055886 4.93694924 7.253260085637e-01 2.667929591030e+00 1.857225381021e+01 1.478059620494e+00 2.127061457986e+02
26 23 4 1.14218980 1.58815266 2.60131041 1.35055886 4.93694924 7.824348710233e-01 2.687106466684e+00 1.843684746231e+01 1.409485936286e+00 2.095250222458e+02
26 24 4 1.14218980 1.58815266 2.60131041 1.35055886 4.93694924 7.384096281349e-01 2.685547793836e+00 1.817341131339e+01 1.385539699628e+00 2.066243578872e+02
26 25 4 1.14218980 1.58815266 2.60131041 1.35055886 4.93694924 7.472866076029e-01 2.639617241346e+00 1.807455027897e+01 1.397427390246e+00 2.036837208770e+02
26 26 4 1.14218980 1.58815266 2.60131041 1.35055886 4.93694924 6.963294092653e-01 2.598766363413e+00 1.775643572286e+01 1.336624351545e+00 2.007881871472e+02
26 27 4 1.14218980 1.58815266 2.60131041 1.35055886 4.93694924 6.957684466535e-01 2.513122568014e+00 1.740781402395e+01 1.329313906977e+00 1.980224558955e+02
26 28 4 1.14218980 1.58815266 2.60131041 1.35055886 4.93694924 6.579696922251e-01 2.438181669689e+00 1.718956815429e+01 1.310136166185e+00 1.956512029840e+02
26 29 4 1.14218980 1.58815266 2.60131041 1.35055886 4.93694924 6.394180850454e-01 2.449690118768e+00 1.672739374737e+01 1.303394540204e+00 1.938170175118e+02
26 30 4 1.14218980 1.58815266 2.60131041 1.35055886 4.93694924 6.275839044127e-01 2.401595209065e+00 1.682514082740e+01 1.247956527941e+00 1.932150279357e+02
26 31 4 1.14218980 1.58815266 2.60131041 1.35055886 4.93694924 5.875250506455e-01 2.335551281255e+00 1.663048663582e+01 1.193687067897e+00 1.930516708814e+02
26 32 4 1.14218980 1.58815266 2.60131041 1.35055886 4.93694924 6.682768427022e-01 2.440957009032e+00 1.699934597899e+01 1.299853999916e+00 1.946805878974e+02
26 33 4 1.14218980 1.58815266 2.60131041 1.35055886 4.93694924 6.744046109373e-01 2.546004981225e+00 1.720878666479e+01 1.338006838623e+00 1.960272789883e+02
26 34 4 1.14218980 1.58815266 2.60131041 1.35055886 4.93694924 7.351050684015e-01 2.532048329482e+00 1.751063232436e+01 1.380359550582e+00 1.989302088353e+02
26 35 4 1.14218980 1.58815266 2.60131041 1.35055886 4.93694924 7.073077500242e-01 2.579604397214e+00 1.789857886995e+01 1.350441127946e+00 2.009171243310e+02
26 36 4 1.14218980 1.58815266 2.60131041 1.35055886 4.93694924 7.549622346166e-01 2.657155818332e+00 1.792085006007e+01 1.366101274272e+00 2.038142118138e+02
26 37 4 1.14218980 1.58815266 2.60131041 1.35055886 4.93694924 7.249437581612e-01 2.656811911635e+00 1.823122915709e+01 1.411809182991e+00 2.059190908520e+02
26 38 4 1.14218980 1.58815266 2.60131041 1.35055886 4.93694924 7.553074813296e-01 2.659532914628e+00 1.820326904909e+01 1.396354042396e+00 2.086765863721e+02
26 39 4 1.14218980 1.58815266 2.60131041 1.35055886 4.93694924 7.292606512637e-01 2.667330806002e+00 1.845819848556e+01 1.424852587210e+00 2.113470560292e+02
26 40 4 1.14218980 1.58815266 2.60131041 1.35055886 4.93694924 7.222767342264e-01 2.669779632044e+00 1.875895772011e+01 1.452042283704e+00 2.149846971995e+02
26 41 4 1.14218980 1.58815266 2.60131041 1.35055886 4.93694924 7.266049130258e-01 2.757270944161e+00 1.915134797460e+01 1.490206838185e+00 2.190881962833e+02
26 42 4 1.14218980 1.58815266 2.60131041 1.35055886 4.93694924 7.479585220648e-01 2.883177149030e+00 1.981630634979e+01 1.481670935074e+00 2.243996793880e+02
26 43 4 1.14218980 1.58815266 2.60131041 1.35055886 4.93694924 7.781143442079e-01 2.944656017569e+00 2.042251800074e+01 1.487745723877e+00 2.302517992029e+02
26 44 4 1.14218980 1.58815266 2.60131041 1.35055886 4.93694924 7.859402571150e-01 3.029061199201e+00 2.112316716632e+01 1.594284773600e+00 2.368933511988e+02
26 45 4 1.14218980 1.58815266 2.60131041 1.35055886 4.93694924 8.771213204972e-01 3.215200036318e+00 2.187600546721e+01 1.669684010368e+00 2.440690247416e+02
26 46 4 1.14218980 1.58815266 2.60131041 1.35055886 4.93694924 9.078032451287e-01 3.354903505024e+00 2.238573203041e+01 1.781230768755e+00 2.512265666367e+02
26 47 4 1.14218980 1.58815266 2.60131041 1.35055886 4.93694924 1.001014292160e+00 3.380166918340e+00 2.321442306108e+01 1.813452520323e+00 2.592184120570e+02
26 48 4 1.14218980 1.58815266 2.60131041 1.35055886 4.93694924 9.670828438537e-01 3.456047478462e+00 2.369674826430e+01 1.886027868991e+00 2.667521676632e+02
26 49 4 1.14218980 1.58815266 2.60131041 1.35055886 4.93694924 1.016321346641e+00 3.605444365043e+00 2.456440299865e+01 1.898892340642e+00 2.754603989195e+02
26 50 4 1.14218980 1.58815266 2.60131041 1.35055886 4.93694924 1.005030718451e+00 3.716184315187e+00 2.529818179476e+01 1.931046909734e+00 2.838940899708e+02
26 51 4 1.14218980 1.58815266 2.60131041 1.35055886 4.93694924 1.051313626429e+00 3.805998066370e+00 2.617080997369e+01 2.048640387119e+00 2.934109313559e+02
26 52 4 1.14218980 1.58815266 2.60131041 1.35055886 4.93694924 1.068997299149e+00 3.914100102779e+00 2.718182831425e+01 2.094983681031e+00 3.029876741874e+02
26 53 4 1.14218980 1.58815266 2.60131041 1.35055886 4.93694924 1.080196316993e+00 4.081068024747e+00 2.808204025897e+01 2.167958012568e+00 3.132867076616e+02
26 54 4 1.14218980 1.58815266 2.60131041 1.35055886 4.93694924 1.129892546551e+00 4.305956502383e+00 2.918167953382e+01 2.214386423928e+00 3.236861703699e+02
26 55 4 1.14218980 1.58815266 2.60131041 1.35055886 4.93694924 1.171417446157e+00 4.464701132721e+00 3.021758569032e+01 2.320921930892e+00 3.347849453632e+02
26 56 4 1.14218980 1.58815266 2.60131041 1.35055886 4.93694924 1.303825745374e+00 4.585675176887e+00 3.128787883912e+01 2.443999559722e+00 3.458853082968e+02
26 57 4 1.14218980 1.58815266 2.60131041 1.35055886 4.93694924 1.264146854041e+00 4.779286445779e+00 3.249113431594e+01 2.467951205492e+00 3.580212367671e+02
26 58 4 1.14218980 1.58815266 2.60131041 1.35055886 4.93694924 1.388510840861e+00 4.998481708084e+00 3.360299463591e+01 2.663519715173e+00 3.703141213312e+02
26 59 4 1.14218980 1.58815266 2.60131041 1.35055886 4.93694924 1.409732267707e+00 5.188338843209e+00 3.482716994498e+01 2.773012032119e+00 3.835858308894e+02
26 60 4 1.14218980 1.58815266 2.60131041 1.35055886 4.93694924 1.516196896365e+00 5.294550901046e+00 3.613044852010e+01 2.919820312043e+00 3.974633001581e+02
26 61 4 1.14218980 1.58815266 2.60131041 1.35055886 4.93694924 1.537530965226e+00 5.406727214143e+00 3.727991345150e+01 2.913360504930e+00 4.114928985432e+02
26 62 4 1.14218980 1.58815266 2.60131041 1.35055886 4.93694924 1.580694030362e+00 5.704111683478e+00 3.883790501694e+01 2.924417163408e+00 4.266013561156e+02
26 63 4 1.14218980 1.58815266 2.60131041 1.35055886 4.93694924 1.598704329230e+00 5.966740297132e+00 4.009003735174e+01 3.139712836157e+00 4.409969246438e+02
28 0 4 0.73441171 0.64474153 0.60334912 0.70497283 0.58997990 1.243862071856e-05 1.143410465583e-05 1.406504286651e-04 1.217600214457e-05 1.756969124776e-04
28 1 4 0.73441171 0.64474153 0.60334912 0.70497283 0.58997990 1.140653039594e-05 9.557501932949e-06 1.068563120248e-04 1.582298593298e-05 1.515405545138e-04
28 2 4 0.73441171 0.64474153 0.60334912 0.70497283 0.58997990 1.026214335174e-05 7.895482570824e-06 8.901689456162e-05 1.984581295908e-05 1.474104239686e-04
28 3 4 0.73441171 0.64474153 0.60334912 0.70497283 0.58997990 9.046125914631e-06 6.461224844751e-06 8.669852541758e-05 2.024443592420e-05 1.731568784852e-04
28 4 4 0.73441171 0.64474153 0.60334912 0.70497283 0.58997990 7.798882242212e-06 5.262288982756e-06 8.624675469066e-05 1.620647384669e-05 2.234659994292e-04
28 5 4 0.73441171 0.64474153 0.60334912 0.70497283 0.58997990 6.559104429135e-06 4.300856382428e-06 7.694649486019e-05 1.024890985698e-05 2.772160786442e-04
28 6 4 0.73441171 0.64474153 0.60334912 0.70497283 0.58997990 5.362507876324e-06 3.574090311534e-06 6.271112045112e-05 6.002683571961e-06 3.065499167051e-04
28 7 4 0.73441171 0.64474153 0.60334912 0.70497283 0.58997990 4.240787033917e-06 3.074599615587e-06 5.883430301783e-05 5.456511041954e-06 2.912402701768e-04
28 8 4 0.73441171 0.64474153 0.60334912 0.70497283 0.58997990 3.220814472204e-06 2.790984923713e-06 7.685132975908e-05 7.675731275157e-06 2.305358010938e-04
28 9 4 0.73441171 0.64474153 0.60334912 0.70497283 0.58997990 2.324093962514e-06 2.708445547855e-06 1.111195709163e-04 9.776310271459e-06 1.456867774681e-04
28 10 4 0.73441171 0.64474153 0.60334912 0.70497283 0.58997990 1.566466429730e-06 2.809424723095e-06 1.395207032168e-04 9.257489960450e-06 7.121437870540e-05
28 11 4 0.73441171 0.64474153 0.60334912 0.70497283 0.58997990 9.580567848543e-07 3.074271027927e-06 1.389273218772e-04 5.896519878584e-06 3.899121239359e-05
28 12 4 0.73441171 0.64474153 0.60334912 0.70497283 0.58997990 5.034401999936e-07 3.481894719099e-06 1.036461952971e-04 1.857182456786e-06 6.304983298595e-05
28 13 4 0.73441171 0.64474153 0.60334912 0.70497283 0.58997990 2.019987000793e-07 4.010399261160e-06 5.211563857501e-05 3.862877388503e-08 1.326968854058e-04
28 14 4 0.73441171 0.64474153 0.60334912 0.70497283 0.58997990 4.843326197454e-08 4.637670451829e-06 1.593457807986e-05 1.950944061074e-06 2.172659678057e-04
28 15 4 0.73441171 0.64474153 0.60334912 0.70497283 0.58997990 3.339306929956e-08 5.341908149957e-06 1.871441090486e-05 6.665175025845e-06 2.800292710700e-04
28 16 4 0.73441171 0.64474153 0.60334912 0.70497283 0.58997990 1.441821949306e-07 6.102088599235e-06 5.984275341311e-05 1.153018727008e-05 2.944435441986e-04
28 17 4 0.73441171 0.64474153 0.60334912 0.70497283 0.58997990 3.655046890829e-07 6.898348594200e-06 1.145338290742e-04 1.405258136459e-05 2.551315317591e-04
28 18 4 0.73441171 0.64474153 0.60334912 0.70497283 0.58997990 6.802116562043e-07 7.712286136054e-06 1.497919642190e-04 1.354173349776e-05 1.789412266840e-04
28 19 4 0.73441171 0.64474153 0.60334912 0.70497283 0.58997990 1.070018139183e-06 8.527175652866e-06 1.450682844276e-04 1.136316942990e-05 9.635485729464e-05
28 20 4 0.73441171 0.64474153 0.60334912 0.70497283 0.58997990 1.516163156066e-06 9.328099192574e-06 1.039974296719e-04 9.696777719143e-06 3.788007551911e-05
28 21 4 0.73441171 0.64474153 0.60334912 0.70497283 0.58997990 1.999992664567e-06 1.010199812440e-05 5.053370647039e-05 9.780737383951e-06 2.182399043830e-05
28 22 4 0.73441171 0.64474153 0.60334912 0.70497283 0.58997990 2.503452147312e-06 1.083765270073e-05 1.339475775110e-05 1.096982991106e-05 4.848474196057e-05
28 23 4 0.73441171 0.64474153 0.60334912 0.70497283 0.58997990 3.009482494911e-06 1.152559924605e-05 9.516852962731e-06 1.132380916930e-05 1.023277808570e-04
28 24 4 0.73441171 0.64474153 0.60334912 0.70497283 0.58997990 3.502319510039e-06 1.215799667662e-05 3.634440926876e-05 9.318220111973e-06 1.600457613663e-04
28 25 4 0.73441171 0.64474153 0.60334912 0.70497283 0.58997990 3.967703296713e-06 1.272845545564e-05 7.597309807880e-05 5.428993090640e-06 2.002555404434e-04
28 26 4 0.73441171 0.64474153 0.60334912 0.70497283 0.58997990 4.393008723114e-06 1.323184291628e-05 1.067377605889e-04 2.369230422829e-06 2.106964735068e-04
28 27 4 0.73441171 0.64474153 0.60334912 0.70497283 0.58997990 4.767311812805e-06 1.366407912017e-05 1.145056080596e-04 3.641853052601e-06 1.906993080168e-04
28 28 4 0.73441171 0.64474153 0.60334912 0.70497283 0.58997990 5.081409168392e-06 1.402193706586e-05 9.787622067040e-05 1.122743594328e-05 1.491570094927e-04
28 29 4 0.73441171 0.64474153 0.60334912 0.70497283 0.58997990 5.327808292562e-06 1.430286014297e-05 6.628502664088e-05 2.388318806261e-05 9.997591722304e-05
28 30 4 0.73441171 0.64474153 0.60334912 0.70497283 0.58997990 5.500705963006e-06 1.450480828734e-05 3.399355200016e-05 3.723949269790e-05 5.735425156166e-05
28 31 4 0.73441171 0.64474153 0.60334912 0.70497283 0.58997990 5.595969746506e-06 1.462614239168e-05 1.391637313655e-05 4.580681376536e-05 3.240243625890e-05
28 32 4 0.73441171 0.64474153 0.60334912 0.70497283 0.58997990 5.611134490242e-06 1.466555424161e-05 1.357878481747e-05 4.581463250042e-05 3.136352228363e-05
28 33 4 0.73441171 0.64474153 0.60334912 0.70497283 0.58997990 5.545421460411e-06 1.462204667034e-05 3.333703856523e-05 3.724498229300e-05 5.486292780869e-05
28 34 4 0.73441171 0.64474153 0.60334912 0.70497283 0.58997990 5.399783018971e-06 1.449496585532e-05 6.619234463822e-05 2.385824841683e-05 9.763675852374e-05
28 35 4 0.73441171 0.64474153 0.60334912 0.70497283 0.58997990 5.176970683721e-06 1.428408482660e-05 9.924594720042e-05 1.118463255290e-05 1.488433357222e-04
28 36 4 0.73441171 0.64474153 0.60334912 0.70497283 0.58997990 4.881619466898e-06 1.398973442709e-05 1.176129903278e-04 3.655001173250e-06 1.936864418454e-04
28 37 4 0.73441171 0.64474153 0.60334912 0.70497283 0.58997990 4.520336890487e-06 1.361297527164e-05 1.108511865743e-04 2.532239098145e-06 2.170065808423e-04
28 38 4 0.73441171 0.64474153 0.60334912 0.70497283 0.58997990 4.101781365941e-06 1.315580179782e-05 7.961848707473e-05 5.778848418352e-06 2.085287205182e-04
28 39 4 0.73441171 0.64474153 0.60334912 0.70497283 0.58997990 3.636711991856e-06 1.262136738595e-05 3.824864690882e-05 9.788710876339e-06 1.680535058714e-04
28 40 4 0.73441171 0.64474153 0.60334912 0.70497283 0.58997990 3.137990494880e-06 1.201421783325e-05 9.679583732022e-06 1.178103775074e-05 1.079592152148e-04
28 41 4 0.73441171 0.64474153 0.60334912 0.70497283 0.58997990 2.620516171989e-06 1.134051927031e-05 1.342562823141e-05 1.131550826890e-05 5.078337545535e-05
28 42 4 0.73441171 0.64474153 0.60334912 0.70497283 0.58997990 2.101076357090e-06 1.060826596140e-05 5.276827748097e-05 1.004599922824e-05 2.156934832041e-05
28 43 4 0.73441171 0.64474153 0.60334912 0.70497283 0.58997990 1.598098112218e-06 9.827453369639e-06 1.098359431300e-04 1.004336417661e-05 3.737178944401e-05
28 44 4 0.73441171 0.64474153 0.60334912 0.70497283 0.58997990 1.131291422479e-06 9.010202409698e-06 1.537469750578e-04 1.197328582632e-05 9.842276916277e-05
28 45 4 0.73441171 0.64474153 0.60334912 0.70497283 0.58997990 7.211799556725e-07 8.170821949702e-06 1.586545161062e-04 1.446763269965e-05 1.856069762892e-04
28 46 4 0.73441171 0.64474153 0.60334912 0.70497283 0.58997990 3.885221537599e-07 7.325798333056e-06 1.207753417111e-04 1.514075381549e-05 2.665696255051e-04
28 47 4 0.73441171 0.64474153 0.60334912 0.70497283 0.58997990 1.536327089150e-07 6.493702924623e-06 6.247786257011e-05 1.249154159477e-05 3.087885120706e-04
28 48 4 0.73441171 0.64474153 0.60334912 0.70497283 0.58997990 3.562194583914e-08 5.695011377429e-06 1.923741486371e-05 7.256902833649e-06 2.941723378860e-04
28 49 4 0.73441171 0.64474153 0.60334912 0.70497283 0.58997990 5.157785753428e-08 4.951831382574e-06 1.713232457295e-05 2.145462869713e-06 2.282764651520e-04
28 50 4 0.73441171 0.64474153 0.60334912 0.70497283 0.58997990 2.157220873371e-07 4.287539008651e-06 5.598749898372e-05 5.274560765411e-08 1.391647669844e-04
28 51 4 0.73441171 0.64474153 0.60334912 0.70497283 0.58997990 5.385765926052e-07 3.726327247567e-06 1.101023646691e-04 2.010030986087e-06 6.567375474035e-05
28 52 4 0.73441171 0.64474153 0.60334912 0.70497283 0.58997990 1.026181677841e-06 3.292673942759e-06 1.462336542703e-04 6.391764415214e-06 4.013064289982e-05
28 53 4 0.73441171 0.64474153 0.60334912 0.70497283 0.58997990 1.679408217886e-06 3.010739760649e-06 1.459457321653e-04 1.004794180141e-05 7.367289615697e-05
28 54 4 0.73441171 0.64474153 0.60334912 0.70497283 0.58997990 2.493406952859e-06 2.903710152517e-06 1.162634488400e-04 1.061467319094e-05 1.513902352726e-04
28 55 4 0.73441171 0.64474153 0.60334912 0.70497283 0.58997990 3.457235567390e-06 2.993098221459e-06 8.155518051715e-05 8.318099799821e-06 2.397892073575e-04
28 56 4 0.73441171 0.64474153 0.60334912 0.70497283 0.58997990 4.553699814669e-06 3.298027944118e-06 6.395490347390e-05 5.866298674707e-06 3.028852120964e-04
28 57 4 0.73441171 0.64474153 0.60334912 0.70497283 0.58997990 5.759438271915e-06 3.834519197040e-06 6.808694415982e-05 6.395157419442e-06 3.188200227573e-04
28 58 4 0.73441171 0.64474153 0.60334912 0.70497283 0.58997990 7.045271594896e-06 4.614797415068e-06 8.161484654877e-05 1.093324438023e-05 2.887159992010e-04
28 59 4 0.73441171 0.64474153 0.60334912 0.70497283 0.58997990 8.376826664017e-06 5.646651393956e-06 8.968887128659e-05 1.734015764782e-05 2.336968930341e-04
28 60 4 0.73441171 0.64474153 0.60334912 0.70497283 0.58997990 9.715434176780e-06 6.932862691656e-06 8.983869680759e-05 2.169308899131e-05 1.823632666340e-04
28 61 4 0.73441171 0.64474153 0.60334912 0.70497283 0.58997990 1.101928552305e-05 8.470729255387e-06 9.388701159835e-05 2.127260755653e-05 1.559914001580e-04
28 62 4 0.73441171 0.64474153 0.60334912 0.70497283 0.58997990 1.224482173440e-05 1.025170430100e-05 1.150731659657e-04 1.695830742482e-05 1.595432234419e-04
28 63 4 0.73441171 0.64474153 0.60334912 0.70497283 0.58997990 1.334831452686e-05 1.226116911868e-05 1.519729914236e-04 1.306734442400e-05 1.828111781158e-04
29 0 4 0.64253488 0.65744159 0.70361656 0.66401503 0.77085101 1.615909361985e-01 1.890820563776e-01 2.225310331550e-01 1.737344512514e-01 2.783207024803e-01
29 1 4 0.64253488 0.65744159 0.70361656 0.66401503 0.77085101 1.514823858287e-01 1.817902320401e-01 2.105511348618e-01 1.696158132211e-01 2.621433425833e-01
29 2 4 0.64253488 0.65744159 0.70361656 0.66401503 0.77085101 1.457641926392e-01 1.691388067518e-01 2.037413412234e-01 1.670507757222e-01 2.504279689136e-01
29 3 4 0.64253488 0.65744159 0.70361656 0.66401503 0.77085101 1.434246808536e-01 1.553065906036e-01 2.007141065589e-01 1.608666078232e-01 2.358722484956e-01
29 4 4 0.64253488 0.65744159 0.70361656 0.66401503 0.77085101 1.419149273387e-01 1.449515963474e-01 1.945420169487e-01 1.551807520023e-01 2.263833128370e-01
29 5 4 0.64253488 0.65744159 0.70361656 0.66401503 0.77085101 1.359721968085e-01 1.385722627095e-01 1.853133819679e-01 1.534860186852e-01 2.166838456391e-01
29 6 4 0.64253488 0.65744159 0.70361656 0.66401503 0.77085101 1.323265461313e-01 1.327809710487e-01 1.788864694495e-01 1.506139888770e-01 2.176003883182e-01
29 7 4 0.64253488 0.65744159 0.70361656 0.66401503 0.77085101 1.268553594100e-01 1.249215034667e-01 1.706369051194e-01 1.477598592915e-01 2.106112426145e-01
29 8 4 0.64253488 0.65744159 0.70361656 0.66401503 0.77085101 1.170042524425e-01 1.164364685415e-01 1.576463782107e-01 1.433427190171e-01 2.073357685874e-01
29 9 4 0.64253488 0.65744159 0.70361656 0.66401503 0.77085101 1.074454844692e-01 1.110831382652e-01 1.489652919646e-01 1.368432841224e-01 2.015896453411e-01
29 10 4 0.64253488 0.65744159 0.70361656 0.66401503 0.77085101 1.002667386384e-01 1.102952659657e-01 1.431297466655e-01 1.308739586814e-01 1.832233666917e-01
29 11 4 0.64253488 0.65744159 0.70361656 0.66401503 0.77085101 9.419006569791e-02 1.112725446395e-01 1.328515708731e-01 1.267275028942e-01 1.764589034510e-01
29 12 4 0.64253488 0.65744159 0.70361656 0.66401503 0.77085101 8.972115563859e-02 1.100080819996e-01 1.277704166632e-01 1.211548551733e-01 1.714161065446e-01
29 13 4 0.64253488 0.65744159 0.70361656 0.66401503 0.77085101 9.028535857997e-02 1.056231884545e-01 1.311083711605e-01 1.173514501372e-01 1.712839495547e-01
29 14 4 0.64253488 0.65744159 0.70361656 0.66401503 0.77085101 9.063920670978e-02 1.009781621340e-01 1.291768584952e-01 1.110703631871e-01 1.656537216992e-01
29 15 4 0.64253488 0.65744159 0.70361656 0.66401503 0.77085101 8.975203550434e-02 9.902739103537e-02 1.250786677148e-01 1.007541753787e-01 1.582583129271e-01
29 16 4 0.64253488 0.65744159 0.70361656 0.66401503 0.77085101 8.771567832851e-02 9.932156264309e-02 1.277628156483e-01 9.300230103391e-02 1.530126919486e-01
29 17 4 0.64253488 0.65744159 0.70361656 0.66401503 0.77085101 8.387474556117e-02 9.868817072172e-02 1.243827443552e-01 8.636252139162e-02 1.452763534519e-01
29 18 4 0.64253488 0.65744159 0.70361656 0.66401503 0.77085101 7.881440295106e-02 9.510082227091e-02 1.119452267952e-01 8.540672394493e-02 1.509447210612e-01
29 19 4 0.64253488 0.65744159 0.70361656 0.66401503 0.77085101 7.538088716468e-02 9.008739879019e-02 1.064230638385e-01 8.816881653459e-02 1.451852019394e-01
29 20 4 0.64253488 0.65744159 0.70361656 0.66401503 0.77085101 7.266662568133e-02 8.690155565826e-02 1.051705638362e-01 8.822655042329e-02 1.384219702008e-01
29 21 4 0.64253488 0.65744159 0.70361656 0.66401503 0.77085101 7.088630737976e-02 8.669740530407e-02 1.000822635725e-01 8.800970844414e-02 1.339964011473e-01
29 22 4 0.64253488 0.65744159 0.70361656 0.66401503 0.77085101 7.093427001300e-02 8.719262126145e-02 1.013996222152e-01 8.695475572965e-02 1.277658241499e-01
29 23 4 0.64253488 0.65744159 0.70361656 0.66401503 0.77085101 7.186213352765e-02 8.530256409730e-02 1.074763610337e-01 8.416337434289e-02 1.286427656604e-01
29 24 4 0.64253488 0.65744159 0.70361656 0.66401503 0.77085101 7.064193971180e-02 8.062481273532e-02 1.053472521516e-01 8.372765434802e-02 1.238176629290e-01
29 25 4 0.64253488 0.65744159 0.70361656 0.66401503 0.77085101 7.127991497340e-02 7.578545279792e-02 1.027451871167e-01 8.193750128138e-02 1.277181563671e-01
29 26 4 0.64253488 0.65744159 0.70361656 0.66401503 0.77085101 7.075754660893e-02 7.338225512342e-02 1.062659111706e-01 7.975638155237e-02 1.242342740648e-01
29 27 4 0.64253488 0.65744159 0.70361656 0.66401503 0.77085101 6.710771665535e-02 7.315456174943e-02 1.045767969706e-01 8.039388803109e-02 1.277466902443e-01
29 28 4 0.64253488 0.65744159 0.70361656 0.66401503 0.77085101 6.213990190630e-02 7.261625761668e-02 9.839049603608e-02 7.660006829474e-02 1.289526639565e-01
29 29 4 0.64253488 0.65744159 0.70361656 0.66401503 0.77085101 5.956278245099e-02 7.029078747583e-02 9.566204084378e-02 7.282739130553e-02 1.186035119106e-01
29 30 4 0.64253488 0.65744159 0.70361656 0.66401503 0.77085101 5.721745377773e-02 6.768615830584e-02 9.139911650967e-02 6.946400792645e-02 1.155611223836e-01
29 31 4 0.64253488 0.65744159 0.70361656 0.66401503 0.77085101 5.663501928870e-02 6.766984313477e-02 8.829473729813e-02 6.803074037110e-02 1.123152836361e-01
29 32 4 0.64253488 0.65744159 0.70361656 0.66401503 0.77085101 6.237119564077e-02 7.112311708947e-02 9.501572975203e-02 7.408849048593e-02 1.206678431998e-01
29 33 4 0.64253488 0.65744159 0.70361656 0.66401503 0.77085101 6.814801139743e-02 7.577435194522e-02 1.022475724485e-01 8.001837189190e-02 1.272080900390e-01
29 34 4 0.64253488 0.65744159 0.70361656 0.66401503 0.77085101 7.218409568744e-02 7.860488345941e-02 1.032437420197e-01 8.374935515090e-02 1.312852046580e-01
29 35 4 0.64253488 0.65744159 0.70361656 0.66401503 0.77085101 7.465147107269e-02 7.908437522669e-02 1.052696355986e-01 8.504541613737e-02 1.300669871037e-01
29 36 4 0.64253488 0.65744159 0.70361656 0.66401503 0.77085101 7.700869911662e-02 7.950999192647e-02 1.049539358567e-01 8.365470397683e-02 1.215600656766e-01
29 37 4 0.64253488 0.65744159 0.70361656 0.66401503 0.77085101 7.444986281283e-02 8.206586087666e-02 9.951758844189e-02 8.333158803671e-02 1.277074058595e-01
29 38 4 0.64253488 0.65744159 0.70361656 0.66401503 0.77085101 7.269895942033e-02 8.605273521495e-02 1.001498418278e-01 8.503372291889e-02 1.268764502062e-01
29 39 4 0.64253488 0.65744159 0.70361656 0.66401503 0.77085101 7.341829298822e-02 8.859134997520e-02 1.037433074592e-01 8.523456982229e-02 1.321602573358e-01
29 40 4 0.64253488 0.65744159 0.70361656 0.66401503 0.77085101 7.426021438233e-02 8.805843988070e-02 1.004783479747e-01 8.633991123657e-02 1.370828820818e-01
29 41 4 0.64253488 0.65744159 0.70361656 0.66401503 0.77085101 7.554221493762e-02 8.622916979094e-02 1.017531258231e-01 8.842397470058e-02 1.409996564529e-01
29 42 4 0.64253488 0.65744159 0.70361656 0.66401503 0.77085101 7.934426283761e-02 8.648342634194e-02 1.118231393584e-01 8.814595918318e-02 1.491951165252e-01
29 43 4 0.64253488 0.65744159 0.70361656 0.66401503 0.77085101 8.407943365098e-02 9.001670548807e-02 1.172095768536e-01 9.005492329792e-02 1.504165630967e-01
29 44 4 0.64253488 0.65744159 0.70361656 0.66401503 0.77085101 8.777969505499e-02 9.445888034483e-02 1.221327461148e-01 9.177993903963e-02 1.566941326650e-01
29 45 4 0.64253488 0.65744159 0.70361656 0.66401503 0.77085101 9.221163774642e-02 9.662464187226e-02 1.329374477323e-01 9.672525875049e-02 1.518314728707e-01
29 46 4 0.64253488 0.65744159 0.70361656 0.66401503 0.77085101 9.496989908079e-02 9.627388208334e-02 1.348825339161e-01 1.076216177468e-01 1.603385406047e-01
29 47 4 0.64253488 0.65744159 0.70361656 0.66401503 0.77085101 9.547102654882e-02 9.644675298661e-02 1.294535691230e-01 1.168386102837e-01 1.711105264587e-01
29 48 4 0.64253488 0.65744159 0.70361656 0.66401503 0.77085101 9.643353321119e-02 9.988318054715e-02 1.337707564998e-01 1.235778202952e-01 1.751172767025e-01
29 49 4 0.64253488 0.65744159 0.70361656 0.66401503 0.77085101 9.813189433230e-02 1.057289517523e-01 1.404555295935e-01 1.271152992458e-01 1.825871654835e-01
29 50 4 0.64253488 0.65744159 0.70361656 0.66401503 0.77085101 1.016041401694e-01 1.105464162088e-01 1.417355281275e-01 1.263563183971e-01 1.831706630955e-01
29 51 4 0.64253488 0.65744159 0.70361656 0.66401503 0.77085101 1.097525213246e-01 1.125866399246e-01 1.515446999452e-01 1.281038864560e-01 1.920468640489e-01
29 52 4 0.64253488 0.65744159 0.70361656 0.66401503 0.77085101 1.194919927146e-01 1.142476845656e-01 1.677407225000e-01 1.318396979787e-01 2.030510022040e-01
29 53 4 0.64253488 0.65744159 0.70361656 0.66401503 0.77085101 1.276303955659e-01 1.195883168248e-01 1.760251015253e-01 1.335753124297e-01 2.178127882916e-01
29 54 4 0.64253488 0.65744159 0.70361656 0.66401503 0.77085101 1.345067844340e-01 1.296173692600e-01 1.837098831178e-01 1.387601221381e-01 2.241109234658e-01
29 55 4 0.64253488 0.65744159 0.70361656 0.66401503 0.77085101 1.417996691943e-01 1.409137595392e-01 1.961664935033e-01 1.402993901615e-01 2.207485159661e-01
29 56 4 0.64253488 0.65744159 0.70361656 0.66401503 0.77085101 1.422784396991e-01 1.493636652595e-01 2.026424195741e-01 1.409574837325e-01 2.318051699666e-01
29 57 4 0.64253488 0.65744159 0.70361656 0.66401503 0.77085101 1.428623303592e-01 1.547067032491e-01 2.054948358567e-01 1.445334077737e-01 2.354084815119e-01
29 58 4 0.64253488 0.65744159 0.70361656 0.66401503 0.77085101 1.451377872375e-01 1.604603780300e-01 2.131094329288e-01 1.465106059108e-01 2.497479000783e-01
29 59 4 0.64253488 0.65744159 0.70361656 0.66401503 0.77085101 1.484874365951e-01 1.692068561085e-01 2.195999267749e-01 1.539637819916e-01 2.659613097088e-01
29 60 4 0.64253488 0.65744159 0.70361656 0.66401503 0.77085101 1.504217493206e-01 1.788596920175e-01 2.236605088704e-01 1.605986318883e-01 2.794279684023e-01
29 61 4 0.64253488 0.65744159 0.70361656 0.66401503 0.77085101 1.583008194535e-01 1.845510859427e-01 2.335536637252e-01 1.646656935458e-01 2.914627923224e-01
29 62 4 0.64253488 0.65744159 0.70361656 0.66401503 0.77085101 1.687390264186e-01 1.841435058643e-01 2.486276253274e-01 1.698621982012e-01 3.003819655532e-01
29 63 4 0.64253488 0.65744159 0.70361656 0.66401503 0.77085101 1.748243353786e-01 1.809251572165e-01 2.640722567860e-01 1.752952616195e-01 3.075293191943e-01
