# environment=00139 local_bs=1 gain_scale=1.852818250694e-12
# ue subcarrier serving_bs phi0 phi1 phi2 phi3 phi4 gain0 gain1 gain2 gain3 gain4
2 0 1 0.94251128 17.48684854 1.26672733 3.64923125 1.22522796 1.240432929562e-01 3.573604770411e+03 3.261936700549e-01 2.502846975931e+01 3.705222979026e-01
2 1 1 0.94251128 17.48684854 1.26672733 3.64923125 1.22522796 1.207900353525e-01 3.471557455102e+03 3.141503224509e-01 2.419334650023e+01 3.533733002881e-01
2 2 1 0.94251128 17.48684854 1.26672733 3.64923125 1.22522796 1.178523438507e-01 3.372191577450e+03 3.010111989765e-01 2.333646828583e+01 3.358966284375e-01
2 3 1 0.94251128 17.48684854 1.26672733 3.64923125 1.22522796 1.140309860404e-01 3.275196711103e+03 2.930737943653e-01 2.251333403105e+01 3.196175531474e-01
2 4 1 0.94251128 17.48684854 1.26672733 3.64923125 1.22522796 1.092044620168e-01 3.182500108958e+03 2.830610865672e-01 2.178398636730e+01 3.070621697645e-01
2 5 1 0.94251128 17.48684854 1.26672733 3.64923125 1.22522796 1.043761698566e-01 3.092684930202e+03 2.707993762149e-01 2.102409065238e+01 3.002611625095e-01
2 6 1 0.94251128 17.48684854 1.26672733 3.64923125 1.22522796 1.004177512612e-01 3.006856097763e+03 2.618284197138e-01 2.031527387785e+01 2.931055475657e-01
2 7 1 0.94251128 17.48684854 1.26672733 3.64923125 1.22522796 9.715854855935e-02 2.922583979989e+03 2.549140798137e-01 1.962914251280e+01 2.831500428382e-01
2 8 1 0.94251128 17.48684854 1.26672733 3.64923125 1.22522796 9.386156495111e-02 2.841637349419e+03 2.461745209124e-01 1.901048808369e+01 2.717884569478e-01
2 9 1 0.94251128 17.48684854 1.26672733 3.64923125 1.22522796 9.027980985579e-02 2.764001105173e+03 2.375526380515e-01 1.838885086962e+01 2.617758284864e-01
2 10 1 0.94251128 17.48684854 1.26672733 3.64923125 1.22522796 8.685707093837e-02 2.689756065637e+03 2.298054457465e-01 1.778509029161e+01 2.547772665142e-01
2 11 1 0.94251128 17.48684854 1.26672733 3.64923125 1.22522796 8.391585453985e-02 2.618348240748e+03 2.224122984967e-01 1.726124888454e+01 2.469351967711e-01
2 12 1 0.94251128 17.48684854 1.26672733 3.64923125 1.22522796 8.104965788069e-02 2.548335292020e+03 2.176637550672e-01 1.671012364849e+01 2.385173040847e-01
2 13 1 0.94251128 17.48684854 1.26672733 3.64923125 1.22522796 7.760518743786e-02 2.480572778734e+03 2.094990395171e-01 1.618444308205e+01 2.308021459652e-01
2 14 1 0.94251128 17.48684854 1.26672733 3.64923125 1.22522796 7.363053729910e-02 2.415455870250e+03 2.019628301858e-01 1.566639196147e+01 2.239651878371e-01
2 15 1 0.94251128 17.48684854 1.26672733 3.64923125 1.22522796 7.000910877058e-02 2.355065136363e+03 1.973118282324e-01 1.518191897678e+01 2.173488087516e-01
2 16 1 0.94251128 17.48684854 1.26672733 3.64923125 1.22522796 6.753175831328e-02 2.298867089225e+03 1.920096940534e-01 1.469153694714e+01 2.087127554256e-01
2 17 1 0.94251128 17.48684854 1.26672733 3.64923125 1.22522796 6.601183115403e-02 2.246000739853e+03 1.856188187019e-01 1.420271037045e+01 2.009173008567e-01
2 18 1 0.94251128 17.48684854 1.26672733 3.64923125 1.22522796 6.449778520157e-02 2.195814341758e+03 1.799806672232e-01 1.378587083933e+01 1.956326550088e-01
2 19 1 0.94251128 17.48684854 1.26672733 3.64923125 1.22522796 6.230064570326e-02 2.148900335156e+03 1.750974723635e-01 1.336595911466e+01 1.916016531938e-01
2 20 1 0.94251128 17.48684854 1.26672733 3.64923125 1.22522796 5.963005503651e-02 2.106441542772e+03 1.709471318167e-01 1.298382954798e+01 1.867607270858e-01
2 21 1 0.94251128 17.48684854 1.26672733 3.64923125 1.22522796 5.720357474822e-02 2.069379050757e+03 1.675091296334e-01 1.263813438364e+01 1.793972361976e-01
2 22 1 0.94251128 17.48684854 1.26672733 3.64923125 1.22522796 5.543925637906e-02 2.036201390205e+03 1.617452939009e-01 1.234156755611e+01 1.726810092494e-01
2 23 1 0.94251128 17.48684854 1.26672733 3.64923125 1.22522796 5.420403780496e-02 2.005765914692e+03 1.586547167288e-01 1.206790047453e+01 1.678759455169e-01
2 24 1 0.94251128 17.48684854 1.26672733 3.64923125 1.22522796 5.324730874728e-02 1.977045031179e+03 1.569606013248e-01 1.180583513923e+01 1.640847444969e-01
2 25 1 0.94251128 17.48684854 1.26672733 3.64923125 1.22522796 5.258846562795e-02 1.952304685006e+03 1.539368911169e-01 1.161528925982e+01 1.605137080362e-01
2 26 1 0.94251128 17.48684854 1.26672733 3.64923125 1.22522796 5.232948099610e-02 1.932450912520e+03 1.513537591935e-01 1.143379175265e+01 1.566728881109e-01
2 27 1 0.94251128 17.48684854 1.26672733 3.64923125 1.22522796 5.225219851879e-02 1.917746661333e+03 1.498533448634e-01 1.128688382443e+01 1.545776057166e-01
2 28 1 0.94251128 17.48684854 1.26672733 3.64923125 1.22522796 5.189408604851e-02 1.906714381336e+03 1.492442797265e-01 1.118530855786e+01 1.532406630836e-01
2 29 1 0.94251128 17.48684854 1.26672733 3.64923125 1.22522796 5.112698119111e-02 1.897842811421e+03 1.492605936227e-01 1.113840775857e+01 1.514004764474e-01
2 30 1 0.94251128 17.48684854 1.26672733 3.64923125 1.22522796 5.049731558852e-02 1.892639307584e+03 1.490822350150e-01 1.113473903843e+01 1.499317973540e-01
2 31 1 0.94251128 17.48684854 1.26672733 3.64923125 1.22522796 5.077797748821e-02 1.892368093439e+03 1.482503235494e-01 1.115703339029e+01 1.503036564091e-01
2 32 1 0.94251128 17.48684854 1.26672733 3.64923125 1.22522796 5.214778255309e-02 1.898457772000e+03 1.507537531649e-01 1.126208651040e+01 1.543414270369e-01
2 33 1 0.94251128 17.48684854 1.26672733 3.64923125 1.22522796 5.394267980424e-02 1.908601419672e+03 1.527373077984e-01 1.139012015797e+01 1.593816494372e-01
2 34 1 0.94251128 17.48684854 1.26672733 3.64923125 1.22522796 5.530746264198e-02 1.921467187462e+03 1.536341355849e-01 1.154574391883e+01 1.631961918423e-01
2 35 1 0.94251128 17.48684854 1.26672733 3.64923125 1.22522796 5.603276731505e-02 1.936537989369e+03 1.560093129715e-01 1.173754141410e+01 1.662132474356e-01
2 36 1 0.94251128 17.48684854 1.26672733 3.64923125 1.22522796 5.665794145556e-02 1.955281211509e+03 1.590397802114e-01 1.195987843508e+01 1.694698713028e-01
2 37 1 0.94251128 17.48684854 1.26672733 3.64923125 1.22522796 5.780201194387e-02 1.979259899144e+03 1.627753830038e-01 1.220150796549e+01 1.743550704545e-01
2 38 1 0.94251128 17.48684854 1.26672733 3.64923125 1.22522796 5.956420548431e-02 2.007725756956e+03 1.663626299189e-01 1.243638585320e+01 1.788308011996e-01
2 39 1 0.94251128 17.48684854 1.26672733 3.64923125 1.22522796 6.164672518341e-02 2.038922365992e+03 1.693380393275e-01 1.272920491820e+01 1.828655411359e-01
2 40 1 0.94251128 17.48684854 1.26672733 3.64923125 1.22522796 6.388602696338e-02 2.072050764530e+03 1.731054258548e-01 1.303202433193e+01 1.879774533434e-01
2 41 1 0.94251128 17.48684854 1.26672733 3.64923125 1.22522796 6.639996319297e-02 2.108132199621e+03 1.796431019154e-01 1.334445889215e+01 1.938941226376e-01
2 42 1 0.94251128 17.48684854 1.26672733 3.64923125 1.22522796 6.917406935449e-02 2.149199982762e+03 1.835857296389e-01 1.369288225208e+01 1.998313431835e-01
2 43 1 0.94251128 17.48684854 1.26672733 3.64923125 1.22522796 7.176951900158e-02 2.195150800106e+03 1.875828235428e-01 1.407059927714e+01 2.032268684359e-01
2 44 1 0.94251128 17.48684854 1.26672733 3.64923125 1.22522796 7.373255846661e-02 2.245365430970e+03 1.937097904935e-01 1.446942420272e+01 2.061425019403e-01
2 45 1 0.94251128 17.48684854 1.26672733 3.64923125 1.22522796 7.528756068888e-02 2.297902331883e+03 1.996867964258e-01 1.485175843804e+01 2.116892450550e-01
2 46 1 0.94251128 17.48684854 1.26672733 3.64923125 1.22522796 7.734026531446e-02 2.352649492444e+03 2.063520124841e-01 1.528461365716e+01 2.193666868632e-01
2 47 1 0.94251128 17.48684854 1.26672733 3.64923125 1.22522796 8.057174537741e-02 2.411027664545e+03 2.120702753127e-01 1.572236001576e+01 2.275554480465e-01
2 48 1 0.94251128 17.48684854 1.26672733 3.64923125 1.22522796 8.461146324106e-02 2.473199314618e+03 2.180375122544e-01 1.614704000441e+01 2.333943389680e-01
2 49 1 0.94251128 17.48684854 1.26672733 3.64923125 1.22522796 8.834421975245e-02 2.539353543628e+03 2.264113545547e-01 1.660381996529e+01 2.392910454220e-01
2 50 1 0.94251128 17.48684854 1.26672733 3.64923125 1.22522796 9.109141315265e-02 2.607349278395e+03 2.359503849712e-01 1.709107392917e+01 2.471977665223e-01
2 51 1 0.94251128 17.48684854 1.26672733 3.64923125 1.22522796 9.329754518473e-02 2.677449772739e+03 2.418663086066e-01 1.761194589584e+01 2.556049016878e-01
2 52 1 0.94251128 17.48684854 1.26672733 3.64923125 1.22522796 9.591132903203e-02 2.749376739290e+03 2.507229859270e-01 1.813133879563e+01 2.641530473152e-01
2 53 1 0.94251128 17.48684854 1.26672733 3.64923125 1.22522796 9.925795454992e-02 2.824892272721e+03 2.616789901242e-01 1.873088190442e+01 2.722560209137e-01
2 54 1 0.94251128 17.48684854 1.26672733 3.64923125 1.22522796 1.028199181623e-01 2.904822345486e+03 2.716750567844e-01 1.937547099939e+01 2.831097627937e-01
2 55 1 0.94251128 17.48684854 1.26672733 3.64923125 1.22522796 1.061371273195e-01 2.988205591177e+03 2.827367255484e-01 2.002088302272e+01 2.956846847111e-01
2 56 1 0.94251128 17.48684854 1.26672733 3.64923125 1.22522796 1.095464941281e-01 3.074780808311e+03 2.923427222527e-01 2.072196056626e+01 3.061025974690e-01
2 57 1 0.94251128 17.48684854 1.26672733 3.64923125 1.22522796 1.136984849707e-01 3.163959931761e+03 3.045124191722e-01 2.146554751903e+01 3.154254262436e-01
2 58 1 0.94251128 17.48684854 1.26672733 3.64923125 1.22522796 1.184864727806e-01 3.256431003354e+03 3.192466132692e-01 2.224249006466e+01 3.261249536667e-01
2 59 1 0.94251128 17.48684854 1.26672733 3.64923125 1.22522796 1.229349795200e-01 3.352470023452e+03 3.319836808125e-01 2.300370665346e+01 3.430531285475e-01
2 60 1 0.94251128 17.48684854 1.26672733 3.64923125 1.22522796 1.263831447453e-01 3.451378623035e+03 3.421027604437e-01 2.383510576837e+01 3.631318844997e-01
2 61 1 0.94251128 17.48684854 1.26672733 3.64923125 1.22522796 1.294828739720e-01 3.552952449188e+03 3.582046572256e-01 2.471422405836e+01 3.807952765458e-01
2 62 1 0.94251128 17.48684854 1.26672733 3.64923125 1.22522796 1.335948934516e-01 3.655504848123e+03 3.737539694525e-01 2.556819135234e+01 3.964510571854e-01
2 63 1 0.94251128 17.48684854 1.26672733 3.64923125 1.22522796 1.392057370923e-01 3.760514136604e+03 3.874195166188e-01 2.647210599091e+01 4.105853658536e-01
6 0 1 1.05613194 10.09051356 1.49115064 6.31567525 1.36624568 1.932218212604e-01 9.672728711964e+02 6.127715768717e-01 2.162180761098e+02 3.883480044140e-01
6 1 1 1.05613194 10.09051356 1.49115064 6.31567525 1.36624568 1.838004291431e-01 9.562201411218e+02 6.005931300003e-01 2.138438153021e+02 4.148688110708e-01
6 2 1 1.05613194 10.09051356 1.49115064 6.31567525 1.36624568 1.760567030839e-01 9.377079744876e+02 5.806511786637e-01 2.096527150548e+02 4.499313853235e-01
6 3 1 1.05613194 10.09051356 1.49115064 6.31567525 1.36624568 1.726714692813e-01 9.120835284799e+02 5.572381440306e-01 2.037156853916e+02 4.914945311662e-01
6 4 1 1.05613194 10.09051356 1.49115064 6.31567525 1.36624568 1.705544346804e-01 8.801796827546e+02 5.410119004385e-01 1.961337317767e+02 5.378205710005e-01
6 5 1 1.05613194 10.09051356 1.49115064 6.31567525 1.36624568 1.644670897919e-01 8.430385678839e+02 5.233333269103e-01 1.869586193690e+02 5.817931301524e-01
6 6 1 1.05613194 10.09051356 1.49115064 6.31567525 1.36624568 1.535264703218e-01 8.018207915290e+02 5.026904849458e-01 1.763594727917e+02 6.135369195429e-01
6 7 1 1.05613194 10.09051356 1.49115064 6.31567525 1.36624568 1.422686403895e-01 7.567306854994e+02 4.863749936701e-01 1.651269068651e+02 6.275361911633e-01
6 8 1 1.05613194 10.09051356 1.49115064 6.31567525 1.36624568 1.353787007372e-01 7.104849631351e+02 4.671630022350e-01 1.534677449262e+02 6.261090546370e-01
6 9 1 1.05613194 10.09051356 1.49115064 6.31567525 1.36624568 1.329375952597e-01 6.635729185302e+02 4.531224401927e-01 1.419321407381e+02 6.124032179896e-01
6 10 1 1.05613194 10.09051356 1.49115064 6.31567525 1.36624568 1.314556963046e-01 6.186876871504e+02 4.431248282140e-01 1.309300965605e+02 5.869451520064e-01
6 11 1 1.05613194 10.09051356 1.49115064 6.31567525 1.36624568 1.283303285624e-01 5.765248751380e+02 4.230318446535e-01 1.208897566756e+02 5.480534919282e-01
6 12 1 1.05613194 10.09051356 1.49115064 6.31567525 1.36624568 1.239327157476e-01 5.382216970839e+02 4.119161075608e-01 1.117709631736e+02 4.965210747279e-01
6 13 1 1.05613194 10.09051356 1.49115064 6.31567525 1.36624568 1.196882352168e-01 5.036840938025e+02 4.061435467632e-01 1.036725764457e+02 4.400274917783e-01
6 14 1 1.05613194 10.09051356 1.49115064 6.31567525 1.36624568 1.157048524942e-01 4.736383852199e+02 3.913031906363e-01 9.677780034623e+01 3.830287106851e-01
6 15 1 1.05613194 10.09051356 1.49115064 6.31567525 1.36624568 1.111224175866e-01 4.480210786150e+02 3.780014885003e-01 9.111739915454e+01 3.297232671289e-01
6 16 1 1.05613194 10.09051356 1.49115064 6.31567525 1.36624568 1.060268390790e-01 4.280446581846e+02 3.712725901489e-01 8.668192137998e+01 2.816676947784e-01
6 17 1 1.05613194 10.09051356 1.49115064 6.31567525 1.36624568 1.018194717371e-01 4.139964142820e+02 3.599454807677e-01 8.358715753176e+01 2.411281794977e-01
6 18 1 1.05613194 10.09051356 1.49115064 6.31567525 1.36624568 9.949306285977e-02 4.060321494990e+02 3.489354676820e-01 8.190614743743e+01 2.116853155737e-01
6 19 1 1.05613194 10.09051356 1.49115064 6.31567525 1.36624568 9.826999788969e-02 4.034259750445e+02 3.398397541438e-01 8.141073137482e+01 1.911459233738e-01
6 20 1 1.05613194 10.09051356 1.49115064 6.31567525 1.36624568 9.647086919226e-02 4.048190308200e+02 3.294633113519e-01 8.198782618333e+01 1.794407484368e-01
6 21 1 1.05613194 10.09051356 1.49115064 6.31567525 1.36624568 9.348305759532e-02 4.091283781525e+02 3.261685649048e-01 8.349592900217e+01 1.753288329305e-01
6 22 1 1.05613194 10.09051356 1.49115064 6.31567525 1.36624568 9.039634537430e-02 4.156464620375e+02 3.208128709887e-01 8.576439323093e+01 1.809476497742e-01
6 23 1 1.05613194 10.09051356 1.49115064 6.31567525 1.36624568 8.867952108295e-02 4.243126646562e+02 3.127792512148e-01 8.842650848928e+01 1.963084018555e-01
6 24 1 1.05613194 10.09051356 1.49115064 6.31567525 1.36624568 8.858272780550e-02 4.350335100443e+02 3.107742170197e-01 9.139883327210e+01 2.174463656180e-01
6 25 1 1.05613194 10.09051356 1.49115064 6.31567525 1.36624568 8.898939406992e-02 4.473552219797e+02 3.105263180701e-01 9.443828283549e+01 2.429401658796e-01
6 26 1 1.05613194 10.09051356 1.49115064 6.31567525 1.36624568 8.859686092764e-02 4.597532654515e+02 3.039422099409e-01 9.738048416447e+01 2.686592921282e-01
6 27 1 1.05613194 10.09051356 1.49115064 6.31567525 1.36624568 8.701167411850e-02 4.711158820749e+02 2.978990767364e-01 9.988384366739e+01 2.941542448086e-01
6 28 1 1.05613194 10.09051356 1.49115064 6.31567525 1.36624568 8.482722599425e-02 4.799560412616e+02 2.969379791908e-01 1.021916613111e+02 3.143992300358e-01
6 29 1 1.05613194 10.09051356 1.49115064 6.31567525 1.36624568 8.297567533529e-02 4.864723397405e+02 2.950911418863e-01 1.039837234244e+02 3.269246159901e-01
6 30 1 1.05613194 10.09051356 1.49115064 6.31567525 1.36624568 8.213497404991e-02 4.912982957993e+02 2.924894394990e-01 1.055087749026e+02 3.359767019613e-01
6 31 1 1.05613194 10.09051356 1.49115064 6.31567525 1.36624568 8.254769478196e-02 4.946083986237e+02 2.911398517206e-01 1.064019365282e+02 3.443395662909e-01
6 32 1 1.05613194 10.09051356 1.49115064 6.31567525 1.36624568 8.409017389118e-02 4.971501195695e+02 2.954179043660e-01 1.070987248206e+02 3.557210617643e-01
6 33 1 1.05613194 10.09051356 1.49115064 6.31567525 1.36624568 8.635359817114e-02 4.971583174371e+02 2.998978791259e-01 1.070381902247e+02 3.621730994278e-01
6 34 1 1.05613194 10.09051356 1.49115064 6.31567525 1.36624568 8.870216571510e-02 4.944713955483e+02 3.018932217081e-01 1.064083831226e+02 3.571849794567e-01
6 35 1 1.05613194 10.09051356 1.49115064 6.31567525 1.36624568 9.042819965755e-02 4.880745956996e+02 3.037424798897e-01 1.049800341135e+02 3.401492685251e-01
6 36 1 1.05613194 10.09051356 1.49115064 6.31567525 1.36624568 9.110161361981e-02 4.790048598564e+02 3.089249606633e-01 1.029887862074e+02 3.136578837543e-01
6 37 1 1.05613194 10.09051356 1.49115064 6.31567525 1.36624568 9.099362548348e-02 4.682752259470e+02 3.148388193873e-01 1.003713455828e+02 2.857443300550e-01
6 38 1 1.05613194 10.09051356 1.49115064 6.31567525 1.36624568 9.116119088757e-02 4.576891810674e+02 3.150843350602e-01 9.732437617755e+01 2.567801592145e-01
6 39 1 1.05613194 10.09051356 1.49115064 6.31567525 1.36624568 9.281420343893e-02 4.474226743040e+02 3.188257773044e-01 9.424534266443e+01 2.298356791527e-01
6 40 1 1.05613194 10.09051356 1.49115064 6.31567525 1.36624568 9.625154279014e-02 4.381315243463e+02 3.292987927909e-01 9.121638747362e+01 2.077472886791e-01
6 41 1 1.05613194 10.09051356 1.49115064 6.31567525 1.36624568 1.004079083361e-01 4.294583273254e+02 3.378972088150e-01 8.849483208307e+01 1.924447502621e-01
6 42 1 1.05613194 10.09051356 1.49115064 6.31567525 1.36624568 1.037794704125e-01 4.219806910604e+02 3.437001008891e-01 8.628597008141e+01 1.861195687685e-01
6 43 1 1.05613194 10.09051356 1.49115064 6.31567525 1.36624568 1.060199024566e-01 4.172042750068e+02 3.567817469729e-01 8.492027248588e+01 1.865691249605e-01
6 44 1 1.05613194 10.09051356 1.49115064 6.31567525 1.36624568 1.084205435971e-01 4.163872194373e+02 3.692858318632e-01 8.447394542518e+01 1.972802026720e-01
6 45 1 1.05613194 10.09051356 1.49115064 6.31567525 1.36624568 1.124915568763e-01 4.210378323884e+02 3.797255437514e-01 8.511002907254e+01 2.200742069861e-01
6 46 1 1.05613194 10.09051356 1.49115064 6.31567525 1.36624568 1.181617844045e-01 4.316176331996e+02 3.924776445647e-01 8.706988023638e+01 2.563844454677e-01
6 47 1 1.05613194 10.09051356 1.49115064 6.31567525 1.36624568 1.238227707487e-01 4.479095332363e+02 4.011351737185e-01 9.041827459471e+01 3.038667766098e-01
6 48 1 1.05613194 10.09051356 1.49115064 6.31567525 1.36624568 1.282486324365e-01 4.694857981724e+02 4.158386378335e-01 9.504276229499e+01 3.579817496956e-01
6 49 1 1.05613194 10.09051356 1.49115064 6.31567525 1.36624568 1.319201779805e-01 4.965823220689e+02 4.333078367360e-01 1.012222281951e+02 4.180867778759e-01
6 50 1 1.05613194 10.09051356 1.49115064 6.31567525 1.36624568 1.359874332060e-01 5.287379396564e+02 4.430984783469e-01 1.088403988586e+02 4.788246845152e-01
6 51 1 1.05613194 10.09051356 1.49115064 6.31567525 1.36624568 1.404307491615e-01 5.669106370289e+02 4.580824874266e-01 1.180944505954e+02 5.355788855909e-01
6 52 1 1.05613194 10.09051356 1.49115064 6.31567525 1.36624568 1.443334985746e-01 6.102367403495e+02 4.839473524243e-01 1.284942185704e+02 5.822515990529e-01
6 53 1 1.05613194 10.09051356 1.49115064 6.31567525 1.36624568 1.481628151704e-01 6.577906845962e+02 4.994410097631e-01 1.403343787745e+02 6.173188659526e-01
6 54 1 1.05613194 10.09051356 1.49115064 6.31567525 1.36624568 1.544719980310e-01 7.082703614329e+02 5.161032835505e-01 1.528311045476e+02 6.431827282373e-01
6 55 1 1.05613194 10.09051356 1.49115064 6.31567525 1.36624568 1.649502630412e-01 7.590877089773e+02 5.426809857138e-01 1.655814830052e+02 6.568445512869e-01
6 56 1 1.05613194 10.09051356 1.49115064 6.31567525 1.36624568 1.771197616422e-01 8.091212768938e+02 5.627996856099e-01 1.780564372415e+02 6.543473729534e-01
6 57 1 1.05613194 10.09051356 1.49115064 6.31567525 1.36624568 1.857579764073e-01 8.565761790973e+02 5.859370014603e-01 1.898382589717e+02 6.335783317270e-01
6 58 1 1.05613194 10.09051356 1.49115064 6.31567525 1.36624568 1.885862556412e-01 9.001828103121e+02 6.082282923423e-01 2.007011885079e+02 6.002912885883e-01
6 59 1 1.05613194 10.09051356 1.49115064 6.31567525 1.36624568 1.894541325292e-01 9.388753904834e+02 6.285305317220e-01 2.098722826838e+02 5.629383121748e-01
6 60 1 1.05613194 10.09051356 1.49115064 6.31567525 1.36624568 1.943084365876e-01 9.710483311195e+02 6.560728594087e-01 2.179467343192e+02 5.253126423589e-01
6 61 1 1.05613194 10.09051356 1.49115064 6.31567525 1.36624568 2.043242788767e-01 9.952620963153e+02 6.826807602603e-01 2.241450901285e+02 4.860619844413e-01
6 62 1 1.05613194 10.09051356 1.49115064 6.31567525 1.36624568 2.149109285280e-01 1.011192571990e+03 7.020631423979e-01 2.287265737697e+02 4.466198597257e-01
6 63 1 1.05613194 10.09051356 1.49115064 6.31567525 1.36624568 2.220995450274e-01 1.018225805671e+03 7.355279381683e-01 2.311305567402e+02 4.123677725156e-01
7 0 1 0.98702587 3.26431058 1.19971069 2.50690240 1.59334462 1.485589419914e-01 1.632501104436e+01 3.124604194440e-01 5.795641098725e+00 1.011913354807e+00
7 1 1 0.98702587 3.26431058 1.19971069 2.50690240 1.59334462 1.353312492374e-01 1.568884816765e+01 3.041383493869e-01 6.329408737740e+00 9.843798059042e-01
7 2 1 0.98702587 3.26431058 1.19971069 2.50690240 1.59334462 1.238454138181e-01 1.517166085165e+01 2.968579283400e-01 6.742725508087e+00 9.598927542309e-01
7 3 1 0.98702587 3.26431058 1.19971069 2.50690240 1.59334462 1.147403784351e-01 1.470601094082e+01 2.892175355034e-01 6.895814590118e+00 9.236614115945e-01
7 4 1 0.98702587 3.26431058 1.19971069 2.50690240 1.59334462 1.087685602054e-01 1.423981860049e+01 2.808895521991e-01 6.756628247275e+00 8.895267865854e-01
7 5 1 0.98702587 3.26431058 1.19971069 2.50690240 1.59334462 1.064954738514e-01 1.375041098493e+01 2.742606147433e-01 6.325892939026e+00 8.626817578211e-01
7 6 1 0.98702587 3.26431058 1.19971069 2.50690240 1.59334462 1.080433804839e-01 1.320796141347e+01 2.702900643893e-01 5.661719779686e+00 8.410398018365e-01
7 7 1 0.98702587 3.26431058 1.19971069 2.50690240 1.59334462 1.125041448023e-01 1.273999560313e+01 2.644016909284e-01 4.919277732402e+00 8.121746970459e-01
7 8 1 0.98702587 3.26431058 1.19971069 2.50690240 1.59334462 1.177992031431e-01 1.228511490877e+01 2.573206647103e-01 4.157198202489e+00 7.737240412866e-01
7 9 1 0.98702587 3.26431058 1.19971069 2.50690240 1.59334462 1.216314850289e-01 1.185948330087e+01 2.505181176199e-01 3.516644235221e+00 7.356364342769e-01
7 10 1 0.98702587 3.26431058 1.19971069 2.50690240 1.59334462 1.226875905944e-01 1.140828727039e+01 2.461804926345e-01 3.130744099520e+00 7.011387160571e-01
7 11 1 0.98702587 3.26431058 1.19971069 2.50690240 1.59334462 1.209476974215e-01 1.100079967573e+01 2.399490596582e-01 2.954902243061e+00 6.759149521913e-01
7 12 1 0.98702587 3.26431058 1.19971069 2.50690240 1.59334462 1.172013489874e-01 1.064888244596e+01 2.320291085834e-01 3.013278017877e+00 6.585296568849e-01
7 13 1 0.98702587 3.26431058 1.19971069 2.50690240 1.59334462 1.124696646297e-01 1.034030013435e+01 2.248575760998e-01 3.280801105555e+00 6.429182373592e-01
7 14 1 0.98702587 3.26431058 1.19971069 2.50690240 1.59334462 1.074848578353e-01 1.004493322649e+01 2.201551039698e-01 3.620963988076e+00 6.256701019746e-01
7 15 1 0.98702587 3.26431058 1.19971069 2.50690240 1.59334462 1.022676523963e-01 9.697606778129e+00 2.152441727780e-01 3.957844586704e+00 6.064437689108e-01
7 16 1 0.98702587 3.26431058 1.19971069 2.50690240 1.59334462 9.629596061436e-02 9.376099262473e+00 2.077405827862e-01 4.216734007379e+00 5.849535616762e-01
7 17 1 0.98702587 3.26431058 1.19971069 2.50690240 1.59334462 8.931856880145e-02 9.074647759922e+00 2.003770536757e-01 4.320634246070e+00 5.655422173041e-01
7 18 1 0.98702587 3.26431058 1.19971069 2.50690240 1.59334462 8.187666288527e-02 8.802889190399e+00 1.943397620581e-01 4.246467276431e+00 5.531472751790e-01
7 19 1 0.98702587 3.26431058 1.19971069 2.50690240 1.59334462 7.491757591105e-02 8.571201859458e+00 1.902057800379e-01 3.997927618083e+00 5.441285418261e-01
7 20 1 0.98702587 3.26431058 1.19971069 2.50690240 1.59334462 6.920313733395e-02 8.330396658217e+00 1.861182747812e-01 3.614619389545e+00 5.325064257121e-01
7 21 1 0.98702587 3.26431058 1.19971069 2.50690240 1.59334462 6.528080143324e-02 8.150923265323e+00 1.836857463457e-01 3.178299186123e+00 5.151165197078e-01
7 22 1 0.98702587 3.26431058 1.19971069 2.50690240 1.59334462 6.356397500423e-02 7.992409933886e+00 1.814353708959e-01 2.748549186728e+00 4.994724078727e-01
7 23 1 0.98702587 3.26431058 1.19971069 2.50690240 1.59334462 6.391771654367e-02 7.853480751085e+00 1.778309500189e-01 2.384343238453e+00 4.875741780470e-01
7 24 1 0.98702587 3.26431058 1.19971069 2.50690240 1.59334462 6.539424874526e-02 7.700962225934e+00 1.725437153419e-01 2.167726722910e+00 4.792973408423e-01
7 25 1 0.98702587 3.26431058 1.19971069 2.50690240 1.59334462 6.693697628462e-02 7.578217120724e+00 1.688270473816e-01 2.103313047346e+00 4.778452643505e-01
7 26 1 0.98702587 3.26431058 1.19971069 2.50690240 1.59334462 6.831760706376e-02 7.485913699501e+00 1.684611421842e-01 2.192835043524e+00 4.775739632935e-01
7 27 1 0.98702587 3.26431058 1.19971069 2.50690240 1.59334462 6.997119600419e-02 7.452939426295e+00 1.683327233078e-01 2.419177587960e+00 4.764878343170e-01
7 28 1 0.98702587 3.26431058 1.19971069 2.50690240 1.59334462 7.203688397585e-02 7.422549078544e+00 1.664818958313e-01 2.700394744505e+00 4.681044788568e-01
7 29 1 0.98702587 3.26431058 1.19971069 2.50690240 1.59334462 7.412794520837e-02 7.327626869666e+00 1.632195042507e-01 3.020549334348e+00 4.518766981107e-01
7 30 1 0.98702587 3.26431058 1.19971069 2.50690240 1.59334462 7.603883224826e-02 7.294755861143e+00 1.620932478912e-01 3.285383535625e+00 4.372240932655e-01
7 31 1 0.98702587 3.26431058 1.19971069 2.50690240 1.59334462 7.799184031306e-02 7.252744605279e+00 1.626660165099e-01 3.414816473052e+00 4.335948073269e-01
7 32 1 0.98702587 3.26431058 1.19971069 2.50690240 1.59334462 7.990857980209e-02 7.367116241231e+00 1.649848344329e-01 3.460896729414e+00 4.497438395174e-01
7 33 1 0.98702587 3.26431058 1.19971069 2.50690240 1.59334462 8.100467925591e-02 7.477879590947e+00 1.681906026224e-01 3.356649442432e+00 4.709208889310e-01
7 34 1 0.98702587 3.26431058 1.19971069 2.50690240 1.59334462 8.054245329069e-02 7.561209136323e+00 1.719767229833e-01 3.109261573098e+00 4.829823503341e-01
7 35 1 0.98702587 3.26431058 1.19971069 2.50690240 1.59334462 7.860536422127e-02 7.640743601383e+00 1.741086718895e-01 2.834316265364e+00 4.844297408995e-01
7 36 1 0.98702587 3.26431058 1.19971069 2.50690240 1.59334462 7.571648885804e-02 7.683022001913e+00 1.742919452100e-01 2.541873631157e+00 4.791175315401e-01
7 37 1 0.98702587 3.26431058 1.19971069 2.50690240 1.59334462 7.209959147426e-02 7.836706868792e+00 1.758961735662e-01 2.306008865236e+00 4.786608636716e-01
7 38 1 0.98702587 3.26431058 1.19971069 2.50690240 1.59334462 6.793626779180e-02 8.000210083920e+00 1.803063287867e-01 2.204572017741e+00 4.840983093539e-01
7 39 1 0.98702587 3.26431058 1.19971069 2.50690240 1.59334462 6.414314125626e-02 8.189131900144e+00 1.859945509032e-01 2.248233168411e+00 4.966311361343e-01
7 40 1 0.98702587 3.26431058 1.19971069 2.50690240 1.59334462 6.217391645263e-02 8.358975876600e+00 1.888155658163e-01 2.473767880421e+00 5.128408743080e-01
7 41 1 0.98702587 3.26431058 1.19971069 2.50690240 1.59334462 6.291840983962e-02 8.555655381777e+00 1.906389960399e-01 2.839993717064e+00 5.280446206092e-01
7 42 1 0.98702587 3.26431058 1.19971069 2.50690240 1.59334462 6.623219002312e-02 8.782506549109e+00 1.933809236199e-01 3.285573844414e+00 5.434314543434e-01
7 43 1 0.98702587 3.26431058 1.19971069 2.50690240 1.59334462 7.156512324108e-02 9.058061176746e+00 1.984221452367e-01 3.764892329348e+00 5.533881316374e-01
7 44 1 0.98702587 3.26431058 1.19971069 2.50690240 1.59334462 7.851860827570e-02 9.336645455032e+00 2.037657777478e-01 4.175985927613e+00 5.623448662335e-01
7 45 1 0.98702587 3.26431058 1.19971069 2.50690240 1.59334462 8.666307180358e-02 9.615877015968e+00 2.097845751394e-01 4.442542879022e+00 5.777646313358e-01
7 46 1 0.98702587 3.26431058 1.19971069 2.50690240 1.59334462 9.538598894743e-02 9.942056458635e+00 2.166278167459e-01 4.529198274689e+00 5.999235674451e-01
7 47 1 0.98702587 3.26431058 1.19971069 2.50690240 1.59334462 1.042696331214e-01 1.025490263858e+01 2.221344495546e-01 4.419748875640e+00 6.231152999929e-01
7 48 1 0.98702587 3.26431058 1.19971069 2.50690240 1.59334462 1.132314037309e-01 1.058813294955e+01 2.257050759605e-01 4.150663414379e+00 6.420516415827e-01
7 49 1 0.98702587 3.26431058 1.19971069 2.50690240 1.59334462 1.219113662106e-01 1.089173966822e+01 2.287876505089e-01 3.792372521358e+00 6.601978913520e-01
7 50 1 0.98702587 3.26431058 1.19971069 2.50690240 1.59334462 1.291514364229e-01 1.120711583566e+01 2.352089566754e-01 3.420731623620e+00 6.801745065660e-01
7 51 1 0.98702587 3.26431058 1.19971069 2.50690240 1.59334462 1.334151275659e-01 1.160798585796e+01 2.417646997605e-01 3.176039765678e+00 7.049839088212e-01
7 52 1 0.98702587 3.26431058 1.19971069 2.50690240 1.59334462 1.336857631407e-01 1.204301336205e+01 2.467392714545e-01 3.153582234352e+00 7.374380650126e-01
7 53 1 0.98702587 3.26431058 1.19971069 2.50690240 1.59334462 1.299992166213e-01 1.251197946319e+01 2.501678452570e-01 3.351291109807e+00 7.757824895841e-01
7 54 1 0.98702587 3.26431058 1.19971069 2.50690240 1.59334462 1.235539593399e-01 1.294242440580e+01 2.563768212073e-01 3.847266067879e+00 8.114599980657e-01
7 55 1 0.98702587 3.26431058 1.19971069 2.50690240 1.59334462 1.165307134452e-01 1.338658477758e+01 2.637881557254e-01 4.587667914592e+00 8.412220717784e-01
7 56 1 0.98702587 3.26431058 1.19971069 2.50690240 1.59334462 1.113313880316e-01 1.386129880095e+01 2.697047158236e-01 5.401801289757e+00 8.631277278026e-01
7 57 1 0.98702587 3.26431058 1.19971069 2.50690240 1.59334462 1.094484620948e-01 1.436562897619e+01 2.752994504230e-01 6.238777491089e+00 8.801206594473e-01
7 58 1 0.98702587 3.26431058 1.19971069 2.50690240 1.59334462 1.110628508243e-01 1.486044897737e+01 2.832926892512e-01 6.938961198688e+00 9.077003621652e-01
7 59 1 0.98702587 3.26431058 1.19971069 2.50690240 1.59334462 1.157956690893e-01 1.529899893268e+01 2.941220236610e-01 7.350895841460e+00 9.442499725079e-01
7 60 1 0.98702587 3.26431058 1.19971069 2.50690240 1.59334462 1.235339525179e-01 1.582340449051e+01 3.030052636040e-01 7.449337379497e+00 9.820167941082e-01
7 61 1 0.98702587 3.26431058 1.19971069 2.50690240 1.59334462 1.344384813261e-01 1.638484244191e+01 3.119845158971e-01 7.199870070727e+00 1.011919347349e+00
7 62 1 0.98702587 3.26431058 1.19971069 2.50690240 1.59334462 1.486739351954e-01 1.706770950205e+01 3.215781359810e-01 6.692598512808e+00 1.044022451651e+00
7 63 1 0.98702587 3.26431058 1.19971069 2.50690240 1.59334462 1.663581115572e-01 1.770383609512e+01 3.327500282059e-01 6.067921996106e+00 1.093053778469e+00
10 0 1 1.10252014 5.14762246 1.44529439 4.34514546 1.69872875 3.048404515437e-01 8.781187929643e+01 7.133184004220e-01 4.351391634143e+01 1.307934556630e+00
10 1 1 1.10252014 5.14762246 1.44529439 4.34514546 1.69872875 3.123848899157e-01 8.526658642559e+01 6.846859440693e-01 4.575990624486e+01 1.254490730502e+00
10 2 1 1.10252014 5.14762246 1.44529439 4.34514546 1.69872875 2.956600728195e-01 8.267479339403e+01 6.612318860723e-01 4.806065049164e+01 1.211933013782e+00
10 3 1 1.10252014 5.14762246 1.44529439 4.34514546 1.69872875 2.623072954465e-01 7.982984060634e+01 6.389872354602e-01 4.935307918185e+01 1.168676228661e+00
10 4 1 1.10252014 5.14762246 1.44529439 4.34514546 1.69872875 2.240072692733e-01 7.708140977665e+01 6.126174847762e-01 4.917135899593e+01 1.129595124991e+00
10 5 1 1.10252014 5.14762246 1.44529439 4.34514546 1.69872875 1.908033621005e-01 7.435950016066e+01 5.888936740275e-01 4.738494379200e+01 1.099037238873e+00
10 6 1 1.10252014 5.14762246 1.44529439 4.34514546 1.69872875 1.697014848199e-01 7.195909455090e+01 5.690810925240e-01 4.416179815974e+01 1.073766849907e+00
10 7 1 1.10252014 5.14762246 1.44529439 4.34514546 1.69872875 1.643679115308e-01 6.973200718014e+01 5.454910056273e-01 4.008849641783e+01 1.045344160655e+00
10 8 1 1.10252014 5.14762246 1.44529439 4.34514546 1.69872875 1.735059196777e-01 6.751479801166e+01 5.225906390675e-01 3.573419672560e+01 1.006211840313e+00
10 9 1 1.10252014 5.14762246 1.44529439 4.34514546 1.69872875 1.903774193790e-01 6.534830263174e+01 5.019995948556e-01 3.169940129169e+01 9.610786373652e-01
10 10 1 1.10252014 5.14762246 1.44529439 4.34514546 1.69872875 2.053669641403e-01 6.331506374806e+01 4.813756150300e-01 2.874466150866e+01 9.154684948907e-01
10 11 1 1.10252014 5.14762246 1.44529439 4.34514546 1.69872875 2.096565090691e-01 6.145767149653e+01 4.573794404144e-01 2.696281715195e+01 8.751168830948e-01
10 12 1 1.10252014 5.14762246 1.44529439 4.34514546 1.69872875 1.981792052979e-01 5.962464589156e+01 4.401963108300e-01 2.646260011772e+01 8.440141579851e-01
10 13 1 1.10252014 5.14762246 1.44529439 4.34514546 1.69872875 1.719705254693e-01 5.785008414048e+01 4.282538265426e-01 2.713400652896e+01 8.211578592826e-01
10 14 1 1.10252014 5.14762246 1.44529439 4.34514546 1.69872875 1.387864905194e-01 5.586313934107e+01 4.132404742274e-01 2.847085741732e+01 7.993894772345e-01
10 15 1 1.10252014 5.14762246 1.44529439 4.34514546 1.69872875 1.097807823342e-01 5.407009158991e+01 3.949571583940e-01 3.006138868650e+01 7.770701734840e-01
10 16 1 1.10252014 5.14762246 1.44529439 4.34514546 1.69872875 9.358445864485e-02 5.238141972169e+01 3.802531082807e-01 3.129177493106e+01 7.552002765419e-01
10 17 1 1.10252014 5.14762246 1.44529439 4.34514546 1.69872875 9.251990937403e-02 5.089926158751e+01 3.694436602738e-01 3.186236694176e+01 7.349564546006e-01
10 18 1 1.10252014 5.14762246 1.44529439 4.34514546 1.69872875 1.031191481003e-01 4.954990319947e+01 3.564539793197e-01 3.152725480126e+01 7.149001197928e-01
10 19 1 1.10252014 5.14762246 1.44529439 4.34514546 1.69872875 1.187089546705e-01 4.823498868795e+01 3.439360878571e-01 3.019170342008e+01 6.927096840892e-01
10 20 1 1.10252014 5.14762246 1.44529439 4.34514546 1.69872875 1.319428200932e-01 4.701250859422e+01 3.316249516719e-01 2.810654415829e+01 6.748520003718e-01
10 21 1 1.10252014 5.14762246 1.44529439 4.34514546 1.69872875 1.373825193411e-01 4.593354022813e+01 3.206913981343e-01 2.563982011428e+01 6.589561579642e-01
10 22 1 1.10252014 5.14762246 1.44529439 4.34514546 1.69872875 1.335511498623e-01 4.498061039466e+01 3.126565545310e-01 2.317251154394e+01 6.436817937514e-01
10 23 1 1.10252014 5.14762246 1.44529439 4.34514546 1.69872875 1.226777026689e-01 4.408013124835e+01 3.102137133652e-01 2.108649905823e+01 6.290881743613e-01
10 24 1 1.10252014 5.14762246 1.44529439 4.34514546 1.69872875 1.085990648632e-01 4.332314528948e+01 3.063536220538e-01 1.971013298241e+01 6.179636274984e-01
10 25 1 1.10252014 5.14762246 1.44529439 4.34514546 1.69872875 9.551233411708e-02 4.264239212219e+01 2.978490681345e-01 1.925926055357e+01 6.165640000949e-01
10 26 1 1.10252014 5.14762246 1.44529439 4.34514546 1.69872875 8.800400103300e-02 4.220344938731e+01 2.916173757662e-01 1.960903624998e+01 6.170788690758e-01
10 27 1 1.10252014 5.14762246 1.44529439 4.34514546 1.69872875 8.991309400404e-02 4.183329676184e+01 2.907355243841e-01 2.069384950837e+01 6.152459468940e-01
10 28 1 1.10252014 5.14762246 1.44529439 4.34514546 1.69872875 1.016528464321e-01 4.152638659678e+01 2.902651704694e-01 2.220798894222e+01 6.031814234894e-01
10 29 1 1.10252014 5.14762246 1.44529439 4.34514546 1.69872875 1.191580903162e-01 4.110403370096e+01 2.856629055204e-01 2.380334073415e+01 5.810390020419e-01
10 30 1 1.10252014 5.14762246 1.44529439 4.34514546 1.69872875 1.361273995186e-01 4.093148903227e+01 2.829365820927e-01 2.521148313973e+01 5.628100618693e-01
10 31 1 1.10252014 5.14762246 1.44529439 4.34514546 1.69872875 1.470426303027e-01 4.086211434182e+01 2.833084198464e-01 2.596790619505e+01 5.594546055167e-01
10 32 1 1.10252014 5.14762246 1.44529439 4.34514546 1.69872875 1.485149619158e-01 4.127463870559e+01 2.868351331624e-01 2.617085964352e+01 5.791700821847e-01
10 33 1 1.10252014 5.14762246 1.44529439 4.34514546 1.69872875 1.398567496257e-01 4.175267039391e+01 2.919705669464e-01 2.557919193166e+01 6.055789555786e-01
10 34 1 1.10252014 5.14762246 1.44529439 4.34514546 1.69872875 1.239421440652e-01 4.225114115339e+01 2.973301071459e-01 2.433348537762e+01 6.223671418617e-01
10 35 1 1.10252014 5.14762246 1.44529439 4.34514546 1.69872875 1.067422154285e-01 4.269261372830e+01 2.993370776517e-01 2.282204428154e+01 6.249571404711e-01
10 36 1 1.10252014 5.14762246 1.44529439 4.34514546 1.69872875 9.447915244036e-02 4.311474730108e+01 3.011718482974e-01 2.125128455637e+01 6.175664200326e-01
10 37 1 1.10252014 5.14762246 1.44529439 4.34514546 1.69872875 9.083768779147e-02 4.373632895501e+01 3.091071720480e-01 2.014526466172e+01 6.155147377936e-01
10 38 1 1.10252014 5.14762246 1.44529439 4.34514546 1.69872875 9.662275607562e-02 4.454222581146e+01 3.182904286788e-01 1.971218045719e+01 6.213959549676e-01
10 39 1 1.10252014 5.14762246 1.44529439 4.34514546 1.69872875 1.104146391873e-01 4.547446879676e+01 3.235387996282e-01 2.025634881741e+01 6.376136274461e-01
10 40 1 1.10252014 5.14762246 1.44529439 4.34514546 1.69872875 1.280773837408e-01 4.643329187819e+01 3.274262884574e-01 2.180187476660e+01 6.577215136738e-01
10 41 1 1.10252014 5.14762246 1.44529439 4.34514546 1.69872875 1.426596514873e-01 4.749851112108e+01 3.385022573517e-01 2.409930014029e+01 6.745612173695e-01
10 42 1 1.10252014 5.14762246 1.44529439 4.34514546 1.69872875 1.472325551479e-01 4.861693751609e+01 3.523416730154e-01 2.684879755204e+01 6.920591299394e-01
10 43 1 1.10252014 5.14762246 1.44529439 4.34514546 1.69872875 1.391410840473e-01 4.989664973738e+01 3.652032087505e-01 2.961057752048e+01 7.102640014812e-01
10 44 1 1.10252014 5.14762246 1.44529439 4.34514546 1.69872875 1.217780211718e-01 5.122628152159e+01 3.769762525195e-01 3.190262950096e+01 7.321753828769e-01
10 45 1 1.10252014 5.14762246 1.44529439 4.34514546 1.69872875 1.029845379993e-01 5.260880379819e+01 3.885468424111e-01 3.329585204144e+01 7.527946640571e-01
10 46 1 1.10252014 5.14762246 1.44529439 4.34514546 1.69872875 9.204831287409e-02 5.408010287646e+01 3.993777546756e-01 3.362743656505e+01 7.726473311818e-01
10 47 1 1.10252014 5.14762246 1.44529439 4.34514546 1.69872875 9.624514677442e-02 5.575751668902e+01 4.125008877286e-01 3.299323749034e+01 7.964814970423e-01
10 48 1 1.10252014 5.14762246 1.44529439 4.34514546 1.69872875 1.172136860992e-01 5.746000745612e+01 4.301450700745e-01 3.152739502209e+01 8.216434104981e-01
10 49 1 1.10252014 5.14762246 1.44529439 4.34514546 1.69872875 1.495206905442e-01 5.922654677097e+01 4.439110223414e-01 2.976275842840e+01 8.486848767881e-01
10 50 1 1.10252014 5.14762246 1.44529439 4.34514546 1.69872875 1.835351930826e-01 6.089150419779e+01 4.557758556091e-01 2.828777737848e+01 8.787496706237e-01
10 51 1 1.10252014 5.14762246 1.44529439 4.34514546 1.69872875 2.103408583907e-01 6.251233405734e+01 4.726011948936e-01 2.764664937493e+01 9.166844208570e-01
10 52 1 1.10252014 5.14762246 1.44529439 4.34514546 1.69872875 2.245328519040e-01 6.443503326711e+01 4.963829709134e-01 2.836655553229e+01 9.605534080623e-01
10 53 1 1.10252014 5.14762246 1.44529439 4.34514546 1.69872875 2.245552264912e-01 6.644473069307e+01 5.155343564114e-01 3.048565197644e+01 1.002860386037e+00
10 54 1 1.10252014 5.14762246 1.44529439 4.34514546 1.69872875 2.130003883683e-01 6.873637208720e+01 5.318376086087e-01 3.415810450929e+01 1.038724390523e+00
10 55 1 1.10252014 5.14762246 1.44529439 4.34514546 1.69872875 1.968026768012e-01 7.098273006319e+01 5.514555775518e-01 3.882291524578e+01 1.067221045770e+00
10 56 1 1.10252014 5.14762246 1.44529439 4.34514546 1.69872875 1.853721531268e-01 7.338672620681e+01 5.715699152945e-01 4.371804261052e+01 1.090196442767e+00
10 57 1 1.10252014 5.14762246 1.44529439 4.34514546 1.69872875 1.872723207312e-01 7.586478211620e+01 5.897464992473e-01 4.823713738912e+01 1.116640503657e+00
10 58 1 1.10252014 5.14762246 1.44529439 4.34514546 1.69872875 2.074896717259e-01 7.871204300692e+01 6.100601302178e-01 5.151558304225e+01 1.156117216107e+00
10 59 1 1.10252014 5.14762246 1.44529439 4.34514546 1.69872875 2.449746044946e-01 8.145941840480e+01 6.357576761256e-01 5.303515127420e+01 1.205530265579e+00
10 60 1 1.10252014 5.14762246 1.44529439 4.34514546 1.69872875 2.902931014371e-01 8.421651151366e+01 6.569923265426e-01 5.272147472401e+01 1.259460914492e+00
10 61 1 1.10252014 5.14762246 1.44529439 4.34514546 1.69872875 3.271819060507e-01 8.687552760738e+01 6.799851798677e-01 5.077887465787e+01 1.310770255136e+00
10 62 1 1.10252014 5.14762246 1.44529439 4.34514546 1.69872875 3.405021111122e-01 8.957594614595e+01 7.081893226254e-01 4.809468747302e+01 1.367816787201e+00
10 63 1 1.10252014 5.14762246 1.44529439 4.34514546 1.69872875 3.250730732082e-01 9.274089902000e+01 7.381739244340e-01 4.547726550668e+01 1.428342017174e+00
11 0 1 0.97000368 3.40981825 1.39794169 3.20801945 1.09718964 4.158851313006e-07 1.585358166301e+01 3.278850242460e-06 8.658423337434e-03 7.730147808524e-05
11 1 1 0.97000368 3.40981825 1.39794169 3.20801945 1.09718964 3.362931141406e-08 1.533452940401e+01 2.669606033215e-06 8.010927176698e-03 1.041747585900e-04
11 2 1 0.97000368 3.40981825 1.39794169 3.20801945 1.09718964 4.223951597155e-07 1.483987129922e+01 2.176232652834e-06 7.300794022405e-03 1.467075361384e-04
11 3 1 0.97000368 3.40981825 1.39794169 3.20801945 1.09718964 1.599125750686e-06 1.435373024487e+01 1.792618237885e-06 6.726644894723e-03 1.967884029846e-04
11 4 1 0.97000368 3.40981825 1.39794169 3.20801945 1.09718964 3.087073333724e-06 1.386468447198e+01 1.511470836897e-06 6.364585459317e-03 2.456337592415e-04
11 5 1 0.97000368 3.40981825 1.39794169 3.20801945 1.09718964 4.169323523029e-06 1.337149246191e+01 1.324575582885e-06 6.145161555112e-03 2.851336003063e-04
11 6 1 0.97000368 3.40981825 1.39794169 3.20801945 1.09718964 4.304996750684e-06 1.288341988693e+01 1.223046609582e-06 5.923467138144e-03 3.090216967296e-04
11 7 1 0.97000368 3.40981825 1.39794169 3.20801945 1.09718964 3.463235475454e-06 1.241539824392e+01 1.197568427382e-06 5.593366367470e-03 3.137032499233e-04
11 8 1 0.97000368 3.40981825 1.39794169 3.20801945 1.09718964 2.173730223452e-06 1.198068899681e+01 1.238622164695e-06 5.168912207214e-03 2.986357690901e-04
11 9 1 0.97000368 3.40981825 1.39794169 3.20801945 1.09718964 1.254477912598e-06 1.158471973153e+01 1.336692823907e-06 4.779984398252e-03 2.662335731352e-04
11 10 1 0.97000368 3.40981825 1.39794169 3.20801945 1.09718964 1.363492592659e-06 1.122294165204e+01 1.482454476169e-06 4.587248932855e-03 2.213404548508e-04
11 11 1 0.97000368 3.40981825 1.39794169 3.20801945 1.09718964 2.624359071164e-06 1.088345662041e+01 1.666931105262e-06 4.673699389194e-03 1.703771281996e-04
11 12 1 0.97000368 3.40981825 1.39794169 3.20801945 1.09718964 4.537399882897e-06 1.055286692662e+01 1.881631588003e-06 4.982376199937e-03 1.203113749560e-04
11 13 1 0.97000368 3.40981825 1.39794169 3.20801945 1.09718964 6.231016556522e-06 1.022240585472e+01 2.118658049647e-06 5.337117143096e-03 7.761455500150e-05
11 14 1 0.97000368 3.40981825 1.39794169 3.20801945 1.09718964 6.920142631849e-06 9.891494510967e+00 2.370787542220e-06 5.530071603572e-03 4.735800284798e-05
11 15 1 0.97000368 3.40981825 1.39794169 3.20801945 1.09718964 6.324901276993e-06 9.567281416820e+00 2.631527648234e-06 5.421816549016e-03 3.257054780396e-05
11 16 1 0.97000368 3.40981825 1.39794169 3.20801945 1.09718964 4.824128005419e-06 9.260692993332e+00 2.895147201722e-06 4.999173408185e-03 3.393082776761e-05
11 17 1 0.97000368 3.40981825 1.39794169 3.20801945 1.09718964 3.261697552114e-06 8.981095396393e+00 3.156683834377e-06 4.367654284437e-03 4.981379637470e-05
11 18 1 0.97000368 3.40981825 1.39794169 3.20801945 1.09718964 2.509139811425e-06 8.732146795671e+00 3.411930491530e-06 3.695114592780e-03 7.665860541778e-05
11 19 1 0.97000368 3.40981825 1.39794169 3.20801945 1.09718964 3.015665880704e-06 8.510672409322e+00 3.657403417294e-06 3.144804658034e-03 1.095823991631e-04
11 20 1 0.97000368 3.40981825 1.39794169 3.20801945 1.09718964 4.580029058583e-06 8.308863980146e+00 3.890294379257e-06 2.829914943458e-03 1.431367173006e-04
11 21 1 0.97000368 3.40981825 1.39794169 3.20801945 1.09718964 6.459130282447e-06 8.118552843316e+00 4.108410091612e-06 2.798318009819e-03 1.720925627202e-04
11 22 1 0.97000368 3.40981825 1.39794169 3.20801945 1.09718964 7.751965433698e-06 7.935438905015e+00 4.310101903976e-06 3.035631365511e-03 1.921462897481e-04
11 23 1 0.97000368 3.40981825 1.39794169 3.20801945 1.09718964 7.857637943642e-06 7.761315711652e+00 4.494188855324e-06 3.471051915472e-03 2.004584544755e-04
11 24 1 0.97000368 3.40981825 1.39794169 3.20801945 1.09718964 6.773468948102e-06 7.603365852441e+00 4.659877153672e-06 3.982398149123e-03 1.959671840659e-04
11 25 1 0.97000368 3.40981825 1.39794169 3.20801945 1.09718964 5.086534511987e-06 7.470984404027e+00 4.806679038209e-06 4.410775542119e-03 1.794513403595e-04
11 26 1 0.97000368 3.40981825 1.39794169 3.20801945 1.09718964 3.670407912994e-06 7.371680964174e+00 4.934333818249e-06 4.596971723261e-03 1.533518705055e-04
11 27 1 0.97000368 3.40981825 1.39794169 3.20801945 1.09718964 3.245941794826e-06 7.307948856259e+00 5.042733669455e-06 4.437567110659e-03 1.213882628222e-04
11 28 1 0.97000368 3.40981825 1.39794169 3.20801945 1.09718964 4.027637179705e-06 7.276471316276e+00 5.131856509482e-06 3.938788858600e-03 8.802828055628e-05
11 29 1 0.97000368 3.40981825 1.39794169 3.20801945 1.09718964 5.627971892488e-06 7.269934444071e+00 5.201707979577e-06 3.236384989057e-03 5.788184788894e-05
11 30 1 0.97000368 3.40981825 1.39794169 3.20801945 1.09718964 7.259920447156e-06 7.280543974327e+00 5.252274232554e-06 2.560435294587e-03 3.509404744008e-05
11 31 1 0.97000368 3.40981825 1.39794169 3.20801945 1.09718964 8.130829476259e-06 7.303609630851e+00 5.283486877778e-06 2.151459503642e-03 2.280846434683e-05
11 32 1 0.97000368 3.40981825 1.39794169 3.20801945 1.09718964 7.830789487082e-06 7.339568664551e+00 5.295201066521e-06 2.162649457120e-03 2.276186479585e-05
11 33 1 0.97000368 3.40981825 1.39794169 3.20801945 1.09718964 6.526795909269e-06 7.393545499961e+00 5.287187322398e-06 2.594555701972e-03 3.505586133512e-05
11 34 1 0.97000368 3.40981825 1.39794169 3.20801945 1.09718964 4.872709221820e-06 7.472660304524e+00 5.259137337173e-06 3.294681297188e-03 5.813218540689e-05
11 35 1 0.97000368 3.40981825 1.39794169 3.20801945 1.09718964 3.684059100887e-06 7.582318213254e+00 5.210683567557e-06 4.022135061301e-03 8.895677978830e-05
11 36 1 0.97000368 3.40981825 1.39794169 3.20801945 1.09718964 3.538782794861e-06 7.723188411669e+00 5.141432088699e-06 4.545123897347e-03 1.233954918648e-04
11 37 1 0.97000368 3.40981825 1.39794169 3.20801945 1.09718964 4.497725725440e-06 7.890301998445e+00 5.051007790210e-06 4.725056142957e-03 1.567422378465e-04
11 38 1 0.97000368 3.40981825 1.39794169 3.20801945 1.09718964 6.078494311903e-06 8.074766057195e+00 4.939110645456e-06 4.552476590030e-03 1.843409824200e-04
11 39 1 0.97000368 3.40981825 1.39794169 3.20801945 1.09718964 7.493143027842e-06 8.267402695298e+00 4.805581449732e-06 4.128503870561e-03 2.022279244077e-04
11 40 1 0.97000368 3.40981825 1.39794169 3.20801945 1.09718964 8.033196889860e-06 8.462700272138e+00 4.650475112745e-06 3.612690024518e-03 2.077122301029e-04
11 41 1 0.97000368 3.40981825 1.39794169 3.20801945 1.09718964 7.414888576792e-06 8.661242025993e+00 4.474139310736e-06 3.168372336602e-03 1.998146345183e-04
11 42 1 0.97000368 3.40981825 1.39794169 3.20801945 1.09718964 5.916775887580e-06 8.869396885413e+00 4.277296058963e-06 2.926341395263e-03 1.794946624525e-04
11 43 1 0.97000368 3.40981825 1.39794169 3.20801945 1.09718964 4.242253104504e-06 9.096284199003e+00 4.061123561471e-06 2.967812662164e-03 1.496193241459e-04
11 44 1 0.97000368 3.40981825 1.39794169 3.20801945 1.09718964 3.173316350109e-06 9.349324549683e+00 3.827335537618e-06 3.314720240894e-03 1.146575218126e-04
11 45 1 0.97000368 3.40981825 1.39794169 3.20801945 1.09718964 3.184844962231e-06 9.630451568368e+00 3.578255119076e-06 3.918833939248e-03 8.012189528279e-05
11 46 1 0.97000368 3.40981825 1.39794169 3.20801945 1.09718964 4.209780056929e-06 9.934877747068e+00 3.316880362306e-06 4.656379444897e-03 5.181866281370e-05
11 47 1 0.97000368 3.40981825 1.39794169 3.20801945 1.09718964 5.672808074607e-06 1.025319192207e+01 3.046938434726e-06 5.346155249136e-03 3.500033352768e-05
11 48 1 0.97000368 3.40981825 1.39794169 3.20801945 1.09718964 6.777488836820e-06 1.057598226861e+01 2.772925612328e-06 5.802735524316e-03 3.353992986093e-05
11 49 1 0.97000368 3.40981825 1.39794169 3.20801945 1.09718964 6.904253307574e-06 1.089886301162e+01 2.500130376081e-06 5.912419282359e-03 4.925336371755e-05
11 50 1 0.97000368 3.40981825 1.39794169 3.20801945 1.09718964 5.918998277540e-06 1.122540868938e+01 2.234637116710e-06 5.694576517443e-03 8.148558811451e-05
11 51 1 0.97000368 3.40981825 1.39794169 3.20801945 1.09718964 4.235416640451e-06 1.156633610524e+01 1.983308253903e-06 5.306646213187e-03 1.270456277633e-04
11 52 1 0.97000368 3.40981825 1.39794169 3.20801945 1.09718964 2.598999942967e-06 1.193501203931e+01 1.753742946553e-06 4.977075350121e-03 1.805283803088e-04
11 53 1 0.97000368 3.40981825 1.39794169 3.20801945 1.09718964 1.704066285617e-06 1.234121444995e+01 1.554211013829e-06 4.894527939406e-03 2.350031721514e-04
11 54 1 0.97000368 3.40981825 1.39794169 3.20801945 1.09718964 1.842517704795e-06 1.278611622203e+01 1.393561198772e-06 5.114757859600e-03 2.829889599407e-04
11 55 1 0.97000368 3.40981825 1.39794169 3.20801945 1.09718964 2.766906195822e-06 1.326109622524e+01 1.281103481641e-06 5.542693846580e-03 3.175835914372e-04
11 56 1 0.97000368 3.40981825 1.39794169 3.20801945 1.09718964 3.837233892005e-06 1.375127244313e+01 1.226465780993e-06 6.003822617942e-03 3.335791707284e-04
11 57 1 0.97000368 3.40981825 1.39794169 3.20801945 1.09718964 4.369711244689e-06 1.424234535036e+01 1.239426057121e-06 6.361643429566e-03 3.283847898163e-04
11 58 1 0.97000368 3.40981825 1.39794169 3.20801945 1.09718964 3.997765615983e-06 1.472755709266e+01 1.329721542401e-06 6.605476671298e-03 3.025956383439e-04
11 59 1 0.97000368 3.40981825 1.39794169 3.20801945 1.09718964 2.850610662029e-06 1.521126629663e+01 1.506837552196e-06 6.849874703037e-03 2.600931823327e-04
11 60 1 0.97000368 3.40981825 1.39794169 3.20801945 1.09718964 1.456782541926e-06 1.570709105783e+01 1.779779062211e-06 7.244717402134e-03 2.076292632378e-04
11 61 1 0.97000368 3.40981825 1.39794169 3.20801945 1.09718964 4.336187748185e-07 1.623118909822e+01 2.156828955347e-06 7.855656138395e-03 1.539278658357e-04
11 62 1 0.97000368 3.40981825 1.39794169 3.20801945 1.09718964 1.428313992791e-07 1.679378137352e+01 2.645297524362e-06 8.595927383317e-03 1.084192563420e-04
11 63 1 0.97000368 3.40981825 1.39794169 3.20801945 1.09718964 5.089293811213e-07 1.739317554320e+01 3.251268445541e-06 9.256970535082e-03 7.978857207916e-05
12 0 1 0.96153346 6.08911808 1.34402786 3.78901643 1.16742087 4.664142018116e-01 1.680741398006e+02 1.917348166349e-03 2.681740075589e+01 2.953210806801e-01
12 1 1 0.96153346 6.08911808 1.34402786 3.78901643 1.16742087 4.608054182696e-01 1.617353949679e+02 1.777283614030e-03 2.595004464001e+01 2.823646018378e-01
12 2 1 0.96153346 6.08911808 1.34402786 3.78901643 1.16742087 4.582655901368e-01 1.520381805452e+02 1.786412222312e-03 2.509845903809e+01 2.689899589388e-01
12 3 1 0.96153346 6.08911808 1.34402786 3.78901643 1.16742087 4.595694624285e-01 1.421724158906e+02 2.024458125498e-03 2.428649542675e+01 2.558629836149e-01
12 4 1 0.96153346 6.08911808 1.34402786 3.78901643 1.16742087 4.612817117821e-01 1.351983164629e+02 1.854686359557e-03 2.346012597140e+01 2.435850386248e-01
12 5 1 0.96153346 6.08911808 1.34402786 3.78901643 1.16742087 4.600287391241e-01 1.323999613845e+02 1.672575248545e-03 2.271510060554e+01 2.346921412462e-01
12 6 1 0.96153346 6.08911808 1.34402786 3.78901643 1.16742087 4.559843116675e-01 1.322301155261e+02 1.721631087457e-03 2.196248182577e+01 2.265262296861e-01
12 7 1 0.96153346 6.08911808 1.34402786 3.78901643 1.16742087 4.516272249321e-01 1.318766467304e+02 1.580947100474e-03 2.128438270238e+01 2.178097055408e-01
12 8 1 0.96153346 6.08911808 1.34402786 3.78901643 1.16742087 4.484352558880e-01 1.286193407927e+02 1.420426982216e-03 2.061585231582e+01 2.096310544234e-01
12 9 1 0.96153346 6.08911808 1.34402786 3.78901643 1.16742087 4.460012089028e-01 1.220656515707e+02 1.300254241444e-03 1.996888744796e+01 2.024267140011e-01
12 10 1 0.96153346 6.08911808 1.34402786 3.78901643 1.16742087 4.436689289919e-01 1.139241096089e+02 1.289521716062e-03 1.934631909842e+01 1.970560095694e-01
12 11 1 0.96153346 6.08911808 1.34402786 3.78901643 1.16742087 4.414793978271e-01 1.070918883780e+02 1.395587318406e-03 1.870417801805e+01 1.907658582431e-01
12 12 1 0.96153346 6.08911808 1.34402786 3.78901643 1.16742087 4.393430109410e-01 1.034496505843e+02 1.282818264527e-03 1.810362004639e+01 1.838032100063e-01
12 13 1 0.96153346 6.08911808 1.34402786 3.78901643 1.16742087 4.365978638523e-01 1.030342632361e+02 1.268515413793e-03 1.749270995861e+01 1.776687695206e-01
12 14 1 0.96153346 6.08911808 1.34402786 3.78901643 1.16742087 4.331843601735e-01 1.037065680352e+02 1.418681454352e-03 1.693625971375e+01 1.724674977073e-01
12 15 1 0.96153346 6.08911808 1.34402786 3.78901643 1.16742087 4.304847624573e-01 1.029638947120e+02 1.304619512081e-03 1.640620390264e+01 1.681731852857e-01
12 16 1 0.96153346 6.08911808 1.34402786 3.78901643 1.16742087 4.299448358815e-01 9.935913057205e+01 1.159101648260e-03 1.592590040936e+01 1.627523254127e-01
12 17 1 0.96153346 6.08911808 1.34402786 3.78901643 1.16742087 4.310435275823e-01 9.354514522621e+01 1.095171899579e-03 1.549458152337e+01 1.574801788906e-01
12 18 1 0.96153346 6.08911808 1.34402786 3.78901643 1.16742087 4.315742658424e-01 8.760083607019e+01 1.007704615140e-03 1.509570403504e+01 1.533653443210e-01
12 19 1 0.96153346 6.08911808 1.34402786 3.78901643 1.16742087 4.301039502115e-01 8.381795516340e+01 9.485466702571e-04 1.474401592977e+01 1.497694862453e-01
12 20 1 0.96153346 6.08911808 1.34402786 3.78901643 1.16742087 4.273456183740e-01 8.297434699955e+01 8.250685147659e-04 1.441143426140e+01 1.462024623730e-01
12 21 1 0.96153346 6.08911808 1.34402786 3.78901643 1.16742087 4.247053735725e-01 8.406408100730e+01 8.408683650881e-04 1.411467300738e+01 1.414982328087e-01
12 22 1 0.96153346 6.08911808 1.34402786 3.78901643 1.16742087 4.222694016955e-01 8.498760889616e+01 9.838487276221e-04 1.383149749160e+01 1.373950716796e-01
12 23 1 0.96153346 6.08911808 1.34402786 3.78901643 1.16742087 4.191282117907e-01 8.398485782651e+01 9.451734009782e-04 1.357488024014e+01 1.342070198342e-01
12 24 1 0.96153346 6.08911808 1.34402786 3.78901643 1.16742087 4.153226883736e-01 8.076579182296e+01 9.708244262812e-04 1.332896747779e+01 1.310437818793e-01
12 25 1 0.96153346 6.08911808 1.34402786 3.78901643 1.16742087 4.122339995393e-01 7.668620348413e+01 1.090448872892e-03 1.310718423780e+01 1.277536825904e-01
12 26 1 0.96153346 6.08911808 1.34402786 3.78901643 1.16742087 4.106190274240e-01 7.371639687603e+01 1.066249374932e-03 1.290158135112e+01 1.241866915934e-01
12 27 1 0.96153346 6.08911808 1.34402786 3.78901643 1.16742087 4.092239705846e-01 7.312565316130e+01 9.994021956457e-04 1.272776167677e+01 1.221751952821e-01
12 28 1 0.96153346 6.08911808 1.34402786 3.78901643 1.16742087 4.063656825782e-01 7.475945597663e+01 8.933717442016e-04 1.259333576705e+01 1.213020082352e-01
12 29 1 0.96153346 6.08911808 1.34402786 3.78901643 1.16742087 4.025704739730e-01 7.707516558070e+01 8.319517907058e-04 1.250271579949e+01 1.206950249563e-01
12 30 1 0.96153346 6.08911808 1.34402786 3.78901643 1.16742087 4.004495338732e-01 7.832019709797e+01 8.203676284031e-04 1.248063522214e+01 1.205677506762e-01
12 31 1 0.96153346 6.08911808 1.34402786 3.78901643 1.16742087 4.015095131135e-01 7.762097960150e+01 6.865895693082e-04 1.250311567055e+01 1.211445860203e-01
12 32 1 0.96153346 6.08911808 1.34402786 3.78901643 1.16742087 4.039175662050e-01 7.560087040285e+01 6.884080734509e-04 1.260049158889e+01 1.236255886224e-01
12 33 1 0.96153346 6.08911808 1.34402786 3.78901643 1.16742087 4.043064731533e-01 7.379998717548e+01 8.285230308344e-04 1.272717925394e+01 1.266066459172e-01
12 34 1 0.96153346 6.08911808 1.34402786 3.78901643 1.16742087 4.015137901950e-01 7.384483124224e+01 8.453290518988e-04 1.290117854975e+01 1.293337486048e-01
12 35 1 0.96153346 6.08911808 1.34402786 3.78901643 1.16742087 3.976002925671e-01 7.613834770705e+01 9.098277746179e-04 1.309157772311e+01 1.323105597107e-01
12 36 1 0.96153346 6.08911808 1.34402786 3.78901643 1.16742087 3.950325539062e-01 7.980811367939e+01 1.019996231755e-03 1.328995360919e+01 1.357531004236e-01
12 37 1 0.96153346 6.08911808 1.34402786 3.78901643 1.16742087 3.938048808998e-01 8.312126287465e+01 1.090151977099e-03 1.351244950327e+01 1.402081597924e-01
12 38 1 0.96153346 6.08911808 1.34402786 3.78901643 1.16742087 3.920422852182e-01 8.478616945443e+01 1.117713327225e-03 1.372261743839e+01 1.438227677126e-01
12 39 1 0.96153346 6.08911808 1.34402786 3.78901643 1.16742087 3.888263093709e-01 8.456710649146e+01 9.966690198710e-04 1.397598285933e+01 1.466776000667e-01
12 40 1 0.96153346 6.08911808 1.34402786 3.78901643 1.16742087 3.852620709093e-01 8.374983356036e+01 9.713944725731e-04 1.422621482502e+01 1.498783983705e-01
12 41 1 0.96153346 6.08911808 1.34402786 3.78901643 1.16742087 3.826490892401e-01 8.398877379028e+01 1.016557294957e-03 1.452514556570e+01 1.536188522198e-01
12 42 1 0.96153346 6.08911808 1.34402786 3.78901643 1.16742087 3.807266742429e-01 8.649138062653e+01 8.728641156588e-04 1.485018168313e+01 1.580441653158e-01
12 43 1 0.96153346 6.08911808 1.34402786 3.78901643 1.16742087 3.785363110742e-01 9.100420819461e+01 8.593443633033e-04 1.520977887378e+01 1.614171703949e-01
12 44 1 0.96153346 6.08911808 1.34402786 3.78901643 1.16742087 3.763743761661e-01 9.616006877561e+01 9.928612438642e-04 1.562814667685e+01 1.649341972119e-01
12 45 1 0.96153346 6.08911808 1.34402786 3.78901643 1.16742087 3.756727710746e-01 1.000766225352e+02 1.058063211287e-03 1.606442506996e+01 1.697950222443e-01
12 46 1 0.96153346 6.08911808 1.34402786 3.78901643 1.16742087 3.768019046080e-01 1.019266117670e+02 1.151316150362e-03 1.657427424625e+01 1.755396098379e-01
12 47 1 0.96153346 6.08911808 1.34402786 3.78901643 1.16742087 3.780175010332e-01 1.021589967834e+02 1.218372373289e-03 1.709538695102e+01 1.817293310056e-01
12 48 1 0.96153346 6.08911808 1.34402786 3.78901643 1.16742087 3.772628538801e-01 1.024908271823e+02 1.370844751529e-03 1.767035326493e+01 1.868907626593e-01
12 49 1 0.96153346 6.08911808 1.34402786 3.78901643 1.16742087 3.744752423735e-01 1.046215645821e+02 1.492842730774e-03 1.825758658274e+01 1.931254218801e-01
12 50 1 0.96153346 6.08911808 1.34402786 3.78901643 1.16742087 3.713549611663e-01 1.093026108783e+02 1.334363320965e-03 1.885764850605e+01 2.009273474759e-01
12 51 1 0.96153346 6.08911808 1.34402786 3.78901643 1.16742087 3.691548702585e-01 1.155959267537e+02 1.349280717798e-03 1.947907957625e+01 2.089876467310e-01
12 52 1 0.96153346 6.08911808 1.34402786 3.78901643 1.16742087 3.675926505175e-01 1.217613906195e+02 1.472442240711e-03 2.009257654438e+01 2.168776806043e-01
12 53 1 0.96153346 6.08911808 1.34402786 3.78901643 1.16742087 3.659318068033e-01 1.261262850521e+02 1.362894393737e-03 2.074884708164e+01 2.240697142763e-01
12 54 1 0.96153346 6.08911808 1.34402786 3.78901643 1.16742087 3.640682576125e-01 1.283064793788e+02 1.375470169813e-03 2.141672134196e+01 2.335227670220e-01
12 55 1 0.96153346 6.08911808 1.34402786 3.78901643 1.16742087 3.620225417721e-01 1.294300927786e+02 1.503941107992e-03 2.214780368772e+01 2.445257255560e-01
12 56 1 0.96153346 6.08911808 1.34402786 3.78901643 1.16742087 3.593052267851e-01 1.314576113819e+02 1.673791574987e-03 2.291819919859e+01 2.553131714537e-01
12 57 1 0.96153346 6.08911808 1.34402786 3.78901643 1.16742087 3.558873158181e-01 1.358241274702e+02 1.822101885876e-03 2.374837230757e+01 2.661178493768e-01
12 58 1 0.96153346 6.08911808 1.34402786 3.78901643 1.16742087 3.533371877473e-01 1.426496720766e+02 1.766416436045e-03 2.461733610018e+01 2.772410706619e-01
12 59 1 0.96153346 6.08911808 1.34402786 3.78901643 1.16742087 3.535095292041e-01 1.505745378195e+02 1.956505901594e-03 2.552350507922e+01 2.913355501750e-01
12 60 1 0.96153346 6.08911808 1.34402786 3.78901643 1.16742087 3.557457250731e-01 1.574895621987e+02 2.137745901912e-03 2.645658865495e+01 3.054872977438e-01
12 61 1 0.96153346 6.08911808 1.34402786 3.78901643 1.16742087 3.567033385076e-01 1.621072025691e+02 1.885505617095e-03 2.741478144482e+01 3.178361383556e-01
12 62 1 0.96153346 6.08911808 1.34402786 3.78901643 1.16742087 3.540231288508e-01 1.645837671698e+02 1.877114920442e-03 2.841717576412e+01 3.295432288113e-01
12 63 1 0.96153346 6.08911808 1.34402786 3.78901643 1.16742087 3.493852623757e-01 1.666224502935e+02 2.029659108059e-03 2.944897693038e+01 3.411774091944e-01
14 0 1 0.97161069 2.94201050 1.16510010 2.31184497 1.58389454 1.586274335019e-01 1.097621691763e+01 2.663417253925e-01 4.106346660639e+00 1.002484756269e+00
14 1 1 0.97161069 2.94201050 1.16510010 2.31184497 1.58389454 1.439884541681e-01 1.054017759117e+01 2.594143841704e-01 4.532418587955e+00 9.636478144522e-01
14 2 1 0.97161069 2.94201050 1.16510010 2.31184497 1.58389454 1.294489594126e-01 1.018200765423e+01 2.528702518645e-01 4.883607159010e+00 9.333563404321e-01
14 3 1 0.97161069 2.94201050 1.16510010 2.31184497 1.58389454 1.164533861185e-01 9.876418888647e+00 2.463413314036e-01 5.065279311287e+00 9.038547201260e-01
14 4 1 0.97161069 2.94201050 1.16510010 2.31184497 1.58389454 1.064245433288e-01 9.572654794091e+00 2.416012603455e-01 5.008416686451e+00 8.738462826733e-01
14 5 1 0.97161069 2.94201050 1.16510010 2.31184497 1.58389454 1.000054646278e-01 9.230834710677e+00 2.384519129052e-01 4.705436233453e+00 8.420320059901e-01
14 6 1 0.97161069 2.94201050 1.16510010 2.31184497 1.58389454 9.720477683530e-02 8.884782951765e+00 2.350398874017e-01 4.258228196150e+00 8.175751628400e-01
14 7 1 0.97161069 2.94201050 1.16510010 2.31184497 1.58389454 9.756166168865e-02 8.537380294871e+00 2.289605146365e-01 3.691283713191e+00 7.914665427717e-01
14 8 1 0.97161069 2.94201050 1.16510010 2.31184497 1.58389454 9.995561506157e-02 8.253969373748e+00 2.239895244762e-01 3.084351450746e+00 7.567867292852e-01
14 9 1 0.97161069 2.94201050 1.16510010 2.31184497 1.58389454 1.028308230969e-01 7.953607438674e+00 2.203894604905e-01 2.604721333627e+00 7.199081263558e-01
14 10 1 0.97161069 2.94201050 1.16510010 2.31184497 1.58389454 1.049676045138e-01 7.645654058038e+00 2.174135390238e-01 2.273812535168e+00 6.837455618472e-01
14 11 1 0.97161069 2.94201050 1.16510010 2.31184497 1.58389454 1.058999415263e-01 7.378980971017e+00 2.119131758005e-01 2.107728618909e+00 6.559328142890e-01
14 12 1 0.97161069 2.94201050 1.16510010 2.31184497 1.58389454 1.056521315805e-01 7.124234549461e+00 2.064842107866e-01 2.150847938456e+00 6.384500613681e-01
14 13 1 0.97161069 2.94201050 1.16510010 2.31184497 1.58389454 1.043945065970e-01 6.934209222567e+00 2.027212513635e-01 2.338053217256e+00 6.268268915199e-01
14 14 1 0.97161069 2.94201050 1.16510010 2.31184497 1.58389454 1.022770400191e-01 6.732000076800e+00 1.995006636971e-01 2.598748293463e+00 6.144114378605e-01
14 15 1 0.97161069 2.94201050 1.16510010 2.31184497 1.58389454 9.921202000673e-02 6.495188728626e+00 1.943541875649e-01 2.874967788455e+00 5.978386494629e-01
14 16 1 0.97161069 2.94201050 1.16510010 2.31184497 1.58389454 9.483282341725e-02 6.284996279536e+00 1.873188919872e-01 3.086425012865e+00 5.762044580163e-01
14 17 1 0.97161069 2.94201050 1.16510010 2.31184497 1.58389454 8.897254322498e-02 6.069906663302e+00 1.817233102345e-01 3.184376940768e+00 5.534045321986e-01
14 18 1 0.97161069 2.94201050 1.16510010 2.31184497 1.58389454 8.211782243689e-02 5.895181711845e+00 1.774121094378e-01 3.149446131022e+00 5.367756513486e-01
14 19 1 0.97161069 2.94201050 1.16510010 2.31184497 1.58389454 7.512763835847e-02 5.734794494274e+00 1.742717173211e-01 2.970384831728e+00 5.273528265883e-01
14 20 1 0.97161069 2.94201050 1.16510010 2.31184497 1.58389454 6.868477458901e-02 5.572580133749e+00 1.710220697529e-01 2.683339890470e+00 5.188520998749e-01
14 21 1 0.97161069 2.94201050 1.16510010 2.31184497 1.58389454 6.334044053763e-02 5.452376996773e+00 1.691014201162e-01 2.354107552123e+00 5.044058215275e-01
14 22 1 0.97161069 2.94201050 1.16510010 2.31184497 1.58389454 5.978013048782e-02 5.346163265788e+00 1.667308008512e-01 2.018187065328e+00 4.901092704363e-01
14 23 1 0.97161069 2.94201050 1.16510010 2.31184497 1.58389454 5.843228200057e-02 5.255783905486e+00 1.629929591455e-01 1.734028495407e+00 4.783887010536e-01
14 24 1 0.97161069 2.94201050 1.16510010 2.31184497 1.58389454 5.888297049881e-02 5.149117085864e+00 1.585490738118e-01 1.561872818472e+00 4.692987865522e-01
14 25 1 0.97161069 2.94201050 1.16510010 2.31184497 1.58389454 6.023642534043e-02 5.070713530671e+00 1.561556368521e-01 1.503852728242e+00 4.660968501220e-01
14 26 1 0.97161069 2.94201050 1.16510010 2.31184497 1.58389454 6.205675359716e-02 5.002149679416e+00 1.563680808895e-01 1.572763991703e+00 4.646102975404e-01
14 27 1 0.97161069 2.94201050 1.16510010 2.31184497 1.58389454 6.444655521240e-02 4.990650987178e+00 1.559889083682e-01 1.743863027156e+00 4.638599287914e-01
14 28 1 0.97161069 2.94201050 1.16510010 2.31184497 1.58389454 6.725371296735e-02 4.967816945716e+00 1.538964399466e-01 1.960000519723e+00 4.568493268632e-01
14 29 1 0.97161069 2.94201050 1.16510010 2.31184497 1.58389454 6.988760026727e-02 4.900600124082e+00 1.508220735601e-01 2.212773264509e+00 4.419152796926e-01
14 30 1 0.97161069 2.94201050 1.16510010 2.31184497 1.58389454 7.206478448132e-02 4.877823467852e+00 1.498836620250e-01 2.417337719345e+00 4.274920268898e-01
14 31 1 0.97161069 2.94201050 1.16510010 2.31184497 1.58389454 7.404959552542e-02 4.842414393833e+00 1.504827966410e-01 2.516818797074e+00 4.235028543034e-01
14 32 1 0.97161069 2.94201050 1.16510010 2.31184497 1.58389454 7.582219460243e-02 4.928354352966e+00 1.526717170500e-01 2.554014686196e+00 4.394248379861e-01
14 33 1 0.97161069 2.94201050 1.16510010 2.31184497 1.58389454 7.660021648929e-02 5.009239423249e+00 1.556622885155e-01 2.474175112113e+00 4.601052606057e-01
14 34 1 0.97161069 2.94201050 1.16510010 2.31184497 1.58389454 7.564820774372e-02 5.061992165622e+00 1.592526370176e-01 2.278267451679e+00 4.710923456013e-01
14 35 1 0.97161069 2.94201050 1.16510010 2.31184497 1.58389454 7.312540741658e-02 5.119514759241e+00 1.614170496667e-01 2.063266043936e+00 4.719235480098e-01
14 36 1 0.97161069 2.94201050 1.16510010 2.31184497 1.58389454 6.969385784689e-02 5.138061056138e+00 1.615173144931e-01 1.840686046222e+00 4.672936542749e-01
14 37 1 0.97161069 2.94201050 1.16510010 2.31184497 1.58389454 6.575905636676e-02 5.245719394184e+00 1.622550523976e-01 1.656111241090e+00 4.684427943773e-01
14 38 1 0.97161069 2.94201050 1.16510010 2.31184497 1.58389454 6.171495356696e-02 5.359673176114e+00 1.653950579306e-01 1.581885854827e+00 4.751259486416e-01
14 39 1 0.97161069 2.94201050 1.16510010 2.31184497 1.58389454 5.859888865787e-02 5.484729106743e+00 1.705001780169e-01 1.622309570944e+00 4.871772809538e-01
14 40 1 0.97161069 2.94201050 1.16510010 2.31184497 1.58389454 5.772309844990e-02 5.603367470743e+00 1.736638865853e-01 1.798539592016e+00 5.017219433766e-01
14 41 1 0.97161069 2.94201050 1.16510010 2.31184497 1.58389454 5.963211016663e-02 5.731003923355e+00 1.754661859682e-01 2.087972593636e+00 5.149544636222e-01
14 42 1 0.97161069 2.94201050 1.16510010 2.31184497 1.58389454 6.392702276737e-02 5.890566565400e+00 1.772121416648e-01 2.430516315747e+00 5.282610050458e-01
14 43 1 0.97161069 2.94201050 1.16510010 2.31184497 1.58389454 7.003937093669e-02 6.073687806303e+00 1.808835594568e-01 2.793740523643e+00 5.372277740380e-01
14 44 1 0.97161069 2.94201050 1.16510010 2.31184497 1.58389454 7.760344543783e-02 6.269900498420e+00 1.849439579407e-01 3.103221681661e+00 5.483504861237e-01
14 45 1 0.97161069 2.94201050 1.16510010 2.31184497 1.58389454 8.607669733336e-02 6.451935731069e+00 1.894266598684e-01 3.289187128204e+00 5.681324376987e-01
14 46 1 0.97161069 2.94201050 1.16510010 2.31184497 1.58389454 9.463437027660e-02 6.678914493250e+00 1.948636556991e-01 3.334319012300e+00 5.916912120349e-01
14 47 1 0.97161069 2.94201050 1.16510010 2.31184497 1.58389454 1.026510734410e-01 6.893316494159e+00 2.001052455003e-01 3.233551831954e+00 6.116565430757e-01
14 48 1 0.97161069 2.94201050 1.16510010 2.31184497 1.58389454 1.098468865531e-01 7.110183009640e+00 2.036197203131e-01 3.004282547537e+00 6.257945330738e-01
14 49 1 0.97161069 2.94201050 1.16510010 2.31184497 1.58389454 1.157792905238e-01 7.326279348111e+00 2.048732018816e-01 2.715412292817e+00 6.397481806278e-01
14 50 1 0.97161069 2.94201050 1.16510010 2.31184497 1.58389454 1.195696052033e-01 7.525692725471e+00 2.079536881648e-01 2.439624284243e+00 6.582308952025e-01
14 51 1 0.97161069 2.94201050 1.16510010 2.31184497 1.58389454 1.203455851131e-01 7.806904943727e+00 2.126668996938e-01 2.253086208881e+00 6.857892605265e-01
14 52 1 0.97161069 2.94201050 1.16510010 2.31184497 1.58389454 1.177978645651e-01 8.113059490574e+00 2.177678012983e-01 2.253624676326e+00 7.220825404735e-01
14 53 1 0.97161069 2.94201050 1.16510010 2.31184497 1.58389454 1.124087111190e-01 8.415722960423e+00 2.205761907422e-01 2.452002586727e+00 7.612402084392e-01
14 54 1 0.97161069 2.94201050 1.16510010 2.31184497 1.58389454 1.055501823259e-01 8.731618559650e+00 2.243934929254e-01 2.837058680580e+00 7.945203614622e-01
14 55 1 0.97161069 2.94201050 1.16510010 2.31184497 1.58389454 9.934888260387e-02 9.008855772786e+00 2.303771820143e-01 3.426844843609e+00 8.207467364281e-01
14 56 1 0.97161069 2.94201050 1.16510010 2.31184497 1.58389454 9.596851556514e-02 9.346026938780e+00 2.368933841862e-01 4.082083270397e+00 8.413961609863e-01
14 57 1 0.97161069 2.94201050 1.16510010 2.31184497 1.58389454 9.678680230653e-02 9.690632747903e+00 2.417583387228e-01 4.675641382262e+00 8.615320676086e-01
14 58 1 0.97161069 2.94201050 1.16510010 2.31184497 1.58389454 1.022966821153e-01 1.000641952384e+01 2.462823030327e-01 5.183004432519e+00 8.929366571109e-01
14 59 1 0.97161069 2.94201050 1.16510010 2.31184497 1.58389454 1.124522912447e-01 1.032129901313e+01 2.540849450987e-01 5.467547044773e+00 9.253366976163e-01
14 60 1 0.97161069 2.94201050 1.16510010 2.31184497 1.58389454 1.266397553176e-01 1.065259308577e+01 2.629491008062e-01 5.460127491193e+00 9.560285061573e-01
14 61 1 0.97161069 2.94201050 1.16510010 2.31184497 1.58389454 1.435928492987e-01 1.106063449127e+01 2.720364783313e-01 5.215869863153e+00 9.905281374052e-01
14 62 1 0.97161069 2.94201050 1.16510010 2.31184497 1.58389454 1.619764903584e-01 1.152001771413e+01 2.801218170137e-01 4.789019366937e+00 1.030004113866e+00
14 63 1 0.97161069 2.94201050 1.16510010 2.31184497 1.58389454 1.808760821832e-01 1.196259963822e+01 2.902318354148e-01 4.294938957161e+00 1.072216704872e+00
22 0 1 0.82758814 3.36202164 1.00633579 2.00977578 1.18004052 7.759624367409e-02 1.650170222224e+01 1.645001330499e-01 4.158844171086e+00 3.205612962591e-01
22 1 1 0.82758814 3.36202164 1.00633579 2.00977578 1.18004052 7.445921494218e-02 1.594201516317e+01 1.562365626940e-01 4.250159157750e+00 3.067898546673e-01
22 2 1 0.82758814 3.36202164 1.00633579 2.00977578 1.18004052 7.172255440090e-02 1.540726288954e+01 1.472587066572e-01 4.167412215721e+00 2.954989898714e-01
22 3 1 0.82758814 3.36202164 1.00633579 2.00977578 1.18004052 6.906369939406e-02 1.488276578728e+01 1.391829930559e-01 3.915198322106e+00 2.849088360617e-01
22 4 1 0.82758814 3.36202164 1.00633579 2.00977578 1.18004052 6.621462606257e-02 1.437422407382e+01 1.324237442660e-01 3.540023430553e+00 2.758613792745e-01
22 5 1 0.82758814 3.36202164 1.00633579 2.00977578 1.18004052 6.327532409336e-02 1.384588471583e+01 1.253815814617e-01 3.057600474290e+00 2.650762373199e-01
22 6 1 0.82758814 3.36202164 1.00633579 2.00977578 1.18004052 6.068869526603e-02 1.340902333275e+01 1.175583246999e-01 2.489836978790e+00 2.554562268134e-01
22 7 1 0.82758814 3.36202164 1.00633579 2.00977578 1.18004052 5.890773362405e-02 1.294462011501e+01 1.103842942467e-01 1.944664880838e+00 2.467138859749e-01
22 8 1 0.82758814 3.36202164 1.00633579 2.00977578 1.18004052 5.802702159377e-02 1.252715061773e+01 1.052367047169e-01 1.430385775061e+00 2.350973590489e-01
22 9 1 0.82758814 3.36202164 1.00633579 2.00977578 1.18004052 5.766526524537e-02 1.207386308111e+01 9.939039451565e-02 1.001454806922e+00 2.217624981451e-01
22 10 1 0.82758814 3.36202164 1.00633579 2.00977578 1.18004052 5.718167254651e-02 1.167249436372e+01 9.360236703652e-02 7.102564093106e-01 2.088244812752e-01
22 11 1 0.82758814 3.36202164 1.00633579 2.00977578 1.18004052 5.605834459740e-02 1.130933984806e+01 8.876731077054e-02 5.609515050150e-01 1.996824852046e-01
22 12 1 0.82758814 3.36202164 1.00633579 2.00977578 1.18004052 5.417438835256e-02 1.095839347089e+01 8.524539169411e-02 5.780367800399e-01 1.945281512416e-01
22 13 1 0.82758814 3.36202164 1.00633579 2.00977578 1.18004052 5.180016108012e-02 1.062399420414e+01 8.065664285133e-02 7.316230151840e-01 1.921308196845e-01
22 14 1 0.82758814 3.36202164 1.00633579 2.00977578 1.18004052 4.935520655364e-02 1.026714138737e+01 7.585630301864e-02 1.012209743898e+00 1.904861612003e-01
22 15 1 0.82758814 3.36202164 1.00633579 2.00977578 1.18004052 4.713149452383e-02 9.958405923957e+00 7.264851957544e-02 1.377540874877e+00 1.876863908030e-01
22 16 1 0.82758814 3.36202164 1.00633579 2.00977578 1.18004052 4.517598088069e-02 9.674380153851e+00 7.047214484350e-02 1.764235598050e+00 1.837309965642e-01
22 17 1 0.82758814 3.36202164 1.00633579 2.00977578 1.18004052 4.337954414480e-02 9.433103983300e+00 6.803279085708e-02 2.144200426683e+00 1.800797405519e-01
22 18 1 0.82758814 3.36202164 1.00633579 2.00977578 1.18004052 4.165931584345e-02 9.191761522251e+00 6.495939575926e-02 2.465543280080e+00 1.759594289574e-01
22 19 1 0.82758814 3.36202164 1.00633579 2.00977578 1.18004052 4.006914575274e-02 8.945064002789e+00 6.267770907891e-02 2.678507475421e+00 1.695355946287e-01
22 20 1 0.82758814 3.36202164 1.00633579 2.00977578 1.18004052 3.875426513460e-02 8.708751490781e+00 6.043715347839e-02 2.765998400537e+00 1.628596573481e-01
22 21 1 0.82758814 3.36202164 1.00633579 2.00977578 1.18004052 3.780338182903e-02 8.516609751680e+00 5.882669398067e-02 2.714668653302e+00 1.573466425475e-01
22 22 1 0.82758814 3.36202164 1.00633579 2.00977578 1.18004052 3.713292247278e-02 8.369761934951e+00 5.790468131531e-02 2.535629144842e+00 1.542577236741e-01
22 23 1 0.82758814 3.36202164 1.00633579 2.00977578 1.18004052 3.650614815960e-02 8.242009053332e+00 5.740686972366e-02 2.236196990203e+00 1.518977639894e-01
22 24 1 0.82758814 3.36202164 1.00633579 2.00977578 1.18004052 3.567853307276e-02 8.092849832966e+00 5.573418791077e-02 1.848785352832e+00 1.491875440688e-01
22 25 1 0.82758814 3.36202164 1.00633579 2.00977578 1.18004052 3.456168135318e-02 7.937729271270e+00 5.365993466347e-02 1.436100867000e+00 1.472487178513e-01
22 26 1 0.82758814 3.36202164 1.00633579 2.00977578 1.18004052 3.328611805942e-02 7.836890475826e+00 5.315919911413e-02 1.019583085844e+00 1.441816604025e-01
22 27 1 0.82758814 3.36202164 1.00633579 2.00977578 1.18004052 3.212198893799e-02 7.779774963529e+00 5.377392380197e-02 6.612837732937e-01 1.411831598539e-01
22 28 1 0.82758814 3.36202164 1.00633579 2.00977578 1.18004052 3.132113386478e-02 7.775299045932e+00 5.393041420152e-02 3.978733690483e-01 1.373944619266e-01
22 29 1 0.82758814 3.36202164 1.00633579 2.00977578 1.18004052 3.099453555299e-02 7.701929944615e+00 5.284035540150e-02 2.578890844141e-01 1.328115908428e-01
22 30 1 0.82758814 3.36202164 1.00633579 2.00977578 1.18004052 3.110190370265e-02 7.664233791893e+00 5.229142770379e-02 2.655438819703e-01 1.298161432219e-01
22 31 1 0.82758814 3.36202164 1.00633579 2.00977578 1.18004052 3.153925901365e-02 7.619426815310e+00 5.230168495145e-02 4.041401511020e-01 1.296241210850e-01
22 32 1 0.82758814 3.36202164 1.00633579 2.00977578 1.18004052 3.223831936751e-02 7.697579288557e+00 5.300513464660e-02 6.852300747897e-01 1.349524549663e-01
22 33 1 0.82758814 3.36202164 1.00633579 2.00977578 1.18004052 3.319252593093e-02 7.752850943332e+00 5.396924125447e-02 1.046226015852e+00 1.416401070323e-01
22 34 1 0.82758814 3.36202164 1.00633579 2.00977578 1.18004052 3.439430777322e-02 7.819851739173e+00 5.502725740522e-02 1.463336671133e+00 1.465844390542e-01
22 35 1 0.82758814 3.36202164 1.00633579 2.00977578 1.18004052 3.574874416580e-02 7.840078822231e+00 5.522327135731e-02 1.897471695196e+00 1.496121056418e-01
22 36 1 0.82758814 3.36202164 1.00633579 2.00977578 1.18004052 3.705427981355e-02 7.925882566986e+00 5.512913601389e-02 2.271346922379e+00 1.505286916568e-01
22 37 1 0.82758814 3.36202164 1.00633579 2.00977578 1.18004052 3.808921824650e-02 8.062353700296e+00 5.670500745347e-02 2.575025231632e+00 1.519880471063e-01
22 38 1 0.82758814 3.36202164 1.00633579 2.00977578 1.18004052 3.875287824539e-02 8.240439913270e+00 5.941287218782e-02 2.745777142740e+00 1.529881492430e-01
22 39 1 0.82758814 3.36202164 1.00633579 2.00977578 1.18004052 3.915463618707e-02 8.384236579520e+00 6.161490600150e-02 2.781493999014e+00 1.548397638568e-01
22 40 1 0.82758814 3.36202164 1.00633579 2.00977578 1.18004052 3.957127963854e-02 8.533204920860e+00 6.236958671266e-02 2.684776101485e+00 1.577155020065e-01
22 41 1 0.82758814 3.36202164 1.00633579 2.00977578 1.18004052 4.028804784418e-02 8.694206710015e+00 6.405880958283e-02 2.442009307067e+00 1.609070642329e-01
22 42 1 0.82758814 3.36202164 1.00633579 2.00977578 1.18004052 4.143026151732e-02 8.935526084603e+00 6.683772042979e-02 2.105325257290e+00 1.663713193789e-01
22 43 1 0.82758814 3.36202164 1.00633579 2.00977578 1.18004052 4.290643907158e-02 9.183769546694e+00 7.016924129558e-02 1.709299185996e+00 1.719250295632e-01
22 44 1 0.82758814 3.36202164 1.00633579 2.00977578 1.18004052 4.450294207558e-02 9.451999810864e+00 7.337527412761e-02 1.299986557051e+00 1.761454113209e-01
22 45 1 0.82758814 3.36202164 1.00633579 2.00977578 1.18004052 4.605288674160e-02 9.694586940681e+00 7.692354820325e-02 9.270923975327e-01 1.783579331617e-01
22 46 1 0.82758814 3.36202164 1.00633579 2.00977578 1.18004052 4.754140109315e-02 9.968257284141e+00 8.031477521286e-02 6.415435432006e-01 1.804714507596e-01
22 47 1 0.82758814 3.36202164 1.00633579 2.00977578 1.18004052 4.905968862399e-02 1.027653664283e+01 8.329225369135e-02 4.908444180606e-01 1.845212128956e-01
22 48 1 0.82758814 3.36202164 1.00633579 2.00977578 1.18004052 5.064860248971e-02 1.062854963492e+01 8.780806307195e-02 4.892297047606e-01 1.888608052956e-01
22 49 1 0.82758814 3.36202164 1.00633579 2.00977578 1.18004052 5.217656709945e-02 1.098810772994e+01 9.341561226495e-02 6.562332141510e-01 1.938000016650e-01
22 50 1 0.82758814 3.36202164 1.00633579 2.00977578 1.18004052 5.338428659597e-02 1.135743072395e+01 9.879898120425e-02 9.909234294487e-01 2.011856010483e-01
22 51 1 0.82758814 3.36202164 1.00633579 2.00977578 1.18004052 5.409616027970e-02 1.170657719948e+01 1.026167545685e-01 1.445849859599e+00 2.122381185956e-01
22 52 1 0.82758814 3.36202164 1.00633579 2.00977578 1.18004052 5.444464048871e-02 1.212855888227e+01 1.078379375473e-01 2.006327240514e+00 2.260365692272e-01
22 53 1 0.82758814 3.36202164 1.00633579 2.00977578 1.18004052 5.490908223916e-02 1.254063996192e+01 1.142269501226e-01 2.604850858000e+00 2.409216956034e-01
22 54 1 0.82758814 3.36202164 1.00633579 2.00977578 1.18004052 5.608967119502e-02 1.303964564350e+01 1.202843333753e-01 3.182589333989e+00 2.532858971772e-01
22 55 1 0.82758814 3.36202164 1.00633579 2.00977578 1.18004052 5.834285588323e-02 1.346448232295e+01 1.256776234802e-01 3.704447279326e+00 2.618368997181e-01
22 56 1 0.82758814 3.36202164 1.00633579 2.00977578 1.18004052 6.153679226572e-02 1.396143475143e+01 1.323260149363e-01 4.072897195692e+00 2.680997703686e-01
22 57 1 0.82758814 3.36202164 1.00633579 2.00977578 1.18004052 6.512402205897e-02 1.443459423195e+01 1.400924416984e-01 4.310743061562e+00 2.753275520951e-01
22 58 1 0.82758814 3.36202164 1.00633579 2.00977578 1.18004052 6.850071467677e-02 1.499196774234e+01 1.461177050333e-01 4.370605139137e+00 2.855488114910e-01
22 59 1 0.82758814 3.36202164 1.00633579 2.00977578 1.18004052 7.139555899156e-02 1.553587755440e+01 1.522365888085e-01 4.214601068743e+00 2.943871110118e-01
22 60 1 0.82758814 3.36202164 1.00633579 2.00977578 1.18004052 7.399238160276e-02 1.608533063824e+01 1.593339011348e-01 3.924309912525e+00 3.044473032185e-01
22 61 1 0.82758814 3.36202164 1.00633579 2.00977578 1.18004052 7.668885026627e-02 1.665758549477e+01 1.677863440681e-01 3.501117113694e+00 3.162439193394e-01
22 62 1 0.82758814 3.36202164 1.00633579 2.00977578 1.18004052 7.968733040747e-02 1.726671322981e+01 1.749732473875e-01 2.988955189353e+00 3.284495213188e-01
22 63 1 0.82758814 3.36202164 1.00633579 2.00977578 1.18004052 8.276750683478e-02 1.791212709279e+01 1.831970763740e-01 2.460085565576e+00 3.408118372914e-01
24 0 1 0.89441904 6.69665909 1.13865964 2.72722125 1.24147170 1.045590102470e-01 1.933979521140e+02 1.737631319333e-01 7.824874009490e+00 3.940435281572e-01
24 1 1 0.89441904 6.69665909 1.13865964 2.72722125 1.24147170 1.008147098661e-01 1.871055827357e+02 1.638720619224e-01 7.778461342703e+00 3.753554454724e-01
24 2 1 0.89441904 6.69665909 1.13865964 2.72722125 1.24147170 9.709756829799e-02 1.811665248922e+02 1.532432246998e-01 7.696588316170e+00 3.593267358994e-01
24 3 1 0.89441904 6.69665909 1.13865964 2.72722125 1.24147170 9.405902605301e-02 1.752781608425e+02 1.454502479041e-01 7.579888540963e+00 3.449693898421e-01
24 4 1 0.89441904 6.69665909 1.13865964 2.72722125 1.24147170 9.197150451549e-02 1.696065405414e+02 1.375865904579e-01 7.470317503200e+00 3.353366154181e-01
24 5 1 0.89441904 6.69665909 1.13865964 2.72722125 1.24147170 9.023731797938e-02 1.639573254451e+02 1.286444639634e-01 7.283697510610e+00 3.267664690855e-01
24 6 1 0.89441904 6.69665909 1.13865964 2.72722125 1.24147170 8.779574322059e-02 1.588364790199e+02 1.213379875968e-01 7.046669883915e+00 3.164811109113e-01
24 7 1 0.89441904 6.69665909 1.13865964 2.72722125 1.24147170 8.404415052034e-02 1.537826135334e+02 1.151638058534e-01 6.777695100667e+00 3.058704990741e-01
24 8 1 0.89441904 6.69665909 1.13865964 2.72722125 1.24147170 7.939463901707e-02 1.489835456785e+02 1.087236143915e-01 6.448858695371e+00 2.952757538049e-01
24 9 1 0.89441904 6.69665909 1.13865964 2.72722125 1.24147170 7.495117101167e-02 1.441347120197e+02 1.024607205410e-01 6.114161045726e+00 2.850705082338e-01
24 10 1 0.89441904 6.69665909 1.13865964 2.72722125 1.24147170 7.162062471597e-02 1.396410595197e+02 9.838220804014e-02 5.723940381231e+00 2.731919631324e-01
24 11 1 0.89441904 6.69665909 1.13865964 2.72722125 1.24147170 6.946210068837e-02 1.354125067010e+02 9.298030036023e-02 5.379136715802e+00 2.600765496854e-01
24 12 1 0.89441904 6.69665909 1.13865964 2.72722125 1.24147170 6.780245193975e-02 1.314953090665e+02 8.743178054210e-02 5.040606926069e+00 2.474241495224e-01
24 13 1 0.89441904 6.69665909 1.13865964 2.72722125 1.24147170 6.591734381302e-02 1.276208469760e+02 8.388209628924e-02 4.717890206638e+00 2.363653186577e-01
24 14 1 0.89441904 6.69665909 1.13865964 2.72722125 1.24147170 6.360320959833e-02 1.239015432023e+02 8.158543666389e-02 4.465494671945e+00 2.271698099344e-01
24 15 1 0.89441904 6.69665909 1.13865964 2.72722125 1.24147170 6.115626778145e-02 1.203326686508e+02 7.761901778627e-02 4.249646163424e+00 2.204828848947e-01
24 16 1 0.89441904 6.69665909 1.13865964 2.72722125 1.24147170 5.888814396552e-02 1.171723372210e+02 7.343118280446e-02 4.094151296052e+00 2.147319134909e-01
24 17 1 0.89441904 6.69665909 1.13865964 2.72722125 1.24147170 5.673075252227e-02 1.142229759747e+02 7.120294434420e-02 3.977933293227e+00 2.080766593085e-01
24 18 1 0.89441904 6.69665909 1.13865964 2.72722125 1.24147170 5.433523942896e-02 1.115096720721e+02 6.920135538023e-02 3.924684532413e+00 2.006107084356e-01
24 19 1 0.89441904 6.69665909 1.13865964 2.72722125 1.24147170 5.153907412289e-02 1.088006694544e+02 6.727003798367e-02 3.910591046929e+00 1.937249406765e-01
24 20 1 0.89441904 6.69665909 1.13865964 2.72722125 1.24147170 4.869806224593e-02 1.062811682178e+02 6.511381175934e-02 3.917951105726e+00 1.902585448781e-01
24 21 1 0.89441904 6.69665909 1.13865964 2.72722125 1.24147170 4.651211897672e-02 1.040774216613e+02 6.299953134863e-02 3.956586395929e+00 1.876084051939e-01
24 22 1 0.89441904 6.69665909 1.13865964 2.72722125 1.24147170 4.546861903076e-02 1.022132308054e+02 6.080995875431e-02 4.008481028346e+00 1.843282803585e-01
24 23 1 0.89441904 6.69665909 1.13865964 2.72722125 1.24147170 4.540296857714e-02 1.006247064227e+02 6.048789837544e-02 4.054440208425e+00 1.802029014258e-01
24 24 1 0.89441904 6.69665909 1.13865964 2.72722125 1.24147170 4.558207422759e-02 9.896495532435e+01 6.028903657331e-02 4.080550079921e+00 1.760171328852e-01
24 25 1 0.89441904 6.69665909 1.13865964 2.72722125 1.24147170 4.525075217850e-02 9.749608120009e+01 5.830701395195e-02 4.104450513724e+00 1.741605530761e-01
24 26 1 0.89441904 6.69665909 1.13865964 2.72722125 1.24147170 4.417834687469e-02 9.625861453618e+01 5.643874130126e-02 4.097921922231e+00 1.723543928495e-01
24 27 1 0.89441904 6.69665909 1.13865964 2.72722125 1.24147170 4.276166610178e-02 9.553278045880e+01 5.662355863299e-02 4.055548559064e+00 1.708140752632e-01
24 28 1 0.89441904 6.69665909 1.13865964 2.72722125 1.24147170 4.164368736682e-02 9.501228234520e+01 5.743343555344e-02 4.011872770070e+00 1.674945641111e-01
24 29 1 0.89441904 6.69665909 1.13865964 2.72722125 1.24147170 4.121697807658e-02 9.444528396822e+01 5.653748829656e-02 3.929829704829e+00 1.621086014215e-01
24 30 1 0.89441904 6.69665909 1.13865964 2.72722125 1.24147170 4.143469187814e-02 9.401952058119e+01 5.581709132585e-02 3.869173684670e+00 1.583070081021e-01
24 31 1 0.89441904 6.69665909 1.13865964 2.72722125 1.24147170 4.202874350371e-02 9.379302305895e+01 5.572938739562e-02 3.760614169912e+00 1.579744135862e-01
24 32 1 0.89441904 6.69665909 1.13865964 2.72722125 1.24147170 4.285398067041e-02 9.422045052611e+01 5.646178903558e-02 3.702465888711e+00 1.639543729485e-01
24 33 1 0.89441904 6.69665909 1.13865964 2.72722125 1.24147170 4.399308711556e-02 9.468088998686e+01 5.745843741439e-02 3.629846951139e+00 1.714813669745e-01
24 34 1 0.89441904 6.69665909 1.13865964 2.72722125 1.24147170 4.553241319736e-02 9.531109719250e+01 5.833853750317e-02 3.570552468954e+00 1.767791190339e-01
24 35 1 0.89441904 6.69665909 1.13865964 2.72722125 1.24147170 4.727577450222e-02 9.582626254106e+01 5.815064893128e-02 3.545130581629e+00 1.791311281575e-01
24 36 1 0.89441904 6.69665909 1.13865964 2.72722125 1.24147170 4.874837218196e-02 9.680271980591e+01 5.853802975914e-02 3.528994797042e+00 1.790067688397e-01
24 37 1 0.89441904 6.69665909 1.13865964 2.72722125 1.24147170 4.956319445991e-02 9.816274252112e+01 6.126026591898e-02 3.558248582717e+00 1.806003597782e-01
24 38 1 0.89441904 6.69665909 1.13865964 2.72722125 1.24147170 4.983872233677e-02 9.978080197827e+01 6.356138687783e-02 3.592155008823e+00 1.831551315329e-01
24 39 1 0.89441904 6.69665909 1.13865964 2.72722125 1.24147170 5.024664337656e-02 1.014192866355e+02 6.426486421833e-02 3.684823436026e+00 1.875779758255e-01
24 40 1 0.89441904 6.69665909 1.13865964 2.72722125 1.24147170 5.156665662156e-02 1.030992642141e+02 6.521562366050e-02 3.802174361037e+00 1.924629919695e-01
24 41 1 0.89441904 6.69665909 1.13865964 2.72722125 1.24147170 5.407991244542e-02 1.051105547538e+02 6.863673873514e-02 3.947212335627e+00 1.959218963809e-01
24 42 1 0.89441904 6.69665909 1.13865964 2.72722125 1.24147170 5.731951981952e-02 1.075059058781e+02 7.186650574261e-02 4.125136284868e+00 2.001392161975e-01
24 43 1 0.89441904 6.69665909 1.13865964 2.72722125 1.24147170 6.041540913667e-02 1.101569177903e+02 7.461146754207e-02 4.336385674337e+00 2.056787030413e-01
24 44 1 0.89441904 6.69665909 1.13865964 2.72722125 1.24147170 6.275257477228e-02 1.128950129171e+02 7.753648638994e-02 4.555915829362e+00 2.144422223276e-01
24 45 1 0.89441904 6.69665909 1.13865964 2.72722125 1.24147170 6.437803709135e-02 1.157131561232e+02 8.077244414931e-02 4.778760271496e+00 2.234322711632e-01
24 46 1 0.89441904 6.69665909 1.13865964 2.72722125 1.24147170 6.581983674871e-02 1.187515064019e+02 8.475295975689e-02 5.021993535523e+00 2.304997811401e-01
24 47 1 0.89441904 6.69665909 1.13865964 2.72722125 1.24147170 6.752512418941e-02 1.221715450844e+02 9.006731598373e-02 5.251909870093e+00 2.374158213662e-01
24 48 1 0.89441904 6.69665909 1.13865964 2.72722125 1.24147170 6.947537016879e-02 1.258135732259e+02 9.556798930824e-02 5.469737392345e+00 2.456594083251e-01
24 49 1 0.89441904 6.69665909 1.13865964 2.72722125 1.24147170 7.134926731199e-02 1.297116930009e+02 9.903639364817e-02 5.677370754579e+00 2.566606717811e-01
24 50 1 0.89441904 6.69665909 1.13865964 2.72722125 1.24147170 7.304385855863e-02 1.335750394862e+02 1.043143953332e-01 5.869116922278e+00 2.685549307858e-01
24 51 1 0.89441904 6.69665909 1.13865964 2.72722125 1.24147170 7.497707373649e-02 1.377030528256e+02 1.117672216140e-01 6.056182869787e+00 2.802312285048e-01
24 52 1 0.89441904 6.69665909 1.13865964 2.72722125 1.24147170 7.778582025908e-02 1.420671456860e+02 1.189379633896e-01 6.180044800973e+00 2.908162982043e-01
24 53 1 0.89441904 6.69665909 1.13865964 2.72722125 1.24147170 8.165041123651e-02 1.467806798335e+02 1.244321939256e-01 6.337047353744e+00 2.994464258998e-01
24 54 1 0.89441904 6.69665909 1.13865964 2.72722125 1.24147170 8.591778544731e-02 1.517406848535e+02 1.319744341514e-01 6.451969126883e+00 3.065675301715e-01
24 55 1 0.89441904 6.69665909 1.13865964 2.72722125 1.24147170 8.948694014228e-02 1.566295429864e+02 1.407008131746e-01 6.552290710240e+00 3.147638480244e-01
24 56 1 0.89441904 6.69665909 1.13865964 2.72722125 1.24147170 9.170544669684e-02 1.618574450678e+02 1.482678351088e-01 6.673989799253e+00 3.243984445310e-01
24 57 1 0.89441904 6.69665909 1.13865964 2.72722125 1.24147170 9.298123152555e-02 1.671458404699e+02 1.573023826831e-01 6.793605814841e+00 3.343399058177e-01
24 58 1 0.89441904 6.69665909 1.13865964 2.72722125 1.24147170 9.450673670686e-02 1.730239908019e+02 1.674340632736e-01 6.966300682708e+00 3.447945045050e-01
24 59 1 0.89441904 6.69665909 1.13865964 2.72722125 1.24147170 9.729759050336e-02 1.788109428380e+02 1.770533120731e-01 7.136397109632e+00 3.567902442234e-01
24 60 1 0.89441904 6.69665909 1.13865964 2.72722125 1.24147170 1.014126183892e-01 1.848618454254e+02 1.856965130006e-01 7.382793848035e+00 3.738661513428e-01
24 61 1 0.89441904 6.69665909 1.13865964 2.72722125 1.24147170 1.060752218874e-01 1.909955482282e+02 1.977673266626e-01 7.685310771099e+00 3.915969741452e-01
24 62 1 0.89441904 6.69665909 1.13865964 2.72722125 1.24147170 1.105528047432e-01 1.974770583727e+02 2.093586512268e-01 7.990823960752e+00 4.086115290113e-01
24 63 1 0.89441904 6.69665909 1.13865964 2.72722125 1.24147170 1.148951991240e-01 2.042595387241e+02 2.202975473957e-01 8.369566533134e+00 4.246380226199e-01
27 0 1 0.84686203 3.95732352 1.04311621 2.18606708 1.19992137 8.424718215660e-02 3.023687621267e+01 1.738176980747e-01 9.790867876934e-01 3.244072245816e-01
27 1 1 0.84686203 3.95732352 1.04311621 2.18606708 1.19992137 8.163362971637e-02 2.921619629645e+01 1.644127593147e-01 8.569021487492e-01 3.130355789772e-01
27 2 1 0.84686203 3.95732352 1.04311621 2.18606708 1.19992137 7.951802568395e-02 2.823192169208e+01 1.550384613897e-01 1.053521340946e+00 3.061534878685e-01
27 3 1 0.84686203 3.95732352 1.04311621 2.18606708 1.19992137 7.742191881857e-02 2.730039610784e+01 1.454876095804e-01 1.529543793781e+00 2.970617274162e-01
27 4 1 0.84686203 3.95732352 1.04311621 2.18606708 1.19992137 7.474836886356e-02 2.634317497714e+01 1.369652276620e-01 2.215824545033e+00 2.870012562464e-01
27 5 1 0.84686203 3.95732352 1.04311621 2.18606708 1.19992137 7.134546458480e-02 2.543723879596e+01 1.301850562388e-01 3.030972049735e+00 2.765774060327e-01
27 6 1 0.84686203 3.95732352 1.04311621 2.18606708 1.19992137 6.773153076298e-02 2.458331067619e+01 1.230928245351e-01 3.845718806098e+00 2.685363613643e-01
27 7 1 0.84686203 3.95732352 1.04311621 2.18606708 1.19992137 6.477800633912e-02 2.379814925821e+01 1.150238375858e-01 4.616711508109e+00 2.609502667991e-01
27 8 1 0.84686203 3.95732352 1.04311621 2.18606708 1.19992137 6.309011701489e-02 2.298296661074e+01 1.089038147745e-01 5.236642211249e+00 2.502135832237e-01
27 9 1 0.84686203 3.95732352 1.04311621 2.18606708 1.19992137 6.256374513086e-02 2.221857733816e+01 1.033393056891e-01 5.598145939389e+00 2.389211228961e-01
27 10 1 0.84686203 3.95732352 1.04311621 2.18606708 1.19992137 6.244875179320e-02 2.144505229903e+01 9.754959085858e-02 5.742816552963e+00 2.287186364522e-01
27 11 1 0.84686203 3.95732352 1.04311621 2.18606708 1.19992137 6.185164493288e-02 2.081310244637e+01 9.178941870148e-02 5.598483646643e+00 2.212075589538e-01
27 12 1 0.84686203 3.95732352 1.04311621 2.18606708 1.19992137 6.028875048627e-02 2.014847376171e+01 8.823373712093e-02 5.198559382071e+00 2.162598305712e-01
27 13 1 0.84686203 3.95732352 1.04311621 2.18606708 1.19992137 5.789751304461e-02 1.955782012422e+01 8.451215317514e-02 4.593820417238e+00 2.128865987657e-01
27 14 1 0.84686203 3.95732352 1.04311621 2.18606708 1.19992137 5.520449168211e-02 1.890857578696e+01 7.967663089166e-02 3.819918026435e+00 2.092957052739e-01
27 15 1 0.84686203 3.95732352 1.04311621 2.18606708 1.19992137 5.268466819221e-02 1.835214716139e+01 7.549224495839e-02 2.989394895365e+00 2.044865997158e-01
27 16 1 0.84686203 3.95732352 1.04311621 2.18606708 1.19992137 5.046710740277e-02 1.782940957158e+01 7.300553618928e-02 2.154300067071e+00 1.988916611211e-01
27 17 1 0.84686203 3.95732352 1.04311621 2.18606708 1.19992137 4.837843042371e-02 1.738543402335e+01 7.101448052272e-02 1.393797141982e+00 1.933516862320e-01
27 18 1 0.84686203 3.95732352 1.04311621 2.18606708 1.19992137 4.622622701434e-02 1.694318039137e+01 6.813780614263e-02 7.961430359972e-01 1.868869021204e-01
27 19 1 0.84686203 3.95732352 1.04311621 2.18606708 1.19992137 4.404834472204e-02 1.650476281691e+01 6.574742323381e-02 3.998352864300e-01 1.786750754161e-01
27 20 1 0.84686203 3.95732352 1.04311621 2.18606708 1.19992137 4.211613033661e-02 1.607618481536e+01 6.334401614132e-02 2.361283709143e-01 1.717817515184e-01
27 21 1 0.84686203 3.95732352 1.04311621 2.18606708 1.19992137 4.070554965666e-02 1.573078573786e+01 6.141582667965e-02 3.155897823419e-01 1.667494079022e-01
27 22 1 0.84686203 3.95732352 1.04311621 2.18606708 1.19992137 3.984385022522e-02 1.544699670851e+01 6.020473722007e-02 6.195851294721e-01 1.636158044803e-01
27 23 1 0.84686203 3.95732352 1.04311621 2.18606708 1.19992137 3.924943118930e-02 1.521517779880e+01 5.994294481731e-02 1.100729459172e+00 1.607263054616e-01
27 24 1 0.84686203 3.95732352 1.04311621 2.18606708 1.19992137 3.851608267645e-02 1.494069913451e+01 5.860017049626e-02 1.705843014845e+00 1.575135629700e-01
27 25 1 0.84686203 3.95732352 1.04311621 2.18606708 1.19992137 3.739554696968e-02 1.467868301086e+01 5.631456541087e-02 2.375299246638e+00 1.555163688171e-01
27 26 1 0.84686203 3.95732352 1.04311621 2.18606708 1.19992137 3.596233727963e-02 1.448562676384e+01 5.538202341370e-02 3.006259592684e+00 1.527011829261e-01
27 27 1 0.84686203 3.95732352 1.04311621 2.18606708 1.19992137 3.454746597275e-02 1.438238173317e+01 5.595149493877e-02 3.563469926447e+00 1.500332400852e-01
27 28 1 0.84686203 3.95732352 1.04311621 2.18606708 1.19992137 3.351009031135e-02 1.434804930798e+01 5.630218310631e-02 3.963554677803e+00 1.463946372456e-01
27 29 1 0.84686203 3.95732352 1.04311621 2.18606708 1.19992137 3.303001260689e-02 1.423272897053e+01 5.522595112256e-02 4.173930841618e+00 1.416984567559e-01
27 30 1 0.84686203 3.95732352 1.04311621 2.18606708 1.19992137 3.306622871342e-02 1.416205285504e+01 5.460936790357e-02 4.192154812539e+00 1.386168307280e-01
27 31 1 0.84686203 3.95732352 1.04311621 2.18606708 1.19992137 3.347941518759e-02 1.409814973220e+01 5.459027010268e-02 3.959146293383e+00 1.384545359308e-01
27 32 1 0.84686203 3.95732352 1.04311621 2.18606708 1.19992137 3.418543270135e-02 1.421678964576e+01 5.531730187565e-02 3.576271679204e+00 1.439498888650e-01
27 33 1 0.84686203 3.95732352 1.04311621 2.18606708 1.19992137 3.519771063151e-02 1.431090305235e+01 5.631684071622e-02 3.040636915925e+00 1.508488512195e-01
27 34 1 0.84686203 3.95732352 1.04311621 2.18606708 1.19992137 3.652965711940e-02 1.442806003363e+01 5.735918488182e-02 2.396136622099e+00 1.559632964575e-01
27 35 1 0.84686203 3.95732352 1.04311621 2.18606708 1.19992137 3.806344486935e-02 1.447860364792e+01 5.745235032494e-02 1.757072249892e+00 1.589876345991e-01
27 36 1 0.84686203 3.95732352 1.04311621 2.18606708 1.19992137 3.953091720737e-02 1.463986720041e+01 5.746193082460e-02 1.151564064331e+00 1.598463295490e-01
27 37 1 0.84686203 3.95732352 1.04311621 2.18606708 1.19992137 4.065872317745e-02 1.487755741605e+01 5.944253471242e-02 6.714050594586e-01 1.615518834603e-01
27 38 1 0.84686203 3.95732352 1.04311621 2.18606708 1.19992137 4.137912685169e-02 1.518644458404e+01 6.225818226879e-02 3.575407930941e-01 1.631387189065e-01
27 39 1 0.84686203 3.95732352 1.04311621 2.18606708 1.19992137 4.192948473381e-02 1.544684671735e+01 6.409348255267e-02 2.556469526124e-01 1.658746807120e-01
27 40 1 0.84686203 3.95732352 1.04311621 2.18606708 1.19992137 4.273282973104e-02 1.572035923587e+01 6.470875009173e-02 3.833914428026e-01 1.695000070930e-01
27 41 1 0.84686203 3.95732352 1.04311621 2.18606708 1.19992137 4.412356449518e-02 1.602583574409e+01 6.688696902150e-02 7.280338694205e-01 1.729805738223e-01
27 42 1 0.84686203 3.95732352 1.04311621 2.18606708 1.19992137 4.611841964823e-02 1.644886627714e+01 7.010235129200e-02 1.271161378488e+00 1.785679516198e-01
27 43 1 0.84686203 3.95732352 1.04311621 2.18606708 1.19992137 4.841381638286e-02 1.689917071675e+01 7.351152931190e-02 1.957938818825e+00 1.850029449958e-01
27 44 1 0.84686203 3.95732352 1.04311621 2.18606708 1.19992137 5.061836176567e-02 1.736748058199e+01 7.675006017073e-02 2.723425434365e+00 1.913400411019e-01
27 45 1 0.84686203 3.95732352 1.04311621 2.18606708 1.19992137 5.253642176415e-02 1.782194112416e+01 8.024909091448e-02 3.488941427125e+00 1.954744622478e-01
27 46 1 0.84686203 3.95732352 1.04311621 2.18606708 1.19992137 5.426832301187e-02 1.831041388699e+01 8.356748267161e-02 4.197958610600e+00 1.981651718510e-01
27 47 1 0.84686203 3.95732352 1.04311621 2.18606708 1.19992137 5.604017197707e-02 1.888311737879e+01 8.718164621248e-02 4.774730856209e+00 2.020089790262e-01
27 48 1 0.84686203 3.95732352 1.04311621 2.18606708 1.19992137 5.791110951389e-02 1.949739989414e+01 9.288618639344e-02 5.139193306861e+00 2.061390759810e-01
27 49 1 0.84686203 3.95732352 1.04311621 2.18606708 1.19992137 5.963051501598e-02 2.016031912808e+01 9.864736674136e-02 5.293982570969e+00 2.105499840192e-01
27 50 1 0.84686203 3.95732352 1.04311621 2.18606708 1.19992137 6.081047075650e-02 2.080216613353e+01 1.033610421858e-01 5.213625990727e+00 2.162961535335e-01
27 51 1 0.84686203 3.95732352 1.04311621 2.18606708 1.19992137 6.130836811476e-02 2.146739999141e+01 1.076792800686e-01 4.883937272733e+00 2.248511347446e-01
27 52 1 0.84686203 3.95732352 1.04311621 2.18606708 1.19992137 6.150124919217e-02 2.220065228325e+01 1.145432694434e-01 4.378929647279e+00 2.359002900861e-01
27 53 1 0.84686203 3.95732352 1.04311621 2.18606708 1.19992137 6.217376333549e-02 2.297788539334e+01 1.215914292434e-01 3.712673722320e+00 2.483999764567e-01
27 54 1 0.84686203 3.95732352 1.04311621 2.18606708 1.19992137 6.403343128189e-02 2.383635951018e+01 1.277333811187e-01 2.996781741685e+00 2.601884840922e-01
27 55 1 0.84686203 3.95732352 1.04311621 2.18606708 1.19992137 6.718873354928e-02 2.463616775702e+01 1.345259583927e-01 2.294220083825e+00 2.701056549595e-01
27 56 1 0.84686203 3.95732352 1.04311621 2.18606708 1.19992137 7.100412166935e-02 2.550628956496e+01 1.427026377796e-01 1.665275011473e+00 2.776944229177e-01
27 57 1 0.84686203 3.95732352 1.04311621 2.18606708 1.19992137 7.448702023853e-02 2.638847121162e+01 1.504713564049e-01 1.241162803515e+00 2.858623690585e-01
27 58 1 0.84686203 3.95732352 1.04311621 2.18606708 1.19992137 7.694931001378e-02 2.736841519647e+01 1.569483692245e-01 1.033814687794e+00 2.980255549565e-01
27 59 1 0.84686203 3.95732352 1.04311621 2.18606708 1.19992137 7.845116751351e-02 2.836574946919e+01 1.657937021287e-01 1.105019470893e+00 3.099017187436e-01
27 60 1 0.84686203 3.95732352 1.04311621 2.18606708 1.19992137 7.968735691356e-02 2.934283404637e+01 1.752273719846e-01 1.468946839562e+00 3.213658254918e-01
27 61 1 0.84686203 3.95732352 1.04311621 2.18606708 1.19992137 8.141319600534e-02 3.039628199399e+01 1.843194854244e-01 2.102521508550e+00 3.328157460077e-01
27 62 1 0.84686203 3.95732352 1.04311621 2.18606708 1.19992137 8.388016712404e-02 3.147082230041e+01 1.927110271281e-01 2.963311003600e+00 3.483144311595e-01
27 63 1 0.84686203 3.95732352 1.04311621 2.18606708 1.19992137 8.674365359995e-02 3.264262528031e+01 2.028211880400e-01 3.985185630375e+00 3.688512250558e-01
29 0 1 0.93907915 13.49436796 1.22861575 3.35567127 1.28372244 1.012091230762e-01 2.831643457830e+03 1.720923948405e-01 1.554276126790e+01 4.279320341366e-01
29 1 1 0.93907915 13.49436796 1.22861575 3.35567127 1.28372244 1.132487283296e-01 2.757943478310e+03 1.631677380285e-01 1.623696415862e+01 4.092685246215e-01
29 2 1 0.93907915 13.49436796 1.22861575 3.35567127 1.28372244 1.312697355670e-01 2.687127625257e+03 1.534335987561e-01 1.699555472269e+01 3.966388751295e-01
29 3 1 0.93907915 13.49436796 1.22861575 3.35567127 1.28372244 1.450838803990e-01 2.618269089629e+03 1.428987749460e-01 1.769196874614e+01 3.858479519384e-01
29 4 1 0.93907915 13.49436796 1.22861575 3.35567127 1.28372244 1.477934306772e-01 2.550216673112e+03 1.343193679920e-01 1.828083897906e+01 3.744499993073e-01
29 5 1 0.93907915 13.49436796 1.22861575 3.35567127 1.28372244 1.379657456895e-01 2.482211281611e+03 1.272561377782e-01 1.869415368346e+01 3.610238863257e-01
29 6 1 0.93907915 13.49436796 1.22861575 3.35567127 1.28372244 1.191094751839e-01 2.415661645851e+03 1.192132212579e-01 1.877746941771e+01 3.481015060754e-01
29 7 1 0.93907915 13.49436796 1.22861575 3.35567127 1.28372244 9.769139943857e-02 2.351751940077e+03 1.119318905223e-01 1.860973455596e+01 3.388414186104e-01
29 8 1 0.93907915 13.49436796 1.22861575 3.35567127 1.28372244 8.074290291408e-02 2.288218540646e+03 1.062680325299e-01 1.813500813906e+01 3.311494309995e-01
29 9 1 0.93907915 13.49436796 1.22861575 3.35567127 1.28372244 7.343287934814e-02 2.225817136572e+03 9.925232899546e-02 1.731764979808e+01 3.231604518554e-01
29 10 1 0.93907915 13.49436796 1.22861575 3.35567127 1.28372244 7.696960576870e-02 2.164152356520e+03 9.411434567585e-02 1.630435793893e+01 3.135887521811e-01
29 11 1 0.93907915 13.49436796 1.22861575 3.35567127 1.28372244 8.774945282873e-02 2.107429421318e+03 9.038166154257e-02 1.508583567242e+01 3.023869555067e-01
29 12 1 0.93907915 13.49436796 1.22861575 3.35567127 1.28372244 9.871416722258e-02 2.054864297349e+03 8.558640703489e-02 1.382695307603e+01 2.895816448561e-01
29 13 1 0.93907915 13.49436796 1.22861575 3.35567127 1.28372244 1.027575565804e-01 2.005108016407e+03 7.987733209793e-02 1.247205560814e+01 2.764145435505e-01
29 14 1 0.93907915 13.49436796 1.22861575 3.35567127 1.28372244 9.644845562497e-02 1.955372376589e+03 7.722010474280e-02 1.118415458697e+01 2.642444458312e-01
29 15 1 0.93907915 13.49436796 1.22861575 3.35567127 1.28372244 8.177779819810e-02 1.905830797122e+03 7.519588620776e-02 9.993025334702e+00 2.545895437556e-01
29 16 1 0.93907915 13.49436796 1.22861575 3.35567127 1.28372244 6.481177085675e-02 1.859584900458e+03 7.135633798886e-02 8.921508860392e+00 2.455479979958e-01
29 17 1 0.93907915 13.49436796 1.22861575 3.35567127 1.28372244 5.220488376883e-02 1.817570074734e+03 6.814432470392e-02 8.045718146251e+00 2.359922937897e-01
29 18 1 0.93907915 13.49436796 1.22861575 3.35567127 1.28372244 4.784066985298e-02 1.779294121694e+03 6.606204912178e-02 7.397159837271e+00 2.278211680643e-01
29 19 1 0.93907915 13.49436796 1.22861575 3.35567127 1.28372244 5.146401427383e-02 1.741878316222e+03 6.454225329797e-02 6.987534350790e+00 2.222601195245e-01
29 20 1 0.93907915 13.49436796 1.22861575 3.35567127 1.28372244 5.958183470806e-02 1.706064276500e+03 6.288004306676e-02 6.784003929257e+00 2.208785234245e-01
29 21 1 0.93907915 13.49436796 1.22861575 3.35567127 1.28372244 6.753783571816e-02 1.674056723641e+03 6.137585194824e-02 6.795642273875e+00 2.198382297065e-01
29 22 1 0.93907915 13.49436796 1.22861575 3.35567127 1.28372244 7.144762429145e-02 1.647345546023e+03 5.886817916341e-02 6.989927271376e+00 2.176547832974e-01
29 23 1 0.93907915 13.49436796 1.22861575 3.35567127 1.28372244 6.937167929662e-02 1.624407322192e+03 5.798807367172e-02 7.320225847940e+00 2.140673274386e-01
29 24 1 0.93907915 13.49436796 1.22861575 3.35567127 1.28372244 6.177499823763e-02 1.602098791118e+03 5.846621193189e-02 7.753909858496e+00 2.089290795231e-01
29 25 1 0.93907915 13.49436796 1.22861575 3.35567127 1.28372244 5.139512095441e-02 1.581474229798e+03 5.737288385150e-02 8.280141571673e+00 2.046289288716e-01
29 26 1 0.93907915 13.49436796 1.22861575 3.35567127 1.28372244 4.238511716386e-02 1.564549127683e+03 5.524660941371e-02 8.832580876604e+00 1.992892668124e-01
29 27 1 0.93907915 13.49436796 1.22861575 3.35567127 1.28372244 3.866466450800e-02 1.553484585416e+03 5.511896970742e-02 9.344242796628e+00 1.938423617242e-01
29 28 1 0.93907915 13.49436796 1.22861575 3.35567127 1.28372244 4.199419230355e-02 1.545274546967e+03 5.632337954637e-02 9.844803997193e+00 1.867373161761e-01
29 29 1 0.93907915 13.49436796 1.22861575 3.35567127 1.28372244 5.084434285861e-02 1.537389173203e+03 5.576042602594e-02 1.023028214750e+01 1.783070348347e-01
29 30 1 0.93907915 13.49436796 1.22861575 3.35567127 1.28372244 6.095457519361e-02 1.531048913992e+03 5.515507824889e-02 1.056711008634e+01 1.733642261301e-01
29 31 1 0.93907915 13.49436796 1.22861575 3.35567127 1.28372244 6.747355599190e-02 1.529479943626e+03 5.519950671708e-02 1.072443595678e+01 1.743019431309e-01
29 32 1 0.93907915 13.49436796 1.22861575 3.35567127 1.28372244 6.747648837945e-02 1.535455281923e+03 5.610365298799e-02 1.083464156511e+01 1.838142065773e-01
29 33 1 0.93907915 13.49436796 1.22861575 3.35567127 1.28372244 6.136878179597e-02 1.544610803811e+03 5.725893800976e-02 1.076757024542e+01 1.960171983788e-01
29 34 1 0.93907915 13.49436796 1.22861575 3.35567127 1.28372244 5.245965034308e-02 1.554659595565e+03 5.818013773315e-02 1.055884073093e+01 2.058269695690e-01
29 35 1 0.93907915 13.49436796 1.22861575 3.35567127 1.28372244 4.518045335316e-02 1.564546855973e+03 5.803135436485e-02 1.023046568707e+01 2.113462937545e-01
29 36 1 0.93907915 13.49436796 1.22861575 3.35567127 1.28372244 4.309580368264e-02 1.578751495453e+03 5.905150482234e-02 9.775953878427e+00 2.125932325089e-01
29 37 1 0.93907915 13.49436796 1.22861575 3.35567127 1.28372244 4.762490009227e-02 1.598559764434e+03 6.232753968413e-02 9.268152050122e+00 2.141106071339e-01
29 38 1 0.93907915 13.49436796 1.22861575 3.35567127 1.28372244 5.769298299121e-02 1.621918922466e+03 6.408183040320e-02 8.688245397636e+00 2.151003840354e-01
29 39 1 0.93907915 13.49436796 1.22861575 3.35567127 1.28372244 7.009693988364e-02 1.646359302148e+03 6.458901662426e-02 8.168160963192e+00 2.169199340753e-01
29 40 1 0.93907915 13.49436796 1.22861575 3.35567127 1.28372244 8.044878406625e-02 1.672036915324e+03 6.674428619242e-02 7.695382382500e+00 2.189270529601e-01
29 41 1 0.93907915 13.49436796 1.22861575 3.35567127 1.28372244 8.473064373555e-02 1.702248539967e+03 7.098765732341e-02 7.328905307137e+00 2.202653917014e-01
29 42 1 0.93907915 13.49436796 1.22861575 3.35567127 1.28372244 8.121831594549e-02 1.737711015247e+03 7.379241829770e-02 7.123735600944e+00 2.233855617170e-01
29 43 1 0.93907915 13.49436796 1.22861575 3.35567127 1.28372244 7.188308374724e-02 1.776191095877e+03 7.650392561905e-02 7.140200860924e+00 2.284673575704e-01
29 44 1 0.93907915 13.49436796 1.22861575 3.35567127 1.28372244 6.210612070770e-02 1.815473715576e+03 7.997452135304e-02 7.384001547752e+00 2.382134984171e-01
29 45 1 0.93907915 13.49436796 1.22861575 3.35567127 1.28372244 5.828097322743e-02 1.855879914413e+03 8.399239748364e-02 7.885239198356e+00 2.500348543658e-01
29 46 1 0.93907915 13.49436796 1.22861575 3.35567127 1.28372244 6.435469091272e-02 1.900086698693e+03 8.928302479637e-02 8.662698760129e+00 2.609422074887e-01
29 47 1 0.93907915 13.49436796 1.22861575 3.35567127 1.28372244 7.939852977268e-02 1.948465118771e+03 9.471868236923e-02 9.666353374063e+00 2.706018873597e-01
29 48 1 0.93907915 13.49436796 1.22861575 3.35567127 1.28372244 9.786966580125e-02 1.998960424461e+03 9.896249170695e-02 1.086778238859e+01 2.795833600977e-01
29 49 1 0.93907915 13.49436796 1.22861575 3.35567127 1.28372244 1.124820870482e-01 2.049454606876e+03 1.035466408807e-01 1.220209810835e+01 2.903920739422e-01
29 50 1 0.93907915 13.49436796 1.22861575 3.35567127 1.28372244 1.178889206297e-01 2.100903199080e+03 1.119079458032e-01 1.368961593034e+01 3.010430699447e-01
29 51 1 0.93907915 13.49436796 1.22861575 3.35567127 1.28372244 1.130424023171e-01 2.155734661663e+03 1.190357050651e-01 1.514172690614e+01 3.101708981746e-01
29 52 1 0.93907915 13.49436796 1.22861575 3.35567127 1.28372244 1.012661099226e-01 2.215891600715e+03 1.244824626386e-01 1.656649952103e+01 3.178154001415e-01
29 53 1 0.93907915 13.49436796 1.22861575 3.35567127 1.28372244 8.858278286898e-02 2.278423904482e+03 1.318005549142e-01 1.786029801737e+01 3.248784135144e-01
29 54 1 0.93907915 13.49436796 1.22861575 3.35567127 1.28372244 8.143574619896e-02 2.341944620464e+03 1.413195685142e-01 1.891239989257e+01 3.324201574486e-01
29 55 1 0.93907915 13.49436796 1.22861575 3.35567127 1.28372244 8.450217318042e-02 2.404077546583e+03 1.494605761113e-01 1.969050845584e+01 3.416927778780e-01
29 56 1 0.93907915 13.49436796 1.22861575 3.35567127 1.28372244 9.879415276353e-02 2.468028480106e+03 1.578910309791e-01 2.010506349141e+01 3.540052438531e-01
29 57 1 0.93907915 13.49436796 1.22861575 3.35567127 1.28372244 1.204911272330e-01 2.533593495559e+03 1.683675300900e-01 2.028091899302e+01 3.695166730487e-01
29 58 1 0.93907915 13.49436796 1.22861575 3.35567127 1.28372244 1.415428481840e-01 2.601079588057e+03 1.770269631602e-01 2.009934744138e+01 3.854183950379e-01
29 59 1 0.93907915 13.49436796 1.22861575 3.35567127 1.28372244 1.528127234880e-01 2.668825853996e+03 1.873169660637e-01 1.963165468403e+01 3.985658787111e-01
29 60 1 0.93907915 13.49436796 1.22861575 3.35567127 1.28372244 1.488953373459e-01 2.737385683010e+03 1.993522685155e-01 1.900562359266e+01 4.125041490975e-01
29 61 1 0.93907915 13.49436796 1.22861575 3.35567127 1.28372244 1.318901756824e-01 2.808598271681e+03 2.107837945677e-01 1.817215357771e+01 4.291878179844e-01
29 62 1 0.93907915 13.49436796 1.22861575 3.35567127 1.28372244 1.112728632819e-01 2.881487552666e+03 2.205294627594e-01 1.730437295248e+01 4.505262117801e-01
29 63 1 0.93907915 13.49436796 1.22861575 3.35567127 1.28372244 9.928245014766e-02 2.954745360247e+03 2.340456176593e-01 1.643441821191e+01 4.712377433263e-01
