# environment=00139 local_bs=4 gain_scale=1.852818250694e-12
# ue subcarrier serving_bs phi0 phi1 phi2 phi3 phi4 gain0 gain1 gain2 gain3 gain4
3 0 4 2.51210783 1.56590803 3.48061645 2.34312336 3.82466423 5.450127570867e+00 1.265546407084e+00 2.232858440895e+01 4.705389608800e+00 2.753937720956e+01
3 1 4 2.51210783 1.56590803 3.48061645 2.34312336 3.82466423 5.697207279958e+00 1.310023717425e+00 2.048946480308e+01 4.499425448396e+00 2.827215424130e+01
3 2 4 2.51210783 1.56590803 3.48061645 2.34312336 3.82466423 6.096071389078e+00 1.320200419605e+00 1.819039576149e+01 4.317337669911e+00 2.996603503939e+01
3 3 4 2.51210783 1.56590803 3.48061645 2.34312336 3.82466423 5.799671983776e+00 1.307789161430e+00 1.839123136961e+01 4.158160206421e+00 2.840215559452e+01
3 4 4 2.51210783 1.56590803 3.48061645 2.34312336 3.82466423 4.992477006178e+00 1.282167021903e+00 1.925898923655e+01 4.015502212992e+00 2.567687596528e+01
3 5 4 2.51210783 1.56590803 3.48061645 2.34312336 3.82466423 4.583294235644e+00 1.243212623153e+00 1.843930479860e+01 3.890373144614e+00 2.301628724240e+01
3 6 4 2.51210783 1.56590803 3.48061645 2.34312336 3.82466423 4.846674753703e+00 1.185816835141e+00 1.640139648272e+01 3.755995927301e+00 2.225962540875e+01
3 7 4 2.51210783 1.56590803 3.48061645 2.34312336 3.82466423 5.112132459430e+00 1.110614271947e+00 1.551563023607e+01 3.597453493354e+00 2.384650842255e+01
3 8 4 2.51210783 1.56590803 3.48061645 2.34312336 3.82466423 4.754609061334e+00 1.017974124375e+00 1.609176385040e+01 3.468200660341e+00 2.407058737700e+01
3 9 4 2.51210783 1.56590803 3.48061645 2.34312336 3.82466423 4.079230410790e+00 9.139903150860e-01 1.627878401706e+01 3.362013517429e+00 2.307125082493e+01
3 10 4 2.51210783 1.56590803 3.48061645 2.34312336 3.82466423 3.830734289358e+00 8.080814316896e-01 1.493782023994e+01 3.253894725759e+00 2.047179231147e+01
3 11 4 2.51210783 1.56590803 3.48061645 2.34312336 3.82466423 4.138512472268e+00 7.092322564651e-01 1.346009005927e+01 3.143200324254e+00 1.854904142733e+01
3 12 4 2.51210783 1.56590803 3.48061645 2.34312336 3.82466423 4.325971518730e+00 6.151050120797e-01 1.343427492419e+01 3.019958576944e+00 1.882259400081e+01
3 13 4 2.51210783 1.56590803 3.48061645 2.34312336 3.82466423 3.972930225105e+00 5.309130027225e-01 1.401818009497e+01 2.885945699952e+00 1.958201250102e+01
3 14 4 2.51210783 1.56590803 3.48061645 2.34312336 3.82466423 3.460789141866e+00 4.628151371892e-01 1.363042860283e+01 2.798443639346e+00 2.014156639006e+01
3 15 4 2.51210783 1.56590803 3.48061645 2.34312336 3.82466423 3.318316307608e+00 4.037567022236e-01 1.203820947536e+01 2.725114320623e+00 1.861322580328e+01
3 16 4 2.51210783 1.56590803 3.48061645 2.34312336 3.82466423 3.603110389446e+00 3.570814050836e-01 1.144000057795e+01 2.640407518603e+00 1.657523904831e+01
3 17 4 2.51210783 1.56590803 3.48061645 2.34312336 3.82466423 3.685131052947e+00 3.247590261518e-01 1.201867912144e+01 2.558440606929e+00 1.555209107435e+01
3 18 4 2.51210783 1.56590803 3.48061645 2.34312336 3.82466423 3.328565746249e+00 3.051088989516e-01 1.222497295948e+01 2.475055387305e+00 1.564958318155e+01
3 19 4 2.51210783 1.56590803 3.48061645 2.34312336 3.82466423 2.922088164122e+00 2.986924002923e-01 1.121447479343e+01 2.395708702483e+00 1.687007778702e+01
3 20 4 2.51210783 1.56590803 3.48061645 2.34312336 3.82466423 2.909675739214e+00 3.045389144249e-01 1.021808557615e+01 2.337343492982e+00 1.683499467383e+01
3 21 4 2.51210783 1.56590803 3.48061645 2.34312336 3.82466423 3.207207935846e+00 3.192524696578e-01 1.032119523963e+01 2.279360821743e+00 1.571897390448e+01
3 22 4 2.51210783 1.56590803 3.48061645 2.34312336 3.82466423 3.259619015180e+00 3.452642182503e-01 1.094933069375e+01 2.235849939139e+00 1.426965268459e+01
3 23 4 2.51210783 1.56590803 3.48061645 2.34312336 3.82466423 2.950456756552e+00 3.807269920401e-01 1.068130938467e+01 2.211004203336e+00 1.351430094774e+01
3 24 4 2.51210783 1.56590803 3.48061645 2.34312336 3.82466423 2.623099169585e+00 4.200260202228e-01 9.697585958848e+00 2.186446089592e+00 1.440533890883e+01
3 25 4 2.51210783 1.56590803 3.48061645 2.34312336 3.82466423 2.691306197171e+00 4.554506312773e-01 9.300962306425e+00 2.141321822833e+00 1.517067760858e+01
3 26 4 2.51210783 1.56590803 3.48061645 2.34312336 3.82466423 2.979597048676e+00 4.957407161900e-01 9.814054636224e+00 2.105998063126e+00 1.521672732895e+01
3 27 4 2.51210783 1.56590803 3.48061645 2.34312336 3.82466423 3.035355779443e+00 5.363712146554e-01 1.032898189795e+01 2.090388555643e+00 1.416503088647e+01
3 28 4 2.51210783 1.56590803 3.48061645 2.34312336 3.82466423 2.736022652915e+00 5.700036858278e-01 9.691656201734e+00 2.074388855670e+00 1.282540757691e+01
3 29 4 2.51210783 1.56590803 3.48061645 2.34312336 3.82466423 2.470603637188e+00 5.973909112062e-01 8.964711412150e+00 2.050590839663e+00 1.281609722352e+01
3 30 4 2.51210783 1.56590803 3.48061645 2.34312336 3.82466423 2.606991846648e+00 6.154466451582e-01 9.211996049422e+00 2.020270717958e+00 1.357110140415e+01
3 31 4 2.51210783 1.56590803 3.48061645 2.34312336 3.82466423 2.878882655058e+00 6.258548280918e-01 1.000219798711e+01 2.004450218434e+00 1.461079954261e+01
3 32 4 2.51210783 1.56590803 3.48061645 2.34312336 3.82466423 2.953614483837e+00 6.447773904817e-01 1.002308038831e+01 2.048934280710e+00 1.473447168606e+01
3 33 4 2.51210783 1.56590803 3.48061645 2.34312336 3.82466423 2.694502309600e+00 6.536709545038e-01 9.322311877255e+00 2.100812883426e+00 1.374885318952e+01
3 34 4 2.51210783 1.56590803 3.48061645 2.34312336 3.82466423 2.525174381971e+00 6.433200600061e-01 9.122015175467e+00 2.123884515301e+00 1.301921637716e+01
3 35 4 2.51210783 1.56590803 3.48061645 2.34312336 3.82466423 2.752772269137e+00 6.231315109455e-01 9.951781454612e+00 2.138287943566e+00 1.315231072267e+01
3 36 4 2.51210783 1.56590803 3.48061645 2.34312336 3.82466423 3.067118761996e+00 5.935016461708e-01 1.054581170600e+01 2.157663831622e+00 1.457617887109e+01
3 37 4 2.51210783 1.56590803 3.48061645 2.34312336 3.82466423 3.082136275468e+00 5.577791391923e-01 1.020175314366e+01 2.192845768274e+00 1.569281773263e+01
3 38 4 2.51210783 1.56590803 3.48061645 2.34312336 3.82466423 2.794955332239e+00 5.221241961444e-01 9.721487805423e+00 2.240787582579e+00 1.558420706479e+01
3 39 4 2.51210783 1.56590803 3.48061645 2.34312336 3.82466423 2.699188080535e+00 4.778113044813e-01 1.011647101087e+01 2.270090311659e+00 1.471514915454e+01
3 40 4 2.51210783 1.56590803 3.48061645 2.34312336 3.82466423 3.010113218742e+00 4.307518586087e-01 1.127392234687e+01 2.304264532254e+00 1.388669427181e+01
3 41 4 2.51210783 1.56590803 3.48061645 2.34312336 3.82466423 3.399071738625e+00 3.905101828690e-01 1.153079069712e+01 2.364160087071e+00 1.478223426328e+01
3 42 4 2.51210783 1.56590803 3.48061645 2.34312336 3.82466423 3.380663665697e+00 3.572937910760e-01 1.091524950643e+01 2.442327838907e+00 1.639045795068e+01
3 43 4 2.51210783 1.56590803 3.48061645 2.34312336 3.82466423 3.072749501409e+00 3.300422729521e-01 1.081196373445e+01 2.515143663187e+00 1.764537669831e+01
3 44 4 2.51210783 1.56590803 3.48061645 2.34312336 3.82466423 3.055771111447e+00 3.122192080270e-01 1.201351780864e+01 2.599864765376e+00 1.769706922933e+01
3 45 4 2.51210783 1.56590803 3.48061645 2.34312336 3.82466423 3.497997125032e+00 3.088174356637e-01 1.306476967532e+01 2.688866970146e+00 1.651168005887e+01
3 46 4 2.51210783 1.56590803 3.48061645 2.34312336 3.82466423 3.955150060075e+00 3.200859769287e-01 1.278020274509e+01 2.768312201003e+00 1.647897087243e+01
3 47 4 2.51210783 1.56590803 3.48061645 2.34312336 3.82466423 3.879037352256e+00 3.487847763421e-01 1.213570619942e+01 2.850543849705e+00 1.764354929016e+01
3 48 4 2.51210783 1.56590803 3.48061645 2.34312336 3.82466423 3.558652485932e+00 3.967895483524e-01 1.297204141757e+01 2.936029797064e+00 1.991998411999e+01
3 49 4 2.51210783 1.56590803 3.48061645 2.34312336 3.82466423 3.603905471374e+00 4.615260986786e-01 1.449364298115e+01 3.029149386199e+00 2.143000517369e+01
3 50 4 2.51210783 1.56590803 3.48061645 2.34312336 3.82466423 4.141192193001e+00 5.478300769860e-01 1.497829982867e+01 3.165448882054e+00 2.069539882945e+01
3 51 4 2.51210783 1.56590803 3.48061645 2.34312336 3.82466423 4.605876078683e+00 6.530786514257e-01 1.438879432708e+01 3.286850925998e+00 1.987083342095e+01
3 52 4 2.51210783 1.56590803 3.48061645 2.34312336 3.82466423 4.456236493647e+00 7.661719450626e-01 1.427226557326e+01 3.379729022697e+00 1.970303869482e+01
3 53 4 2.51210783 1.56590803 3.48061645 2.34312336 3.82466423 4.133093635819e+00 8.892673870010e-01 1.585256452139e+01 3.480145349416e+00 2.185760201049e+01
3 54 4 2.51210783 1.56590803 3.48061645 2.34312336 3.82466423 4.339635738371e+00 1.012859103663e+00 1.731167706627e+01 3.592739171981e+00 2.465280042667e+01
3 55 4 2.51210783 1.56590803 3.48061645 2.34312336 3.82466423 5.058327165146e+00 1.127018775996e+00 1.718209193058e+01 3.722782157746e+00 2.568985130831e+01
3 56 4 2.51210783 1.56590803 3.48061645 2.34312336 3.82466423 5.525106884428e+00 1.226921134415e+00 1.636484595089e+01 3.880736373201e+00 2.528821411569e+01
3 57 4 2.51210783 1.56590803 3.48061645 2.34312336 3.82466423 5.291878858380e+00 1.314495302840e+00 1.734211009410e+01 4.013548983056e+00 2.372591362134e+01
3 58 4 2.51210783 1.56590803 3.48061645 2.34312336 3.82466423 4.930678712391e+00 1.386451744864e+00 1.952718300968e+01 4.133446784468e+00 2.466494564024e+01
3 59 4 2.51210783 1.56590803 3.48061645 2.34312336 3.82466423 5.257225107163e+00 1.442085057239e+00 2.035641998315e+01 4.280885824047e+00 2.751760211467e+01
3 60 4 2.51210783 1.56590803 3.48061645 2.34312336 3.82466423 6.108798378187e+00 1.474572697158e+00 1.924220273753e+01 4.451989079663e+00 3.044893801794e+01
3 61 4 2.51210783 1.56590803 3.48061645 2.34312336 3.82466423 6.539068061340e+00 1.475867161104e+00 1.938072869545e+01 4.624420053223e+00 3.197885704723e+01
3 62 4 2.51210783 1.56590803 3.48061645 2.34312336 3.82466423 6.179354361610e+00 1.432817208475e+00 2.157774777183e+01 4.808856836532e+00 3.015604508590e+01
3 63 4 2.51210783 1.56590803 3.48061645 2.34312336 3.82466423 5.819374186977e+00 1.366156447979e+00 2.346569342145e+01 4.953367815678e+00 2.942021438912e+01
4 0 4 1.34202696 2.26635083 1.62530408 2.78626262 2.85548391 5.009396233722e-01 4.056883489136e+00 1.142733257019e+00 8.914836836871e+00 9.194463162160e+00
4 1 4 1.34202696 2.26635083 1.62530408 2.78626262 2.85548391 5.025583574156e-01 3.899396726952e+00 1.104711230444e+00 8.592873813628e+00 9.877257744335e+00
4 2 4 1.34202696 2.26635083 1.62530408 2.78626262 2.85548391 4.964576222222e-01 3.745803110081e+00 9.996666619386e-01 8.253149740619e+00 9.920537906780e+00
4 3 4 1.34202696 2.26635083 1.62530408 2.78626262 2.85548391 4.413658146329e-01 3.604125156760e+00 1.016299028240e+00 7.941456621832e+00 8.857728408456e+00
4 4 4 1.34202696 2.26635083 1.62530408 2.78626262 2.85548391 4.424886452654e-01 3.459151469248e+00 9.651447524543e-01 7.671785854254e+00 7.812770318262e+00
4 5 4 1.34202696 2.26635083 1.62530408 2.78626262 2.85548391 4.362183383380e-01 3.341213496319e+00 8.972110499221e-01 7.402157456352e+00 7.847512053346e+00
4 6 4 1.34202696 2.26635083 1.62530408 2.78626262 2.85548391 3.950884628361e-01 3.262890794156e+00 9.171637124051e-01 7.134577403706e+00 8.473615484801e+00
4 7 4 1.34202696 2.26635083 1.62530408 2.78626262 2.85548391 4.095020332228e-01 3.186159113450e+00 8.479210613279e-01 6.902175240288e+00 8.407372041835e+00
4 8 4 1.34202696 2.26635083 1.62530408 2.78626262 2.85548391 4.112977830364e-01 3.067714118358e+00 8.150831256677e-01 6.732088810315e+00 7.427687888656e+00
4 9 4 1.34202696 2.26635083 1.62530408 2.78626262 2.85548391 3.750972471871e-01 2.976888977849e+00 8.350828357976e-01 6.552353488354e+00 6.560676334004e+00
4 10 4 1.34202696 2.26635083 1.62530408 2.78626262 2.85548391 3.835303199458e-01 2.905465903002e+00 7.606708213858e-01 6.319211819760e+00 6.576572193851e+00
4 11 4 1.34202696 2.26635083 1.62530408 2.78626262 2.85548391 3.737570821034e-01 2.797225977377e+00 7.376757788406e-01 6.099354326761e+00 7.035715149332e+00
4 12 4 1.34202696 2.26635083 1.62530408 2.78626262 2.85548391 3.295536083391e-01 2.686298709773e+00 7.405509084386e-01 5.912395077482e+00 6.961516654816e+00
4 13 4 1.34202696 2.26635083 1.62530408 2.78626262 2.85548391 3.314573805030e-01 2.610081897403e+00 6.775908121981e-01 5.701997087581e+00 6.151335828443e+00
4 14 4 1.34202696 2.26635083 1.62530408 2.78626262 2.85548391 3.218350402949e-01 2.519146119285e+00 6.797955649103e-01 5.503707463376e+00 5.459453073527e+00
4 15 4 1.34202696 2.26635083 1.62530408 2.78626262 2.85548391 2.859806552090e-01 2.417381068501e+00 6.598942110885e-01 5.349287234676e+00 5.610278168538e+00
4 16 4 1.34202696 2.26635083 1.62530408 2.78626262 2.85548391 2.935776112834e-01 2.340221030222e+00 5.944989951783e-01 5.199152218538e+00 6.103216917323e+00
4 17 4 1.34202696 2.26635083 1.62530408 2.78626262 2.85548391 2.903146433624e-01 2.273911911216e+00 6.091635354881e-01 5.057713022691e+00 6.013862076401e+00
4 18 4 1.34202696 2.26635083 1.62530408 2.78626262 2.85548391 2.640181378821e-01 2.200368174625e+00 5.890606381174e-01 4.936970349011e+00 5.316108424927e+00
4 19 4 1.34202696 2.26635083 1.62530408 2.78626262 2.85548391 2.735369801859e-01 2.126953235757e+00 5.538054398843e-01 4.817477210913e+00 4.789677118548e+00
4 20 4 1.34202696 2.26635083 1.62530408 2.78626262 2.85548391 2.714973833953e-01 2.069832955089e+00 5.752194615283e-01 4.680694545805e+00 4.938449219390e+00
4 21 4 1.34202696 2.26635083 1.62530408 2.78626262 2.85548391 2.539831947716e-01 2.021403447743e+00 5.463326746084e-01 4.544238928280e+00 5.346820168983e+00
4 22 4 1.34202696 2.26635083 1.62530408 2.78626262 2.85548391 2.676785345705e-01 1.981512202415e+00 5.261394401495e-01 4.444207684219e+00 5.304498573437e+00
4 23 4 1.34202696 2.26635083 1.62530408 2.78626262 2.85548391 2.625303420542e-01 1.949144312107e+00 5.447485887631e-01 4.365154272247e+00 4.725309929247e+00
4 24 4 1.34202696 2.26635083 1.62530408 2.78626262 2.85548391 2.425209438510e-01 1.917666459242e+00 5.043423302673e-01 4.294147758314e+00 4.296739699160e+00
4 25 4 1.34202696 2.26635083 1.62530408 2.78626262 2.85548391 2.546755647331e-01 1.889488282181e+00 4.989992380272e-01 4.234887394004e+00 4.541144077448e+00
4 26 4 1.34202696 2.26635083 1.62530408 2.78626262 2.85548391 2.466433034780e-01 1.872523712701e+00 5.184820694234e-01 4.196722865316e+00 4.991269774475e+00
4 27 4 1.34202696 2.26635083 1.62530408 2.78626262 2.85548391 2.215999432405e-01 1.829470998949e+00 4.846937185037e-01 4.135446182375e+00 4.925232281545e+00
4 28 4 1.34202696 2.26635083 1.62530408 2.78626262 2.85548391 2.326892920668e-01 1.787740576292e+00 4.939625033465e-01 4.084392321546e+00 4.388678886954e+00
4 29 4 1.34202696 2.26635083 1.62530408 2.78626262 2.85548391 2.326653248846e-01 1.776775587925e+00 4.958043304740e-01 4.048657593030e+00 4.067051353596e+00
4 30 4 1.34202696 2.26635083 1.62530408 2.78626262 2.85548391 2.152094657350e-01 1.759454231960e+00 4.630009822714e-01 3.992428581614e+00 4.304374785015e+00
4 31 4 1.34202696 2.26635083 1.62530408 2.78626262 2.85548391 2.281908724729e-01 1.744510653770e+00 4.874066818031e-01 3.959648407874e+00 4.725036002087e+00
4 32 4 1.34202696 2.26635083 1.62530408 2.78626262 2.85548391 2.331272903955e-01 1.791392567332e+00 4.927721598800e-01 4.042957454915e+00 4.797436550545e+00
4 33 4 1.34202696 2.26635083 1.62530408 2.78626262 2.85548391 2.255989874631e-01 1.840939662380e+00 4.792356531548e-01 4.139941461464e+00 4.418270581039e+00
4 34 4 1.34202696 2.26635083 1.62530408 2.78626262 2.85548391 2.436400900926e-01 1.861807150615e+00 5.189405417283e-01 4.179324254220e+00 4.171207624439e+00
4 35 4 1.34202696 2.26635083 1.62530408 2.78626262 2.85548391 2.462676962339e-01 1.898034602414e+00 5.110417350103e-01 4.214807669153e+00 4.540876191469e+00
4 36 4 1.34202696 2.26635083 1.62530408 2.78626262 2.85548391 2.399909427895e-01 1.939360834088e+00 4.998402347468e-01 4.271868771357e+00 5.084219445169e+00
4 37 4 1.34202696 2.26635083 1.62530408 2.78626262 2.85548391 2.626928463886e-01 1.949393622674e+00 5.359557889182e-01 4.313311997425e+00 5.083911726278e+00
4 38 4 1.34202696 2.26635083 1.62530408 2.78626262 2.85548391 2.599515801089e-01 1.969279128556e+00 5.216259736077e-01 4.370001081180e+00 4.608251275512e+00
4 39 4 1.34202696 2.26635083 1.62530408 2.78626262 2.85548391 2.440932340120e-01 2.008007830965e+00 5.364344788132e-01 4.460701314212e+00 4.439019815333e+00
4 40 4 1.34202696 2.26635083 1.62530408 2.78626262 2.85548391 2.662629236459e-01 2.047961691353e+00 5.750276508778e-01 4.552262935135e+00 4.917094436449e+00
4 41 4 1.34202696 2.26635083 1.62530408 2.78626262 2.85548391 2.662238556999e-01 2.095627838519e+00 5.525613172103e-01 4.664608023924e+00 5.519149201207e+00
4 42 4 1.34202696 2.26635083 1.62530408 2.78626262 2.85548391 2.521752321875e-01 2.156869618730e+00 5.771358770585e-01 4.799998035429e+00 5.590997307730e+00
4 43 4 1.34202696 2.26635083 1.62530408 2.78626262 2.85548391 2.791260230765e-01 2.220935015536e+00 6.116132391238e-01 4.931822376150e+00 5.163034105458e+00
4 44 4 1.34202696 2.26635083 1.62530408 2.78626262 2.85548391 2.862130620696e-01 2.294924136276e+00 5.922222285115e-01 5.042706153466e+00 5.017589579352e+00
4 45 4 1.34202696 2.26635083 1.62530408 2.78626262 2.85548391 2.809283688815e-01 2.368763684870e+00 6.397952050186e-01 5.160315334655e+00 5.611464398282e+00
4 46 4 1.34202696 2.26635083 1.62530408 2.78626262 2.85548391 3.132117874728e-01 2.431806978948e+00 6.690141274002e-01 5.308307975794e+00 6.356126993253e+00
4 47 4 1.34202696 2.26635083 1.62530408 2.78626262 2.85548391 3.199546235201e-01 2.504317894823e+00 6.657210744526e-01 5.477026729367e+00 6.394063324756e+00
4 48 4 1.34202696 2.26635083 1.62530408 2.78626262 2.85548391 3.193295633288e-01 2.597273072413e+00 7.358375085818e-01 5.646456011760e+00 5.879237215612e+00
4 49 4 1.34202696 2.26635083 1.62530408 2.78626262 2.85548391 3.596136754717e-01 2.680649619765e+00 7.406381120496e-01 5.851657150478e+00 5.833035760628e+00
4 50 4 1.34202696 2.26635083 1.62530408 2.78626262 2.85548391 3.653203667399e-01 2.745607198445e+00 7.337874783783e-01 6.067209802500e+00 6.630077411260e+00
4 51 4 1.34202696 2.26635083 1.62530408 2.78626262 2.85548391 3.605200616284e-01 2.834982526660e+00 8.057063264232e-01 6.254599721615e+00 7.516688894284e+00
4 52 4 1.34202696 2.26635083 1.62530408 2.78626262 2.85548391 3.982731598631e-01 2.936175456067e+00 8.064494053431e-01 6.455622506853e+00 7.614990803338e+00
4 53 4 1.34202696 2.26635083 1.62530408 2.78626262 2.85548391 3.942676135503e-01 3.002328300869e+00 8.268533485477e-01 6.684793830552e+00 7.080604161849e+00
4 54 4 1.34202696 2.26635083 1.62530408 2.78626262 2.85548391 3.798240723522e-01 3.081713766564e+00 8.966843932897e-01 6.880836200158e+00 7.012822944968e+00
4 55 4 1.34202696 2.26635083 1.62530408 2.78626262 2.85548391 4.185819556578e-01 3.207220622726e+00 8.725057445976e-01 7.078542465180e+00 7.951146929223e+00
4 56 4 1.34202696 2.26635083 1.62530408 2.78626262 2.85548391 4.201298730035e-01 3.305497534667e+00 9.239304849646e-01 7.363922502653e+00 8.979656192997e+00
4 57 4 1.34202696 2.26635083 1.62530408 2.78626262 2.85548391 4.190344542201e-01 3.400227730638e+00 1.000051837704e+00 7.689806842902e+00 8.957891804761e+00
4 58 4 1.34202696 2.26635083 1.62530408 2.78626262 2.85548391 4.779463161765e-01 3.554835685206e+00 9.747067596242e-01 7.996327263094e+00 8.249585455915e+00
4 59 4 1.34202696 2.26635083 1.62530408 2.78626262 2.85548391 4.884460421028e-01 3.726353462713e+00 1.051952935948e+00 8.304947898773e+00 8.253931153248e+00
4 60 4 1.34202696 2.26635083 1.62530408 2.78626262 2.85548391 4.892093138709e-01 3.881357832107e+00 1.108772934716e+00 8.632268712087e+00 9.436064263057e+00
4 61 4 1.34202696 2.26635083 1.62530408 2.78626262 2.85548391 5.486495682892e-01 4.032252284784e+00 1.094941244225e+00 8.998398055164e+00 1.063730409251e+01
4 62 4 1.34202696 2.26635083 1.62530408 2.78626262 2.85548391 5.509041716180e-01 4.179974703881e+00 1.200054122761e+00 9.329348219262e+00 1.064862362553e+01
4 63 4 1.34202696 2.26635083 1.62530408 2.78626262 2.85548391 5.511350056529e-01 4.329298385775e+00 1.223784424685e+00 9.666377830550e+00 9.913864031747e+00
5 0 4 2.06574438 1.65649623 2.50887665 2.38199942 5.20795753 2.873094805787e+00 1.746064295628e+00 5.492842548530e+00 4.923648653424e+00 9.490781326435e+01
5 1 4 2.06574438 1.65649623 2.50887665 2.38199942 5.20795753 2.708986930539e+00 1.751864948991e+00 6.059865573060e+00 4.757143418150e+00 8.720419456342e+01
5 2 4 2.06574438 1.65649623 2.50887665 2.38199942 5.20795753 2.671400048901e+00 1.727331221731e+00 6.396154284878e+00 4.615251810050e+00 8.193355298253e+01
5 3 4 2.06574438 1.65649623 2.50887665 2.38199942 5.20795753 2.456121183370e+00 1.666099768028e+00 5.958127744352e+00 4.455027523302e+00 8.270452901178e+01
5 4 4 2.06574438 1.65649623 2.50887665 2.38199942 5.20795753 2.390720281309e+00 1.592298118017e+00 5.001724490099e+00 4.288391096136e+00 8.292377540250e+01
5 5 4 2.06574438 1.65649623 2.50887665 2.38199942 5.20795753 2.408351300587e+00 1.503585138250e+00 4.401553423690e+00 4.126366880846e+00 7.840530265029e+01
5 6 4 2.06574438 1.65649623 2.50887665 2.38199942 5.20795753 2.271978820656e+00 1.391729495944e+00 4.517028127620e+00 3.966130044069e+00 7.252167572694e+01
5 7 4 2.06574438 1.65649623 2.50887665 2.38199942 5.20795753 2.267302785716e+00 1.268889975567e+00 5.025941303666e+00 3.814189719442e+00 7.032162120329e+01
5 8 4 2.06574438 1.65649623 2.50887665 2.38199942 5.20795753 2.145197609719e+00 1.140854940095e+00 5.159837158169e+00 3.702982796036e+00 7.159962618145e+01
5 9 4 2.06574438 1.65649623 2.50887665 2.38199942 5.20795753 1.981476145005e+00 1.007888115084e+00 4.703958111855e+00 3.599530612231e+00 7.020567144424e+01
5 10 4 2.06574438 1.65649623 2.50887665 2.38199942 5.20795753 1.977361660036e+00 8.783187623735e-01 3.966909181561e+00 3.492041750832e+00 6.488257459469e+01
5 11 4 2.06574438 1.65649623 2.50887665 2.38199942 5.20795753 1.859550635115e+00 7.603008823325e-01 3.564628004977e+00 3.379124816599e+00 6.096623831731e+01
5 12 4 2.06574438 1.65649623 2.50887665 2.38199942 5.20795753 1.832084322570e+00 6.515110930078e-01 3.701763364838e+00 3.248720632674e+00 6.098506701686e+01
5 13 4 2.06574438 1.65649623 2.50887665 2.38199942 5.20795753 1.830133453555e+00 5.603279096772e-01 4.084834045731e+00 3.125347017548e+00 6.166888106701e+01
5 14 4 2.06574438 1.65649623 2.50887665 2.38199942 5.20795753 1.699850605097e+00 4.912992855393e-01 4.209423002788e+00 3.022979621040e+00 5.894742964889e+01
5 15 4 2.06574438 1.65649623 2.50887665 2.38199942 5.20795753 1.687654207979e+00 4.397443879364e-01 3.786144546848e+00 2.924662344756e+00 5.440766527203e+01
5 16 4 2.06574438 1.65649623 2.50887665 2.38199942 5.20795753 1.624779211193e+00 4.041100603655e-01 3.177704580536e+00 2.822046839065e+00 5.275607902228e+01
5 17 4 2.06574438 1.65649623 2.50887665 2.38199942 5.20795753 1.557457923347e+00 3.873513454312e-01 2.901930674831e+00 2.734411633818e+00 5.392579646144e+01
5 18 4 2.06574438 1.65649623 2.50887665 2.38199942 5.20795753 1.589359485023e+00 3.844463442022e-01 3.124510331026e+00 2.658001965766e+00 5.342969498501e+01
5 19 4 2.06574438 1.65649623 2.50887665 2.38199942 5.20795753 1.493332059807e+00 3.956325092434e-01 3.456768333276e+00 2.585827087629e+00 5.017142205385e+01
5 20 4 2.06574438 1.65649623 2.50887665 2.38199942 5.20795753 1.435191070824e+00 4.215669200473e-01 3.497430398215e+00 2.522704418751e+00 4.734850167442e+01
5 21 4 2.06574438 1.65649623 2.50887665 2.38199942 5.20795753 1.406561905358e+00 4.540304697774e-01 3.119632702047e+00 2.460305485921e+00 4.756172697820e+01
5 22 4 2.06574438 1.65649623 2.50887665 2.38199942 5.20795753 1.326440269800e+00 4.922061714629e-01 2.676535681529e+00 2.401130506001e+00 4.893899930307e+01
5 23 4 2.06574438 1.65649623 2.50887665 2.38199942 5.20795753 1.371910747899e+00 5.351127560235e-01 2.531700344236e+00 2.363595953253e+00 4.764160024683e+01
5 24 4 2.06574438 1.65649623 2.50887665 2.38199942 5.20795753 1.377981774065e+00 5.733513805242e-01 2.760718394508e+00 2.317496489292e+00 4.473003920201e+01
5 25 4 2.06574438 1.65649623 2.50887665 2.38199942 5.20795753 1.331511804231e+00 6.130859502143e-01 3.075191336717e+00 2.275706157388e+00 4.376916806068e+01
5 26 4 2.06574438 1.65649623 2.50887665 2.38199942 5.20795753 1.348529217679e+00 6.564049737488e-01 3.102709415034e+00 2.251020162928e+00 4.503816931487e+01
5 27 4 2.06574438 1.65649623 2.50887665 2.38199942 5.20795753 1.277361409284e+00 7.013325252530e-01 2.793151797038e+00 2.244357498165e+00 4.579927496674e+01
5 28 4 2.06574438 1.65649623 2.50887665 2.38199942 5.20795753 1.253192603190e+00 7.371926530547e-01 2.419184279429e+00 2.229665196597e+00 4.385712398422e+01
5 29 4 2.06574438 1.65649623 2.50887665 2.38199942 5.20795753 1.283060610507e+00 7.611631309747e-01 2.383003009930e+00 2.196125186881e+00 4.180404477782e+01
5 30 4 2.06574438 1.65649623 2.50887665 2.38199942 5.20795753 1.241223657859e+00 7.757993221633e-01 2.681647098873e+00 2.159399812942e+00 4.260452527046e+01
5 31 4 2.06574438 1.65649623 2.50887665 2.38199942 5.20795753 1.270898971531e+00 7.857789170881e-01 3.002794707697e+00 2.145309201719e+00 4.442026240793e+01
5 32 4 2.06574438 1.65649623 2.50887665 2.38199942 5.20795753 1.280101298307e+00 8.054206810745e-01 3.011055739449e+00 2.190867139187e+00 4.471697630798e+01
5 33 4 2.06574438 1.65649623 2.50887665 2.38199942 5.20795753 1.247107574632e+00 8.159323210539e-01 2.712813402164e+00 2.246612125862e+00 4.304751465667e+01
5 34 4 2.06574438 1.65649623 2.50887665 2.38199942 5.20795753 1.312522555817e+00 8.068837130695e-01 2.427629232833e+00 2.276460571672e+00 4.245429252876e+01
5 35 4 2.06574438 1.65649623 2.50887665 2.38199942 5.20795753 1.309171865294e+00 7.818639322698e-01 2.497608927333e+00 2.285303525943e+00 4.484729359530e+01
5 36 4 2.06574438 1.65649623 2.50887665 2.38199942 5.20795753 1.333643667608e+00 7.465760002683e-01 2.870487677014e+00 2.295232828459e+00 4.686515253880e+01
5 37 4 2.06574438 1.65649623 2.50887665 2.38199942 5.20795753 1.390387981466e+00 7.081844637710e-01 3.203013474043e+00 2.327936683798e+00 4.617494236234e+01
5 38 4 2.06574438 1.65649623 2.50887665 2.38199942 5.20795753 1.335327768942e+00 6.692357622347e-01 3.212458419579e+00 2.382053953576e+00 4.483430975595e+01
5 39 4 2.06574438 1.65649623 2.50887665 2.38199942 5.20795753 1.364181386633e+00 6.229091015437e-01 2.909223739473e+00 2.435354103382e+00 4.597384677319e+01
5 40 4 2.06574438 1.65649623 2.50887665 2.38199942 5.20795753 1.391556464236e+00 5.684905446998e-01 2.682222545861e+00 2.483032774800e+00 4.917875663727e+01
5 41 4 2.06574438 1.65649623 2.50887665 2.38199942 5.20795753 1.397009098808e+00 5.125483112998e-01 2.829782814042e+00 2.543537991485e+00 5.062143848287e+01
5 42 4 2.06574438 1.65649623 2.50887665 2.38199942 5.20795753 1.537920499507e+00 4.651034657749e-01 3.331980849606e+00 2.618543570557e+00 4.943539008160e+01
5 43 4 2.06574438 1.65649623 2.50887665 2.38199942 5.20795753 1.553723103568e+00 4.228667715887e-01 3.724704480529e+00 2.683977624277e+00 4.941663742492e+01
5 44 4 2.06574438 1.65649623 2.50887665 2.38199942 5.20795753 1.578380384022e+00 3.950667750344e-01 3.688668869034e+00 2.761809542904e+00 5.271461154652e+01
5 45 4 2.06574438 1.65649623 2.50887665 2.38199942 5.20795753 1.656409623059e+00 3.837567182230e-01 3.323682835312e+00 2.846868237737e+00 5.634044542247e+01
5 46 4 2.06574438 1.65649623 2.50887665 2.38199942 5.20795753 1.618831683293e+00 3.864558765144e-01 3.125831467356e+00 2.937088413508e+00 5.679170485642e+01
5 47 4 2.06574438 1.65649623 2.50887665 2.38199942 5.20795753 1.726735174634e+00 4.104089674981e-01 3.447914264830e+00 3.041277850032e+00 5.571774360032e+01
5 48 4 2.06574438 1.65649623 2.50887665 2.38199942 5.20795753 1.805685662689e+00 4.545627727631e-01 4.074356616993e+00 3.137521048473e+00 5.760322016667e+01
5 49 4 2.06574438 1.65649623 2.50887665 2.38199942 5.20795753 1.796053163063e+00 5.193443614190e-01 4.483997286185e+00 3.236193950973e+00 6.252669580904e+01
5 50 4 2.06574438 1.65649623 2.50887665 2.38199942 5.20795753 1.925202383789e+00 6.077984821123e-01 4.374284304943e+00 3.346466521784e+00 6.536230690686e+01
5 51 4 2.06574438 1.65649623 2.50887665 2.38199942 5.20795753 1.924963714202e+00 7.171119839723e-01 3.982570191304e+00 3.467110458516e+00 6.466011547304e+01
5 52 4 2.06574438 1.65649623 2.50887665 2.38199942 5.20795753 1.995752384686e+00 8.363987650749e-01 3.791352335911e+00 3.562708997446e+00 6.479357952943e+01
5 53 4 2.06574438 1.65649623 2.50887665 2.38199942 5.20795753 2.170183477955e+00 9.679232885091e-01 4.251905353535e+00 3.661459678351e+00 6.904804648534e+01
5 54 4 2.06574438 1.65649623 2.50887665 2.38199942 5.20795753 2.182396202097e+00 1.106992665489e+00 5.050557158000e+00 3.771977135350e+00 7.464977461805e+01
5 55 4 2.06574438 1.65649623 2.50887665 2.38199942 5.20795753 2.329140659025e+00 1.244415284682e+00 5.548767623524e+00 3.902136235493e+00 7.595248757612e+01
5 56 4 2.06574438 1.65649623 2.50887665 2.38199942 5.20795753 2.394172058500e+00 1.378965776187e+00 5.303722655997e+00 4.065310541228e+00 7.464321062838e+01
5 57 4 2.06574438 1.65649623 2.50887665 2.38199942 5.20795753 2.350284585809e+00 1.509439259482e+00 4.739388711811e+00 4.238004098608e+00 7.696788861292e+01
5 58 4 2.06574438 1.65649623 2.50887665 2.38199942 5.20795753 2.522362064879e+00 1.621169594350e+00 4.647170295175e+00 4.389798704238e+00 8.347646031111e+01
5 59 4 2.06574438 1.65649623 2.50887665 2.38199942 5.20795753 2.568295410760e+00 1.718272166133e+00 5.345249834524e+00 4.541891547809e+00 8.845439115007e+01
5 60 4 2.06574438 1.65649623 2.50887665 2.38199942 5.20795753 2.699120305306e+00 1.801602107354e+00 6.327999683140e+00 4.693586411933e+00 8.806108500842e+01
5 61 4 2.06574438 1.65649623 2.50887665 2.38199942 5.20795753 2.928822398670e+00 1.850747826897e+00 6.743410970579e+00 4.833623007479e+00 8.764728375712e+01
5 62 4 2.06574438 1.65649623 2.50887665 2.38199942 5.20795753 2.882599532188e+00 1.860264030300e+00 6.389566777993e+00 5.000988064291e+00 9.366404029658e+01
5 63 4 2.06574438 1.65649623 2.50887665 2.38199942 5.20795753 3.015248920673e+00 1.845336676006e+00 5.755195911911e+00 5.184103839704e+00 1.016318086100e+02
13 0 4 1.91145081 1.24816040 1.71378280 1.53721238 16.65422353 2.410049689355e+00 3.856240886244e-01 1.355963619229e+00 8.941053355211e-01 3.181093108424e+03
13 1 4 1.91145081 1.24816040 1.71378280 1.53721238 16.65422353 2.200616648500e+00 3.738090708278e-01 1.304143792770e+00 8.691953070030e-01 3.111130496577e+03
13 2 4 1.91145081 1.24816040 1.71378280 1.53721238 16.65422353 1.998218815153e+00 3.625099225072e-01 1.262723303084e+00 8.381050802494e-01 3.008122665751e+03
13 3 4 1.91145081 1.24816040 1.71378280 1.53721238 16.65422353 1.817125007481e+00 3.498626994801e-01 1.218100098510e+00 8.005528068698e-01 2.914225734022e+03
13 4 4 1.91145081 1.24816040 1.71378280 1.53721238 16.65422353 1.650629719295e+00 3.354703634144e-01 1.186677288326e+00 7.619206022747e-01 2.851257687228e+03
13 5 4 1.91145081 1.24816040 1.71378280 1.53721238 16.65422353 1.504960954365e+00 3.224235887792e-01 1.137882222812e+00 7.279843816572e-01 2.759939929446e+03
13 6 4 1.91145081 1.24816040 1.71378280 1.53721238 16.65422353 1.376114345632e+00 3.117193806350e-01 1.109445289516e+00 7.029988767573e-01 2.675559205443e+03
13 7 4 1.91145081 1.24816040 1.71378280 1.53721238 16.65422353 1.272668450315e+00 3.036234668385e-01 1.050844090912e+00 6.834200748802e-01 2.620447469769e+03
13 8 4 1.91145081 1.24816040 1.71378280 1.53721238 16.65422353 1.169713114740e+00 2.959889796614e-01 1.034933620056e+00 6.668492591743e-01 2.539921468735e+03
13 9 4 1.91145081 1.24816040 1.71378280 1.53721238 16.65422353 1.075972893997e+00 2.872000367031e-01 9.784931338986e-01 6.498140897040e-01 2.461946517487e+03
13 10 4 1.91145081 1.24816040 1.71378280 1.53721238 16.65422353 1.000094453251e+00 2.772567911557e-01 9.631203221141e-01 6.317425844177e-01 2.413522308498e+03
13 11 4 1.91145081 1.24816040 1.71378280 1.53721238 16.65422353 9.428987970845e-01 2.674921411941e-01 9.120899610369e-01 6.142938613830e-01 2.341487365042e+03
13 12 4 1.91145081 1.24816040 1.71378280 1.53721238 16.65422353 9.048754959948e-01 2.582175768038e-01 8.999806903829e-01 5.948837926559e-01 2.270416219459e+03
13 13 4 1.91145081 1.24816040 1.71378280 1.53721238 16.65422353 8.781534590273e-01 2.499361472929e-01 8.585547826583e-01 5.753538882240e-01 2.226712231198e+03
13 14 4 1.91145081 1.24816040 1.71378280 1.53721238 16.65422353 8.795447828106e-01 2.414946013123e-01 8.519172790688e-01 5.532470228674e-01 2.164564910722e+03
13 15 4 1.91145081 1.24816040 1.71378280 1.53721238 16.65422353 8.782681166054e-01 2.331354260053e-01 8.203601286242e-01 5.312628882514e-01 2.101607118563e+03
13 16 4 1.91145081 1.24816040 1.71378280 1.53721238 16.65422353 8.921801143822e-01 2.254617643635e-01 8.001985054215e-01 5.113752745765e-01 2.065300413686e+03
13 17 4 1.91145081 1.24816040 1.71378280 1.53721238 16.65422353 9.116916665913e-01 2.183113490914e-01 7.688529653629e-01 4.936671999669e-01 2.013089886445e+03
13 18 4 1.91145081 1.24816040 1.71378280 1.53721238 16.65422353 9.446392417393e-01 2.132080206160e-01 7.442353346023e-01 4.807977422221e-01 1.960785240362e+03
13 19 4 1.91145081 1.24816040 1.71378280 1.53721238 16.65422353 9.799511703052e-01 2.087607394333e-01 7.197608605391e-01 4.685767612542e-01 1.932827566602e+03
13 20 4 1.91145081 1.24816040 1.71378280 1.53721238 16.65422353 1.009034997968e+00 2.058395507253e-01 7.037284551419e-01 4.580397586613e-01 1.891610378724e+03
13 21 4 1.91145081 1.24816040 1.71378280 1.53721238 16.65422353 1.049124331776e+00 2.027717210948e-01 6.935031389571e-01 4.461400321010e-01 1.848394633441e+03
13 22 4 1.91145081 1.24816040 1.71378280 1.53721238 16.65422353 1.075050758558e+00 1.984406057927e-01 6.696401611301e-01 4.333775476734e-01 1.829896066949e+03
13 23 4 1.91145081 1.24816040 1.71378280 1.53721238 16.65422353 1.108489347910e+00 1.930826566214e-01 6.608800950913e-01 4.226497063875e-01 1.798387529757e+03
13 24 4 1.91145081 1.24816040 1.71378280 1.53721238 16.65422353 1.134372022077e+00 1.858162526061e-01 6.302865080263e-01 4.136124819205e-01 1.764611691959e+03
13 25 4 1.91145081 1.24816040 1.71378280 1.53721238 16.65422353 1.179207039349e+00 1.797147968247e-01 6.240598026397e-01 4.099618443675e-01 1.753947801047e+03
13 26 4 1.91145081 1.24816040 1.71378280 1.53721238 16.65422353 1.213350258520e+00 1.740103319587e-01 6.015273304584e-01 4.067539778490e-01 1.733938673756e+03
13 27 4 1.91145081 1.24816040 1.71378280 1.53721238 16.65422353 1.244878054635e+00 1.694840397827e-01 6.083326588645e-01 4.025624104400e-01 1.709343409444e+03
13 28 4 1.91145081 1.24816040 1.71378280 1.53721238 16.65422353 1.276180080463e+00 1.651435065697e-01 5.912500870244e-01 3.947061059713e-01 1.708498240162e+03
13 29 4 1.91145081 1.24816040 1.71378280 1.53721238 16.65422353 1.290608915876e+00 1.605972575355e-01 6.010603549562e-01 3.840582582135e-01 1.699698093418e+03
13 30 4 1.91145081 1.24816040 1.71378280 1.53721238 16.65422353 1.311042119413e+00 1.588746832276e-01 5.906420446309e-01 3.779323859889e-01 1.687224651149e+03
13 31 4 1.91145081 1.24816040 1.71378280 1.53721238 16.65422353 1.305392795083e+00 1.600408856998e-01 5.988630793443e-01 3.779852867431e-01 1.695967090267e+03
13 32 4 1.91145081 1.24816040 1.71378280 1.53721238 16.65422353 1.318889534912e+00 1.660524077581e-01 5.973099147622e-01 3.877598574051e-01 1.700358588860e+03
13 33 4 1.91145081 1.24816040 1.71378280 1.53721238 16.65422353 1.314301426715e+00 1.735631033101e-01 6.108826182554e-01 4.006156848480e-01 1.697792878337e+03
13 34 4 1.91145081 1.24816040 1.71378280 1.53721238 16.65422353 1.301627450355e+00 1.806130632626e-01 6.119806374185e-01 4.115450781292e-01 1.718309091527e+03
13 35 4 1.91145081 1.24816040 1.71378280 1.53721238 16.65422353 1.288425231726e+00 1.862077979207e-01 6.259919902640e-01 4.178273409532e-01 1.733273744713e+03
13 36 4 1.91145081 1.24816040 1.71378280 1.53721238 16.65422353 1.263189498438e+00 1.897637290693e-01 6.368400417926e-01 4.187684320897e-01 1.739909838482e+03
13 37 4 1.91145081 1.24816040 1.71378280 1.53721238 16.65422353 1.248007397405e+00 1.942451710133e-01 6.497406415597e-01 4.217544364291e-01 1.770234567777e+03
13 38 4 1.91145081 1.24816040 1.71378280 1.53721238 16.65422353 1.216332387123e+00 1.979974899166e-01 6.730599138372e-01 4.271770943535e-01 1.795354843995e+03
13 39 4 1.91145081 1.24816040 1.71378280 1.53721238 16.65422353 1.199433179619e+00 2.017849014755e-01 6.846596476062e-01 4.380582715900e-01 1.809758859235e+03
13 40 4 1.91145081 1.24816040 1.71378280 1.53721238 16.65422353 1.174376930718e+00 2.039960206204e-01 7.069971723163e-01 4.508676570414e-01 1.848973239929e+03
13 41 4 1.91145081 1.24816040 1.71378280 1.53721238 16.65422353 1.142488263461e+00 2.049352863955e-01 7.075177921639e-01 4.626647572269e-01 1.884381625735e+03
13 42 4 1.91145081 1.24816040 1.71378280 1.53721238 16.65422353 1.101412099781e+00 2.068851372275e-01 7.338430235740e-01 4.744136906847e-01 1.907329987008e+03
13 43 4 1.91145081 1.24816040 1.71378280 1.53721238 16.65422353 1.058975021166e+00 2.096009160949e-01 7.344000591018e-01 4.841887157381e-01 1.955680046288e+03
13 44 4 1.91145081 1.24816040 1.71378280 1.53721238 16.65422353 1.022981750187e+00 2.152209749805e-01 7.725949303099e-01 4.971762654603e-01 2.001890400527e+03
13 45 4 1.91145081 1.24816040 1.71378280 1.53721238 16.65422353 9.802342988646e-01 2.219379057331e-01 7.852521435813e-01 5.119967621134e-01 2.034120189562e+03
13 46 4 1.91145081 1.24816040 1.71378280 1.53721238 16.65422353 9.573228710182e-01 2.299976474696e-01 8.211654728074e-01 5.301841429559e-01 2.092225950684e+03
13 47 4 1.91145081 1.24816040 1.71378280 1.53721238 16.65422353 9.361883291296e-01 2.385440260483e-01 8.288543264924e-01 5.503484647124e-01 2.148759057781e+03
13 48 4 1.91145081 1.24816040 1.71378280 1.53721238 16.65422353 9.286432123347e-01 2.465012137492e-01 8.615430881086e-01 5.688130220660e-01 2.188831075275e+03
13 49 4 1.91145081 1.24816040 1.71378280 1.53721238 16.65422353 9.213932177184e-01 2.546777521143e-01 8.689062204484e-01 5.867995702237e-01 2.256208619364e+03
13 50 4 1.91145081 1.24816040 1.71378280 1.53721238 16.65422353 9.342283702237e-01 2.623261106316e-01 9.092529987584e-01 6.013437003306e-01 2.322082470622e+03
13 51 4 1.91145081 1.24816040 1.71378280 1.53721238 16.65422353 9.665259485363e-01 2.710441731716e-01 9.363265179128e-01 6.167219623277e-01 2.368010196687e+03
13 52 4 1.91145081 1.24816040 1.71378280 1.53721238 16.65422353 1.006018909644e+00 2.802927118725e-01 9.772004532672e-01 6.330817487134e-01 2.443463832998e+03
13 53 4 1.91145081 1.24816040 1.71378280 1.53721238 16.65422353 1.066746836451e+00 2.895716220785e-01 1.012918848160e+00 6.513590038816e-01 2.519365405699e+03
13 54 4 1.91145081 1.24816040 1.71378280 1.53721238 16.65422353 1.137855925236e+00 2.984449346114e-01 1.048178713524e+00 6.725797733259e-01 2.571543329002e+03
13 55 4 1.91145081 1.24816040 1.71378280 1.53721238 16.65422353 1.225740127345e+00 3.073654982176e-01 1.091556517591e+00 6.953204202704e-01 2.655262512555e+03
13 56 4 1.91145081 1.24816040 1.71378280 1.53721238 16.65422353 1.318082719631e+00 3.181782134560e-01 1.120294205447e+00 7.239033979601e-01 2.743052620085e+03
13 57 4 1.91145081 1.24816040 1.71378280 1.53721238 16.65422353 1.445969507627e+00 3.320771923859e-01 1.179713812319e+00 7.578910883238e-01 2.803679900695e+03
13 58 4 1.91145081 1.24816040 1.71378280 1.53721238 16.65422353 1.600086472380e+00 3.477619242672e-01 1.198836120515e+00 7.970423784604e-01 2.896595635485e+03
13 59 4 1.91145081 1.24816040 1.71378280 1.53721238 16.65422353 1.777591203122e+00 3.631415708845e-01 1.261401881482e+00 8.356679702690e-01 2.996633525709e+03
13 60 4 1.91145081 1.24816040 1.71378280 1.53721238 16.65422353 1.970240619542e+00 3.767850846308e-01 1.284655708747e+00 8.675724634170e-01 3.064506579193e+03
13 61 4 1.91145081 1.24816040 1.71378280 1.53721238 16.65422353 2.179811266747e+00 3.891053616557e-01 1.358410019508e+00 8.925279637886e-01 3.166564870511e+03
13 62 4 1.91145081 1.24816040 1.71378280 1.53721238 16.65422353 2.398892035098e+00 4.038507648241e-01 1.389639157719e+00 9.146258294470e-01 3.275369295484e+03
13 63 4 1.91145081 1.24816040 1.71378280 1.53721238 16.65422353 2.605963439327e+00 4.206183242796e-01 1.474741406816e+00 9.418895864377e-01 3.346471712696e+03
15 0 4 1.35107074 1.42902205 1.37168930 1.62486794 3.95989711 5.335370532568e-01 6.721682395344e-01 6.039934299412e-01 1.101828283243e+00 3.283015867566e+01
15 1 4 1.35107074 1.42902205 1.37168930 1.62486794 3.95989711 5.514948827723e-01 6.465426224661e-01 5.564810017559e-01 1.066330362493e+00 3.362891426195e+01
15 2 4 1.35107074 1.42902205 1.37168930 1.62486794 3.95989711 5.063952710959e-01 6.281234397970e-01 5.310223892627e-01 1.025339761208e+00 3.143678032542e+01
15 3 4 1.35107074 1.42902205 1.37168930 1.62486794 3.95989711 4.945253390101e-01 6.031433741814e-01 5.371006189732e-01 9.789757212562e-01 2.909592230789e+01
15 4 4 1.35107074 1.42902205 1.37168930 1.62486794 3.95989711 4.976437085800e-01 5.759475711287e-01 4.770689249327e-01 9.346890741674e-01 2.952444466942e+01
15 5 4 1.35107074 1.42902205 1.37168930 1.62486794 3.95989711 4.453434939703e-01 5.510923364788e-01 4.828546987573e-01 9.028668370529e-01 2.870806357135e+01
15 6 4 1.35107074 1.42902205 1.37168930 1.62486794 3.95989711 4.598969985031e-01 5.352900532977e-01 4.584156338814e-01 8.832852234204e-01 2.614046826497e+01
15 7 4 1.35107074 1.42902205 1.37168930 1.62486794 3.95989711 4.264427523271e-01 5.216687986754e-01 4.253221372307e-01 8.646418298043e-01 2.602896945307e+01
15 8 4 1.35107074 1.42902205 1.37168930 1.62486794 3.95989711 4.121780302299e-01 5.066549746367e-01 4.461223680164e-01 8.392922364108e-01 2.640866423447e+01
15 9 4 1.35107074 1.42902205 1.37168930 1.62486794 3.95989711 4.189731193064e-01 4.928313663812e-01 4.078643276245e-01 8.064922253379e-01 2.434617052841e+01
15 10 4 1.35107074 1.42902205 1.37168930 1.62486794 3.95989711 3.733259140566e-01 4.812259713496e-01 4.037797711107e-01 7.740201895877e-01 2.340470377749e+01
15 11 4 1.35107074 1.42902205 1.37168930 1.62486794 3.95989711 3.784883091372e-01 4.676554107056e-01 3.982356462379e-01 7.466277681694e-01 2.402555613669e+01
15 12 4 1.35107074 1.42902205 1.37168930 1.62486794 3.95989711 3.513828986669e-01 4.500284140873e-01 3.556668119822e-01 7.217692269367e-01 2.275255275114e+01
15 13 4 1.35107074 1.42902205 1.37168930 1.62486794 3.95989711 3.307597285930e-01 4.297060105222e-01 3.670562006056e-01 6.977550960664e-01 2.105183355093e+01
15 14 4 1.35107074 1.42902205 1.37168930 1.62486794 3.95989711 3.357879743896e-01 4.108657028436e-01 3.379052369167e-01 6.736206851573e-01 2.137052608910e+01
15 15 4 1.35107074 1.42902205 1.37168930 1.62486794 3.95989711 3.020483820765e-01 3.942545612302e-01 3.253268600838e-01 6.556849975249e-01 2.104659713747e+01
15 16 4 1.35107074 1.42902205 1.37168930 1.62486794 3.95989711 3.079337633038e-01 3.805229974556e-01 3.373280680615e-01 6.416496858336e-01 1.926295548537e+01
15 17 4 1.35107074 1.42902205 1.37168930 1.62486794 3.95989711 2.934520972309e-01 3.692464732782e-01 3.073679634622e-01 6.284973752447e-01 1.906564157537e+01
15 18 4 1.35107074 1.42902205 1.37168930 1.62486794 3.95989711 2.818516451729e-01 3.579167060254e-01 3.148133247860e-01 6.095446185218e-01 1.939862308775e+01
15 19 4 1.35107074 1.42902205 1.37168930 1.62486794 3.95989711 2.866165541028e-01 3.460920858848e-01 3.028348880630e-01 5.871670853515e-01 1.807571538285e+01
15 20 4 1.35107074 1.42902205 1.37168930 1.62486794 3.95989711 2.568868702109e-01 3.360153670410e-01 2.813856503136e-01 5.662603799543e-01 1.731095376055e+01
15 21 4 1.35107074 1.42902205 1.37168930 1.62486794 3.95989711 2.626542777916e-01 3.290843104102e-01 2.953632230265e-01 5.513466843798e-01 1.786078787598e+01
15 22 4 1.35107074 1.42902205 1.37168930 1.62486794 3.95989711 2.464539571488e-01 3.256620006984e-01 2.706548794662e-01 5.386069179582e-01 1.737302770235e+01
15 23 4 1.35107074 1.42902205 1.37168930 1.62486794 3.95989711 2.364613644654e-01 3.203335390120e-01 2.712536562042e-01 5.249830585331e-01 1.625815049681e+01
15 24 4 1.35107074 1.42902205 1.37168930 1.62486794 3.95989711 2.481955874819e-01 3.136362454154e-01 2.757825999234e-01 5.121979214087e-01 1.666525646390e+01
15 25 4 1.35107074 1.42902205 1.37168930 1.62486794 3.95989711 2.238531348734e-01 3.046261439669e-01 2.525493913877e-01 5.060063342578e-01 1.687705848834e+01
15 26 4 1.35107074 1.42902205 1.37168930 1.62486794 3.95989711 2.358717607757e-01 2.995649783326e-01 2.644793572929e-01 5.094703220084e-01 1.568722920527e+01
15 27 4 1.35107074 1.42902205 1.37168930 1.62486794 3.95989711 2.329540584147e-01 2.979584463730e-01 2.477677742131e-01 5.135642785227e-01 1.557606260997e+01
15 28 4 1.35107074 1.42902205 1.37168930 1.62486794 3.95989711 2.220477682523e-01 2.968358135113e-01 2.411570516597e-01 5.080129845569e-01 1.612859421603e+01
15 29 4 1.35107074 1.42902205 1.37168930 1.62486794 3.95989711 2.378173437715e-01 2.891375484158e-01 2.538208592566e-01 4.890795066110e-01 1.537765522560e+01
15 30 4 1.35107074 1.42902205 1.37168930 1.62486794 3.95989711 2.215643954449e-01 2.796176243784e-01 2.346566444426e-01 4.713274258137e-01 1.488670968457e+01
15 31 4 1.35107074 1.42902205 1.37168930 1.62486794 3.95989711 2.288881343748e-01 2.774080140238e-01 2.477701192345e-01 4.674796596429e-01 1.567814063577e+01
15 32 4 1.35107074 1.42902205 1.37168930 1.62486794 3.95989711 2.334818926394e-01 2.890379540911e-01 2.508024638561e-01 4.853730845705e-01 1.586078490724e+01
15 33 4 1.35107074 1.42902205 1.37168930 1.62486794 3.95989711 2.288194726450e-01 3.031871127123e-01 2.437501343989e-01 5.085901742873e-01 1.523207654485e+01
15 34 4 1.35107074 1.42902205 1.37168930 1.62486794 3.95989711 2.446414188541e-01 3.107568573036e-01 2.672410743685e-01 5.225110793376e-01 1.594902554745e+01
15 35 4 1.35107074 1.42902205 1.37168930 1.62486794 3.95989711 2.335490553438e-01 3.099303063769e-01 2.560579966523e-01 5.199260969968e-01 1.682184606078e+01
15 36 4 1.35107074 1.42902205 1.37168930 1.62486794 3.95989711 2.475993304622e-01 3.106589292691e-01 2.681927458257e-01 5.112914479073e-01 1.613620830429e+01
15 37 4 1.35107074 1.42902205 1.37168930 1.62486794 3.95989711 2.513435620612e-01 3.169529185606e-01 2.830347489648e-01 5.113690169047e-01 1.628488745896e+01
15 38 4 1.35107074 1.42902205 1.37168930 1.62486794 3.95989711 2.495465706271e-01 3.253488223857e-01 2.670856082799e-01 5.235218239817e-01 1.742178601238e+01
15 39 4 1.35107074 1.42902205 1.37168930 1.62486794 3.95989711 2.759445169576e-01 3.320296553646e-01 2.895617025176e-01 5.431189769784e-01 1.716088388895e+01
15 40 4 1.35107074 1.42902205 1.37168930 1.62486794 3.95989711 2.631258666753e-01 3.359575674373e-01 2.846160007867e-01 5.584706058557e-01 1.682144128720e+01
15 41 4 1.35107074 1.42902205 1.37168930 1.62486794 3.95989711 2.855695219500e-01 3.413845630042e-01 2.872238282316e-01 5.732251259190e-01 1.803527532628e+01
15 42 4 1.35107074 1.42902205 1.37168930 1.62486794 3.95989711 2.997037074830e-01 3.505476352046e-01 3.123458425903e-01 5.872991050103e-01 1.869501024194e+01
15 43 4 1.35107074 1.42902205 1.37168930 1.62486794 3.95989711 2.917495022080e-01 3.634114877192e-01 2.984460967303e-01 6.071455370433e-01 1.812116585227e+01
15 44 4 1.35107074 1.42902205 1.37168930 1.62486794 3.95989711 3.227134979443e-01 3.765916685099e-01 3.223598811866e-01 6.255144861427e-01 1.906387910834e+01
15 45 4 1.35107074 1.42902205 1.37168930 1.62486794 3.95989711 3.098304643681e-01 3.885101209268e-01 3.319927485128e-01 6.394198881237e-01 2.052497351632e+01
15 46 4 1.35107074 1.42902205 1.37168930 1.62486794 3.95989711 3.242495501525e-01 4.001156985031e-01 3.213048466850e-01 6.503711715442e-01 2.007542935605e+01
15 47 4 1.35107074 1.42902205 1.37168930 1.62486794 3.95989711 3.448335688660e-01 4.146823045866e-01 3.555610619861e-01 6.644062127392e-01 2.039767591114e+01
15 48 4 1.35107074 1.42902205 1.37168930 1.62486794 3.95989711 3.391252142928e-01 4.302856528900e-01 3.471294272102e-01 6.871275711726e-01 2.231192425617e+01
15 49 4 1.35107074 1.42902205 1.37168930 1.62486794 3.95989711 3.754657132875e-01 4.469679944233e-01 3.702470001800e-01 7.138389221513e-01 2.254601246483e+01
15 50 4 1.35107074 1.42902205 1.37168930 1.62486794 3.95989711 3.709261108485e-01 4.617666802940e-01 4.005715988697e-01 7.415835828099e-01 2.218017363565e+01
15 51 4 1.35107074 1.42902205 1.37168930 1.62486794 3.95989711 3.914292611650e-01 4.738949705933e-01 3.874537507810e-01 7.670461363329e-01 2.398443383847e+01
15 52 4 1.35107074 1.42902205 1.37168930 1.62486794 3.95989711 4.159098406394e-01 4.830928403743e-01 4.293644773021e-01 7.951237968397e-01 2.518757367737e+01
15 53 4 1.35107074 1.42902205 1.37168930 1.62486794 3.95989711 4.042837047101e-01 4.923181482191e-01 4.273508635137e-01 8.260681358705e-01 2.439814370760e+01
15 54 4 1.35107074 1.42902205 1.37168930 1.62486794 3.95989711 4.416651435802e-01 5.076006053919e-01 4.284193174501e-01 8.551688538657e-01 2.564227249906e+01
15 55 4 1.35107074 1.42902205 1.37168930 1.62486794 3.95989711 4.287711652706e-01 5.253838800843e-01 4.695323287922e-01 8.794180159566e-01 2.786759335402e+01
15 56 4 1.35107074 1.42902205 1.37168930 1.62486794 3.95989711 4.484788528009e-01 5.445396894827e-01 4.544203245619e-01 9.008711437474e-01 2.759030245133e+01
15 57 4 1.35107074 1.42902205 1.37168930 1.62486794 3.95989711 4.802348137429e-01 5.660249886900e-01 4.994903877461e-01 9.313249540903e-01 2.811899200709e+01
15 58 4 1.35107074 1.42902205 1.37168930 1.62486794 3.95989711 4.662942846741e-01 5.942529553084e-01 5.254117697060e-01 9.754554775357e-01 3.103270430927e+01
15 59 4 1.35107074 1.42902205 1.37168930 1.62486794 3.95989711 5.167683167295e-01 6.237231950706e-01 5.167960512109e-01 1.027978174779e+00 3.189216674493e+01
15 60 4 1.35107074 1.42902205 1.37168930 1.62486794 3.95989711 5.058714884663e-01 6.466188671570e-01 5.782806460598e-01 1.077215489908e+00 3.140546210179e+01
15 61 4 1.35107074 1.42902205 1.37168930 1.62486794 3.95989711 5.263299181143e-01 6.652479630431e-01 5.624009521431e-01 1.114656500226e+00 3.395534436789e+01
15 62 4 1.35107074 1.42902205 1.37168930 1.62486794 3.95989711 5.694611547972e-01 6.894195547161e-01 5.883544765682e-01 1.150864941885e+00 3.606071332371e+01
15 63 4 1.35107074 1.42902205 1.37168930 1.62486794 3.95989711 5.463754994186e-01 7.181275066340e-01 6.301715608424e-01 1.190277738546e+00 3.506742204972e+01
16 0 4 1.24387586 1.48899297 1.29197353 1.63628320 3.13516084 4.106172556355e-01 7.952505405101e-01 4.789390715949e-01 1.132705876737e+00 1.470892219161e+01
16 1 4 1.24387586 1.48899297 1.29197353 1.63628320 3.13516084 3.894673247101e-01 7.805542259059e-01 4.245928813221e-01 1.083338651147e+00 1.310651168777e+01
16 2 4 1.24387586 1.48899297 1.29197353 1.63628320 3.13516084 3.596460452554e-01 7.521891373404e-01 4.391410319800e-01 1.038620456863e+00 1.256065320805e+01
16 3 4 1.24387586 1.48899297 1.29197353 1.63628320 3.13516084 3.698637311891e-01 7.170273674505e-01 4.122572489284e-01 1.002238618138e+00 1.312598910162e+01
16 4 4 1.24387586 1.48899297 1.29197353 1.63628320 3.13516084 3.313943212848e-01 6.805561099611e-01 3.854823075183e-01 9.665896939350e-01 1.220140287782e+01
16 5 4 1.24387586 1.48899297 1.29197353 1.63628320 3.13516084 3.348172681637e-01 6.524013185246e-01 4.010639158659e-01 9.333767997894e-01 1.092701559033e+01
16 6 4 1.24387586 1.48899297 1.29197353 1.63628320 3.13516084 3.316658317783e-01 6.284389347080e-01 3.590999543841e-01 9.039474269571e-01 1.129369496665e+01
16 7 4 1.24387586 1.48899297 1.29197353 1.63628320 3.13516084 3.053964666157e-01 6.116041366561e-01 3.539365593052e-01 8.795146101134e-01 1.138342989920e+01
16 8 4 1.24387586 1.48899297 1.29197353 1.63628320 3.13516084 3.174920695691e-01 5.972753707642e-01 3.484773868269e-01 8.568347606880e-01 1.021375801679e+01
16 9 4 1.24387586 1.48899297 1.29197353 1.63628320 3.13516084 2.880209733035e-01 5.799804572993e-01 3.112714822112e-01 8.293695621705e-01 9.867115877603e+00
16 10 4 1.24387586 1.48899297 1.29197353 1.63628320 3.13516084 2.785618263188e-01 5.581959084865e-01 3.243609323431e-01 7.997055868554e-01 1.039150884697e+01
16 11 4 1.24387586 1.48899297 1.29197353 1.63628320 3.13516084 2.784450796998e-01 5.390464708107e-01 3.028560218363e-01 7.707768812651e-01 9.814053569564e+00
16 12 4 1.24387586 1.48899297 1.29197353 1.63628320 3.13516084 2.465602799791e-01 5.210199420599e-01 2.829930487377e-01 7.446781448870e-01 8.833639623543e+00
16 13 4 1.24387586 1.48899297 1.29197353 1.63628320 3.13516084 2.532794849477e-01 5.031918562519e-01 2.922970871785e-01 7.190594316181e-01 9.052672496507e+00
16 14 4 1.24387586 1.48899297 1.29197353 1.63628320 3.13516084 2.347531698313e-01 4.856137306130e-01 2.610198561186e-01 6.909851300273e-01 9.179457840272e+00
16 15 4 1.24387586 1.48899297 1.29197353 1.63628320 3.13516084 2.202348012657e-01 4.690182678391e-01 2.653613523385e-01 6.678058418927e-01 8.227516897242e+00
16 16 4 1.24387586 1.48899297 1.29197353 1.63628320 3.13516084 2.312555737566e-01 4.523561445846e-01 2.623444191537e-01 6.521140130658e-01 7.872889173048e+00
16 17 4 1.24387586 1.48899297 1.29197353 1.63628320 3.13516084 2.084733623777e-01 4.342507275732e-01 2.379613192321e-01 6.431678579912e-01 8.286657946731e+00
16 18 4 1.24387586 1.48899297 1.29197353 1.63628320 3.13516084 2.105359375608e-01 4.193103792219e-01 2.494283458996e-01 6.285583031571e-01 7.883515209261e+00
16 19 4 1.24387586 1.48899297 1.29197353 1.63628320 3.13516084 2.038956476714e-01 4.068321341154e-01 2.320749049897e-01 6.052130301226e-01 7.142045379412e+00
16 20 4 1.24387586 1.48899297 1.29197353 1.63628320 3.13516084 1.852441323011e-01 3.947138302593e-01 2.222421940305e-01 5.792497461844e-01 7.313360846318e+00
16 21 4 1.24387586 1.48899297 1.29197353 1.63628320 3.13516084 1.915734282042e-01 3.826989536847e-01 2.307884032570e-01 5.619849148939e-01 7.528072659292e+00
16 22 4 1.24387586 1.48899297 1.29197353 1.63628320 3.13516084 1.752839877440e-01 3.752386840415e-01 2.094637370665e-01 5.554718159719e-01 6.916241491318e+00
16 23 4 1.24387586 1.48899297 1.29197353 1.63628320 3.13516084 1.759379545011e-01 3.716224448180e-01 2.186651548890e-01 5.486947463156e-01 6.623489226706e+00
16 24 4 1.24387586 1.48899297 1.29197353 1.63628320 3.13516084 1.762955317560e-01 3.692624766283e-01 2.186368051997e-01 5.373602016412e-01 7.099100551379e+00
16 25 4 1.24387586 1.48899297 1.29197353 1.63628320 3.13516084 1.600633731376e-01 3.613054934912e-01 2.009040258479e-01 5.242444894225e-01 6.920636212977e+00
16 26 4 1.24387586 1.48899297 1.29197353 1.63628320 3.13516084 1.733643308951e-01 3.531196417069e-01 2.113063290010e-01 5.204789137260e-01 6.284009137978e+00
16 27 4 1.24387586 1.48899297 1.29197353 1.63628320 3.13516084 1.651827143692e-01 3.491045864218e-01 1.946315147452e-01 5.228149404224e-01 6.471803617168e+00
16 28 4 1.24387586 1.48899297 1.29197353 1.63628320 3.13516084 1.602215447271e-01 3.491486902763e-01 1.912539485740e-01 5.198373256256e-01 6.711051212893e+00
16 29 4 1.24387586 1.48899297 1.29197353 1.63628320 3.13516084 1.721069464852e-01 3.421746177847e-01 2.001906636769e-01 5.023755006662e-01 6.210387863036e+00
16 30 4 1.24387586 1.48899297 1.29197353 1.63628320 3.13516084 1.580428061285e-01 3.296061365393e-01 1.837528224237e-01 4.833028019129e-01 6.002280878857e+00
16 31 4 1.24387586 1.48899297 1.29197353 1.63628320 3.13516084 1.646615363508e-01 3.255411953264e-01 1.954414685150e-01 4.786676847423e-01 6.475861163638e+00
16 32 4 1.24387586 1.48899297 1.29197353 1.63628320 3.13516084 1.684200211578e-01 3.402777391349e-01 1.980159665523e-01 4.982510676849e-01 6.571419345906e+00
16 33 4 1.24387586 1.48899297 1.29197353 1.63628320 3.13516084 1.645490448324e-01 3.578750342810e-01 1.917036505256e-01 5.233395091485e-01 6.170705260463e+00
16 34 4 1.24387586 1.48899297 1.29197353 1.63628320 3.13516084 1.774627321661e-01 3.647383153335e-01 2.121257629325e-01 5.368098936159e-01 6.478892654138e+00
16 35 4 1.24387586 1.48899297 1.29197353 1.63628320 3.13516084 1.688273732890e-01 3.621945720440e-01 2.036340379682e-01 5.331261930017e-01 7.063363979496e+00
16 36 4 1.24387586 1.48899297 1.29197353 1.63628320 3.13516084 1.778395312422e-01 3.650519255590e-01 2.106368583859e-01 5.272168607207e-01 6.727957761514e+00
16 37 4 1.24387586 1.48899297 1.29197353 1.63628320 3.13516084 1.850946591259e-01 3.737340562982e-01 2.257278251585e-01 5.330360540329e-01 6.527513422316e+00
16 38 4 1.24387586 1.48899297 1.29197353 1.63628320 3.13516084 1.773260165658e-01 3.810892715312e-01 2.106130333328e-01 5.475863109107e-01 7.166322297286e+00
16 39 4 1.24387586 1.48899297 1.29197353 1.63628320 3.13516084 2.004389509235e-01 3.842626992510e-01 2.254963402595e-01 5.614573479767e-01 7.281457375405e+00
16 40 4 1.24387586 1.48899297 1.29197353 1.63628320 3.13516084 1.962454168076e-01 3.901056121206e-01 2.240659896734e-01 5.683252964183e-01 6.838805281959e+00
16 41 4 1.24387586 1.48899297 1.29197353 1.63628320 3.13516084 1.991585976900e-01 4.013981268997e-01 2.198269087600e-01 5.794433080003e-01 7.176304499089e+00
16 42 4 1.24387586 1.48899297 1.29197353 1.63628320 3.13516084 2.206123292541e-01 4.172061766573e-01 2.453765777082e-01 5.986231511114e-01 7.875094765355e+00
16 43 4 1.24387586 1.48899297 1.29197353 1.63628320 3.13516084 2.114446032970e-01 4.312193102349e-01 2.373246663794e-01 6.247918823401e-01 7.689870492917e+00
16 44 4 1.24387586 1.48899297 1.29197353 1.63628320 3.13516084 2.300965121912e-01 4.444201095240e-01 2.487024732586e-01 6.434064578766e-01 7.516661432618e+00
16 45 4 1.24387586 1.48899297 1.29197353 1.63628320 3.13516084 2.336286729701e-01 4.594474371276e-01 2.670119692876e-01 6.531201997286e-01 8.373941584564e+00
16 46 4 1.24387586 1.48899297 1.29197353 1.63628320 3.13516084 2.290411752750e-01 4.758704435422e-01 2.544079404295e-01 6.621626945311e-01 8.772977929860e+00
16 47 4 1.24387586 1.48899297 1.29197353 1.63628320 3.13516084 2.518128466477e-01 4.909727505005e-01 2.819645209376e-01 6.810991041650e-01 8.286785494422e+00
16 48 4 1.24387586 1.48899297 1.29197353 1.63628320 3.13516084 2.432428858998e-01 5.044944364515e-01 2.835389587036e-01 7.098011845900e-01 8.738220531394e+00
16 49 4 1.24387586 1.48899297 1.29197353 1.63628320 3.13516084 2.639670308109e-01 5.193803305863e-01 2.840975549993e-01 7.401456980919e-01 9.716294801414e+00
16 50 4 1.24387586 1.48899297 1.29197353 1.63628320 3.13516084 2.800473440669e-01 5.357487953817e-01 3.193735542943e-01 7.658877722578e-01 9.513385898012e+00
16 51 4 1.24387586 1.48899297 1.29197353 1.63628320 3.13516084 2.706757206914e-01 5.513373114381e-01 3.084942554509e-01 7.909492695902e-01 9.293903834723e+00
16 52 4 1.24387586 1.48899297 1.29197353 1.63628320 3.13516084 3.020185223873e-01 5.689082496074e-01 3.291973956676e-01 8.176664854575e-01 1.032575217801e+01
16 53 4 1.24387586 1.48899297 1.29197353 1.63628320 3.13516084 2.957554027741e-01 5.886357165564e-01 3.499593322316e-01 8.461357043581e-01 1.088468914522e+01
16 54 4 1.24387586 1.48899297 1.29197353 1.63628320 3.13516084 3.025978665889e-01 6.054347068461e-01 3.382823255322e-01 8.722463914534e-01 1.031637958000e+01
16 55 4 1.24387586 1.48899297 1.29197353 1.63628320 3.13516084 3.276202678471e-01 6.218773907914e-01 3.798398241529e-01 8.975510332667e-01 1.082215008614e+01
16 56 4 1.24387586 1.48899297 1.29197353 1.63628320 3.13516084 3.083294568798e-01 6.437635891575e-01 3.817335589060e-01 9.279757007664e-01 1.217908978356e+01
16 57 4 1.24387586 1.48899297 1.29197353 1.63628320 3.13516084 3.359741995709e-01 6.739317353353e-01 3.827142996292e-01 9.658258894563e-01 1.209689104323e+01
16 58 4 1.24387586 1.48899297 1.29197353 1.63628320 3.13516084 3.425020140490e-01 7.070584137914e-01 4.234678781194e-01 1.008813395554e+00 1.187991777931e+01
16 59 4 1.24387586 1.48899297 1.29197353 1.63628320 3.13516084 3.444011093185e-01 7.393395801663e-01 4.031104047777e-01 1.052471602799e+00 1.335098869534e+01
16 60 4 1.24387586 1.48899297 1.29197353 1.63628320 3.13516084 3.865216236389e-01 7.686144571745e-01 4.358470501957e-01 1.096710808127e+00 1.422300054962e+01
16 61 4 1.24387586 1.48899297 1.29197353 1.63628320 3.13516084 3.734701438594e-01 7.880418999582e-01 4.608370590064e-01 1.146186376604e+00 1.358574936688e+01
16 62 4 1.24387586 1.48899297 1.29197353 1.63628320 3.13516084 3.995271686927e-01 8.008922310446e-01 4.456091813579e-01 1.196494510580e+00 1.412869787401e+01
16 63 4 1.24387586 1.48899297 1.29197353 1.63628320 3.13516084 4.139490510749e-01 8.230647867897e-01 4.978271338121e-01 1.247532719620e+00 1.578704748428e+01
17 0 4 1.75219432 1.55590560 1.86636972 2.00128353 7.84693344 1.810304360652e+00 9.215211854503e-01 1.916147154748e+00 2.506796955414e+00 3.795662528077e+02
17 1 4 1.75219432 1.55590560 1.86636972 2.00128353 7.84693344 1.687098034416e+00 8.844169805406e-01 1.834642536766e+00 2.428034098641e+00 3.586820552175e+02
17 2 4 1.75219432 1.55590560 1.86636972 2.00128353 7.84693344 1.400621777088e+00 8.534589284433e-01 1.775491268217e+00 2.327612836362e+00 3.508433724725e+02
17 3 4 1.75219432 1.55590560 1.86636972 2.00128353 7.84693344 1.257506345492e+00 8.274194882008e-01 1.722467288471e+00 2.230210012440e+00 3.458323912225e+02
17 4 4 1.75219432 1.55590560 1.86636972 2.00128353 7.84693344 1.088826580718e+00 8.081928255616e-01 1.673747368697e+00 2.143517822429e+00 3.293909230599e+02
17 5 4 1.75219432 1.55590560 1.86636972 2.00128353 7.84693344 9.471036272829e-01 7.886974103529e-01 1.618506619280e+00 2.070960709983e+00 3.161263788719e+02
17 6 4 1.75219432 1.55590560 1.86636972 2.00128353 7.84693344 9.299113777326e-01 7.674365018687e-01 1.557156906702e+00 2.008497347288e+00 3.133767476695e+02
17 7 4 1.75219432 1.55590560 1.86636972 2.00128353 7.84693344 8.438092434475e-01 7.395211516772e-01 1.494622732419e+00 1.952312134080e+00 3.039359382607e+02
17 8 4 1.75219432 1.55590560 1.86636972 2.00128353 7.84693344 8.941534055497e-01 7.049940093280e-01 1.437218153609e+00 1.886863150319e+00 2.873745956062e+02
17 9 4 1.75219432 1.55590560 1.86636972 2.00128353 7.84693344 9.321590426223e-01 6.751823084618e-01 1.394530348749e+00 1.814109251443e+00 2.802011543704e+02
17 10 4 1.75219432 1.55590560 1.86636972 2.00128353 7.84693344 9.683716855757e-01 6.563042499973e-01 1.338577149371e+00 1.748980150155e+00 2.766336020018e+02
17 11 4 1.75219432 1.55590560 1.86636972 2.00128353 7.84693344 1.087040164771e+00 6.443979364013e-01 1.285887863201e+00 1.701232575458e+00 2.641252863394e+02
17 12 4 1.75219432 1.55590560 1.86636972 2.00128353 7.84693344 1.091096285686e+00 6.243133286877e-01 1.243206858248e+00 1.661286952614e+00 2.522586168241e+02
17 13 4 1.75219432 1.55590560 1.86636972 2.00128353 7.84693344 1.161256951600e+00 5.926348765984e-01 1.203332553886e+00 1.607101471492e+00 2.497625691672e+02
17 14 4 1.75219432 1.55590560 1.86636972 2.00128353 7.84693344 1.186149465765e+00 5.616745504233e-01 1.165376159505e+00 1.545656401166e+00 2.442115644656e+02
17 15 4 1.75219432 1.55590560 1.86636972 2.00128353 7.84693344 1.116889439075e+00 5.411603281978e-01 1.133443636957e+00 1.485202994394e+00 2.323287267310e+02
17 16 4 1.75219432 1.55590560 1.86636972 2.00128353 7.84693344 1.109246382527e+00 5.312393922149e-01 1.094919030120e+00 1.439067306830e+00 2.271563714249e+02
17 17 4 1.75219432 1.55590560 1.86636972 2.00128353 7.84693344 9.838089161197e-01 5.211926279570e-01 1.057853911364e+00 1.395432347833e+00 2.261103995398e+02
17 18 4 1.75219432 1.55590560 1.86636972 2.00128353 7.84693344 8.872920259943e-01 5.089085020093e-01 1.025277006769e+00 1.353128506838e+00 2.184299918051e+02
17 19 4 1.75219432 1.55590560 1.86636972 2.00128353 7.84693344 8.122528610723e-01 4.962694544862e-01 1.001925939923e+00 1.314540614905e+00 2.096807883377e+02
17 20 4 1.75219432 1.55590560 1.86636972 2.00128353 7.84693344 6.745350540372e-01 4.850438845966e-01 9.721803453152e-01 1.281857752355e+00 2.086613496396e+02
17 21 4 1.75219432 1.55590560 1.86636972 2.00128353 7.84693344 6.285182592866e-01 4.764772940837e-01 9.388387607771e-01 1.256549186116e+00 2.065082677584e+02
17 22 4 1.75219432 1.55590560 1.86636972 2.00128353 7.84693344 5.571416026822e-01 4.674337081562e-01 9.158714960546e-01 1.227506455715e+00 1.986265458290e+02
17 23 4 1.75219432 1.55590560 1.86636972 2.00128353 7.84693344 5.237388305220e-01 4.589274065011e-01 8.963660669164e-01 1.199402417600e+00 1.948376161197e+02
17 24 4 1.75219432 1.55590560 1.86636972 2.00128353 7.84693344 5.513370040392e-01 4.450001391095e-01 8.882927319541e-01 1.167672486570e+00 1.960242498315e+02
17 25 4 1.75219432 1.55590560 1.86636972 2.00128353 7.84693344 5.399178145048e-01 4.291446141498e-01 8.864731692432e-01 1.146788689916e+00 1.926358385992e+02
17 26 4 1.75219432 1.55590560 1.86636972 2.00128353 7.84693344 6.137109761168e-01 4.162326651726e-01 8.797820506046e-01 1.140781303666e+00 1.867815945961e+02
17 27 4 1.75219432 1.55590560 1.86636972 2.00128353 7.84693344 6.630854989043e-01 4.111313304209e-01 8.639131935877e-01 1.146702542434e+00 1.874275095246e+02
17 28 4 1.75219432 1.55590560 1.86636972 2.00128353 7.84693344 7.183560974806e-01 4.084651558271e-01 8.478935398336e-01 1.144056077438e+00 1.884945520390e+02
17 29 4 1.75219432 1.55590560 1.86636972 2.00128353 7.84693344 8.092740625901e-01 3.982414122155e-01 8.367285374285e-01 1.114895041982e+00 1.836462718828e+02
17 30 4 1.75219432 1.55590560 1.86636972 2.00128353 7.84693344 8.189925289097e-01 3.868283059712e-01 8.345394080613e-01 1.080702345675e+00 1.817051599851e+02
17 31 4 1.75219432 1.55590560 1.86636972 2.00128353 7.84693344 8.633283573701e-01 3.850615454424e-01 8.332779402112e-01 1.070961604912e+00 1.852342763415e+02
17 32 4 1.75219432 1.55590560 1.86636972 2.00128353 7.84693344 8.695778872466e-01 4.020063299053e-01 8.435234533708e-01 1.105010373365e+00 1.862781735034e+02
17 33 4 1.75219432 1.55590560 1.86636972 2.00128353 7.84693344 8.255333435512e-01 4.227122167430e-01 8.553116328972e-01 1.148987863750e+00 1.837067373213e+02
17 34 4 1.75219432 1.55590560 1.86636972 2.00128353 7.84693344 8.159429230742e-01 4.349245407418e-01 8.686755254496e-01 1.170499515123e+00 1.867538894595e+02
17 35 4 1.75219432 1.55590560 1.86636972 2.00128353 7.84693344 7.311990950540e-01 4.374106146905e-01 8.848151270763e-01 1.163454416260e+00 1.921459216542e+02
17 36 4 1.75219432 1.55590560 1.86636972 2.00128353 7.84693344 6.805873608495e-01 4.418121950544e-01 8.956714379034e-01 1.155195441986e+00 1.909521494841e+02
17 37 4 1.75219432 1.55590560 1.86636972 2.00128353 7.84693344 6.344257421746e-01 4.545125581461e-01 9.007803006063e-01 1.170589060298e+00 1.908506288118e+02
17 38 4 1.75219432 1.55590560 1.86636972 2.00128353 7.84693344 5.655700216355e-01 4.669679825173e-01 9.050691527370e-01 1.202379579552e+00 1.973329656620e+02
17 39 4 1.75219432 1.55590560 1.86636972 2.00128353 7.84693344 5.662255003871e-01 4.753300819200e-01 9.221065538952e-01 1.239571516907e+00 2.015661019619e+02
17 40 4 1.75219432 1.55590560 1.86636972 2.00128353 7.84693344 5.392423742739e-01 4.778361304230e-01 9.516946727016e-01 1.268294895709e+00 2.008923384584e+02
17 41 4 1.75219432 1.55590560 1.86636972 2.00128353 7.84693344 5.791086830311e-01 4.830321994247e-01 9.833301486526e-01 1.295268653545e+00 2.055518903472e+02
17 42 4 1.75219432 1.55590560 1.86636972 2.00128353 7.84693344 6.529727274092e-01 4.906158303787e-01 1.015536194489e+00 1.322835640522e+00 2.146247695586e+02
17 43 4 1.75219432 1.55590560 1.86636972 2.00128353 7.84693344 7.110404211264e-01 5.021008214166e-01 1.047488416115e+00 1.357532895591e+00 2.170896181689e+02
17 44 4 1.75219432 1.55590560 1.86636972 2.00128353 7.84693344 8.558116286753e-01 5.157006199484e-01 1.068361485576e+00 1.399793266163e+00 2.188021300213e+02
17 45 4 1.75219432 1.55590560 1.86636972 2.00128353 7.84693344 9.393034401096e-01 5.297575804202e-01 1.101139487485e+00 1.443771251641e+00 2.285411264505e+02
17 46 4 1.75219432 1.55590560 1.86636972 2.00128353 7.84693344 1.055016426256e+00 5.437862027954e-01 1.138338655146e+00 1.488466843748e+00 2.369169178155e+02
17 47 4 1.75219432 1.55590560 1.86636972 2.00128353 7.84693344 1.177302453575e+00 5.600050351518e-01 1.174812566923e+00 1.534880485098e+00 2.381161649348e+02
17 48 4 1.75219432 1.55590560 1.86636972 2.00128353 7.84693344 1.184876607247e+00 5.859079358133e-01 1.206295175234e+00 1.589933717836e+00 2.447554675121e+02
17 49 4 1.75219432 1.55590560 1.86636972 2.00128353 7.84693344 1.256003932540e+00 6.172802304548e-01 1.243563073249e+00 1.644422305839e+00 2.582843083966e+02
17 50 4 1.75219432 1.55590560 1.86636972 2.00128353 7.84693344 1.232302861315e+00 6.439136250635e-01 1.288182208491e+00 1.688620150961e+00 2.643359176935e+02
17 51 4 1.75219432 1.55590560 1.86636972 2.00128353 7.84693344 1.178928426211e+00 6.567690194360e-01 1.333535962574e+00 1.726579525590e+00 2.677412720537e+02
17 52 4 1.75219432 1.55590560 1.86636972 2.00128353 7.84693344 1.173223230132e+00 6.665803080676e-01 1.385235789434e+00 1.777567024953e+00 2.806126187050e+02
17 53 4 1.75219432 1.55590560 1.86636972 2.00128353 7.84693344 1.045507346323e+00 6.867031038550e-01 1.439362878762e+00 1.849351513511e+00 2.936901340560e+02
17 54 4 1.75219432 1.55590560 1.86636972 2.00128353 7.84693344 1.006002035237e+00 7.200558751456e-01 1.481900804832e+00 1.926188055537e+00 2.969117358930e+02
17 55 4 1.75219432 1.55590560 1.86636972 2.00128353 7.84693344 9.533013361672e-01 7.523384034346e-01 1.532697872608e+00 1.990861061555e+00 3.046935147343e+02
17 56 4 1.75219432 1.55590560 1.86636972 2.00128353 7.84693344 8.994366219684e-01 7.758837047001e-01 1.595915915795e+00 2.051097796839e+00 3.217686719752e+02
17 57 4 1.75219432 1.55590560 1.86636972 2.00128353 7.84693344 9.749462968755e-01 7.930651250701e-01 1.647492510585e+00 2.121586733034e+00 3.306549112366e+02
17 58 4 1.75219432 1.55590560 1.86636972 2.00128353 7.84693344 9.947032731145e-01 8.136005809675e-01 1.699095695790e+00 2.209427157914e+00 3.336852053320e+02
17 59 4 1.75219432 1.55590560 1.86636972 2.00128353 7.84693344 1.164045746931e+00 8.412984916093e-01 1.745604931925e+00 2.305035090235e+00 3.487226332857e+02
17 60 4 1.75219432 1.55590560 1.86636972 2.00128353 7.84693344 1.360389878702e+00 8.757567421238e-01 1.806295772232e+00 2.401560901137e+00 3.669686879716e+02
17 61 4 1.75219432 1.55590560 1.86636972 2.00128353 7.84693344 1.527636134057e+00 9.178826044870e-01 1.875463555326e+00 2.492305684417e+00 3.731285959425e+02
17 62 4 1.75219432 1.55590560 1.86636972 2.00128353 7.84693344 1.821318743845e+00 9.589286720290e-01 1.958953989546e+00 2.563468080927e+00 3.822868079624e+02
17 63 4 1.75219432 1.55590560 1.86636972 2.00128353 7.84693344 1.942473649607e+00 9.984029527022e-01 2.039263165742e+00 2.628607185740e+00 4.041747840702e+02
18 0 4 2.95370110 1.27403722 2.57677414 1.69979084 6.29423416 1.028362147355e+01 6.330121634156e-01 5.916791555122e+00 1.353678559362e+00 2.080762382692e+02
18 1 4 2.95370110 1.27403722 2.57677414 1.69979084 6.29423416 1.092811612295e+01 6.404192217464e-01 5.802821649545e+00 1.306111188722e+00 1.973905643263e+02
18 2 4 2.95370110 1.27403722 2.57677414 1.69979084 6.29423416 1.141032474727e+01 6.374595875742e-01 6.532068679075e+00 1.260200823477e+00 1.870767502222e+02
18 3 4 2.95370110 1.27403722 2.57677414 1.69979084 6.29423416 1.085126835018e+01 6.200844516832e-01 6.617258616903e+00 1.218193253069e+00 1.809491378601e+02
18 4 4 2.95370110 1.27403722 2.57677414 1.69979084 6.29423416 9.482059973314e+00 5.938748831505e-01 5.650969766797e+00 1.166630178897e+00 1.657895888184e+02
18 5 4 2.95370110 1.27403722 2.57677414 1.69979084 6.29423416 8.429408868262e+00 5.633003044172e-01 4.874258618938e+00 1.108556095199e+00 1.452816403357e+02
18 6 4 2.95370110 1.27403722 2.57677414 1.69979084 6.29423416 8.406373727711e+00 5.266532948140e-01 5.199377224306e+00 1.056891044913e+00 1.336244870761e+02
18 7 4 2.95370110 1.27403722 2.57677414 1.69979084 6.29423416 9.044404107841e+00 4.829168410161e-01 5.826922917586e+00 1.016469517862e+00 1.269347836308e+02
18 8 4 2.95370110 1.27403722 2.57677414 1.69979084 6.29423416 9.323744741364e+00 4.309864524227e-01 5.506178388317e+00 9.892540189303e-01 1.196843096672e+02
18 9 4 2.95370110 1.27403722 2.57677414 1.69979084 6.29423416 8.706328828312e+00 3.753632595543e-01 4.519347486542e+00 9.671657827433e-01 1.119664843087e+02
18 10 4 2.95370110 1.27403722 2.57677414 1.69979084 6.29423416 7.569392858573e+00 3.237988083485e-01 4.132165458742e+00 9.429228356045e-01 1.118135935423e+02
18 11 4 2.95370110 1.27403722 2.57677414 1.69979084 6.29423416 6.802206294023e+00 2.770744882947e-01 4.660738500071e+00 9.129135595510e-01 1.190855895868e+02
18 12 4 2.95370110 1.27403722 2.57677414 1.69979084 6.29423416 6.918777987704e+00 2.355295674251e-01 4.989277685083e+00 8.723361345384e-01 1.207283179855e+02
18 13 4 2.95370110 1.27403722 2.57677414 1.69979084 6.29423416 7.467016924091e+00 2.018880443774e-01 4.391841633084e+00 8.311026700876e-01 1.203456240720e+02
18 14 4 2.95370110 1.27403722 2.57677414 1.69979084 6.29423416 7.631805306833e+00 1.765563154268e-01 3.614435618777e+00 8.002755207452e-01 1.236683163332e+02
18 15 4 2.95370110 1.27403722 2.57677414 1.69979084 6.29423416 7.037224669378e+00 1.590231270296e-01 3.649456315869e+00 7.776048075134e-01 1.271560544185e+02
18 16 4 2.95370110 1.27403722 2.57677414 1.69979084 6.29423416 6.154756708319e+00 1.463983449551e-01 4.189018168337e+00 7.565307061000e-01 1.256599220512e+02
18 17 4 2.95370110 1.27403722 2.57677414 1.69979084 6.29423416 5.665261797256e+00 1.366270058432e-01 4.186371806787e+00 7.303191169494e-01 1.171846823496e+02
18 18 4 2.95370110 1.27403722 2.57677414 1.69979084 6.29423416 5.887319304293e+00 1.322936851262e-01 3.477367293083e+00 7.036757323935e-01 1.110212474733e+02
18 19 4 2.95370110 1.27403722 2.57677414 1.69979084 6.29423416 6.370052358059e+00 1.339981366881e-01 3.052909735349e+00 6.840312554323e-01 1.074344484220e+02
18 20 4 2.95370110 1.27403722 2.57677414 1.69979084 6.29423416 6.460034979612e+00 1.402319194742e-01 3.432903831291e+00 6.666447857857e-01 9.854331647013e+01
18 21 4 2.95370110 1.27403722 2.57677414 1.69979084 6.29423416 5.902909841031e+00 1.506142245476e-01 3.860731118979e+00 6.492851368748e-01 8.862597144412e+01
18 22 4 2.95370110 1.27403722 2.57677414 1.69979084 6.29423416 5.201596796241e+00 1.643637501714e-01 3.552100698004e+00 6.344090328336e-01 8.234504489180e+01
18 23 4 2.95370110 1.27403722 2.57677414 1.69979084 6.29423416 4.920514126108e+00 1.815188634642e-01 2.885230034506e+00 6.242308753720e-01 8.109602197204e+01
18 24 4 2.95370110 1.27403722 2.57677414 1.69979084 6.29423416 5.243277127952e+00 2.004987628995e-01 2.806094888289e+00 6.192134482236e-01 7.952205206641e+01
18 25 4 2.95370110 1.27403722 2.57677414 1.69979084 6.29423416 5.714916596623e+00 2.179772079113e-01 3.320687069254e+00 6.132094564323e-01 7.639201249058e+01
18 26 4 2.95370110 1.27403722 2.57677414 1.69979084 6.29423416 5.796590355498e+00 2.343005197342e-01 3.516432538650e+00 6.058894554539e-01 7.969981040440e+01
18 27 4 2.95370110 1.27403722 2.57677414 1.69979084 6.29423416 5.319137950686e+00 2.495087773344e-01 3.032620105101e+00 6.006001908656e-01 8.609692724435e+01
18 28 4 2.95370110 1.27403722 2.57677414 1.69979084 6.29423416 4.763026266436e+00 2.610206485409e-01 2.591406577745e+00 5.919923280797e-01 9.005102520143e+01
18 29 4 2.95370110 1.27403722 2.57677414 1.69979084 6.29423416 4.640000772442e+00 2.684066227449e-01 2.844869344638e+00 5.773639674677e-01 9.191371301213e+01
18 30 4 2.95370110 1.27403722 2.57677414 1.69979084 6.29423416 5.052935247408e+00 2.732366687658e-01 3.344385563057e+00 5.626049104346e-01 9.487073714404e+01
18 31 4 2.95370110 1.27403722 2.57677414 1.69979084 6.29423416 5.510880828103e+00 2.793578340526e-01 3.256134269286e+00 5.601877326645e-01 1.000710387169e+02
18 32 4 2.95370110 1.27403722 2.57677414 1.69979084 6.29423416 5.583000733403e+00 2.890431605675e-01 2.750252255714e+00 5.772311653222e-01 1.004289369005e+02
18 33 4 2.95370110 1.27403722 2.57677414 1.69979084 6.29423416 5.163815431941e+00 2.966708391243e-01 2.656467595706e+00 6.001025598523e-01 9.542275101185e+01
18 34 4 2.95370110 1.27403722 2.57677414 1.69979084 6.29423416 4.755383936761e+00 2.964080429992e-01 3.179947942592e+00 6.135047120082e-01 9.289762308001e+01
18 35 4 2.95370110 1.27403722 2.57677414 1.69979084 6.29423416 4.827158731210e+00 2.883437517985e-01 3.547819055999e+00 6.170676664590e-01 9.128616713787e+01
18 36 4 2.95370110 1.27403722 2.57677414 1.69979084 6.29423416 5.382642572378e+00 2.745907791948e-01 3.225009608487e+00 6.178630722524e-01 8.752906499854e+01
18 37 4 2.95370110 1.27403722 2.57677414 1.69979084 6.29423416 5.885529568711e+00 2.581033941100e-01 2.796693314639e+00 6.232064937763e-01 8.125939278528e+01
18 38 4 2.95370110 1.27403722 2.57677414 1.69979084 6.29423416 5.884443725802e+00 2.396040247871e-01 3.021408318499e+00 6.312360411713e-01 7.836290118585e+01
18 39 4 2.95370110 1.27403722 2.57677414 1.69979084 6.29423416 5.446795242235e+00 2.182917202477e-01 3.633216531346e+00 6.400377056495e-01 8.195277077088e+01
18 40 4 2.95370110 1.27403722 2.57677414 1.69979084 6.29423416 5.133346508386e+00 1.972849413918e-01 3.773785404002e+00 6.555359276879e-01 8.360460031181e+01
18 41 4 2.95370110 1.27403722 2.57677414 1.69979084 6.29423416 5.409130091029e+00 1.787780049614e-01 3.323216397179e+00 6.763531602123e-01 8.536061592710e+01
18 42 4 2.95370110 1.27403722 2.57677414 1.69979084 6.29423416 6.190648486697e+00 1.619822087967e-01 3.124535364667e+00 6.977187033157e-01 9.232050460857e+01
18 43 4 2.95370110 1.27403722 2.57677414 1.69979084 6.29423416 6.782917788129e+00 1.478334123432e-01 3.612203487168e+00 7.186731757873e-01 1.032048494908e+02
18 44 4 2.95370110 1.27403722 2.57677414 1.69979084 6.29423416 6.720671611013e+00 1.374589849380e-01 4.148891484417e+00 7.406281845010e-01 1.128370474944e+02
18 45 4 2.95370110 1.27403722 2.57677414 1.69979084 6.29423416 6.209110818461e+00 1.323160641926e-01 4.034995738141e+00 7.677601599033e-01 1.169561573181e+02
18 46 4 2.95370110 1.27403722 2.57677414 1.69979084 6.29423416 5.968623922650e+00 1.334290138050e-01 3.603339142651e+00 7.944359074708e-01 1.235346071723e+02
18 47 4 2.95370110 1.27403722 2.57677414 1.69979084 6.29423416 6.479213357538e+00 1.397505035305e-01 3.747525396877e+00 8.152769209968e-01 1.327068658133e+02
18 48 4 2.95370110 1.27403722 2.57677414 1.69979084 6.29423416 7.475781945647e+00 1.539362968143e-01 4.460019215672e+00 8.392180566609e-01 1.343747314248e+02
18 49 4 2.95370110 1.27403722 2.57677414 1.69979084 6.29423416 8.142526665960e+00 1.797151455459e-01 4.830911558065e+00 8.717615544939e-01 1.306404613838e+02
18 50 4 2.95370110 1.27403722 2.57677414 1.69979084 6.29423416 7.964370451256e+00 2.161723740736e-01 4.488947139561e+00 9.100790876685e-01 1.271042351729e+02
18 51 4 2.95370110 1.27403722 2.57677414 1.69979084 6.29423416 7.353287379073e+00 2.613952166742e-01 4.177708747812e+00 9.440129891212e-01 1.275041919237e+02
18 52 4 2.95370110 1.27403722 2.57677414 1.69979084 6.29423416 7.248507261863e+00 3.123713374115e-01 4.620684049567e+00 9.655415070656e-01 1.253763170620e+02
18 53 4 2.95370110 1.27403722 2.57677414 1.69979084 6.29423416 8.098535032529e+00 3.669734580250e-01 5.391624878433e+00 9.851811883886e-01 1.176602101488e+02
18 54 4 2.95370110 1.27403722 2.57677414 1.69979084 6.29423416 9.355401543460e+00 4.243589051484e-01 5.529833812099e+00 1.012246506258e+00 1.184178999457e+02
18 55 4 2.95370110 1.27403722 2.57677414 1.69979084 6.29423416 1.003558893539e+01 4.781082684448e-01 5.071905874687e+00 1.049386211816e+00 1.270070248970e+02
18 56 4 2.95370110 1.27403722 2.57677414 1.69979084 6.29423416 9.641815606212e+00 5.243833329681e-01 4.990297912669e+00 1.099877421369e+00 1.348208686449e+02
18 57 4 2.95370110 1.27403722 2.57677414 1.69979084 6.29423416 8.876658155574e+00 5.668087467056e-01 5.690276818979e+00 1.155605690183e+00 1.425005590547e+02
18 58 4 2.95370110 1.27403722 2.57677414 1.69979084 6.29423416 8.928251835597e+00 6.061295945472e-01 6.370206000556e+00 1.207618749024e+00 1.552000084801e+02
18 59 4 2.95370110 1.27403722 2.57677414 1.69979084 6.29423416 1.017772338627e+01 6.407844572022e-01 6.263015461765e+00 1.249177305078e+00 1.776956819006e+02
18 60 4 2.95370110 1.27403722 2.57677414 1.69979084 6.29423416 1.174634385584e+01 6.660389652400e-01 5.868775634321e+00 1.279784308859e+00 1.939867703538e+02
18 61 4 2.95370110 1.27403722 2.57677414 1.69979084 6.29423416 1.237060694946e+01 6.755201091588e-01 6.174416869033e+00 1.315443156723e+00 2.001664455196e+02
18 62 4 2.95370110 1.27403722 2.57677414 1.69979084 6.29423416 1.175524219797e+01 6.728138359234e-01 7.101236890216e+00 1.357483400559e+00 2.108855617152e+02
18 63 4 2.95370110 1.27403722 2.57677414 1.69979084 6.29423416 1.090162279777e+01 6.613595341023e-01 7.634394424296e+00 1.395462770534e+00 2.214212602874e+02
20 0 4 2.08981298 1.40449955 2.07073872 1.83454994 16.40494228 2.951734425842e+00 9.621052505564e-01 2.767363752989e+00 1.779811424620e+00 3.081818816846e+03
20 1 4 2.08981298 1.40449955 2.07073872 1.83454994 16.40494228 2.832885199296e+00 9.342573820108e-01 3.132906900885e+00 1.727429064745e+00 3.011406337798e+03
20 2 4 2.08981298 1.40449955 2.07073872 1.83454994 16.40494228 2.695636870887e+00 8.948126601182e-01 3.331223972218e+00 1.675919030983e+00 2.902968854952e+03
20 3 4 2.08981298 1.40449955 2.07073872 1.83454994 16.40494228 2.599370300046e+00 8.412116414361e-01 3.292354485016e+00 1.613018313877e+00 2.816319081067e+03
20 4 4 2.08981298 1.40449955 2.07073872 1.83454994 16.40494228 2.521968233244e+00 7.858432693512e-01 2.947519136388e+00 1.548844992449e+00 2.759530624666e+03
20 5 4 2.08981298 1.40449955 2.07073872 1.83454994 16.40494228 2.465083650466e+00 7.298209492188e-01 2.453646162307e+00 1.485628620215e+00 2.675109716234e+03
20 6 4 2.08981298 1.40449955 2.07073872 1.83454994 16.40494228 2.407752851915e+00 6.671939527377e-01 1.983625065819e+00 1.430026490532e+00 2.583681814002e+03
20 7 4 2.08981298 1.40449955 2.07073872 1.83454994 16.40494228 2.327162868460e+00 5.976159551175e-01 1.697897373414e+00 1.382801907562e+00 2.526018661751e+03
20 8 4 2.08981298 1.40449955 2.07073872 1.83454994 16.40494228 2.247568567165e+00 5.256103829715e-01 1.685483290386e+00 1.348485288379e+00 2.462601334745e+03
20 9 4 2.08981298 1.40449955 2.07073872 1.83454994 16.40494228 2.157880570233e+00 4.570944629191e-01 1.854400186654e+00 1.312484404065e+00 2.374925666192e+03
20 10 4 2.08981298 1.40449955 2.07073872 1.83454994 16.40494228 2.071258030266e+00 3.932192325264e-01 2.114526177416e+00 1.265130471374e+00 2.312383817076e+03
20 11 4 2.08981298 1.40449955 2.07073872 1.83454994 16.40494228 1.993573897913e+00 3.376851884514e-01 2.298238673180e+00 1.215080725261e+00 2.265433951339e+03
20 12 4 2.08981298 1.40449955 2.07073872 1.83454994 16.40494228 1.921201663051e+00 2.929561742943e-01 2.377942117321e+00 1.170914458842e+00 2.192649025960e+03
20 13 4 2.08981298 1.40449955 2.07073872 1.83454994 16.40494228 1.868654389438e+00 2.587363999222e-01 2.239758721806e+00 1.136344899346e+00 2.126710324817e+03
20 14 4 2.08981298 1.40449955 2.07073872 1.83454994 16.40494228 1.803845898941e+00 2.305925578835e-01 1.986697847025e+00 1.095535754779e+00 2.088602131634e+03
20 15 4 2.08981298 1.40449955 2.07073872 1.83454994 16.40494228 1.735784343272e+00 2.108249437734e-01 1.636157744231e+00 1.055262048423e+00 2.037415191543e+03
20 16 4 2.08981298 1.40449955 2.07073872 1.83454994 16.40494228 1.678416878671e+00 2.012927361471e-01 1.348117270717e+00 1.019696626998e+00 1.973307336705e+03
20 17 4 2.08981298 1.40449955 2.07073872 1.83454994 16.40494228 1.620722608967e+00 2.013047225986e-01 1.198579475345e+00 9.911911575244e-01 1.936081366958e+03
20 18 4 2.08981298 1.40449955 2.07073872 1.83454994 16.40494228 1.585032618739e+00 2.075161659833e-01 1.244907216834e+00 9.637029237008e-01 1.903587885496e+03
20 19 4 2.08981298 1.40449955 2.07073872 1.83454994 16.40494228 1.545031070562e+00 2.189574609347e-01 1.409113792725e+00 9.355867972581e-01 1.851766884013e+03
20 20 4 2.08981298 1.40449955 2.07073872 1.83454994 16.40494228 1.524170567447e+00 2.368260419062e-01 1.624152275318e+00 9.109349102263e-01 1.813735620794e+03
20 21 4 2.08981298 1.40449955 2.07073872 1.83454994 16.40494228 1.510965392920e+00 2.571732819574e-01 1.764293416815e+00 8.873417395905e-01 1.794959470047e+03
20 22 4 2.08981298 1.40449955 2.07073872 1.83454994 16.40494228 1.480628512150e+00 2.767453605854e-01 1.770966031635e+00 8.609296821172e-01 1.760667179606e+03
20 23 4 2.08981298 1.40449955 2.07073872 1.83454994 16.40494228 1.454433949645e+00 2.966279832845e-01 1.650881470851e+00 8.405087843321e-01 1.724613206998e+03
20 24 4 2.08981298 1.40449955 2.07073872 1.83454994 16.40494228 1.414509085055e+00 3.172494746653e-01 1.419667953900e+00 8.271718063693e-01 1.712411278283e+03
20 25 4 2.08981298 1.40449955 2.07073872 1.83454994 16.40494228 1.394947030306e+00 3.401864215789e-01 1.189014931219e+00 8.250798044499e-01 1.696205177373e+03
20 26 4 2.08981298 1.40449955 2.07073872 1.83454994 16.40494228 1.357886596416e+00 3.594542184811e-01 1.014445663375e+00 8.211926814263e-01 1.665932135782e+03
20 27 4 2.08981298 1.40449955 2.07073872 1.83454994 16.40494228 1.336107470928e+00 3.767360546147e-01 9.909858074950e-01 8.152294961355e-01 1.653789007560e+03
20 28 4 2.08981298 1.40449955 2.07073872 1.83454994 16.40494228 1.326449722993e+00 3.897508970819e-01 1.081021215017e+00 8.033738878608e-01 1.653931779017e+03
20 29 4 2.08981298 1.40449955 2.07073872 1.83454994 16.40494228 1.315857515562e+00 3.970537914530e-01 1.281984986453e+00 7.832740270372e-01 1.637137386620e+03
20 30 4 2.08981298 1.40449955 2.07073872 1.83454994 16.40494228 1.321889943320e+00 4.025582947128e-01 1.471559899496e+00 7.668571784112e-01 1.627215102390e+03
20 31 4 2.08981298 1.40449955 2.07073872 1.83454994 16.40494228 1.307083075034e+00 4.080362537302e-01 1.602600105471e+00 7.631078729450e-01 1.637588652320e+03
20 32 4 2.08981298 1.40449955 2.07073872 1.83454994 16.40494228 1.326413174016e+00 4.195484485665e-01 1.604322584507e+00 7.838594257075e-01 1.642012004766e+03
20 33 4 2.08981298 1.40449955 2.07073872 1.83454994 16.40494228 1.336215523354e+00 4.277131328285e-01 1.492938920610e+00 8.098629531637e-01 1.637117599056e+03
20 34 4 2.08981298 1.40449955 2.07073872 1.83454994 16.40494228 1.346602672776e+00 4.278393406873e-01 1.292992556333e+00 8.276642371582e-01 1.653754488154e+03
20 35 4 2.08981298 1.40449955 2.07073872 1.83454994 16.40494228 1.372646911931e+00 4.185661786908e-01 1.111036475111e+00 8.327180494869e-01 1.675650680217e+03
20 36 4 2.08981298 1.40449955 2.07073872 1.83454994 16.40494228 1.393103437063e+00 4.025677111612e-01 1.015361528295e+00 8.327239299576e-01 1.679952786802e+03
20 37 4 2.08981298 1.40449955 2.07073872 1.83454994 16.40494228 1.429705141937e+00 3.831886729316e-01 1.059426325737e+00 8.366010492947e-01 1.696745324163e+03
20 38 4 2.08981298 1.40449955 2.07073872 1.83454994 16.40494228 1.444560725431e+00 3.602990479294e-01 1.246933923479e+00 8.462136338044e-01 1.731321933415e+03
20 39 4 2.08981298 1.40449955 2.07073872 1.83454994 16.40494228 1.466154400302e+00 3.358615375370e-01 1.499991092892e+00 8.660557406666e-01 1.751063228361e+03
20 40 4 2.08981298 1.40449955 2.07073872 1.83454994 16.40494228 1.491368141082e+00 3.121809405160e-01 1.751114142111e+00 8.958261676665e-01 1.767504346145e+03
20 41 4 2.08981298 1.40449955 2.07073872 1.83454994 16.40494228 1.508820723853e+00 2.853453177825e-01 1.880804965729e+00 9.235948886266e-01 1.810193172934e+03
20 42 4 2.08981298 1.40449955 2.07073872 1.83454994 16.40494228 1.535930662283e+00 2.586492344104e-01 1.881872925598e+00 9.497183651654e-01 1.850301308754e+03
20 43 4 2.08981298 1.40449955 2.07073872 1.83454994 16.40494228 1.563747885284e+00 2.339834002823e-01 1.707197123169e+00 9.716379027121e-01 1.874322674748e+03
20 44 4 2.08981298 1.40449955 2.07073872 1.83454994 16.40494228 1.623933564520e+00 2.168080205921e-01 1.498666227821e+00 9.999481622957e-01 1.918246217542e+03
20 45 4 2.08981298 1.40449955 2.07073872 1.83454994 16.40494228 1.677563013671e+00 2.060065035284e-01 1.316128920587e+00 1.028304318422e+00 1.976858112132e+03
20 46 4 2.08981298 1.40449955 2.07073872 1.83454994 16.40494228 1.739618544640e+00 2.014052684091e-01 1.294316835720e+00 1.058052777001e+00 2.013820650534e+03
20 47 4 2.08981298 1.40449955 2.07073872 1.83454994 16.40494228 1.809633601582e+00 2.070818766293e-01 1.443010108189e+00 1.094875671510e+00 2.056510306566e+03
20 48 4 2.08981298 1.40449955 2.07073872 1.83454994 16.40494228 1.870304627858e+00 2.227856539917e-01 1.750801799929e+00 1.133597976117e+00 2.125519450148e+03
20 49 4 2.08981298 1.40449955 2.07073872 1.83454994 16.40494228 1.942149164079e+00 2.474299607054e-01 2.092429083991e+00 1.172520109361e+00 2.181234395385e+03
20 50 4 2.08981298 1.40449955 2.07073872 1.83454994 16.40494228 1.994944312000e+00 2.790491942831e-01 2.403309951228e+00 1.204514425477e+00 2.223330427785e+03
20 51 4 2.08981298 1.40449955 2.07073872 1.83454994 16.40494228 2.069885385733e+00 3.221948833988e-01 2.547808193181e+00 1.245214470642e+00 2.295724353062e+03
20 52 4 2.08981298 1.40449955 2.07073872 1.83454994 16.40494228 2.151595457399e+00 3.774129366453e-01 2.478553096492e+00 1.291231489855e+00 2.372965662292e+03
20 53 4 2.08981298 1.40449955 2.07073872 1.83454994 16.40494228 2.227755772835e+00 4.405864642036e-01 2.245813593197e+00 1.333601897241e+00 2.422261072671e+03
20 54 4 2.08981298 1.40449955 2.07073872 1.83454994 16.40494228 2.306510260237e+00 5.072956943644e-01 1.922125621006e+00 1.366817679415e+00 2.488641540717e+03
20 55 4 2.08981298 1.40449955 2.07073872 1.83454994 16.40494228 2.370654907238e+00 5.774329297294e-01 1.739259871259e+00 1.405667404014e+00 2.581133793891e+03
20 56 4 2.08981298 1.40449955 2.07073872 1.83454994 16.40494228 2.442360384148e+00 6.470370660227e-01 1.784549264702e+00 1.460308547801e+00 2.647489911872e+03
20 57 4 2.08981298 1.40449955 2.07073872 1.83454994 16.40494228 2.510702499708e+00 7.148175859722e-01 2.139993819639e+00 1.526369852776e+00 2.706564657634e+03
20 58 4 2.08981298 1.40449955 2.07073872 1.83454994 16.40494228 2.587522664261e+00 7.807988972411e-01 2.622474891408e+00 1.589480034810e+00 2.803842513833e+03
20 59 4 2.08981298 1.40449955 2.07073872 1.83454994 16.40494228 2.699306196353e+00 8.508369775437e-01 3.144727356580e+00 1.651187532556e+00 2.894555784529e+03
20 60 4 2.08981298 1.40449955 2.07073872 1.83454994 16.40494228 2.824974466736e+00 9.191598640328e-01 3.447650258487e+00 1.705932887058e+00 2.954895989752e+03
20 61 4 2.08981298 1.40449955 2.07073872 1.83454994 16.40494228 2.969484662268e+00 9.754025910416e-01 3.526240547993e+00 1.756909351367e+00 3.050524324570e+03
20 62 4 2.08981298 1.40449955 2.07073872 1.83454994 16.40494228 3.092655995000e+00 1.015831486290e+00 3.309655822124e+00 1.809763830332e+00 3.164720519423e+03
20 63 4 2.08981298 1.40449955 2.07073872 1.83454994 16.40494228 3.196859886398e+00 1.047487423056e+00 2.952609217238e+00 1.877053444888e+00 3.236941301617e+03
23 0 4 1.37577772 1.39256950 1.37882023 1.59145232 4.19709001 5.773642453689e-01 6.117967275894e-01 5.939369175019e-01 1.015742174492e+00 4.032564375905e+01
23 1 4 1.37577772 1.39256950 1.37882023 1.59145232 4.19709001 5.782142144720e-01 5.910307804677e-01 5.672254966999e-01 9.710016375944e-01 4.035494807347e+01
23 2 4 1.37577772 1.39256950 1.37882023 1.59145232 4.19709001 5.639684980599e-01 5.663637544883e-01 5.298059518219e-01 9.316327281693e-01 4.001801101588e+01
23 3 4 1.37577772 1.39256950 1.37882023 1.59145232 4.19709001 5.164980278078e-01 5.345750562750e-01 5.454498358252e-01 9.009372071534e-01 3.653503618174e+01
23 4 4 1.37577772 1.39256950 1.37882023 1.59145232 4.19709001 5.377868519746e-01 5.097964725702e-01 4.874412154791e-01 8.772761915900e-01 3.544826264174e+01
23 5 4 1.37577772 1.39256950 1.37882023 1.59145232 4.19709001 4.870665963956e-01 4.959232647514e-01 4.850902054055e-01 8.524893716860e-01 3.591011253212e+01
23 6 4 1.37577772 1.39256950 1.37882023 1.59145232 4.19709001 4.818021447132e-01 4.877903296210e-01 4.743222087208e-01 8.235010526428e-01 3.348488119636e+01
23 7 4 1.37577772 1.39256950 1.37882023 1.59145232 4.19709001 4.669956707795e-01 4.758115702996e-01 4.328723227280e-01 7.907869518893e-01 3.173419774739e+01
23 8 4 1.37577772 1.39256950 1.37882023 1.59145232 4.19709001 4.269235309072e-01 4.613537577500e-01 4.544122659757e-01 7.594555040811e-01 3.256175191013e+01
23 9 4 1.37577772 1.39256950 1.37882023 1.59145232 4.19709001 4.428756333388e-01 4.483190725585e-01 4.218172396795e-01 7.331877008343e-01 3.122408441959e+01
23 10 4 1.37577772 1.39256950 1.37882023 1.59145232 4.19709001 4.010424531303e-01 4.368645300348e-01 4.091686595661e-01 7.120443089753e-01 2.896144053987e+01
23 11 4 1.37577772 1.39256950 1.37882023 1.59145232 4.19709001 3.942897527299e-01 4.214428734652e-01 4.100465850511e-01 6.929460981308e-01 2.926178465262e+01
23 12 4 1.37577772 1.39256950 1.37882023 1.59145232 4.19709001 3.797493151393e-01 4.032932097221e-01 3.637386037297e-01 6.711436714312e-01 2.875212183106e+01
23 13 4 1.37577772 1.39256950 1.37882023 1.59145232 4.19709001 3.467595285630e-01 3.851003497204e-01 3.737893075299e-01 6.473072851585e-01 2.641322360194e+01
23 14 4 1.37577772 1.39256950 1.37882023 1.59145232 4.19709001 3.559713826915e-01 3.698988804376e-01 3.509761085839e-01 6.236966668794e-01 2.598795925678e+01
23 15 4 1.37577772 1.39256950 1.37882023 1.59145232 4.19709001 3.243276748975e-01 3.573191003726e-01 3.317694496763e-01 6.051593033132e-01 2.622373243815e+01
23 16 4 1.37577772 1.39256950 1.37882023 1.59145232 4.19709001 3.234668199865e-01 3.455733120964e-01 3.458729843379e-01 5.898658482588e-01 2.436362220316e+01
23 17 4 1.37577772 1.39256950 1.37882023 1.59145232 4.19709001 3.145756646620e-01 3.344062319735e-01 3.159737260572e-01 5.758078633643e-01 2.338331479957e+01
23 18 4 1.37577772 1.39256950 1.37882023 1.59145232 4.19709001 2.959506250352e-01 3.224024873633e-01 3.207730154913e-01 5.587685767477e-01 2.394267213847e+01
23 19 4 1.37577772 1.39256950 1.37882023 1.59145232 4.19709001 3.060982960288e-01 3.115893820645e-01 3.123794638829e-01 5.407074360106e-01 2.281452573662e+01
23 20 4 1.37577772 1.39256950 1.37882023 1.59145232 4.19709001 2.752707459163e-01 3.039043679765e-01 2.875201652228e-01 5.236095028705e-01 2.150298871311e+01
23 21 4 1.37577772 1.39256950 1.37882023 1.59145232 4.19709001 2.777526435567e-01 2.986546323318e-01 3.021004684923e-01 5.095476513837e-01 2.197887415744e+01
23 22 4 1.37577772 1.39256950 1.37882023 1.59145232 4.19709001 2.661101557044e-01 2.948690131575e-01 2.782288778008e-01 4.952551719984e-01 2.175999170687e+01
23 23 4 1.37577772 1.39256950 1.37882023 1.59145232 4.19709001 2.496738888342e-01 2.886977101346e-01 2.748799499066e-01 4.815450262396e-01 2.037554999396e+01
23 24 4 1.37577772 1.39256950 1.37882023 1.59145232 4.19709001 2.656523341076e-01 2.822873180541e-01 2.802739034945e-01 4.707086101552e-01 2.053987121839e+01
23 25 4 1.37577772 1.39256950 1.37882023 1.59145232 4.19709001 2.412730315334e-01 2.753352498959e-01 2.559985196868e-01 4.675829012722e-01 2.096135567874e+01
23 26 4 1.37577772 1.39256950 1.37882023 1.59145232 4.19709001 2.507950422447e-01 2.719872852723e-01 2.680423505174e-01 4.719758055692e-01 1.965868424605e+01
23 27 4 1.37577772 1.39256950 1.37882023 1.59145232 4.19709001 2.509507305719e-01 2.703372672123e-01 2.526529734006e-01 4.745859971368e-01 1.931586439714e+01
23 28 4 1.37577772 1.39256950 1.37882023 1.59145232 4.19709001 2.380062132010e-01 2.678734856765e-01 2.453187039853e-01 4.673833725117e-01 1.997840842643e+01
23 29 4 1.37577772 1.39256950 1.37882023 1.59145232 4.19709001 2.547111509311e-01 2.597201062589e-01 2.589450795363e-01 4.488099259465e-01 1.920242834620e+01
23 30 4 1.37577772 1.39256950 1.37882023 1.59145232 4.19709001 2.382417648835e-01 2.512215071273e-01 2.396815270217e-01 4.327279353704e-01 1.859294485271e+01
23 31 4 1.37577772 1.39256950 1.37882023 1.59145232 4.19709001 2.454648618483e-01 2.497007273086e-01 2.527443803317e-01 4.297139881527e-01 1.947866833338e+01
23 32 4 1.37577772 1.39256950 1.37882023 1.59145232 4.19709001 2.501859863810e-01 2.604446933021e-01 2.557673798340e-01 4.464680995332e-01 1.969338898789e+01
23 33 4 1.37577772 1.39256950 1.37882023 1.59145232 4.19709001 2.454422234888e-01 2.736357633726e-01 2.486885205803e-01 4.682779597298e-01 1.900903420301e+01
23 34 4 1.37577772 1.39256950 1.37882023 1.59145232 4.19709001 2.616814568166e-01 2.816099134075e-01 2.721673960008e-01 4.823340289129e-01 1.990123555471e+01
23 35 4 1.37577772 1.39256950 1.37882023 1.59145232 4.19709001 2.497811042974e-01 2.817278822952e-01 2.603526851227e-01 4.813120631247e-01 2.081556115355e+01
23 36 4 1.37577772 1.39256950 1.37882023 1.59145232 4.19709001 2.654559186481e-01 2.817206466639e-01 2.738481118354e-01 4.731954623976e-01 2.002996873203e+01
23 37 4 1.37577772 1.39256950 1.37882023 1.59145232 4.19709001 2.671695501156e-01 2.858387358708e-01 2.878222598937e-01 4.711772599694e-01 2.043070419282e+01
23 38 4 1.37577772 1.39256950 1.37882023 1.59145232 4.19709001 2.685064568344e-01 2.924979382142e-01 2.730609427157e-01 4.801208280464e-01 2.165659592623e+01
23 39 4 1.37577772 1.39256950 1.37882023 1.59145232 4.19709001 2.931871926485e-01 2.994702011334e-01 2.978414698063e-01 4.982800216806e-01 2.119088154890e+01
23 40 4 1.37577772 1.39256950 1.37882023 1.59145232 4.19709001 2.800040966853e-01 3.042210662717e-01 2.918356172719e-01 5.145284382571e-01 2.108610010212e+01
23 41 4 1.37577772 1.39256950 1.37882023 1.59145232 4.19709001 3.094475559107e-01 3.094646401767e-01 2.967847034068e-01 5.301709881865e-01 2.260564310538e+01
23 42 4 1.37577772 1.39256950 1.37882023 1.59145232 4.19709001 3.163769039886e-01 3.162295643462e-01 3.196849166367e-01 5.426433933586e-01 2.298019039495e+01
23 43 4 1.37577772 1.39256950 1.37882023 1.59145232 4.19709001 3.147128331441e-01 3.268472561926e-01 3.051155932989e-01 5.583313070629e-01 2.250482197150e+01
23 44 4 1.37577772 1.39256950 1.37882023 1.59145232 4.19709001 3.447748923224e-01 3.393492185576e-01 3.319670151606e-01 5.737047539854e-01 2.408968977405e+01
23 45 4 1.37577772 1.39256950 1.37882023 1.59145232 4.19709001 3.274447569835e-01 3.517585232774e-01 3.369007361409e-01 5.878181237253e-01 2.528518074707e+01
23 46 4 1.37577772 1.39256950 1.37882023 1.59145232 4.19709001 3.540070072872e-01 3.626391080947e-01 3.294672516411e-01 6.008927409481e-01 2.465824749120e+01
23 47 4 1.37577772 1.39256950 1.37882023 1.59145232 4.19709001 3.663764020572e-01 3.741380548958e-01 3.639535677583e-01 6.159235118158e-01 2.584122025272e+01
23 48 4 1.37577772 1.39256950 1.37882023 1.59145232 4.19709001 3.666366908060e-01 3.863204081429e-01 3.525598981624e-01 6.373423300560e-01 2.779088895641e+01
23 49 4 1.37577772 1.39256950 1.37882023 1.59145232 4.19709001 4.042087454167e-01 4.008914965836e-01 3.804798447418e-01 6.608451519355e-01 2.745716661790e+01
23 50 4 1.37577772 1.39256950 1.37882023 1.59145232 4.19709001 3.949858813064e-01 4.157038336828e-01 4.036290095702e-01 6.853761445727e-01 2.791884685110e+01
23 51 4 1.37577772 1.39256950 1.37882023 1.59145232 4.19709001 4.299413439360e-01 4.298248922014e-01 3.945239379401e-01 7.054805730501e-01 3.036951486377e+01
23 52 4 1.37577772 1.39256950 1.37882023 1.59145232 4.19709001 4.414178897097e-01 4.402378149909e-01 4.399937933855e-01 7.261802179010e-01 3.064898459512e+01
23 53 4 1.37577772 1.39256950 1.37882023 1.59145232 4.19709001 4.407958489087e-01 4.483783921694e-01 4.298201977460e-01 7.506170430221e-01 3.027674957772e+01
23 54 4 1.37577772 1.39256950 1.37882023 1.59145232 4.19709001 4.779318079586e-01 4.599980418091e-01 4.394648644917e-01 7.810069232224e-01 3.280003414832e+01
23 55 4 1.37577772 1.39256950 1.37882023 1.59145232 4.19709001 4.620043876341e-01 4.746648877445e-01 4.744715837205e-01 8.154121278653e-01 3.409752811466e+01
23 56 4 1.37577772 1.39256950 1.37882023 1.59145232 4.19709001 5.046873661552e-01 4.900690307937e-01 4.586694986118e-01 8.472916298533e-01 3.348190444945e+01
23 57 4 1.37577772 1.39256950 1.37882023 1.59145232 4.19709001 5.139569635288e-01 5.047177381575e-01 5.110895296592e-01 8.761315808889e-01 3.576670287747e+01
23 58 4 1.37577772 1.39256950 1.37882023 1.59145232 4.19709001 5.161130975040e-01 5.263245545660e-01 5.229859449989e-01 9.021699938551e-01 3.850299125667e+01
23 59 4 1.37577772 1.39256950 1.37882023 1.59145232 4.19709001 5.603043438473e-01 5.583305419206e-01 5.272136764529e-01 9.322856219571e-01 3.809334038212e+01
23 60 4 1.37577772 1.39256950 1.37882023 1.59145232 4.19709001 5.402402090696e-01 5.895901683852e-01 5.861050813749e-01 9.718473770680e-01 3.950282158697e+01
23 61 4 1.37577772 1.39256950 1.37882023 1.59145232 4.19709001 5.916538735699e-01 6.125839239370e-01 5.611815380005e-01 1.017613428493e+00 4.310399619220e+01
23 62 4 1.37577772 1.39256950 1.37882023 1.59145232 4.19709001 5.988276947201e-01 6.269151961608e-01 6.047599100913e-01 1.065681573455e+00 4.314527129332e+01
23 63 4 1.37577772 1.39256950 1.37882023 1.59145232 4.19709001 6.036636305458e-01 6.462525022465e-01 6.334581541207e-01 1.104614480423e+00 4.328612521296e+01
28 0 4 1.67023588 1.50613567 1.73131513 1.87889835 7.69473275 8.950911427298e-01 7.979580094614e-01 1.423556157857e+00 1.929202887603e+00 3.527579876202e+02
28 1 4 1.67023588 1.50613567 1.73131513 1.87889835 7.69473275 9.832281644150e-01 7.777493783123e-01 1.376973132400e+00 1.888027349949e+00 3.457183082590e+02
28 2 4 1.67023588 1.50613567 1.73131513 1.87889835 7.69473275 9.719348166678e-01 7.617655814593e-01 1.332786482922e+00 1.832577342716e+00 3.279864423262e+02
28 3 4 1.67023588 1.50613567 1.73131513 1.87889835 7.69473275 1.027745528907e+00 7.395004660941e-01 1.282610151748e+00 1.751936677680e+00 3.180564647707e+02
28 4 4 1.67023588 1.50613567 1.73131513 1.87889835 7.69473275 1.095462255018e+00 7.174608631887e-01 1.241586085224e+00 1.667686903433e+00 3.152394676398e+02
28 5 4 1.67023588 1.50613567 1.73131513 1.87889835 7.69473275 1.084175294742e+00 6.951405883228e-01 1.200596268243e+00 1.604592916618e+00 3.015504960711e+02
28 6 4 1.67023588 1.50613567 1.73131513 1.87889835 7.69473275 1.176999136266e+00 6.726650923002e-01 1.156901888114e+00 1.560237755774e+00 2.870473292397e+02
28 7 4 1.67023588 1.50613567 1.73131513 1.87889835 7.69473275 1.150282274834e+00 6.481091264373e-01 1.115591465594e+00 1.524416380978e+00 2.832482485716e+02
28 8 4 1.67023588 1.50613567 1.73131513 1.87889835 7.69473275 1.159729885623e+00 6.228900152289e-01 1.070624160072e+00 1.481997620765e+00 2.750766190865e+02
28 9 4 1.67023588 1.50613567 1.73131513 1.87889835 7.69473275 1.182306374979e+00 6.032435079495e-01 1.031093743219e+00 1.434317385664e+00 2.602221772443e+02
28 10 4 1.67023588 1.50613567 1.73131513 1.87889835 7.69473275 1.100267429654e+00 5.860057523941e-01 9.912567015701e-01 1.382769589503e+00 2.537040519957e+02
28 11 4 1.67023588 1.50613567 1.73131513 1.87889835 7.69473275 1.097924390140e+00 5.673005749776e-01 9.649267533300e-01 1.328903305776e+00 2.502402731248e+02
28 12 4 1.67023588 1.50613567 1.73131513 1.87889835 7.69473275 9.996212912730e-01 5.421579386578e-01 9.418174106289e-01 1.278785178179e+00 2.384505395490e+02
28 13 4 1.67023588 1.50613567 1.73131513 1.87889835 7.69473275 9.068362987429e-01 5.160968072830e-01 9.109158670225e-01 1.233939426669e+00 2.295528742688e+02
28 14 4 1.67023588 1.50613567 1.73131513 1.87889835 7.69473275 8.567934874903e-01 4.954892107122e-01 8.751992277135e-01 1.199756353291e+00 2.284710114630e+02
28 15 4 1.67023588 1.50613567 1.73131513 1.87889835 7.69473275 7.264818290684e-01 4.820756939139e-01 8.411473320089e-01 1.166173806360e+00 2.216647702651e+02
28 16 4 1.67023588 1.50613567 1.73131513 1.87889835 7.69473275 6.785075963371e-01 4.721355330043e-01 8.056327015636e-01 1.133056733434e+00 2.118727675833e+02
28 17 4 1.67023588 1.50613567 1.73131513 1.87889835 7.69473275 5.940309672273e-01 4.608645919162e-01 7.796847998882e-01 1.096399980282e+00 2.093207944175e+02
28 18 4 1.67023588 1.50613567 1.73131513 1.87889835 7.69473275 5.265892643944e-01 4.475405316306e-01 7.592180267209e-01 1.061928264398e+00 2.067156790770e+02
28 19 4 1.67023588 1.50613567 1.73131513 1.87889835 7.69473275 5.150358254582e-01 4.340564855997e-01 7.427865074002e-01 1.032261767954e+00 1.977379530641e+02
28 20 4 1.67023588 1.50613567 1.73131513 1.87889835 7.69473275 4.539677680940e-01 4.221013755035e-01 7.211691864209e-01 1.005253877358e+00 1.931503517554e+02
28 21 4 1.67023588 1.50613567 1.73131513 1.87889835 7.69473275 4.645859306583e-01 4.142326093197e-01 6.991272159124e-01 9.828303448240e-01 1.931883589941e+02
28 22 4 1.67023588 1.50613567 1.73131513 1.87889835 7.69473275 4.567354149338e-01 4.077181858830e-01 6.867780099913e-01 9.572312245148e-01 1.877630213887e+02
28 23 4 1.67023588 1.50613567 1.73131513 1.87889835 7.69473275 4.616977884336e-01 4.004553671036e-01 6.749707546208e-01 9.315458761210e-01 1.818355083637e+02
28 24 4 1.67023588 1.50613567 1.73131513 1.87889835 7.69473275 5.170738625571e-01 3.881500888423e-01 6.679030417461e-01 9.046995508600e-01 1.822911157145e+02
28 25 4 1.67023588 1.50613567 1.73131513 1.87889835 7.69473275 5.173964054070e-01 3.751075337770e-01 6.626415265694e-01 8.905626110055e-01 1.811998124435e+02
28 26 4 1.67023588 1.50613567 1.73131513 1.87889835 7.69473275 5.799957710230e-01 3.667752333883e-01 6.534963611771e-01 8.915561282131e-01 1.753895954540e+02
28 27 4 1.67023588 1.50613567 1.73131513 1.87889835 7.69473275 6.158688250245e-01 3.643386908733e-01 6.390482498216e-01 9.001102331956e-01 1.745166552487e+02
28 28 4 1.67023588 1.50613567 1.73131513 1.87889835 7.69473275 6.402687391412e-01 3.621782377503e-01 6.272572161592e-01 8.968899279156e-01 1.761503492274e+02
28 29 4 1.67023588 1.50613567 1.73131513 1.87889835 7.69473275 7.017647142121e-01 3.528788990753e-01 6.204274970474e-01 8.713005717290e-01 1.721742072431e+02
28 30 4 1.67023588 1.50613567 1.73131513 1.87889835 7.69473275 6.937693384220e-01 3.433369574800e-01 6.193304404806e-01 8.441406224726e-01 1.698541096323e+02
28 31 4 1.67023588 1.50613567 1.73131513 1.87889835 7.69473275 7.213324443344e-01 3.417946996979e-01 6.179261038466e-01 8.365970351593e-01 1.731135444574e+02
28 32 4 1.67023588 1.50613567 1.73131513 1.87889835 7.69473275 7.284239833347e-01 3.551737204681e-01 6.266532662267e-01 8.632023196706e-01 1.740848446111e+02
28 33 4 1.67023588 1.50613567 1.73131513 1.87889835 7.69473275 7.007022610626e-01 3.716155381131e-01 6.360094014688e-01 8.975225233077e-01 1.718424081107e+02
28 34 4 1.67023588 1.50613567 1.73131513 1.87889835 7.69473275 7.085226212434e-01 3.818409774026e-01 6.456511015805e-01 9.154791558543e-01 1.752999275053e+02
28 35 4 1.67023588 1.50613567 1.73131513 1.87889835 7.69473275 6.528388134774e-01 3.833113203544e-01 6.589928334622e-01 9.095584156432e-01 1.797705482845e+02
28 36 4 1.67023588 1.50613567 1.73131513 1.87889835 7.69473275 6.304234056796e-01 3.852729296182e-01 6.701341724362e-01 8.987129693631e-01 1.780507548831e+02
28 37 4 1.67023588 1.50613567 1.73131513 1.87889835 7.69473275 5.991252464432e-01 3.946377234397e-01 6.766918355666e-01 9.069592002314e-01 1.793860952002e+02
28 38 4 1.67023588 1.50613567 1.73131513 1.87889835 7.69473275 5.437344607160e-01 4.061776575100e-01 6.802583185909e-01 9.331727538278e-01 1.856746731977e+02
28 39 4 1.67023588 1.50613567 1.73131513 1.87889835 7.69473275 5.356659534245e-01 4.157220509066e-01 6.899905871736e-01 9.678101756932e-01 1.874568805103e+02
28 40 4 1.67023588 1.50613567 1.73131513 1.87889835 7.69473275 4.827094389313e-01 4.188392984814e-01 7.068046639815e-01 9.947377253356e-01 1.875199225404e+02
28 41 4 1.67023588 1.50613567 1.73131513 1.87889835 7.69473275 4.808045354034e-01 4.239113119860e-01 7.260373514876e-01 1.017604624484e+00 1.944949762994e+02
28 42 4 1.67023588 1.50613567 1.73131513 1.87889835 7.69473275 4.826732472412e-01 4.319036226827e-01 7.491459280162e-01 1.038609736181e+00 2.007435832400e+02
28 43 4 1.67023588 1.50613567 1.73131513 1.87889835 7.69473275 4.733435248489e-01 4.451360374149e-01 7.750375530634e-01 1.064873806933e+00 2.009376550821e+02
28 44 4 1.67023588 1.50613567 1.73131513 1.87889835 7.69473275 5.309618943913e-01 4.588775215868e-01 7.921836467439e-01 1.094968947020e+00 2.065420013804e+02
28 45 4 1.67023588 1.50613567 1.73131513 1.87889835 7.69473275 5.465246632804e-01 4.716261988785e-01 8.166733528488e-01 1.127693393935e+00 2.162227016997e+02
28 46 4 1.67023588 1.50613567 1.73131513 1.87889835 7.69473275 6.320676237627e-01 4.835965631304e-01 8.463059174782e-01 1.161982005048e+00 2.189885835673e+02
28 47 4 1.67023588 1.50613567 1.73131513 1.87889835 7.69473275 7.190221135587e-01 4.957560383540e-01 8.821290032167e-01 1.193527635632e+00 2.218505128313e+02
28 48 4 1.67023588 1.50613567 1.73131513 1.87889835 7.69473275 7.773925126598e-01 5.138407672248e-01 9.133742263476e-01 1.227490608088e+00 2.330369495707e+02
28 49 4 1.67023588 1.50613567 1.73131513 1.87889835 7.69473275 9.170474417621e-01 5.367361159769e-01 9.404629733006e-01 1.265263050807e+00 2.404980386036e+02
28 50 4 1.67023588 1.50613567 1.73131513 1.87889835 7.69473275 9.701567456886e-01 5.626265197214e-01 9.660664480399e-01 1.312635561170e+00 2.425703241956e+02
28 51 4 1.67023588 1.50613567 1.73131513 1.87889835 7.69473275 1.076134345998e+00 5.827912248016e-01 9.881363293903e-01 1.363276506577e+00 2.534193804515e+02
28 52 4 1.67023588 1.50613567 1.73131513 1.87889835 7.69473275 1.167821645067e+00 5.972321442364e-01 1.016905230090e+00 1.413297387069e+00 2.661918650434e+02
28 53 4 1.67023588 1.50613567 1.73131513 1.87889835 7.69473275 1.171150147343e+00 6.112520507236e-01 1.060807568946e+00 1.458342724974e+00 2.699764208174e+02
28 54 4 1.67023588 1.50613567 1.73131513 1.87889835 7.69473275 1.268493542842e+00 6.308754530141e-01 1.104332144382e+00 1.501457933860e+00 2.771268563163e+02
28 55 4 1.67023588 1.50613567 1.73131513 1.87889835 7.69473275 1.253191810051e+00 6.557074729442e-01 1.145106450668e+00 1.543764899436e+00 2.928885099726e+02
28 56 4 1.67023588 1.50613567 1.73131513 1.87889835 7.69473275 1.262371827786e+00 6.792006707608e-01 1.186152924951e+00 1.589958950581e+00 3.006531690009e+02
28 57 4 1.67023588 1.50613567 1.73131513 1.87889835 7.69473275 1.282190344228e+00 7.000282195860e-01 1.223960658831e+00 1.649393666009e+00 3.042966113385e+02
28 58 4 1.67023588 1.50613567 1.73131513 1.87889835 7.69473275 1.178925662261e+00 7.212711579135e-01 1.267068503993e+00 1.727811703187e+00 3.192904051239e+02
28 59 4 1.67023588 1.50613567 1.73131513 1.87889835 7.69473275 1.186252778023e+00 7.447036880076e-01 1.306376887920e+00 1.816111621460e+00 3.325616207819e+02
28 60 4 1.67023588 1.50613567 1.73131513 1.87889835 7.69473275 1.096542561715e+00 7.704171066882e-01 1.357700292836e+00 1.890174982607e+00 3.354727697526e+02
28 61 4 1.67023588 1.50613567 1.73131513 1.87889835 7.69473275 1.028530688030e+00 7.949373977525e-01 1.405267762578e+00 1.940392664635e+00 3.470968884170e+02
28 62 4 1.67023588 1.50613567 1.73131513 1.87889835 7.69473275 1.021302938780e+00 8.261886938015e-01 1.453817264754e+00 1.984197768989e+00 3.668849048872e+02
28 63 4 1.67023588 1.50613567 1.73131513 1.87889835 7.69473275 9.353071970871e-01 8.655907626548e-01 1.511980689515e+00 2.057484975218e+00 3.749411445882e+02
