# environment=00264 local_bs=3 gain_scale=3.601095028544e-13
# ue subcarrier serving_bs phi0 phi1 phi2 phi3 phi4 gain0 gain1 gain2 gain3 gain4
1 0 3 0.72348174 0.99124602 0.83063892 1.96248387 0.88162246 3.021251925312e-01 2.590448089590e-03 1.575091115397e+00 1.090926290778e+01 1.069353774892e-03
1 1 3 0.72348174 0.99124602 0.83063892 1.96248387 0.88162246 2.882943751854e-01 2.530760436264e-03 1.547837124265e+00 1.037454409831e+01 1.113961333286e-03
1 2 3 0.72348174 0.99124602 0.83063892 1.96248387 0.88162246 2.745644350016e-01 2.271552384091e-03 1.522539964736e+00 1.174379487249e+01 1.058645721304e-03
1 3 3 0.72348174 0.99124602 0.83063892 1.96248387 0.88162246 2.610448387489e-01 2.263953146259e-03 1.494084264234e+00 1.231577793811e+01 9.248704165715e-04
1 4 3 0.72348174 0.99124602 0.83063892 1.96248387 0.88162246 2.478392258691e-01 2.117325086532e-03 1.461047567441e+00 1.083287940805e+01 7.870532428054e-04
1 5 3 0.72348174 0.99124602 0.83063892 1.96248387 0.88162246 2.350392388688e-01 1.931797192860e-03 1.427796259364e+00 8.887073317050e+00 7.287421021358e-04
1 6 3 0.72348174 0.99124602 0.83063892 1.96248387 0.88162246 2.227197446873e-01 1.931281760194e-03 1.395904115562e+00 8.599078650462e+00 7.968165634890e-04
1 7 3 0.72348174 0.99124602 0.83063892 1.96248387 0.88162246 2.109356364266e-01 1.731273800596e-03 1.363118209544e+00 9.753090547259e+00 9.769985266544e-04
1 8 3 0.72348174 0.99124602 0.83063892 1.96248387 0.88162246 1.997202739785e-01 1.631169368237e-03 1.330994999115e+00 1.001590069964e+01 1.201678712645e-03
1 9 3 0.72348174 0.99124602 0.83063892 1.96248387 0.88162246 1.890855000274e-01 1.588292831239e-03 1.304093233423e+00 8.482641608650e+00 1.384205636370e-03
1 10 3 0.72348174 0.99124602 0.83063892 1.96248387 0.88162246 1.790230630331e-01 1.388425186396e-03 1.281945676287e+00 7.071408411495e+00 1.461022072080e-03
1 11 3 0.72348174 0.99124602 0.83063892 1.96248387 0.88162246 1.695071974089e-01 1.349412116274e-03 1.260162188261e+00 7.514522722161e+00 1.420364576612e-03
1 12 3 0.72348174 0.99124602 0.83063892 1.96248387 0.88162246 1.604980570110e-01 1.251123188924e-03 1.237968636272e+00 8.620704126349e+00 1.304232572568e-03
1 13 3 0.72348174 0.99124602 0.83063892 1.96248387 0.88162246 1.519456725139e-01 1.095741997122e-03 1.217050323592e+00 8.238350918716e+00 1.184281465233e-03
1 14 3 0.72348174 0.99124602 0.83063892 1.96248387 0.88162246 1.437941051263e-01 1.077881761799e-03 1.195525964291e+00 6.697868456387e+00 1.124949323057e-03
1 15 3 0.72348174 0.99124602 0.83063892 1.96248387 0.88162246 1.359854951442e-01 9.442580929724e-04 1.170469408568e+00 6.047232367162e+00 1.152432888836e-03
1 16 3 0.72348174 0.99124602 0.83063892 1.96248387 0.88162246 1.284637491938e-01 8.513628347205e-04 1.143697527227e+00 6.891936806580e+00 1.244066793114e-03
1 17 3 0.72348174 0.99124602 0.83063892 1.96248387 0.88162246 1.211776687580e-01 8.215170247897e-04 1.118665082276e+00 7.723343632663e+00 1.341889634686e-03
1 18 3 0.72348174 0.99124602 0.83063892 1.96248387 0.88162246 1.140833883489e-01 6.884948570995e-04 1.094813366875e+00 7.118254229365e+00 1.382370901197e-03
1 19 3 0.72348174 0.99124602 0.83063892 1.96248387 0.88162246 1.071460582969e-01 6.490913410345e-04 1.070489156028e+00 5.857455748660e+00 1.327134509969e-03
1 20 3 0.72348174 0.99124602 0.83063892 1.96248387 0.88162246 1.003407690370e-01 5.943578200844e-04 1.047609858987e+00 5.590999117772e+00 1.180079014699e-03
1 21 3 0.72348174 0.99124602 0.83063892 1.96248387 0.88162246 9.365276658550e-02 4.940612400951e-04 1.028293170739e+00 6.359895652481e+00 9.837070456058e-04
1 22 3 0.72348174 0.99124602 0.83063892 1.96248387 0.88162246 8.707704955664e-02 4.836011332897e-04 1.010742943352e+00 6.738847585911e+00 7.977337466186e-04
1 23 3 0.72348174 0.99124602 0.83063892 1.96248387 0.88162246 8.061746505236e-02 4.122906998562e-04 9.928851728414e-01 5.970291808059e+00 6.711350909568e-04
1 24 3 0.72348174 0.99124602 0.83063892 1.96248387 0.88162246 7.428543398068e-02 3.602245941408e-04 9.760077907986e-01 5.009639875560e+00 6.211168227852e-04
1 25 3 0.72348174 0.99124602 0.83063892 1.96248387 0.88162246 6.809843707384e-02 3.536745529885e-04 9.610101785414e-01 5.055122669853e+00 6.283768947353e-04
1 26 3 0.72348174 0.99124602 0.83063892 1.96248387 0.88162246 6.207838333088e-02 2.870365551502e-04 9.453560735047e-01 5.849065873145e+00 6.498457576426e-04
1 27 3 0.72348174 0.99124602 0.83063892 1.96248387 0.88162246 5.624996573372e-02 2.794657375427e-04 9.271861485636e-01 6.075508562349e+00 6.418601269150e-04
1 28 3 0.72348174 0.99124602 0.83063892 1.96248387 0.88162246 5.063908807217e-02 2.628507238968e-04 9.082691959353e-01 5.272381801097e+00 5.822350663510e-04
1 29 3 0.72348174 0.99124602 0.83063892 1.96248387 0.88162246 4.527142465597e-02 2.235099972842e-04 8.901212355980e-01 4.539751881705e+00 4.807875360483e-04
1 30 3 0.72348174 0.99124602 0.83063892 1.96248387 0.88162246 4.017115423614e-02 2.431123362221e-04 8.716070919845e-01 4.858422254558e+00 3.737471703567e-04
1 31 3 0.72348174 0.99124602 0.83063892 1.96248387 0.88162246 3.535989255160e-02 2.182440167000e-04 8.527519501306e-01 5.709213299891e+00 3.052644552888e-04
1 32 3 0.72348174 0.99124602 0.83063892 1.96248387 0.88162246 3.085583565217e-02 2.203187253181e-04 8.363303531856e-01 5.892422338501e+00 3.052655296957e-04
1 33 3 0.72348174 0.99124602 0.83063892 1.96248387 0.88162246 2.667311872485e-02 2.459863100410e-04 8.234342227728e-01 5.135081644206e+00 3.744833389036e-04
1 34 3 0.72348174 0.99124602 0.83063892 1.96248387 0.88162246 2.282139193594e-02 2.283995121999e-04 8.118047796427e-01 4.718923880895e+00 4.839668583000e-04
1 35 3 0.72348174 0.99124602 0.83063892 1.96248387 0.88162246 1.930561451092e-02 2.719112352270e-04 8.001658385941e-01 5.529033876273e+00 5.894009848362e-04
1 36 3 0.72348174 0.99124602 0.83063892 1.96248387 0.88162246 1.612606920142e-02 2.888791336937e-04 7.896917716433e-01 6.459122813675e+00 6.533878712343e-04
1 37 3 0.72348174 0.99124602 0.83063892 1.96248387 0.88162246 1.327859960023e-02 3.005073817612e-04 7.800221698841e-01 6.207970237510e+00 6.648045533850e-04
1 38 3 0.72348174 0.99124602 0.83063892 1.96248387 0.88162246 1.075507079140e-02 3.710907951296e-04 7.686619500657e-01 5.297923724030e+00 6.454423783651e-04
1 39 3 0.72348174 0.99124602 0.83063892 1.96248387 0.88162246 8.544048327416e-03 3.784797450492e-04 7.554101802156e-01 5.259309315396e+00 6.400103417556e-04
1 40 3 0.72348174 0.99124602 0.83063892 1.96248387 0.88162246 6.631680920350e-03 4.371637861930e-04 7.426965862312e-01 6.343768391683e+00 6.936415417563e-04
1 41 3 0.72348174 0.99124602 0.83063892 1.96248387 0.88162246 5.002758701834e-03 5.114585819398e-04 7.309825450275e-01 7.129605186812e+00 8.275010831312e-04
1 42 3 0.72348174 0.99124602 0.83063892 1.96248387 0.88162246 3.641902431793e-03 5.246487473821e-04 7.186244297282e-01 6.630772237208e+00 1.024712819803e-03
1 43 3 0.72348174 0.99124602 0.83063892 1.96248387 0.88162246 2.534821326762e-03 6.335711237731e-04 7.063158817502e-01 5.746529097322e+00 1.234484823487e-03
1 44 3 0.72348174 0.99124602 0.83063892 1.96248387 0.88162246 1.669560489367e-03 6.897047283493e-04 6.966193781690e-01 5.983172468323e+00 1.393736403614e-03
1 45 3 0.72348174 0.99124602 0.83063892 1.96248387 0.88162246 1.037645798671e-03 7.353383609145e-04 6.893768078971e-01 7.241551829591e+00 1.456660575059e-03
1 46 3 0.72348174 0.99124602 0.83063892 1.96248387 0.88162246 6.350270896375e-04 8.769651928029e-04 6.825441116049e-01 7.839667509452e+00 1.417915877887e-03
1 47 3 0.72348174 0.99124602 0.83063892 1.96248387 0.88162246 4.627216820626e-04 9.071566117813e-04 6.766190313464e-01 7.035582949049e+00 1.317257567630e-03
1 48 3 0.72348174 0.99124602 0.83063892 1.96248387 0.88162246 5.270713158390e-04 1.010562373679e-03 6.731229371209e-01 6.227244597904e+00 1.221890638712e-03
1 49 3 0.72348174 0.99124602 0.83063892 1.96248387 0.88162246 8.395468815797e-04 1.149942190431e-03 6.701946587623e-01 7.132045258075e+00 1.193877815133e-03
1 50 3 0.72348174 0.99124602 0.83063892 1.96248387 0.88162246 1.416066463522e-03 1.169324270379e-03 6.648926614709e-01 8.984420448186e+00 1.258129132105e-03
1 51 3 0.72348174 0.99124602 0.83063892 1.96248387 0.88162246 2.275831420215e-03 1.338267061489e-03 6.579511949987e-01 9.332007396240e+00 1.387383495260e-03
1 52 3 0.72348174 0.99124602 0.83063892 1.96248387 0.88162246 3.439729684853e-03 1.437590579933e-03 6.514281162294e-01 8.041944910224e+00 1.513094387058e-03
1 53 3 0.72348174 0.99124602 0.83063892 1.96248387 0.88162246 4.928401406637e-03 1.482497238799e-03 6.445327611109e-01 7.606178321912e+00 1.558434858759e-03
1 54 3 0.72348174 0.99124602 0.83063892 1.96248387 0.88162246 6.760105082617e-03 1.695481770435e-03 6.366348715590e-01 9.229150443898e+00 1.477912588217e-03
1 55 3 0.72348174 0.99124602 0.83063892 1.96248387 0.88162246 8.948557818612e-03 1.735619329115e-03 6.307601958885e-01 1.099225670123e+01 1.283532153662e-03
1 56 3 0.72348174 0.99124602 0.83063892 1.96248387 0.88162246 1.150094689894e-02 1.848206087633e-03 6.292459321193e-01 1.079352332137e+01 1.043024112704e-03
1 57 3 0.72348174 0.99124602 0.83063892 1.96248387 0.88162246 1.441631772177e-02 2.056509334006e-03 6.299147242682e-01 9.509246004153e+00 8.492570168759e-04
1 58 3 0.72348174 0.99124602 0.83063892 1.96248387 0.88162246 1.768453278683e-02 2.054854157301e-03 6.306438811224e-01 9.638376633113e+00 7.750248035793e-04
1 59 3 0.72348174 0.99124602 0.83063892 1.96248387 0.88162246 2.128596671893e-02 2.258653426426e-03 6.327618455539e-01 1.167008719921e+01 8.360970054305e-04
1 60 3 0.72348174 0.99124602 0.83063892 1.96248387 0.88162246 2.519205394441e-02 2.406168819423e-03 6.363329516822e-01 1.325977586555e+01 9.826160310183e-04
1 61 3 0.72348174 0.99124602 0.83063892 1.96248387 0.88162246 2.936674111327e-02 2.418296780204e-03 6.379974322273e-01 1.239959386430e+01 1.125216220803e-03
1 62 3 0.72348174 0.99124602 0.83063892 1.96248387 0.88162246 3.376881997895e-02 2.697154563707e-03 6.367858164936e-01 1.076815640625e+01 1.184089837135e-03
1 63 3 0.72348174 0.99124602 0.83063892 1.96248387 0.88162246 3.835503402495e-02 2.752000944121e-03 6.358242477998e-01 1.138887367351e+01 1.136004894658e-03
4 0 3 1.07753788 1.80871344 1.27930380 6.71219075 1.45957957 2.100850130107e-02 1.485651115208e-02 3.824899447803e-04 9.901008244019e+02 1.592237636723e-03
4 1 3 1.07753788 1.80871344 1.27930380 6.71219075 1.45957957 2.319802959696e-02 1.644544372677e-02 4.027843249663e-04 9.657825547639e+02 3.926723307999e-04
4 2 3 1.07753788 1.80871344 1.27930380 6.71219075 1.45957957 2.230944561282e-02 2.128510420763e-02 4.074271685001e-04 9.342952963713e+02 9.492070772985e-04
4 3 3 1.07753788 1.80871344 1.27930380 6.71219075 1.45957957 1.879463516238e-02 2.217977396517e-02 4.144047348516e-04 9.668028402999e+02 2.393916951382e-03
4 4 3 1.07753788 1.80871344 1.27930380 6.71219075 1.45957957 1.674641040820e-02 1.620672444293e-02 3.967590832382e-04 1.044216172818e+03 2.788471796115e-03
4 5 3 1.07753788 1.80871344 1.27930380 6.71219075 1.45957957 1.694070742786e-02 1.212169720800e-02 3.498395696856e-04 1.088198636155e+03 1.547879913222e-03
4 6 3 1.07753788 1.80871344 1.27930380 6.71219075 1.45957957 1.770906375829e-02 1.362508045126e-02 2.984832266816e-04 1.075614750189e+03 3.959586807297e-04
4 7 3 1.07753788 1.80871344 1.27930380 6.71219075 1.45957957 1.707985869770e-02 1.717370639381e-02 2.312757254899e-04 1.048604909811e+03 7.297289343206e-04
4 8 3 1.07753788 1.80871344 1.27930380 6.71219075 1.45957957 1.449988797087e-02 1.631679101304e-02 1.626592959427e-04 1.037562680427e+03 1.882079554271e-03
4 9 3 1.07753788 1.80871344 1.27930380 6.71219075 1.45957957 1.270992705197e-02 1.196032748412e-02 1.172069320283e-04 1.035446558855e+03 2.341419213598e-03
4 10 3 1.07753788 1.80871344 1.27930380 6.71219075 1.45957957 1.354691552417e-02 8.764755118061e-03 8.636739176380e-05 1.021894013345e+03 1.469358157779e-03
4 11 3 1.07753788 1.80871344 1.27930380 6.71219075 1.45957957 1.423229220314e-02 1.058883231047e-02 8.088044044959e-05 9.783281159299e+02 4.282393771337e-04
4 12 3 1.07753788 1.80871344 1.27930380 6.71219075 1.45957957 1.269953283394e-02 1.218558745162e-02 9.943733627115e-05 8.988943613039e+02 6.385149804734e-04
4 13 3 1.07753788 1.80871344 1.27930380 6.71219075 1.45957957 1.095370533759e-02 1.145336523669e-02 1.254002654500e-04 8.120720111297e+02 1.598171945637e-03
4 14 3 1.07753788 1.80871344 1.27930380 6.71219075 1.45957957 1.055990346967e-02 7.596731216042e-03 1.664337651055e-04 7.556098973105e+02 1.883276241624e-03
4 15 3 1.07753788 1.80871344 1.27930380 6.71219075 1.45957957 1.081968627089e-02 5.983814752450e-03 2.090026475102e-04 7.246990495880e+02 1.156207944859e-03
4 16 3 1.07753788 1.80871344 1.27930380 6.71219075 1.45957957 1.088213994600e-02 7.053875938816e-03 2.468811145218e-04 6.772251519475e+02 3.251113035953e-04
4 17 3 1.07753788 1.80871344 1.27930380 6.71219075 1.45957957 1.009677791782e-02 8.138451545658e-03 2.952699677908e-04 6.012707562938e+02 4.046584667444e-04
4 18 3 1.07753788 1.80871344 1.27930380 6.71219075 1.45957957 8.787809496439e-03 6.979663151715e-03 3.359141287034e-04 5.371321840482e+02 1.220811560529e-03
4 19 3 1.07753788 1.80871344 1.27930380 6.71219075 1.45957957 8.503707403367e-03 4.393650570515e-03 3.686312481966e-04 5.166258774840e+02 1.646964156234e-03
4 20 3 1.07753788 1.80871344 1.27930380 6.71219075 1.45957957 9.107278975850e-03 3.491705325728e-03 4.025732691799e-04 5.195298844586e+02 1.133968000241e-03
4 21 3 1.07753788 1.80871344 1.27930380 6.71219075 1.45957957 8.848287176724e-03 4.382195950573e-03 4.108368978650e-04 5.133633018066e+02 3.586876372684e-04
4 22 3 1.07753788 1.80871344 1.27930380 6.71219075 1.45957957 7.895330740122e-03 4.903240393618e-03 3.986958615559e-04 5.005885466141e+02 3.464645301539e-04
4 23 3 1.07753788 1.80871344 1.27930380 6.71219075 1.45957957 7.548914629005e-03 3.845263240849e-03 3.762104165672e-04 5.009491624794e+02 1.074222250175e-03
4 24 3 1.07753788 1.80871344 1.27930380 6.71219075 1.45957957 7.597752407752e-03 2.188740968634e-03 3.276519222193e-04 5.201593544676e+02 1.500505581995e-03
4 25 3 1.07753788 1.80871344 1.27930380 6.71219075 1.45957957 7.527525650607e-03 1.916704220104e-03 2.747948857640e-04 5.530666819783e+02 1.071938560994e-03
4 26 3 1.07753788 1.80871344 1.27930380 6.71219075 1.45957957 7.438556882952e-03 2.755302057904e-03 2.311827788115e-04 5.904287159628e+02 3.601440222099e-04
4 27 3 1.07753788 1.80871344 1.27930380 6.71219075 1.45957957 7.122903686609e-03 2.899135710125e-03 1.893601943060e-04 6.151809670760e+02 2.917530781595e-04
4 28 3 1.07753788 1.80871344 1.27930380 6.71219075 1.45957957 6.763120831050e-03 2.036168966219e-03 1.675129972674e-04 6.210262399559e+02 9.670997930717e-04
4 29 3 1.07753788 1.80871344 1.27930380 6.71219075 1.45957957 6.912499006914e-03 1.086245272851e-03 1.601892122248e-04 6.287482671174e+02 1.411676880137e-03
4 30 3 1.07753788 1.80871344 1.27930380 6.71219075 1.45957957 7.041007688658e-03 1.474931732853e-03 1.542920196119e-04 6.560491916199e+02 1.009072150724e-03
4 31 3 1.07753788 1.80871344 1.27930380 6.71219075 1.45957957 6.709730358554e-03 2.236080997353e-03 1.575159238653e-04 6.860094191330e+02 3.309765060792e-04
4 32 3 1.07753788 1.80871344 1.27930380 6.71219075 1.45957957 6.688223549032e-03 2.227053421560e-03 1.552783356256e-04 6.897041225094e+02 1.995748033709e-04
4 33 3 1.07753788 1.80871344 1.27930380 6.71219075 1.45957957 6.990474979758e-03 1.453677211431e-03 1.474083812151e-04 6.605531329836e+02 8.080222527399e-04
4 34 3 1.07753788 1.80871344 1.27930380 6.71219075 1.45957957 6.838311261692e-03 1.131662773337e-03 1.481211196304e-04 6.316581407151e+02 1.447788752346e-03
4 35 3 1.07753788 1.80871344 1.27930380 6.71219075 1.45957957 6.648579461802e-03 2.141796827571e-03 1.499920901147e-04 6.259345384594e+02 1.231773047807e-03
4 36 3 1.07753788 1.80871344 1.27930380 6.71219075 1.45957957 6.970492436639e-03 3.017214555272e-03 1.662655869869e-04 6.225944383908e+02 4.654217808633e-04
4 37 3 1.07753788 1.80871344 1.27930380 6.71219075 1.45957957 7.260175541436e-03 2.832820394421e-03 2.023905880280e-04 5.999463191822e+02 2.373000069276e-04
4 38 3 1.07753788 1.80871344 1.27930380 6.71219075 1.45957957 7.320909078074e-03 1.987971015826e-03 2.415291017171e-04 5.640459382430e+02 8.487815683923e-04
4 39 3 1.07753788 1.80871344 1.27930380 6.71219075 1.45957957 7.361326192452e-03 2.345386681001e-03 2.912738583146e-04 5.305561048869e+02 1.524809152889e-03
4 40 3 1.07753788 1.80871344 1.27930380 6.71219075 1.45957957 7.279075532672e-03 4.116898431078e-03 3.375318118102e-04 5.114294971765e+02 1.368334108045e-03
4 41 3 1.07753788 1.80871344 1.27930380 6.71219075 1.45957957 7.588014253266e-03 5.181661528499e-03 3.597570906282e-04 5.152059695577e+02 5.634933452585e-04
4 42 3 1.07753788 1.80871344 1.27930380 6.71219075 1.45957957 8.516554372763e-03 4.597231846803e-03 3.729203025529e-04 5.328791494672e+02 2.457147076539e-04
4 43 3 1.07753788 1.80871344 1.27930380 6.71219075 1.45957957 8.755720960579e-03 3.691404080150e-03 3.657231370273e-04 5.409421726030e+02 8.831961918599e-04
4 44 3 1.07753788 1.80871344 1.27930380 6.71219075 1.45957957 8.117125851583e-03 4.748001299928e-03 3.338132691167e-04 5.393844594621e+02 1.657930090055e-03
4 45 3 1.07753788 1.80871344 1.27930380 6.71219075 1.45957957 8.369061624215e-03 7.509524790141e-03 3.029734024352e-04 5.649824902848e+02 1.559921718357e-03
4 46 3 1.07753788 1.80871344 1.27930380 6.71219075 1.45957957 9.659603300005e-03 8.655647421954e-03 2.633932461136e-04 6.378260211962e+02 6.937664150053e-04
4 47 3 1.07753788 1.80871344 1.27930380 6.71219075 1.45957957 1.041996999829e-02 7.446327523925e-03 2.162044991430e-04 7.218757820164e+02 2.456202555536e-04
4 48 3 1.07753788 1.80871344 1.27930380 6.71219075 1.45957957 1.032215853252e-02 6.362890764366e-03 1.787125585328e-04 7.730003106610e+02 9.012207114870e-04
4 49 3 1.07753788 1.80871344 1.27930380 6.71219075 1.45957957 1.003129826335e-02 8.222502735050e-03 1.362907027515e-04 8.063758860997e+02 1.930178172843e-03
4 50 3 1.07753788 1.80871344 1.27930380 6.71219075 1.45957957 1.041314244849e-02 1.232284492762e-02 9.546830332386e-05 8.686791219085e+02 2.053763105723e-03
4 51 3 1.07753788 1.80871344 1.27930380 6.71219075 1.45957957 1.215878443461e-02 1.295812978991e-02 6.860369815928e-05 9.631010823848e+02 1.048722794247e-03
4 52 3 1.07753788 1.80871344 1.27930380 6.71219075 1.45957957 1.365488139472e-02 1.117115327074e-02 4.935251455091e-05 1.045848105626e+03 3.728270269817e-04
4 53 3 1.07753788 1.80871344 1.27930380 6.71219075 1.45957957 1.290105136263e-02 9.324450145909e-03 5.294593830450e-05 1.089502915323e+03 1.131900870587e-03
4 54 3 1.07753788 1.80871344 1.27930380 6.71219075 1.45957957 1.205287932538e-02 1.292936935702e-02 7.940563892510e-05 1.100893636828e+03 2.289313629688e-03
4 55 3 1.07753788 1.80871344 1.27930380 6.71219075 1.45957957 1.388487024138e-02 1.750830632283e-02 1.206055544768e-04 1.099038667390e+03 2.333501681405e-03
4 56 3 1.07753788 1.80871344 1.27930380 6.71219075 1.45957957 1.644905822525e-02 1.820508097749e-02 1.830768269873e-04 1.107444248162e+03 1.225337628931e-03
4 57 3 1.07753788 1.80871344 1.27930380 6.71219075 1.45957957 1.699378964502e-02 1.430238808736e-02 2.424433634332e-04 1.134275004317e+03 3.903650276749e-04
4 58 3 1.07753788 1.80871344 1.27930380 6.71219075 1.45957957 1.616249104434e-02 1.291215944540e-02 2.886688113828e-04 1.144102737105e+03 1.178084675171e-03
4 59 3 1.07753788 1.80871344 1.27930380 6.71219075 1.45957957 1.598396423108e-02 1.748848321798e-02 3.309736002174e-04 1.091791970301e+03 2.711376453202e-03
4 60 3 1.07753788 1.80871344 1.27930380 6.71219075 1.45957957 1.810371420150e-02 2.374380149097e-02 3.451721538885e-04 1.008685239568e+03 2.908696368539e-03
4 61 3 1.07753788 1.80871344 1.27930380 6.71219075 1.45957957 2.161099268586e-02 2.242602929768e-02 3.391561652175e-04 9.781586588994e+02 1.568426181924e-03
4 62 3 1.07753788 1.80871344 1.27930380 6.71219075 1.45957957 2.234353313583e-02 1.723415728719e-02 3.361496103574e-04 1.015415538455e+03 4.566605981865e-04
4 63 3 1.07753788 1.80871344 1.27930380 6.71219075 1.45957957 2.006364246438e-02 1.584532247752e-02 3.182613295145e-04 1.041526118368e+03 1.202885180103e-03
6 0 3 0.65390247 0.85618939 0.71349126 1.56563120 0.76156186 2.378886451774e-01 3.250453136927e-03 3.416902477518e-03 4.147943724780e+00 7.895084162405e-04
6 1 3 0.65390247 0.85618939 0.71349126 1.56563120 0.76156186 2.332268606201e-01 3.079171910227e-03 2.910564069107e-03 4.937252182007e+00 7.474390815187e-04
6 2 3 0.65390247 0.85618939 0.71349126 1.56563120 0.76156186 2.286056803694e-01 2.916918564287e-03 2.530149198317e-03 5.488246554524e+00 7.051343288048e-04
6 3 3 0.65390247 0.85618939 0.71349126 1.56563120 0.76156186 2.240256048554e-01 2.762769486379e-03 2.189073944605e-03 4.735485587590e+00 6.628904839690e-04
6 4 3 0.65390247 0.85618939 0.71349126 1.56563120 0.76156186 2.194871293833e-01 2.615905432468e-03 1.864146583668e-03 3.570213724880e+00 6.209852846368e-04
6 5 3 0.65390247 0.85618939 0.71349126 1.56563120 0.76156186 2.149907457194e-01 2.475618941362e-03 1.697871800456e-03 3.415052463259e+00 5.796758612726e-04
6 6 3 0.65390247 0.85618939 0.71349126 1.56563120 0.76156186 2.105369436279e-01 2.341317472794e-03 1.713048809037e-03 4.155438928379e+00 5.391971151729e-04
6 7 3 0.65390247 0.85618939 0.71349126 1.56563120 0.76156186 2.061262123411e-01 2.212522596912e-03 1.760014694613e-03 4.514152240199e+00 4.997604977370e-04
6 8 3 0.65390247 0.85618939 0.71349126 1.56563120 0.76156186 2.017590419472e-01 2.088865668216e-03 1.793456513482e-03 3.864594189720e+00 4.615531900896e-04
6 9 3 0.65390247 0.85618939 0.71349126 1.56563120 0.76156186 1.974359246790e-01 1.970080500766e-03 1.895702360723e-03 3.039090915156e+00 4.247376769735e-04
6 10 3 0.65390247 0.85618939 0.71349126 1.56563120 0.76156186 1.931573560918e-01 1.855993621654e-03 2.029742879335e-03 3.082873812684e+00 3.894517038531e-04
6 11 3 0.65390247 0.85618939 0.71349126 1.56563120 0.76156186 1.889238361178e-01 1.746512715520e-03 2.062244406142e-03 3.745694278622e+00 3.558086014360e-04
6 12 3 0.65390247 0.85618939 0.71349126 1.56563120 0.76156186 1.847358699865e-01 1.641613884228e-03 2.002450862757e-03 3.931323828619e+00 3.238979573785e-04
6 13 3 0.65390247 0.85618939 0.71349126 1.56563120 0.76156186 1.805939690041e-01 1.541328333754e-03 1.956624928363e-03 3.251673400472e+00 2.937866108456e-04
6 14 3 0.65390247 0.85618939 0.71349126 1.56563120 0.76156186 1.764986511846e-01 1.445729066360e-03 1.904955726683e-03 2.526247792817e+00 2.655199418824e-04
6 15 3 0.65390247 0.85618939 0.71349126 1.56563120 0.76156186 1.724504417293e-01 1.354918102781e-03 1.759350128548e-03 2.545328593168e+00 2.391234242671e-04
6 16 3 0.65390247 0.85618939 0.71349126 1.56563120 0.76156186 1.684498733510e-01 1.269014689363e-03 1.560230386102e-03 3.019088340421e+00 2.146044076880e-04
6 17 3 0.65390247 0.85618939 0.71349126 1.56563120 0.76156186 1.644974864440e-01 1.188144862350e-03 1.403243495555e-03 3.124101548333e+00 1.919540927459e-04
6 18 3 0.65390247 0.85618939 0.71349126 1.56563120 0.76156186 1.605938291004e-01 1.112432649624e-03 1.263486411214e-03 2.597047458135e+00 1.711496604535e-04
6 19 3 0.65390247 0.85618939 0.71349126 1.56563120 0.76156186 1.567394569765e-01 1.041993093194e-03 1.074862739865e-03 2.111158048807e+00 1.521565165943e-04
6 20 3 0.65390247 0.85618939 0.71349126 1.56563120 0.76156186 1.529349330140e-01 9.769271776691e-04 8.800498781822e-04 2.299967392742e+00 1.349306105376e-04
6 21 3 0.65390247 0.85618939 0.71349126 1.56563120 0.76156186 1.491808270241e-01 9.173186547383e-04 7.468018906147e-04 2.802910055187e+00 1.194207878732e-04
6 22 3 0.65390247 0.85618939 0.71349126 1.56563120 0.76156186 1.454777151406e-01 8.632326651323e-04 6.456563352568e-04 2.862553970436e+00 1.055711365401e-04
6 23 3 0.65390247 0.85618939 0.71349126 1.56563120 0.76156186 1.418261791552e-01 8.147159808685e-04 5.378711465847e-04 2.377595097760e+00 9.332328695510e-05
6 24 3 0.65390247 0.85618939 0.71349126 1.56563120 0.76156186 1.382268057427e-01 7.717986247622e-04 4.692114950694e-04 1.999125782068e+00 8.261862800300e-05
6 25 3 0.65390247 0.85618939 0.71349126 1.56563120 0.76156186 1.346801855912e-01 7.344965733836e-04 4.744558453274e-04 2.193768746655e+00 7.340040258826e-05
6 26 3 0.65390247 0.85618939 0.71349126 1.56563120 0.76156186 1.311869124495e-01 7.028152155391e-04 5.064436444735e-04 2.596227852151e+00 6.561564876286e-05
6 27 3 0.65390247 0.85618939 0.71349126 1.56563120 0.76156186 1.277475821059e-01 6.767532218080e-04 5.357574452303e-04 2.573522581249e+00 5.921695518934e-05
6 28 3 0.65390247 0.85618939 0.71349126 1.56563120 0.76156186 1.243627913140e-01 6.563064818870e-04 5.987921144035e-04 2.105914074926e+00 5.416400284456e-05
6 29 3 0.65390247 0.85618939 0.71349126 1.56563120 0.76156186 1.210331366798e-01 6.414717849147e-04 6.933016206472e-04 1.796280457327e+00 5.042486837285e-05
6 30 3 0.65390247 0.85618939 0.71349126 1.56563120 0.76156186 1.177592135270e-01 6.322499523444e-04 7.527387719435e-04 1.992314311339e+00 4.797706831431e-05
6 31 3 0.65390247 0.85618939 0.71349126 1.56563120 0.76156186 1.145416147550e-01 6.286481814194e-04 7.606006227073e-04 2.394819572516e+00 4.680832751522e-05
6 32 3 0.65390247 0.85618939 0.71349126 1.56563120 0.76156186 1.113809297060e-01 6.306814174506e-04 7.646711652252e-04 2.491946790351e+00 4.691705932094e-05
6 33 3 0.65390247 0.85618939 0.71349126 1.56563120 0.76156186 1.082777430561e-01 6.383726420089e-04 7.631404599487e-04 2.136142398237e+00 4.831254960486e-05
6 34 3 0.65390247 0.85618939 0.71349126 1.56563120 0.76156186 1.052326337456e-01 6.517520385704e-04 7.068640192202e-04 1.878660953434e+00 5.101484124215e-05
6 35 3 0.65390247 0.85618939 0.71349126 1.56563120 0.76156186 1.022461739622e-01 6.708550736416e-04 6.139318468009e-04 2.218538376779e+00 5.505432023861e-05
6 36 3 0.65390247 0.85618939 0.71349126 1.56563120 0.76156186 9.931892819054e-02 6.957196063863e-04 5.513902663421e-04 2.747642119811e+00 6.047100931473e-05
6 37 3 0.65390247 0.85618939 0.71349126 1.56563120 0.76156186 9.645145234107e-02 7.263822097864e-04 5.199438112863e-04 2.747162209527e+00 6.731357926557e-05
6 38 3 0.65390247 0.85618939 0.71349126 1.56563120 0.76156186 9.364429296830e-02 7.628739480852e-04 4.839291536366e-04 2.232250109456e+00 7.563809281231e-05
6 39 3 0.65390247 0.85618939 0.71349126 1.56563120 0.76156186 9.089798658939e-02 8.052159056975e-04 4.766041301782e-04 1.973853904441e+00 8.550649987468e-05
6 40 3 0.65390247 0.85618939 0.71349126 1.56563120 0.76156186 8.821305911108e-02 8.534147993767e-04 5.466280759077e-04 2.390366612430e+00 9.698490717303e-05
6 41 3 0.65390247 0.85618939 0.71349126 1.56563120 0.76156186 8.559002537235e-02 9.074590261863e-04 6.572854252550e-04 2.923721481186e+00 1.101416487632e-04
6 42 3 0.65390247 0.85618939 0.71349126 1.56563120 0.76156186 8.302938880808e-02 9.673155033507e-04 7.634933211968e-04 2.850381827498e+00 1.250451874691e-04
6 43 3 0.65390247 0.85618939 0.71349126 1.56563120 0.76156186 8.053164123765e-02 1.032927641656e-03 9.072888227706e-04 2.311298518648e+00 1.417618801631e-04
6 44 3 0.65390247 0.85618939 0.71349126 1.56563120 0.76156186 7.809726278069e-02 1.104214761745e-03 1.116306142433e-03 2.190496806145e+00 1.603536424128e-04
6 45 3 0.65390247 0.85618939 0.71349126 1.56563120 0.76156186 7.572672190056e-02 1.181073213174e-03 1.317151423572e-03 2.814327268542e+00 1.808755501344e-04
6 46 3 0.65390247 0.85618939 0.71349126 1.56563120 0.76156186 7.342047557401e-02 1.263379390931e-03 1.467770968727e-03 3.452446653080e+00 2.033734175265e-04
6 47 3 0.65390247 0.85618939 0.71349126 1.56563120 0.76156186 7.117896958420e-02 1.350994765427e-03 1.638869350846e-03 3.372457981154e+00 2.278813916943e-04
6 48 3 0.65390247 0.85618939 0.71349126 1.56563120 0.76156186 6.900263893281e-02 1.443772952478e-03 1.852053509323e-03 2.812947214235e+00 2.544196049847e-04
6 49 3 0.65390247 0.85618939 0.71349126 1.56563120 0.76156186 6.689190836423e-02 1.541568752873e-03 2.004495151273e-03 2.765206296570e+00 2.829919261206e-04
6 50 3 0.65390247 0.85618939 0.71349126 1.56563120 0.76156186 6.484719299460e-02 1.644248990331e-03 2.058663800468e-03 3.545458223050e+00 3.135838507618e-04
6 51 3 0.65390247 0.85618939 0.71349126 1.56563120 0.76156186 6.286889903618e-02 1.751704876110e-03 2.109823192210e-03 4.178016117076e+00 3.461605711002e-04
6 52 3 0.65390247 0.85618939 0.71349126 1.56563120 0.76156186 6.095742460623e-02 1.863865532213e-03 2.173632103982e-03 3.838124865794e+00 3.806652625537e-04
6 53 3 0.65390247 0.85618939 0.71349126 1.56563120 0.76156186 5.911316060903e-02 1.980712217289e-03 2.136207154593e-03 3.086976217449e+00 4.170176235476e-04
6 54 3 0.65390247 0.85618939 0.71349126 1.56563120 0.76156186 5.733649167718e-02 2.102292723771e-03 1.993943578800e-03 3.134825685622e+00 4.551127017941e-04
6 55 3 0.65390247 0.85618939 0.71349126 1.56563120 0.76156186 5.562779715895e-02 2.228735355291e-03 1.889022841947e-03 4.119628940115e+00 4.948200374225e-04
6 56 3 0.65390247 0.85618939 0.71349126 1.56563120 0.76156186 5.398745213628e-02 2.360261853067e-03 1.853725578132e-03 4.831957533526e+00 5.359831497992e-04
6 57 3 0.65390247 0.85618939 0.71349126 1.56563120 0.76156186 5.241582845859e-02 2.497198621430e-03 1.800342825013e-03 4.425452341608e+00 5.784193909553e-04
6 58 3 0.65390247 0.85618939 0.71349126 1.56563120 0.76156186 5.091329577612e-02 2.639985607855e-03 1.784053828737e-03 3.692862377704e+00 6.219201842354e-04
6 59 3 0.65390247 0.85618939 0.71349126 1.56563120 0.76156186 4.948022255625e-02 2.789182222964e-03 1.962680648231e-03 4.023746127209e+00 6.662516621614e-04
6 60 3 0.65390247 0.85618939 0.71349126 1.56563120 0.76156186 4.811697706807e-02 2.945469741126e-03 2.304554348676e-03 5.301771342919e+00 7.111557125949e-04
6 61 3 0.65390247 0.85618939 0.71349126 1.56563120 0.76156186 4.682392831677e-02 3.109649702084e-03 2.661478278438e-03 5.975823949883e+00 7.563514371537e-04
6 62 3 0.65390247 0.85618939 0.71349126 1.56563120 0.76156186 4.560144691485e-02 3.282637936834e-03 3.066919603560e-03 5.326671143047e+00 8.015370205489e-04
6 63 3 0.65390247 0.85618939 0.71349126 1.56563120 0.76156186 4.444990587190e-02 3.465453964344e-03 3.608611262795e-03 4.518003749974e+00 8.463920040993e-04
7 0 3 0.83280702 1.18024438 0.89356523 3.20156276 0.99344451 2.590209754722e-02 3.621657460436e-02 9.961523174178e-04 8.887588892907e+01 1.145764565970e-03
7 1 3 0.83280702 1.18024438 0.89356523 3.20156276 0.99344451 2.481997863092e-02 3.461084979903e-02 9.332606439277e-04 8.875491456231e+01 1.082235105903e-03
7 2 3 0.83280702 1.18024438 0.89356523 3.20156276 0.99344451 2.378049499422e-02 3.308008652750e-02 8.367741656612e-04 8.463237427927e+01 1.017990419378e-03
7 3 3 0.83280702 1.18024438 0.89356523 3.20156276 0.99344451 2.278287022740e-02 3.161814765687e-02 6.492772983241e-04 7.599131437057e+01 9.535357463123e-04
7 4 3 0.83280702 1.18024438 0.89356523 3.20156276 0.99344451 2.182634374231e-02 3.021961579379e-02 3.782341195140e-04 6.516018775813e+01 8.893455289161e-04
7 5 3 0.83280702 1.18024438 0.89356523 3.20156276 0.99344451 2.091017023581e-02 2.887983028214e-02 1.657049484395e-04 5.668735313036e+01 8.258598600380e-04
7 6 3 0.83280702 1.18024438 0.89356523 3.20156276 0.99344451 2.003361935236e-02 2.759489861539e-02 9.318903523087e-05 5.272495502374e+01 7.634816088051e-04
7 7 3 0.83280702 1.18024438 0.89356523 3.20156276 0.99344451 1.919597555163e-02 2.636168429525e-02 1.147063751689e-04 5.268285126126e+01 7.025742325161e-04
7 8 3 0.83280702 1.18024438 0.89356523 3.20156276 0.99344451 1.839653818285e-02 2.517777379217e-02 2.039892098839e-04 5.496985716832e+01 6.434602745805e-04
7 9 3 0.83280702 1.18024438 0.89356523 3.20156276 0.99344451 1.763462176408e-02 2.404142575658e-02 3.729603376547e-04 5.891835593973e+01 5.864205393202e-04
7 10 3 0.83280702 1.18024438 0.89356523 3.20156276 0.99344451 1.690955646106e-02 2.295150598091e-02 5.509565310821e-04 6.267412421704e+01 5.316939257893e-04
7 11 3 0.83280702 1.18024438 0.89356523 3.20156276 0.99344451 1.622068875686e-02 2.190741181826e-02 6.311431513829e-04 6.324348345309e+01 4.794778945117e-04
7 12 3 0.83280702 1.18024438 0.89356523 3.20156276 0.99344451 1.556738230039e-02 2.090898982325e-02 6.179553362378e-04 5.961114105135e+01 4.299295332788e-04
7 13 3 0.83280702 1.18024438 0.89356523 3.20156276 0.99344451 1.494901891887e-02 1.995645029960e-02 5.775256807500e-04 5.359387764549e+01 3.831671809809e-04
7 14 3 0.83280702 1.18024438 0.89356523 3.20156276 0.99344451 1.436499977689e-02 1.905028222900e-02 4.988854162488e-04 4.736367432578e+01 3.392725619353e-04
7 15 3 0.83280702 1.18024438 0.89356523 3.20156276 0.99344451 1.381474666227e-02 1.819117172886e-02 3.488395838294e-04 4.175154281425e+01 2.982933774007e-04
7 16 3 0.83280702 1.18024438 0.89356523 3.20156276 0.99344451 1.329770337705e-02 1.737992676335e-02 1.907054817767e-04 3.790653535450e+01 2.602462959826e-04
7 17 3 0.83280702 1.18024438 0.89356523 3.20156276 0.99344451 1.281333721048e-02 1.661741033117e-02 1.107705932447e-04 3.737536345587e+01 2.251202804938e-04
7 18 3 0.83280702 1.18024438 0.89356523 3.20156276 0.99344451 1.236114046966e-02 1.590448379968e-02 9.836486678469e-05 3.975677180188e+01 1.928801855789e-04
7 19 3 0.83280702 1.18024438 0.89356523 3.20156276 0.99344451 1.194063204262e-02 1.524196147076e-02 1.076166690606e-04 4.321508441162e+01 1.634705580656e-04
7 20 3 0.83280702 1.18024438 0.89356523 3.20156276 0.99344451 1.155135896871e-02 1.463057687449e-02 1.512918128964e-04 4.589367841023e+01 1.368195705950e-04
7 21 3 0.83280702 1.18024438 0.89356523 3.20156276 0.99344451 1.119289799073e-02 1.407096071582e-02 2.385884220474e-04 4.680518499791e+01 1.128430186067e-04
7 22 3 0.83280702 1.18024438 0.89356523 3.20156276 0.99344451 1.086485706410e-02 1.356362986819e-02 3.129191343884e-04 4.572023407586e+01 9.144831122007e-05
7 23 3 0.83280702 1.18024438 0.89356523 3.20156276 0.99344451 1.056687679923e-02 1.310898633826e-02 3.344506828686e-04 4.241224112595e+01 7.253838793516e-05
7 24 3 0.83280702 1.18024438 0.89356523 3.20156276 0.99344451 1.029863181419e-02 1.270732473218e-02 3.360048352823e-04 3.769390576418e+01 5.601549535874e-05
7 25 3 0.83280702 1.18024438 0.89356523 3.20156276 0.99344451 1.005983197683e-02 1.235884645180e-02 3.387343654010e-04 3.319165207086e+01 4.178476130116e-05
7 26 3 0.83280702 1.18024438 0.89356523 3.20156276 0.99344451 9.850223517217e-03 1.206367864700e-02 3.088736039264e-04 3.061199120708e+01 2.975750754901e-05
7 27 3 0.83280702 1.18024438 0.89356523 3.20156276 0.99344451 9.669589993308e-03 1.182189585353e-02 2.425075682375e-04 3.082479328074e+01 1.985424733651e-05
7 28 3 0.83280702 1.18024438 0.89356523 3.20156276 0.99344451 9.517753095704e-03 1.163354225579e-02 1.920550280122e-04 3.323078156541e+01 1.200731895506e-05
7 29 3 0.83280702 1.18024438 0.89356523 3.20156276 0.99344451 9.394573279613e-03 1.149865262681e-02 1.738934134280e-04 3.655015688489e+01 6.163112982715e-06
7 30 3 0.83280702 1.18024438 0.89356523 3.20156276 0.99344451 9.299950215258e-03 1.141727020604e-02 1.488941422652e-04 3.957449660362e+01 2.283857205397e-06
7 31 3 0.83280702 1.18024438 0.89356523 3.20156276 0.99344451 9.233823050890e-03 1.138946006845e-02 1.144657853551e-04 4.152622393670e+01 3.489303535901e-07
7 32 3 0.83280702 1.18024438 0.89356523 3.20156276 0.99344451 9.196170485675e-03 1.141531690035e-02 1.141143791652e-04 4.221136679801e+01 3.556832032025e-07
7 33 3 0.83280702 1.18024438 0.89356523 3.20156276 0.99344451 9.187010652831e-03 1.149496651175e-02 1.469075656026e-04 4.049627465412e+01 2.319753291253e-06
7 34 3 0.83280702 1.18024438 0.89356523 3.20156276 0.99344451 9.206400816502e-03 1.162856086208e-02 1.703236563962e-04 3.681622254592e+01 6.274867379510e-06
7 35 3 0.83280702 1.18024438 0.89356523 3.20156276 0.99344451 9.254436888920e-03 1.181626683471e-02 1.908350333086e-04 3.328973485472e+01 1.227213376182e-05
7 36 3 0.83280702 1.18024438 0.89356523 3.20156276 0.99344451 9.331252777316e-03 1.205824944530e-02 2.479834593856e-04 3.130165741050e+01 2.037883445307e-05
7 37 3 0.83280702 1.18024438 0.89356523 3.20156276 0.99344451 9.437019572855e-03 1.235465058801e-02 3.211027307276e-04 3.160209769415e+01 3.067673511888e-05
7 38 3 0.83280702 1.18024438 0.89356523 3.20156276 0.99344451 9.571944596432e-03 1.270556479281e-02 3.551396974868e-04 3.435882101342e+01 4.325993820645e-05
7 39 3 0.83280702 1.18024438 0.89356523 3.20156276 0.99344451 9.736270318551e-03 1.311101376799e-02 3.553320721672e-04 3.905734764138e+01 5.823231202077e-05
7 40 3 0.83280702 1.18024438 0.89356523 3.20156276 0.99344451 9.930273172548e-03 1.357092172032e-02 3.553788426580e-04 4.409691892579e+01 7.570453536488e-05
7 41 3 0.83280702 1.18024438 0.89356523 3.20156276 0.99344451 1.015426228223e-02 1.408509356779e-02 3.312992395083e-04 4.756733374676e+01 9.579080373801e-05
7 42 3 0.83280702 1.18024438 0.89356523 3.20156276 0.99344451 1.040857812642e-02 1.465319817965e-02 2.506099442342e-04 4.889213715344e+01 1.186052488793e-04
7 43 3 0.83280702 1.18024438 0.89356523 3.20156276 0.99344451 1.069359116392e-02 1.527475869031e-02 1.574727722428e-04 4.818448944026e+01 1.442581285807e-04
7 44 3 0.83280702 1.18024438 0.89356523 3.20156276 0.99344451 1.100970044321e-02 1.594915173843e-02 1.103621008123e-04 4.549418409035e+01 1.728518481009e-04
7 45 3 0.83280702 1.18024438 0.89356523 3.20156276 0.99344451 1.135733222143e-02 1.667561718457e-02 9.953677948654e-05 4.184183942107e+01 2.044768781350e-04
7 46 3 0.83280702 1.18024438 0.89356523 3.20156276 0.99344451 1.173693861700e-02 1.745327946873e-02 1.154470141618e-04 3.931907612024e+01 2.392076370755e-04
7 47 3 0.83280702 1.18024438 0.89356523 3.20156276 0.99344451 1.214899631997e-02 1.828118129679e-02 2.074601613353e-04 4.015452245870e+01 2.770984072017e-04
7 48 3 0.83280702 1.18024438 0.89356523 3.20156276 0.99344451 1.259400538301e-02 1.915832980741e-02 3.808928260865e-04 4.419759016505e+01 3.181793554241e-04
7 49 3 0.83280702 1.18024438 0.89356523 3.20156276 0.99344451 1.307248811476e-02 2.008375478948e-02 5.405061866565e-04 5.018880275041e+01 3.624527292624e-04
7 50 3 0.83280702 1.18024438 0.89356523 3.20156276 0.99344451 1.358498809570e-02 2.105657791606e-02 6.231539879922e-04 5.734305674421e+01 4.098892978461e-04
7 51 3 0.83280702 1.18024438 0.89356523 3.20156276 0.99344451 1.413206933437e-02 2.207609135751e-02 6.669022601684e-04 6.397378307001e+01 4.604251058923e-04
7 52 3 0.83280702 1.18024438 0.89356523 3.20156276 0.99344451 1.471431557971e-02 2.314184355949e-02 6.791351469927e-04 6.749011286425e+01 5.139586058458e-04
7 53 3 0.83280702 1.18024438 0.89356523 3.20156276 0.99344451 1.533232980232e-02 2.425372944482e-02 5.872965813225e-04 6.674730415541e+01 5.703482296915e-04
7 54 3 0.83280702 1.18024438 0.89356523 3.20156276 0.99344451 1.598673385475e-02 2.541208184522e-02 3.920925585531e-04 6.302652387514e+01 6.294104573948e-04
7 55 3 0.83280702 1.18024438 0.89356523 3.20156276 0.99344451 1.667816831753e-02 2.661776061204e-02 2.113954509102e-04 5.877129400117e+01 6.909184335394e-04
7 56 3 0.83280702 1.18024438 0.89356523 3.20156276 0.99344451 1.740729253448e-02 2.787223561252e-02 1.184565826315e-04 5.574972493121e+01 7.546011775696e-04
7 57 3 0.83280702 1.18024438 0.89356523 3.20156276 0.99344451 1.817478483713e-02 2.917765970661e-02 9.974398313565e-05 5.597985991144e+01 8.201434261670e-04
7 58 3 0.83280702 1.18024438 0.89356523 3.20156276 0.99344451 1.898134295472e-02 3.053692782838e-02 1.844960055506e-04 6.088994408879e+01 8.871861387731e-04
7 59 3 0.83280702 1.18024438 0.89356523 3.20156276 0.99344451 1.982768460241e-02 3.195371847492e-02 4.172687673755e-04 7.026329629467e+01 9.553276891902e-04
7 60 3 0.83280702 1.18024438 0.89356523 3.20156276 0.99344451 2.071454823677e-02 3.343251423326e-02 7.051163395560e-04 8.131916963457e+01 1.024125757649e-03
7 61 3 0.83280702 1.18024438 0.89356523 3.20156276 0.99344451 2.164269396423e-02 3.497859845067e-02 9.001041116742e-04 9.033079624231e+01 1.093099928800e-03
7 62 3 0.83280702 1.18024438 0.89356523 3.20156276 0.99344451 2.261290458434e-02 3.659802576540e-02 1.000889523746e-03 9.534858539588e+01 1.161734991895e-03
7 63 3 0.83280702 1.18024438 0.89356523 3.20156276 0.99344451 2.362598674696e-02 3.829756494937e-02 1.064770090596e-03 9.571022846349e+01 1.229484930044e-03
11 0 3 0.83534521 1.21894094 0.99274025 2.81771270 1.06521062 6.881095380230e-03 4.288456847940e-03 8.223651476527e-02 4.388046969016e+01 2.162500102515e-03
11 1 3 0.83534521 1.21894094 0.99274025 2.81771270 1.06521062 6.739064087158e-03 4.227758840015e-03 8.311612743624e-02 4.361012531067e+01 1.724832236655e-03
11 2 3 0.83534521 1.21894094 0.99274025 2.81771270 1.06521062 6.709371833407e-03 4.081863569944e-03 8.505372861594e-02 4.732469576751e+01 1.611797733257e-03
11 3 3 0.83534521 1.21894094 0.99274025 2.81771270 1.06521062 6.710456642204e-03 3.759183546832e-03 8.629340336594e-02 4.727149541678e+01 1.588913968008e-03
11 4 3 0.83534521 1.21894094 0.99274025 2.81771270 1.06521062 6.584065683350e-03 3.754780878865e-03 8.590958367277e-02 4.074446794123e+01 1.576922268853e-03
11 5 3 0.83534521 1.21894094 0.99274025 2.81771270 1.06521062 6.219378363885e-03 3.458737875059e-03 8.469198312893e-02 3.526144919281e+01 1.563315741406e-03
11 6 3 0.83534521 1.21894094 0.99274025 2.81771270 1.06521062 5.639023805008e-03 3.271534630410e-03 8.273153894286e-02 3.708839418600e+01 1.437906886080e-03
11 7 3 0.83534521 1.21894094 0.99274025 2.81771270 1.06521062 4.982446589906e-03 3.192955591773e-03 7.890320126094e-02 4.074548585816e+01 1.167623125066e-03
11 8 3 0.83534521 1.21894094 0.99274025 2.81771270 1.06521062 4.406231308779e-03 2.859966412331e-03 7.335768507769e-02 3.858381931217e+01 9.703858478609e-04
11 9 3 0.83534521 1.21894094 0.99274025 2.81771270 1.06521062 3.983041104972e-03 2.780212864601e-03 6.783691604066e-02 3.286891561906e+01 1.076087868088e-03
11 10 3 0.83534521 1.21894094 0.99274025 2.81771270 1.06521062 3.674661535253e-03 2.580092303254e-03 6.315776518391e-02 3.073591824259e+01 1.412184189765e-03
11 11 3 0.83534521 1.21894094 0.99274025 2.81771270 1.06521062 3.390951723718e-03 2.322325399491e-03 5.879827484577e-02 3.295160601828e+01 1.718508872074e-03
11 12 3 0.83534521 1.21894094 0.99274025 2.81771270 1.06521062 3.079512253191e-03 2.259045797661e-03 5.491173958314e-02 3.433369347164e+01 1.877205692878e-03
11 13 3 0.83534521 1.21894094 0.99274025 2.81771270 1.06521062 2.772585952514e-03 1.989051102407e-03 5.238835035660e-02 3.198506779611e+01 1.937469588034e-03
11 14 3 0.83534521 1.21894094 0.99274025 2.81771270 1.06521062 2.557920064482e-03 1.843945482090e-03 5.111552391185e-02 2.824537218982e+01 1.909999486867e-03
11 15 3 0.83534521 1.21894094 0.99274025 2.81771270 1.06521062 2.502809672888e-03 1.726575495547e-03 5.024369806667e-02 2.687682383123e+01 1.771432101026e-03
11 16 3 0.83534521 1.21894094 0.99274025 2.81771270 1.06521062 2.595052123163e-03 1.480222851557e-03 4.974460735175e-02 2.857703442092e+01 1.637749998906e-03
11 17 3 0.83534521 1.21894094 0.99274025 2.81771270 1.06521062 2.746728568545e-03 1.408647268831e-03 4.990686066311e-02 2.967811965319e+01 1.697705601431e-03
11 18 3 0.83534521 1.21894094 0.99274025 2.81771270 1.06521062 2.854646502595e-03 1.234663495805e-03 4.999892401108e-02 2.718977321546e+01 1.938659903320e-03
11 19 3 0.83534521 1.21894094 0.99274025 2.81771270 1.06521062 2.867862123623e-03 1.075729526691e-03 4.912719172899e-02 2.371021936016e+01 2.121546898953e-03
11 20 3 0.83534521 1.21894094 0.99274025 2.81771270 1.06521062 2.810727645099e-03 1.013698593470e-03 4.764437684268e-02 2.354018471755e+01 2.075757840281e-03
11 21 3 0.83534521 1.21894094 0.99274025 2.81771270 1.06521062 2.747741108248e-03 8.357678895799e-04 4.626564446743e-02 2.570942589863e+01 1.864731790719e-03
11 22 3 0.83534521 1.21894094 0.99274025 2.81771270 1.06521062 2.722125203676e-03 7.656049075583e-04 4.471508853341e-02 2.604536792746e+01 1.617481343519e-03
11 23 3 0.83534521 1.21894094 0.99274025 2.81771270 1.06521062 2.717984150027e-03 6.787256314963e-04 4.253274706922e-02 2.353905217937e+01 1.365176115129e-03
11 24 3 0.83534521 1.21894094 0.99274025 2.81771270 1.06521062 2.674294385376e-03 5.561157806965e-04 4.021208384877e-02 2.150525798810e+01 1.126982171730e-03
11 25 3 0.83534521 1.21894094 0.99274025 2.81771270 1.06521062 2.537012376977e-03 5.316640057411e-04 3.837546558135e-02 2.195804660694e+01 1.000434286810e-03
11 26 3 0.83534521 1.21894094 0.99274025 2.81771270 1.06521062 2.306591314225e-03 4.342625093613e-04 3.681321661600e-02 2.352005528877e+01 1.031511790131e-03
11 27 3 0.83534521 1.21894094 0.99274025 2.81771270 1.06521062 2.043594789150e-03 3.908825479758e-04 3.527519468917e-02 2.364023487212e+01 1.091527020761e-03
11 28 3 0.83534521 1.21894094 0.99274025 2.81771270 1.06521062 1.828942987091e-03 3.681543530592e-04 3.414860865136e-02 2.171393384512e+01 1.017459978428e-03
11 29 3 0.83534521 1.21894094 0.99274025 2.81771270 1.06521062 1.710422720167e-03 3.034018783366e-04 3.355614015840e-02 2.000809504119e+01 8.192509768801e-04
11 30 3 0.83534521 1.21894094 0.99274025 2.81771270 1.06521062 1.676576861390e-03 3.188785262814e-04 3.288076504888e-02 2.072244021457e+01 6.369216873827e-04
11 31 3 0.83534521 1.21894094 0.99274025 2.81771270 1.06521062 1.676643249483e-03 2.874917396745e-04 3.184779217784e-02 2.274144818609e+01 5.489132982815e-04
11 32 3 0.83534521 1.21894094 0.99274025 2.81771270 1.06521062 1.668996010487e-03 2.904550954993e-04 3.097223231397e-02 2.326127555249e+01 5.436696109687e-04
11 33 3 0.83534521 1.21894094 0.99274025 2.81771270 1.06521062 1.658700746514e-03 3.234237829271e-04 3.043573830545e-02 2.146280937494e+01 6.296554334006e-04
11 34 3 0.83534521 1.21894094 0.99274025 2.81771270 1.06521062 1.693952241851e-03 3.117015783794e-04 2.969344316006e-02 2.056190877418e+01 8.215952579157e-04
11 35 3 0.83534521 1.21894094 0.99274025 2.81771270 1.06521062 1.823997742915e-03 3.822041294424e-04 2.860298177887e-02 2.250710464498e+01 1.026748401340e-03
11 36 3 0.83534521 1.21894094 0.99274025 2.81771270 1.06521062 2.052124969758e-03 4.063370121579e-04 2.775992124932e-02 2.466810987472e+01 1.099138736209e-03
11 37 3 0.83534521 1.21894094 0.99274025 2.81771270 1.06521062 2.322142423354e-03 4.570561654262e-04 2.741354661904e-02 2.447356000467e+01 1.040413871188e-03
11 38 3 0.83534521 1.21894094 0.99274025 2.81771270 1.06521062 2.551176344557e-03 5.593893567884e-04 2.721966047709e-02 2.280992462352e+01 1.019615234650e-03
11 39 3 0.83534521 1.21894094 0.99274025 2.81771270 1.06521062 2.684945315141e-03 5.877191194693e-04 2.720148675322e-02 2.231685921194e+01 1.154060788323e-03
11 40 3 0.83534521 1.21894094 0.99274025 2.81771270 1.06521062 2.732670749183e-03 7.210966973811e-04 2.773627981661e-02 2.440483422996e+01 1.392366040184e-03
11 41 3 0.83534521 1.21894094 0.99274025 2.81771270 1.06521062 2.753332244264e-03 8.115786897913e-04 2.857343184929e-02 2.705014949815e+01 1.653143820064e-03
11 42 3 0.83534521 1.21894094 0.99274025 2.81771270 1.06521062 2.803008627522e-03 8.910171934919e-04 2.908692005460e-02 2.699145038236e+01 1.928526525009e-03
11 43 3 0.83534521 1.21894094 0.99274025 2.81771270 1.06521062 2.885145684677e-03 1.080349670260e-03 2.935700080551e-02 2.472619251278e+01 2.168001006577e-03
11 44 3 0.83534521 1.21894094 0.99274025 2.81771270 1.06521062 2.945393159099e-03 1.146040863431e-03 2.977614378709e-02 2.480803552203e+01 2.217228012456e-03
11 45 3 0.83534521 1.21894094 0.99274025 2.81771270 1.06521062 2.918275426018e-03 1.320612070938e-03 2.993161807789e-02 2.867456630883e+01 2.020503592309e-03
11 46 3 0.83534521 1.21894094 0.99274025 2.81771270 1.06521062 2.790251059062e-03 1.502477688940e-03 2.917900216758e-02 3.153062406002e+01 1.776216289336e-03
11 47 3 0.83534521 1.21894094 0.99274025 2.81771270 1.06521062 2.627240856414e-03 1.581746929058e-03 2.786955094066e-02 3.022815436581e+01 1.726994889797e-03
11 48 3 0.83534521 1.21894094 0.99274025 2.81771270 1.06521062 2.540076031484e-03 1.846550090120e-03 2.676060131699e-02 2.805607724175e+01 1.865332953711e-03
11 49 3 0.83534521 1.21894094 0.99274025 2.81771270 1.06521062 2.610784339893e-03 1.966717229665e-03 2.585402202716e-02 2.935337474121e+01 2.000164882251e-03
11 50 3 0.83534521 1.21894094 0.99274025 2.81771270 1.06521062 2.836965251425e-03 2.127358743625e-03 2.501297399728e-02 3.358430079124e+01 2.034887586680e-03
11 51 3 0.83534521 1.21894094 0.99274025 2.81771270 1.06521062 3.140783137029e-03 2.411292022893e-03 2.485481115655e-02 3.636184994967e+01 1.991147910246e-03
11 52 3 0.83534521 1.21894094 0.99274025 2.81771270 1.06521062 3.438526555101e-03 2.476453819142e-03 2.585576779730e-02 3.486691706949e+01 1.828221828388e-03
11 53 3 0.83534521 1.21894094 0.99274025 2.81771270 1.06521062 3.715365004004e-03 2.756420375222e-03 2.757691741506e-02 3.241180464459e+01 1.488663237723e-03
11 54 3 0.83534521 1.21894094 0.99274025 2.81771270 1.06521062 4.041132782611e-03 2.960307118452e-03 2.974691678502e-02 3.485427782039e+01 1.123770237996e-03
11 55 3 0.83534521 1.21894094 0.99274025 2.81771270 1.06521062 4.507965305878e-03 3.048972761545e-03 3.279127620075e-02 4.140258655554e+01 1.018349855990e-03
11 56 3 0.83534521 1.21894094 0.99274025 2.81771270 1.06521062 5.136178026778e-03 3.402817754754e-03 3.642555826317e-02 4.378348093775e+01 1.226347153011e-03
11 57 3 0.83534521 1.21894094 0.99274025 2.81771270 1.06521062 5.827099828760e-03 3.477354036881e-03 3.931133267984e-02 3.983287947869e+01 1.496531474636e-03
11 58 3 0.83534521 1.21894094 0.99274025 2.81771270 1.06521062 6.409943550617e-03 3.685156663516e-03 4.087813993220e-02 3.847672910311e+01 1.624065009823e-03
11 59 3 0.83534521 1.21894094 0.99274025 2.81771270 1.06521062 6.754908444896e-03 3.990822091194e-03 4.177700880224e-02 4.473079893548e+01 1.653993734629e-03
11 60 3 0.83534521 1.21894094 0.99274025 2.81771270 1.06521062 6.866002950389e-03 3.994455107787e-03 4.207499188739e-02 5.138446657501e+01 1.672889875415e-03
11 61 3 0.83534521 1.21894094 0.99274025 2.81771270 1.06521062 6.875915597890e-03 4.344545795550e-03 4.102252507163e-02 5.130071273991e+01 1.677696323749e-03
11 62 3 0.83534521 1.21894094 0.99274025 2.81771270 1.06521062 6.940492861311e-03 4.486279172271e-03 3.891543122748e-02 4.729695076650e+01 1.783941651974e-03
11 63 3 0.83534521 1.21894094 0.99274025 2.81771270 1.06521062 7.114351220252e-03 4.561479825374e-03 3.706852108456e-02 4.727886664120e+01 2.263013302126e-03
15 0 3 0.67215591 0.88386616 0.92025299 1.12291501 0.87658596 1.255317699618e-01 1.707092983112e-03 5.980954350952e-01 1.313664221745e+00 5.329067853287e-01
15 1 3 0.67215591 0.88386616 0.92025299 1.12291501 0.87658596 1.237002068776e-01 1.136699419482e-03 5.724302488563e-01 1.266011278916e+00 4.590764834328e-01
15 2 3 0.67215591 0.88386616 0.92025299 1.12291501 0.87658596 1.225071547435e-01 9.469212182332e-05 5.698361548421e-01 1.221513339479e+00 3.938963176648e-01
15 3 3 0.67215591 0.88386616 0.92025299 1.12291501 0.87658596 1.190215023075e-01 3.683056517820e-04 5.452959706713e-01 1.188050512171e+00 3.670721044929e-01
15 4 3 0.67215591 0.88386616 0.92025299 1.12291501 0.87658596 1.149201088483e-01 1.114391968952e-03 5.002152560686e-01 1.152349651800e+00 3.571451277203e-01
15 5 3 0.67215591 0.88386616 0.92025299 1.12291501 0.87658596 1.127288952369e-01 7.858662925873e-04 4.822156638300e-01 1.098448962631e+00 3.521912015217e-01
15 6 3 0.67215591 0.88386616 0.92025299 1.12291501 0.87658596 1.105976481350e-01 1.296695431044e-04 4.874304955289e-01 1.048124178744e+00 3.689995235944e-01
15 7 3 0.67215591 0.88386616 0.92025299 1.12291501 0.87658596 1.057900079416e-01 6.915317631778e-04 4.706324412575e-01 1.008007588004e+00 3.892909500349e-01
15 8 3 0.67215591 0.88386616 0.92025299 1.12291501 0.87658596 1.000137897753e-01 1.828294622723e-03 4.469360323507e-01 9.697747134064e-01 3.947787422586e-01
15 9 3 0.67215591 0.88386616 0.92025299 1.12291501 0.87658596 9.639563434967e-02 1.752218034646e-03 4.479024389995e-01 9.281913970665e-01 4.041075655017e-01
15 10 3 0.67215591 0.88386616 0.92025299 1.12291501 0.87658596 9.393333998570e-02 5.663115776204e-04 4.495665389266e-01 8.884452871947e-01 4.097548119562e-01
15 11 3 0.67215591 0.88386616 0.92025299 1.12291501 0.87658596 8.971276746067e-02 2.274547138517e-05 4.292888170033e-01 8.527702500887e-01 3.886138520480e-01
15 12 3 0.67215591 0.88386616 0.92025299 1.12291501 0.87658596 8.439011291107e-02 6.452699879471e-04 3.994410832588e-01 8.061810724564e-01 3.581294201230e-01
15 13 3 0.67215591 0.88386616 0.92025299 1.12291501 0.87658596 8.082453491358e-02 1.035058248507e-03 3.845541619254e-01 7.656126651893e-01 3.290290570252e-01
15 14 3 0.67215591 0.88386616 0.92025299 1.12291501 0.87658596 7.894622241405e-02 4.929471374919e-04 3.740259077566e-01 7.436423893538e-01 2.863461673418e-01
15 15 3 0.67215591 0.88386616 0.92025299 1.12291501 0.87658596 7.642057395151e-02 1.314406606674e-04 3.426542417118e-01 7.149565515272e-01 2.440658519345e-01
15 16 3 0.67215591 0.88386616 0.92025299 1.12291501 0.87658596 7.321467701899e-02 5.839164333994e-04 3.170461286808e-01 6.801104554346e-01 2.217894125079e-01
15 17 3 0.67215591 0.88386616 0.92025299 1.12291501 0.87658596 7.129605949984e-02 8.901035754800e-04 3.181095739951e-01 6.472522004540e-01 2.097252080697e-01
15 18 3 0.67215591 0.88386616 0.92025299 1.12291501 0.87658596 7.055802909461e-02 4.131233382942e-04 3.193625890204e-01 6.186419617386e-01 2.098797907904e-01
15 19 3 0.67215591 0.88386616 0.92025299 1.12291501 0.87658596 6.900183459799e-02 1.182836824264e-05 3.072048728705e-01 6.042756660055e-01 2.319046607014e-01
15 20 3 0.67215591 0.88386616 0.92025299 1.12291501 0.87658596 6.657192398459e-02 3.673371154966e-04 3.000367854380e-01 5.889927659786e-01 2.560462822919e-01
15 21 3 0.67215591 0.88386616 0.92025299 1.12291501 0.87658596 6.510527931459e-02 7.386280025483e-04 3.058265359250e-01 5.641780239495e-01 2.693061150507e-01
15 22 3 0.67215591 0.88386616 0.92025299 1.12291501 0.87658596 6.458190959676e-02 4.357650706927e-04 3.036343392108e-01 5.447055332595e-01 2.836529735907e-01
15 23 3 0.67215591 0.88386616 0.92025299 1.12291501 0.87658596 6.296288047770e-02 3.585813020830e-05 2.937320489952e-01 5.322652193178e-01 2.923825892852e-01
15 24 3 0.67215591 0.88386616 0.92025299 1.12291501 0.87658596 5.996900330026e-02 2.298768282591e-04 2.970997523301e-01 5.233251386600e-01 2.803362290666e-01
15 25 3 0.67215591 0.88386616 0.92025299 1.12291501 0.87658596 5.768404974171e-02 5.676394564622e-04 3.051359094187e-01 5.185003724541e-01 2.572749231637e-01
15 26 3 0.67215591 0.88386616 0.92025299 1.12291501 0.87658596 5.689860116508e-02 3.497786401694e-04 3.005601306942e-01 5.138838082158e-01 2.288557147462e-01
15 27 3 0.67215591 0.88386616 0.92025299 1.12291501 0.87658596 5.600420981350e-02 2.545312153392e-05 2.805322270894e-01 5.031437845934e-01 1.899919624486e-01
15 28 3 0.67215591 0.88386616 0.92025299 1.12291501 0.87658596 5.429600555270e-02 4.008843996900e-04 2.595546875996e-01 4.976817807881e-01 1.567757926685e-01
15 29 3 0.67215591 0.88386616 0.92025299 1.12291501 0.87658596 5.337869135189e-02 1.050343331316e-03 2.465923417937e-01 5.083070065726e-01 1.418796007718e-01
15 30 3 0.67215591 0.88386616 0.92025299 1.12291501 0.87658596 5.419839891390e-02 9.258830993500e-04 2.308354467740e-01 5.117718640737e-01 1.361430901789e-01
15 31 3 0.67215591 0.88386616 0.92025299 1.12291501 0.87658596 5.543913512306e-02 2.566732130565e-04 2.280494945679e-01 5.092297635962e-01 1.485337893924e-01
15 32 3 0.67215591 0.88386616 0.92025299 1.12291501 0.87658596 5.617684810715e-02 2.581504579580e-04 2.539411376768e-01 5.229408618434e-01 1.910899590983e-01
15 33 3 0.67215591 0.88386616 0.92025299 1.12291501 0.87658596 5.752469514234e-02 9.280273440210e-04 2.829301078586e-01 5.319775788137e-01 2.380263702426e-01
15 34 3 0.67215591 0.88386616 0.92025299 1.12291501 0.87658596 6.010415676902e-02 1.051879782807e-03 2.977235664071e-01 5.346695922963e-01 2.696391810413e-01
15 35 3 0.67215591 0.88386616 0.92025299 1.12291501 0.87658596 6.236285032904e-02 4.008583048204e-04 3.057398824365e-01 5.543771960431e-01 2.966694167220e-01
15 36 3 0.67215591 0.88386616 0.92025299 1.12291501 0.87658596 6.322618648137e-02 2.819227394950e-05 3.101686895326e-01 5.762933806060e-01 3.122589823257e-01
15 37 3 0.67215591 0.88386616 0.92025299 1.12291501 0.87658596 6.410704638921e-02 3.645845338580e-04 3.011310476634e-01 5.894026723467e-01 3.017647000567e-01
15 38 3 0.67215591 0.88386616 0.92025299 1.12291501 0.87658596 6.622240870085e-02 5.849230793692e-04 2.829405397898e-01 6.034244481315e-01 2.796265179246e-01
15 39 3 0.67215591 0.88386616 0.92025299 1.12291501 0.87658596 6.813143849608e-02 2.337420291085e-04 2.800421520268e-01 6.237108113956e-01 2.564301937886e-01
15 40 3 0.67215591 0.88386616 0.92025299 1.12291501 0.87658596 6.833143530833e-02 3.768587166899e-05 2.914729076383e-01 6.496030362098e-01 2.281656930602e-01
15 41 3 0.67215591 0.88386616 0.92025299 1.12291501 0.87658596 6.824237828452e-02 4.603703313976e-04 2.986310494358e-01 6.763269645070e-01 2.096527832213e-01
15 42 3 0.67215591 0.88386616 0.92025299 1.12291501 0.87658596 6.987611570475e-02 7.766749500049e-04 2.997767567157e-01 7.048003878517e-01 2.112462544056e-01
15 43 3 0.67215591 0.88386616 0.92025299 1.12291501 0.87658596 7.237274604749e-02 3.832725673322e-04 3.101102936730e-01 7.266077154785e-01 2.190042412077e-01
15 44 3 0.67215591 0.88386616 0.92025299 1.12291501 0.87658596 7.387179514988e-02 1.336693685717e-05 3.303067947639e-01 7.445718921365e-01 2.368745328560e-01
15 45 3 0.67215591 0.88386616 0.92025299 1.12291501 0.87658596 7.516861886064e-02 4.413685488010e-04 3.363998256469e-01 7.803866697820e-01 2.779983706961e-01
15 46 3 0.67215591 0.88386616 0.92025299 1.12291501 0.87658596 7.815200951283e-02 9.393937306552e-04 3.414830785419e-01 8.196584022551e-01 3.228466088260e-01
15 47 3 0.67215591 0.88386616 0.92025299 1.12291501 0.87658596 8.203220343862e-02 6.076175106464e-04 3.730457045247e-01 8.485582374219e-01 3.567604511067e-01
15 48 3 0.67215591 0.88386616 0.92025299 1.12291501 0.87658596 8.479352914353e-02 1.355595928171e-04 4.029986995492e-01 8.743335517118e-01 3.897655873071e-01
15 49 3 0.67215591 0.88386616 0.92025299 1.12291501 0.87658596 8.718903337503e-02 5.441222816604e-04 4.088008702140e-01 8.966847550131e-01 4.082421303365e-01
15 50 3 0.67215591 0.88386616 0.92025299 1.12291501 0.87658596 9.128279097305e-02 1.131478182818e-03 4.143255443746e-01 9.342432382928e-01 3.980962465673e-01
15 51 3 0.67215591 0.88386616 0.92025299 1.12291501 0.87658596 9.602074812546e-02 7.028560345958e-04 4.359648854124e-01 9.791847723019e-01 3.839711437164e-01
15 52 3 0.67215591 0.88386616 0.92025299 1.12291501 0.87658596 9.868141242183e-02 2.519960599244e-05 4.513669295743e-01 1.005505175784e+00 3.728918221770e-01
15 53 3 0.67215591 0.88386616 0.92025299 1.12291501 0.87658596 1.000378383739e-01 5.996997013729e-04 4.446558506459e-01 1.033343009541e+00 3.506770141057e-01
15 54 3 0.67215591 0.88386616 0.92025299 1.12291501 0.87658596 1.032403539810e-01 1.871409989391e-03 4.468221147123e-01 1.066949874674e+00 3.399752103557e-01
15 55 3 0.67215591 0.88386616 0.92025299 1.12291501 0.87658596 1.079139024497e-01 1.959213605336e-03 4.748489948514e-01 1.096202440821e+00 3.553453952353e-01
15 56 3 0.67215591 0.88386616 0.92025299 1.12291501 0.87658596 1.106359742039e-01 7.424744843791e-04 4.980002034437e-01 1.130664368589e+00 3.737745000135e-01
15 57 3 0.67215591 0.88386616 0.92025299 1.12291501 0.87658596 1.113815278667e-01 1.427425692274e-04 5.019682064286e-01 1.169479525645e+00 4.026369010237e-01
15 58 3 0.67215591 0.88386616 0.92025299 1.12291501 0.87658596 1.138481505465e-01 8.436857366656e-04 5.235336914770e-01 1.208010004455e+00 4.580956553127e-01
15 59 3 0.67215591 0.88386616 0.92025299 1.12291501 0.87658596 1.187979653527e-01 1.184963195733e-03 5.737703991775e-01 1.233350580645e+00 5.132987310057e-01
15 60 3 0.67215591 0.88386616 0.92025299 1.12291501 0.87658596 1.230462006221e-01 3.830485490848e-04 5.994737112407e-01 1.255214942090e+00 5.634408002878e-01
15 61 3 0.67215591 0.88386616 0.92025299 1.12291501 0.87658596 1.260908279552e-01 1.076124379271e-04 5.993233211962e-01 1.298083850603e+00 6.288955205907e-01
15 62 3 0.67215591 0.88386616 0.92025299 1.12291501 0.87658596 1.313891732259e-01 1.231025768001e-03 6.278867085094e-01 1.343457769980e+00 6.792826222112e-01
15 63 3 0.67215591 0.88386616 0.92025299 1.12291501 0.87658596 1.394826869670e-01 1.817394162807e-03 6.746066604440e-01 1.384378543462e+00 6.884629353731e-01
22 0 3 0.71664864 0.95837751 1.01193254 1.19673393 0.95610803 1.822189232734e-01 2.890752768877e-02 9.238835469493e-01 1.452271309176e+00 8.723376009409e-01
22 1 3 0.71664864 0.95837751 1.01193254 1.19673393 0.95610803 1.766519976272e-01 2.350742038405e-02 7.742117138051e-01 1.395460671797e+00 8.198329170872e-01
22 2 3 0.71664864 0.95837751 1.01193254 1.19673393 0.95610803 1.698284404777e-01 3.174552762826e-02 6.794674665449e-01 1.346392799608e+00 7.690708500306e-01
22 3 3 0.71664864 0.95837751 1.01193254 1.19673393 0.95610803 1.685807277208e-01 3.519416230408e-02 6.088683707317e-01 1.311250710153e+00 7.221342312179e-01
22 4 3 0.71664864 0.95837751 1.01193254 1.19673393 0.95610803 1.675007355989e-01 2.706067375003e-02 5.826004549978e-01 1.270587904671e+00 6.679759397361e-01
22 5 3 0.71664864 0.95837751 1.01193254 1.19673393 0.95610803 1.605249731151e-01 2.415320116420e-02 6.200898726787e-01 1.215369067729e+00 6.090727736051e-01
22 6 3 0.71664864 0.95837751 1.01193254 1.19673393 0.95610803 1.528554997058e-01 2.985263335876e-02 7.235293463314e-01 1.172754631225e+00 5.482778407604e-01
22 7 3 0.71664864 0.95837751 1.01193254 1.19673393 0.95610803 1.487366799826e-01 2.765618937212e-02 7.880739413550e-01 1.153092888716e+00 4.849380877933e-01
22 8 3 0.71664864 0.95837751 1.01193254 1.19673393 0.95610803 1.433229212775e-01 1.713240289685e-02 8.077819290212e-01 1.142285430740e+00 4.335085917207e-01
22 9 3 0.71664864 0.95837751 1.01193254 1.19673393 0.95610803 1.347592441922e-01 1.598443486703e-02 8.250247354133e-01 1.112795995479e+00 4.025272223951e-01
22 10 3 0.71664864 0.95837751 1.01193254 1.19673393 0.95610803 1.284073215538e-01 2.448360459546e-02 7.884793672037e-01 1.072597069508e+00 3.834451008923e-01
22 11 3 0.71664864 0.95837751 1.01193254 1.19673393 0.95610803 1.250730942149e-01 2.520721330018e-02 6.892295637318e-01 1.052150361424e+00 3.762858183406e-01
22 12 3 0.71664864 0.95837751 1.01193254 1.19673393 0.95610803 1.198500042940e-01 1.721283470085e-02 5.570829811841e-01 1.030291436431e+00 3.827103695285e-01
22 13 3 0.71664864 0.95837751 1.01193254 1.19673393 0.95610803 1.130873847590e-01 1.547621037568e-02 4.656631519755e-01 1.001576642878e+00 3.910051114692e-01
22 14 3 0.71664864 0.95837751 1.01193254 1.19673393 0.95610803 1.093696951271e-01 2.030584395869e-02 4.206773198014e-01 9.801771218320e-01 3.990988318204e-01
22 15 3 0.71664864 0.95837751 1.01193254 1.19673393 0.95610803 1.078352896132e-01 1.943056312239e-02 3.875443465266e-01 9.465358146565e-01 4.125763625598e-01
22 16 3 0.71664864 0.95837751 1.01193254 1.19673393 0.95610803 1.045430615308e-01 1.432827956041e-02 4.023308352259e-01 9.080512343753e-01 4.235099152189e-01
22 17 3 0.71664864 0.95837751 1.01193254 1.19673393 0.95610803 1.004550981348e-01 1.578968097191e-02 4.557557324133e-01 8.777085169922e-01 4.296888389961e-01
22 18 3 0.71664864 0.95837751 1.01193254 1.19673393 0.95610803 9.836377396476e-02 2.051259282840e-02 5.148147216658e-01 8.470931530098e-01 4.371968829862e-01
22 19 3 0.71664864 0.95837751 1.01193254 1.19673393 0.95610803 9.690678371329e-02 1.804259538394e-02 5.482833941955e-01 8.212299861272e-01 4.361992443329e-01
22 20 3 0.71664864 0.95837751 1.01193254 1.19673393 0.95610803 9.409012810861e-02 1.244677445346e-02 5.580181685682e-01 7.945672955283e-01 4.186827086766e-01
22 21 3 0.71664864 0.95837751 1.01193254 1.19673393 0.95610803 9.140466765516e-02 1.371876752734e-02 5.645679438520e-01 7.617761120510e-01 3.929611288067e-01
22 22 3 0.71664864 0.95837751 1.01193254 1.19673393 0.95610803 9.002439567848e-02 1.771262680600e-02 5.159105838572e-01 7.326034832681e-01 3.645850520038e-01
22 23 3 0.71664864 0.95837751 1.01193254 1.19673393 0.95610803 8.812388013795e-02 1.544753684759e-02 4.307672831848e-01 7.096111433409e-01 3.389310639572e-01
22 24 3 0.71664864 0.95837751 1.01193254 1.19673393 0.95610803 8.475692650746e-02 1.139107599713e-02 3.655187427511e-01 6.913714222765e-01 3.226839441353e-01
22 25 3 0.71664864 0.95837751 1.01193254 1.19673393 0.95610803 8.173403100621e-02 1.330999018255e-02 3.294199960644e-01 6.761609166536e-01 3.086423433958e-01
22 26 3 0.71664864 0.95837751 1.01193254 1.19673393 0.95610803 8.010228420968e-02 1.590720216384e-02 3.253931945056e-01 6.619162273941e-01 2.893333845779e-01
22 27 3 0.71664864 0.95837751 1.01193254 1.19673393 0.95610803 7.868775919063e-02 1.248355168093e-02 3.334120013381e-01 6.432739612052e-01 2.699404246003e-01
22 28 3 0.71664864 0.95837751 1.01193254 1.19673393 0.95610803 7.688709559512e-02 9.595797816949e-03 3.632638374174e-01 6.319715773330e-01 2.519744623353e-01
22 29 3 0.71664864 0.95837751 1.01193254 1.19673393 0.95610803 7.580141759800e-02 1.373273259785e-02 4.003200770339e-01 6.414806791601e-01 2.321979462086e-01
22 30 3 0.71664864 0.95837751 1.01193254 1.19673393 0.95610803 7.617775511424e-02 1.751043686314e-02 4.155991093272e-01 6.436834267459e-01 2.180928229466e-01
22 31 3 0.71664864 0.95837751 1.01193254 1.19673393 0.95610803 7.742338555620e-02 1.431825847141e-02 4.389038043040e-01 6.406097316695e-01 2.233820475988e-01
22 32 3 0.71664864 0.95837751 1.01193254 1.19673393 0.95610803 7.898148838527e-02 1.174283258628e-02 4.704748744141e-01 6.600828287048e-01 2.508101966626e-01
22 33 3 0.71664864 0.95837751 1.01193254 1.19673393 0.95610803 8.117258721284e-02 1.593153113602e-02 4.832510791536e-01 6.745191075897e-01 2.877080301267e-01
22 34 3 0.71664864 0.95837751 1.01193254 1.19673393 0.95610803 8.411037670747e-02 1.881801853628e-02 4.519483905771e-01 6.810921599879e-01 3.179513606345e-01
22 35 3 0.71664864 0.95837751 1.01193254 1.19673393 0.95610803 8.682956297943e-02 1.442779605722e-02 3.918932302433e-01 7.071595076135e-01 3.373015368642e-01
22 36 3 0.71664864 0.95837751 1.01193254 1.19673393 0.95610803 8.860097452319e-02 1.099718866041e-02 3.490080089417e-01 7.350614122296e-01 3.538466569462e-01
22 37 3 0.71664864 0.95837751 1.01193254 1.19673393 0.95610803 9.034411477576e-02 1.436777168545e-02 3.200704125058e-01 7.527606196364e-01 3.707473130153e-01
22 38 3 0.71664864 0.95837751 1.01193254 1.19673393 0.95610803 9.298182317223e-02 1.662844926663e-02 3.249273654937e-01 7.688155350887e-01 3.834964707579e-01
22 39 3 0.71664864 0.95837751 1.01193254 1.19673393 0.95610803 9.530792614986e-02 1.308234062378e-02 3.783601197899e-01 7.887775340666e-01 3.974578780390e-01
22 40 3 0.71664864 0.95837751 1.01193254 1.19673393 0.95610803 9.608517629455e-02 1.204939682945e-02 4.557065785518e-01 8.133188794888e-01 4.190231541089e-01
22 41 3 0.71664864 0.95837751 1.01193254 1.19673393 0.95610803 9.689542707774e-02 1.696475587134e-02 5.190433486142e-01 8.369209108705e-01 4.378009808347e-01
22 42 3 0.71664864 0.95837751 1.01193254 1.19673393 0.95610803 9.946543512514e-02 1.845177142886e-02 5.452012563782e-01 8.612574173716e-01 4.450839429671e-01
22 43 3 0.71664864 0.95837751 1.01193254 1.19673393 0.95610803 1.023116372561e-01 1.382923435173e-02 5.702595652970e-01 8.781963021491e-01 4.415177546992e-01
22 44 3 0.71664864 0.95837751 1.01193254 1.19673393 0.95610803 1.040993166231e-01 1.367118585855e-02 5.797182470883e-01 8.915178483300e-01 4.254626768968e-01
22 45 3 0.71664864 0.95837751 1.01193254 1.19673393 0.95610803 1.068987108820e-01 2.018520080002e-02 5.379416439414e-01 9.163060125742e-01 4.059037457789e-01
22 46 3 0.71664864 0.95837751 1.01193254 1.19673393 0.95610803 1.116570051202e-01 2.184175472264e-02 4.833927634574e-01 9.380026405962e-01 3.957401436366e-01
22 47 3 0.71664864 0.95837751 1.01193254 1.19673393 0.95610803 1.155387264535e-01 1.697752947038e-02 4.483570868927e-01 9.601973931011e-01 3.893373077708e-01
22 48 3 0.71664864 0.95837751 1.01193254 1.19673393 0.95610803 1.181555501415e-01 1.747401968487e-02 4.433523671637e-01 9.843126520022e-01 3.846193753179e-01
22 49 3 0.71664864 0.95837751 1.01193254 1.19673393 0.95610803 1.233118591336e-01 2.357790829762e-02 4.546802676145e-01 9.955515342978e-01 3.906168047977e-01
22 50 3 0.71664864 0.95837751 1.01193254 1.19673393 0.95610803 1.307800069603e-01 2.270452184614e-02 5.114341907775e-01 1.016979524701e+00 4.033327651840e-01
22 51 3 0.71664864 0.95837751 1.01193254 1.19673393 0.95610803 1.356821758178e-01 1.684641758711e-02 6.306643757995e-01 1.045611436553e+00 4.216418722998e-01
22 52 3 0.71664864 0.95837751 1.01193254 1.19673393 0.95610803 1.385269924023e-01 2.050339749918e-02 7.370693417023e-01 1.072525299093e+00 4.569033662742e-01
22 53 3 0.71664864 0.95837751 1.01193254 1.19673393 0.95610803 1.443421081336e-01 2.978352245280e-02 8.003384134487e-01 1.117453317256e+00 5.055324250968e-01
22 54 3 0.71664864 0.95837751 1.01193254 1.19673393 0.95610803 1.514619457853e-01 2.750804459455e-02 8.344328670037e-01 1.157124106153e+00 5.592438227906e-01
22 55 3 0.71664864 0.95837751 1.01193254 1.19673393 0.95610803 1.546062895872e-01 1.768738481020e-02 8.576935820944e-01 1.186221269742e+00 6.226085847451e-01
22 56 3 0.71664864 0.95837751 1.01193254 1.19673393 0.95610803 1.565758897007e-01 1.898971540947e-02 8.304457251330e-01 1.234225477157e+00 6.872558620061e-01
22 57 3 0.71664864 0.95837751 1.01193254 1.19673393 0.95610803 1.622381379242e-01 2.825117084351e-02 7.299186590973e-01 1.304919814158e+00 7.362384176904e-01
22 58 3 0.71664864 0.95837751 1.01193254 1.19673393 0.95610803 1.672488929260e-01 2.810577470764e-02 6.638968522221e-01 1.382421576390e+00 7.741446866387e-01
22 59 3 0.71664864 0.95837751 1.01193254 1.19673393 0.95610803 1.678752609204e-01 2.337278458551e-02 6.508408915511e-01 1.438349822413e+00 8.072268490099e-01
22 60 3 0.71664864 0.95837751 1.01193254 1.19673393 0.95610803 1.712347990758e-01 2.983175882243e-02 6.602643599518e-01 1.489398002077e+00 8.321891878675e-01
22 61 3 0.71664864 0.95837751 1.01193254 1.19673393 0.95610803 1.812153632280e-01 3.864264451615e-02 7.187276370736e-01 1.563118127754e+00 8.579746760128e-01
22 62 3 0.71664864 0.95837751 1.01193254 1.19673393 0.95610803 1.896184551739e-01 3.325536894840e-02 8.552955910888e-01 1.641721711757e+00 8.846108471451e-01
22 63 3 0.71664864 0.95837751 1.01193254 1.19673393 0.95610803 1.937781705526e-01 2.559161733155e-02 1.063098343893e+00 1.720079661278e+00 8.976117460483e-01
23 0 3 1.02480612 1.41820587 0.92611046 2.95898962 1.10389016 7.268033777636e-04 1.060683942348e-01 5.652195779205e-04 4.594964110839e+01 9.212114817482e-01
23 1 3 1.02480612 1.41820587 0.92611046 2.95898962 1.10389016 7.345212368278e-04 1.883256245878e-02 1.002467576121e-03 3.965082635790e+01 8.246854672097e-01
23 2 3 1.02480612 1.41820587 0.92611046 2.95898962 1.10389016 6.469187252602e-04 5.473320200289e-02 8.190937327262e-04 3.143423920251e+01 7.195480662364e-01
23 3 3 1.02480612 1.41820587 0.92611046 2.95898962 1.10389016 5.281774823477e-04 1.400401355228e-01 6.100256999259e-04 2.299066694860e+01 6.178379546322e-01
23 4 3 1.02480612 1.41820587 0.92611046 2.95898962 1.10389016 4.600674921052e-04 1.311619267136e-01 2.373891376785e-04 2.034355876463e+01 5.296516772254e-01
23 5 3 1.02480612 1.41820587 0.92611046 2.95898962 1.10389016 4.891425539791e-04 4.485816982408e-02 4.299547272303e-04 2.145813160968e+01 4.615854911247e-01
23 6 3 1.02480612 1.41820587 0.92611046 2.95898962 1.10389016 5.991079997469e-04 1.775490694727e-02 1.015252864188e-03 2.332224180977e+01 4.161602410567e-01
23 7 3 1.02480612 1.41820587 0.92611046 2.95898962 1.10389016 7.235781103211e-04 8.952578124470e-02 6.115878149721e-04 2.682333200862e+01 3.921510089467e-01
23 8 3 1.02480612 1.41820587 0.92611046 2.95898962 1.10389016 7.888991881185e-04 1.441189462411e-01 3.177662669429e-04 2.836066496783e+01 3.855534136054e-01
23 9 3 1.02480612 1.41820587 0.92611046 2.95898962 1.10389016 7.591784123237e-04 9.332269870091e-02 7.677890773650e-04 2.762106610191e+01 3.908349525669e-01
23 10 3 1.02480612 1.41820587 0.92611046 2.95898962 1.10389016 6.561438497049e-04 1.722446995339e-02 9.686127454675e-04 2.840844478186e+01 4.021432691606e-01
23 11 3 1.02480612 1.41820587 0.92611046 2.95898962 1.10389016 5.433831377139e-04 3.251530893854e-02 1.036685976002e-03 2.916887678014e+01 4.142445786674e-01
23 12 3 1.02480612 1.41820587 0.92611046 2.95898962 1.10389016 4.865209147900e-04 1.084998857470e-01 8.139929399304e-04 2.956393564295e+01 4.230991250679e-01
23 13 3 1.02480612 1.41820587 0.92611046 2.95898962 1.10389016 5.144588212539e-04 1.242979144407e-01 5.328807622762e-04 3.179947366200e+01 4.261004988095e-01
23 14 3 1.02480612 1.41820587 0.92611046 2.95898962 1.10389016 6.044636585581e-04 5.624465529876e-02 1.031538296182e-03 3.256456781960e+01 4.220793184812e-01
23 15 3 1.02480612 1.41820587 0.92611046 2.95898962 1.10389016 6.982420018660e-04 8.855720169601e-03 1.238923016442e-03 3.121422378372e+01 4.111875639356e-01
23 16 3 1.02480612 1.41820587 0.92611046 2.95898962 1.10389016 7.374606053056e-04 5.248511426944e-02 7.601266511687e-04 3.068513428122e+01 3.947472257798e-01
23 17 3 1.02480612 1.41820587 0.92611046 2.95898962 1.10389016 6.966955989408e-04 1.138717504381e-01 7.149474823389e-04 2.963530800086e+01 3.750899823756e-01
23 18 3 1.02480612 1.41820587 0.92611046 2.95898962 1.10389016 5.949999150019e-04 9.421378229504e-02 9.088513501714e-04 2.975946727623e+01 3.553618371395e-01
23 19 3 1.02480612 1.41820587 0.92611046 2.95898962 1.10389016 4.811683932648e-04 2.536479240515e-02 1.100457219461e-03 3.431808135877e+01 3.392407859476e-01
23 20 3 1.02480612 1.41820587 0.92611046 2.95898962 1.10389016 4.033741930398e-04 1.315286768174e-02 1.284380906143e-03 3.986277124170e+01 3.305265780129e-01
23 21 3 1.02480612 1.41820587 0.92611046 2.95898962 1.10389016 3.819568022819e-04 7.240670904262e-02 1.033441018101e-03 4.485378125350e+01 3.326045780653e-01
23 22 3 1.02480612 1.41820587 0.92611046 2.95898962 1.10389016 4.007152607742e-04 1.095725099253e-01 1.022288607477e-03 4.935420305015e+01 3.478438664747e-01
23 23 3 1.02480612 1.41820587 0.92611046 2.95898962 1.10389016 4.200757302479e-04 6.665613737965e-02 1.459108483820e-03 4.818054519555e+01 3.770409053727e-01
23 24 3 1.02480612 1.41820587 0.92611046 2.95898962 1.10389016 4.026057042706e-04 9.838479257975e-03 1.488597516366e-03 4.238755554991e+01 4.190444875914e-01
23 25 3 1.02480612 1.41820587 0.92611046 2.95898962 1.10389016 3.350404147856e-04 2.566585443309e-02 1.357103095005e-03 3.692169450530e+01 4.706839241476e-01
23 26 3 1.02480612 1.41820587 0.92611046 2.95898962 1.10389016 2.343465339754e-04 8.492138403001e-02 1.323415267783e-03 3.209790519547e+01 5.270708561986e-01
23 27 3 1.02480612 1.41820587 0.92611046 2.95898962 1.10389016 1.356521509244e-04 9.312213529760e-02 1.215647035638e-03 3.059127468280e+01 5.822672120728e-01
23 28 3 1.02480612 1.41820587 0.92611046 2.95898962 1.10389016 7.063683486847e-05 3.875324484538e-02 1.339771890955e-03 3.528999305109e+01 6.302267161814e-01
23 29 3 1.02480612 1.41820587 0.92611046 2.95898962 1.10389016 4.994287090536e-05 5.096347709155e-03 1.393330045593e-03 4.225505167738e+01 6.658461951458e-01
23 30 3 1.02480612 1.41820587 0.92611046 2.95898962 1.10389016 5.984339786160e-05 4.116075842744e-02 1.187459792605e-03 4.884294385908e+01 6.859236056288e-01
23 31 3 1.02480612 1.41820587 0.92611046 2.95898962 1.10389016 7.421711983108e-05 8.813756419466e-02 1.173410410440e-03 5.442835115467e+01 6.898226565920e-01
23 32 3 1.02480612 1.41820587 0.92611046 2.95898962 1.10389016 7.351722369460e-05 7.079049237410e-02 1.163417952293e-03 5.519426586590e+01 6.796900631466e-01
23 33 3 1.02480612 1.41820587 0.92611046 2.95898962 1.10389016 5.842167721619e-05 1.662859787091e-02 1.189477649750e-03 4.991314584838e+01 6.601525407299e-01
23 34 3 1.02480612 1.41820587 0.92611046 2.95898962 1.10389016 4.944375749107e-05 1.106156593028e-02 1.415128071164e-03 4.289626161439e+01 6.375211124212e-01
23 35 3 1.02480612 1.41820587 0.92611046 2.95898962 1.10389016 7.269564972104e-05 6.137185411979e-02 1.356789930479e-03 3.543292548052e+01 6.186306227254e-01
23 36 3 1.02480612 1.41820587 0.92611046 2.95898962 1.10389016 1.408361921067e-04 8.875018062755e-02 1.236178499927e-03 3.058911498409e+01 6.095225912621e-01
23 37 3 1.02480612 1.41820587 0.92611046 2.95898962 1.10389016 2.416103989309e-04 5.065940668171e-02 1.333989829654e-03 3.256962350817e+01 6.142228742562e-01
23 38 3 1.02480612 1.41820587 0.92611046 2.95898962 1.10389016 3.420883482199e-04 4.945108707173e-03 1.366879811259e-03 3.793832801764e+01 6.338613432218e-01
23 39 3 1.02480612 1.41820587 0.92611046 2.95898962 1.10389016 4.070878246737e-04 2.306887037576e-02 1.529531031939e-03 4.392679873234e+01 6.663266305411e-01
23 40 3 1.02480612 1.41820587 0.92611046 2.95898962 1.10389016 4.210206722099e-04 7.795148791653e-02 1.484626784698e-03 4.989221678884e+01 7.065521363154e-01
23 41 3 1.02480612 1.41820587 0.92611046 2.95898962 1.10389016 3.993288260055e-04 8.397853804850e-02 1.018852476994e-03 5.037141970296e+01 7.474063203107e-01
23 42 3 1.02480612 1.41820587 0.92611046 2.95898962 1.10389016 3.811397683189e-04 3.215441616615e-02 1.047104335493e-03 4.571467412041e+01 7.810342480016e-01
23 43 3 1.02480612 1.41820587 0.92611046 2.95898962 1.10389016 4.060148276512e-04 1.934569164213e-03 1.299379687536e-03 4.072454828127e+01 8.003949364824e-01
23 44 3 1.02480612 1.41820587 0.92611046 2.95898962 1.10389016 4.880926758195e-04 3.790097457738e-02 1.114504687312e-03 3.483853233340e+01 8.006844567653e-01
23 45 3 1.02480612 1.41820587 0.92611046 2.95898962 1.10389016 6.038799610323e-04 8.458086721321e-02 9.246942216220e-04 2.992968974102e+01 7.803440228077e-01
23 46 3 1.02480612 1.41820587 0.92611046 2.95898962 1.10389016 7.028431371163e-04 6.959627155876e-02 7.052520829021e-04 2.963226311849e+01 7.414283926273e-01
23 47 3 1.02480612 1.41820587 0.92611046 2.95898962 1.10389016 7.363511679479e-04 1.541447446715e-02 7.785339366852e-04 3.062568702995e+01 6.892403131117e-01
23 48 3 1.02480612 1.41820587 0.92611046 2.95898962 1.10389016 6.884230243960e-04 8.021421984477e-03 1.289419569804e-03 3.146853435569e+01 6.312947443442e-01
23 49 3 1.02480612 1.41820587 0.92611046 2.95898962 1.10389016 5.889930226455e-04 6.018022163967e-02 1.037889732191e-03 3.340238202931e+01 5.758265101831e-01
23 50 3 1.02480612 1.41820587 0.92611046 2.95898962 1.10389016 4.996762658966e-04 9.107859416994e-02 5.351797863583e-04 3.293528633978e+01 5.301605003089e-01
23 51 3 1.02480612 1.41820587 0.92611046 2.95898962 1.10389016 4.785341322741e-04 5.362804989816e-02 8.381844877581e-04 3.058375389771e+01 4.992970872983e-01
23 52 3 1.02480612 1.41820587 0.92611046 2.95898962 1.10389016 5.442358229416e-04 4.602631820568e-03 1.050783795470e-03 3.003639170924e+01 4.850163611946e-01
23 53 3 1.02480612 1.41820587 0.92611046 2.95898962 1.10389016 6.621489261241e-04 1.990953800303e-02 9.963683025395e-04 2.933849443847e+01 4.856833439906e-01
23 54 3 1.02480612 1.41820587 0.92611046 2.95898962 1.10389016 7.628292292809e-04 7.879540792364e-02 7.688706050183e-04 2.878818519986e+01 4.967720651008e-01
23 55 3 1.02480612 1.41820587 0.92611046 2.95898962 1.10389016 7.835984724091e-04 8.985773650469e-02 3.005826169020e-04 2.979025528805e+01 5.119608978357e-01
23 56 3 1.02480612 1.41820587 0.92611046 2.95898962 1.10389016 7.084512071204e-04 3.532506501208e-02 6.602728572854e-04 2.810394839588e+01 5.245274506284e-01
23 57 3 1.02480612 1.41820587 0.92611046 2.95898962 1.10389016 5.807442458622e-04 1.502732099185e-03 1.045543200475e-03 2.437619993449e+01 5.287200406711e-01
23 58 3 1.02480612 1.41820587 0.92611046 2.95898962 1.10389016 4.787268895125e-04 4.047743159834e-02 4.146508174886e-04 2.269744103345e+01 5.208154145638e-01
23 59 3 1.02480612 1.41820587 0.92611046 2.95898962 1.10389016 4.672100777200e-04 9.093838884499e-02 2.741560566898e-04 2.204835612398e+01 4.996760690000e-01
23 60 3 1.02480612 1.41820587 0.92611046 2.95898962 1.10389016 5.550870724000e-04 7.312779449594e-02 6.721974774847e-04 2.570255105198e+01 4.667621784583e-01
23 61 3 1.02480612 1.41820587 0.92611046 2.95898962 1.10389016 6.867882234109e-04 1.341898631681e-02 9.163243590626e-04 3.526576552475e+01 4.256895062146e-01
23 62 3 1.02480612 1.41820587 0.92611046 2.95898962 1.10389016 7.757062202579e-04 1.266489723319e-02 1.116241353278e-03 4.369577769400e+01 3.815158860439e-01
23 63 3 1.02480612 1.41820587 0.92611046 2.95898962 1.10389016 7.607910927209e-04 8.336747750972e-02 6.104198796302e-04 4.985710440798e+01 3.399611944347e-01
26 0 3 1.54733954 3.42870700 1.58560511 4.05393217 2.11970089 3.756070090383e+00 5.573362879310e+01 3.363095126691e-05 2.605906559195e+02 2.227335613118e-03
26 1 3 1.54733954 3.42870700 1.58560511 4.05393217 2.11970089 3.651485155412e+00 5.414888455024e+01 4.072045214438e-05 2.598200032399e+02 9.634228450017e-04
26 2 3 1.54733954 3.42870700 1.58560511 4.05393217 2.11970089 3.529432532901e+00 5.217591958256e+01 4.295084122718e-05 2.598453534721e+02 1.737175764165e-03
26 3 3 1.54733954 3.42870700 1.58560511 4.05393217 2.11970089 3.402344470668e+00 5.038563883259e+01 5.371807622552e-05 2.629642262164e+02 3.204227866468e-03
26 4 3 1.54733954 3.42870700 1.58560511 4.05393217 2.11970089 3.308522575126e+00 4.897806544846e+01 6.919003116296e-05 2.622940369277e+02 2.538198880626e-03
26 5 3 1.54733954 3.42870700 1.58560511 4.05393217 2.11970089 3.194625773596e+00 4.750444666660e+01 6.754487064669e-05 2.436211788834e+02 1.019163673781e-03
26 6 3 1.54733954 3.42870700 1.58560511 4.05393217 2.11970089 3.055937393341e+00 4.576783294338e+01 5.605797886294e-05 2.047252409091e+02 1.261230677977e-03
26 7 3 1.54733954 3.42870700 1.58560511 4.05393217 2.11970089 2.937463260583e+00 4.429247126733e+01 5.382851390009e-05 1.627740893794e+02 2.629064274158e-03
26 8 3 1.54733954 3.42870700 1.58560511 4.05393217 2.11970089 2.865280708630e+00 4.317602585778e+01 5.034629557082e-05 1.364282315043e+02 1.711564271067e-03
26 9 3 1.54733954 3.42870700 1.58560511 4.05393217 2.11970089 2.764325472217e+00 4.178997925247e+01 3.778486852883e-05 1.246831900583e+02 9.539868575967e-04
26 10 3 1.54733954 3.42870700 1.58560511 4.05393217 2.11970089 2.661412909432e+00 4.032049058368e+01 2.779202777345e-05 1.125864841699e+02 2.265209184706e-03
26 11 3 1.54733954 3.42870700 1.58560511 4.05393217 2.11970089 2.605734805024e+00 3.926795655508e+01 2.656668812694e-05 9.378935473148e+01 2.486740072221e-03
26 12 3 1.54733954 3.42870700 1.58560511 4.05393217 2.11970089 2.557286487286e+00 3.829552962408e+01 3.095944731096e-05 7.941734322247e+01 7.258745908432e-04
26 13 3 1.54733954 3.42870700 1.58560511 4.05393217 2.11970089 2.466437865763e+00 3.706592105125e+01 3.899763968162e-05 8.081542262637e+01 1.097591493932e-03
26 14 3 1.54733954 3.42870700 1.58560511 4.05393217 2.11970089 2.399044677293e+00 3.600441703497e+01 5.306170957400e-05 9.318882575917e+01 2.895649250646e-03
26 15 3 1.54733954 3.42870700 1.58560511 4.05393217 2.11970089 2.347372969174e+00 3.527053693671e+01 7.916897304164e-05 1.015780218304e+02 2.184247499009e-03
26 16 3 1.54733954 3.42870700 1.58560511 4.05393217 2.11970089 2.281980978677e+00 3.440594646993e+01 1.060171665497e-04 9.949259111798e+01 8.487942650249e-04
26 17 3 1.54733954 3.42870700 1.58560511 4.05393217 2.11970089 2.199699010119e+00 3.348883430691e+01 1.115646867727e-04 9.336290294893e+01 1.165043752788e-03
26 18 3 1.54733954 3.42870700 1.58560511 4.05393217 2.11970089 2.153465246264e+00 3.282474721629e+01 1.055940914587e-04 9.072047999305e+01 1.950649218595e-03
26 19 3 1.54733954 3.42870700 1.58560511 4.05393217 2.11970089 2.108745434696e+00 3.226961085566e+01 1.042710118340e-04 9.085447646406e+01 1.483728161437e-03
26 20 3 1.54733954 3.42870700 1.58560511 4.05393217 2.11970089 2.069913927520e+00 3.165098623462e+01 9.418565804610e-05 8.942436594966e+01 1.188885647566e-03
26 21 3 1.54733954 3.42870700 1.58560511 4.05393217 2.11970089 2.030995242624e+00 3.108361168078e+01 7.026757989986e-05 8.451574024703e+01 1.562969508815e-03
26 22 3 1.54733954 3.42870700 1.58560511 4.05393217 2.11970089 2.015251520015e+00 3.070877444167e+01 4.994356515185e-05 7.751162901783e+01 1.861676732210e-03
26 23 3 1.54733954 3.42870700 1.58560511 4.05393217 2.11970089 1.998904767998e+00 3.038064768056e+01 3.779838616142e-05 7.219325102273e+01 1.242672046464e-03
26 24 3 1.54733954 3.42870700 1.58560511 4.05393217 2.11970089 1.981910286629e+00 3.004112232084e+01 2.791809050588e-05 7.413261716147e+01 7.972477996110e-04
26 25 3 1.54733954 3.42870700 1.58560511 4.05393217 2.11970089 1.957857551544e+00 2.980016103544e+01 2.353312855498e-05 8.500290636413e+01 1.684425587456e-03
26 26 3 1.54733954 3.42870700 1.58560511 4.05393217 2.11970089 1.947501016829e+00 2.968029240382e+01 2.994840189265e-05 9.912964782580e+01 2.416769721358e-03
26 27 3 1.54733954 3.42870700 1.58560511 4.05393217 2.11970089 1.935974552014e+00 2.961933680702e+01 4.941757699576e-05 1.074579672607e+02 1.533701532453e-03
26 28 3 1.54733954 3.42870700 1.58560511 4.05393217 2.11970089 1.924180936742e+00 2.956539569259e+01 7.337562278999e-05 1.098122426675e+02 6.029914994797e-04
26 29 3 1.54733954 3.42870700 1.58560511 4.05393217 2.11970089 1.914076336449e+00 2.961158565010e+01 8.997513540127e-05 1.161419142277e+02 1.638624049953e-03
26 30 3 1.54733954 3.42870700 1.58560511 4.05393217 2.11970089 1.926896068195e+00 2.976370624427e+01 1.066053634963e-04 1.306196556450e+02 2.160447731626e-03
26 31 3 1.54733954 3.42870700 1.58560511 4.05393217 2.11970089 1.941355290737e+00 2.996250118120e+01 1.251320451670e-04 1.443201368137e+02 1.078753156235e-03
26 32 3 1.54733954 3.42870700 1.58560511 4.05393217 2.11970089 1.963132301208e+00 3.020696696778e+01 1.259081417880e-04 1.458305476708e+02 1.116395365244e-03
26 33 3 1.54733954 3.42870700 1.58560511 4.05393217 2.11970089 1.985663654833e+00 3.051679589734e+01 1.074466931015e-04 1.326712458906e+02 2.203031002666e-03
26 34 3 1.54733954 3.42870700 1.58560511 4.05393217 2.11970089 2.027500363721e+00 3.094762191389e+01 8.901195237469e-05 1.173775605825e+02 1.614741070840e-03
26 35 3 1.54733954 3.42870700 1.58560511 4.05393217 2.11970089 2.062126126025e+00 3.142545565707e+01 7.067280783501e-05 1.111446507914e+02 6.036354775951e-04
26 36 3 1.54733954 3.42870700 1.58560511 4.05393217 2.11970089 2.094393049411e+00 3.192764780245e+01 4.711977779948e-05 1.085283847805e+02 1.585893466540e-03
26 37 3 1.54733954 3.42870700 1.58560511 4.05393217 2.11970089 2.125939987790e+00 3.252189522891e+01 2.914787993527e-05 9.925362743671e+01 2.449681932284e-03
26 38 3 1.54733954 3.42870700 1.58560511 4.05393217 2.11970089 2.171799272911e+00 3.322488298595e+01 2.386708320488e-05 8.449759008987e+01 1.694402798800e-03
26 39 3 1.54733954 3.42870700 1.58560511 4.05393217 2.11970089 2.214840635410e+00 3.398551126961e+01 2.926189585886e-05 7.340330334587e+01 8.217344298627e-04
26 40 3 1.54733954 3.42870700 1.58560511 4.05393217 2.11970089 2.259226189670e+00 3.473456762564e+01 3.933056828634e-05 7.222076317070e+01 1.281082630042e-03
26 41 3 1.54733954 3.42870700 1.58560511 4.05393217 2.11970089 2.317221377272e+00 3.559595879789e+01 5.057928658556e-05 7.871142266524e+01 1.904811436779e-03
26 42 3 1.54733954 3.42870700 1.58560511 4.05393217 2.11970089 2.393344549134e+00 3.660284643746e+01 7.044879456536e-05 8.719887148147e+01 1.597411858902e-03
26 43 3 1.54733954 3.42870700 1.58560511 4.05393217 2.11970089 2.474774022499e+00 3.760915760017e+01 9.548812891197e-05 9.342501488331e+01 1.211728855079e-03
26 44 3 1.54733954 3.42870700 1.58560511 4.05393217 2.11970089 2.551574229878e+00 3.858943293727e+01 1.071689657906e-04 9.541757816097e+01 1.561020247748e-03
26 45 3 1.54733954 3.42870700 1.58560511 4.05393217 2.11970089 2.636506885904e+00 3.973718621525e+01 1.081508787575e-04 9.553945082627e+01 2.043185211766e-03
26 46 3 1.54733954 3.42870700 1.58560511 4.05393217 2.11970089 2.740651508639e+00 4.107128794287e+01 1.116780714352e-04 9.897940989473e+01 1.167141889013e-03
26 47 3 1.54733954 3.42870700 1.58560511 4.05393217 2.11970089 2.828859732817e+00 4.224596011290e+01 1.032395635954e-04 1.057308804469e+02 8.763933821544e-04
26 48 3 1.54733954 3.42870700 1.58560511 4.05393217 2.11970089 2.897430267581e+00 4.344092429707e+01 7.636873667888e-05 1.075152069994e+02 2.348074379881e-03
26 49 3 1.54733954 3.42870700 1.58560511 4.05393217 2.11970089 2.993352517857e+00 4.499946568335e+01 5.187022076169e-05 9.819298455374e+01 3.014079556203e-03
26 50 3 1.54733954 3.42870700 1.58560511 4.05393217 2.11970089 3.111149259557e+00 4.653563840736e+01 3.867084094507e-05 8.559524147365e+01 1.078203910890e-03
26 51 3 1.54733954 3.42870700 1.58560511 4.05393217 2.11970089 3.196518771596e+00 4.783253850624e+01 3.066814282475e-05 8.570987491108e+01 8.005092316202e-04
26 52 3 1.54733954 3.42870700 1.58560511 4.05393217 2.11970089 3.293046719376e+00 4.939691876889e+01 2.591952515708e-05 1.030176810695e+02 2.643149705614e-03
26 53 3 1.54733954 3.42870700 1.58560511 4.05393217 2.11970089 3.453263196917e+00 5.131031631215e+01 2.664526008198e-05 1.241382169097e+02 2.288460155546e-03
26 54 3 1.54733954 3.42870700 1.58560511 4.05393217 2.11970089 3.594289636900e+00 5.292225665799e+01 3.670654424414e-05 1.368433295149e+02 9.737106347250e-04
26 55 3 1.54733954 3.42870700 1.58560511 4.05393217 2.11970089 3.710466841408e+00 5.445449774182e+01 5.049012070091e-05 1.492004131720e+02 1.880736376753e-03
26 56 3 1.54733954 3.42870700 1.58560511 4.05393217 2.11970089 3.858077452502e+00 5.649337419079e+01 5.464652971488e-05 1.780096013546e+02 2.756644272987e-03
26 57 3 1.54733954 3.42870700 1.58560511 4.05393217 2.11970089 4.036817701161e+00 5.857655715530e+01 5.581069326713e-05 2.233439569823e+02 1.257273996457e-03
26 58 3 1.54733954 3.42870700 1.58560511 4.05393217 2.11970089 4.154863056540e+00 6.033652848622e+01 6.509624192204e-05 2.636346111534e+02 1.111541830020e-03
26 59 3 1.54733954 3.42870700 1.58560511 4.05393217 2.11970089 4.277398401132e+00 6.224083526150e+01 6.491679085933e-05 2.821164064198e+02 2.729935382612e-03
26 60 3 1.54733954 3.42870700 1.58560511 4.05393217 2.11970089 4.427055869710e+00 6.463493483062e+01 5.072046175170e-05 2.823221457327e+02 3.373399127664e-03
26 61 3 1.54733954 3.42870700 1.58560511 4.05393217 2.11970089 4.594800346493e+00 6.694774524326e+01 4.186536365074e-05 2.780824912445e+02 1.808240520334e-03
26 62 3 1.54733954 3.42870700 1.58560511 4.05393217 2.11970089 4.733332137331e+00 6.888364340618e+01 3.998863375520e-05 2.769861592391e+02 1.035355041390e-03
26 63 3 1.54733954 3.42870700 1.58560511 4.05393217 2.11970089 4.894759333484e+00 7.118912635559e+01 3.171319129440e-05 2.771225993256e+02 2.420456862260e-03
27 0 3 1.32284978 2.48767011 1.38666712 7.35361705 1.73761707 1.374847280667e+00 8.235068361787e+00 2.846774348083e-04 1.768929149136e+03 8.158919542130e-04
27 1 3 1.32284978 2.48767011 1.38666712 7.35361705 1.73761707 1.340143221509e+00 7.897595474216e+00 2.965797593158e-04 1.774340779667e+03 3.099046417172e-03
27 2 3 1.32284978 2.48767011 1.38666712 7.35361705 1.73761707 1.325461187316e+00 7.522873142486e+00 3.061419575739e-04 1.680688296512e+03 3.735427485125e-03
27 3 3 1.32284978 2.48767011 1.38666712 7.35361705 1.73761707 1.302757947650e+00 7.277931880436e+00 3.127825592224e-04 1.545392209446e+03 1.868973695044e-03
27 4 3 1.32284978 2.48767011 1.38666712 7.35361705 1.73761707 1.255669821416e+00 7.125551551661e+00 3.218658592989e-04 1.424425422117e+03 3.872253542029e-04
27 5 3 1.32284978 2.48767011 1.38666712 7.35361705 1.73761707 1.205949554725e+00 6.882648997323e+00 3.277675860783e-04 1.356136177121e+03 1.626442849569e-03
27 6 3 1.32284978 2.48767011 1.38666712 7.35361705 1.73761707 1.177332969571e+00 6.520406394268e+00 3.197713520008e-04 1.307890801450e+03 2.997504006268e-03
27 7 3 1.32284978 2.48767011 1.38666712 7.35361705 1.73761707 1.159666304587e+00 6.267497525509e+00 3.012080313464e-04 1.222441511738e+03 2.441057427771e-03
27 8 3 1.32284978 2.48767011 1.38666712 7.35361705 1.73761707 1.130968447267e+00 6.143695175397e+00 2.886592503018e-04 1.123944461764e+03 5.666894418582e-04
27 9 3 1.32284978 2.48767011 1.38666712 7.35361705 1.73761707 1.095911709764e+00 5.948196177911e+00 2.901161366523e-04 1.065173593187e+03 7.083714880627e-04
27 10 3 1.32284978 2.48767011 1.38666712 7.35361705 1.73761707 1.076171184482e+00 5.670367836647e+00 2.971319044027e-04 1.035018657753e+03 2.259057649287e-03
27 11 3 1.32284978 2.48767011 1.38666712 7.35361705 1.73761707 1.072558905998e+00 5.425096336681e+00 3.025930745716e-04 9.874655262110e+02 2.890556064617e-03
27 12 3 1.32284978 2.48767011 1.38666712 7.35361705 1.73761707 1.063347035794e+00 5.276181741172e+00 3.114015328098e-04 9.397699671921e+02 1.310367562568e-03
27 13 3 1.32284978 2.48767011 1.38666712 7.35361705 1.73761707 1.038805012928e+00 5.136490227582e+00 3.265382922582e-04 9.456060670210e+02 1.802538217162e-04
27 14 3 1.32284978 2.48767011 1.38666712 7.35361705 1.73761707 1.013633931454e+00 4.935095479694e+00 3.379923674541e-04 1.011082515357e+03 1.139556096378e-03
27 15 3 1.32284978 2.48767011 1.38666712 7.35361705 1.73761707 1.000349105249e+00 4.726277174988e+00 3.357748431936e-04 1.092894716090e+03 2.688182608187e-03
27 16 3 1.32284978 2.48767011 1.38666712 7.35361705 1.73761707 9.905164191591e-01 4.561016115428e+00 3.255754058970e-04 1.131451054497e+03 2.335526138107e-03
27 17 3 1.32284978 2.48767011 1.38666712 7.35361705 1.73761707 9.723292704889e-01 4.442833883348e+00 3.201284480902e-04 1.086524127853e+03 6.384970060732e-04
27 18 3 1.32284978 2.48767011 1.38666712 7.35361705 1.73761707 9.516623328745e-01 4.318271238027e+00 3.199896507453e-04 9.822861576399e+02 2.013405730915e-04
27 19 3 1.32284978 2.48767011 1.38666712 7.35361705 1.73761707 9.424057651319e-01 4.159360025122e+00 3.156943851016e-04 8.917574450808e+02 1.532881110447e-03
27 20 3 1.32284978 2.48767011 1.38666712 7.35361705 1.73761707 9.447929315564e-01 3.998390637162e+00 3.057166351155e-04 8.506763870426e+02 2.494233967630e-03
27 21 3 1.32284978 2.48767011 1.38666712 7.35361705 1.73761707 9.467841648089e-01 3.888556082328e+00 2.977470594875e-04 8.231604075771e+02 1.621099675173e-03
27 22 3 1.32284978 2.48767011 1.38666712 7.35361705 1.73761707 9.430115082934e-01 3.821180328698e+00 2.927999915484e-04 7.821385388868e+02 2.595936209495e-04
27 23 3 1.32284978 2.48767011 1.38666712 7.35361705 1.73761707 9.400196460328e-01 3.719745656523e+00 2.822424701917e-04 7.463542935227e+02 4.506539111890e-04
27 24 3 1.32284978 2.48767011 1.38666712 7.35361705 1.73761707 9.428182386897e-01 3.581661456107e+00 2.638384684886e-04 7.303956276023e+02 1.644973076008e-03
27 25 3 1.32284978 2.48767011 1.38666712 7.35361705 1.73761707 9.467500055897e-01 3.485390752767e+00 2.492993624773e-04 7.252505380474e+02 1.999190239670e-03
27 26 3 1.32284978 2.48767011 1.38666712 7.35361705 1.73761707 9.459192407973e-01 3.455026273664e+00 2.495386055247e-04 7.237104052913e+02 8.747513972138e-04
27 27 3 1.32284978 2.48767011 1.38666712 7.35361705 1.73761707 9.425356626944e-01 3.399713466674e+00 2.613671892944e-04 7.262092475015e+02 1.863171078977e-04
27 28 3 1.32284978 2.48767011 1.38666712 7.35361705 1.73761707 9.435089501052e-01 3.303557829189e+00 2.765475060482e-04 7.352875833278e+02 8.006818625925e-04
27 29 3 1.32284978 2.48767011 1.38666712 7.35361705 1.73761707 9.517137304951e-01 3.244142308503e+00 2.948796312102e-04 7.694923357701e+02 1.726272659177e-03
27 30 3 1.32284978 2.48767011 1.38666712 7.35361705 1.73761707 9.644034513140e-01 3.218018816201e+00 3.177363005755e-04 8.410327945696e+02 1.334320474053e-03
27 31 3 1.32284978 2.48767011 1.38666712 7.35361705 1.73761707 9.782312682147e-01 3.198931452709e+00 3.358055497142e-04 9.098615745519e+02 3.694806059879e-04
27 32 3 1.32284978 2.48767011 1.38666712 7.35361705 1.73761707 9.929074929680e-01 3.173795089172e+00 3.357416888003e-04 9.142887464142e+02 3.994494082156e-04
27 33 3 1.32284978 2.48767011 1.38666712 7.35361705 1.73761707 1.010356083705e+00 3.143496724958e+00 3.170943342922e-04 8.467824550633e+02 1.392634264826e-03
27 34 3 1.32284978 2.48767011 1.38666712 7.35361705 1.73761707 1.031390416204e+00 3.121366407825e+00 2.923711968454e-04 7.736843990739e+02 1.736836418262e-03
27 35 3 1.32284978 2.48767011 1.38666712 7.35361705 1.73761707 1.053151557385e+00 3.131526311829e+00 2.703268407017e-04 7.415465176925e+02 7.710298114053e-04
27 36 3 1.32284978 2.48767011 1.38666712 7.35361705 1.73761707 1.071026682040e+00 3.176874963331e+00 2.500385851357e-04 7.345660294140e+02 1.872607266293e-04
27 37 3 1.32284978 2.48767011 1.38666712 7.35361705 1.73761707 1.084902668322e+00 3.182943399822e+00 2.332457502269e-04 7.338232001534e+02 9.543381760083e-04
27 38 3 1.32284978 2.48767011 1.38666712 7.35361705 1.73761707 1.101499830244e+00 3.165911749949e+00 2.291777516041e-04 7.408892924255e+02 2.097520488441e-03
27 39 3 1.32284978 2.48767011 1.38666712 7.35361705 1.73761707 1.126557747787e+00 3.213628899224e+00 2.407768208541e-04 7.537840547488e+02 1.672842497901e-03
27 40 3 1.32284978 2.48767011 1.38666712 7.35361705 1.73761707 1.156529665178e+00 3.301104030665e+00 2.569037431094e-04 7.762799427309e+02 4.309601348286e-04
27 41 3 1.32284978 2.48767011 1.38666712 7.35361705 1.73761707 1.184297185872e+00 3.352424216414e+00 2.660258786656e-04 8.175101378471e+02 2.990133515589e-04
27 42 3 1.32284978 2.48767011 1.38666712 7.35361705 1.73761707 1.212236127016e+00 3.372259263127e+00 2.700562929395e-04 8.617944600790e+02 1.761245304543e-03
27 43 3 1.32284978 2.48767011 1.38666712 7.35361705 1.73761707 1.250170884352e+00 3.435241266890e+00 2.764277474153e-04 8.888156611442e+02 2.626359346601e-03
27 44 3 1.32284978 2.48767011 1.38666712 7.35361705 1.73761707 1.297849820163e+00 3.547776374894e+00 2.831046726056e-04 9.329417715548e+02 1.559659859139e-03
27 45 3 1.32284978 2.48767011 1.38666712 7.35361705 1.73761707 1.340776293762e+00 3.655559219517e+00 2.832181082805e-04 1.031599439689e+03 1.904909859725e-04
27 46 3 1.32284978 2.48767011 1.38666712 7.35361705 1.73761707 1.370926394462e+00 3.729763299164e+00 2.802293840833e-04 1.144555012557e+03 7.298045279932e-04
27 47 3 1.32284978 2.48767011 1.38666712 7.35361705 1.73761707 1.400673272837e+00 3.802307611629e+00 2.840257412046e-04 1.191672870607e+03 2.528081189206e-03
27 48 3 1.32284978 2.48767011 1.38666712 7.35361705 1.73761707 1.443801289269e+00 3.923617216777e+00 2.931490555254e-04 1.147698088195e+03 2.816534991625e-03
27 49 3 1.32284978 2.48767011 1.38666712 7.35361705 1.73761707 1.492172047154e+00 4.082167885028e+00 2.947671038943e-04 1.058120228655e+03 1.144841705932e-03
27 50 3 1.32284978 2.48767011 1.38666712 7.35361705 1.73761707 1.529335405548e+00 4.228717059572e+00 2.836272270694e-04 9.879610997936e+02 1.989644684229e-04
27 51 3 1.32284978 2.48767011 1.38666712 7.35361705 1.73761707 1.561874152327e+00 4.321374915365e+00 2.690758779342e-04 9.865389231003e+02 1.474949109047e-03
27 52 3 1.32284978 2.48767011 1.38666712 7.35361705 1.73761707 1.613632714921e+00 4.430028869866e+00 2.594762084879e-04 1.043186276209e+03 3.099736213512e-03
27 53 3 1.32284978 2.48767011 1.38666712 7.35361705 1.73761707 1.686702656191e+00 4.631013576442e+00 2.513223933471e-04 1.097885925602e+03 2.335662131110e-03
27 54 3 1.32284978 2.48767011 1.38666712 7.35361705 1.73761707 1.754084621614e+00 4.852180874221e+00 2.415975906824e-04 1.134368938463e+03 7.020324884099e-04
27 55 3 1.32284978 2.48767011 1.38666712 7.35361705 1.73761707 1.801585850357e+00 4.991919500643e+00 2.390713662222e-04 1.200987840835e+03 6.675407417468e-04
27 56 3 1.32284978 2.48767011 1.38666712 7.35361705 1.73761707 1.850981354876e+00 5.079407400426e+00 2.512163495814e-04 1.307691618807e+03 2.696961436673e-03
27 57 3 1.32284978 2.48767011 1.38666712 7.35361705 1.73761707 1.921995535751e+00 5.296982125203e+00 2.689344686268e-04 1.392089911631e+03 3.176771232055e-03
27 58 3 1.32284978 2.48767011 1.38666712 7.35361705 1.73761707 1.995111320711e+00 5.604486489920e+00 2.765612017748e-04 1.441318374031e+03 1.645960523820e-03
27 59 3 1.32284978 2.48767011 1.38666712 7.35361705 1.73761707 2.042218110117e+00 5.784718353040e+00 2.715493406548e-04 1.520634860175e+03 4.128432251131e-04
27 60 3 1.32284978 2.48767011 1.38666712 7.35361705 1.73761707 2.077684864526e+00 5.896364529457e+00 2.632792281367e-04 1.650664284949e+03 2.125506860798e-03
27 61 3 1.32284978 2.48767011 1.38666712 7.35361705 1.73761707 2.140814553192e+00 6.115419836010e+00 2.553820329340e-04 1.788117608822e+03 4.060126576308e-03
27 62 3 1.32284978 2.48767011 1.38666712 7.35361705 1.73761707 2.233395487943e+00 6.443417482721e+00 2.430001172926e-04 1.882390261005e+03 3.240055635895e-03
27 63 3 1.32284978 2.48767011 1.38666712 7.35361705 1.73761707 2.317066214960e+00 6.719558597522e+00 2.295966731231e-04 1.869390654260e+03 7.902953434337e-04
28 0 3 1.01867075 1.44097964 0.94492161 3.43328745 1.12211975 3.915995735420e-03 3.463989227896e+00 2.262309634188e-03 1.085624139880e+02 5.506741549983e-03
28 1 3 1.01867075 1.44097964 0.94492161 3.43328745 1.12211975 4.023909339284e-03 3.341429225130e+00 1.940800016834e-03 9.937291203561e+01 4.519820716974e-03
28 2 3 1.01867075 1.44097964 0.94492161 3.43328745 1.12211975 4.033968732308e-03 3.366914466830e+00 1.223367904914e-03 9.597948596644e+01 4.240075528022e-03
28 3 3 1.01867075 1.44097964 0.94492161 3.43328745 1.12211975 3.943541662207e-03 3.333090928236e+00 1.262892942316e-03 9.753189751317e+01 4.903580425768e-03
28 4 3 1.01867075 1.44097964 0.94492161 3.43328745 1.12211975 3.758177528848e-03 3.131518247746e+00 2.594043271918e-03 1.109979491599e+02 6.457452397621e-03
28 5 3 1.01867075 1.44097964 0.94492161 3.43328745 1.12211975 3.490455549178e-03 2.905949744363e+00 2.192295968430e-03 1.280514270721e+02 8.578113225000e-03
28 6 3 1.01867075 1.44097964 0.94492161 3.43328745 1.12211975 3.158304921550e-03 2.825061337861e+00 1.154237759638e-03 1.359357421060e+02 1.076638719728e-02
28 7 3 1.01867075 1.44097964 0.94492161 3.43328745 1.12211975 2.783003192563e-03 2.834561497083e+00 1.148651713703e-03 1.352041999634e+02 1.248760839646e-02
28 8 3 1.01867075 1.44097964 0.94492161 3.43328745 1.12211975 2.387071444703e-03 2.753399991933e+00 1.174792563498e-03 1.223121821803e+02 1.331447802061e-02
28 9 3 1.01867075 1.44097964 0.94492161 3.43328745 1.12211975 1.992273989785e-03 2.548674623660e+00 1.674416414861e-03 9.810629788219e+01 1.303284054969e-02
28 10 3 1.01867075 1.44097964 0.94492161 3.43328745 1.12211975 1.617899287022e-03 2.374084164242e+00 1.695337328089e-03 7.702673929499e+01 1.168405450372e-02
28 11 3 1.01867075 1.44097964 0.94492161 3.43328745 1.12211975 1.279452996447e-03 2.332881664672e+00 7.305432435236e-04 6.460596971144e+01 9.537414697725e-03
28 12 3 1.01867075 1.44097964 0.94492161 3.43328745 1.12211975 9.878397428794e-04 2.332165838331e+00 6.142323917102e-04 5.931512847334e+01 7.005973580635e-03
28 13 3 1.01867075 1.44097964 0.94492161 3.43328745 1.12211975 7.490539235748e-04 2.234967787575e+00 8.056087388294e-04 6.287428222880e+01 4.533483046264e-03
28 14 3 1.01867075 1.44097964 0.94492161 3.43328745 1.12211975 5.643478916769e-04 2.065866818159e+00 6.287351608542e-04 6.744282804047e+01 2.485506760592e-03
28 15 3 1.01867075 1.44097964 0.94492161 3.43328745 1.12211975 4.308031088110e-04 1.965022811145e+00 5.668589478680e-04 6.451097676174e+01 1.073407686488e-03
28 16 3 1.01867075 1.44097964 0.94492161 3.43328745 1.12211975 3.421998213608e-04 1.975357396194e+00 2.314843062410e-04 5.667746153711e+01 3.280543218985e-04
28 17 3 1.01867075 1.44097964 0.94492161 3.43328745 1.12211975 2.900651062955e-04 1.986090544493e+00 1.278156437006e-04 4.425925728900e+01 1.247601071227e-04
28 18 3 1.01867075 1.44097964 0.94492161 3.43328745 1.12211975 2.647775924822e-04 1.905028050582e+00 3.414559915904e-04 3.078247615136e+01 2.467720240005e-04
28 19 3 1.01867075 1.44097964 0.94492161 3.43328745 1.12211975 2.566180703253e-04 1.792201791394e+00 2.327735794036e-04 2.543720572205e+01 4.653583375967e-04
28 20 3 1.01867075 1.44097964 0.94492161 3.43328745 1.12211975 2.566756704909e-04 1.761199031781e+00 2.469724535589e-04 2.860306587496e+01 6.122463763423e-04
28 21 3 1.01867075 1.44097964 0.94492161 3.43328745 1.12211975 2.575457666165e-04 1.806921781334e+00 2.957733379553e-04 3.759014661290e+01 6.247338427411e-04
28 22 3 1.01867075 1.44097964 0.94492161 3.43328745 1.12211975 2.537845330726e-04 1.817089180841e+00 3.632410181370e-04 5.010008680333e+01 5.532874493565e-04
28 23 3 1.01867075 1.44097964 0.94492161 3.43328745 1.12211975 2.421127867901e-04 1.741064977306e+00 7.048726427402e-04 5.714963165845e+01 5.327865523380e-04
28 24 3 1.01867075 1.44097964 0.94492161 3.43328745 1.12211975 2.213856747127e-04 1.660294154434e+00 6.887527303975e-04 5.599086944720e+01 7.285469817585e-04
28 25 3 1.01867075 1.44097964 0.94492161 3.43328745 1.12211975 1.923631676339e-04 1.661568089705e+00 6.068267878330e-04 5.160947304443e+01 1.274366337998e-03
28 26 3 1.01867075 1.44097964 0.94492161 3.43328745 1.12211975 1.573284064307e-04 1.708023472945e+00 7.644925177311e-04 4.544277184111e+01 2.220840611309e-03
28 27 3 1.01867075 1.44097964 0.94492161 3.43328745 1.12211975 1.196068434903e-04 1.697631124939e+00 7.134089902772e-04 4.275544198619e+01 3.508321157527e-03
28 28 3 1.01867075 1.44097964 0.94492161 3.43328745 1.12211975 8.303966100017e-05 1.616198610739e+00 8.446510357609e-04 4.929875468322e+01 4.971523708801e-03
28 29 3 1.01867075 1.44097964 0.94492161 3.43328745 1.12211975 5.146138855595e-05 1.556393860264e+00 9.660185504603e-04 6.040629481052e+01 6.374093161530e-03
28 30 3 1.01867075 1.44097964 0.94492161 3.43328745 1.12211975 2.822537612970e-05 1.578504646225e+00 7.662028379830e-04 7.162342954980e+01 7.463619648409e-03
28 31 3 1.01867075 1.44097964 0.94492161 3.43328745 1.12211975 1.581305788200e-05 1.622245889544e+00 8.003611587965e-04 8.070535703238e+01 8.032536588765e-03
28 32 3 1.01867075 1.44097964 0.94492161 3.43328745 1.12211975 1.555468622888e-05 1.598799522093e+00 7.936757518104e-04 8.161414870609e+01 7.969080336488e-03
28 33 3 1.01867075 1.44097964 0.94492161 3.43328745 1.12211975 2.748091193290e-05 1.523716960111e+00 7.618763240025e-04 7.271730639292e+01 7.285192206648e-03
28 34 3 1.01867075 1.44097964 0.94492161 3.43328745 1.12211975 5.031630543169e-05 1.492868860959e+00 9.707954609416e-04 6.073923898603e+01 6.114145355817e-03
28 35 3 1.01867075 1.44097964 0.94492161 3.43328745 1.12211975 8.161742322918e-05 1.538377143902e+00 8.511884435148e-04 4.899359398461e+01 4.678340952596e-03
28 36 3 1.01867075 1.44097964 0.94492161 3.43328745 1.12211975 1.180489668625e-04 1.579890864439e+00 7.211840151412e-04 4.265260115070e+01 3.235322469840e-03
28 37 3 1.01867075 1.44097964 0.94492161 3.43328745 1.12211975 1.557817023601e-04 1.544471482519e+00 7.571771507238e-04 4.623496259566e+01 2.015778781273e-03
28 38 3 1.01867075 1.44097964 0.94492161 3.43328745 1.12211975 1.909851441686e-04 1.476407750265e+00 5.942711844018e-04 5.302146526477e+01 1.169694605793e-03
28 39 3 1.01867075 1.44097964 0.94492161 3.43328745 1.12211975 2.203770388886e-04 1.471550556914e+00 6.942995752317e-04 5.783908105255e+01 7.351187755290e-04
28 40 3 1.01867075 1.44097964 0.94492161 3.43328745 1.12211975 2.417813819274e-04 1.532709607340e+00 7.048798876936e-04 5.874392667074e+01 6.384510857780e-04
28 41 3 1.01867075 1.44097964 0.94492161 3.43328745 1.12211975 2.546384661508e-04 1.563961704962e+00 3.541913157535e-04 5.060585856406e+01 7.268775399882e-04
28 42 3 1.01867075 1.44097964 0.94492161 3.43328745 1.12211975 2.604059560535e-04 1.516066272100e+00 2.880653190209e-04 3.770155422480e+01 8.246005042978e-04
28 43 3 1.01867075 1.44097964 0.94492161 3.43328745 1.12211975 2.627908592771e-04 1.465086547723e+00 2.365976690739e-04 2.902077645527e+01 7.971993414406e-04
28 44 3 1.01867075 1.44097964 0.94492161 3.43328745 1.12211975 2.677598632338e-04 1.501142853089e+00 2.494275016373e-04 2.640193490810e+01 6.050102177120e-04
28 45 3 1.01867075 1.44097964 0.94492161 3.43328745 1.12211975 2.832905105422e-04 1.591255598956e+00 3.640472443746e-04 3.289968115850e+01 3.281939678676e-04
28 46 3 1.01867075 1.44097964 0.94492161 3.43328745 1.12211975 3.188478867981e-04 1.627130751767e+00 1.310623869443e-04 4.779343286850e+01 1.531977232884e-04
28 47 3 1.01867075 1.44097964 0.94492161 3.43328745 1.12211975 3.845996008149e-04 1.592172885437e+00 2.738610151291e-04 6.127232581535e+01 3.211105805533e-04
28 48 3 1.01867075 1.44097964 0.94492161 3.43328745 1.12211975 4.904134759272e-04 1.593392337526e+00 6.421064035601e-04 6.990334767692e+01 1.050171478604e-03
28 49 3 1.01867075 1.44097964 0.94492161 3.43328745 1.12211975 6.447142284618e-04 1.700682344250e+00 7.167312360731e-04 7.289019881962e+01 2.453982732426e-03
28 50 3 1.01867075 1.44097964 0.94492161 3.43328745 1.12211975 8.533035506139e-04 1.833971948017e+00 9.060737556523e-04 6.781663427840e+01 4.480716428578e-03
28 51 3 1.01867075 1.44097964 0.94492161 3.43328745 1.12211975 1.118268334776e-03 1.878699185182e+00 6.717811667059e-04 6.426392679150e+01 6.894997014264e-03
28 52 3 1.01867075 1.44097964 0.94492161 3.43328745 1.12211975 1.437110541138e-03 1.862976520482e+00 8.215296896374e-04 7.057713324282e+01 9.313469427801e-03
28 53 3 1.01867075 1.44097964 0.94492161 3.43328745 1.12211975 1.802226617929e-03 1.921384023815e+00 1.878646344417e-03 8.473661887751e+01 1.128980381663e-02
28 54 3 1.01867075 1.44097964 0.94492161 3.43328745 1.12211975 2.200843065613e-03 2.087605003259e+00 1.825462226857e-03 1.075003235299e+02 1.242924508409e-02
28 55 3 1.01867075 1.44097964 0.94492161 3.43328745 1.12211975 2.615478126203e-03 2.231479673431e+00 1.278748444519e-03 1.327223321026e+02 1.250158976473e-02
28 56 3 1.01867075 1.44097964 0.94492161 3.43328745 1.12211975 3.024950080316e-03 2.250969266466e+00 1.233875415075e-03 1.451427892034e+02 1.151862666703e-02
28 57 3 1.01867075 1.44097964 0.94492161 3.43328745 1.12211975 3.405894547778e-03 2.234525848276e+00 1.248249503627e-03 1.450140737396e+02 9.749389357610e-03
28 58 3 1.01867075 1.44097964 0.94492161 3.43328745 1.12211975 3.734692378236e-03 2.334684050097e+00 2.389142886195e-03 1.363522941546e+02 7.662826155205e-03
28 59 3 1.01867075 1.44097964 0.94492161 3.43328745 1.12211975 3.989653049412e-03 2.531002958972e+00 2.769353328572e-03 1.173093029545e+02 5.808553468762e-03
28 60 3 1.01867075 1.44097964 0.94492161 3.43328745 1.12211975 4.153253069960e-03 2.648936423911e+00 1.324435399032e-03 1.018712247964e+02 4.666146289087e-03
28 61 3 1.01867075 1.44097964 0.94492161 3.43328745 1.12211975 4.214201206342e-03 2.623699072919e+00 1.304759566564e-03 9.900032480931e+01 4.505652737195e-03
28 62 3 1.01867075 1.44097964 0.94492161 3.43328745 1.12211975 4.169097442087e-03 2.609784988878e+00 2.047465066054e-03 1.025276196718e+02 5.302175746088e-03
28 63 3 1.01867075 1.44097964 0.94492161 3.43328745 1.12211975 4.023473232492e-03 2.751663322232e+00 2.392876559537e-03 1.136590251215e+02 6.734288226502e-03
