# environment=00265 local_bs=2 gain_scale=6.931911875965e-14
# ue subcarrier serving_bs phi0 phi1 phi2 phi3 phi4 gain0 gain1 gain2 gain3 gain4
0 0 2 0.63166217 1.03755323 1.38254391 0.73780769 0.99745724 7.242395806680e-01 5.056235318516e+00 1.384050397141e+01 1.305086615613e+00 3.529193193356e+00
0 1 2 0.63166217 1.03755323 1.38254391 0.73780769 0.99745724 7.004591777566e-01 4.877211349046e+00 1.523427393170e+01 1.230550739134e+00 4.584980536509e+00
0 2 2 0.63166217 1.03755323 1.38254391 0.73780769 0.99745724 6.662826398280e-01 4.735337737894e+00 1.684072413586e+01 1.224534058080e+00 4.829232681497e+00
0 3 2 0.63166217 1.03755323 1.38254391 0.73780769 0.99745724 6.309800155426e-01 4.548558204687e+00 1.291012761346e+01 1.198435585213e+00 3.605082583388e+00
0 4 2 0.63166217 1.03755323 1.38254391 0.73780769 0.99745724 6.046461672394e-01 4.362380354351e+00 1.337157393055e+01 1.152129387730e+00 2.961447732850e+00
0 5 2 0.63166217 1.03755323 1.38254391 0.73780769 0.99745724 5.946885941395e-01 4.206984073893e+00 1.423895599455e+01 1.111451704588e+00 3.666327092096e+00
0 6 2 0.63166217 1.03755323 1.38254391 0.73780769 0.99745724 5.749647674034e-01 4.104225086861e+00 1.166299574269e+01 1.049855314171e+00 4.234996970490e+00
0 7 2 0.63166217 1.03755323 1.38254391 0.73780769 0.99745724 5.365865866176e-01 3.913638559424e+00 1.286001910311e+01 1.027963844482e+00 3.433936183815e+00
0 8 2 0.63166217 1.03755323 1.38254391 0.73780769 0.99745724 5.319219800358e-01 3.750502028177e+00 1.328690471196e+01 9.895252804912e-01 2.581312575293e+00
0 9 2 0.63166217 1.03755323 1.38254391 0.73780769 0.99745724 5.056632308705e-01 3.671261222290e+00 9.986392180382e+00 9.507072402027e-01 3.080322096942e+00
0 10 2 0.63166217 1.03755323 1.38254391 0.73780769 0.99745724 4.835293159923e-01 3.522512184574e+00 1.054584254293e+01 9.067972273377e-01 3.745898553007e+00
0 11 2 0.63166217 1.03755323 1.38254391 0.73780769 0.99745724 4.885500235487e-01 3.396338239598e+00 1.126274723703e+01 8.825939059810e-01 3.257289695026e+00
0 12 2 0.63166217 1.03755323 1.38254391 0.73780769 0.99745724 4.660446811583e-01 3.260110976187e+00 9.252384933536e+00 8.451256504411e-01 2.341756051812e+00
0 13 2 0.63166217 1.03755323 1.38254391 0.73780769 0.99745724 4.492885318548e-01 3.194472369604e+00 1.033098079011e+01 7.952965094438e-01 2.451525857583e+00
0 14 2 0.63166217 1.03755323 1.38254391 0.73780769 0.99745724 4.313268714174e-01 3.053368741803e+00 1.047905810218e+01 7.812261131314e-01 3.135309492405e+00
0 15 2 0.63166217 1.03755323 1.38254391 0.73780769 0.99745724 4.240951880775e-01 2.990608267332e+00 8.003113425695e+00 7.556373335060e-01 3.014779102978e+00
0 16 2 0.63166217 1.03755323 1.38254391 0.73780769 0.99745724 4.123765024862e-01 2.844163140878e+00 8.922781061252e+00 7.647793563727e-01 2.226318879775e+00
0 17 2 0.63166217 1.03755323 1.38254391 0.73780769 0.99745724 4.016962389383e-01 2.822549329874e+00 9.569833461139e+00 7.024824564961e-01 2.018285720009e+00
0 18 2 0.63166217 1.03755323 1.38254391 0.73780769 0.99745724 3.879048828282e-01 2.700939268885e+00 7.835399219924e+00 7.051173475917e-01 2.661818443093e+00
0 19 2 0.63166217 1.03755323 1.38254391 0.73780769 0.99745724 3.736383541151e-01 2.644954229722e+00 8.659586677675e+00 6.783610319627e-01 2.744050626199e+00
0 20 2 0.63166217 1.03755323 1.38254391 0.73780769 0.99745724 3.582123047775e-01 2.562858586946e+00 8.476213118084e+00 6.699264674088e-01 2.095353621435e+00
0 21 2 0.63166217 1.03755323 1.38254391 0.73780769 0.99745724 3.490368060873e-01 2.523282860919e+00 6.734408515117e+00 6.611171065238e-01 1.712586795950e+00
0 22 2 0.63166217 1.03755323 1.38254391 0.73780769 0.99745724 3.430079683155e-01 2.449534760667e+00 7.985324974071e+00 6.455151872762e-01 2.168756736773e+00
0 23 2 0.63166217 1.03755323 1.38254391 0.73780769 0.99745724 3.345405649491e-01 2.414391395479e+00 8.399077593237e+00 6.316310201997e-01 2.486121106727e+00
0 24 2 0.63166217 1.03755323 1.38254391 0.73780769 0.99745724 3.189483038227e-01 2.355973248140e+00 6.816232376786e+00 6.046617025899e-01 2.042427447871e+00
0 25 2 0.63166217 1.03755323 1.38254391 0.73780769 0.99745724 3.103176316529e-01 2.330372439060e+00 7.602945532098e+00 6.026519925075e-01 1.548342989332e+00
0 26 2 0.63166217 1.03755323 1.38254391 0.73780769 0.99745724 3.067106852244e-01 2.302587856175e+00 7.444414191837e+00 5.958952263294e-01 1.872600365867e+00
0 27 2 0.63166217 1.03755323 1.38254391 0.73780769 0.99745724 3.034706271776e-01 2.273969679463e+00 6.236419071398e+00 5.719771421689e-01 2.334913833633e+00
0 28 2 0.63166217 1.03755323 1.38254391 0.73780769 0.99745724 3.009013735131e-01 2.243920084965e+00 7.560849430704e+00 5.877733117399e-01 2.077936791560e+00
0 29 2 0.63166217 1.03755323 1.38254391 0.73780769 0.99745724 2.970491543294e-01 2.235536400644e+00 7.613764898030e+00 5.656933162545e-01 1.533784256179e+00
0 30 2 0.63166217 1.03755323 1.38254391 0.73780769 0.99745724 3.048019292866e-01 2.281022582105e+00 6.062961931325e+00 5.858898194248e-01 1.665146363825e+00
0 31 2 0.63166217 1.03755323 1.38254391 0.73780769 0.99745724 2.844149177309e-01 2.171155666124e+00 6.927654180008e+00 5.378156009709e-01 2.167122979616e+00
0 32 2 0.63166217 1.03755323 1.38254391 0.73780769 0.99745724 3.118959767873e-01 2.281182993966e+00 7.112593828622e+00 5.871770580997e-01 2.217943756665e+00
0 33 2 0.63166217 1.03755323 1.38254391 0.73780769 0.99745724 3.055107992395e-01 2.253224270300e+00 6.379307887445e+00 5.864513594069e-01 1.649565784607e+00
0 34 2 0.63166217 1.03755323 1.38254391 0.73780769 0.99745724 3.166795086669e-01 2.264068887532e+00 7.960794304140e+00 5.889617664246e-01 1.640008467143e+00
0 35 2 0.63166217 1.03755323 1.38254391 0.73780769 0.99745724 3.166388383067e-01 2.281224940470e+00 7.820029303688e+00 5.942298761377e-01 2.216387271894e+00
0 36 2 0.63166217 1.03755323 1.38254391 0.73780769 0.99745724 3.273162223106e-01 2.347806841730e+00 6.377005577034e+00 5.989658997943e-01 2.406123612013e+00
0 37 2 0.63166217 1.03755323 1.38254391 0.73780769 0.99745724 3.318621499263e-01 2.354180580494e+00 7.676456159542e+00 6.248323531643e-01 1.914441392155e+00
0 38 2 0.63166217 1.03755323 1.38254391 0.73780769 0.99745724 3.429476654967e-01 2.402600343070e+00 7.840668097298e+00 6.178977305827e-01 1.667998600192e+00
0 39 2 0.63166217 1.03755323 1.38254391 0.73780769 0.99745724 3.585599205340e-01 2.451063059497e+00 7.030514146185e+00 6.428787746181e-01 2.218635839418e+00
0 40 2 0.63166217 1.03755323 1.38254391 0.73780769 0.99745724 3.612427434877e-01 2.504967367215e+00 8.685785098669e+00 6.582564406892e-01 2.658436940619e+00
0 41 2 0.63166217 1.03755323 1.38254391 0.73780769 0.99745724 3.725005561985e-01 2.581434489566e+00 8.204634880925e+00 6.657814300658e-01 2.297950140690e+00
0 42 2 0.63166217 1.03755323 1.38254391 0.73780769 0.99745724 3.708588005600e-01 2.620954694198e+00 7.014804013862e+00 6.745791388492e-01 1.854396791131e+00
0 43 2 0.63166217 1.03755323 1.38254391 0.73780769 0.99745724 3.940852399658e-01 2.717865953218e+00 8.896469277073e+00 6.861656887827e-01 2.290854483949e+00
0 44 2 0.63166217 1.03755323 1.38254391 0.73780769 0.99745724 3.998230077321e-01 2.768383387278e+00 9.083134643429e+00 7.158574303619e-01 2.958476152538e+00
0 45 2 0.63166217 1.03755323 1.38254391 0.73780769 0.99745724 4.118924373247e-01 2.896938467999e+00 8.285058330907e+00 7.269409153035e-01 2.743531764712e+00
0 46 2 0.63166217 1.03755323 1.38254391 0.73780769 0.99745724 4.179884670675e-01 2.952459417245e+00 1.012087829749e+01 7.694458481735e-01 2.125720430826e+00
0 47 2 0.63166217 1.03755323 1.38254391 0.73780769 0.99745724 4.282108083607e-01 3.044542687872e+00 9.466946039030e+00 7.945976757262e-01 2.357379764703e+00
0 48 2 0.63166217 1.03755323 1.38254391 0.73780769 0.99745724 4.377586957331e-01 3.189869299367e+00 8.509261310784e+00 7.896835064226e-01 3.151857961964e+00
0 49 2 0.63166217 1.03755323 1.38254391 0.73780769 0.99745724 4.534436239688e-01 3.252096274481e+00 1.099108764659e+01 8.482783950802e-01 3.224224044926e+00
0 50 2 0.63166217 1.03755323 1.38254391 0.73780769 0.99745724 4.741755167880e-01 3.406747970882e+00 1.095089604940e+01 8.741864628612e-01 2.531958368891e+00
0 51 2 0.63166217 1.03755323 1.38254391 0.73780769 0.99745724 4.889070887359e-01 3.484923137672e+00 1.005086171722e+01 9.377680639477e-01 2.528113074595e+00
0 52 2 0.63166217 1.03755323 1.38254391 0.73780769 0.99745724 4.976987616082e-01 3.655864227311e+00 1.230583360339e+01 9.420991855945e-01 3.429753847770e+00
0 53 2 0.63166217 1.03755323 1.38254391 0.73780769 0.99745724 5.075930093168e-01 3.776021161166e+00 1.156799005498e+01 9.923013471431e-01 3.835989658805e+00
0 54 2 0.63166217 1.03755323 1.38254391 0.73780769 0.99745724 5.569799218361e-01 3.900749846833e+00 1.092498826728e+01 1.020788328665e+00 3.085862933067e+00
0 55 2 0.63166217 1.03755323 1.38254391 0.73780769 0.99745724 5.504364588365e-01 4.038338902532e+00 1.441208311364e+01 1.063944881435e+00 2.727057545638e+00
0 56 2 0.63166217 1.03755323 1.38254391 0.73780769 0.99745724 6.001558746681e-01 4.242990334535e+00 1.377332887226e+01 1.083473322749e+00 3.622905758791e+00
0 57 2 0.63166217 1.03755323 1.38254391 0.73780769 0.99745724 6.091926157949e-01 4.368192839151e+00 1.233199911845e+01 1.134564990339e+00 4.411316319073e+00
0 58 2 0.63166217 1.03755323 1.38254391 0.73780769 0.99745724 6.349687603873e-01 4.489877695422e+00 1.499053023472e+01 1.187674100349e+00 3.890174737937e+00
0 59 2 0.63166217 1.03755323 1.38254391 0.73780769 0.99745724 6.495992894474e-01 4.728011396344e+00 1.390825064357e+01 1.208583953583e+00 3.233621844744e+00
0 60 2 0.63166217 1.03755323 1.38254391 0.73780769 0.99745724 6.964371134613e-01 4.888857113042e+00 1.368956976808e+01 1.249426044376e+00 3.979191480215e+00
0 61 2 0.63166217 1.03755323 1.38254391 0.73780769 0.99745724 7.215406112937e-01 5.055830738285e+00 1.782320182152e+01 1.270022312698e+00 5.156426308559e+00
0 62 2 0.63166217 1.03755323 1.38254391 0.73780769 0.99745724 7.405646805974e-01 5.213698849797e+00 1.611448854273e+01 1.342022976935e+00 4.871414953678e+00
0 63 2 0.63166217 1.03755323 1.38254391 0.73780769 0.99745724 7.619439563573e-01 5.476911686800e+00 1.490699922254e+01 1.432643887711e+00 3.900913599137e+00
1 0 2 0.39137177 0.51987954 3.31818231 0.44928735 0.79650511 6.897385775564e-02 1.276748336086e-01 4.669795873603e+02 2.422494289507e-06 4.198334763824e-05
1 1 2 0.39137177 0.51987954 3.31818231 0.44928735 0.79650511 6.476963589550e-02 1.229242084220e-01 4.490003082450e+02 4.229745644264e-06 3.165306115009e-05
1 2 2 0.39137177 0.51987954 3.31818231 0.44928735 0.79650511 6.079193032326e-02 1.173547803816e-01 4.322313576411e+02 3.469047140293e-06 4.139338509106e-05
1 3 2 0.39137177 0.51987954 3.31818231 0.44928735 0.79650511 5.861577449191e-02 1.129192804869e-01 4.162261086344e+02 2.219705711894e-06 2.958442673755e-05
1 4 2 0.39137177 0.51987954 3.31818231 0.44928735 0.79650511 5.589974947865e-02 1.081231580589e-01 3.999417349575e+02 4.078538338414e-06 4.085132620358e-05
1 5 2 0.39137177 0.51987954 3.31818231 0.44928735 0.79650511 5.324208137882e-02 1.074010597647e-01 3.845536005983e+02 8.888832232704e-06 2.756929100319e-05
1 6 2 0.39137177 0.51987954 3.31818231 0.44928735 0.79650511 4.914360105637e-02 1.087888269921e-01 3.703962323543e+02 1.238301183374e-05 4.038101622220e-05
1 7 2 0.39137177 0.51987954 3.31818231 0.44928735 0.79650511 4.601555197303e-02 1.084284924945e-01 3.562479593217e+02 1.149640279847e-05 2.575936474717e-05
1 8 2 0.39137177 0.51987954 3.31818231 0.44928735 0.79650511 4.326770905653e-02 1.049319651754e-01 3.426044488346e+02 8.354557844511e-06 3.998429403412e-05
1 9 2 0.39137177 0.51987954 3.31818231 0.44928735 0.79650511 4.219097478494e-02 1.053626409417e-01 3.303011637087e+02 7.624994772527e-06 2.427961233922e-05
1 10 2 0.39137177 0.51987954 3.31818231 0.44928735 0.79650511 4.073369563222e-02 1.097511851131e-01 3.183494892248e+02 1.064455240461e-05 3.964298422192e-05
1 11 2 0.39137177 0.51987954 3.31818231 0.44928735 0.79650511 3.943639422968e-02 1.134138740369e-01 3.065783895358e+02 1.382570429382e-05 2.321554365361e-05
1 12 2 0.39137177 0.51987954 3.31818231 0.44928735 0.79650511 3.744307444611e-02 1.145623242271e-01 2.959991273804e+02 1.316209883959e-05 3.932402567855e-05
1 13 2 0.39137177 0.51987954 3.31818231 0.44928735 0.79650511 3.642265514092e-02 1.172228578588e-01 2.861226999718e+02 8.954955050278e-06 2.260824008230e-05
1 14 2 0.39137177 0.51987954 3.31818231 0.44928735 0.79650511 3.601242517248e-02 1.210998272550e-01 2.762922521284e+02 5.047563944180e-06 3.898657209980e-05
1 15 2 0.39137177 0.51987954 3.31818231 0.44928735 0.79650511 3.652309047925e-02 1.250228346409e-01 2.673438234217e+02 4.072415935095e-06 2.245664999065e-05
1 16 2 0.39137177 0.51987954 3.31818231 0.44928735 0.79650511 3.659628886924e-02 1.308593154624e-01 2.593273154450e+02 4.848647081620e-06 3.858957728556e-05
1 17 2 0.39137177 0.51987954 3.31818231 0.44928735 0.79650511 3.620726852586e-02 1.380278226013e-01 2.513881465112e+02 4.644274423714e-06 2.272550015222e-05
1 18 2 0.39137177 0.51987954 3.31818231 0.44928735 0.79650511 3.541134638927e-02 1.423666503459e-01 2.439844985041e+02 2.737796555455e-06 3.809839217587e-05
1 19 2 0.39137177 0.51987954 3.31818231 0.44928735 0.79650511 3.498568450953e-02 1.444439702503e-01 2.376184864283e+02 7.519438800384e-07 2.335644120380e-05
1 20 2 0.39137177 0.51987954 3.31818231 0.44928735 0.79650511 3.520334895188e-02 1.511786198190e-01 2.315480450616e+02 5.299163802136e-08 3.748923612327e-05
1 21 2 0.39137177 0.51987954 3.31818231 0.44928735 0.79650511 3.547584975548e-02 1.608359157433e-01 2.257850196341e+02 1.715677673549e-07 2.427985955878e-05
1 22 2 0.39137177 0.51987954 3.31818231 0.44928735 0.79650511 3.546436716146e-02 1.677801825842e-01 2.210511154934e+02 1.390524988333e-07 3.675097660469e-05
1 23 2 0.39137177 0.51987954 3.31818231 0.44928735 0.79650511 3.461816114675e-02 1.709980161151e-01 2.169024079533e+02 3.198030563982e-07 2.542511760850e-05
1 24 2 0.39137177 0.51987954 3.31818231 0.44928735 0.79650511 3.400355752955e-02 1.773092784469e-01 2.129465233672e+02 1.854080555740e-06 3.588432275804e-05
1 25 2 0.39137177 0.51987954 3.31818231 0.44928735 0.79650511 3.365681421563e-02 1.845437164800e-01 2.098717303154e+02 4.549433986783e-06 2.672770443609e-05
1 26 2 0.39137177 0.51987954 3.31818231 0.44928735 0.79650511 3.442143936678e-02 1.916502336398e-01 2.076342992979e+02 6.498660413809e-06 3.489915127462e-05
1 27 2 0.39137177 0.51987954 3.31818231 0.44928735 0.79650511 3.503982470738e-02 1.983985276892e-01 2.056133309815e+02 6.358628529031e-06 2.813270218733e-05
1 28 2 0.39137177 0.51987954 3.31818231 0.44928735 0.79650511 3.580811101820e-02 2.074666369776e-01 2.042691100479e+02 5.336229023436e-06 3.381109468861e-05
1 29 2 0.39137177 0.51987954 3.31818231 0.44928735 0.79650511 3.585281564315e-02 2.121381103122e-01 2.039362033567e+02 5.960616583855e-06 2.959488756170e-05
1 30 2 0.39137177 0.51987954 3.31818231 0.44928735 0.79650511 3.664565971324e-02 2.159941499045e-01 2.039579096588e+02 8.873882724893e-06 3.263863427349e-05
1 31 2 0.39137177 0.51987954 3.31818231 0.44928735 0.79650511 3.776758763478e-02 2.229989929080e-01 2.044207400636e+02 1.169733868540e-05 3.107650332196e-05
1 32 2 0.39137177 0.51987954 3.31818231 0.44928735 0.79650511 4.002102616274e-02 2.348891460722e-01 2.059055923105e+02 1.163434861165e-05 3.140172312400e-05
1 33 2 0.39137177 0.51987954 3.31818231 0.44928735 0.79650511 4.182443745467e-02 2.408305203490e-01 2.079223842546e+02 8.755104383866e-06 3.254411848996e-05
1 34 2 0.39137177 0.51987954 3.31818231 0.44928735 0.79650511 4.349234935840e-02 2.442629565492e-01 2.101698536868e+02 5.924378945505e-06 3.012246628617e-05
1 35 2 0.39137177 0.51987954 3.31818231 0.44928735 0.79650511 4.430049666629e-02 2.492451571556e-01 2.133108226640e+02 5.445333825208e-06 3.396599576061e-05
1 36 2 0.39137177 0.51987954 3.31818231 0.44928735 0.79650511 4.559406513274e-02 2.587524867904e-01 2.171970262747e+02 6.533811985569e-06 2.882771842624e-05
1 37 2 0.39137177 0.51987954 3.31818231 0.44928735 0.79650511 4.719000152113e-02 2.649993985746e-01 2.212220236821e+02 6.601758763735e-06 3.531103449499e-05
1 38 2 0.39137177 0.51987954 3.31818231 0.44928735 0.79650511 4.933797137809e-02 2.723196876042e-01 2.259078900049e+02 4.527050537485e-06 2.755278424336e-05
1 39 2 0.39137177 0.51987954 3.31818231 0.44928735 0.79650511 5.096713767339e-02 2.793914868182e-01 2.315088696075e+02 1.779782114514e-06 3.654976524130e-05
1 40 2 0.39137177 0.51987954 3.31818231 0.44928735 0.79650511 5.183417042091e-02 2.852944262891e-01 2.372780999444e+02 2.898507646145e-07 2.634489186809e-05
1 41 2 0.39137177 0.51987954 3.31818231 0.44928735 0.79650511 5.228272617476e-02 2.876285808404e-01 2.434051517584e+02 1.587587131189e-07 3.765719204141e-05
1 42 2 0.39137177 0.51987954 3.31818231 0.44928735 0.79650511 5.296351114234e-02 2.961725148054e-01 2.505241933459e+02 1.822186287081e-07 2.526489715536e-05
1 43 2 0.39137177 0.51987954 3.31818231 0.44928735 0.79650511 5.473166044521e-02 3.074959491128e-01 2.580103959952e+02 5.562765778753e-08 3.861667859899e-05
1 44 2 0.39137177 0.51987954 3.31818231 0.44928735 0.79650511 5.671826875447e-02 3.146356654492e-01 2.656170048145e+02 8.375393816120e-07 2.438584916451e-05
1 45 2 0.39137177 0.51987954 3.31818231 0.44928735 0.79650511 5.888076018100e-02 3.155764500746e-01 2.741904491600e+02 2.958233606116e-06 3.942369586464e-05
1 46 2 0.39137177 0.51987954 3.31818231 0.44928735 0.79650511 5.997895336017e-02 3.214370715353e-01 2.834551936602e+02 4.907153618242e-06 2.378760407053e-05
1 47 2 0.39137177 0.51987954 3.31818231 0.44928735 0.79650511 6.160801292911e-02 3.314556055287e-01 2.927107662073e+02 5.025497945750e-06 4.008817915688e-05
1 48 2 0.39137177 0.51987954 3.31818231 0.44928735 0.79650511 6.344844934095e-02 3.400750408269e-01 3.027264487777e+02 4.211578688121e-06 2.354752825587e-05
1 49 2 0.39137177 0.51987954 3.31818231 0.44928735 0.79650511 6.716239121243e-02 3.461255085543e-01 3.137439478199e+02 5.380054918137e-06 4.063449758880e-05
1 50 2 0.39137177 0.51987954 3.31818231 0.44928735 0.79650511 7.062358342161e-02 3.532122147244e-01 3.247853076796e+02 9.614975984000e-06 2.372831821764e-05
1 51 2 0.39137177 0.51987954 3.31818231 0.44928735 0.79650511 7.435552170814e-02 3.587815390107e-01 3.362546968064e+02 1.395821802031e-05 4.109855796086e-05
1 52 2 0.39137177 0.51987954 3.31818231 0.44928735 0.79650511 7.637449362358e-02 3.628370895340e-01 3.489413134453e+02 1.440838778423e-05 2.436487623239e-05
1 53 2 0.39137177 0.51987954 3.31818231 0.44928735 0.79650511 7.899696694358e-02 3.723678110880e-01 3.618810424037e+02 1.092073691360e-05 4.152222970441e-05
1 54 2 0.39137177 0.51987954 3.31818231 0.44928735 0.79650511 8.158277946055e-02 3.848508631203e-01 3.748441561440e+02 7.895153609332e-06 2.545280262294e-05
1 55 2 0.39137177 0.51987954 3.31818231 0.44928735 0.79650511 8.584459071267e-02 3.918106329913e-01 3.889656077611e+02 8.949398347179e-06 4.194593359228e-05
1 56 2 0.39137177 0.51987954 3.31818231 0.44928735 0.79650511 8.939469941588e-02 3.916939437900e-01 4.036511164192e+02 1.234230252893e-05 2.694122405077e-05
1 57 2 0.39137177 0.51987954 3.31818231 0.44928735 0.79650511 9.237907487864e-02 3.981386644402e-01 4.179839041988e+02 1.306322159331e-05 4.240073167414e-05
1 58 2 0.39137177 0.51987954 3.31818231 0.44928735 0.79650511 9.359650299986e-02 4.099438251792e-01 4.331305259361e+02 9.149047648513e-06 2.873227829343e-05
1 59 2 0.39137177 0.51987954 3.31818231 0.44928735 0.79650511 9.497601642612e-02 4.211856036758e-01 4.492264672397e+02 4.134730279238e-06 4.290147013812e-05
1 60 2 0.39137177 0.51987954 3.31818231 0.44928735 0.79650511 9.724461424289e-02 4.252018477807e-01 4.648762229944e+02 2.468164176035e-06 3.068863143967e-05
1 61 2 0.39137177 0.51987954 3.31818231 0.44928735 0.79650511 1.006956863589e-01 4.311133752773e-01 4.808339204620e+02 3.982201563718e-06 4.344240205737e-05
1 62 2 0.39137177 0.51987954 3.31818231 0.44928735 0.79650511 1.042279580394e-01 4.355829875134e-01 4.980661532508e+02 4.699385602925e-06 3.264903858509e-05
1 63 2 0.39137177 0.51987954 3.31818231 0.44928735 0.79650511 1.061446817398e-01 4.435273270415e-01 5.150921672440e+02 2.598980576846e-06 4.399626921466e-05
4 0 2 0.57314789 0.89721670 1.76084333 0.68732656 1.14069735 4.907458730151e-01 2.873667219426e+00 3.763304514324e+01 1.030694834807e+00 7.635279104279e+00
4 1 2 0.57314789 0.89721670 1.76084333 0.68732656 1.14069735 4.796098706812e-01 2.763562622289e+00 3.716620239578e+01 9.601774947370e-01 7.222903916643e+00
4 2 2 0.57314789 0.89721670 1.76084333 0.68732656 1.14069735 4.643097518613e-01 2.641431363327e+00 3.665551298600e+01 9.263058618284e-01 6.977128042558e+00
4 3 2 0.57314789 0.89721670 1.76084333 0.68732656 1.14069735 4.375854892461e-01 2.538772123787e+00 3.791975900407e+01 9.032086217632e-01 6.806532777920e+00
4 4 2 0.57314789 0.89721670 1.76084333 0.68732656 1.14069735 4.286721806097e-01 2.500418316098e+00 4.166285311671e+01 8.514215518837e-01 6.578587792274e+00
4 5 2 0.57314789 0.89721670 1.76084333 0.68732656 1.14069735 4.068641186061e-01 2.366506180668e+00 3.238809517546e+01 8.303897959908e-01 6.352130191335e+00
4 6 2 0.57314789 0.89721670 1.76084333 0.68732656 1.14069735 3.815015388377e-01 2.250754435457e+00 2.549304399439e+01 8.282048543235e-01 5.966233905603e+00
4 7 2 0.57314789 0.89721670 1.76084333 0.68732656 1.14069735 3.844408817856e-01 2.255726193607e+00 3.359644044292e+01 7.633824834459e-01 5.860883448551e+00
4 8 2 0.57314789 0.89721670 1.76084333 0.68732656 1.14069735 3.621670481026e-01 2.113916766564e+00 3.482185811732e+01 7.136026774317e-01 5.716589866978e+00
4 9 2 0.57314789 0.89721670 1.76084333 0.68732656 1.14069735 3.495178968284e-01 2.028772826755e+00 2.802520661905e+01 7.280386751962e-01 5.481122572032e+00
4 10 2 0.57314789 0.89721670 1.76084333 0.68732656 1.14069735 3.342166632332e-01 2.002521210481e+00 2.660344778871e+01 6.708114829495e-01 5.220787335165e+00
4 11 2 0.57314789 0.89721670 1.76084333 0.68732656 1.14069735 3.106650652603e-01 1.909461386574e+00 2.497674853468e+01 6.387782474730e-01 4.966255696274e+00
4 12 2 0.57314789 0.89721670 1.76084333 0.68732656 1.14069735 3.111625106593e-01 1.825918087962e+00 2.608172764950e+01 6.414006764861e-01 4.841545707465e+00
4 13 2 0.57314789 0.89721670 1.76084333 0.68732656 1.14069735 3.036775655207e-01 1.807418699488e+00 3.105174170228e+01 6.087843467954e-01 4.711566097507e+00
4 14 2 0.57314789 0.89721670 1.76084333 0.68732656 1.14069735 2.892694690272e-01 1.707310346334e+00 2.557671459880e+01 5.991044784059e-01 4.521469027984e+00
4 15 2 0.57314789 0.89721670 1.76084333 0.68732656 1.14069735 2.887484786682e-01 1.670908417145e+00 1.871979444209e+01 5.948836170651e-01 4.321965568704e+00
4 16 2 0.57314789 0.89721670 1.76084333 0.68732656 1.14069735 2.784029559302e-01 1.632255248888e+00 2.367241228749e+01 5.410067320631e-01 4.181339549377e+00
4 17 2 0.57314789 0.89721670 1.76084333 0.68732656 1.14069735 2.640378107825e-01 1.550924221952e+00 2.612557709029e+01 5.398146672307e-01 4.050089338049e+00
4 18 2 0.57314789 0.89721670 1.76084333 0.68732656 1.14069735 2.605848841379e-01 1.525812261924e+00 2.231326934709e+01 5.414562697272e-01 3.923726545224e+00
4 19 2 0.57314789 0.89721670 1.76084333 0.68732656 1.14069735 2.549168021431e-01 1.502440368865e+00 2.099091631443e+01 5.186800427919e-01 3.769124839115e+00
4 20 2 0.57314789 0.89721670 1.76084333 0.68732656 1.14069735 2.441904887450e-01 1.425747833145e+00 1.866136176779e+01 5.131098365498e-01 3.688301763855e+00
4 21 2 0.57314789 0.89721670 1.76084333 0.68732656 1.14069735 2.479932249041e-01 1.416286510561e+00 1.895863083958e+01 5.020163512270e-01 3.592411452135e+00
4 22 2 0.57314789 0.89721670 1.76084333 0.68732656 1.14069735 2.358651391165e-01 1.380349258635e+00 2.432229969285e+01 4.801279373632e-01 3.521714775222e+00
4 23 2 0.57314789 0.89721670 1.76084333 0.68732656 1.14069735 2.227656677072e-01 1.354551997784e+00 2.178241283413e+01 4.649991058526e-01 3.410195669164e+00
4 24 2 0.57314789 0.89721670 1.76084333 0.68732656 1.14069735 2.185650283144e-01 1.329503084771e+00 1.564512618138e+01 4.687348116400e-01 3.331322296488e+00
4 25 2 0.57314789 0.89721670 1.76084333 0.68732656 1.14069735 2.142523776623e-01 1.290289313348e+00 1.803204309984e+01 4.447994957147e-01 3.289086005816e+00
4 26 2 0.57314789 0.89721670 1.76084333 0.68732656 1.14069735 2.123449984655e-01 1.310856899253e+00 2.056016221247e+01 4.418526467424e-01 3.258147443997e+00
4 27 2 0.57314789 0.89721670 1.76084333 0.68732656 1.14069735 2.062736999786e-01 1.277123374717e+00 1.919616612918e+01 4.502460760127e-01 3.236451152193e+00
4 28 2 0.57314789 0.89721670 1.76084333 0.68732656 1.14069735 2.059836370927e-01 1.243896905992e+00 1.885326388747e+01 4.257136784114e-01 3.198749914114e+00
4 29 2 0.57314789 0.89721670 1.76084333 0.68732656 1.14069735 2.016795157971e-01 1.261394809625e+00 1.621430188670e+01 4.328450868939e-01 3.170746179202e+00
4 30 2 0.57314789 0.89721670 1.76084333 0.68732656 1.14069735 2.101375762891e-01 1.297206305513e+00 1.528477084630e+01 4.435298097601e-01 3.175159357177e+00
4 31 2 0.57314789 0.89721670 1.76084333 0.68732656 1.14069735 1.883617752246e-01 1.198049219384e+00 2.070431402505e+01 3.966441728254e-01 3.160804056052e+00
4 32 2 0.57314789 0.89721670 1.76084333 0.68732656 1.14069735 2.110390627306e-01 1.280636143570e+00 2.100367587826e+01 4.403698742322e-01 3.244919463529e+00
4 33 2 0.57314789 0.89721670 1.76084333 0.68732656 1.14069735 2.154714129920e-01 1.291169762437e+00 1.571495609183e+01 4.555899228412e-01 3.205634506083e+00
4 34 2 0.57314789 0.89721670 1.76084333 0.68732656 1.14069735 2.105128503230e-01 1.241714187734e+00 1.687182011549e+01 4.297212790072e-01 3.286261709539e+00
4 35 2 0.57314789 0.89721670 1.76084333 0.68732656 1.14069735 2.196631606919e-01 1.291241903457e+00 1.976975159431e+01 4.570627114992e-01 3.328606631666e+00
4 36 2 0.57314789 0.89721670 1.76084333 0.68732656 1.14069735 2.216404422959e-01 1.324976666047e+00 2.005272696280e+01 4.585441377621e-01 3.377654522985e+00
4 37 2 0.57314789 0.89721670 1.76084333 0.68732656 1.14069735 2.286679338534e-01 1.319107098844e+00 2.145409245387e+01 4.530342771780e-01 3.427889251999e+00
4 38 2 0.57314789 0.89721670 1.76084333 0.68732656 1.14069735 2.306620399930e-01 1.337649306067e+00 1.865606364667e+01 4.795312613640e-01 3.503128722162e+00
4 39 2 0.57314789 0.89721670 1.76084333 0.68732656 1.14069735 2.386485141206e-01 1.391264973885e+00 1.619170352322e+01 4.844932643115e-01 3.613154653532e+00
4 40 2 0.57314789 0.89721670 1.76084333 0.68732656 1.14069735 2.462178955120e-01 1.403077996553e+00 2.270214077074e+01 4.864891494547e-01 3.731496506692e+00
4 41 2 0.57314789 0.89721670 1.76084333 0.68732656 1.14069735 2.579751898658e-01 1.449216075856e+00 2.495130721629e+01 5.152004136158e-01 3.808621847336e+00
4 42 2 0.57314789 0.89721670 1.76084333 0.68732656 1.14069735 2.516252629159e-01 1.465294316002e+00 1.940064406414e+01 5.177866147396e-01 3.895372543250e+00
4 43 2 0.57314789 0.89721670 1.76084333 0.68732656 1.14069735 2.566294064050e-01 1.531144465974e+00 1.946199760695e+01 5.240194172211e-01 4.024690550387e+00
4 44 2 0.57314789 0.89721670 1.76084333 0.68732656 1.14069735 2.679311056639e-01 1.577036015815e+00 2.219292808969e+01 5.378210455886e-01 4.149790536543e+00
4 45 2 0.57314789 0.89721670 1.76084333 0.68732656 1.14069735 2.692865936711e-01 1.592024784631e+00 2.382197461148e+01 5.527971742909e-01 4.326384064262e+00
4 46 2 0.57314789 0.89721670 1.76084333 0.68732656 1.14069735 2.827953650506e-01 1.673910181792e+00 2.754205413435e+01 5.524928044866e-01 4.409442286229e+00
4 47 2 0.57314789 0.89721670 1.76084333 0.68732656 1.14069735 2.938917982689e-01 1.731823526765e+00 2.461795931442e+01 6.048730926750e-01 4.583265582654e+00
4 48 2 0.57314789 0.89721670 1.76084333 0.68732656 1.14069735 2.948815439616e-01 1.758194825614e+00 1.985416079239e+01 6.254114812846e-01 4.743717723586e+00
4 49 2 0.57314789 0.89721670 1.76084333 0.68732656 1.14069735 3.062041033085e-01 1.856474719564e+00 2.736343563720e+01 6.184233794582e-01 4.905097073014e+00
4 50 2 0.57314789 0.89721670 1.76084333 0.68732656 1.14069735 3.205544719636e-01 1.901808519122e+00 3.269348960956e+01 6.595924933506e-01 5.070432161765e+00
4 51 2 0.57314789 0.89721670 1.76084333 0.68732656 1.14069735 3.242464102678e-01 1.961206194170e+00 2.740084297574e+01 6.765210604097e-01 5.169461135456e+00
4 52 2 0.57314789 0.89721670 1.76084333 0.68732656 1.14069735 3.450057039377e-01 2.067357244854e+00 2.654717818388e+01 6.969239983024e-01 5.393100815841e+00
4 53 2 0.57314789 0.89721670 1.76084333 0.68732656 1.14069735 3.700579652101e-01 2.113395675162e+00 2.839936063482e+01 7.677442852773e-01 5.626597485052e+00
4 54 2 0.57314789 0.89721670 1.76084333 0.68732656 1.14069735 3.723998309946e-01 2.175616997653e+00 3.032158533795e+01 7.641806344877e-01 5.834342855772e+00
4 55 2 0.57314789 0.89721670 1.76084333 0.68732656 1.14069735 3.947080005132e-01 2.324374360031e+00 3.816620210932e+01 7.901125347861e-01 5.913308925345e+00
4 56 2 0.57314789 0.89721670 1.76084333 0.68732656 1.14069735 3.956431175168e-01 2.358080354206e+00 3.684555298727e+01 8.673065340788e-01 6.114101904058e+00
4 57 2 0.57314789 0.89721670 1.76084333 0.68732656 1.14069735 4.120845097449e-01 2.418314928704e+00 2.800498500194e+01 8.620074405698e-01 6.344754364495e+00
4 58 2 0.57314789 0.89721670 1.76084333 0.68732656 1.14069735 4.420092142677e-01 2.600364854639e+00 3.552530608894e+01 8.736551176139e-01 6.661764066239e+00
4 59 2 0.57314789 0.89721670 1.76084333 0.68732656 1.14069735 4.440462022943e-01 2.633386387104e+00 4.516269572072e+01 9.250923853107e-01 6.804349248607e+00
4 60 2 0.57314789 0.89721670 1.76084333 0.68732656 1.14069735 4.636919747962e-01 2.725116232167e+00 4.063807519905e+01 9.649790064573e-01 6.955835608887e+00
4 61 2 0.57314789 0.89721670 1.76084333 0.68732656 1.14069735 4.798751041348e-01 2.859545894442e+00 3.934086028793e+01 9.804990641415e-01 7.193380044370e+00
4 62 2 0.57314789 0.89721670 1.76084333 0.68732656 1.14069735 4.837861873654e-01 2.976452267619e+00 3.924036299646e+01 1.046412422490e+00 7.597348331962e+00
4 63 2 0.57314789 0.89721670 1.76084333 0.68732656 1.14069735 5.000062282994e-01 3.041097960423e+00 3.932607372483e+01 1.066300496917e+00 7.784382554613e+00
11 0 2 0.44468890 0.61682279 1.83643277 0.54440161 1.33264854 1.755235407814e-01 4.893457925450e-01 3.870289132619e+01 3.743701256439e-01 2.011234609074e-01
11 1 2 0.44468890 0.61682279 1.83643277 0.54440161 1.33264854 1.631319455099e-01 8.811355202339e-01 4.226720978277e+01 3.722419342293e-01 1.899839218910e-01
11 2 2 0.44468890 0.61682279 1.83643277 0.54440161 1.33264854 1.619958123836e-01 4.368240252956e-01 3.320914794132e+01 3.687567663215e-01 1.829672141113e-01
11 3 2 0.44468890 0.61682279 1.83643277 0.54440161 1.33264854 1.589601720437e-01 8.585852712940e-01 3.554142528120e+01 3.520909716195e-01 1.844775068498e-01
11 4 2 0.44468890 0.61682279 1.83643277 0.54440161 1.33264854 1.534502947183e-01 3.993969079229e-01 3.760065290148e+01 3.464589707257e-01 1.694449402586e-01
11 5 2 0.44468890 0.61682279 1.83643277 0.54440161 1.33264854 1.486817847093e-01 8.531257419811e-01 3.086214770421e+01 3.316343532618e-01 1.719328975258e-01
11 6 2 0.44468890 0.61682279 1.83643277 0.54440161 1.33264854 1.456456341181e-01 3.430338296539e-01 3.158979096693e+01 3.041071020325e-01 1.653255397402e-01
11 7 2 0.44468890 0.61682279 1.83643277 0.54440161 1.33264854 1.376137226051e-01 8.155390528214e-01 3.331373735084e+01 3.031958501585e-01 1.443582089881e-01
11 8 2 0.44468890 0.61682279 1.83643277 0.54440161 1.33264854 1.294547339268e-01 2.931198261439e-01 2.777675687155e+01 2.968030168616e-01 1.414417379974e-01
11 9 2 0.44468890 0.61682279 1.83643277 0.54440161 1.33264854 1.205900869131e-01 7.754955272548e-01 2.816020604535e+01 2.885521117913e-01 1.462341739203e-01
11 10 2 0.44468890 0.61682279 1.83643277 0.54440161 1.33264854 1.160664747456e-01 2.472398476737e-01 3.020446379472e+01 2.934597797871e-01 1.470853463669e-01
11 11 2 0.44468890 0.61682279 1.83643277 0.54440161 1.33264854 1.140729038039e-01 7.331488466551e-01 2.656885764782e+01 2.755190248581e-01 1.351415000906e-01
11 12 2 0.44468890 0.61682279 1.83643277 0.54440161 1.33264854 1.085806614963e-01 2.199116144186e-01 2.416737275731e+01 2.685751687672e-01 1.269457812632e-01
11 13 2 0.44468890 0.61682279 1.83643277 0.54440161 1.33264854 1.108185484598e-01 6.964210951464e-01 2.842774113143e+01 2.630300617500e-01 1.153512802782e-01
11 14 2 0.44468890 0.61682279 1.83643277 0.54440161 1.33264854 1.090491373042e-01 1.924793993942e-01 2.304391187666e+01 2.546753219206e-01 1.163510860759e-01
11 15 2 0.44468890 0.61682279 1.83643277 0.54440161 1.33264854 1.038858686970e-01 6.735683992824e-01 2.296301359816e+01 2.443083425229e-01 1.241199201320e-01
11 16 2 0.44468890 0.61682279 1.83643277 0.54440161 1.33264854 9.841788661485e-02 1.659012538578e-01 2.493679473822e+01 2.296329109249e-01 1.137394873613e-01
11 17 2 0.44468890 0.61682279 1.83643277 0.54440161 1.33264854 9.489312407842e-02 6.474753103687e-01 2.155425548431e+01 2.182858471464e-01 1.103050114487e-01
11 18 2 0.44468890 0.61682279 1.83643277 0.54440161 1.33264854 9.278302506255e-02 1.545665385937e-01 2.105711509950e+01 2.062237589290e-01 1.006456146992e-01
11 19 2 0.44468890 0.61682279 1.83643277 0.54440161 1.33264854 9.060436948461e-02 6.316100675970e-01 2.272730632031e+01 1.990891851563e-01 1.010684848413e-01
11 20 2 0.44468890 0.61682279 1.83643277 0.54440161 1.33264854 8.851683315015e-02 1.341522105369e-01 2.161414085663e+01 1.936477014723e-01 1.009671910750e-01
11 21 2 0.44468890 0.61682279 1.83643277 0.54440161 1.33264854 8.766447770117e-02 6.033225798839e-01 1.792933409574e+01 1.898698797750e-01 9.517071719208e-02
11 22 2 0.44468890 0.61682279 1.83643277 0.54440161 1.33264854 8.751512120280e-02 1.322979152185e-01 2.233357476209e+01 1.841437637088e-01 9.850629638428e-02
11 23 2 0.44468890 0.61682279 1.83643277 0.54440161 1.33264854 8.396955203222e-02 5.948134428509e-01 1.909630735114e+01 1.857322585597e-01 9.182293216880e-02
11 24 2 0.44468890 0.61682279 1.83643277 0.54440161 1.33264854 8.412648510178e-02 1.197386595543e-01 1.821369472364e+01 1.823913944484e-01 9.392912111698e-02
11 25 2 0.44468890 0.61682279 1.83643277 0.54440161 1.33264854 8.460575575591e-02 6.017457304923e-01 2.027768211792e+01 1.750981747007e-01 8.785896450585e-02
11 26 2 0.44468890 0.61682279 1.83643277 0.54440161 1.33264854 8.193067061290e-02 1.126865349365e-01 1.918752600013e+01 1.720281441577e-01 8.504051419553e-02
11 27 2 0.44468890 0.61682279 1.83643277 0.54440161 1.33264854 8.043352130272e-02 5.635905987484e-01 1.725014814820e+01 1.681728985714e-01 8.627857110560e-02
11 28 2 0.44468890 0.61682279 1.83643277 0.54440161 1.33264854 7.522514013985e-02 9.801931623379e-02 1.954061408319e+01 1.628739216373e-01 8.676991226766e-02
11 29 2 0.44468890 0.61682279 1.83643277 0.54440161 1.33264854 7.062534610222e-02 5.527612111602e-01 1.951815160698e+01 1.580602262294e-01 9.534341332077e-02
11 30 2 0.44468890 0.61682279 1.83643277 0.54440161 1.33264854 6.638572158872e-02 9.031501476538e-02 1.648803146259e+01 1.523494368766e-01 8.108302389286e-02
11 31 2 0.44468890 0.61682279 1.83643277 0.54440161 1.33264854 6.479072199735e-02 5.136134171725e-01 1.937307642087e+01 1.493532394541e-01 8.408543565857e-02
11 32 2 0.44468890 0.61682279 1.83643277 0.54440161 1.33264854 7.326154622573e-02 1.012929642803e-01 1.948730001221e+01 1.638084600170e-01 8.442516693006e-02
11 33 2 0.44468890 0.61682279 1.83643277 0.54440161 1.33264854 7.996638476840e-02 5.727164155851e-01 1.707195876558e+01 1.729497999014e-01 8.151132843618e-02
11 34 2 0.44468890 0.61682279 1.83643277 0.54440161 1.33264854 8.513432177785e-02 1.099162228079e-01 1.990494318849e+01 1.799601373889e-01 9.630807281210e-02
11 35 2 0.44468890 0.61682279 1.83643277 0.54440161 1.33264854 8.700277050523e-02 5.765550130637e-01 1.995249161076e+01 1.851778263771e-01 8.811757971364e-02
11 36 2 0.44468890 0.61682279 1.83643277 0.54440161 1.33264854 8.703104942539e-02 1.218031660332e-01 1.774183962978e+01 1.868907351490e-01 8.775273175138e-02
11 37 2 0.44468890 0.61682279 1.83643277 0.54440161 1.33264854 8.536288321093e-02 5.977588145966e-01 2.017596804295e+01 1.889585311904e-01 8.705257323560e-02
11 38 2 0.44468890 0.61682279 1.83643277 0.54440161 1.33264854 8.346025948793e-02 1.159175460505e-01 2.134580849567e+01 1.918537948046e-01 9.007086221829e-02
11 39 2 0.44468890 0.61682279 1.83643277 0.54440161 1.33264854 8.385856852900e-02 5.813264626464e-01 1.901422315562e+01 1.976969970658e-01 9.668198076244e-02
11 40 2 0.44468890 0.61682279 1.83643277 0.54440161 1.33264854 8.519228740310e-02 1.270263889778e-01 2.057692603089e+01 1.938430444366e-01 9.484607326251e-02
11 41 2 0.44468890 0.61682279 1.83643277 0.54440161 1.33264854 8.819399558208e-02 5.937274514167e-01 2.409957360927e+01 2.006423826616e-01 1.020364729667e-01
11 42 2 0.44468890 0.61682279 1.83643277 0.54440161 1.33264854 8.659975660764e-02 1.302197395266e-01 1.955996538680e+01 2.081086664517e-01 9.888467553514e-02
11 43 2 0.44468890 0.61682279 1.83643277 0.54440161 1.33264854 9.126575417574e-02 6.244046145639e-01 2.377221507210e+01 2.145344541789e-01 1.050114381262e-01
11 44 2 0.44468890 0.61682279 1.83643277 0.54440161 1.33264854 9.466056443800e-02 1.552185194120e-01 2.464496150546e+01 2.253150507672e-01 1.056607045089e-01
11 45 2 0.44468890 0.61682279 1.83643277 0.54440161 1.33264854 9.663784250217e-02 6.357212792300e-01 2.258458866567e+01 2.343213203914e-01 1.051015565125e-01
11 46 2 0.44468890 0.61682279 1.83643277 0.54440161 1.33264854 1.019451820867e-01 1.674637451466e-01 2.418450788260e+01 2.435155501075e-01 1.155847026038e-01
11 47 2 0.44468890 0.61682279 1.83643277 0.54440161 1.33264854 1.061394281083e-01 6.741749475500e-01 2.828276774454e+01 2.545391945009e-01 1.195216815181e-01
11 48 2 0.44468890 0.61682279 1.83643277 0.54440161 1.33264854 1.112293806319e-01 1.956685199877e-01 2.547603610016e+01 2.576016363959e-01 1.301755491234e-01
11 49 2 0.44468890 0.61682279 1.83643277 0.54440161 1.33264854 1.114512720155e-01 6.995475389165e-01 2.595544601991e+01 2.580678844592e-01 1.227000321690e-01
11 50 2 0.44468890 0.61682279 1.83643277 0.54440161 1.33264854 1.114225365421e-01 2.238255752687e-01 3.253810351555e+01 2.639422034707e-01 1.213726761519e-01
11 51 2 0.44468890 0.61682279 1.83643277 0.54440161 1.33264854 1.176344689849e-01 7.432956726386e-01 2.715871923262e+01 2.648238442175e-01 1.337791690591e-01
11 52 2 0.44468890 0.61682279 1.83643277 0.54440161 1.33264854 1.246949558555e-01 2.509672019809e-01 3.069607225756e+01 2.805562151685e-01 1.427538606557e-01
11 53 2 0.44468890 0.61682279 1.83643277 0.54440161 1.33264854 1.303194350128e-01 7.768634948461e-01 3.412036240580e+01 2.784645454816e-01 1.550340942984e-01
11 54 2 0.44468890 0.61682279 1.83643277 0.54440161 1.33264854 1.396669213098e-01 3.010693154984e-01 3.200508992812e+01 2.832428521350e-01 1.547387156337e-01
11 55 2 0.44468890 0.61682279 1.83643277 0.54440161 1.33264854 1.470355234347e-01 8.077923374145e-01 3.226787228996e+01 3.005873218331e-01 1.493581156686e-01
11 56 2 0.44468890 0.61682279 1.83643277 0.54440161 1.33264854 1.510929643127e-01 3.341660373561e-01 3.960780122777e+01 3.053091928201e-01 1.524602207888e-01
11 57 2 0.44468890 0.61682279 1.83643277 0.54440161 1.33264854 1.537858707100e-01 8.398307540576e-01 3.664584508486e+01 3.327595525373e-01 1.747476283312e-01
11 58 2 0.44468890 0.61682279 1.83643277 0.54440161 1.33264854 1.554771467285e-01 3.761499403740e-01 3.590709909344e+01 3.519646760973e-01 1.817484578552e-01
11 59 2 0.44468890 0.61682279 1.83643277 0.54440161 1.33264854 1.614283265736e-01 8.493902664212e-01 4.414079516663e+01 3.501781544051e-01 1.792435729631e-01
11 60 2 0.44468890 0.61682279 1.83643277 0.54440161 1.33264854 1.669264170801e-01 4.021571311924e-01 4.083116180995e+01 3.644605436698e-01 1.947227950100e-01
11 61 2 0.44468890 0.61682279 1.83643277 0.54440161 1.33264854 1.704576732815e-01 8.964913344160e-01 4.014776152986e+01 3.782520469979e-01 1.935851697175e-01
11 62 2 0.44468890 0.61682279 1.83643277 0.54440161 1.33264854 1.851034393145e-01 4.746252927663e-01 4.988517937004e+01 3.762482620349e-01 2.004519949394e-01
11 63 2 0.44468890 0.61682279 1.83643277 0.54440161 1.33264854 1.946861722418e-01 9.366160972453e-01 4.548940639424e+01 4.080993667251e-01 2.124726903615e-01
14 0 2 0.39252088 0.51855792 3.58560819 0.43699271 0.68217688 1.077498988823e-01 3.174667427176e-01 5.055440573088e+02 1.714636472406e-01 6.471757348208e-01
14 1 2 0.39252088 0.51855792 3.58560819 0.43699271 0.68217688 1.043422777782e-01 3.108359814904e-01 5.011201936045e+02 1.628324634984e-01 6.198197385623e-01
14 2 2 0.39252088 0.51855792 3.58560819 0.43699271 0.68217688 9.889968089579e-02 3.049046570976e-01 5.196792162119e+02 1.546586500936e-01 5.973802493309e-01
14 3 2 0.39252088 0.51855792 3.58560819 0.43699271 0.68217688 9.402120954899e-02 2.866192405174e-01 5.514004544110e+02 1.513390612544e-01 5.919346345285e-01
14 4 2 0.39252088 0.51855792 3.58560819 0.43699271 0.68217688 8.986511733064e-02 2.753654515696e-01 5.840624056278e+02 1.457427840999e-01 5.680596970696e-01
14 5 2 0.39252088 0.51855792 3.58560819 0.43699271 0.68217688 8.495302656423e-02 2.675419448454e-01 6.055921354339e+02 1.394014112323e-01 5.425091470782e-01
14 6 2 0.39252088 0.51855792 3.58560819 0.43699271 0.68217688 8.030889850269e-02 2.578580617787e-01 6.066227868932e+02 1.330876700354e-01 5.273222024958e-01
14 7 2 0.39252088 0.51855792 3.58560819 0.43699271 0.68217688 7.797341293031e-02 2.504780115955e-01 5.820815005397e+02 1.316745545532e-01 5.037793882568e-01
14 8 2 0.39252088 0.51855792 3.58560819 0.43699271 0.68217688 7.689010895982e-02 2.339049023770e-01 5.370990351115e+02 1.282255298148e-01 5.031960218848e-01
14 9 2 0.39252088 0.51855792 3.58560819 0.43699271 0.68217688 7.459854735403e-02 2.226216702911e-01 4.795093831996e+02 1.230008054851e-01 4.814898618155e-01
14 10 2 0.39252088 0.51855792 3.58560819 0.43699271 0.68217688 7.170608522045e-02 2.169085839575e-01 4.210630668493e+02 1.159940360776e-01 4.611775247564e-01
14 11 2 0.39252088 0.51855792 3.58560819 0.43699271 0.68217688 7.056413757485e-02 2.065552520060e-01 3.712161454818e+02 1.121996727804e-01 4.471434608852e-01
14 12 2 0.39252088 0.51855792 3.58560819 0.43699271 0.68217688 7.064654224765e-02 2.071513680480e-01 3.380317210825e+02 1.074448197819e-01 4.332475289169e-01
14 13 2 0.39252088 0.51855792 3.58560819 0.43699271 0.68217688 6.935613323785e-02 2.099416105134e-01 3.260233284018e+02 1.015937328696e-01 4.279406131115e-01
14 14 2 0.39252088 0.51855792 3.58560819 0.43699271 0.68217688 6.665056607242e-02 2.012569408005e-01 3.328040887001e+02 9.599428737285e-02 4.167730282087e-01
14 15 2 0.39252088 0.51855792 3.58560819 0.43699271 0.68217688 6.481604622157e-02 1.920868460547e-01 3.526629656003e+02 9.479087312236e-02 3.949126593575e-01
14 16 2 0.39252088 0.51855792 3.58560819 0.43699271 0.68217688 6.398558541651e-02 1.881800514727e-01 3.760387439645e+02 9.523541932136e-02 3.874139272970e-01
14 17 2 0.39252088 0.51855792 3.58560819 0.43699271 0.68217688 6.184591329767e-02 1.837362901598e-01 3.958735399221e+02 9.371842456595e-02 3.799588284068e-01
14 18 2 0.39252088 0.51855792 3.58560819 0.43699271 0.68217688 5.803082224487e-02 1.764887476038e-01 4.057575016316e+02 9.015990756540e-02 3.721383667439e-01
14 19 2 0.39252088 0.51855792 3.58560819 0.43699271 0.68217688 5.515072630448e-02 1.702303223596e-01 4.015281040853e+02 8.668096299147e-02 3.692118298702e-01
14 20 2 0.39252088 0.51855792 3.58560819 0.43699271 0.68217688 5.468055286720e-02 1.637832624281e-01 3.825165633629e+02 8.376690480326e-02 3.486694887912e-01
14 21 2 0.39252088 0.51855792 3.58560819 0.43699271 0.68217688 5.488184520075e-02 1.592412658370e-01 3.515547601950e+02 7.871924210775e-02 3.463897197393e-01
14 22 2 0.39252088 0.51855792 3.58560819 0.43699271 0.68217688 5.375501874426e-02 1.577221100896e-01 3.159132207379e+02 7.397440641896e-02 3.443475139716e-01
14 23 2 0.39252088 0.51855792 3.58560819 0.43699271 0.68217688 5.149410663694e-02 1.542537968667e-01 2.827903258410e+02 7.170828549469e-02 3.384061148719e-01
14 24 2 0.39252088 0.51855792 3.58560819 0.43699271 0.68217688 4.912164074367e-02 1.512163424577e-01 2.582398371612e+02 7.351195261896e-02 3.351079207844e-01
14 25 2 0.39252088 0.51855792 3.58560819 0.43699271 0.68217688 4.701078103703e-02 1.468582444111e-01 2.460956756333e+02 7.423729569979e-02 3.283112017513e-01
14 26 2 0.39252088 0.51855792 3.58560819 0.43699271 0.68217688 4.562280456011e-02 1.427081014544e-01 2.474816016943e+02 7.346369529908e-02 3.218762157866e-01
14 27 2 0.39252088 0.51855792 3.58560819 0.43699271 0.68217688 4.549145626095e-02 1.419819933696e-01 2.614643392602e+02 7.101785539014e-02 3.261485062451e-01
14 28 2 0.39252088 0.51855792 3.58560819 0.43699271 0.68217688 4.560441176530e-02 1.390094542741e-01 2.833288013001e+02 6.982620968585e-02 3.256066525495e-01
14 29 2 0.39252088 0.51855792 3.58560819 0.43699271 0.68217688 4.406570576539e-02 1.377573730695e-01 3.071666766026e+02 6.725349153449e-02 3.253470547588e-01
14 30 2 0.39252088 0.51855792 3.58560819 0.43699271 0.68217688 4.141039499475e-02 1.341707896313e-01 3.275006789221e+02 6.498737575634e-02 3.212516437995e-01
14 31 2 0.39252088 0.51855792 3.58560819 0.43699271 0.68217688 4.090713597243e-02 1.292765018808e-01 3.397691939512e+02 6.438317442033e-02 3.184855350456e-01
14 32 2 0.39252088 0.51855792 3.58560819 0.43699271 0.68217688 4.408951809589e-02 1.382385267703e-01 3.420797542065e+02 6.822369951039e-02 3.324560677167e-01
14 33 2 0.39252088 0.51855792 3.58560819 0.43699271 0.68217688 4.817116893576e-02 1.466280349039e-01 3.324020021219e+02 7.256708731661e-02 3.308809969463e-01
14 34 2 0.39252088 0.51855792 3.58560819 0.43699271 0.68217688 4.975871511407e-02 1.464518794428e-01 3.129743658836e+02 7.527195961587e-02 3.323823021930e-01
14 35 2 0.39252088 0.51855792 3.58560819 0.43699271 0.68217688 4.924479555481e-02 1.489525497125e-01 2.881728875040e+02 7.583603944028e-02 3.376030456714e-01
14 36 2 0.39252088 0.51855792 3.58560819 0.43699271 0.68217688 4.939257972809e-02 1.502454994054e-01 2.652968746707e+02 7.673436489327e-02 3.409823563154e-01
14 37 2 0.39252088 0.51855792 3.58560819 0.43699271 0.68217688 5.115433495216e-02 1.529698192365e-01 2.513564573121e+02 7.721174529490e-02 3.495488245211e-01
14 38 2 0.39252088 0.51855792 3.58560819 0.43699271 0.68217688 5.326971892653e-02 1.574477979334e-01 2.504451842001e+02 7.647465081746e-02 3.614869742097e-01
14 39 2 0.39252088 0.51855792 3.58560819 0.43699271 0.68217688 5.482586982951e-02 1.589720759502e-01 2.652485148375e+02 7.683572803841e-02 3.637333225300e-01
14 40 2 0.39252088 0.51855792 3.58560819 0.43699271 0.68217688 5.579741899830e-02 1.616746695758e-01 2.938275732191e+02 8.059129108801e-02 3.729857741452e-01
14 41 2 0.39252088 0.51855792 3.58560819 0.43699271 0.68217688 5.594160984747e-02 1.639550731833e-01 3.322282814108e+02 8.702416525475e-02 3.801704078147e-01
14 42 2 0.39252088 0.51855792 3.58560819 0.43699271 0.68217688 5.551641802470e-02 1.681651922428e-01 3.721064983460e+02 9.093156143217e-02 3.945927195646e-01
14 43 2 0.39252088 0.51855792 3.58560819 0.43699271 0.68217688 5.626450293052e-02 1.750860833276e-01 4.050323216379e+02 9.269130681655e-02 4.122655627000e-01
14 44 2 0.39252088 0.51855792 3.58560819 0.43699271 0.68217688 5.925129862885e-02 1.800832045425e-01 4.250502332729e+02 9.339198978705e-02 4.146281739189e-01
14 45 2 0.39252088 0.51855792 3.58560819 0.43699271 0.68217688 6.254782089063e-02 1.850986343397e-01 4.288722246986e+02 9.584142152553e-02 4.306337686657e-01
14 46 2 0.39252088 0.51855792 3.58560819 0.43699271 0.68217688 6.367236738947e-02 1.886469819740e-01 4.177410102672e+02 9.615440629829e-02 4.439098546983e-01
14 47 2 0.39252088 0.51855792 3.58560819 0.43699271 0.68217688 6.347188063479e-02 1.915046948417e-01 3.947360449415e+02 9.686869801656e-02 4.611373338238e-01
14 48 2 0.39252088 0.51855792 3.58560819 0.43699271 0.68217688 6.460111697085e-02 1.984833827114e-01 3.677622957526e+02 9.935149379153e-02 4.811015264132e-01
14 49 2 0.39252088 0.51855792 3.58560819 0.43699271 0.68217688 6.698869215728e-02 2.062382326844e-01 3.471896908757e+02 1.068814199604e-01 4.946454517949e-01
14 50 2 0.39252088 0.51855792 3.58560819 0.43699271 0.68217688 6.839847655580e-02 2.061906903712e-01 3.426355250686e+02 1.130289955295e-01 5.063496625908e-01
14 51 2 0.39252088 0.51855792 3.58560819 0.43699271 0.68217688 6.902724314151e-02 2.079841748801e-01 3.601982331566e+02 1.172203965950e-01 5.325680048662e-01
14 52 2 0.39252088 0.51855792 3.58560819 0.43699271 0.68217688 7.145609134025e-02 2.246523519162e-01 3.991578211582e+02 1.196592773928e-01 5.486385394649e-01
14 53 2 0.39252088 0.51855792 3.58560819 0.43699271 0.68217688 7.588235106484e-02 2.379430943689e-01 4.551604200252e+02 1.248958795856e-01 5.757236278174e-01
14 54 2 0.39252088 0.51855792 3.58560819 0.43699271 0.68217688 7.966810835399e-02 2.485729261353e-01 5.196043536484e+02 1.289166285078e-01 5.951169758386e-01
14 55 2 0.39252088 0.51855792 3.58560819 0.43699271 0.68217688 8.227988142265e-02 2.662977409138e-01 5.803028777636e+02 1.308915829028e-01 6.090316797880e-01
14 56 2 0.39252088 0.51855792 3.58560819 0.43699271 0.68217688 8.631079536736e-02 2.730809932507e-01 6.262374635568e+02 1.327179222091e-01 6.407507371032e-01
14 57 2 0.39252088 0.51855792 3.58560819 0.43699271 0.68217688 9.251798920898e-02 2.792014575551e-01 6.473784070569e+02 1.385925604617e-01 6.625022687224e-01
14 58 2 0.39252088 0.51855792 3.58560819 0.43699271 0.68217688 9.825743877254e-02 2.904222589589e-01 6.439082531340e+02 1.459787185352e-01 6.938346999163e-01
14 59 2 0.39252088 0.51855792 3.58560819 0.43699271 0.68217688 1.022203354104e-01 3.007484163315e-01 6.193112420677e+02 1.503937691768e-01 7.185611843356e-01
14 60 2 0.39252088 0.51855792 3.58560819 0.43699271 0.68217688 1.062122330837e-01 3.187859938044e-01 5.832554503754e+02 1.542740284621e-01 7.393059696575e-01
14 61 2 0.39252088 0.51855792 3.58560819 0.43699271 0.68217688 1.107223615609e-01 3.268894547028e-01 5.479992285683e+02 1.602174081519e-01 7.672572736138e-01
14 62 2 0.39252088 0.51855792 3.58560819 0.43699271 0.68217688 1.136848871736e-01 3.323226837128e-01 5.273270865746e+02 1.682838980497e-01 8.065763995414e-01
14 63 2 0.39252088 0.51855792 3.58560819 0.43699271 0.68217688 1.155619077922e-01 3.496405118092e-01 5.366963830964e+02 1.706852985032e-01 8.334040202243e-01
16 0 2 0.50642702 0.72689520 2.20566395 0.55847824 0.77162817 2.634361138397e-01 1.232834937965e+00 8.677374585835e+01 4.309342953130e-01 1.664242444277e+00
16 1 2 0.50642702 0.72689520 2.20566395 0.55847824 0.77162817 2.477396505847e-01 1.169268135864e+00 7.505621756563e+01 4.119555126303e-01 1.506548893032e+00
16 2 2 0.50642702 0.72689520 2.20566395 0.55847824 0.77162817 2.431792712709e-01 1.149386865689e+00 7.338710382795e+01 3.974162511046e-01 1.447905941668e+00
16 3 2 0.50642702 0.72689520 2.20566395 0.55847824 0.77162817 2.338736217549e-01 1.113688456674e+00 8.014696960385e+01 3.924301523442e-01 1.390269128792e+00
16 4 2 0.50642702 0.72689520 2.20566395 0.55847824 0.77162817 2.187562060458e-01 1.068267916054e+00 9.016990814262e+01 3.806331578695e-01 1.359520564226e+00
16 5 2 0.50642702 0.72689520 2.20566395 0.55847824 0.77162817 2.032980429122e-01 1.048026387488e+00 9.670445245293e+01 3.674742889793e-01 1.329850000648e+00
16 6 2 0.50642702 0.72689520 2.20566395 0.55847824 0.77162817 1.934564984084e-01 9.978545889756e-01 9.590786742329e+01 3.456667102032e-01 1.303960235403e+00
16 7 2 0.50642702 0.72689520 2.20566395 0.55847824 0.77162817 1.887119608843e-01 9.553241023715e-01 8.622394117157e+01 3.381776055757e-01 1.260953372802e+00
16 8 2 0.50642702 0.72689520 2.20566395 0.55847824 0.77162817 1.846179859803e-01 9.407697261628e-01 7.226811313905e+01 3.333511781990e-01 1.210567571642e+00
16 9 2 0.50642702 0.72689520 2.20566395 0.55847824 0.77162817 1.770069141842e-01 8.772178184876e-01 5.978705194436e+01 3.196570298371e-01 1.135495193464e+00
16 10 2 0.50642702 0.72689520 2.20566395 0.55847824 0.77162817 1.676677338816e-01 8.428492830207e-01 5.411124795132e+01 3.056533728604e-01 1.056373252484e+00
16 11 2 0.50642702 0.72689520 2.20566395 0.55847824 0.77162817 1.653774847084e-01 8.297107716766e-01 5.621435995778e+01 2.836070823450e-01 1.008347484453e+00
16 12 2 0.50642702 0.72689520 2.20566395 0.55847824 0.77162817 1.677249715263e-01 7.972644269651e-01 6.364910809870e+01 2.735501097174e-01 9.797386194782e-01
16 13 2 0.50642702 0.72689520 2.20566395 0.55847824 0.77162817 1.656855661429e-01 7.647530137899e-01 7.100575360055e+01 2.672594801781e-01 9.532882852015e-01
16 14 2 0.50642702 0.72689520 2.20566395 0.55847824 0.77162817 1.629725344152e-01 7.544317873734e-01 7.425599330161e+01 2.551936108072e-01 9.153436517044e-01
16 15 2 0.50642702 0.72689520 2.20566395 0.55847824 0.77162817 1.548078988580e-01 7.360680688418e-01 6.999368101938e+01 2.481176166329e-01 9.065135537028e-01
16 16 2 0.50642702 0.72689520 2.20566395 0.55847824 0.77162817 1.539786573345e-01 6.994537110363e-01 6.132408400626e+01 2.520490854345e-01 8.916282105327e-01
16 17 2 0.50642702 0.72689520 2.20566395 0.55847824 0.77162817 1.523794368225e-01 6.844266897073e-01 5.042265178246e+01 2.417825645251e-01 8.671767664288e-01
16 18 2 0.50642702 0.72689520 2.20566395 0.55847824 0.77162817 1.523495632870e-01 6.691829526018e-01 4.365003025969e+01 2.271816537772e-01 8.071542534639e-01
16 19 2 0.50642702 0.72689520 2.20566395 0.55847824 0.77162817 1.511256759722e-01 6.304788091631e-01 4.153394804464e+01 2.236787486575e-01 7.867074077593e-01
16 20 2 0.50642702 0.72689520 2.20566395 0.55847824 0.77162817 1.467492801200e-01 6.178418316653e-01 4.566510660700e+01 2.217177804471e-01 7.577306196094e-01
16 21 2 0.50642702 0.72689520 2.20566395 0.55847824 0.77162817 1.440008927405e-01 6.119943933941e-01 5.174103009167e+01 2.205754292125e-01 7.262206222326e-01
16 22 2 0.50642702 0.72689520 2.20566395 0.55847824 0.77162817 1.488548581356e-01 5.923251143891e-01 5.726273537708e+01 2.093310582637e-01 7.020844136525e-01
16 23 2 0.50642702 0.72689520 2.20566395 0.55847824 0.77162817 1.551892685481e-01 5.887933437040e-01 5.758997570444e+01 1.985697776091e-01 6.990901667645e-01
16 24 2 0.50642702 0.72689520 2.20566395 0.55847824 0.77162817 1.483699834393e-01 5.675206564815e-01 5.357122287910e+01 2.096439022660e-01 7.089724520969e-01
16 25 2 0.50642702 0.72689520 2.20566395 0.55847824 0.77162817 1.472723801444e-01 5.790415522324e-01 4.607786415033e+01 2.035157068723e-01 7.105170310799e-01
16 26 2 0.50642702 0.72689520 2.20566395 0.55847824 0.77162817 1.507031672198e-01 5.698014234537e-01 3.943331607802e+01 1.917555659726e-01 7.108796703814e-01
16 27 2 0.50642702 0.72689520 2.20566395 0.55847824 0.77162817 1.474836740534e-01 5.480052383620e-01 3.550838113670e+01 1.892442861068e-01 6.812465922329e-01
16 28 2 0.50642702 0.72689520 2.20566395 0.55847824 0.77162817 1.491895711430e-01 5.380764244468e-01 3.700994414738e+01 1.926637038089e-01 6.726372471667e-01
16 29 2 0.50642702 0.72689520 2.20566395 0.55847824 0.77162817 1.513925196025e-01 5.507479015681e-01 4.150944939539e+01 1.953390384014e-01 6.660334390868e-01
16 30 2 0.50642702 0.72689520 2.20566395 0.55847824 0.77162817 1.519457498476e-01 5.525750735934e-01 4.786286970012e+01 1.871388633042e-01 6.393591248115e-01
16 31 2 0.50642702 0.72689520 2.20566395 0.55847824 0.77162817 1.402904708265e-01 5.097792717851e-01 5.157557523369e+01 1.706361746702e-01 6.275122787190e-01
16 32 2 0.50642702 0.72689520 2.20566395 0.55847824 0.77162817 1.556172152952e-01 5.523080442606e-01 5.258984067333e+01 1.907860360036e-01 6.761676735434e-01
16 33 2 0.50642702 0.72689520 2.20566395 0.55847824 0.77162817 1.577743213152e-01 5.633608925395e-01 4.860862948094e+01 2.025998469539e-01 6.876750335355e-01
16 34 2 0.50642702 0.72689520 2.20566395 0.55847824 0.77162817 1.546362727123e-01 5.448699457037e-01 4.263240498583e+01 1.970403619598e-01 7.101504206593e-01
16 35 2 0.50642702 0.72689520 2.20566395 0.55847824 0.77162817 1.555509062915e-01 5.562046711190e-01 3.721460333133e+01 1.923802726429e-01 7.157118742449e-01
16 36 2 0.50642702 0.72689520 2.20566395 0.55847824 0.77162817 1.584850190875e-01 5.756229146922e-01 3.623362788750e+01 1.968491544380e-01 7.233959044047e-01
16 37 2 0.50642702 0.72689520 2.20566395 0.55847824 0.77162817 1.580098962148e-01 5.860351024295e-01 4.016031765119e+01 2.075011722611e-01 7.294388936790e-01
16 38 2 0.50642702 0.72689520 2.20566395 0.55847824 0.77162817 1.569415803442e-01 5.730213876297e-01 4.790033247808e+01 2.118417168191e-01 7.226805406449e-01
16 39 2 0.50642702 0.72689520 2.20566395 0.55847824 0.77162817 1.649705048339e-01 5.902955703156e-01 5.577070523321e+01 2.036790938881e-01 7.243641269967e-01
16 40 2 0.50642702 0.72689520 2.20566395 0.55847824 0.77162817 1.583921423390e-01 6.086291664091e-01 6.031947570101e+01 2.096342595778e-01 7.503286961797e-01
16 41 2 0.50642702 0.72689520 2.20566395 0.55847824 0.77162817 1.534357770686e-01 6.210017210840e-01 5.914432271599e+01 2.256484776565e-01 7.974375101014e-01
16 42 2 0.50642702 0.72689520 2.20566395 0.55847824 0.77162817 1.589026609571e-01 6.397533972385e-01 5.369912951590e+01 2.251410946091e-01 8.373010153470e-01
16 43 2 0.50642702 0.72689520 2.20566395 0.55847824 0.77162817 1.650568167247e-01 6.516111614527e-01 4.719608170011e+01 2.255618122215e-01 8.605823373461e-01
16 44 2 0.50642702 0.72689520 2.20566395 0.55847824 0.77162817 1.637407901317e-01 6.910482471771e-01 4.382269673341e+01 2.339655334881e-01 8.902527096863e-01
16 45 2 0.50642702 0.72689520 2.20566395 0.55847824 0.77162817 1.617706329191e-01 7.100703175449e-01 4.625053228870e+01 2.453066802816e-01 9.359296017879e-01
16 46 2 0.50642702 0.72689520 2.20566395 0.55847824 0.77162817 1.640254370718e-01 7.186931295350e-01 5.461164989876e+01 2.577052085542e-01 9.537591235523e-01
16 47 2 0.50642702 0.72689520 2.20566395 0.55847824 0.77162817 1.635956532535e-01 7.512470621712e-01 6.603567522638e+01 2.543264635392e-01 9.575361154209e-01
16 48 2 0.50642702 0.72689520 2.20566395 0.55847824 0.77162817 1.660522315247e-01 7.736475343645e-01 7.508712044459e+01 2.611517430997e-01 9.728908313221e-01
16 49 2 0.50642702 0.72689520 2.20566395 0.55847824 0.77162817 1.702218864792e-01 7.849823138675e-01 7.864860106205e+01 2.806978122414e-01 1.033860186421e+00
16 50 2 0.50642702 0.72689520 2.20566395 0.55847824 0.77162817 1.656746011265e-01 8.172979422082e-01 7.439783275492e+01 2.889705538255e-01 1.072506410882e+00
16 51 2 0.50642702 0.72689520 2.20566395 0.55847824 0.77162817 1.644447854193e-01 8.589676591771e-01 6.666933697046e+01 3.019372264108e-01 1.108200243375e+00
16 52 2 0.50642702 0.72689520 2.20566395 0.55847824 0.77162817 1.657829382205e-01 8.804862604702e-01 5.907045615416e+01 3.215303941029e-01 1.176923171290e+00
16 53 2 0.50642702 0.72689520 2.20566395 0.55847824 0.77162817 1.777403588855e-01 9.126122067988e-01 5.798631429860e+01 3.338172799296e-01 1.250910646745e+00
16 54 2 0.50642702 0.72689520 2.20566395 0.55847824 0.77162817 1.832623794749e-01 9.787872056079e-01 6.485961677730e+01 3.417953242194e-01 1.303577520953e+00
16 55 2 0.50642702 0.72689520 2.20566395 0.55847824 0.77162817 1.857950902128e-01 9.981238395193e-01 7.876250721871e+01 3.442389639115e-01 1.335976781488e+00
16 56 2 0.50642702 0.72689520 2.20566395 0.55847824 0.77162817 1.915279471059e-01 1.024492183513e+00 9.327573249682e+01 3.551625541100e-01 1.349122102296e+00
16 57 2 0.50642702 0.72689520 2.20566395 0.55847824 0.77162817 2.058425761695e-01 1.079531387496e+00 1.029852824889e+02 3.745640811907e-01 1.361444308869e+00
16 58 2 0.50642702 0.72689520 2.20566395 0.55847824 0.77162817 2.151030088852e-01 1.097398523274e+00 1.034657562978e+02 3.894821883842e-01 1.426683468038e+00
16 59 2 0.50642702 0.72689520 2.20566395 0.55847824 0.77162817 2.331799431904e-01 1.143779921658e+00 9.658903987612e+01 4.010052404018e-01 1.474140081395e+00
16 60 2 0.50642702 0.72689520 2.20566395 0.55847824 0.77162817 2.406692312834e-01 1.181112237047e+00 8.491307986697e+01 4.065548874046e-01 1.518373467908e+00
16 61 2 0.50642702 0.72689520 2.20566395 0.55847824 0.77162817 2.480366690926e-01 1.221448858923e+00 7.762439243463e+01 4.273394246084e-01 1.639496664046e+00
16 62 2 0.50642702 0.72689520 2.20566395 0.55847824 0.77162817 2.654667836033e-01 1.279136657704e+00 7.929313160110e+01 4.510186320143e-01 1.759294081312e+00
16 63 2 0.50642702 0.72689520 2.20566395 0.55847824 0.77162817 2.977694498769e-01 1.355859493036e+00 9.351530629911e+01 4.702258191109e-01 1.784798092848e+00
17 0 2 0.50040562 0.73047433 1.80836127 0.62276852 1.53628718 2.747302711533e-01 8.627931732423e-01 4.179898005823e+01 7.352838750533e-01 2.216456833266e+01
17 1 2 0.50040562 0.73047433 1.80836127 0.62276852 1.53628718 2.554195990093e-01 1.220135501374e+00 4.770368835989e+01 4.744995973342e-01 2.116524181559e+01
17 2 2 0.50040562 0.73047433 1.80836127 0.62276852 1.53628718 2.378881196984e-01 1.601271180726e+00 4.497878568856e+01 6.753949535251e-01 2.037905638772e+01
17 3 2 0.50040562 0.73047433 1.80836127 0.62276852 1.53628718 2.407910337108e-01 1.406777089837e+00 3.762329278714e+01 6.924908819469e-01 1.964680249940e+01
17 4 2 0.50040562 0.73047433 1.80836127 0.62276852 1.53628718 2.348113309717e-01 8.746051842442e-01 4.069669048243e+01 4.261126612803e-01 1.892785772276e+01
17 5 2 0.50040562 0.73047433 1.80836127 0.62276852 1.53628718 2.331848015494e-01 7.424497800030e-01 4.158206864935e+01 5.490952201008e-01 1.850678464658e+01
17 6 2 0.50040562 0.73047433 1.80836127 0.62276852 1.53628718 2.364596317038e-01 1.067080718929e+00 3.426827980540e+01 6.745195960859e-01 1.790059194389e+01
17 7 2 0.50040562 0.73047433 1.80836127 0.62276852 1.53628718 2.240588319319e-01 1.322481635292e+00 3.438065945101e+01 4.501728365736e-01 1.712820326366e+01
17 8 2 0.50040562 0.73047433 1.80836127 0.62276852 1.53628718 2.140614937468e-01 1.143829868047e+00 3.798178340499e+01 4.497280084420e-01 1.623919988133e+01
17 9 2 0.50040562 0.73047433 1.80836127 0.62276852 1.53628718 2.065309972768e-01 7.232982813657e-01 3.238723460807e+01 6.121155372949e-01 1.578355405956e+01
17 10 2 0.50040562 0.73047433 1.80836127 0.62276852 1.53628718 2.021237996070e-01 6.363780152178e-01 2.872017793651e+01 4.322937752723e-01 1.542109089126e+01
17 11 2 0.50040562 0.73047433 1.80836127 0.62276852 1.53628718 1.889040812630e-01 9.376570691320e-01 3.262120310046e+01 3.818356011330e-01 1.499261667512e+01
17 12 2 0.50040562 0.73047433 1.80836127 0.62276852 1.53628718 1.760815116101e-01 1.123112429862e+00 3.110121480609e+01 5.422919322360e-01 1.443955690558e+01
17 13 2 0.50040562 0.73047433 1.80836127 0.62276852 1.53628718 1.746474424697e-01 8.800594850836e-01 2.567510604057e+01 4.216429011597e-01 1.391129881558e+01
17 14 2 0.50040562 0.73047433 1.80836127 0.62276852 1.53628718 1.689378923519e-01 5.600705809250e-01 2.728556113604e+01 3.117188572530e-01 1.344626152625e+01
17 15 2 0.50040562 0.73047433 1.80836127 0.62276852 1.53628718 1.654117937551e-01 5.641026496394e-01 2.868320677666e+01 4.772562744559e-01 1.294337642215e+01
17 16 2 0.50040562 0.73047433 1.80836127 0.62276852 1.53628718 1.656108678855e-01 8.428656369105e-01 2.381227956818e+01 4.399561097703e-01 1.261117424806e+01
17 17 2 0.50040562 0.73047433 1.80836127 0.62276852 1.53628718 1.605399343594e-01 9.679127223632e-01 2.339659611112e+01 2.835375107306e-01 1.231204522419e+01
17 18 2 0.50040562 0.73047433 1.80836127 0.62276852 1.53628718 1.502172432295e-01 7.312266871877e-01 2.596248688937e+01 3.794617429623e-01 1.211895062205e+01
17 19 2 0.50040562 0.73047433 1.80836127 0.62276852 1.53628718 1.405150313690e-01 4.660184625476e-01 2.268009639255e+01 4.236791267907e-01 1.168392832478e+01
17 20 2 0.50040562 0.73047433 1.80836127 0.62276852 1.53628718 1.401031978337e-01 5.157596825078e-01 2.036677741746e+01 2.807624719054e-01 1.134816008052e+01
17 21 2 0.50040562 0.73047433 1.80836127 0.62276852 1.53628718 1.373574054564e-01 7.635613208568e-01 2.332810803827e+01 3.272741230704e-01 1.107678216866e+01
17 22 2 0.50040562 0.73047433 1.80836127 0.62276852 1.53628718 1.326286652453e-01 8.090141407677e-01 2.221297382864e+01 3.943890606694e-01 1.078351199903e+01
17 23 2 0.50040562 0.73047433 1.80836127 0.62276852 1.53628718 1.331207407098e-01 5.981685975692e-01 1.857853497793e+01 2.741678678244e-01 1.071167584122e+01
17 24 2 0.50040562 0.73047433 1.80836127 0.62276852 1.53628718 1.325630155953e-01 4.076066853836e-01 2.072939521114e+01 2.913025240560e-01 1.060659800632e+01
17 25 2 0.50040562 0.73047433 1.80836127 0.62276852 1.53628718 1.333676633354e-01 5.070401007976e-01 2.212163225004e+01 3.981345054831e-01 1.046853892752e+01
17 26 2 0.50040562 0.73047433 1.80836127 0.62276852 1.53628718 1.269567235027e-01 7.367464094592e-01 1.837739999509e+01 2.839417547431e-01 1.023191362776e+01
17 27 2 0.50040562 0.73047433 1.80836127 0.62276852 1.53628718 1.207539442279e-01 7.402934078414e-01 1.830040569689e+01 2.309749395982e-01 1.001882305431e+01
17 28 2 0.50040562 0.73047433 1.80836127 0.62276852 1.53628718 1.217395420616e-01 5.272568061281e-01 2.151914261262e+01 3.591229682324e-01 1.000186448692e+01
17 29 2 0.50040562 0.73047433 1.80836127 0.62276852 1.53628718 1.223101242944e-01 3.957465705451e-01 1.960218082256e+01 3.089917987699e-01 1.011614908257e+01
17 30 2 0.50040562 0.73047433 1.80836127 0.62276852 1.53628718 1.144689188589e-01 5.024777648681e-01 1.758449175614e+01 2.146756537556e-01 1.005304303879e+01
17 31 2 0.50040562 0.73047433 1.80836127 0.62276852 1.53628718 1.056800705572e-01 6.801592705444e-01 2.026043556772e+01 3.083794479120e-01 1.003573347998e+01
17 32 2 0.50040562 0.73047433 1.80836127 0.62276852 1.53628718 1.203459102727e-01 7.225823032576e-01 2.081698314999e+01 3.316485326205e-01 1.019455348359e+01
17 33 2 0.50040562 0.73047433 1.80836127 0.62276852 1.53628718 1.317793765722e-01 5.294546366776e-01 1.821036850032e+01 2.373333753103e-01 1.008735032531e+01
17 34 2 0.50040562 0.73047433 1.80836127 0.62276852 1.53628718 1.287144663815e-01 3.829773783891e-01 2.013227154938e+01 3.235928344519e-01 1.016569643482e+01
17 35 2 0.50040562 0.73047433 1.80836127 0.62276852 1.53628718 1.273656672722e-01 5.431996430897e-01 2.206965335650e+01 3.681067050669e-01 1.030568747098e+01
17 36 2 0.50040562 0.73047433 1.80836127 0.62276852 1.53628718 1.311133692862e-01 7.851776187225e-01 1.938321371378e+01 2.503650254056e-01 1.053448856167e+01
17 37 2 0.50040562 0.73047433 1.80836127 0.62276852 1.53628718 1.383775661941e-01 7.557286870891e-01 2.011465095352e+01 3.186578640059e-01 1.081454065179e+01
17 38 2 0.50040562 0.73047433 1.80836127 0.62276852 1.53628718 1.341937700150e-01 4.950486656490e-01 2.393237273275e+01 4.186953311754e-01 1.095663664529e+01
17 39 2 0.50040562 0.73047433 1.80836127 0.62276852 1.53628718 1.326861643786e-01 4.154091489571e-01 2.209941973368e+01 2.822962828906e-01 1.103910395510e+01
17 40 2 0.50040562 0.73047433 1.80836127 0.62276852 1.53628718 1.358778324225e-01 6.318987477743e-01 2.042531923646e+01 2.783554264863e-01 1.127770351552e+01
17 41 2 0.50040562 0.73047433 1.80836127 0.62276852 1.53628718 1.398826538483e-01 8.744913232289e-01 2.503264710965e+01 4.284079414862e-01 1.162889243422e+01
17 42 2 0.50040562 0.73047433 1.80836127 0.62276852 1.53628718 1.471219441080e-01 8.046352798408e-01 2.581745647506e+01 3.520108574877e-01 1.200003680571e+01
17 43 2 0.50040562 0.73047433 1.80836127 0.62276852 1.53628718 1.484168646379e-01 5.350317439191e-01 2.243494463115e+01 2.847587785360e-01 1.249254149030e+01
17 44 2 0.50040562 0.73047433 1.80836127 0.62276852 1.53628718 1.560675035145e-01 5.009390679261e-01 2.551045240945e+01 4.348227169252e-01 1.275274637013e+01
17 45 2 0.50040562 0.73047433 1.80836127 0.62276852 1.53628718 1.665810075479e-01 7.890756918638e-01 2.936944922917e+01 4.061668421189e-01 1.308515614730e+01
17 46 2 0.50040562 0.73047433 1.80836127 0.62276852 1.53628718 1.682431723431e-01 1.013831537700e+00 2.607786661956e+01 3.108536346379e-01 1.344126652753e+01
17 47 2 0.50040562 0.73047433 1.80836127 0.62276852 1.53628718 1.670065379036e-01 8.667693912017e-01 2.649691298856e+01 4.626053400776e-01 1.393125697782e+01
17 48 2 0.50040562 0.73047433 1.80836127 0.62276852 1.53628718 1.698984549252e-01 5.871573621408e-01 3.192203058309e+01 4.803494953027e-01 1.452965071341e+01
17 49 2 0.50040562 0.73047433 1.80836127 0.62276852 1.53628718 1.786594864582e-01 6.003175480806e-01 3.079315701666e+01 3.197784730969e-01 1.510031686922e+01
17 50 2 0.50040562 0.73047433 1.80836127 0.62276852 1.53628718 1.846325459535e-01 9.820030213571e-01 2.863300086499e+01 4.718138172813e-01 1.565256518039e+01
17 51 2 0.50040562 0.73047433 1.80836127 0.62276852 1.53628718 1.953464359243e-01 1.215096780472e+00 3.411216388857e+01 5.849819237598e-01 1.620948930602e+01
17 52 2 0.50040562 0.73047433 1.80836127 0.62276852 1.53628718 2.095211543684e-01 9.938903375350e-01 3.572181368601e+01 3.870213850312e-01 1.672634179781e+01
17 53 2 0.50040562 0.73047433 1.80836127 0.62276852 1.53628718 2.105360766420e-01 6.848738519358e-01 3.143687328214e+01 4.627197179675e-01 1.724179834546e+01
17 54 2 0.50040562 0.73047433 1.80836127 0.62276852 1.53628718 2.147719388117e-01 7.822174657537e-01 3.581458016318e+01 6.471771039378e-01 1.799644646754e+01
17 55 2 0.50040562 0.73047433 1.80836127 0.62276852 1.53628718 2.230910635173e-01 1.204718556456e+00 4.125733123990e+01 4.809460637018e-01 1.892560926504e+01
17 56 2 0.50040562 0.73047433 1.80836127 0.62276852 1.53628718 2.304454756342e-01 1.409998499953e+00 3.631907966293e+01 4.673959615694e-01 1.978015737919e+01
17 57 2 0.50040562 0.73047433 1.80836127 0.62276852 1.53628718 2.316367973976e-01 1.134990543480e+00 3.655667278278e+01 6.974159747600e-01 2.031959463371e+01
17 58 2 0.50040562 0.73047433 1.80836127 0.62276852 1.53628718 2.323042995561e-01 7.656615357158e-01 4.511629561704e+01 5.696501235611e-01 2.086356245497e+01
17 59 2 0.50040562 0.73047433 1.80836127 0.62276852 1.53628718 2.485020583616e-01 9.902581956388e-01 4.341923805917e+01 4.856147109098e-01 2.169270715197e+01
17 60 2 0.50040562 0.73047433 1.80836127 0.62276852 1.53628718 2.572140883555e-01 1.569393196787e+00 3.935381793603e+01 7.946050685446e-01 2.271787425645e+01
17 61 2 0.50040562 0.73047433 1.80836127 0.62276852 1.53628718 2.773478399378e-01 1.715012794354e+00 4.734909427142e+01 7.484013911902e-01 2.379482303487e+01
17 62 2 0.50040562 0.73047433 1.80836127 0.62276852 1.53628718 3.040923691619e-01 1.263971448113e+00 4.999616301072e+01 5.421831806221e-01 2.459806030326e+01
17 63 2 0.50040562 0.73047433 1.80836127 0.62276852 1.53628718 3.214212068245e-01 9.381256247456e-01 4.397913949854e+01 8.510464418216e-01 2.562542255166e+01
21 0 2 0.39084527 0.51743830 3.90716533 0.44070339 0.72378236 1.116701313265e-01 3.335164909668e-01 8.561774998002e+02 1.613250903224e-01 4.889858741254e-03
21 1 2 0.39084527 0.51743830 3.90716533 0.44070339 0.72378236 1.089187002384e-01 3.182472713455e-01 8.261239103349e+02 1.577896306531e-01 4.542084971304e-02
21 2 2 0.39084527 0.51743830 3.90716533 0.44070339 0.72378236 1.051927228659e-01 3.103975091139e-01 7.985187430050e+02 1.546349232115e-01 5.136169273578e-02
21 3 2 0.39084527 0.51743830 3.90716533 0.44070339 0.72378236 9.720630525471e-02 3.027545981987e-01 7.713043796978e+02 1.479154827378e-01 1.052546628849e-02
21 4 2 0.39084527 0.51743830 3.90716533 0.44070339 0.72378236 9.011764240646e-02 2.873760569904e-01 7.440407896274e+02 1.406870417726e-01 9.025315696113e-03
21 5 2 0.39084527 0.51743830 3.90716533 0.44070339 0.72378236 8.564780213220e-02 2.785730122872e-01 7.193459600870e+02 1.341561968679e-01 4.530927210253e-02
21 6 2 0.39084527 0.51743830 3.90716533 0.44070339 0.72378236 8.467233190673e-02 2.710769659617e-01 6.967060940169e+02 1.244067774882e-01 3.839717919619e-02
21 7 2 0.39084527 0.51743830 3.90716533 0.44070339 0.72378236 8.329213248274e-02 2.541551659401e-01 6.748365795822e+02 1.172589824182e-01 4.347030870374e-03
21 8 2 0.39084527 0.51743830 3.90716533 0.44070339 0.72378236 7.954419028366e-02 2.375238343370e-01 6.527069363111e+02 1.157732395130e-01 1.353184471116e-02
21 9 2 0.39084527 0.51743830 3.90716533 0.44070339 0.72378236 7.625904796543e-02 2.343179257682e-01 6.313064455384e+02 1.143772229939e-01 4.254550644343e-02
21 10 2 0.39084527 0.51743830 3.90716533 0.44070339 0.72378236 7.316329361597e-02 2.251664242078e-01 6.104949675699e+02 1.108568730160e-01 2.641114797681e-02
21 11 2 0.39084527 0.51743830 3.90716533 0.44070339 0.72378236 7.104169137261e-02 2.134927800237e-01 5.883126795194e+02 1.049154492267e-01 1.481759073736e-03
21 12 2 0.39084527 0.51743830 3.90716533 0.44070339 0.72378236 6.756604469349e-02 2.093904712577e-01 5.664918139994e+02 9.977041188187e-02 1.709220819470e-02
21 13 2 0.39084527 0.51743830 3.90716533 0.44070339 0.72378236 6.471726193847e-02 2.002838538297e-01 5.465544350509e+02 9.750432276974e-02 3.680826381979e-02
21 14 2 0.39084527 0.51743830 3.90716533 0.44070339 0.72378236 6.346281977868e-02 1.903324988953e-01 5.284213089455e+02 9.408669475523e-02 1.868145315438e-02
21 15 2 0.39084527 0.51743830 3.90716533 0.44070339 0.72378236 6.240708273764e-02 1.826604253982e-01 5.118067452118e+02 9.104072921766e-02 9.171021354586e-04
21 16 2 0.39084527 0.51743830 3.90716533 0.44070339 0.72378236 6.086812187355e-02 1.760777718231e-01 4.970407712600e+02 9.048414753196e-02 2.067615494694e-02
21 17 2 0.39084527 0.51743830 3.90716533 0.44070339 0.72378236 5.779294992241e-02 1.705957268055e-01 4.852043725255e+02 8.862807317295e-02 3.193512524027e-02
21 18 2 0.39084527 0.51743830 3.90716533 0.44070339 0.72378236 5.615239114321e-02 1.682073152687e-01 4.745576369203e+02 8.556231044125e-02 1.125235914654e-02
21 19 2 0.39084527 0.51743830 3.90716533 0.44070339 0.72378236 5.504314982416e-02 1.622768078705e-01 4.641932495440e+02 8.292531599528e-02 2.118341161108e-03
21 20 2 0.39084527 0.51743830 3.90716533 0.44070339 0.72378236 5.342720440019e-02 1.553798204885e-01 4.551095843503e+02 8.121188834626e-02 2.182360762620e-02
21 21 2 0.39084527 0.51743830 3.90716533 0.44070339 0.72378236 5.046266971294e-02 1.515829972218e-01 4.469975330045e+02 8.035598965849e-02 2.647919741754e-02
21 22 2 0.39084527 0.51743830 3.90716533 0.44070339 0.72378236 4.712224515743e-02 1.452023033870e-01 4.392105365381e+02 7.718043272934e-02 6.260756259005e-03
21 23 2 0.39084527 0.51743830 3.90716533 0.44070339 0.72378236 4.591645888770e-02 1.415265414155e-01 4.311246511032e+02 7.327644608660e-02 3.925512162111e-03
21 24 2 0.39084527 0.51743830 3.90716533 0.44070339 0.72378236 4.542555836122e-02 1.392770224415e-01 4.236424489422e+02 7.251054133704e-02 2.314832117131e-02
21 25 2 0.39084527 0.51743830 3.90716533 0.44070339 0.72378236 4.535134321027e-02 1.394288278528e-01 4.168228744063e+02 7.235950795261e-02 2.247562581401e-02
21 26 2 0.39084527 0.51743830 3.90716533 0.44070339 0.72378236 4.454625018296e-02 1.402350819052e-01 4.093259688009e+02 7.162712225546e-02 3.170410291143e-03
21 27 2 0.39084527 0.51743830 3.90716533 0.44070339 0.72378236 4.401036573949e-02 1.370281763980e-01 4.021543395358e+02 7.122149783713e-02 7.057432951215e-03
21 28 2 0.39084527 0.51743830 3.90716533 0.44070339 0.72378236 4.358672504854e-02 1.336097501363e-01 3.964839266264e+02 7.039077230702e-02 2.422362457914e-02
21 29 2 0.39084527 0.51743830 3.90716533 0.44070339 0.72378236 4.207325698698e-02 1.337990279651e-01 3.927368260007e+02 6.947480320693e-02 1.700635965048e-02
21 30 2 0.39084527 0.51743830 3.90716533 0.44070339 0.72378236 4.079643548060e-02 1.323988870566e-01 3.908981426901e+02 6.780537344907e-02 1.485017963779e-03
21 31 2 0.39084527 0.51743830 3.90716533 0.44070339 0.72378236 4.055219953807e-02 1.288577768205e-01 3.913551792135e+02 6.688530861842e-02 9.859515025600e-03
21 32 2 0.39084527 0.51743830 3.90716533 0.44070339 0.72378236 4.301466742998e-02 1.351383316371e-01 3.950667306397e+02 6.974464920645e-02 2.515005259112e-02
21 33 2 0.39084527 0.51743830 3.90716533 0.44070339 0.72378236 4.581858541793e-02 1.405285263259e-01 4.004504412953e+02 7.288774327995e-02 1.341240710586e-02
21 34 2 0.39084527 0.51743830 3.90716533 0.44070339 0.72378236 4.740295979581e-02 1.403032436341e-01 4.061891332918e+02 7.374159967237e-02 1.071466223307e-03
21 35 2 0.39084527 0.51743830 3.90716533 0.44070339 0.72378236 4.783705983765e-02 1.437046290857e-01 4.124673575712e+02 7.436548190722e-02 1.484743331052e-02
21 36 2 0.39084527 0.51743830 3.90716533 0.44070339 0.72378236 4.793277819260e-02 1.471601006353e-01 4.188656758515e+02 7.496058027624e-02 2.561630117509e-02
21 37 2 0.39084527 0.51743830 3.90716533 0.44070339 0.72378236 4.912354541912e-02 1.471689783484e-01 4.248445218068e+02 7.605298060873e-02 9.948989114545e-03
21 38 2 0.39084527 0.51743830 3.90716533 0.44070339 0.72378236 4.980648797906e-02 1.479711324883e-01 4.299419346026e+02 7.751541897873e-02 2.048175280625e-03
21 39 2 0.39084527 0.51743830 3.90716533 0.44070339 0.72378236 5.117047901502e-02 1.535973077912e-01 4.356628649983e+02 7.926270506292e-02 1.952327474719e-02
21 40 2 0.39084527 0.51743830 3.90716533 0.44070339 0.72378236 5.335258880403e-02 1.594795206350e-01 4.428119434781e+02 8.337205714160e-02 2.497489074447e-02
21 41 2 0.39084527 0.51743830 3.90716533 0.44070339 0.72378236 5.652087571619e-02 1.669462921749e-01 4.503223889743e+02 8.671628930988e-02 6.924683910040e-03
21 42 2 0.39084527 0.51743830 3.90716533 0.44070339 0.72378236 5.910253095663e-02 1.719348534441e-01 4.589593994515e+02 8.698395799121e-02 4.471083608265e-03
21 43 2 0.39084527 0.51743830 3.90716533 0.44070339 0.72378236 5.932923479825e-02 1.768233665959e-01 4.695180092415e+02 8.849376219014e-02 2.638232979526e-02
21 44 2 0.39084527 0.51743830 3.90716533 0.44070339 0.72378236 5.976074175363e-02 1.835539784489e-01 4.820206143271e+02 9.170779757626e-02 2.505399628402e-02
21 45 2 0.39084527 0.51743830 3.90716533 0.44070339 0.72378236 6.091990573403e-02 1.857175881838e-01 4.957110701503e+02 9.480654304284e-02 4.243020135993e-03
21 46 2 0.39084527 0.51743830 3.90716533 0.44070339 0.72378236 6.361218335257e-02 1.916943265697e-01 5.107433344021e+02 9.725033997285e-02 1.005838677249e-02
21 47 2 0.39084527 0.51743830 3.90716533 0.44070339 0.72378236 6.522343960609e-02 2.003298958834e-01 5.287743206777e+02 9.888506412418e-02 3.212104516684e-02
21 48 2 0.39084527 0.51743830 3.90716533 0.44070339 0.72378236 6.592288554136e-02 2.086531257552e-01 5.483981867758e+02 1.031890871392e-01 2.317497692788e-02
21 49 2 0.39084527 0.51743830 3.90716533 0.44070339 0.72378236 6.794135314084e-02 2.175382534811e-01 5.683135038716e+02 1.089927215556e-01 2.453848932478e-03
21 50 2 0.39084527 0.51743830 3.90716533 0.44070339 0.72378236 7.095253106857e-02 2.260943641887e-01 5.889401014154e+02 1.128609110859e-01 1.685741159743e-02
21 51 2 0.39084527 0.51743830 3.90716533 0.44070339 0.72378236 7.490115581541e-02 2.302238191073e-01 6.099954164293e+02 1.186141534812e-01 3.850459955553e-02
21 52 2 0.39084527 0.51743830 3.90716533 0.44070339 0.72378236 7.697618425452e-02 2.387170158628e-01 6.306650777644e+02 1.253076613673e-01 2.031743937473e-02
21 53 2 0.39084527 0.51743830 3.90716533 0.44070339 0.72378236 7.965696195207e-02 2.509793509137e-01 6.498169806644e+02 1.288368031492e-01 2.807303242007e-03
21 54 2 0.39084527 0.51743830 3.90716533 0.44070339 0.72378236 8.303993425921e-02 2.541303324482e-01 6.697244131789e+02 1.315603339010e-01 2.827580966727e-02
21 55 2 0.39084527 0.51743830 3.90716533 0.44070339 0.72378236 8.613969331822e-02 2.677856482381e-01 6.918174206924e+02 1.361553283660e-01 4.365469503853e-02
21 56 2 0.39084527 0.51743830 3.90716533 0.44070339 0.72378236 8.838165894065e-02 2.846374642949e-01 7.145453809845e+02 1.457665142370e-01 1.641194100535e-02
21 57 2 0.39084527 0.51743830 3.90716533 0.44070339 0.72378236 9.000174087169e-02 2.884930263480e-01 7.388107459270e+02 1.573415353071e-01 6.151813203878e-03
21 58 2 0.39084527 0.51743830 3.90716533 0.44070339 0.72378236 9.575091589191e-02 2.926133719007e-01 7.655199426864e+02 1.631271459768e-01 3.906040849842e-02
21 59 2 0.39084527 0.51743830 3.90716533 0.44070339 0.72378236 1.027188030747e-01 3.055527964012e-01 7.944868814182e+02 1.675078387268e-01 4.723665715101e-02
21 60 2 0.39084527 0.51743830 3.90716533 0.44070339 0.72378236 1.084958996892e-01 3.147424028726e-01 8.235474001145e+02 1.732571296991e-01 1.176313244159e-02
21 61 2 0.39084527 0.51743830 3.90716533 0.44070339 0.72378236 1.099430803260e-01 3.201906653630e-01 8.522676033182e+02 1.762991597988e-01 1.286155731912e-02
21 62 2 0.39084527 0.51743830 3.90716533 0.44070339 0.72378236 1.097372891807e-01 3.362642349930e-01 8.834744875109e+02 1.808800095394e-01 5.301596296870e-02
21 63 2 0.39084527 0.51743830 3.90716533 0.44070339 0.72378236 1.122692342744e-01 3.513002225009e-01 9.154920091343e+02 1.893820360515e-01 4.719389048392e-02
27 0 2 0.51627292 0.76467175 1.70580252 0.64697660 1.60079412 3.192189180680e-01 1.175404063852e+00 3.874445727055e+01 8.747893003975e-01 2.666753975008e+01
27 1 2 0.51627292 0.76467175 1.70580252 0.64697660 1.60079412 2.970164451488e-01 1.188805351802e+00 3.683652146351e+01 5.777365528910e-01 2.572592280979e+01
27 2 2 0.51627292 0.76467175 1.70580252 0.64697660 1.60079412 2.874130530474e-01 1.770625729966e+00 3.060435116655e+01 7.989696246322e-01 2.479340764154e+01
27 3 2 0.51627292 0.76467175 1.70580252 0.64697660 1.60079412 2.654221176169e-01 1.715917057081e+00 3.284548909285e+01 8.344763722759e-01 2.394331634936e+01
27 4 2 0.51627292 0.76467175 1.70580252 0.64697660 1.60079412 2.596262003144e-01 1.079067080224e+00 3.500208625864e+01 5.115640288422e-01 2.325181553868e+01
27 5 2 0.51627292 0.76467175 1.70580252 0.64697660 1.60079412 2.630189003163e-01 9.917763691701e-01 2.870516005037e+01 6.347042971236e-01 2.226281389008e+01
27 6 2 0.51627292 0.76467175 1.70580252 0.64697660 1.60079412 2.549182791491e-01 1.450251420381e+00 2.709593594440e+01 7.842730246413e-01 2.117054947845e+01
27 7 2 0.51627292 0.76467175 1.70580252 0.64697660 1.60079412 2.494287965040e-01 1.479030483626e+00 3.133080512178e+01 4.992432390114e-01 2.041586084303e+01
27 8 2 0.51627292 0.76467175 1.70580252 0.64697660 1.60079412 2.447097212677e-01 9.716088214277e-01 2.860006797722e+01 5.135633754435e-01 1.997386939943e+01
27 9 2 0.51627292 0.76467175 1.70580252 0.64697660 1.60079412 2.414895107519e-01 8.324537952069e-01 2.335176326171e+01 6.916243098129e-01 1.925650168605e+01
27 10 2 0.51627292 0.76467175 1.70580252 0.64697660 1.60079412 2.279444011542e-01 1.190828586894e+00 2.597632038696e+01 5.139777749380e-01 1.846723089207e+01
27 11 2 0.51627292 0.76467175 1.70580252 0.64697660 1.60079412 2.188535859088e-01 1.325993211101e+00 2.726681315919e+01 4.266875979037e-01 1.769780297437e+01
27 12 2 0.51627292 0.76467175 1.70580252 0.64697660 1.60079412 2.069240843678e-01 9.353009054294e-01 2.229339658921e+01 6.140584750398e-01 1.716111392886e+01
27 13 2 0.51627292 0.76467175 1.70580252 0.64697660 1.60079412 1.936212998055e-01 6.930157723135e-01 2.126049887477e+01 5.100589216434e-01 1.664515767928e+01
27 14 2 0.51627292 0.76467175 1.70580252 0.64697660 1.60079412 1.864611222125e-01 9.623930921263e-01 2.409688458359e+01 3.877434666472e-01 1.618601422652e+01
27 15 2 0.51627292 0.76467175 1.70580252 0.64697660 1.60079412 1.845820730904e-01 1.168396118723e+00 2.184200548681e+01 5.467331297852e-01 1.567353471872e+01
27 16 2 0.51627292 0.76467175 1.70580252 0.64697660 1.60079412 1.847865005724e-01 8.512303895235e-01 1.835384576261e+01 4.954907879396e-01 1.514219932480e+01
27 17 2 0.51627292 0.76467175 1.70580252 0.64697660 1.60079412 1.796603167556e-01 5.977820226598e-01 2.044420955054e+01 3.451085166905e-01 1.459010243366e+01
27 18 2 0.51627292 0.76467175 1.70580252 0.64697660 1.60079412 1.746425489913e-01 8.305908612817e-01 2.084954073565e+01 4.644098142038e-01 1.425690553307e+01
27 19 2 0.51627292 0.76467175 1.70580252 0.64697660 1.60079412 1.646091032605e-01 1.047391371125e+00 1.715127439420e+01 4.779749506489e-01 1.393239679719e+01
27 20 2 0.51627292 0.76467175 1.70580252 0.64697660 1.60079412 1.558986283335e-01 8.143271359880e-01 1.716812358965e+01 3.038019860506e-01 1.366170782654e+01
27 21 2 0.51627292 0.76467175 1.70580252 0.64697660 1.60079412 1.551682096255e-01 5.466604458946e-01 1.943099516735e+01 3.846296027421e-01 1.333972141291e+01
27 22 2 0.51627292 0.76467175 1.70580252 0.64697660 1.60079412 1.536422204468e-01 6.920628258787e-01 1.691105895023e+01 4.751335298476e-01 1.291175566293e+01
27 23 2 0.51627292 0.76467175 1.70580252 0.64697660 1.60079412 1.513324304639e-01 9.250558035685e-01 1.480078742713e+01 3.162898812138e-01 1.267867277109e+01
27 24 2 0.51627292 0.76467175 1.70580252 0.64697660 1.60079412 1.439035976697e-01 7.783966431993e-01 1.743670789804e+01 3.203510602068e-01 1.251850895520e+01
27 25 2 0.51627292 0.76467175 1.70580252 0.64697660 1.60079412 1.470516429289e-01 5.173797510070e-01 1.750024092660e+01 4.645607263038e-01 1.247298387336e+01
27 26 2 0.51627292 0.76467175 1.70580252 0.64697660 1.60079412 1.495309189652e-01 6.313354342215e-01 1.417496831077e+01 3.480973794670e-01 1.231393377855e+01
27 27 2 0.51627292 0.76467175 1.70580252 0.64697660 1.60079412 1.386752071812e-01 8.579660399845e-01 1.494663832407e+01 2.714507408930e-01 1.201760457599e+01
27 28 2 0.51627292 0.76467175 1.70580252 0.64697660 1.60079412 1.348118932200e-01 7.783795009888e-01 1.742364664255e+01 4.077156701999e-01 1.191993849613e+01
27 29 2 0.51627292 0.76467175 1.70580252 0.64697660 1.60079412 1.376856397673e-01 5.351421169370e-01 1.537642008912e+01 3.590746436297e-01 1.203587890970e+01
27 30 2 0.51627292 0.76467175 1.70580252 0.64697660 1.60079412 1.321161513498e-01 5.572859308813e-01 1.392072845224e+01 2.562061037478e-01 1.198741876211e+01
27 31 2 0.51627292 0.76467175 1.70580252 0.64697660 1.60079412 1.209450643493e-01 7.793862064672e-01 1.629907710753e+01 3.603632223175e-01 1.198234739785e+01
27 32 2 0.51627292 0.76467175 1.70580252 0.64697660 1.60079412 1.371412903212e-01 8.262326644042e-01 1.675551233036e+01 3.873352304452e-01 1.216743887354e+01
27 33 2 0.51627292 0.76467175 1.70580252 0.64697660 1.60079412 1.480744076423e-01 5.798045373936e-01 1.443689228687e+01 2.774174171114e-01 1.205555802051e+01
27 34 2 0.51627292 0.76467175 1.70580252 0.64697660 1.60079412 1.426938393368e-01 5.206328169365e-01 1.585347455591e+01 3.697705260150e-01 1.217068856162e+01
27 35 2 0.51627292 0.76467175 1.70580252 0.64697660 1.60079412 1.453572326825e-01 8.084097621605e-01 1.789628771655e+01 4.260869405991e-01 1.238861231214e+01
27 36 2 0.51627292 0.76467175 1.70580252 0.64697660 1.60079412 1.526178554060e-01 9.046309229514e-01 1.579157785426e+01 3.041768280399e-01 1.266661582104e+01
27 37 2 0.51627292 0.76467175 1.70580252 0.64697660 1.60079412 1.529518745043e-01 6.217771049942e-01 1.556159964453e+01 3.670087150829e-01 1.288538660932e+01
27 38 2 0.51627292 0.76467175 1.70580252 0.64697660 1.60079412 1.460594215593e-01 5.187459811504e-01 1.905021293302e+01 4.605668398510e-01 1.300171624787e+01
27 39 2 0.51627292 0.76467175 1.70580252 0.64697660 1.60079412 1.531778435601e-01 8.294336776024e-01 1.858980478459e+01 3.212846727101e-01 1.319988252043e+01
27 40 2 0.51627292 0.76467175 1.70580252 0.64697660 1.60079412 1.584623572458e-01 9.790355119854e-01 1.609204905548e+01 3.403593126003e-01 1.365171299141e+01
27 41 2 0.51627292 0.76467175 1.70580252 0.64697660 1.60079412 1.592046362635e-01 7.218149870397e-01 1.897827053326e+01 5.006418443439e-01 1.410744598390e+01
27 42 2 0.51627292 0.76467175 1.70580252 0.64697660 1.60079412 1.628130024186e-01 5.692950917651e-01 2.158788318921e+01 3.861316156101e-01 1.445230866397e+01
27 43 2 0.51627292 0.76467175 1.70580252 0.64697660 1.60079412 1.720641385988e-01 8.834647479944e-01 1.881084993330e+01 3.316393749091e-01 1.487054588362e+01
27 44 2 0.51627292 0.76467175 1.70580252 0.64697660 1.60079412 1.815156946169e-01 1.106700495969e+00 1.880567176863e+01 5.410093064414e-01 1.517656282969e+01
27 45 2 0.51627292 0.76467175 1.70580252 0.64697660 1.60079412 1.825050632354e-01 8.448819851373e-01 2.318851213254e+01 4.938315261809e-01 1.569138961169e+01
27 46 2 0.51627292 0.76467175 1.70580252 0.64697660 1.60079412 1.856133583233e-01 6.205568784214e-01 2.266719020207e+01 3.426063542582e-01 1.637460801499e+01
27 47 2 0.51627292 0.76467175 1.70580252 0.64697660 1.60079412 1.874054643647e-01 9.346331053585e-01 2.012385403948e+01 5.406892285982e-01 1.699535160525e+01
27 48 2 0.51627292 0.76467175 1.70580252 0.64697660 1.60079412 1.915510879408e-01 1.245123616087e+00 2.366641507954e+01 5.755778855261e-01 1.752414642318e+01
27 49 2 0.51627292 0.76467175 1.70580252 0.64697660 1.60079412 2.035433123573e-01 1.035341309074e+00 2.634477951262e+01 3.821883655901e-01 1.804865769329e+01
27 50 2 0.51627292 0.76467175 1.70580252 0.64697660 1.60079412 2.162671474725e-01 7.475653437271e-01 2.303745246792e+01 5.208999584179e-01 1.873854322376e+01
27 51 2 0.51627292 0.76467175 1.70580252 0.64697660 1.60079412 2.284471086700e-01 1.000429588006e+00 2.398462328099e+01 6.449678525495e-01 1.949278648410e+01
27 52 2 0.51627292 0.76467175 1.70580252 0.64697660 1.60079412 2.323396173810e-01 1.418883198721e+00 2.920516785127e+01 4.561329312928e-01 2.028063829819e+01
27 53 2 0.51627292 0.76467175 1.70580252 0.64697660 1.60079412 2.399786709422e-01 1.267281901576e+00 2.738440728883e+01 5.374838984321e-01 2.123425372933e+01
27 54 2 0.51627292 0.76467175 1.70580252 0.64697660 1.60079412 2.421193025446e-01 8.511123084853e-01 2.497609898855e+01 7.344807071108e-01 2.192394157818e+01
27 55 2 0.51627292 0.76467175 1.70580252 0.64697660 1.60079412 2.437000023212e-01 1.066034107469e+00 3.073587463343e+01 5.530661437298e-01 2.251847398743e+01
27 56 2 0.51627292 0.76467175 1.70580252 0.64697660 1.60079412 2.533442024373e-01 1.652888771647e+00 3.278621613693e+01 5.630728162429e-01 2.339614050813e+01
27 57 2 0.51627292 0.76467175 1.70580252 0.64697660 1.60079412 2.611573341988e-01 1.553629772927e+00 2.782654581122e+01 8.423699332308e-01 2.465658803882e+01
27 58 2 0.51627292 0.76467175 1.70580252 0.64697660 1.60079412 2.688731035789e-01 1.040047080841e+00 3.054891811248e+01 6.728976801260e-01 2.575051338422e+01
27 59 2 0.51627292 0.76467175 1.70580252 0.64697660 1.60079412 2.796715561966e-01 1.188950881681e+00 3.743378789542e+01 5.926670769316e-01 2.653170738036e+01
27 60 2 0.51627292 0.76467175 1.70580252 0.64697660 1.60079412 3.093344239400e-01 1.850539377102e+00 3.415382965621e+01 9.321799472742e-01 2.737911073824e+01
27 61 2 0.51627292 0.76467175 1.70580252 0.64697660 1.60079412 3.246904218448e-01 1.827267412172e+00 3.138680059998e+01 8.577010955657e-01 2.851492397099e+01
27 62 2 0.51627292 0.76467175 1.70580252 0.64697660 1.60079412 3.405334516463e-01 1.256952574649e+00 3.888106896836e+01 6.325964760069e-01 2.987516881999e+01
27 63 2 0.51627292 0.76467175 1.70580252 0.64697660 1.60079412 3.553243981486e-01 1.285495247735e+00 4.128588141064e+01 9.642084911757e-01 3.095385258951e+01
28 0 2 0.46288471 0.65244787 6.73480053 0.53440257 0.91771535 2.065498125853e-01 7.799516828124e-01 6.003932269133e+03 3.540965706973e-01 2.987155251168e+00
28 1 2 0.46288471 0.65244787 6.73480053 0.53440257 0.91771535 2.047239303525e-01 7.508315535097e-01 5.940348609671e+03 3.463961627561e-01 2.887877699563e+00
28 2 2 0.46288471 0.65244787 6.73480053 0.53440257 0.91771535 1.985160069920e-01 7.650884275043e-01 5.596534003157e+03 3.467535939706e-01 2.826743224128e+00
28 3 2 0.46288471 0.65244787 6.73480053 0.53440257 0.91771535 1.852514104987e-01 7.479358465702e-01 5.370313119811e+03 3.390930480379e-01 2.656489921942e+00
28 4 2 0.46288471 0.65244787 6.73480053 0.53440257 0.91771535 1.748116254998e-01 7.000073547647e-01 5.375842758020e+03 3.271754049793e-01 2.561441848713e+00
28 5 2 0.46288471 0.65244787 6.73480053 0.53440257 0.91771535 1.694995577195e-01 6.596398036439e-01 5.132913888820e+03 3.119462311723e-01 2.433129519071e+00
28 6 2 0.46288471 0.65244787 6.73480053 0.53440257 0.91771535 1.626921330658e-01 6.423810086577e-01 4.873933721922e+03 2.943062745278e-01 2.294798054047e+00
28 7 2 0.46288471 0.65244787 6.73480053 0.53440257 0.91771535 1.651477127217e-01 6.221782772965e-01 4.823856591123e+03 2.726363301388e-01 2.203571704036e+00
28 8 2 0.46288471 0.65244787 6.73480053 0.53440257 0.91771535 1.572594633319e-01 5.932977237842e-01 4.686665944039e+03 2.605360921221e-01 2.094840900751e+00
28 9 2 0.46288471 0.65244787 6.73480053 0.53440257 0.91771535 1.451836087929e-01 5.962889552111e-01 4.455644048246e+03 2.564856382437e-01 1.999417339668e+00
28 10 2 0.46288471 0.65244787 6.73480053 0.53440257 0.91771535 1.366839924264e-01 5.740759634938e-01 4.310739097992e+03 2.488217631013e-01 1.912593477335e+00
28 11 2 0.46288471 0.65244787 6.73480053 0.53440257 0.91771535 1.363207104254e-01 5.251916824565e-01 4.282572778478e+03 2.398642361112e-01 1.866043511418e+00
28 12 2 0.46288471 0.65244787 6.73480053 0.53440257 0.91771535 1.341733737116e-01 5.049392660051e-01 4.066150284661e+03 2.356980848125e-01 1.797080548248e+00
28 13 2 0.46288471 0.65244787 6.73480053 0.53440257 0.91771535 1.318379417985e-01 5.056520886424e-01 3.870065013862e+03 2.284321542576e-01 1.764185530075e+00
28 14 2 0.46288471 0.65244787 6.73480053 0.53440257 0.91771535 1.282127023450e-01 4.902395799387e-01 3.886122954075e+03 2.180701041338e-01 1.736613514311e+00
28 15 2 0.46288471 0.65244787 6.73480053 0.53440257 0.91771535 1.220602899160e-01 4.711486097250e-01 3.749574006501e+03 2.100628618602e-01 1.696173912491e+00
28 16 2 0.46288471 0.65244787 6.73480053 0.53440257 0.91771535 1.178122356554e-01 4.560580307437e-01 3.576555436413e+03 2.067032061945e-01 1.653999818813e+00
28 17 2 0.46288471 0.65244787 6.73480053 0.53440257 0.91771535 1.165306656502e-01 4.456261923561e-01 3.537863082744e+03 2.022389037725e-01 1.653430875290e+00
28 18 2 0.46288471 0.65244787 6.73480053 0.53440257 0.91771535 1.120521501137e-01 4.366534869015e-01 3.501520547476e+03 1.998035817761e-01 1.597295091621e+00
28 19 2 0.46288471 0.65244787 6.73480053 0.53440257 0.91771535 1.101405507660e-01 4.236672752008e-01 3.358848289379e+03 1.949017245639e-01 1.575575633917e+00
28 20 2 0.46288471 0.65244787 6.73480053 0.53440257 0.91771535 1.062735694215e-01 3.953885128553e-01 3.254066199380e+03 1.876278559769e-01 1.540458304288e+00
28 21 2 0.46288471 0.65244787 6.73480053 0.53440257 0.91771535 1.028230952150e-01 3.918796363440e-01 3.274038996255e+03 1.774767210684e-01 1.494475680787e+00
28 22 2 0.46288471 0.65244787 6.73480053 0.53440257 0.91771535 9.839697025832e-02 3.920677165285e-01 3.184996893500e+03 1.703732399888e-01 1.453354710787e+00
28 23 2 0.46288471 0.65244787 6.73480053 0.53440257 0.91771535 9.347280736651e-02 3.785563587534e-01 3.053343910334e+03 1.699746509977e-01 1.411179837657e+00
28 24 2 0.46288471 0.65244787 6.73480053 0.53440257 0.91771535 9.168490009814e-02 3.692221145438e-01 3.099422220612e+03 1.706675816912e-01 1.372921289117e+00
28 25 2 0.46288471 0.65244787 6.73480053 0.53440257 0.91771535 9.056647157900e-02 3.697135206503e-01 3.057428862845e+03 1.700119809813e-01 1.323212955978e+00
28 26 2 0.46288471 0.65244787 6.73480053 0.53440257 0.91771535 9.118383155366e-02 3.720266628987e-01 2.960006757801e+03 1.684357500761e-01 1.296909751837e+00
28 27 2 0.46288471 0.65244787 6.73480053 0.53440257 0.91771535 8.992116602145e-02 3.609202589835e-01 2.938179577919e+03 1.629015698231e-01 1.284043377430e+00
28 28 2 0.46288471 0.65244787 6.73480053 0.53440257 0.91771535 8.962185181953e-02 3.580242055845e-01 2.977146152372e+03 1.632106942435e-01 1.240085638105e+00
28 29 2 0.46288471 0.65244787 6.73480053 0.53440257 0.91771535 8.779920139296e-02 3.628442985698e-01 2.921846921880e+03 1.575956218713e-01 1.247210855344e+00
28 30 2 0.46288471 0.65244787 6.73480053 0.53440257 0.91771535 8.295579319755e-02 3.493822348314e-01 2.856545180228e+03 1.503971185969e-01 1.255395938592e+00
28 31 2 0.46288471 0.65244787 6.73480053 0.53440257 0.91771535 7.698520269644e-02 3.220357708480e-01 2.930066537735e+03 1.403933064488e-01 1.233351620017e+00
28 32 2 0.46288471 0.65244787 6.73480053 0.53440257 0.91771535 8.782862450674e-02 3.554951636745e-01 2.947986315064e+03 1.573784953750e-01 1.307864119150e+00
28 33 2 0.46288471 0.65244787 6.73480053 0.53440257 0.91771535 9.452939198393e-02 3.753864404162e-01 2.885098988575e+03 1.684153299270e-01 1.309330484994e+00
28 34 2 0.46288471 0.65244787 6.73480053 0.53440257 0.91771535 9.560734587838e-02 3.654645843278e-01 2.974242994359e+03 1.719730269698e-01 1.315217800823e+00
28 35 2 0.46288471 0.65244787 6.73480053 0.53440257 0.91771535 9.356040745644e-02 3.609122777387e-01 3.029778277982e+03 1.674868862297e-01 1.381972359731e+00
28 36 2 0.46288471 0.65244787 6.73480053 0.53440257 0.91771535 9.457268008667e-02 3.726954325797e-01 3.004286864901e+03 1.701042932241e-01 1.405930084576e+00
28 37 2 0.46288471 0.65244787 6.73480053 0.53440257 0.91771535 9.525690125460e-02 3.728881571466e-01 3.024849388158e+03 1.716600454576e-01 1.431613452889e+00
28 38 2 0.46288471 0.65244787 6.73480053 0.53440257 0.91771535 9.707412282233e-02 3.716287847179e-01 3.141331911864e+03 1.700588900592e-01 1.485329480258e+00
28 39 2 0.46288471 0.65244787 6.73480053 0.53440257 0.91771535 1.008235675605e-01 3.825747359317e-01 3.186391431219e+03 1.728802360959e-01 1.505508176948e+00
28 40 2 0.46288471 0.65244787 6.73480053 0.53440257 0.91771535 1.063024402860e-01 4.019205287698e-01 3.153068941152e+03 1.742848778857e-01 1.535548912190e+00
28 41 2 0.46288471 0.65244787 6.73480053 0.53440257 0.91771535 1.086153765882e-01 4.032353766095e-01 3.297139110599e+03 1.852701933585e-01 1.556423725200e+00
28 42 2 0.46288471 0.65244787 6.73480053 0.53440257 0.91771535 1.117085298210e-01 4.097790601302e-01 3.401817665403e+03 1.940141721416e-01 1.601435653166e+00
28 43 2 0.46288471 0.65244787 6.73480053 0.53440257 0.91771535 1.130642986877e-01 4.358606139633e-01 3.386826519268e+03 1.998585545227e-01 1.608906417417e+00
28 44 2 0.46288471 0.65244787 6.73480053 0.53440257 0.91771535 1.146846293881e-01 4.529724928601e-01 3.510772401660e+03 2.014688163034e-01 1.635443890806e+00
28 45 2 0.46288471 0.65244787 6.73480053 0.53440257 0.91771535 1.173835309775e-01 4.560236058334e-01 3.662829272395e+03 2.019367285728e-01 1.694317529905e+00
28 46 2 0.46288471 0.65244787 6.73480053 0.53440257 0.91771535 1.203541191938e-01 4.659040961287e-01 3.700108816020e+03 2.083470039559e-01 1.707015695457e+00
28 47 2 0.46288471 0.65244787 6.73480053 0.53440257 0.91771535 1.229033699518e-01 4.823086597339e-01 3.756547609143e+03 2.128432817202e-01 1.770164453941e+00
28 48 2 0.46288471 0.65244787 6.73480053 0.53440257 0.91771535 1.293612565537e-01 5.020394713492e-01 3.960598468724e+03 2.246211426080e-01 1.837268107922e+00
28 49 2 0.46288471 0.65244787 6.73480053 0.53440257 0.91771535 1.321304932236e-01 5.198142069243e-01 4.120690206307e+03 2.336274357464e-01 1.897480918044e+00
28 50 2 0.46288471 0.65244787 6.73480053 0.53440257 0.91771535 1.341267115173e-01 5.261149551585e-01 4.110845106902e+03 2.436488663295e-01 2.004900059482e+00
28 51 2 0.46288471 0.65244787 6.73480053 0.53440257 0.91771535 1.380281168134e-01 5.485265598305e-01 4.333370654994e+03 2.462620703409e-01 2.103266832544e+00
28 52 2 0.46288471 0.65244787 6.73480053 0.53440257 0.91771535 1.419014588174e-01 5.949830370934e-01 4.548224116934e+03 2.578003490853e-01 2.206138028420e+00
28 53 2 0.46288471 0.65244787 6.73480053 0.53440257 0.91771535 1.514567290463e-01 6.204886368638e-01 4.573817073152e+03 2.684848249124e-01 2.331547239493e+00
28 54 2 0.46288471 0.65244787 6.73480053 0.53440257 0.91771535 1.642813517521e-01 6.085243094364e-01 4.722494153081e+03 2.786771119258e-01 2.428088824414e+00
28 55 2 0.46288471 0.65244787 6.73480053 0.53440257 0.91771535 1.697851916945e-01 6.350899329681e-01 4.975924688757e+03 2.920878496589e-01 2.577245183748e+00
28 56 2 0.46288471 0.65244787 6.73480053 0.53440257 0.91771535 1.674609300449e-01 6.679995680000e-01 5.100771159522e+03 3.156955347569e-01 2.679021406543e+00
28 57 2 0.46288471 0.65244787 6.73480053 0.53440257 0.91771535 1.735550639484e-01 6.927489741458e-01 5.162635041808e+03 3.292449047947e-01 2.791332170745e+00
28 58 2 0.46288471 0.65244787 6.73480053 0.53440257 0.91771535 1.829216647535e-01 7.253465266429e-01 5.432439842697e+03 3.370613590201e-01 2.914909927629e+00
28 59 2 0.46288471 0.65244787 6.73480053 0.53440257 0.91771535 1.935844890163e-01 7.686658076975e-01 5.709299522624e+03 3.434438647174e-01 2.983346309774e+00
28 60 2 0.46288471 0.65244787 6.73480053 0.53440257 0.91771535 2.037418907077e-01 7.795611746480e-01 5.696224407108e+03 3.478004314043e-01 3.087341536965e+00
28 61 2 0.46288471 0.65244787 6.73480053 0.53440257 0.91771535 2.095794509455e-01 7.743871229821e-01 5.960680118569e+03 3.540551213794e-01 3.199265181629e+00
28 62 2 0.46288471 0.65244787 6.73480053 0.53440257 0.91771535 2.096403095013e-01 8.129024869283e-01 6.310613293849e+03 3.642193548088e-01 3.253893508687e+00
28 63 2 0.46288471 0.65244787 6.73480053 0.53440257 0.91771535 2.200318270879e-01 8.904340314206e-01 6.390239952898e+03 3.960135120912e-01 3.379414076099e+00
