# environment=00001 local_bs=4 gain_scale=3.293390696599e-13
# ue subcarrier serving_bs phi0 phi1 phi2 phi3 phi4 gain0 gain1 gain2 gain3 gain4
1 0 4 2.29023431 2.62412446 2.18257349 1.49249369 6.25354207 1.992279929256e-02 4.168324357117e+01 4.758507579326e-04 1.585041576164e-04 1.190591765971e+03
1 1 4 2.29023431 2.62412446 2.18257349 1.49249369 6.25354207 1.761437781168e-02 4.150689903004e+01 4.654391901781e-04 1.526927781013e-04 1.175890315723e+03
1 2 4 2.29023431 2.62412446 2.18257349 1.49249369 6.25354207 1.576861615408e-02 4.117860405480e+01 4.705195149575e-04 1.470744938917e-04 1.149853338820e+03
1 3 4 2.29023431 2.62412446 2.18257349 1.49249369 6.25354207 1.275126458872e-02 4.058179609085e+01 4.874741938024e-04 1.416493370812e-04 1.114860940642e+03
1 4 4 2.29023431 2.62412446 2.18257349 1.49249369 6.25354207 1.032309034896e-02 3.959483113499e+01 5.119713254321e-04 1.364173386601e-04 1.072266000996e+03
1 5 4 2.29023431 2.62412446 2.18257349 1.49249369 6.25354207 9.907525370357e-03 3.804919695263e+01 5.394057980863e-04 1.313785285155e-04 1.022279430418e+03
1 6 4 2.29023431 2.62412446 2.18257349 1.49249369 6.25354207 1.038609735509e-02 3.608893568740e+01 5.653301859921e-04 1.265329354308e-04 9.665054466533e+02
1 7 4 2.29023431 2.62412446 2.18257349 1.49249369 6.25354207 1.148719712346e-02 3.387007795293e+01 5.858370392167e-04 1.218805870858e-04 9.060845320166e+02
1 8 4 2.29023431 2.62412446 2.18257349 1.49249369 6.25354207 1.305097528905e-02 3.147468512508e+01 5.978619620211e-04 1.174215100562e-04 8.418026220231e+02
1 9 4 2.29023431 2.62412446 2.18257349 1.49249369 6.25354207 1.313500694746e-02 2.916822992980e+01 5.993868354987e-04 1.131557298138e-04 7.761682704409e+02
1 10 4 2.29023431 2.62412446 2.18257349 1.49249369 6.25354207 1.135346449381e-02 2.718766885202e+01 5.895335574221e-04 1.090832707263e-04 7.120967240731e+02
1 11 4 2.29023431 2.62412446 2.18257349 1.49249369 6.25354207 9.563206487966e-03 2.556893908192e+01 5.685495830956e-04 1.052041560570e-04 6.517770766321e+02
1 12 4 2.29023431 2.62412446 2.18257349 1.49249369 6.25354207 8.110364294502e-03 2.429887238749e+01 5.376963074890e-04 1.015184079647e-04 5.973704178154e+02
1 13 4 2.29023431 2.62412446 2.18257349 1.49249369 6.25354207 6.566041826897e-03 2.339641352583e+01 4.990590951715e-04 9.802604750375e-05 5.511044957687e+02
1 14 4 2.29023431 2.62412446 2.18257349 1.49249369 6.25354207 6.202558663334e-03 2.286032204104e+01 4.553029844224e-04 9.472709462367e-05 5.144433653507e+02
1 15 4 2.29023431 2.62412446 2.18257349 1.49249369 6.25354207 7.450740689441e-03 2.255389763290e+01 4.094005212240e-04 9.162156816925e-05 4.870785576229e+02
1 16 4 2.29023431 2.62412446 2.18257349 1.49249369 6.25354207 8.414541824364e-03 2.226975172088e+01 3.643578815569e-04 8.870948588033e-05 4.676499290204e+02
1 17 4 2.29023431 2.62412446 2.18257349 1.49249369 6.25354207 8.142554429858e-03 2.188719078905e+01 3.229627518760e-04 8.599086439173e-05 4.551466336534e+02
1 18 4 2.29023431 2.62412446 2.18257349 1.49249369 6.25354207 7.691419896700e-03 2.130155239873e+01 2.875729015085e-04 8.346571923319e-05 4.485776845640e+02
1 19 4 2.29023431 2.62412446 2.18257349 1.49249369 6.25354207 7.625023431972e-03 2.045460176201e+01 2.599586687641e-04 8.113406482919e-05 4.471514422947e+02
1 20 4 2.29023431 2.62412446 2.18257349 1.49249369 6.25354207 7.385519204531e-03 1.946203560085e+01 2.412064076238e-04 7.899591449898e-05 4.508745794603e+02
1 21 4 2.29023431 2.62412446 2.18257349 1.49249369 6.25354207 6.733560294590e-03 1.844999833345e+01 2.316839745277e-04 7.705128045639e-05 4.593584325048e+02
1 22 4 2.29023431 2.62412446 2.18257349 1.49249369 6.25354207 6.150429343693e-03 1.745814236832e+01 2.310641329776e-04 7.530017380987e-05 4.713872616724e+02
1 23 4 2.29023431 2.62412446 2.18257349 1.49249369 6.25354207 5.814364524613e-03 1.655297502333e+01 2.383977127177e-04 7.374260456233e-05 4.858188708632e+02
1 24 4 2.29023431 2.62412446 2.18257349 1.49249369 6.25354207 4.882385841166e-03 1.584028398385e+01 2.522256872621e-04 7.237858161117e-05 5.016871512040e+02
1 25 4 2.29023431 2.62412446 2.18257349 1.49249369 6.25354207 2.915645261708e-03 1.542546734536e+01 2.707180474919e-04 7.120811274814e-05 5.178901306868e+02
1 26 4 2.29023431 2.62412446 2.18257349 1.49249369 6.25354207 1.469483660655e-03 1.530472787722e+01 2.918273044360e-04 7.023120465939e-05 5.325220093163e+02
1 27 4 2.29023431 2.62412446 2.18257349 1.49249369 6.25354207 2.040295028509e-03 1.533984816734e+01 3.134453833423e-04 6.944786292534e-05 5.433803248484e+02
1 28 4 2.29023431 2.62412446 2.18257349 1.49249369 6.25354207 3.790313245951e-03 1.548176535644e+01 3.335542374987e-04 6.885809202072e-05 5.503169734185e+02
1 29 4 2.29023431 2.62412446 2.18257349 1.49249369 6.25354207 5.916758787852e-03 1.574397907723e+01 3.503623669177e-04 6.846189531451e-05 5.550266983775e+02
1 30 4 2.29023431 2.62412446 2.18257349 1.49249369 6.25354207 9.128102997407e-03 1.607004368296e+01 3.624212692672e-04 6.825927506992e-05 5.593542841310e+02
1 31 4 2.29023431 2.62412446 2.18257349 1.49249369 6.25354207 1.225966324544e-02 1.653069694238e+01 3.687174577231e-04 6.825023244438e-05 5.655824787525e+02
1 32 4 2.29023431 2.62412446 2.18257349 1.49249369 6.25354207 1.222044417428e-02 1.718712468600e+01 3.687369413633e-04 6.843476748955e-05 5.743071974218e+02
1 33 4 2.29023431 2.62412446 2.18257349 1.49249369 6.25354207 9.084695960325e-03 1.778430625974e+01 3.624999817367e-04 6.881287915131e-05 5.818635895171e+02
1 34 4 2.29023431 2.62412446 2.18257349 1.49249369 6.25354207 5.944242382049e-03 1.811454574854e+01 3.505646188007e-04 6.938456526974e-05 5.839541042750e+02
1 35 4 2.29023431 2.62412446 2.18257349 1.49249369 6.25354207 3.829087823679e-03 1.826053364603e+01 3.339980755884e-04 7.014982257918e-05 5.790826321888e+02
1 36 4 2.29023431 2.62412446 2.18257349 1.49249369 6.25354207 2.051479246896e-03 1.830591879807e+01 3.143159072102e-04 7.110864670821e-05 5.673215677935e+02
1 37 4 2.29023431 2.62412446 2.18257349 1.49249369 6.25354207 1.554346316993e-03 1.836940463781e+01 2.933898408497e-04 7.226103217969e-05 5.503462845180e+02
1 38 4 2.29023431 2.62412446 2.18257349 1.49249369 6.25354207 3.157386512693e-03 1.867785319453e+01 2.733267803631e-04 7.360697241080e-05 5.314206957597e+02
1 39 4 2.29023431 2.62412446 2.18257349 1.49249369 6.25354207 5.233249324823e-03 1.930452484583e+01 2.563234439192e-04 7.514645971306e-05 5.127479158076e+02
1 40 4 2.29023431 2.62412446 2.18257349 1.49249369 6.25354207 6.220110687724e-03 2.018163929763e+01 2.445034684364e-04 7.687948529237e-05 4.950258536931e+02
1 41 4 2.29023431 2.62412446 2.18257349 1.49249369 6.25354207 6.635253640524e-03 2.127127431572e+01 2.397463324628e-04 7.880603924910e-05 4.790119943638e+02
1 42 4 2.29023431 2.62412446 2.18257349 1.49249369 6.25354207 7.315499185349e-03 2.254588336878e+01 2.435198002799e-04 8.092611057810e-05 4.658719295837e+02
1 43 4 2.29023431 2.62412446 2.18257349 1.49249369 6.25354207 8.020569816079e-03 2.394588065216e+01 2.567293914512e-04 8.323968716877e-05 4.569415979500e+02
1 44 4 2.29023431 2.62412446 2.18257349 1.49249369 6.25354207 8.272482871685e-03 2.530815768535e+01 2.795992375216e-04 8.574675580518e-05 4.531095201031e+02
1 45 4 2.29023431 2.62412446 2.18257349 1.49249369 6.25354207 8.384928941776e-03 2.644582659015e+01 3.115982556020e-04 8.844730216606e-05 4.550226949557e+02
1 46 4 2.29023431 2.62412446 2.18257349 1.49249369 6.25354207 8.931444743314e-03 2.734662939787e+01 3.514236105336e-04 9.134131082495e-05 4.642421190259e+02
1 47 4 2.29023431 2.62412446 2.18257349 1.49249369 6.25354207 9.230217817523e-03 2.805645329166e+01 3.970498769900e-04 9.442876525029e-05 4.825214074462e+02
1 48 4 2.29023431 2.62412446 2.18257349 1.49249369 6.25354207 8.169564162524e-03 2.858813920022e+01 4.458472695942e-04 9.770964780543e-05 5.108723946310e+02
1 49 4 2.29023431 2.62412446 2.18257349 1.49249369 6.25354207 6.866589796614e-03 2.905704266213e+01 4.947661103802e-04 1.011839397488e-04 5.499322702892e+02
1 50 4 2.29023431 2.62412446 2.18257349 1.49249369 6.25354207 7.329683683082e-03 2.958057474435e+01 5.405778705990e-04 1.048516212342e-04 5.990538146142e+02
1 51 4 2.29023431 2.62412446 2.18257349 1.49249369 6.25354207 9.008988541444e-03 3.018676704152e+01 5.801563336206e-04 1.087126713103e-04 6.558202009587e+02
1 52 4 2.29023431 2.62412446 2.18257349 1.49249369 6.25354207 1.059649641134e-02 3.096032733128e+01 6.107764422910e-04 1.127670679217e-04 7.176450297845e+02
1 53 4 2.29023431 2.62412446 2.18257349 1.49249369 6.25354207 1.261508357592e-02 3.205658715420e+01 6.304039887029e-04 1.170147879080e-04 7.826699216227e+02
1 54 4 2.29023431 2.62412446 2.18257349 1.49249369 6.25354207 1.459166765307e-02 3.356300722539e+01 6.379471623686e-04 1.214558070050e-04 8.493316516419e+02
1 55 4 2.29023431 2.62412446 2.18257349 1.49249369 6.25354207 1.448727658008e-02 3.535896870076e+01 6.334416030225e-04 1.260900998439e-04 9.156440390169e+02
1 56 4 2.29023431 2.62412446 2.18257349 1.49249369 6.25354207 1.280944901520e-02 3.722111466609e+01 6.181442602010e-04 1.309176399521e-04 9.797253324991e+02
1 57 4 2.29023431 2.62412446 2.18257349 1.49249369 6.25354207 1.163849344545e-02 3.906301206457e+01 5.945179854828e-04 1.359383997529e-04 1.040933731260e+03
1 58 4 2.29023431 2.62412446 2.18257349 1.49249369 6.25354207 1.109646736556e-02 4.073325562845e+01 5.660979808959e-04 1.411523505660e-04 1.098055810526e+03
1 59 4 2.29023431 2.62412446 2.18257349 1.49249369 6.25354207 1.155265823838e-02 4.196719765750e+01 5.372422802978e-04 1.465594626076e-04 1.148446088412e+03
1 60 4 2.29023431 2.62412446 2.18257349 1.49249369 6.25354207 1.421502325792e-02 4.277670880183e+01 5.127803571289e-04 1.521597049903e-04 1.190493737096e+03
1 61 4 2.29023431 2.62412446 2.18257349 1.49249369 6.25354207 1.745419692992e-02 4.323210163667e+01 4.975855506643e-04 1.579530457236e-04 1.222403811712e+03
1 62 4 2.29023431 2.62412446 2.18257349 1.49249369 6.25354207 1.943952261518e-02 4.331565147300e+01 4.961070277248e-04 1.639394517139e-04 1.241398060715e+03
1 63 4 2.29023431 2.62412446 2.18257349 1.49249369 6.25354207 2.200035844602e-02 4.336556212663e+01 5.119042483822e-04 1.701188887648e-04 1.247718988135e+03
3 0 4 1.99263711 5.97988719 3.42275801 1.75841678 10.23146179 1.004326403566e-04 7.657636723947e+02 2.373757224489e+00 1.094539024605e-02 5.960464310626e+03
3 1 4 1.99263711 5.97988719 3.42275801 1.75841678 10.23146179 8.777905866836e-05 7.870469787813e+02 2.289822175780e+00 8.730704371239e-03 5.748250844013e+03
3 2 4 1.99263711 5.97988719 3.42275801 1.75841678 10.23146179 8.752858721772e-05 8.077214623024e+02 2.219062119226e+00 7.139074482006e-03 5.493458595760e+03
3 3 4 1.99263711 5.97988719 3.42275801 1.75841678 10.23146179 1.047603941579e-04 8.256386512867e+02 2.149212533946e+00 6.049181294591e-03 5.196862097573e+03
3 4 4 1.99263711 5.97988719 3.42275801 1.75841678 10.23146179 1.385060113297e-04 8.389499712902e+02 2.074090797005e+00 5.325087729271e-03 4.858128802447e+03
3 5 4 1.99263711 5.97988719 3.42275801 1.75841678 10.23146179 1.817845416490e-04 8.456192115562e+02 1.996507186106e+00 4.914052999719e-03 4.488297920252e+03
3 6 4 1.99263711 5.97988719 3.42275801 1.75841678 10.23146179 2.236515764212e-04 8.435463769045e+02 1.925675175181e+00 4.859548833875e-03 4.108188360412e+03
3 7 4 1.99263711 5.97988719 3.42275801 1.75841678 10.23146179 2.525314735270e-04 8.310781237792e+02 1.871011099551e+00 5.232608666145e-03 3.735670287836e+03
3 8 4 1.99263711 5.97988719 3.42275801 1.75841678 10.23146179 2.597299217408e-04 8.076049612422e+02 1.836115026048e+00 6.034053953320e-03 3.387117451620e+03
3 9 4 1.99263711 5.97988719 3.42275801 1.75841678 10.23146179 2.420141486382e-04 7.739320199886e+02 1.816347877979e+00 7.134256058277e-03 3.081706360903e+03
3 10 4 1.99263711 5.97988719 3.42275801 1.75841678 10.23146179 2.024862637126e-04 7.320705290310e+02 1.801151506777e+00 8.290453553341e-03 2.830904157702e+03
3 11 4 1.99263711 5.97988719 3.42275801 1.75841678 10.23146179 1.495384556403e-04 6.846580805830e+02 1.779516712679e+00 9.232976863903e-03 2.633440665772e+03
3 12 4 1.99263711 5.97988719 3.42275801 1.75841678 10.23146179 9.428138317272e-05 6.344394543228e+02 1.745360248514e+00 9.771107921236e-03 2.487975349088e+03
3 13 4 1.99263711 5.97988719 3.42275801 1.75841678 10.23146179 4.729139122700e-05 5.839121995107e+02 1.699857943823e+00 9.859801274409e-03 2.398294200420e+03
3 14 4 1.99263711 5.97988719 3.42275801 1.75841678 10.23146179 1.569633544946e-05 5.352152981510e+02 1.649687013340e+00 9.593424323904e-03 2.362947805364e+03
3 15 4 1.99263711 5.97988719 3.42275801 1.75841678 10.23146179 1.474894795076e-06 4.902124555956e+02 1.602470911239e+00 9.135266684508e-03 2.373322726822e+03
3 16 4 1.99263711 5.97988719 3.42275801 1.75841678 10.23146179 1.440321981153e-06 4.504810709511e+02 1.562165064325e+00 8.626225753857e-03 2.421794051322e+03
3 17 4 1.99263711 5.97988719 3.42275801 1.75841678 10.23146179 8.851092020457e-06 4.172035074901e+02 1.526944996564e+00 8.123729754741e-03 2.499489101080e+03
3 18 4 1.99263711 5.97988719 3.42275801 1.75841678 10.23146179 1.610151914650e-05 3.911344412060e+02 1.490585520811e+00 7.600387806412e-03 2.590033581639e+03
3 19 4 1.99263711 5.97988719 3.42275801 1.75841678 10.23146179 1.763739209330e-05 3.726274607887e+02 1.446323570978e+00 6.995539518751e-03 2.676861259098e+03
3 20 4 1.99263711 5.97988719 3.42275801 1.75841678 10.23146179 1.219565966449e-05 3.617325406163e+02 1.390901981554e+00 6.283428219777e-03 2.751551678382e+03
3 21 4 1.99263711 5.97988719 3.42275801 1.75841678 10.23146179 3.683346665874e-06 3.583146935597e+02 1.326548125265e+00 5.515147345531e-03 2.808733008510e+03
3 22 4 1.99263711 5.97988719 3.42275801 1.75841678 10.23146179 4.150050726477e-07 3.619767759569e+02 1.259915961461e+00 4.809724542564e-03 2.842885431932e+03
3 23 4 1.99263711 5.97988719 3.42275801 1.75841678 10.23146179 1.289834721758e-05 3.718268641650e+02 1.198732984593e+00 4.300647550017e-03 2.855407168882e+03
3 24 4 1.99263711 5.97988719 3.42275801 1.75841678 10.23146179 5.076249945600e-05 3.863351081802e+02 1.148091051336e+00 4.069588051980e-03 2.853808510714e+03
3 25 4 1.99263711 5.97988719 3.42275801 1.75841678 10.23146179 1.196572982058e-04 4.034090628225e+02 1.108396381705e+00 4.105218520065e-03 2.841251959449e+03
3 26 4 1.99263711 5.97988719 3.42275801 1.75841678 10.23146179 2.189619714842e-04 4.207913584356e+02 1.075983720343e+00 4.309639322950e-03 2.817392884107e+03
3 27 4 1.99263711 5.97988719 3.42275801 1.75841678 10.23146179 3.409351629383e-04 4.366863611027e+02 1.045909306625e+00 4.547786667744e-03 2.787604056014e+03
3 28 4 1.99263711 5.97988719 3.42275801 1.75841678 10.23146179 4.715767462395e-04 4.501999829455e+02 1.015285954081e+00 4.711838304806e-03 2.760056970699e+03
3 29 4 1.99263711 5.97988719 3.42275801 1.75841678 10.23146179 5.930500531456e-04 4.613250329634e+02 9.853022944880e-01 4.765671337183e-03 2.739294364496e+03
3 30 4 1.99263711 5.97988719 3.42275801 1.75841678 10.23146179 6.871341207140e-04 4.704991750706e+02 9.608495896715e-01 4.746911240710e-03 2.733970893985e+03
3 31 4 1.99263711 5.97988719 3.42275801 1.75841678 10.23146179 7.389267292541e-04 4.779108711106e+02 9.480099674351e-01 4.728447418801e-03 2.760327979970e+03
3 32 4 1.99263711 5.97988719 3.42275801 1.75841678 10.23146179 7.399541814698e-04 4.829907643553e+02 9.508186420878e-01 4.763780296454e-03 2.823125348999e+03
3 33 4 1.99263711 5.97988719 3.42275801 1.75841678 10.23146179 6.899742078015e-04 4.844822494735e+02 9.690910310498e-01 4.848931748524e-03 2.902690145561e+03
3 34 4 1.99263711 5.97988719 3.42275801 1.75841678 10.23146179 5.970526994868e-04 4.810131264481e+02 9.985152064010e-01 4.923533387113e-03 2.973883511166e+03
3 35 4 1.99263711 5.97988719 3.42275801 1.75841678 10.23146179 4.758869244730e-04 4.718604002404e+02 1.032971015185e+00 4.910843006343e-03 3.027616348320e+03
3 36 4 1.99263711 5.97988719 3.42275801 1.75841678 10.23146179 3.447499946034e-04 4.575390546153e+02 1.067809888834e+00 4.773522328410e-03 3.064099722799e+03
3 37 4 1.99263711 5.97988719 3.42275801 1.75841678 10.23146179 2.217523418628e-04 4.398202134313e+02 1.102274351569e+00 4.551884960539e-03 3.079474906528e+03
3 38 4 1.99263711 5.97988719 3.42275801 1.75841678 10.23146179 1.212795854929e-04 4.211953842884e+02 1.139669514667e+00 4.360018924750e-03 3.070409756811e+03
3 39 4 1.99263711 5.97988719 3.42275801 1.75841678 10.23146179 5.142860717593e-05 4.041855473935e+02 1.185115415057e+00 4.338418766077e-03 3.039175455151e+03
3 40 4 1.99263711 5.97988719 3.42275801 1.75841678 10.23146179 1.302590301515e-05 3.908050215567e+02 1.242071182103e+00 4.586901560187e-03 2.985664369743e+03
3 41 4 1.99263711 5.97988719 3.42275801 1.75841678 10.23146179 4.240043811418e-07 3.824052872224e+02 1.309580974363e+00 5.114311074685e-03 2.906006335871e+03
3 42 4 1.99263711 5.97988719 3.42275801 1.75841678 10.23146179 3.823823788615e-06 3.799316312396e+02 1.381889336778e+00 5.833815439009e-03 2.803527179740e+03
3 43 4 1.99263711 5.97988719 3.42275801 1.75841678 10.23146179 1.247619961980e-05 3.842373879150e+02 1.450815002285e+00 6.607740590297e-03 2.690084863885e+03
3 44 4 1.99263711 5.97988719 3.42275801 1.75841678 10.23146179 1.788210091166e-05 3.961820077037e+02 1.509708306232e+00 7.317319930302e-03 2.576828618331e+03
3 45 4 1.99263711 5.97988719 3.42275801 1.75841678 10.23146179 1.610968112199e-05 4.165205006281e+02 1.556821735650e+00 7.917073928863e-03 2.474742210407e+03
3 46 4 1.99263711 5.97988719 3.42275801 1.75841678 10.23146179 8.589920869384e-06 4.456105232323e+02 1.596112352530e+00 8.440968405604e-03 2.399877321808e+03
3 47 4 1.99263711 5.97988719 3.42275801 1.75841678 10.23146179 1.184381835861e-06 4.831393188232e+02 1.634851622598e+00 8.955257011197e-03 2.366148889995e+03
3 48 4 1.99263711 5.97988719 3.42275801 1.75841678 10.23146179 1.823274510539e-06 5.280948284894e+02 1.679244332252e+00 9.485762995603e-03 2.378096483051e+03
3 49 4 1.99263711 5.97988719 3.42275801 1.75841678 10.23146179 1.744473558034e-05 5.788370896055e+02 1.730520235984e+00 9.965700576158e-03 2.438236364359e+03
3 50 4 1.99263711 5.97988719 3.42275801 1.75841678 10.23146179 5.119391260954e-05 6.331549986758e+02 1.783867884302e+00 1.024151890847e-02 2.551828114394e+03
3 51 4 1.99263711 5.97988719 3.42275801 1.75841678 10.23146179 1.007839249290e-04 6.883688193559e+02 1.831070670541e+00 1.014161785269e-02 2.719090667985e+03
3 52 4 1.99263711 5.97988719 3.42275801 1.75841678 10.23146179 1.585834084366e-04 7.414223448663e+02 1.865558227877e+00 9.574099482159e-03 2.934858528257e+03
3 53 4 1.99263711 5.97988719 3.42275801 1.75841678 10.23146179 2.134683299892e-04 7.890989767891e+02 1.887030088095e+00 8.598284044750e-03 3.197623601667e+03
3 54 4 1.99263711 5.97988719 3.42275801 1.75841678 10.23146179 2.539154279858e-04 8.285370602090e+02 1.902826815780e+00 7.425254200280e-03 3.504662142769e+03
3 55 4 1.99263711 5.97988719 3.42275801 1.75841678 10.23146179 2.713970803541e-04 8.577420422753e+02 1.924941158466e+00 6.341424030357e-03 3.839820384831e+03
3 56 4 1.99263711 5.97988719 3.42275801 1.75841678 10.23146179 2.630030937839e-04 8.758240920721e+02 1.964088955225e+00 5.594473884258e-03 4.180546232298e+03
3 57 4 1.99263711 5.97988719 3.42275801 1.75841678 10.23146179 2.324209707460e-04 8.829464877301e+02 2.024139607277e+00 5.305427297775e-03 4.512147127195e+03
3 58 4 1.99263711 5.97988719 3.42275801 1.75841678 10.23146179 1.889026536065e-04 8.799077333506e+02 2.100246707386e+00 5.457403503132e-03 4.824234800797e+03
3 59 4 1.99263711 5.97988719 3.42275801 1.75841678 10.23146179 1.444853410843e-04 8.676855479122e+02 2.182042117831e+00 5.966092220891e-03 5.105592362803e+03
3 60 4 1.99263711 5.97988719 3.42275801 1.75841678 10.23146179 1.103148322599e-04 8.474842544841e+02 2.260294284827e+00 6.785403498291e-03 5.354243419015e+03
3 61 4 1.99263711 5.97988719 3.42275801 1.75841678 10.23146179 9.324869285164e-05 8.211904007796e+02 2.333204493530e+00 7.976192420877e-03 5.579232633431e+03
3 62 4 1.99263711 5.97988719 3.42275801 1.75841678 10.23146179 9.387284600080e-05 7.919174759069e+02 2.408440255053e+00 9.684815782653e-03 5.786755255395e+03
3 63 4 1.99263711 5.97988719 3.42275801 1.75841678 10.23146179 1.066449258417e-04 7.643338564031e+02 2.499304657952e+00 1.203332293223e-02 5.980203594820e+03
4 0 4 2.47495769 1.36823486 1.35614229 1.23707174 1.87284110 2.969753104945e-01 2.132674633272e-02 6.843478147379e-05 1.466056947815e-02 9.630059203585e+00
4 1 4 2.47495769 1.36823486 1.35614229 1.23707174 1.87284110 3.415195047631e-01 1.813344245710e-02 6.592558994315e-05 1.346481605052e-02 9.374883666383e+00
4 2 4 2.47495769 1.36823486 1.35614229 1.23707174 1.87284110 2.800375389631e-01 1.556809842369e-02 6.349982824874e-05 1.345985128050e-02 9.108675306268e+00
4 3 4 2.47495769 1.36823486 1.35614229 1.23707174 1.87284110 1.700702606225e-01 1.350793785609e-02 6.115750683559e-05 1.388179819604e-02 8.817422971447e+00
4 4 4 2.47495769 1.36823486 1.35614229 1.23707174 1.87284110 1.071677511308e-01 1.181849088424e-02 5.889863578947e-05 1.375767440842e-02 8.489046533133e+00
4 5 4 2.47495769 1.36823486 1.35614229 1.23707174 1.87284110 1.371987314632e-01 1.042198416187e-02 5.672322483682e-05 1.261739875430e-02 8.120557753385e+00
4 6 4 2.47495769 1.36823486 1.35614229 1.23707174 1.87284110 2.192074158591e-01 9.331032179832e-03 5.463128334473e-05 1.077746073047e-02 7.722322460761e+00
4 7 4 2.47495769 1.36823486 1.35614229 1.23707174 1.87284110 2.685211554152e-01 8.638563439544e-03 5.262282032084e-05 9.037249965845e-03 7.317548376267e+00
4 8 4 2.47495769 1.36823486 1.35614229 1.23707174 1.87284110 2.358080963662e-01 8.470900863095e-03 5.069784441337e-05 8.064119392691e-03 6.936687237082e+00
4 9 4 2.47495769 1.36823486 1.35614229 1.23707174 1.87284110 1.491446271658e-01 8.923435445587e-03 4.885636391104e-05 7.936593100886e-03 6.608145006193e+00
4 10 4 2.47495769 1.36823486 1.35614229 1.23707174 1.87284110 8.432947132132e-02 1.000335473930e-02 4.709838674308e-05 8.153063206397e-03 6.348579485137e+00
4 11 4 2.47495769 1.36823486 1.35614229 1.23707174 1.87284110 9.443389459596e-02 1.160022473510e-02 4.542392047911e-05 8.049185049361e-03 6.157124974731e+00
4 12 4 2.47495769 1.36823486 1.35614229 1.23707174 1.87284110 1.633475746744e-01 1.349471911681e-02 4.383297232921e-05 7.283008419464e-03 6.016729165384e+00
4 13 4 2.47495769 1.36823486 1.35614229 1.23707174 1.87284110 2.230222701223e-01 1.540245670477e-02 4.232554914381e-05 6.036947999326e-03 5.902289292993e+00
4 14 4 2.47495769 1.36823486 1.35614229 1.23707174 1.87284110 2.159639272176e-01 1.703839798516e-02 4.090165741371e-05 4.826589029569e-03 5.791363809017e+00
4 15 4 2.47495769 1.36823486 1.35614229 1.23707174 1.87284110 1.457057474030e-01 1.818124218153e-02 3.956130327003e-05 4.097859248023e-03 5.671726492778e+00
4 16 4 2.47495769 1.36823486 1.35614229 1.23707174 1.87284110 7.130527854326e-02 1.871831989806e-02 3.830449248416e-05 3.922659295531e-03 5.542282406972e+00
4 17 4 2.47495769 1.36823486 1.35614229 1.23707174 1.87284110 5.327529945843e-02 1.865871311757e-02 3.713123046780e-05 3.996041984002e-03 5.408387401415e+00
4 18 4 2.47495769 1.36823486 1.35614229 1.23707174 1.87284110 1.008705562381e-01 1.811294465807e-02 3.604152227289e-05 3.899496774948e-03 5.276029129391e+00
4 19 4 2.47495769 1.36823486 1.35614229 1.23707174 1.87284110 1.669843068837e-01 1.724791779846e-02 3.503537259158e-05 3.410437719339e-03 5.149070051153e+00
4 20 4 2.47495769 1.36823486 1.35614229 1.23707174 1.87284110 1.923777483355e-01 1.623262443614e-02 3.411278575623e-05 2.632553954327e-03 5.030230293980e+00
4 21 4 2.47495769 1.36823486 1.35614229 1.23707174 1.87284110 1.573612312923e-01 1.519164700550e-02 3.327376573940e-05 1.877502527667e-03 4.922819381351e+00
4 22 4 2.47495769 1.36823486 1.35614229 1.23707174 1.87284110 9.529893684533e-02 1.417965493993e-02 3.251831615382e-05 1.414704316422e-03 4.829661667359e+00
4 23 4 2.47495769 1.36823486 1.35614229 1.23707174 1.87284110 5.921727203296e-02 1.318257708474e-02 3.184644025236e-05 1.285768485137e-03 4.748803277312e+00
4 24 4 2.47495769 1.36823486 1.35614229 1.23707174 1.87284110 7.455497943144e-02 1.214251541199e-02 3.125814092804e-05 1.308818150217e-03 4.669754250405e+00
4 25 4 2.47495769 1.36823486 1.35614229 1.23707174 1.87284110 1.202846112625e-01 1.099642701152e-02 3.075342071402e-05 1.244801790169e-03 4.575354704008e+00
4 26 4 2.47495769 1.36823486 1.35614229 1.23707174 1.87284110 1.520109889246e-01 9.715091699001e-03 3.033228178356e-05 9.829780374430e-04 4.451054107684e+00
4 27 4 2.47495769 1.36823486 1.35614229 1.23707174 1.87284110 1.428415335312e-01 8.329641296503e-03 2.999472595005e-05 6.054947015346e-04 4.297425988505e+00
4 28 4 2.47495769 1.36823486 1.35614229 1.23707174 1.87284110 1.046887198910e-01 6.937401361359e-03 2.974075466694e-05 2.969212203656e-04 4.137608203326e+00
4 29 4 2.47495769 1.36823486 1.35614229 1.23707174 1.87284110 7.324126285936e-02 5.685432435243e-03 2.957036902783e-05 1.853240597549e-04 4.012741025022e+00
4 30 4 2.47495769 1.36823486 1.35614229 1.23707174 1.87284110 7.321218629911e-02 4.736925435415e-03 2.948356976636e-05 2.457061274598e-04 3.965271830568e+00
4 31 4 2.47495769 1.36823486 1.35614229 1.23707174 1.87284110 9.667725270129e-02 4.230587663587e-03 2.948035725629e-05 3.371948071272e-04 4.018046005755e+00
4 32 4 2.47495769 1.36823486 1.35614229 1.23707174 1.87284110 1.134940220623e-01 4.245043154547e-03 2.956073151145e-05 3.345375364036e-04 4.160912358198e+00
4 33 4 2.47495769 1.36823486 1.35614229 1.23707174 1.87284110 1.026567311833e-01 4.778656724896e-03 2.972469218576e-05 2.403652332722e-04 4.353153545134e+00
4 34 4 2.47495769 1.36823486 1.35614229 1.23707174 1.87284110 7.422973485552e-02 5.750620443846e-03 2.997223857321e-05 1.836703803297e-04 4.541172035737e+00
4 35 4 2.47495769 1.36823486 1.35614229 1.23707174 1.87284110 6.037069944618e-02 7.022933279212e-03 3.030336960791e-05 3.051248329941e-04 4.682021281080e+00
4 36 4 2.47495769 1.36823486 1.35614229 1.23707174 1.87284110 8.313424237397e-02 8.436799737492e-03 3.071808386404e-05 6.251675336374e-04 4.760182264709e+00
4 37 4 2.47495769 1.36823486 1.35614229 1.23707174 1.87284110 1.297550501687e-01 9.852688716041e-03 3.121637955589e-05 1.009465552018e-03 4.789405772076e+00
4 38 4 2.47495769 1.36823486 1.35614229 1.23707174 1.87284110 1.608413315884e-01 1.118208122093e-02 3.179825453786e-05 1.270498933301e-03 4.800474358577e+00
4 39 4 2.47495769 1.36823486 1.35614229 1.23707174 1.87284110 1.465012259177e-01 1.240123719291e-02 3.246370630445e-05 1.330619399151e-03 4.823507454833e+00
4 40 4 2.47495769 1.36823486 1.35614229 1.23707174 1.87284110 9.737589194947e-02 1.354260033753e-02 3.321273199031e-05 1.311604525634e-03 4.875185142914e+00
4 41 4 2.47495769 1.36823486 1.35614229 1.23707174 1.87284110 5.940096462946e-02 1.466632117142e-02 3.404532837022e-05 1.462840545652e-03 4.956509388771e+00
4 42 4 2.47495769 1.36823486 1.35614229 1.23707174 1.87284110 7.362048075904e-02 1.582084211459e-02 3.496149185911e-05 1.966504041218e-03 5.059310699459e+00
4 43 4 2.47495769 1.36823486 1.35614229 1.23707174 1.87284110 1.364243406789e-01 1.700555203436e-02 3.596121851209e-05 2.767660158747e-03 5.174886541385e+00
4 44 4 2.47495769 1.36823486 1.35614229 1.23707174 1.87284110 1.982744432276e-01 1.814874095181e-02 3.704450402445e-05 3.577306427175e-03 5.298769989923e+00
4 45 4 2.47495769 1.36823486 1.35614229 1.23707174 1.87284110 2.054396504173e-01 1.911008776763e-02 3.821134373169e-05 4.073057294433e-03 5.430293068441e+00
4 46 4 2.47495769 1.36823486 1.35614229 1.23707174 1.87284110 1.490646436372e-01 1.970960545783e-02 3.946173260952e-05 4.160958756551e-03 5.570136935495e+00
4 47 4 2.47495769 1.36823486 1.35614229 1.23707174 1.87284110 7.659317236983e-02 1.977640467491e-02 4.079566527391e-05 4.090702253757e-03 5.719890042856e+00
4 48 4 2.47495769 1.36823486 1.35614229 1.23707174 1.87284110 5.252705173864e-02 1.920348374645e-02 4.221313598111e-05 4.306459248929e-03 5.884568418767e+00
4 49 4 2.47495769 1.36823486 1.35614229 1.23707174 1.87284110 1.012949230961e-01 1.799148355584e-02 4.371413862764e-05 5.115430493761e-03 6.075160278500e+00
4 50 4 2.47495769 1.36823486 1.35614229 1.23707174 1.87284110 1.833346559260e-01 1.626639902892e-02 4.529866675037e-05 6.417612727207e-03 6.307151472491e+00
4 51 4 2.47495769 1.36823486 1.35614229 1.23707174 1.87284110 2.281781869453e-01 1.426342284790e-02 4.696671352648e-05 7.725743402210e-03 6.593775367247e+00
4 52 4 2.47495769 1.36823486 1.35614229 1.23707174 1.87284110 1.975695155731e-01 1.227947235377e-02 4.871827177356e-05 8.501129231401e-03 6.937159641623e+00
4 53 4 2.47495769 1.36823486 1.35614229 1.23707174 1.87284110 1.222289156022e-01 1.060730257251e-02 5.055333394961e-05 8.578518191774e-03 7.322967351766e+00
4 54 4 2.47495769 1.36823486 1.35614229 1.23707174 1.87284110 7.642026618094e-02 9.470917183514e-03 5.247189215305e-05 8.349888115972e-03 7.722546470616e+00
4 55 4 2.47495769 1.36823486 1.35614229 1.23707174 1.87284110 1.100807398849e-01 8.982621114727e-03 5.447393812279e-05 8.526893074033e-03 8.102187699696e+00
4 56 4 2.47495769 1.36823486 1.35614229 1.23707174 1.87284110 1.998835746850e-01 9.135779523477e-03 5.655946323826e-05 9.616913251302e-03 8.435057387701e+00
4 57 4 2.47495769 1.36823486 1.35614229 1.23707174 1.87284110 2.673148566199e-01 9.835777548326e-03 5.872845851941e-05 1.149498007397e-02 8.710298938995e+00
4 58 4 2.47495769 1.36823486 1.35614229 1.23707174 1.87284110 2.511343611444e-01 1.095844742578e-02 6.098091462679e-05 1.342519428459e-02 8.935801882374e+00
4 59 4 2.47495769 1.36823486 1.35614229 1.23707174 1.87284110 1.679769449650e-01 1.241489428213e-02 6.331682186159e-05 1.456932080178e-02 9.134326969461e+00
4 60 4 2.47495769 1.36823486 1.35614229 1.23707174 1.87284110 1.015012438893e-01 1.419813035279e-02 6.573617016567e-05 1.463593207082e-02 9.335104371760e+00
4 61 4 2.47495769 1.36823486 1.35614229 1.23707174 1.87284110 1.259013878529e-01 1.639203794525e-02 6.823894912157e-05 1.417093791207e-02 9.564144102738e+00
4 62 4 2.47495769 1.36823486 1.35614229 1.23707174 1.87284110 2.337022341870e-01 1.913578530381e-02 7.082514795262e-05 1.421864331224e-02 9.836811760338e+00
4 63 4 2.47495769 1.36823486 1.35614229 1.23707174 1.87284110 3.374395794491e-01 2.255296527267e-02 7.349475552295e-05 1.555220598426e-02 1.015586237849e+01
7 0 4 2.93719972 3.02084446 2.64223836 1.75962856 7.89447109 2.613009209876e-04 5.650200364944e+01 4.376445074267e-04 6.282639471745e-05 1.548397249856e+03
7 1 4 2.93719972 3.02084446 2.64223836 1.75962856 7.89447109 2.635685779087e-04 5.324953945705e+01 4.726796789987e-04 6.218599302240e-05 1.535023151553e+03
7 2 4 2.93719972 3.02084446 2.64223836 1.75962856 7.89447109 2.542579610286e-04 5.050595054107e+01 5.079508913389e-04 6.157601831958e-05 1.524134085708e+03
7 3 4 2.93719972 3.02084446 2.64223836 1.75962856 7.89447109 2.338991034557e-04 4.831217718795e+01 5.431983120247e-04 6.098594174342e-05 1.519274720510e+03
7 4 4 2.93719972 3.02084446 2.64223836 1.75962856 7.89447109 2.052313724147e-04 4.666691453492e+01 5.781617015697e-04 6.040675339400e-05 1.522515688320e+03
7 5 4 2.93719972 3.02084446 2.64223836 1.75962856 7.89447109 1.724536134088e-04 4.551874948632e+01 6.125854929283e-04 5.983095013633e-05 1.531748499619e+03
7 6 4 2.93719972 3.02084446 2.64223836 1.75962856 7.89447109 1.402426283982e-04 4.476681502651e+01 6.462238129416e-04 5.925250845073e-05 1.541609094413e+03
7 7 4 2.93719972 3.02084446 2.64223836 1.75962856 7.89447109 1.127520236509e-04 4.428280207661e+01 6.788452974473e-04 5.866684307693e-05 1.547121755852e+03
7 8 4 2.93719972 3.02084446 2.64223836 1.75962856 7.89447109 9.279371661220e-05 4.394180842140e+01 7.102375606382e-04 5.807075231008e-05 1.546571134157e+03
7 9 4 2.93719972 3.02084446 2.64223836 1.75962856 7.89447109 8.135605533584e-05 4.364010298530e+01 7.402111916033e-04 5.746235091227e-05 1.541687596765e+03
7 10 4 2.93719972 3.02084446 2.64223836 1.75962856 7.89447109 7.753754289367e-05 4.329515013899e+01 7.686031664183e-04 5.684099169911e-05 1.536050248906e+03
7 11 4 2.93719972 3.02084446 2.64223836 1.75962856 7.89447109 7.888969590749e-05 4.283870562434e+01 7.952795822459e-04 5.620717694610e-05 1.533085242931e+03
7 12 4 2.93719972 3.02084446 2.64223836 1.75962856 7.89447109 8.208349271282e-05 4.221108219052e+01 8.201376401302e-04 5.556246083340e-05 1.534126629177e+03
7 13 4 2.93719972 3.02084446 2.64223836 1.75962856 7.89447109 8.375558736920e-05 4.135943297022e+01 8.431068249954e-04 5.490934420978e-05 1.537299704161e+03
7 14 4 2.93719972 3.02084446 2.64223836 1.75962856 7.89447109 8.136239192031e-05 4.024506731413e+01 8.641492541915e-04 5.425116300664e-05 1.538603337899e+03
7 15 4 2.93719972 3.02084446 2.64223836 1.75962856 7.89447109 7.387533786562e-05 3.886117801748e+01 8.832591891842e-04 5.359197167051e-05 1.534993561748e+03
7 16 4 2.93719972 3.02084446 2.64223836 1.75962856 7.89447109 6.218583919668e-05 3.724874927452e+01 9.004617280589e-04 5.293642300723e-05 1.526696713612e+03
7 17 4 2.93719972 3.02084446 2.64223836 1.75962856 7.89447109 4.914523565268e-05 3.549453006659e+01 9.158107188163e-04 5.228964584351e-05 1.516350047374e+03
7 18 4 2.93719972 3.02084446 2.64223836 1.75962856 7.89447109 3.923169601563e-05 3.371067899609e+01 9.293859544226e-04 5.165712191043e-05 1.506163775089e+03
7 19 4 2.93719972 3.02084446 2.64223836 1.75962856 7.89447109 3.790038263148e-05 3.201090773816e+01 9.412897297201e-04 5.104456334078e-05 1.496462529276e+03
7 20 4 2.93719972 3.02084446 2.64223836 1.75962856 7.89447109 5.072436558068e-05 3.049394954562e+01 9.516428571333e-04 5.045779214579e-05 1.486767856665e+03
7 21 4 2.93719972 3.02084446 2.64223836 1.75962856 7.89447109 8.246438990899e-05 2.923295350588e+01 9.605802522250e-04 4.990262299954e-05 1.477286283686e+03
7 22 4 2.93719972 3.02084446 2.64223836 1.75962856 7.89447109 1.362124462906e-04 2.826797730413e+01 9.682462112174e-04 4.938475060910e-05 1.468833320223e+03
7 23 4 2.93719972 3.02084446 2.64223836 1.75962856 7.89447109 2.127382513809e-04 2.760463171121e+01 9.747895103510e-04 4.890964288804e-05 1.461963598083e+03
7 24 4 2.93719972 3.02084446 2.64223836 1.75962856 7.89447109 3.101338062412e-04 2.722074666826e+01 9.803584612344e-04 4.848244107910e-05 1.456862588803e+03
7 25 4 2.93719972 3.02084446 2.64223836 1.75962856 7.89447109 4.238060088880e-04 2.707661615543e+01 9.850960570493e-04 4.810786789023e-05 1.453547402016e+03
7 26 4 2.93719972 3.02084446 2.64223836 1.75962856 7.89447109 5.468184562737e-04 2.712478532208e+01 9.891353416333e-04 4.779014461746e-05 1.451100399731e+03
7 27 4 2.93719972 3.02084446 2.64223836 1.75962856 7.89447109 6.705381042505e-04 2.732031596183e+01 9.925951271531e-04 4.753291812852e-05 1.446932291882e+03
7 28 4 2.93719972 3.02084446 2.64223836 1.75962856 7.89447109 7.855058195137e-04 2.763039019422e+01 9.955761764844e-04 4.733919847443e-05 1.438563564898e+03
7 29 4 2.93719972 3.02084446 2.64223836 1.75962856 7.89447109 8.824254618589e-04 2.803555946274e+01 9.981579537957e-04 4.721130778238e-05 1.427452736869e+03
7 30 4 2.93719972 3.02084446 2.64223836 1.75962856 7.89447109 9.531553300377e-04 2.851821006024e+01 1.000396031514e-03 4.715084096440e-05 1.420288120714e+03
7 31 4 2.93719972 3.02084446 2.64223836 1.75962856 7.89447109 9.915882460179e-04 2.904693668096e+01 1.002320224253e-03 4.715863865209e-05 1.424473597241e+03
7 32 4 2.93719972 3.02084446 2.64223836 1.75962856 7.89447109 9.943207364402e-04 2.957116113949e+01 1.003933500830e-03 4.723477264055e-05 1.441224706455e+03
7 33 4 2.93719972 3.02084446 2.64223836 1.75962856 7.89447109 9.610355511773e-04 3.003076301145e+01 1.005211704740e-03 4.737854399469e-05 1.463595356790e+03
7 34 4 2.93719972 3.02084446 2.64223836 1.75962856 7.89447109 8.945527065689e-04 3.037411628697e+01 1.006104091865e-03 4.758849383995e-05 1.482087105473e+03
7 35 4 2.93719972 3.02084446 2.64223836 1.75962856 7.89447109 8.005397708924e-04 3.057671935782e+01 1.006534672381e-03 4.786242672821e-05 1.492244718829e+03
7 36 4 2.93719972 3.02084446 2.64223836 1.75962856 7.89447109 6.869094248783e-04 3.065529840275e+01 1.006404322324e-03 4.819744633889e-05 1.496747914500e+03
7 37 4 2.93719972 3.02084446 2.64223836 1.75962856 7.89447109 5.629682820730e-04 3.067081136961e+01 1.005593609621e-03 4.859000314742e-05 1.501043420501e+03
7 38 4 2.93719972 3.02084446 2.64223836 1.75962856 7.89447109 4.384119737535e-04 3.071509775026e+01 1.003966260163e-03 4.903595356739e-05 1.508224824317e+03
7 39 4 2.93719972 3.02084446 2.64223836 1.75962856 7.89447109 3.222837378755e-04 3.088672540942e+01 1.001373172153e-03 4.953062995229e-05 1.518040651786e+03
7 40 4 2.93719972 3.02084446 2.64223836 1.75962856 7.89447109 2.220234777754e-04 3.127023660457e+01 9.976568719514e-04 5.006892072656e-05 1.529071612974e+03
7 41 4 2.93719972 3.02084446 2.64223836 1.75962856 7.89447109 1.427285491620e-04 3.192604763636e+01 9.926562924139e-04 5.064535980663e-05 1.540296673569e+03
7 42 4 2.93719972 3.02084446 2.64223836 1.75962856 7.89447109 8.672506741201e-05 3.288538790520e+01 9.862117455215e-04 5.125422437041e-05 1.550900444080e+03
7 43 4 2.93719972 3.02084446 2.64223836 1.75962856 7.89447109 5.351030411787e-05 3.414501558485e+01 9.781699552723e-04 5.188963993947e-05 1.560074901600e+03
7 44 4 2.93719972 3.02084446 2.64223836 1.75962856 7.89447109 4.007652093018e-05 3.566666393966e+01 9.683890144449e-04 5.254569165364e-05 1.567603524008e+03
7 45 4 2.93719972 3.02084446 2.64223836 1.75962856 7.89447109 4.157080912766e-05 3.738663940131e+01 9.567431300874e-04 5.321654054203e-05 1.573829067063e+03
7 46 4 2.93719972 3.02084446 2.64223836 1.75962856 7.89447109 5.219259968860e-05 3.923052930545e+01 9.431270274086e-04 5.389654353025e-05 1.578418448623e+03
7 47 4 2.93719972 3.02084446 2.64223836 1.75962856 7.89447109 6.618964637008e-05 4.112480267920e+01 9.274598900565e-04 5.458037586951e-05 1.579838289837e+03
7 48 4 2.93719972 3.02084446 2.64223836 1.75962856 7.89447109 7.879269540074e-05 4.300462817732e+01 9.096887263932e-04 5.526315463146e-05 1.577076621212e+03
7 49 4 2.93719972 3.02084446 2.64223836 1.75962856 7.89447109 8.693428221647e-05 4.481908652592e+01 8.897910660422e-04 5.594056188258e-05 1.571800204604e+03
7 50 4 2.93719972 3.02084446 2.64223836 1.75962856 7.89447109 8.962952127560e-05 4.652890698624e+01 8.677769083519e-04 5.660896613417e-05 1.567825679336e+03
7 51 4 2.93719972 3.02084446 2.64223836 1.75962856 7.89447109 8.795278791337e-05 4.809616323784e+01 8.436898640774e-04 5.726554065901e-05 1.567904290365e+03
7 52 4 2.93719972 3.02084446 2.64223836 1.75962856 7.89447109 8.461537479730e-05 4.948066176435e+01 8.176074530500e-04 5.790837727338e-05 1.571232387257e+03
7 53 4 2.93719972 3.02084446 2.64223836 1.75962856 7.89447109 8.322334994218e-05 5.065755828473e+01 7.896405433552e-04 5.853659420377e-05 1.574193346982e+03
7 54 4 2.93719972 3.02084446 2.64223836 1.75962856 7.89447109 8.735806317329e-05 5.164718531702e+01 7.599319410149e-04 5.915043669060e-05 1.573190450797e+03
7 55 4 2.93719972 3.02084446 2.64223836 1.75962856 7.89447109 9.966107754028e-05 5.253232658685e+01 7.286541627617e-04 5.975136902709e-05 1.566957435278e+03
7 56 4 2.93719972 3.02084446 2.64223836 1.75962856 7.89447109 1.211113957123e-04 5.345173413193e+01 6.960064476189e-04 6.034215678970e-05 1.557331363990e+03
7 57 4 2.93719972 3.02084446 2.64223836 1.75962856 7.89447109 1.506522079663e-04 5.457839541731e+01 6.622110850403e-04 6.092693808598e-05 1.548760432459e+03
7 58 4 2.93719972 3.02084446 2.64223836 1.75962856 7.89447109 1.852605845797e-04 5.609108046924e+01 6.275091577475e-04 6.151128272769e-05 1.546419928594e+03
7 59 4 2.93719972 3.02084446 2.64223836 1.75962856 7.89447109 2.204671104465e-04 5.814186296949e+01 5.921558155676e-04 6.210223832888e-05 1.553153033966e+03
7 60 4 2.93719972 3.02084446 2.64223836 1.75962856 7.89447109 2.512393514890e-04 6.082963663832e+01 5.564152120222e-04 6.270836243137e-05 1.567405366203e+03
7 61 4 2.93719972 3.02084446 2.64223836 1.75962856 7.89447109 2.730617705883e-04 6.419246729653e+01 5.205552476901e-04 6.333973987192e-05 1.584626746839e+03
7 62 4 2.93719972 3.02084446 2.64223836 1.75962856 7.89447109 2.829927846740e-04 6.821193613625e+01 4.848422730897e-04 6.400798472630e-05 1.601352556522e+03
7 63 4 2.93719972 3.02084446 2.64223836 1.75962856 7.89447109 2.804698889436e-04 7.280802277277e+01 4.495359086912e-04 6.472622629360e-05 1.618077621438e+03
8 0 4 3.62607832 1.84336073 1.81950568 1.54474940 2.82556631 7.735220963817e-01 3.252853132006e-02 1.824285488901e-04 4.264475238366e+00 2.306359417302e+01
8 1 4 3.62607832 1.84336073 1.81950568 1.54474940 2.82556631 1.385727191002e+00 2.763848749414e-02 1.406063294893e-04 4.110315345823e+00 2.192788490162e+01
8 2 4 3.62607832 1.84336073 1.81950568 1.54474940 2.82556631 1.421698456365e+00 2.468768630046e-02 9.542946927432e-05 3.956470855744e+00 2.072497930349e+01
8 3 4 3.62607832 1.84336073 1.81950568 1.54474940 2.82556631 7.640857191072e-01 2.198102935923e-02 5.581065142256e-05 3.801776623857e+00 1.972540991005e+01
8 4 4 3.62607832 1.84336073 1.81950568 1.54474940 2.82556631 2.118204371021e-01 1.776080814940e-02 2.977025220024e-05 3.650666225546e+00 1.904889915264e+01
8 5 4 3.62607832 1.84336073 1.81950568 1.54474940 2.82556631 4.699607459350e-01 1.240131796086e-02 2.317704259440e-05 3.514871944726e+00 1.861222593249e+01
8 6 4 3.62607832 1.84336073 1.81950568 1.54474940 2.82556631 1.172413438242e+00 7.861172934921e-03 3.888505828349e-05 3.401183734304e+00 1.824864035541e+01
8 7 4 3.62607832 1.84336073 1.81950568 1.54474940 2.82556631 1.363303552379e+00 5.370142547941e-03 7.637210283240e-05 3.294180090672e+00 1.784437864382e+01
8 8 4 3.62607832 1.84336073 1.81950568 1.54474940 2.82556631 7.791658716005e-01 4.353716037709e-03 1.319040564288e-04 3.168009325192e+00 1.737256318241e+01
8 9 4 3.62607832 1.84336073 1.81950568 1.54474940 2.82556631 1.917453814360e-01 3.677694062810e-03 1.991700605165e-04 3.023068150370e+00 1.684528433648e+01
8 10 4 3.62607832 1.84336073 1.81950568 1.54474940 2.82556631 3.306351114028e-01 3.269376082933e-03 2.702683278721e-04 2.893525758337e+00 1.627164178939e+01
8 11 4 3.62607832 1.84336073 1.81950568 1.54474940 2.82556631 9.057413834381e-01 3.975168818829e-03 3.368793956754e-04 2.805216506445e+00 1.565824022567e+01
8 12 4 3.62607832 1.84336073 1.81950568 1.54474940 2.82556631 1.077502347671e+00 6.080187216424e-03 3.914476514470e-04 2.740448257528e+00 1.502176915257e+01
8 13 4 3.62607832 1.84336073 1.81950568 1.54474940 2.82556631 6.216761717879e-01 8.652010282516e-03 4.282030687853e-04 2.661287090390e+00 1.438539478632e+01
8 14 4 3.62607832 1.84336073 1.81950568 1.54474940 2.82556631 1.654876507020e-01 1.059317415295e-02 4.438893978412e-04 2.557706263451e+00 1.377063716625e+01
8 15 4 3.62607832 1.84336073 1.81950568 1.54474940 2.82556631 2.449578273052e-01 1.191288680136e-02 4.381155837517e-04 2.454149311475e+00 1.320306431939e+01
8 16 4 3.62607832 1.84336073 1.81950568 1.54474940 2.82556631 6.220190790797e-01 1.347114717582e-02 4.133052166382e-04 2.373332510631e+00 1.272039324360e+01
8 17 4 3.62607832 1.84336073 1.81950568 1.54474940 2.82556631 7.274612412206e-01 1.554741116765e-02 3.742753839312e-04 2.312068071676e+00 1.235935120328e+01
8 18 4 3.62607832 1.84336073 1.81950568 1.54474940 2.82556631 4.596677586359e-01 1.717462950408e-02 3.275235665830e-04 2.253674418255e+00 1.212464590850e+01
8 19 4 3.62607832 1.84336073 1.81950568 1.54474940 2.82556631 2.062957025408e-01 1.717738064102e-02 2.803335514605e-04 2.189068033847e+00 1.197118694895e+01
8 20 4 3.62607832 1.84336073 1.81950568 1.54474940 2.82556631 2.207950846417e-01 1.562484789258e-02 2.398258658965e-04 2.121479190757e+00 1.182211148078e+01
8 21 4 3.62607832 1.84336073 1.81950568 1.54474940 2.82556631 3.529693520047e-01 1.385871358758e-02 2.120749967099e-04 2.060891092964e+00 1.161352279533e+01
8 22 4 3.62607832 1.84336073 1.81950568 1.54474940 2.82556631 3.752995440804e-01 1.304546091926e-02 2.013971568412e-04 2.017729621142e+00 1.133759872205e+01
8 23 4 3.62607832 1.84336073 1.81950568 1.54474940 2.82556631 2.983723850878e-01 1.300887631955e-02 2.098829107789e-04 1.994144144419e+00 1.105738363809e+01
8 24 4 3.62607832 1.84336073 1.81950568 1.54474940 2.82556631 2.440795732290e-01 1.267487845605e-02 2.372137452508e-04 1.978610578510e+00 1.087594528647e+01
8 25 4 3.62607832 1.84336073 1.81950568 1.54474940 2.82556631 2.276337679544e-01 1.144407712930e-02 2.807658238913e-04 1.955984595891e+00 1.086098163976e+01
8 26 4 3.62607832 1.84336073 1.81950568 1.54474940 2.82556631 2.056097827942e-01 9.770720131125e-03 3.359720583103e-04 1.925136669026e+00 1.096381906218e+01
8 27 4 3.62607832 1.84336073 1.81950568 1.54474940 2.82556631 2.119054836040e-01 8.374093544005e-03 3.968883510226e-04 1.900252224474e+00 1.100581919856e+01
8 28 4 3.62607832 1.84336073 1.81950568 1.54474940 2.82556631 2.843740278872e-01 7.262257523852e-03 4.568930475938e-04 1.893093603916e+00 1.078055056319e+01
8 29 4 3.62607832 1.84336073 1.81950568 1.54474940 2.82556631 3.228586987341e-01 5.876113357475e-03 5.094405565706e-04 1.901029633446e+00 1.022320948466e+01
8 30 4 3.62607832 1.84336073 1.81950568 1.54474940 2.82556631 2.281634622474e-01 4.103589764751e-03 5.487900134636e-04 1.914693500725e+00 9.509392448471e+00
8 31 4 3.62607832 1.84336073 1.81950568 1.54474940 2.82556631 1.128449792662e-01 2.746490318646e-03 5.706364461232e-04 1.929756624000e+00 8.971769189647e+00
8 32 4 3.62607832 1.84336073 1.81950568 1.54474940 2.82556631 1.654564947508e-01 2.743760879788e-03 5.725836427238e-04 1.947429801901e+00 8.872412081581e+00
8 33 4 3.62607832 1.84336073 1.81950568 1.54474940 2.82556631 3.240443138676e-01 4.096443444628e-03 5.544134746767e-04 1.970466215345e+00 9.208821267997e+00
8 34 4 3.62607832 1.84336073 1.81950568 1.54474940 2.82556631 3.468804296830e-01 5.860910868449e-03 5.181247155570e-04 2.003425283786e+00 9.717498226821e+00
8 35 4 3.62607832 1.84336073 1.81950568 1.54474940 2.82556631 2.071290740578e-01 7.227020547197e-03 4.677345983330e-04 2.050408873008e+00 1.007118735177e+01
8 36 4 3.62607832 1.84336073 1.81950568 1.54474940 2.82556631 1.396317824779e-01 8.317036136933e-03 4.088577007211e-04 2.106962183594e+00 1.010232225487e+01
8 37 4 3.62607832 1.84336073 1.81950568 1.54474940 2.82556631 2.577836351369e-01 9.721660683424e-03 3.480982847312e-04 2.160269775260e+00 9.878924202038e+00
8 38 4 3.62607832 1.84336073 1.81950568 1.54474940 2.82556631 3.697412223999e-01 1.145297833067e-02 2.923125732714e-04 2.204345702354e+00 9.602609083917e+00
8 39 4 3.62607832 1.84336073 1.81950568 1.54474940 2.82556631 3.057168765558e-01 1.277398874941e-02 2.478147500306e-04 2.250521346526e+00 9.442942359557e+00
8 40 4 3.62607832 1.84336073 1.81950568 1.54474940 2.82556631 1.959112717529e-01 1.319905208531e-02 2.196124304646e-04 2.315571586863e+00 9.441981064822e+00
8 41 4 3.62607832 1.84336073 1.81950568 1.54474940 2.82556631 2.525596628958e-01 1.333013263891e-02 2.107615647749e-04 2.402370126997e+00 9.531622878722e+00
8 42 4 3.62607832 1.84336073 1.81950568 1.54474940 2.82556631 4.054031144737e-01 1.427758875095e-02 2.219251362568e-04 2.498447016041e+00 9.613482504273e+00
8 43 4 3.62607832 1.84336073 1.81950568 1.54474940 2.82556631 4.076685987561e-01 1.622687724974e-02 2.512034378005e-04 2.590441754544e+00 9.630693183260e+00
8 44 4 3.62607832 1.84336073 1.81950568 1.54474940 2.82556631 2.708281442070e-01 1.795090201232e-02 2.942763686186e-04 2.674390056999e+00 9.595579868322e+00
8 45 4 3.62607832 1.84336073 1.81950568 1.54474940 2.82556631 2.813877727039e-01 1.802203981639e-02 3.448620483134e-04 2.756517149421e+00 9.573090965935e+00
8 46 4 3.62607832 1.84336073 1.81950568 1.54474940 2.82556631 5.225188177039e-01 1.634904006779e-02 3.954548423595e-04 2.850361339324e+00 9.637416134060e+00
8 47 4 3.62607832 1.84336073 1.81950568 1.54474940 2.82556631 6.640870141838e-01 1.417237378317e-02 4.382648797970e-04 2.966520424923e+00 9.828775000941e+00
8 48 4 3.62607832 1.84336073 1.81950568 1.54474940 2.82556631 4.663318608551e-01 1.253524231814e-02 4.662464333792e-04 3.096346723340e+00 1.013803890417e+01
8 49 4 3.62607832 1.84336073 1.81950568 1.54474940 2.82556631 2.223088349123e-01 1.116485232195e-02 4.740801887724e-04 3.214174092238e+00 1.052605340250e+01
8 50 4 3.62607832 1.84336073 1.81950568 1.54474940 2.82556631 3.751490090324e-01 9.154070996973e-03 4.589694129854e-04 3.309750912029e+00 1.095387259022e+01
8 51 4 3.62607832 1.84336073 1.81950568 1.54474940 2.82556631 8.135394755570e-01 6.477023909886e-03 4.211251848796e-04 3.411106271178e+00 1.139474060437e+01
8 52 4 3.62607832 1.84336073 1.81950568 1.54474940 2.82556631 9.513867334059e-01 4.279847018551e-03 3.638511182848e-04 3.555042218790e+00 1.182710181751e+01
8 53 4 3.62607832 1.84336073 1.81950568 1.54474940 2.82556631 5.890545509029e-01 3.549197744638e-03 2.931900745297e-04 3.736755077865e+00 1.223115870898e+01
8 54 4 3.62607832 1.84336073 1.81950568 1.54474940 2.82556631 2.618358141342e-01 3.994962474563e-03 2.171578093220e-04 3.911788176977e+00 1.259664919448e+01
8 55 4 3.62607832 1.84336073 1.81950568 1.54474940 2.82556631 5.088840139506e-01 4.732069296306e-03 1.446525334783e-04 4.052926875210e+00 1.292336172881e+01
8 56 4 3.62607832 1.84336073 1.81950568 1.54474940 2.82556631 1.062998954071e+00 5.837260225812e-03 8.418502805587e-05 4.182697847203e+00 1.320731941730e+01
8 57 4 3.62607832 1.84336073 1.81950568 1.54474940 2.82556631 1.193282192284e+00 8.496892877780e-03 4.261166080410e-05 4.338831342884e+00 1.344234025689e+01
8 58 4 3.62607832 1.84336073 1.81950568 1.54474940 2.82556631 7.332716409235e-01 1.329745360566e-02 2.406483458308e-05 4.527704742193e+00 1.366050963012e+01
8 59 4 3.62607832 1.84336073 1.81950568 1.54474940 2.82556631 3.266372888609e-01 1.892536103521e-02 2.925795457297e-05 4.727662038368e+00 1.396958286500e+01
8 60 4 3.62607832 1.84336073 1.81950568 1.54474940 2.82556631 5.468193409431e-01 2.332362616842e-02 5.529528487762e-05 4.922981311174e+00 1.450923816329e+01
8 61 4 3.62607832 1.84336073 1.81950568 1.54474940 2.82556631 1.120544399675e+00 2.613940245555e-02 9.604622448565e-05 5.116308417709e+00 1.532441901473e+01
8 62 4 3.62607832 1.84336073 1.81950568 1.54474940 2.82556631 1.354662888079e+00 2.927474318863e-02 1.430580630958e-04 5.316705232937e+00 1.627738067307e+01
8 63 4 3.62607832 1.84336073 1.81950568 1.54474940 2.82556631 1.039359856108e+00 3.452786492483e-02 1.868938109814e-04 5.531964689337e+00 1.712419625244e+01
9 0 4 1.95407666 3.96252267 2.70410420 1.57800341 10.49917309 1.208216318246e-04 1.771675950200e+02 5.402901419821e-04 2.408599970310e-04 5.681452018244e+03
9 1 4 1.95407666 3.96252267 2.70410420 1.57800341 10.49917309 5.173654270178e-05 1.754776642080e+02 6.741571589131e-04 2.320301415326e-04 5.323103488171e+03
9 2 4 1.95407666 3.96252267 2.70410420 1.57800341 10.49917309 2.692652342005e-05 1.718843768739e+02 8.218210561880e-04 2.234933061661e-04 4.964672152552e+03
9 3 4 1.95407666 3.96252267 2.70410420 1.57800341 10.49917309 5.773295869906e-05 1.660630986049e+02 9.799255216059e-04 2.152495516232e-04 4.638312629532e+03
9 4 4 1.95407666 3.96252267 2.70410420 1.57800341 10.49917309 1.412348988196e-04 1.589736980289e+02 1.145329331335e-03 2.072989365116e-04 4.361853517021e+03
9 5 4 1.95407666 3.96252267 2.70410420 1.57800341 10.49917309 2.606503728974e-04 1.523712650003e+02 1.315128798198e-03 1.996415173555e-04 4.139154138938e+03
9 6 4 1.95407666 3.96252267 2.70410420 1.57800341 10.49917309 3.896529852361e-04 1.479950230506e+02 1.486675717497e-03 1.922773485942e-04 3.974031182865e+03
9 7 4 1.95407666 3.96252267 2.70410420 1.57800341 10.49917309 4.992847437588e-04 1.468153996296e+02 1.657590765798e-03 1.852064825825e-04 3.870621394904e+03
9 8 4 1.95407666 3.96252267 2.70410420 1.57800341 10.49917309 5.654298423972e-04 1.486499216801e+02 1.825772367555e-03 1.784289695897e-04 3.820538666125e+03
9 9 4 1.95407666 3.96252267 2.70410420 1.57800341 10.49917309 5.747267250311e-04 1.522431256173e+02 1.989401102495e-03 1.719448577997e-04 3.804153551854e+03
9 10 4 1.95407666 3.96252267 2.70410420 1.57800341 10.49917309 5.273365464351e-04 1.557503393712e+02 2.146939782550e-03 1.657541933106e-04 3.806424024430e+03
9 11 4 1.95407666 3.96252267 2.70410420 1.57800341 10.49917309 4.359645578858e-04 1.574400839710e+02 2.297129380293e-03 1.598570201342e-04 3.819540537286e+03
9 12 4 1.95407666 3.96252267 2.70410420 1.57800341 10.49917309 3.216344529324e-04 1.563148670159e+02 2.438981040663e-03 1.542533801956e-04 3.829855454121e+03
9 13 4 1.95407666 3.96252267 2.70410420 1.57800341 10.49917309 2.076115014206e-04 1.523964347994e+02 2.571764453674e-03 1.489433133332e-04 3.816280092371e+03
9 14 4 1.95407666 3.96252267 2.70410420 1.57800341 10.49917309 1.133070708088e-04 1.466175296164e+02 2.694992907464e-03 1.439268572984e-04 3.765324594703e+03
9 15 4 1.95407666 3.96252267 2.70410420 1.57800341 10.49917309 4.987547908451e-05 1.404086677342e+02 2.808405377770e-03 1.392040477549e-04 3.677271374200e+03
9 16 4 1.95407666 3.96252267 2.70410420 1.57800341 10.49917309 1.860606677344e-05 1.351338840041e+02 2.911946041592e-03 1.347749182790e-04 3.555559711108e+03
9 17 4 1.95407666 3.96252267 2.70410420 1.57800341 10.49917309 1.232880612034e-05 1.315918915898e+02 3.005741628909e-03 1.306395003591e-04 3.401529618945e+03
9 18 4 1.95407666 3.96252267 2.70410420 1.57800341 10.49917309 1.916617316040e-05 1.297835365273e+02 3.090077046738e-03 1.267978233954e-04 3.223402505270e+03
9 19 4 1.95407666 3.96252267 2.70410420 1.57800341 10.49917309 2.733258529108e-05 1.289990213634e+02 3.165369724287e-03 1.232499146999e-04 3.040250999429e+03
9 20 4 1.95407666 3.96252267 2.70410420 1.57800341 10.49917309 2.946779750906e-05 1.281422145239e+02 3.232143136414e-03 1.199957994959e-04 2.871701254429e+03
9 21 4 1.95407666 3.96252267 2.70410420 1.57800341 10.49917309 2.522288167200e-05 1.261695085918e+02 3.290999964985e-03 1.170355009182e-04 2.730029608328e+03
9 22 4 1.95407666 3.96252267 2.70410420 1.57800341 10.49917309 2.139860589471e-05 1.224958641588e+02 3.342595354058e-03 1.143690400127e-04 2.624143040437e+03
9 23 4 1.95407666 3.96252267 2.70410420 1.57800341 10.49917309 2.967862766137e-05 1.172109630589e+02 3.387610705207e-03 1.119964357363e-04 2.562061008229e+03
9 24 4 1.95407666 3.96252267 2.70410420 1.57800341 10.49917309 6.268747604902e-05 1.110360850014e+02 3.426728443930e-03 1.099177049566e-04 2.544474720582e+03
9 25 4 1.95407666 3.96252267 2.70410420 1.57800341 10.49917309 1.295524095781e-04 1.050743532079e+02 3.460608167130e-03 1.081328624522e-04 2.562097231956e+03
9 26 4 1.95407666 3.96252267 2.70410420 1.57800341 10.49917309 2.322543812024e-04 1.004512870831e+02 3.489864555493e-03 1.066419209122e-04 2.603190394743e+03
9 27 4 1.95407666 3.96252267 2.70410420 1.57800341 10.49917309 3.638103818667e-04 9.795061681605e+01 3.515047403510e-03 1.054448909362e-04 2.658628564691e+03
9 28 4 1.95407666 3.96252267 2.70410420 1.57800341 10.49917309 5.088212312021e-04 9.777317294042e+01 3.536624084313e-03 1.045417810344e-04 2.718478022009e+03
9 29 4 1.95407666 3.96252267 2.70410420 1.57800341 10.49917309 6.462893840034e-04 9.951172539938e+01 3.554964726933e-03 1.039325976274e-04 2.772312981060e+03
9 30 4 1.95407666 3.96252267 2.70410420 1.57800341 10.49917309 7.540238748015e-04 1.023302909748e+02 3.570330340459e-03 1.036173450460e-04 2.817240904009e+03
9 31 4 1.95407666 3.96252267 2.70410420 1.57800341 10.49917309 8.135468007498e-04 1.052703370555e+02 3.582864073540e-03 1.035960255315e-04 2.857895736915e+03
9 32 4 1.95407666 3.96252267 2.70410420 1.57800341 10.49917309 8.142890648007e-04 1.075952270435e+02 3.592585749179e-03 1.038686392355e-04 2.892867242019e+03
9 33 4 1.95407666 3.96252267 2.70410420 1.57800341 10.49917309 7.560359796805e-04 1.090582822113e+02 3.599389764550e-03 1.044351842198e-04 2.907805742194e+03
9 34 4 1.95407666 3.96252267 2.70410420 1.57800341 10.49917309 6.490101748617e-04 1.099775023089e+02 3.603046394141e-03 1.052956564567e-04 2.888652385558e+03
9 35 4 1.95407666 3.96252267 2.70410420 1.57800341 10.49917309 5.115574621862e-04 1.110867674147e+02 3.603206482655e-03 1.064500498288e-04 2.837132645841e+03
9 36 4 1.95407666 3.96252267 2.70410420 1.57800341 10.49917309 3.659937009895e-04 1.132304479419e+02 3.599409462262e-03 1.078983561290e-04 2.768099022464e+03
9 37 4 1.95407666 3.96252267 2.70410420 1.57800341 10.49917309 2.336343749503e-04 1.169990542854e+02 3.591094577831e-03 1.096405650607e-04 2.697707201976e+03
9 38 4 1.95407666 3.96252267 2.70410420 1.57800341 10.49917309 1.302461239439e-04 1.224255317067e+02 3.577615154156e-03 1.116766642381e-04 2.641075370597e+03
9 39 4 1.95407666 3.96252267 2.70410420 1.57800341 10.49917309 6.306710062005e-05 1.288836612701e+02 3.558255691624e-03 1.140066391856e-04 2.615430360785e+03
9 40 4 1.95407666 3.96252267 2.70410420 1.57800341 10.49917309 3.014992503738e-05 1.352583259289e+02 3.532251531864e-03 1.166304733386e-04 2.635114865737e+03
9 41 4 1.95407666 3.96252267 2.70410420 1.57800341 10.49917309 2.217378720258e-05 1.403221678228e+02 3.498810793158e-03 1.195481480432e-04 2.703973695585e+03
9 42 4 1.95407666 3.96252267 2.70410420 1.57800341 10.49917309 2.620055566466e-05 1.431840969230e+02 3.457138237434e-03 1.227596425567e-04 2.818089483963e+03
9 43 4 1.95407666 3.96252267 2.70410420 1.57800341 10.49917309 3.029320494743e-05 1.436616302264e+02 3.406460696878e-03 1.262649340473e-04 2.972427842924e+03
9 44 4 1.95407666 3.96252267 2.70410420 1.57800341 10.49917309 2.763683339736e-05 1.424121248398e+02 3.346053659117e-03 1.300639975945e-04 3.158216880190e+03
9 45 4 1.95407666 3.96252267 2.70410420 1.57800341 10.49917309 1.890189149046e-05 1.407210208967e+02 3.275268585898e-03 1.341568061894e-04 3.358307809442e+03
9 46 4 1.95407666 3.96252267 2.70410420 1.57800341 10.49917309 1.206439663991e-05 1.400184753846e+02 3.193560521570e-03 1.385433307346e-04 3.554017568325e+03
9 47 4 1.95407666 3.96252267 2.70410420 1.57800341 10.49917309 1.963621081974e-05 1.413200404302e+02 3.100515534699e-03 1.432235400448e-04 3.734257551630e+03
9 48 4 1.95407666 3.96252267 2.70410420 1.57800341 10.49917309 5.405821143739e-05 1.447924896504e+02 2.995877529125e-03 1.481974008465e-04 3.891051396637e+03
9 49 4 1.95407666 3.96252267 2.70410420 1.57800341 10.49917309 1.226321217979e-04 1.496265720158e+02 2.879573959676e-03 1.534648777786e-04 4.011451451508e+03
9 50 4 1.95407666 3.96252267 2.70410420 1.57800341 10.49917309 2.236081278263e-04 1.543288732693e+02 2.751739992869e-03 1.590259333928e-04 4.084638649743e+03
9 51 4 1.95407666 3.96252267 2.70410420 1.57800341 10.49917309 3.448012193079e-04 1.573454272998e+02 2.612740664046e-03 1.648805281533e-04 4.114096476155e+03
9 52 4 1.95407666 3.96252267 2.70410420 1.57800341 10.49917309 4.654184384661e-04 1.577479891429e+02 2.463190599642e-03 1.710286204377e-04 4.112719111302e+03
9 53 4 1.95407666 3.96252267 2.70410420 1.57800341 10.49917309 5.608242844651e-04 1.557112152986e+02 2.303970896365e-03 1.774701665368e-04 4.089897833256e+03
9 54 4 1.95407666 3.96252267 2.70410420 1.57800341 10.49917309 6.090324071935e-04 1.525905925939e+02 2.136242777868e-03 1.842051206553e-04 4.055604301720e+03
9 55 4 1.95407666 3.96252267 2.70410420 1.57800341 10.49917309 5.970845144778e-04 1.505079599189e+02 1.961457683728e-03 1.912334349117e-04 4.033803308788e+03
9 56 4 1.95407666 3.96252267 2.70410420 1.57800341 10.49917309 5.253806398950e-04 1.515590430552e+02 1.781363484844e-03 1.985550593393e-04 4.057079729164e+03
9 57 4 1.95407666 3.96252267 2.70410420 1.57800341 10.49917309 4.085236473091e-04 1.569822395395e+02 1.598006563344e-03 2.061699418858e-04 4.147360949739e+03
9 58 4 1.95407666 3.96252267 2.70410420 1.57800341 10.49917309 2.722151131282e-04 1.666359670919e+02 1.413729543310e-03 2.140780284141e-04 4.312659501030e+03
9 59 4 1.95407666 3.96252267 2.70410420 1.57800341 10.49917309 1.469110549947e-04 1.789772812582e+02 1.231164510528e-03 2.222792627026e-04 4.558517645731e+03
9 60 4 1.95407666 3.96252267 2.70410420 1.57800341 10.49917309 5.995742226314e-05 1.915909756993e+02 1.053221614536e-03 2.307735864458e-04 4.885433541944e+03
9 61 4 1.95407666 3.96252267 2.70410420 1.57800341 10.49917309 2.845199956250e-05 2.021203840985e+02 8.830730038714e-04 2.395609392542e-04 5.273357401642e+03
9 62 4 1.95407666 3.96252267 2.70410420 1.57800341 10.49917309 5.493509456712e-05 2.092060179110e+02 7.241321048889e-04 2.486412586553e-04 5.682818473634e+03
9 63 4 1.95407666 3.96252267 2.70410420 1.57800341 10.49917309 1.272150559430e-04 2.130131846740e+02 5.800283153178e-04 2.580144800935e-04 6.073316897341e+03
10 0 4 3.09172317 2.87855770 2.57950909 1.76476893 6.77479930 2.802813693146e-04 3.878128993945e+01 7.948717043490e-04 8.677305057095e-05 1.626470922101e+03
10 1 4 3.09172317 2.87855770 2.57950909 1.76476893 6.77479930 2.652674872982e-04 3.712107789126e+01 8.177345279840e-04 8.415610477621e-05 1.587001952315e+03
10 2 4 3.09172317 2.87855770 2.57950909 1.76476893 6.77479930 2.409057866562e-04 3.547390932683e+01 8.383681306469e-04 8.158984864186e-05 1.548869914490e+03
10 3 4 3.09172317 2.87855770 2.57950909 1.76476893 6.77479930 2.103194041067e-04 3.386502062309e+01 8.567486361807e-04 7.907745028711e-05 1.515283911985e+03
10 4 4 3.09172317 2.87855770 2.57950909 1.76476893 6.77479930 1.775123138909e-04 3.232145313670e+01 8.728753954082e-04 7.662205468547e-05 1.486999887022e+03
10 5 4 3.09172317 2.87855770 2.57950909 1.76476893 6.77479930 1.465535553580e-04 3.086311053231e+01 8.867702809229e-04 7.422677504685e-05 1.461207663123e+03
10 6 4 3.09172317 2.87855770 2.57950909 1.76476893 6.77479930 1.208097688718e-04 2.950158801812e+01 8.984767873759e-04 7.189468436302e-05 1.433318357135e+03
10 7 4 3.09172317 2.87855770 2.57950909 1.76476893 6.77479930 1.023646115601e-04 2.824919985805e+01 9.080589458171e-04 6.962880713247e-05 1.399922841765e+03
10 8 4 3.09172317 2.87855770 2.57950909 1.76476893 6.77479930 9.172155421120e-05 2.712716798013e+01 9.156000624863e-04 6.743211128017e-05 1.360744405995e+03
10 9 4 3.09172317 2.87855770 2.57950909 1.76476893 6.77479930 8.783005802179e-05 2.616417499140e+01 9.212012941885e-04 6.530750028747e-05 1.318751516204e+03
10 10 4 3.09172317 2.87855770 2.57950909 1.76476893 6.77479930 8.841507815640e-05 2.538637936432e+01 9.249800740083e-04 6.325780554661e-05 1.278614117787e+03
10 11 4 3.09172317 2.87855770 2.57950909 1.76476893 6.77479930 9.053693084795e-05 2.480331774296e+01 9.270684026071e-04 6.128577895447e-05 1.244091500368e+03
10 12 4 3.09172317 2.87855770 2.57950909 1.76476893 6.77479930 9.127144153658e-05 2.439402860562e+01 9.276110216799e-04 5.939408575893e-05 1.215678884004e+03
10 13 4 3.09172317 2.87855770 2.57950909 1.76476893 6.77479930 8.838423328290e-05 2.410168089610e+01 9.267634873294e-04 5.758529767147e-05 1.190365427806e+03
10 14 4 3.09172317 2.87855770 2.57950909 1.76476893 6.77479930 8.087927447843e-05 2.384563813848e+01 9.246901621091e-04 5.586188625857e-05 1.164080406851e+03
10 15 4 3.09172317 2.87855770 2.57950909 1.76476893 6.77479930 6.932775090584e-05 2.354824395402e+01 9.215621453056e-04 5.422621662415e-05 1.134856579574e+03
10 16 4 3.09172317 2.87855770 2.57950909 1.76476893 6.77479930 5.592323120438e-05 2.315987452939e+01 9.175551616512e-04 5.268054139472e-05 1.103857985879e+03
10 17 4 3.09172317 2.87855770 2.57950909 1.76476893 6.77479930 4.425539093280e-05 2.266748182422e+01 9.128474290768e-04 5.122699501836e-05 1.073647745125e+03
10 18 4 3.09172317 2.87855770 2.57950909 1.76476893 6.77479930 3.883930222031e-05 2.208695469536e+01 9.076175263387e-04 4.986758838786e-05 1.045906901353e+03
10 19 4 3.09172317 2.87855770 2.57950909 1.76476893 6.77479930 4.447353181071e-05 2.144957344374e+01 9.020422813580e-04 4.860420379807e-05 1.020876877903e+03
10 20 4 3.09172317 2.87855770 2.57950909 1.76476893 6.77479930 6.552311978704e-05 2.078973957055e+01 8.962947009202e-04 4.743859024655e-05 9.983419450514e+02
10 21 4 3.09172317 2.87855770 2.57950909 1.76476893 6.77479930 1.052306678493e-04 2.013542771138e+01 8.905419619821e-04 4.637235908613e-05 9.783852381733e+02
10 22 4 3.09172317 2.87855770 2.57950909 1.76476893 6.77479930 1.651506746060e-04 1.950290569906e+01 8.849434842321e-04 4.540698003735e-05 9.611860606741e+02
10 23 4 3.09172317 2.87855770 2.57950909 1.76476893 6.77479930 2.447816179124e-04 1.889810959509e+01 8.796491027560e-04 4.454377756804e-05 9.467247106189e+02
10 24 4 3.09172317 2.87855770 2.57950909 1.76476893 6.77479930 3.414413293356e-04 1.832320206631e+01 8.747973586771e-04 4.378392764652e-05 9.349758203750e+02
10 25 4 3.09172317 2.87855770 2.57950909 1.76476893 6.77479930 4.503987853797e-04 1.778347512801e+01 8.705139244838e-04 4.312845487447e-05 9.258468670084e+02
10 26 4 3.09172317 2.87855770 2.57950909 1.76476893 6.77479930 5.652441645237e-04 1.729236314170e+01 8.669101794281e-04 4.257823000451e-05 9.183443282054e+02
10 27 4 3.09172317 2.87855770 2.57950909 1.76476893 6.77479930 6.784525873121e-04 1.687564887502e+01 8.640819489094e-04 4.213396784701e-05 9.102157680374e+02
10 28 4 3.09172317 2.87855770 2.57950909 1.76476893 6.77479930 7.820777778362e-04 1.657314422166e+01 8.621084201376e-04 4.179622556993e-05 8.996412192881e+02
10 29 4 3.09172317 2.87855770 2.57950909 1.76476893 6.77479930 8.685010131579e-04 1.643202860438e+01 8.610512446376e-04 4.156540139472e-05 8.880204800536e+02
10 30 4 3.09172317 2.87855770 2.57950909 1.76476893 6.77479930 9.311580606861e-04 1.649016301632e+01 8.609538363179e-04 4.144173369051e-05 8.805102176464e+02
10 31 4 3.09172317 2.87855770 2.57950909 1.76476893 6.77479930 9.651714463390e-04 1.675772861139e+01 8.618408719012e-04 4.142530046831e-05 8.825062256833e+02
10 32 4 3.09172317 2.87855770 2.57950909 1.76476893 6.77479930 9.678260609639e-04 1.720900693742e+01 8.637179985212e-04 4.151601927592e-05 8.947988485403e+02
10 33 4 3.09172317 2.87855770 2.57950909 1.76476893 6.77479930 9.388414482603e-04 1.778863554334e+01 8.665717512565e-04 4.171364749380e-05 9.123247436030e+02
10 34 4 3.09172317 2.87855770 2.57950909 1.76476893 6.77479930 8.804128887696e-04 1.842764375250e+01 8.703696813043e-04 4.201778303125e-05 9.281364484615e+02
10 35 4 3.09172317 2.87855770 2.57950909 1.76476893 6.77479930 7.970144855054e-04 1.906229293415e+01 8.750606934283e-04 4.242786542140e-05 9.388191298303e+02
10 36 4 3.09172317 2.87855770 2.57950909 1.76476893 6.77479930 6.949797360139e-04 1.965002236976e+01 8.805755892612e-04 4.294317731324e-05 9.462477614845e+02
10 37 4 3.09172317 2.87855770 2.57950909 1.76476893 6.77479930 5.818971988801e-04 2.017665769533e+01 8.868278110227e-04 4.356284635754e-05 9.547048895118e+02
10 38 4 3.09172317 2.87855770 2.57950909 1.76476893 6.77479930 4.658791143282e-04 2.065101776639e+01 8.937143782482e-04 4.428584748339e-05 9.670070936522e+02
10 39 4 3.09172317 2.87855770 2.57950909 1.76476893 6.77479930 3.547771044051e-04 2.109090871134e+01 9.011170082376e-04 4.511100556097e-05 9.833268663256e+02
10 40 4 3.09172317 2.87855770 2.57950909 1.76476893 6.77479930 2.554290087362e-04 2.151097579804e+01 9.089034091371e-04 4.603699844564e-05 1.002647871554e+03
10 41 4 3.09172317 2.87855770 2.57950909 1.76476893 6.77479930 1.730222803787e-04 2.191876326607e+01 9.169287328850e-04 4.706236039772e-05 1.024241631516e+03
10 42 4 3.09172317 2.87855770 2.57950909 1.76476893 6.77479930 1.106505671151e-04 2.231570698948e+01 9.250371736956e-04 4.818548587155e-05 1.047733101271e+03
10 43 4 3.09172317 2.87855770 2.57950909 1.76476893 6.77479930 6.912068170358e-05 2.269816940103e+01 9.330636963488e-04 4.940463366680e-05 1.072667792382e+03
10 44 4 3.09172317 2.87855770 2.57950909 1.76476893 6.77479930 4.703824121578e-05 2.306060293212e+01 9.408358772957e-04 5.071793143436e-05 1.098640011868e+03
10 45 4 3.09172317 2.87855770 2.57950909 1.76476893 6.77479930 4.116471344228e-05 2.340501530251e+01 9.481758405102e-04 5.212338052847e-05 1.125489056735e+03
10 46 4 3.09172317 2.87855770 2.57950909 1.76476893 6.77479930 4.700093969457e-05 2.375308912957e+01 9.549022691145e-04 5.361886119594e-05 1.152772782082e+03
10 47 4 3.09172317 2.87855770 2.57950909 1.76476893 6.77479930 5.951798642031e-05 2.415150118478e+01 9.608324730925e-04 5.520213809293e-05 1.179249619770e+03
10 48 4 3.09172317 2.87855770 2.57950909 1.76476893 6.77479930 7.393123012459e-05 2.466583851426e+01 9.657844928921e-04 5.687086611905e-05 1.203755721263e+03
10 49 4 3.09172317 2.87855770 2.57950909 1.76476893 6.77479930 8.640291537523e-05 2.536576385412e+01 9.695792183996e-04 5.862259655777e-05 1.227057335459e+03
10 50 4 3.09172317 2.87855770 2.57950909 1.76476893 6.77479930 9.456520810339e-05 2.630502173689e+01 9.720425026620e-04 6.045478351184e-05 1.252324587480e+03
10 51 4 3.09172317 2.87855770 2.57950909 1.76476893 6.77479930 9.778047383851e-05 2.750065246179e+01 9.730072498276e-04 6.236479062163e-05 1.282897767882e+03
10 52 4 3.09172317 2.87855770 2.57950909 1.76476893 6.77479930 9.709551002842e-05 2.892223325178e+01 9.723154570728e-04 6.434989805381e-05 1.319166544042e+03
10 53 4 3.09172317 2.87855770 2.57950909 1.76476893 6.77479930 9.489613413076e-05 3.050281356565e+01 9.698201907851e-04 6.640730974737e-05 1.357709871944e+03
10 54 4 3.09172317 2.87855770 2.57950909 1.76476893 6.77479930 9.431998438006e-05 3.216786135989e+01 9.653874779642e-04 6.853416090327e-05 1.393615785098e+03
10 55 4 3.09172317 2.87855770 2.57950909 1.76476893 6.77479930 9.852969684085e-05 3.386154388337e+01 9.588980946888e-04 7.072752570376e-05 1.423856820056e+03
10 56 4 3.09172317 2.87855770 2.57950909 1.76476893 6.77479930 1.099773678245e-04 3.555385349158e+01 9.502492345553e-04 7.298442524671e-05 1.449100763866e+03
10 57 4 3.09172317 2.87855770 2.57950909 1.76476893 6.77479930 1.297981176096e-04 3.723240486560e+01 9.393560412259e-04 7.530183568010e-05 1.473166442856e+03
10 58 4 3.09172317 2.87855770 2.57950909 1.76476893 6.77479930 1.574528627982e-04 3.889245565758e+01 9.261529906045e-04 7.767669652115e-05 1.500892230124e+03
10 59 4 3.09172317 2.87855770 2.57950909 1.76476893 6.77479930 1.906996288966e-04 4.053055026840e+01 9.105951096858e-04 8.010591914442e-05 1.535488562292e+03
10 60 4 3.09172317 2.87855770 2.57950909 1.76476893 6.77479930 2.259148405919e-04 4.214048015854e+01 8.926590207702e-04 8.258639542265e-05 1.576605145478e+03
10 61 4 3.09172317 2.87855770 2.57950909 1.76476893 6.77479930 2.587206087583e-04 4.371399677572e+01 8.723438014928e-04 8.511500650389e-05 1.620559456546e+03
10 62 4 3.09172317 2.87855770 2.57950909 1.76476893 6.77479930 2.848128176172e-04 4.524821272079e+01 8.496716529633e-04 8.768863170815e-05 1.663041075369e+03
10 63 4 3.09172317 2.87855770 2.57950909 1.76476893 6.77479930 3.008396203815e-04 4.675172506964e+01 8.246883702258e-04 9.030415752643e-05 1.702221444140e+03
12 0 4 1.89648152 1.85333378 1.61651241 1.22485676 3.12939910 9.070573365251e+00 1.034839403150e+01 3.949327969095e-04 2.524528071925e-04 9.553112205542e+01
12 1 4 1.89648152 1.85333378 1.61651241 1.22485676 3.12939910 9.743089256411e+00 9.930103169467e+00 3.804529443038e-04 2.271559000456e-04 9.066475646511e+01
12 2 4 1.89648152 1.85333378 1.61651241 1.22485676 3.12939910 9.293952586821e+00 9.505240336366e+00 3.664540003528e-04 2.018455123289e-04 8.528540528896e+01
12 3 4 1.89648152 1.85333378 1.61651241 1.22485676 3.12939910 8.089511442449e+00 9.102324736551e+00 3.529360741874e-04 1.788371946123e-04 7.951150822643e+01
12 4 4 1.89648152 1.85333378 1.61651241 1.22485676 3.12939910 7.822827668215e+00 8.703258185402e+00 3.398992711885e-04 1.600078936166e-04 7.342170318729e+01
12 5 4 1.89648152 1.85333378 1.61651241 1.22485676 3.12939910 8.437493321931e+00 8.278104981285e+00 3.273436929864e-04 1.465801826993e-04 6.710125401462e+01
12 6 4 1.89648152 1.85333378 1.61651241 1.22485676 3.12939910 8.363541374625e+00 7.855938470576e+00 3.152694374600e-04 1.390100353270e-04 6.084423834328e+01
12 7 4 1.89648152 1.85333378 1.61651241 1.22485676 3.12939910 7.392965117346e+00 7.497915761594e+00 3.036765987359e-04 1.369848897685e-04 5.512896523359e+01
12 8 4 1.89648152 1.85333378 1.61651241 1.22485676 3.12939910 6.926036132537e+00 7.213057309735e+00 2.925652671877e-04 1.395233838232e-04 5.032919785017e+01
12 9 4 1.89648152 1.85333378 1.61651241 1.22485676 3.12939910 7.387444222037e+00 6.950577930517e+00 2.819355294354e-04 1.451552455826e-04 4.648089055708e+01
12 10 4 1.89648152 1.85333378 1.61651241 1.22485676 3.12939910 7.553455886175e+00 6.668467450963e+00 2.717874683449e-04 1.521509630928e-04 4.334934330065e+01
12 11 4 1.89648152 1.85333378 1.61651241 1.22485676 3.12939910 6.790385608581e+00 6.367823301080e+00 2.621211630266e-04 1.587668742178e-04 4.069612782977e+01
12 12 4 1.89648152 1.85333378 1.61651241 1.22485676 3.12939910 6.098439047062e+00 6.064327458797e+00 2.529366888358e-04 1.634723111802e-04 3.844393839195e+01
12 13 4 1.89648152 1.85333378 1.61651241 1.22485676 3.12939910 6.253696538760e+00 5.765046759566e+00 2.442341173713e-04 1.651307941574e-04 3.661478819138e+01
12 14 4 1.89648152 1.85333378 1.61651241 1.22485676 3.12939910 6.485065702601e+00 5.476819389037e+00 2.360135164754e-04 1.631158398509e-04 3.521705621831e+01
12 15 4 1.89648152 1.85333378 1.61651241 1.22485676 3.12939910 5.946946131814e+00 5.210172433164e+00 2.282749502328e-04 1.573522508880e-04 3.424459727017e+01
12 16 4 1.89648152 1.85333378 1.61651241 1.22485676 3.12939910 5.218262584039e+00 4.972172477212e+00 2.210184789708e-04 1.482842140081e-04 3.371648411463e+01
12 17 4 1.89648152 1.85333378 1.61651241 1.22485676 3.12939910 5.205880531601e+00 4.771109775651e+00 2.142441592582e-04 1.367807420105e-04 3.365574567457e+01
12 18 4 1.89648152 1.85333378 1.61651241 1.22485676 3.12939910 5.550335781892e+00 4.619057911488e+00 2.079520439053e-04 1.239958634430e-04 3.404466435786e+01
12 19 4 1.89648152 1.85333378 1.61651241 1.22485676 3.12939910 5.337250361757e+00 4.511132835663e+00 2.021421819630e-04 1.112048615199e-04 3.479908584919e+01
12 20 4 1.89648152 1.85333378 1.61651241 1.22485676 3.12939910 4.711443909933e+00 4.416054467322e+00 1.968146187232e-04 9.963864085164e-05 3.576693996030e+01
12 21 4 1.89648152 1.85333378 1.61651241 1.22485676 3.12939910 4.549203018697e+00 4.310519353886e+00 1.919693957174e-04 9.033625132615e-05 3.680336496889e+01
12 22 4 1.89648152 1.85333378 1.61651241 1.22485676 3.12939910 4.886844855924e+00 4.208295719142e+00 1.876065507175e-04 8.403135726843e-05 3.787641452625e+01
12 23 4 1.89648152 1.85333378 1.61651241 1.22485676 3.12939910 4.894652652156e+00 4.128768879579e+00 1.837261177346e-04 8.108284113163e-05 3.900257035515e+01
12 24 4 1.89648152 1.85333378 1.61651241 1.22485676 3.12939910 4.364409580362e+00 4.053921765503e+00 1.803281270191e-04 8.145365799455e-05 4.005087999872e+01
12 25 4 1.89648152 1.85333378 1.61651241 1.22485676 3.12939910 4.047459257213e+00 3.952485693295e+00 1.774126050606e-04 8.473630763275e-05 4.078129979119e+01
12 26 4 1.89648152 1.85333378 1.61651241 1.22485676 3.12939910 4.295188785676e+00 3.834789336422e+00 1.749795745876e-04 9.021847695364e-05 4.114561613791e+01
12 27 4 1.89648152 1.85333378 1.61651241 1.22485676 3.12939910 4.464467149715e+00 3.741619715790e+00 1.730290545670e-04 9.697890150995e-05 4.134880971953e+01
12 28 4 1.89648152 1.85333378 1.61651241 1.22485676 3.12939910 4.107322854722e+00 3.683834944696e+00 1.715610602043e-04 1.040014342830e-04 4.153543204629e+01
12 29 4 1.89648152 1.85333378 1.61651241 1.22485676 3.12939910 3.771664613851e+00 3.640494725562e+00 1.705756029437e-04 1.102946245965e-04 4.167876961064e+01
12 30 4 1.89648152 1.85333378 1.61651241 1.22485676 3.12939910 4.015416457450e+00 3.621084613451e+00 1.700726904673e-04 1.150045955928e-04 4.189209297860e+01
12 31 4 1.89648152 1.85333378 1.61651241 1.22485676 3.12939910 4.426152163441e+00 3.676230060623e+00 1.700523266956e-04 1.175104004223e-04 4.250968802011e+01
12 32 4 1.89648152 1.85333378 1.61651241 1.22485676 3.12939910 4.367510120012e+00 3.823633035409e+00 1.705145117875e-04 1.174930771192e-04 4.362193773965e+01
12 33 4 1.89648152 1.85333378 1.61651241 1.22485676 3.12939910 4.114776430928e+00 4.008059835400e+00 1.714592421398e-04 1.149721036112e-04 4.480378905104e+01
12 34 4 1.89648152 1.85333378 1.61651241 1.22485676 3.12939910 4.360897184290e+00 4.167292252188e+00 1.728865103878e-04 1.103057377787e-04 4.555511288395e+01
12 35 4 1.89648152 1.85333378 1.61651241 1.22485676 3.12939910 4.940755215645e+00 4.301841806358e+00 1.747963054051e-04 1.041547255896e-04 4.577527936907e+01
12 36 4 1.89648152 1.85333378 1.61651241 1.22485676 3.12939910 5.069095616666e+00 4.442437484228e+00 1.771886123035e-04 9.741200137841e-05 4.558152385889e+01
12 37 4 1.89648152 1.85333378 1.61651241 1.22485676 3.12939910 4.742543238617e+00 4.581774692955e+00 1.800634124335e-04 9.110418614209e-05 4.493969085932e+01
12 38 4 1.89648152 1.85333378 1.61651241 1.22485676 3.12939910 4.782953655234e+00 4.688859499351e+00 1.834206833841e-04 8.627373932379e-05 4.378446174901e+01
12 39 4 1.89648152 1.85333378 1.61651241 1.22485676 3.12939910 5.362566057280e+00 4.773233077114e+00 1.872603989832e-04 8.385327289031e-05 4.231269694763e+01
12 40 4 1.89648152 1.85333378 1.61651241 1.22485676 3.12939910 5.657091759449e+00 4.881314063447e+00 1.915825292978e-04 8.454544796665e-05 4.085086509514e+01
12 41 4 1.89648152 1.85333378 1.61651241 1.22485676 3.12939910 5.322312618857e+00 5.030799541585e+00 1.963870406341e-04 8.872265918633e-05 3.952705637797e+01
12 42 4 1.89648152 1.85333378 1.61651241 1.22485676 3.12939910 5.166609032851e+00 5.196299508190e+00 2.016738955378e-04 9.636001707922e-05 3.829198478801e+01
12 43 4 1.89648152 1.85333378 1.61651241 1.22485676 3.12939910 5.740275104827e+00 5.365801383405e+00 2.074430527944e-04 1.070127290257e-04 3.717449437382e+01
12 44 4 1.89648152 1.85333378 1.61651241 1.22485676 3.12939910 6.308307715193e+00 5.567235507198e+00 2.136944674297e-04 1.198448219129e-04 3.632956770881e+01
12 45 4 1.89648152 1.85333378 1.61651241 1.22485676 3.12939910 6.125330762882e+00 5.824375459547e+00 2.204280907097e-04 1.337104777180e-04 3.588380277710e+01
12 46 4 1.89648152 1.85333378 1.61651241 1.22485676 3.12939910 5.826788046168e+00 6.121421486313e+00 2.276438701417e-04 1.472825893624e-04 3.586098452973e+01
12 47 4 1.89648152 1.85333378 1.61651241 1.22485676 3.12939910 6.349402978082e+00 6.427701647152e+00 2.353417494739e-04 1.592162726119e-04 3.623481301800e+01
12 48 4 1.89648152 1.85333378 1.61651241 1.22485676 3.12939910 7.187357303157e+00 6.729748056465e+00 2.435216686963e-04 1.683289538423e-04 3.699370794447e+01
12 49 4 1.89648152 1.85333378 1.61651241 1.22485676 3.12939910 7.209841780984e+00 7.025050208904e+00 2.521835640413e-04 1.737743049365e-04 3.817821608920e+01
12 50 4 1.89648152 1.85333378 1.61651241 1.22485676 3.12939910 6.717723237157e+00 7.309000658032e+00 2.613273679837e-04 1.751856142667e-04 3.987392156088e+01
12 51 4 1.89648152 1.85333378 1.61651241 1.22485676 3.12939910 6.972542459387e+00 7.581180198632e+00 2.709530092417e-04 1.727657854765e-04 4.215905510216e+01
12 52 4 1.89648152 1.85333378 1.61651241 1.22485676 3.12939910 7.903363574155e+00 7.846174824619e+00 2.810604127772e-04 1.673062388696e-04 4.510025046542e+01
12 53 4 1.89648152 1.85333378 1.61651241 1.22485676 3.12939910 8.161633512600e+00 8.105815833437e+00 2.916494997964e-04 1.601252336890e-04 4.882383296258e+01
12 54 4 1.89648152 1.85333378 1.61651241 1.22485676 3.12939910 7.584733692033e+00 8.373687328988e+00 3.027201877506e-04 1.529266812418e-04 5.349961641850e+01
12 55 4 1.89648152 1.85333378 1.61651241 1.22485676 3.12939910 7.617467760475e+00 8.690364053620e+00 3.142723903365e-04 1.475920634325e-04 5.914865558327e+01
12 56 4 1.89648152 1.85333378 1.61651241 1.22485676 3.12939910 8.723958454742e+00 9.084616364455e+00 3.263060174974e-04 1.459289845212e-04 6.547844053682e+01
12 57 4 1.89648152 1.85333378 1.61651241 1.22485676 3.12939910 9.431047897592e+00 9.519301499975e+00 3.388209754233e-04 1.494084546642e-04 7.198943414727e+01
12 58 4 1.89648152 1.85333378 1.61651241 1.22485676 3.12939910 8.972608917143e+00 9.922345873506e+00 3.518171665520e-04 1.589276949070e-04 7.829682869299e+01
12 59 4 1.89648152 1.85333378 1.61651241 1.22485676 3.12939910 8.802665078754e+00 1.027831411400e+01 3.652944895698e-04 1.746349623970e-04 8.434870673718e+01
12 60 4 1.89648152 1.85333378 1.61651241 1.22485676 3.12939910 9.986436587402e+00 1.063910110090e+01 3.792528394123e-04 1.958471716917e-04 9.030987772914e+01
12 61 4 1.89648152 1.85333378 1.61651241 1.22485676 3.12939910 1.113249843310e+01 1.103547392118e+01 3.936921072652e-04 2.210802711007e-04 9.627424254238e+01
12 62 4 1.89648152 1.85333378 1.61651241 1.22485676 3.12939910 1.084938867831e+01 1.144226670624e+01 4.086121805649e-04 2.481975713269e-04 1.022021348102e+02
12 63 4 1.89648152 1.85333378 1.61651241 1.22485676 3.12939910 1.038117675821e+01 1.185506673874e+01 4.240129429999e-04 2.746643757186e-04 1.081194686267e+02
14 0 4 3.06119198 1.83635980 1.76570967 1.45916429 2.91626971 6.427704789418e+00 2.625398550364e-01 1.552252462779e-04 3.058253032693e+00 5.372830089978e+01
14 1 4 3.06119198 1.83635980 1.76570967 1.45916429 2.91626971 7.780961998575e+00 2.385329980899e-01 1.532797724095e-04 2.906583053293e+00 5.260655156825e+01
14 2 4 3.06119198 1.83635980 1.76570967 1.45916429 2.91626971 9.390401141645e+00 2.118692660150e-01 1.811583402737e-04 2.790469755537e+00 5.157228136101e+01
14 3 4 3.06119198 1.83635980 1.76570967 1.45916429 2.91626971 9.155256195590e+00 1.910416803816e-01 2.268783990412e-04 2.702572522779e+00 5.035198255611e+01
14 4 4 3.06119198 1.83635980 1.76570967 1.45916429 2.91626971 7.038943763437e+00 1.819777957571e-01 2.750583046787e-04 2.614644888686e+00 4.883465490612e+01
14 5 4 3.06119198 1.83635980 1.76570967 1.45916429 2.91626971 5.163058539066e+00 1.796452107352e-01 3.109117666418e-04 2.504645411814e+00 4.710108413985e+01
14 6 4 3.06119198 1.83635980 1.76570967 1.45916429 2.91626971 5.236423381091e+00 1.754038406199e-01 3.237359005375e-04 2.378740038216e+00 4.529880930025e+01
14 7 4 3.06119198 1.83635980 1.76570967 1.45916429 2.91626971 6.659337545547e+00 1.684243379225e-01 3.091070655851e-04 2.261310311940e+00 4.352066906648e+01
14 8 4 3.06119198 1.83635980 1.76570967 1.45916429 2.91626971 7.513836471110e+00 1.649045309681e-01 2.693799568295e-04 2.168023902147e+00 4.179558098830e+01
14 9 4 3.06119198 1.83635980 1.76570967 1.45916429 2.91626971 6.872832062042e+00 1.677444742450e-01 2.125289694808e-04 2.096402803336e+00 4.014732627304e+01
14 10 4 3.06119198 1.83635980 1.76570967 1.45916429 2.91626971 5.489663244641e+00 1.724924464566e-01 1.497643786219e-04 2.035393996403e+00 3.861613156048e+01
14 11 4 3.06119198 1.83635980 1.76570967 1.45916429 2.91626971 4.460772934755e+00 1.745395175432e-01 9.260944453475e-05 1.972264520431e+00 3.722069979087e+01
14 12 4 3.06119198 1.83635980 1.76570967 1.45916429 2.91626971 4.199109968520e+00 1.757038885208e-01 5.019027944172e-05 1.896410557732e+00 3.593221875250e+01
14 13 4 3.06119198 1.83635980 1.76570967 1.45916429 2.91626971 4.569745877948e+00 1.804087573849e-01 2.736997328337e-05 1.810803844778e+00 3.471127878849e+01
14 14 4 3.06119198 1.83635980 1.76570967 1.45916429 2.91626971 5.173050247828e+00 1.878624735121e-01 2.409830065734e-05 1.735945805053e+00 3.356421231232e+01
14 15 4 3.06119198 1.83635980 1.76570967 1.45916429 2.91626971 5.399561662321e+00 1.921460322742e-01 3.602350468001e-05 1.687993512635e+00 3.254236026132e+01
14 16 4 3.06119198 1.83635980 1.76570967 1.45916429 2.91626971 4.761200775537e+00 1.897493451405e-01 5.610639362056e-05 1.655268259757e+00 3.167963623163e+01
14 17 4 3.06119198 1.83635980 1.76570967 1.45916429 2.91626971 3.588756407257e+00 1.833122898768e-01 7.675985517011e-05 1.611134268787e+00 3.094231731573e+01
14 18 4 3.06119198 1.83635980 1.76570967 1.45916429 2.91626971 2.975451051011e+00 1.767120248975e-01 9.195137291580e-05 1.549251210640e+00 3.024917198254e+01
14 19 4 3.06119198 1.83635980 1.76570967 1.45916429 2.91626971 3.557383169223e+00 1.695586794244e-01 9.875961381252e-05 1.490802681785e+00 2.953673511470e+01
14 20 4 3.06119198 1.83635980 1.76570967 1.45916429 2.91626971 4.583204252036e+00 1.592500513989e-01 9.804307853712e-05 1.455313463717e+00 2.880220864215e+01
14 21 4 3.06119198 1.83635980 1.76570967 1.45916429 2.91626971 4.717363049934e+00 1.467827246020e-01 9.411028957074e-05 1.439367506718e+00 2.809741912406e+01
14 22 4 3.06119198 1.83635980 1.76570967 1.45916429 2.91626971 3.734909141409e+00 1.369359743877e-01 9.351874772939e-05 1.428554524014e+00 2.750157768457e+01
14 23 4 3.06119198 1.83635980 1.76570967 1.45916429 2.91626971 2.720799196862e+00 1.322057870798e-01 1.033205195830e-04 1.416538050078e+00 2.709467323730e+01
14 24 4 3.06119198 1.83635980 1.76570967 1.45916429 2.91626971 2.610892836879e+00 1.293944721462e-01 1.291785898201e-04 1.404560406945e+00 2.691466045316e+01
14 25 4 3.06119198 1.83635980 1.76570967 1.45916429 2.91626971 3.202045595188e+00 1.239072252387e-01 1.737850180362e-04 1.392659663820e+00 2.689257483618e+01
14 26 4 3.06119198 1.83635980 1.76570967 1.45916429 2.91626971 3.685258296485e+00 1.155897648375e-01 2.359269921257e-04 1.381114041031e+00 2.682583014782e+01
14 27 4 3.06119198 1.83635980 1.76570967 1.45916429 2.91626971 3.654906643472e+00 1.079544764739e-01 3.103955172623e-04 1.375158160864e+00 2.647146594483e+01
14 28 4 3.06119198 1.83635980 1.76570967 1.45916429 2.91626971 3.245815637477e+00 1.024903018535e-01 3.887495282862e-04 1.380389839324e+00 2.574348949131e+01
14 29 4 3.06119198 1.83635980 1.76570967 1.45916429 2.91626971 2.701970365055e+00 9.674749772079e-02 4.607734808407e-04 1.395952335222e+00 2.485807097263e+01
14 30 4 3.06119198 1.83635980 1.76570967 1.45916429 2.91626971 2.290398955350e+00 8.894097230422e-02 5.163315481229e-04 1.416825203588e+00 2.425622839748e+01
14 31 4 3.06119198 1.83635980 1.76570967 1.45916429 2.91626971 2.379903266107e+00 8.195600312780e-02 5.472488199425e-04 1.440211030583e+00 2.430894905188e+01
14 32 4 3.06119198 1.83635980 1.76570967 1.45916429 2.91626971 3.054384755041e+00 8.042659771555e-02 5.488492276876e-04 1.466643360871e+00 2.502632215287e+01
14 33 4 3.06119198 1.83635980 1.76570967 1.45916429 2.91626971 3.656386457140e+00 8.476961709191e-02 5.208485670908e-04 1.498015125130e+00 2.602487851396e+01
14 34 4 3.06119198 1.83635980 1.76570967 1.45916429 2.91626971 3.394322649694e+00 9.067633089669e-02 4.674251987526e-04 1.536862344228e+00 2.679731948611e+01
14 35 4 3.06119198 1.83635980 1.76570967 1.45916429 2.91626971 2.481132939100e+00 9.478824071227e-02 3.964485446959e-04 1.583987221506e+00 2.706559383521e+01
14 36 4 3.06119198 1.83635980 1.76570967 1.45916429 2.91626971 2.027189407382e+00 9.844124410474e-02 3.180088260047e-04 1.635067390329e+00 2.693400701537e+01
14 37 4 3.06119198 1.83635980 1.76570967 1.45916429 2.91626971 2.654481180812e+00 1.043559910213e-01 2.425313828790e-04 1.683821005752e+00 2.674929683879e+01
14 38 4 3.06119198 1.83635980 1.76570967 1.45916429 2.91626971 3.666854344161e+00 1.115812560834e-01 1.788486016707e-04 1.729751766378e+00 2.682540216918e+01
14 39 4 3.06119198 1.83635980 1.76570967 1.45916429 2.91626971 3.945465387163e+00 1.165087761383e-01 1.326220543623e-04 1.778034235192e+00 2.726656027582e+01
14 40 4 3.06119198 1.83635980 1.76570967 1.45916429 2.91626971 3.321324510364e+00 1.185911283891e-01 1.054482546889e-04 1.832015660805e+00 2.798454712881e+01
14 41 4 3.06119198 1.83635980 1.76570967 1.45916429 2.91626971 2.616903886337e+00 1.220730512012e-01 9.484926895770e-05 1.893119363155e+00 2.882534842227e+01
14 42 4 3.06119198 1.83635980 1.76570967 1.45916429 2.91626971 2.553519325117e+00 1.306571779816e-01 9.516573588256e-05 1.967221461233e+00 2.967244651445e+01
14 43 4 3.06119198 1.83635980 1.76570967 1.45916429 2.91626971 3.082134032172e+00 1.425212002356e-01 9.916970133933e-05 2.058716681723e+00 3.047853323723e+01
14 44 4 3.06119198 1.83635980 1.76570967 1.45916429 2.91626971 3.774948628220e+00 1.528382520007e-01 1.000411055491e-04 2.155336461775e+00 3.126058859899e+01
14 45 4 3.06119198 1.83635980 1.76570967 1.45916429 2.91626971 4.245910898197e+00 1.600014782033e-01 9.324710990122e-05 2.234180464138e+00 3.208802355044e+01
14 46 4 3.06119198 1.83635980 1.76570967 1.45916429 2.91626971 4.145844513630e+00 1.663465791009e-01 7.785913458917e-05 2.292116101521e+00 3.305009940758e+01
14 47 4 3.06119198 1.83635980 1.76570967 1.45916429 2.91626971 3.448912598009e+00 1.726282957010e-01 5.694967137859e-05 2.356510263746e+00 3.419637485795e+01
14 48 4 3.06119198 1.83635980 1.76570967 1.45916429 2.91626971 2.834083546273e+00 1.752394441356e-01 3.691485287908e-05 2.452229690093e+00 3.549554575923e+01
14 49 4 3.06119198 1.83635980 1.76570967 1.45916429 2.91626971 3.235009707839e+00 1.711145007678e-01 2.582876335014e-05 2.568524690766e+00 3.686451768968e+01
14 50 4 3.06119198 1.83635980 1.76570967 1.45916429 2.91626971 4.633168690316e+00 1.631175901269e-01 3.119199355948e-05 2.674175534480e+00 3.824748177971e+01
14 51 4 3.06119198 1.83635980 1.76570967 1.45916429 2.91626971 5.714155127438e+00 1.571795053732e-01 5.762440509422e-05 2.757759299985e+00 3.965959977832e+01
14 52 4 3.06119198 1.83635980 1.76570967 1.45916429 2.91626971 5.313825648563e+00 1.547312712811e-01 1.051152569807e-04 2.836641397192e+00 4.114588191392e+01
14 53 4 3.06119198 1.83635980 1.76570967 1.45916429 2.91626971 3.990157490509e+00 1.516810960999e-01 1.683536512148e-04 2.931727702523e+00 4.270840005093e+01
14 54 4 3.06119198 1.83635980 1.76570967 1.45916429 2.91626971 3.535387530480e+00 1.457410920939e-01 2.374264692955e-04 3.049827871201e+00 4.429292638528e+01
14 55 4 3.06119198 1.83635980 1.76570967 1.45916429 2.91626971 4.751986781579e+00 1.409354490609e-01 2.998365099177e-04 3.186418588858e+00 4.584541805319e+01
14 56 4 3.06119198 1.83635980 1.76570967 1.45916429 2.91626971 6.464178388223e+00 1.419154852098e-01 3.434383738968e-04 3.327905011641e+00 4.735517488412e+01
14 57 4 3.06119198 1.83635980 1.76570967 1.45916429 2.91626971 7.057977015248e+00 1.465828152271e-01 3.596054640298e-04 3.453153106669e+00 4.882557442842e+01
14 58 4 3.06119198 1.83635980 1.76570967 1.45916429 2.91626971 6.265248879431e+00 1.491140428245e-01 3.458106781535e-04 3.551393239104e+00 5.022771098930e+01
14 59 4 3.06119198 1.83635980 1.76570967 1.45916429 2.91626971 5.174525286501e+00 1.498414126767e-01 3.068760870555e-04 3.641178992223e+00 5.153490814541e+01
14 60 4 3.06119198 1.83635980 1.76570967 1.45916429 2.91626971 4.912228900928e+00 1.567752490758e-01 2.544241828269e-04 3.756812311096e+00 5.282813198598e+01
14 61 4 3.06119198 1.83635980 1.76570967 1.45916429 2.91626971 5.765746349677e+00 1.750559105374e-01 2.044919266953e-04 3.911690754129e+00 5.433457356721e+01
14 62 4 3.06119198 1.83635980 1.76570967 1.45916429 2.91626971 7.290580853526e+00 1.994261128243e-01 1.737500906924e-04 4.083736048084e+00 5.629985654161e+01
14 63 4 3.06119198 1.83635980 1.76570967 1.45916429 2.91626971 8.564675594108e+00 2.217365974283e-01 1.751819667094e-04 4.237522231946e+00 5.878585386099e+01
16 0 4 2.29146890 6.38460633 3.97972435 1.95013452 14.85283889 6.271311818749e-05 9.669714274319e+02 3.149517120697e-01 2.114171601285e-02 1.523886975863e+04
16 1 4 2.29146890 6.38460633 3.97972435 1.95013452 14.85283889 6.155764408362e-05 9.844852946947e+02 3.698966628139e-01 1.506084363143e-02 1.462651996162e+04
16 2 4 2.29146890 6.38460633 3.97972435 1.95013452 14.85283889 7.509652908881e-05 9.970215219403e+02 4.266916612119e-01 9.379078895148e-03 1.400515590859e+04
16 3 4 2.29146890 6.38460633 3.97972435 1.95013452 14.85283889 9.701256194100e-05 1.006567371081e+03 4.759762181192e-01 4.730702665722e-03 1.341631971549e+04
16 4 4 2.29146890 6.38460633 3.97972435 1.95013452 14.85283889 1.197826875340e-04 1.014994111819e+03 5.111474550091e-01 1.567730681903e-03 1.288551092746e+04
16 5 4 2.29146890 6.38460633 3.97972435 1.95013452 14.85283889 1.364935861722e-04 1.022683983714e+03 5.282375050556e-01 1.161728175127e-04 1.242000700538e+04
16 6 4 2.29146890 6.38460633 3.97972435 1.95013452 14.85283889 1.424090435860e-04 1.028116909685e+03 5.253943078964e-01 3.656077363488e-04 1.201269109616e+04
16 7 4 2.29146890 6.38460633 3.97972435 1.95013452 14.85283889 1.358936446401e-04 1.028171853091e+03 5.024950556858e-01 2.090416236445e-03 1.164409683839e+04
16 8 4 2.29146890 6.38460633 3.97972435 1.95013452 14.85283889 1.184942777584e-04 1.018872365194e+03 4.611466895386e-01 4.896982523622e-03 1.128821548562e+04
16 9 4 2.29146890 6.38460633 3.97972435 1.95013452 14.85283889 9.421620688547e-05 9.965313551987e+02 4.049518501810e-01 8.288303422543e-03 1.092481093410e+04
16 10 4 2.29146890 6.38460633 3.97972435 1.95013452 14.85283889 6.823985062772e-05 9.589192198356e+02 3.396561690409e-01 1.173600927907e-02 1.054453582370e+04
16 11 4 2.29146890 6.38460633 3.97972435 1.95013452 14.85283889 4.545529158148e-05 9.061697667338e+02 2.727803283570e-01 1.474983862376e-02 1.014387465701e+04
16 12 4 2.29146890 6.38460633 3.97972435 1.95013452 14.85283889 2.921552274809e-05 8.412855055836e+02 2.125741120757e-01 1.693595562677e-02 9.722720515407e+03
16 13 4 2.29146890 6.38460633 3.97972435 1.95013452 14.85283889 2.062768920874e-05 7.698309183905e+02 1.664783227975e-01 1.803782819223e-02 9.285005632409e+03
16 14 4 2.29146890 6.38460633 3.97972435 1.95013452 14.85283889 1.854217382941e-05 6.987372427835e+02 1.395601445240e-01 1.795627197882e-02 8.835864634136e+03
16 15 4 2.29146890 6.38460633 3.97972435 1.95013452 14.85283889 2.020799392939e-05 6.346572489608e+02 1.334571808081e-01 1.674826274753e-02 8.382328653451e+03
16 16 4 2.29146890 6.38460633 3.97972435 1.95013452 14.85283889 2.238998007552e-05 5.823170929189e+02 1.461932809997e-01 1.460681757523e-02 7.939799574980e+03
16 17 4 2.29146890 6.38460633 3.97972435 1.95013452 14.85283889 2.263065464331e-05 5.434697306033e+02 1.729012264459e-01 1.182632839086e-02 7.531292829161e+03
16 18 4 2.29146890 6.38460633 3.97972435 1.95013452 14.85283889 2.031165559420e-05 5.169572281390e+02 2.071575709389e-01 8.759007420566e-03 7.179373605742e+03
16 19 4 2.29146890 6.38460633 3.97972435 1.95013452 14.85283889 1.722764595251e-05 4.997108734264e+02 2.424481570927e-01 5.768516643728e-03 6.904316283929e+03
16 20 4 2.29146890 6.38460633 3.97972435 1.95013452 14.85283889 1.751081640396e-05 4.882074535606e+02 2.733077278445e-01 3.186469372944e-03 6.724894802175e+03
16 21 4 2.29146890 6.38460633 3.97972435 1.95013452 14.85283889 2.690290518380e-05 4.798501751453e+02 2.958811990928e-01 1.276475245221e-03 6.651779106825e+03
16 22 4 2.29146890 6.38460633 3.97972435 1.95013452 14.85283889 5.152557644400e-05 4.736706059881e+02 3.079283063297e-01 2.089728201070e-04 6.683800291950e+03
16 23 4 2.29146890 6.38460633 3.97972435 1.95013452 14.85283889 9.641471881571e-05 4.701958119181e+02 3.085086553034e-01 4.849729274123e-05 6.814154073720e+03
16 24 4 2.29146890 6.38460633 3.97972435 1.95013452 14.85283889 1.641369915908e-04 4.707863784248e+02 2.976526850904e-01 7.534860446413e-04 7.031207609494e+03
16 25 4 2.29146890 6.38460633 3.97972435 1.95013452 14.85283889 2.537902874506e-04 4.767542339866e+02 2.762341174038e-01 2.187405784286e-03 7.310928751970e+03
16 26 4 2.29146890 6.38460633 3.97972435 1.95013452 14.85283889 3.606113753851e-04 4.886354002044e+02 2.460733708664e-01 4.139001856292e-03 7.619625271908e+03
16 27 4 2.29146890 6.38460633 3.97972435 1.95013452 14.85283889 4.762932716285e-04 5.058879225596e+02 2.101197534448e-01 6.348865578283e-03 7.925384777942e+03
16 28 4 2.29146890 6.38460633 3.97972435 1.95013452 14.85283889 5.899777339720e-04 5.269000891215e+02 1.724728842269e-01 8.539272705592e-03 8.199720852536e+03
16 29 4 2.29146890 6.38460633 3.97972435 1.95013452 14.85283889 6.897612572748e-04 5.491965400399e+02 1.380502312687e-01 1.044430629700e-02 8.417941187830e+03
16 30 4 2.29146890 6.38460633 3.97972435 1.95013452 14.85283889 7.644584573466e-04 5.698290487873e+02 1.118629358741e-01 1.183755963376e-02 8.572254636409e+03
16 31 4 2.29146890 6.38460633 3.97972435 1.95013452 14.85283889 8.053197312499e-04 5.858324438913e+02 9.805189993250e-02 1.255513760598e-02 8.673077477870e+03
16 32 4 2.29146890 6.38460633 3.97972435 1.95013452 14.85283889 8.074066765083e-04 5.947630449295e+02 9.897201316965e-02 1.251217162837e-02 8.720983348901e+03
16 33 4 2.29146890 6.38460633 3.97972435 1.95013452 14.85283889 7.703862836177e-04 5.953490009340e+02 1.146311091136e-01 1.171159199892e-02 8.689806466328e+03
16 34 4 2.29146890 6.38460633 3.97972435 1.95013452 14.85283889 6.986031291911e-04 5.879762402321e+02 1.426804844563e-01 1.024444714975e-02 8.554078587067e+03
16 35 4 2.29146890 6.38460633 3.97972435 1.95013452 14.85283889 6.004115967812e-04 5.747708043629e+02 1.789604706959e-01 8.281625828909e-03 8.321330759503e+03
16 36 4 2.29146890 6.38460633 3.97972435 1.95013452 14.85283889 4.868777212031e-04 5.591857786127e+02 2.184091038344e-01 6.057438251594e-03 8.025094183094e+03
16 37 4 2.29146890 6.38460633 3.97972435 1.95013452 14.85283889 3.700714726280e-04 5.450266088217e+02 2.560275217309e-01 3.846151623587e-03 7.701951393147e+03
16 38 4 2.29146890 6.38460633 3.97972435 1.95013452 14.85283889 2.612455329546e-04 5.352359922413e+02 2.876108717808e-01 1.933240437294e-03 7.387606245460e+03
16 39 4 2.29146890 6.38460633 3.97972435 1.95013452 14.85283889 1.692208029630e-04 5.310183980226e+02 3.100898464096e-01 5.837604177094e-04 7.118557370119e+03
16 40 4 2.29146890 6.38460633 3.97972435 1.95013452 14.85283889 9.926460306785e-05 5.316340447921e+02 3.215218928793e-01 1.081478641803e-05 6.923070099925e+03
16 41 4 2.29146890 6.38460633 3.97972435 1.95013452 14.85283889 5.265750035805e-05 5.350250004771e+02 3.209305297474e-01 3.474572342755e-04 6.818052515301e+03
16 42 4 2.29146890 6.38460633 3.97972435 1.95013452 14.85283889 2.701277020670e-05 5.391212151246e+02 3.082369957992e-01 1.625463832185e-03 6.817102912194e+03
16 43 4 2.29146890 6.38460633 3.97972435 1.95013452 14.85283889 1.726255653902e-05 5.431567800589e+02 2.844335513861e-01 3.764114490796e-03 6.930005866801e+03
16 44 4 2.29146890 6.38460633 3.97972435 1.95013452 14.85283889 1.708705237735e-05 5.484097860058e+02 2.519544290642e-01 6.571397232579e-03 7.154177030307e+03
16 45 4 2.29146890 6.38460633 3.97972435 1.95013452 14.85283889 2.046815245808e-05 5.580970975837e+02 2.150056017832e-01 9.758885535679e-03 7.476513493139e+03
16 46 4 2.29146890 6.38460633 3.97972435 1.95013452 14.85283889 2.302107329872e-05 5.763404476823e+02 1.795262562864e-01 1.297001120684e-02 7.880680938592e+03
16 47 4 2.29146890 6.38460633 3.97972435 1.95013452 14.85283889 2.280719511438e-05 6.066481325189e+02 1.525383357476e-01 1.581970819379e-02 8.345881763791e+03
16 48 4 2.29146890 6.38460633 3.97972435 1.95013452 14.85283889 2.045215330109e-05 6.505838100418e+02 1.408796137389e-01 1.794164756068e-02 8.846132963284e+03
16 49 4 2.29146890 6.38460633 3.97972435 1.95013452 14.85283889 1.856042943272e-05 7.069515851547e+02 1.496115462906e-01 1.903777450575e-02 9.357663563360e+03
16 50 4 2.29146890 6.38460633 3.97972435 1.95013452 14.85283889 2.059318766514e-05 7.717552250239e+02 1.806047643749e-01 1.892385734760e-02 9.861315759686e+03
16 51 4 2.29146890 6.38460633 3.97972435 1.95013452 14.85283889 2.951646396869e-05 8.389769642992e+02 2.318169282013e-01 1.756449522694e-02 1.033755611054e+04
16 52 4 2.29146890 6.38460633 3.97972435 1.95013452 14.85283889 4.659415937461e-05 9.017875665403e+02 2.975611604801e-01 1.509165905238e-02 1.076885580234e+04
16 53 4 2.29146890 6.38460633 3.97972435 1.95013452 14.85283889 7.067273483674e-05 9.539798242408e+02 3.697002486235e-01 1.180239881176e-02 1.114827912771e+04
16 54 4 2.29146890 6.38460633 3.97972435 1.95013452 14.85283889 9.818345302494e-05 9.914458506760e+02 4.393533146302e-01 8.133742217628e-03 1.148203389633e+04
16 55 4 2.29146890 6.38460633 3.97972435 1.95013452 14.85283889 1.238998326095e-04 1.013176613469e+03 4.985326743220e-01 4.615794721555e-03 1.178932284182e+04
16 56 4 2.29146890 6.38460633 3.97972435 1.95013452 14.85283889 1.422790596675e-04 1.021513947386e+03 5.412238409679e-01 1.807264156908e-03 1.210298224592e+04
16 57 4 2.29146890 6.38460633 3.97972435 1.95013452 14.85283889 1.490419218601e-04 1.021506089429e+03 5.637359916519e-01 2.206247519356e-04 1.246088382838e+04
16 58 4 2.29146890 6.38460633 3.97972435 1.95013452 14.85283889 1.425565442089e-04 1.019166886225e+03 5.645235785829e-01 2.464296170418e-04 1.289067024308e+04
16 59 4 2.29146890 6.38460633 3.97972435 1.95013452 14.85283889 1.246173775886e-04 1.019212478600e+03 5.439139402104e-01 2.087448533367e-03 1.340369704656e+04
16 60 4 2.29146890 6.38460633 3.97972435 1.95013452 14.85283889 1.003534388045e-04 1.023266204821e+03 5.041381287809e-01 5.713038518102e-03 1.399628908249e+04
16 61 4 2.29146890 6.38460633 3.97972435 1.95013452 14.85283889 7.722730984609e-05 1.029215708068e+03 4.497625898906e-01 1.084232030342e-02 1.464806475529e+04
16 62 4 2.29146890 6.38460633 3.97972435 1.95013452 14.85283889 6.334125158645e-05 1.032354581825e+03 3.882164012646e-01 1.696143133809e-02 1.532349217458e+04
16 63 4 2.29146890 6.38460633 3.97972435 1.95013452 14.85283889 6.547912961596e-05 1.028151724729e+03 3.298355802585e-01 2.337568825609e-02 1.598042786799e+04
17 0 4 1.63125841 1.29385553 1.20567719 1.02299615 1.81324152 4.964769426125e-02 2.624432190498e+00 1.334961106222e-04 4.874680117799e-01 1.071699416958e+01
17 1 4 1.63125841 1.29385553 1.20567719 1.02299615 1.81324152 4.647495404818e-02 2.476614411154e+00 1.136826603732e-04 4.670990926505e-01 1.014522547276e+01
17 2 4 1.63125841 1.29385553 1.20567719 1.02299615 1.81324152 4.458816860255e-02 2.351607984278e+00 1.215090539214e-04 4.481732705592e-01 9.571330006863e+00
17 3 4 1.63125841 1.29385553 1.20567719 1.02299615 1.81324152 4.225302490785e-02 2.230415474744e+00 1.468464996318e-04 4.308807384207e-01 9.019082792760e+00
17 4 4 1.63125841 1.29385553 1.20567719 1.02299615 1.81324152 3.878103211796e-02 2.100408386973e+00 1.688711174346e-04 4.150423872704e-01 8.492743465323e+00
17 5 4 1.63125841 1.29385553 1.20567719 1.02299615 1.81324152 3.542607752278e-02 1.976167885581e+00 1.679179138075e-04 4.002081927971e-01 7.983611039112e+00
17 6 4 1.63125841 1.29385553 1.20567719 1.02299615 1.81324152 3.306676234849e-02 1.872492459107e+00 1.364395007284e-04 3.858448850029e-01 7.488336372563e+00
17 7 4 1.63125841 1.29385553 1.20567719 1.02299615 1.81324152 3.114939465536e-02 1.779283903237e+00 8.351517214519e-05 3.715357991292e-01 7.019962763463e+00
17 8 4 1.63125841 1.29385553 1.20567719 1.02299615 1.81324152 2.917124031438e-02 1.679421397073e+00 3.084684665040e-05 3.571173532629e-01 6.601748561910e+00
17 9 4 1.63125841 1.29385553 1.20567719 1.02299615 1.81324152 2.749494501708e-02 1.575226275361e+00 2.479332528694e-06 3.427066902222e-01 6.251104090774e+00
17 10 4 1.63125841 1.29385553 1.20567719 1.02299615 1.81324152 2.605384156213e-02 1.479482506316e+00 1.343756351417e-05 3.286198505707e-01 5.968945727579e+00
17 11 4 1.63125841 1.29385553 1.20567719 1.02299615 1.81324152 2.365778722069e-02 1.391772970036e+00 6.273774734490e-05 3.152211579470e-01 5.742291799822e+00
17 12 4 1.63125841 1.29385553 1.20567719 1.02299615 1.81324152 1.965981352350e-02 1.302768000558e+00 1.338595964757e-04 3.027669556117e-01 5.554634542738e+00
17 13 4 1.63125841 1.29385553 1.20567719 1.02299615 1.81324152 1.546046019745e-02 1.215580193634e+00 2.020847761943e-04 2.913035841091e-01 5.393201950614e+00
17 14 4 1.63125841 1.29385553 1.20567719 1.02299615 1.81324152 1.317247132503e-02 1.143684151001e+00 2.449616868182e-04 2.806540069969e-01 5.248339601298e+00
17 15 4 1.63125841 1.29385553 1.20567719 1.02299615 1.81324152 1.314479589706e-02 1.088740201526e+00 2.509957351892e-04 2.704913063234e-01 5.109538193670e+00
17 16 4 1.63125841 1.29385553 1.20567719 1.02299615 1.81324152 1.384733825871e-02 1.037729656959e+00 2.228750510579e-04 2.604648725671e-01 4.965086708113e+00
17 17 4 1.63125841 1.29385553 1.20567719 1.02299615 1.81324152 1.404829886531e-02 9.845183528672e-01 1.743589022860e-04 2.503282369718e-01 4.806712505802e+00
17 18 4 1.63125841 1.29385553 1.20567719 1.02299615 1.81324152 1.402830671373e-02 9.389062034738e-01 1.229245744450e-04 2.400209985859e-01 4.634279744498e+00
17 19 4 1.63125841 1.29385553 1.20567719 1.02299615 1.81324152 1.449116121070e-02 9.089237564485e-01 8.199021626967e-05 2.296780458355e-01 4.455588442074e+00
17 20 4 1.63125841 1.29385553 1.20567719 1.02299615 1.81324152 1.533341815340e-02 8.875032620716e-01 5.631639553772e-05 2.195680838798e-01 4.281702173107e+00
17 21 4 1.63125841 1.29385553 1.20567719 1.02299615 1.81324152 1.606292762188e-02 8.648391924240e-01 4.231411312724e-05 2.099891106070e-01 4.122387613209e+00
17 22 4 1.63125841 1.29385553 1.20567719 1.02299615 1.81324152 1.666186259469e-02 8.433379634598e-01 3.247674824324e-05 2.011619298144e-01 3.984758478798e+00
17 23 4 1.63125841 1.29385553 1.20567719 1.02299615 1.81324152 1.723252080498e-02 8.302379966253e-01 2.123780412760e-05 1.931602989627e-01 3.873607390534e+00
17 24 4 1.63125841 1.29385553 1.20567719 1.02299615 1.81324152 1.722872966402e-02 8.231313471674e-01 9.083953848825e-06 1.859001794590e-01 3.790167351067e+00
17 25 4 1.63125841 1.29385553 1.20567719 1.02299615 1.81324152 1.593701365064e-02 8.142430142372e-01 2.834562011396e-06 1.791876951214e-01 3.729386080730e+00
17 26 4 1.63125841 1.29385553 1.20567719 1.02299615 1.81324152 1.361739107595e-02 8.046164960541e-01 1.201959259115e-05 1.728044292359e-01 3.680001373560e+00
17 27 4 1.63125841 1.29385553 1.20567719 1.02299615 1.81324152 1.131303600229e-02 8.023505195482e-01 4.324472162130e-05 1.665967833175e-01 3.630944540195e+00
17 28 4 1.63125841 1.29385553 1.20567719 1.02299615 1.81324152 9.400466405090e-03 8.084748148924e-01 9.541643591876e-05 1.605367182191e-01 3.581353197138e+00
17 29 4 1.63125841 1.29385553 1.20567719 1.02299615 1.81324152 7.180964610909e-03 8.163043539413e-01 1.582959228122e-04 1.547331986667e-01 3.545844006705e+00
17 30 4 1.63125841 1.29385553 1.20567719 1.02299615 1.81324152 4.356553662043e-03 8.257041535603e-01 2.152909536967e-04 1.493922058361e-01 3.548364265339e+00
17 31 4 1.63125841 1.29385553 1.20567719 1.02299615 1.81324152 2.168077332568e-03 8.462484582927e-01 2.494211929333e-04 1.447415612762e-01 3.606896342884e+00
17 32 4 1.63125841 1.29385553 1.20567719 1.02299615 1.81324152 2.226218723200e-03 8.819535870218e-01 2.499067084798e-04 1.409487737915e-01 3.719938980881e+00
17 33 4 1.63125841 1.29385553 1.20567719 1.02299615 1.81324152 4.510490575651e-03 9.231328077616e-01 2.164962440310e-04 1.380618666901e-01 3.865712224158e+00
17 34 4 1.63125841 1.29385553 1.20567719 1.02299615 1.81324152 7.400787595819e-03 9.601148449155e-01 1.596156034849e-04 1.359943744934e-01 4.015495789481e+00
17 35 4 1.63125841 1.29385553 1.20567719 1.02299615 1.81324152 9.697248858079e-03 9.965411292331e-01 9.624783431240e-05 1.345596071160e-01 4.151281295356e+00
17 36 4 1.63125841 1.29385553 1.20567719 1.02299615 1.81324152 1.173423339109e-02 1.040506979181e+00 4.334156914041e-05 1.335414510703e-01 4.274712183224e+00
17 37 4 1.63125841 1.29385553 1.20567719 1.02299615 1.81324152 1.418652806840e-02 1.089632813561e+00 1.163574672785e-05 1.327755874576e-01 4.401771465607e+00
17 38 4 1.63125841 1.29385553 1.20567719 1.02299615 1.81324152 1.661796022937e-02 1.136072302225e+00 2.581500295341e-06 1.322108177373e-01 4.549063578715e+00
17 39 4 1.63125841 1.29385553 1.20567719 1.02299615 1.81324152 1.796398346557e-02 1.182027778327e+00 9.603266360040e-06 1.319269265766e-01 4.722940977560e+00
17 40 4 1.63125841 1.29385553 1.20567719 1.02299615 1.81324152 1.799571060632e-02 1.237456985180e+00 2.290515583239e-05 1.321011439121e-01 4.918265046033e+00
17 41 4 1.63125841 1.29385553 1.20567719 1.02299615 1.81324152 1.744289360040e-02 1.303331834614e+00 3.533286046362e-05 1.329344890601e-01 5.124517102546e+00
17 42 4 1.63125841 1.29385553 1.20567719 1.02299615 1.81324152 1.681835214643e-02 1.370663535064e+00 4.626887564135e-05 1.345651613486e-01 5.332042441094e+00
17 43 4 1.63125841 1.29385553 1.20567719 1.02299615 1.81324152 1.600632355983e-02 1.438261572539e+00 6.148247018866e-05 1.370025217834e-01 5.534049348565e+00
17 44 4 1.63125841 1.29385553 1.20567719 1.02299615 1.81324152 1.509508481944e-02 1.517234419773e+00 8.889155873314e-05 1.401090382391e-01 5.726122421028e+00
17 45 4 1.63125841 1.29385553 1.20567719 1.02299615 1.81324152 1.465893061423e-02 1.611658743362e+00 1.323722994630e-04 1.436403386490e-01 5.907283038378e+00
17 46 4 1.63125841 1.29385553 1.20567719 1.02299615 1.81324152 1.477267526941e-02 1.708512453320e+00 1.869796901185e-04 1.473311302607e-01 6.083048557531e+00
17 47 4 1.63125841 1.29385553 1.20567719 1.02299615 1.81324152 1.462337089618e-02 1.797336342928e+00 2.385122747106e-04 1.509956236423e-01 6.266534699485e+00
17 48 4 1.63125841 1.29385553 1.20567719 1.02299615 1.81324152 1.391051866965e-02 1.888032327815e+00 2.683399873003e-04 1.546031185773e-01 6.474366834098e+00
17 49 4 1.63125841 1.29385553 1.20567719 1.02299615 1.81324152 1.399292902251e-02 1.994632407516e+00 2.617080880246e-04 1.582966777463e-01 6.719705578650e+00
17 50 4 1.63125841 1.29385553 1.20567719 1.02299615 1.81324152 1.651292878287e-02 2.110247943255e+00 2.156670875122e-04 1.623436523891e-01 7.008492445801e+00
17 51 4 1.63125841 1.29385553 1.20567719 1.02299615 1.81324152 2.106659320555e-02 2.215976362084e+00 1.424943046042e-04 1.670338701566e-01 7.341883601594e+00
17 52 4 1.63125841 1.29385553 1.20567719 1.02299615 1.81324152 2.539463493177e-02 2.309784111714e+00 6.629679983276e-05 1.725639722466e-01 7.720618705266e+00
17 53 4 1.63125841 1.29385553 1.20567719 1.02299615 1.81324152 2.802766233108e-02 2.406372621479e+00 1.368867720319e-05 1.789549627647e-01 8.144259475096e+00
17 54 4 1.63125841 1.29385553 1.20567719 1.02299615 1.81324152 2.962845824299e-02 2.509190179954e+00 2.502586859151e-06 1.860397487905e-01 8.604247374806e+00
17 55 4 1.63125841 1.29385553 1.20567719 1.02299615 1.81324152 3.138073406147e-02 2.605317181147e+00 3.383434958244e-05 1.935309804290e-01 9.078709331489e+00
17 56 4 1.63125841 1.29385553 1.20567719 1.02299615 1.81324152 3.334067457628e-02 2.693262855927e+00 9.148532001708e-05 2.011465347476e-01 9.538094591488e+00
17 57 4 1.63125841 1.29385553 1.20567719 1.02299615 1.81324152 3.524319857156e-02 2.792082533507e+00 1.494708420247e-04 2.087438030292e-01 9.960612122739e+00
17 58 4 1.63125841 1.29385553 1.20567719 1.02299615 1.81324152 3.773410408811e-02 2.910488900992e+00 1.842740868339e-04 2.164061301431e-01 1.034456654551e+01
17 59 4 1.63125841 1.29385553 1.20567719 1.02299615 1.81324152 4.133797785396e-02 3.028647319432e+00 1.859524502484e-04 2.244401720438e-01 1.070469828153e+01
17 60 4 1.63125841 1.29385553 1.20567719 1.02299615 1.81324152 4.497548327919e-02 3.128931648232e+00 1.624844386794e-04 2.332770395247e-01 1.105406286465e+01
17 61 4 1.63125841 1.29385553 1.20567719 1.02299615 1.81324152 4.732785474645e-02 3.225522197906e+00 1.349386248667e-04 2.433100437160e-01 1.138838204022e+01
17 62 4 1.63125841 1.29385553 1.20567719 1.02299615 1.81324152 4.929861586833e-02 3.338890813593e+00 1.256918117714e-04 2.547312484786e-01 1.168936602941e+01
17 63 4 1.63125841 1.29385553 1.20567719 1.02299615 1.81324152 5.278486706123e-02 3.456014786711e+00 1.456861442292e-04 2.674345683361e-01 1.194541850798e+01
19 0 4 3.32709699 2.06738770 1.97594789 1.57229450 3.50389351 9.643180877908e+01 1.449238062839e-01 3.112896363700e-04 2.848180173959e-01 1.055630988258e+02
19 1 4 3.32709699 2.06738770 1.97594789 1.57229450 3.50389351 8.417030923675e+01 1.317988565847e-01 2.734686182807e-04 2.806273830329e-01 1.019978612431e+02
19 2 4 3.32709699 2.06738770 1.97594789 1.57229450 3.50389351 7.369290349023e+01 1.183611777597e-01 2.822845050661e-04 2.768789764831e-01 9.798366238113e+01
19 3 4 3.32709699 2.06738770 1.97594789 1.57229450 3.50389351 7.189516843997e+01 1.038696787354e-01 3.327073955674e-04 2.745639957255e-01 9.392685207172e+01
19 4 4 3.32709699 2.06738770 1.97594789 1.57229450 3.50389351 7.820864138283e+01 9.250186737587e-02 4.087122011366e-04 2.737307580231e-01 9.064132051185e+01
19 5 4 3.32709699 2.06738770 1.97594789 1.57229450 3.50389351 8.403074001103e+01 8.507826854852e-02 4.880370835353e-04 2.729740268459e-01 8.839452032340e+01
19 6 4 3.32709699 2.06738770 1.97594789 1.57229450 3.50389351 8.116020487447e+01 7.720329981926e-02 5.481711773201e-04 2.688483566511e-01 8.667687529047e+01
19 7 4 3.32709699 2.06738770 1.97594789 1.57229450 3.50389351 7.043273197271e+01 6.669404515418e-02 5.719533360439e-04 2.586642333642e-01 8.473652224058e+01
19 8 4 3.32709699 2.06738770 1.97594789 1.57229450 3.50389351 6.031080291137e+01 5.806388979877e-02 5.513986450620e-04 2.451747404058e-01 8.214239077086e+01
19 9 4 3.32709699 2.06738770 1.97594789 1.57229450 3.50389351 5.744593876978e+01 5.673468010486e-02 4.889403877464e-04 2.346576118343e-01 7.896791391725e+01
19 10 4 3.32709699 2.06738770 1.97594789 1.57229450 3.50389351 6.093311418628e+01 6.177063931337e-02 3.960049112074e-04 2.293063294262e-01 7.564789379144e+01
19 11 4 3.32709699 2.06738770 1.97594789 1.57229450 3.50389351 6.521315418342e+01 6.782380933665e-02 2.895225955123e-04 2.256495961819e-01 7.263450487743e+01
19 12 4 3.32709699 2.06738770 1.97594789 1.57229450 3.50389351 6.538652007352e+01 7.260138867890e-02 1.874468524674e-04 2.204107406010e-01 7.006834720433e+01
19 13 4 3.32709699 2.06738770 1.97594789 1.57229450 3.50389351 5.989974284769e+01 7.838725222313e-02 1.045040067655e-04 2.128204644570e-01 6.776735535009e+01
19 14 4 3.32709699 2.06738770 1.97594789 1.57229450 3.50389351 5.151173769946e+01 8.624072692790e-02 4.922099877033e-05 2.019106885419e-01 6.552858203353e+01
19 15 4 3.32709699 2.06738770 1.97594789 1.57229450 3.50389351 4.602729609919e+01 9.278804694194e-02 2.285123413009e-05 1.878126086372e-01 6.335950767636e+01
19 16 4 3.32709699 2.06738770 1.97594789 1.57229450 3.50389351 4.729253254604e+01 9.471709184049e-02 2.027474576005e-05 1.751852012025e-01 6.141169315024e+01
19 17 4 3.32709699 2.06738770 1.97594789 1.57229450 3.50389351 5.277977974539e+01 9.363714677905e-02 3.243716289259e-05 1.685865218978e-01 5.980766800447e+01
19 18 4 3.32709699 2.06738770 1.97594789 1.57229450 3.50389351 5.578319639772e+01 9.350772868273e-02 4.953944822764e-05 1.645171123268e-01 5.856968421395e+01
19 19 4 3.32709699 2.06738770 1.97594789 1.57229450 3.50389351 5.237757443558e+01 9.454592151117e-02 6.407039841869e-05 1.546696388470e-01 5.760525567629e+01
19 20 4 3.32709699 2.06738770 1.97594789 1.57229450 3.50389351 4.520675307846e+01 9.292736936435e-02 7.289390039064e-05 1.373712644743e-01 5.670741609959e+01
19 21 4 3.32709699 2.06738770 1.97594789 1.57229450 3.50389351 4.021017313830e+01 8.666208456035e-02 7.790974404577e-05 1.196894062000e-01 5.566620232617e+01
19 22 4 3.32709699 2.06738770 1.97594789 1.57229450 3.50389351 4.058840006173e+01 7.877928188679e-02 8.520681635377e-05 1.077432775485e-01 5.445727260680e+01
19 23 4 3.32709699 2.06738770 1.97594789 1.57229450 3.50389351 4.454042516917e+01 7.324803012720e-02 1.030143989841e-04 1.005874280030e-01 5.328268792797e+01
19 24 4 3.32709699 2.06738770 1.97594789 1.57229450 3.50389351 4.786706172706e+01 6.986140623738e-02 1.390392221570e-04 9.439686895932e-02 5.238921644008e+01
19 25 4 3.32709699 2.06738770 1.97594789 1.57229450 3.50389351 4.751196948511e+01 6.535826291657e-02 1.978956364119e-04 8.749138951481e-02 5.185241065716e+01
19 26 4 3.32709699 2.06738770 1.97594789 1.57229450 3.50389351 4.335302507453e+01 5.849009586100e-02 2.792801392245e-04 7.974815011748e-02 5.148763216166e+01
19 27 4 3.32709699 2.06738770 1.97594789 1.57229450 3.50389351 3.828106429924e+01 5.135407988467e-02 3.773371769879e-04 7.095622244839e-02 5.091208875363e+01
19 28 4 3.32709699 2.06738770 1.97594789 1.57229450 3.50389351 3.629312572249e+01 4.565087807391e-02 4.813681936471e-04 6.151651994932e-02 4.980443424142e+01
19 29 4 3.32709699 2.06738770 1.97594789 1.57229450 3.50389351 3.900084423073e+01 4.023988967229e-02 5.777216943046e-04 5.266126016428e-02 4.831096444898e+01
19 30 4 3.32709699 2.06738770 1.97594789 1.57229450 3.50389351 4.381459162545e+01 3.380219070222e-02 6.524374104902e-04 4.509400210446e-02 4.718775399642e+01
19 31 4 3.32709699 2.06738770 1.97594789 1.57229450 3.50389351 4.625772964056e+01 2.812507325668e-02 6.940553845786e-04 3.858006844606e-02 4.728023611220e+01
19 32 4 3.32709699 2.06738770 1.97594789 1.57229450 3.50389351 4.420411229064e+01 2.650788876541e-02 6.959696946398e-04 3.279747684365e-02 4.869490651088e+01
19 33 4 3.32709699 2.06738770 1.97594789 1.57229450 3.50389351 3.983690970054e+01 2.943705454874e-02 6.578083614187e-04 2.762514472773e-02 5.059202524441e+01
19 34 4 3.32709699 2.06738770 1.97594789 1.57229450 3.50389351 3.758021585225e+01 3.401488174420e-02 5.855321764295e-04 2.304622862422e-02 5.192397956037e+01
19 35 4 3.32709699 2.06738770 1.97594789 1.57229450 3.50389351 3.994692143092e+01 3.796157219802e-02 4.902221511872e-04 1.944270532417e-02 5.232308585129e+01
19 36 4 3.32709699 2.06738770 1.97594789 1.57229450 3.50389351 4.530328333288e+01 4.212239999878e-02 3.858119746803e-04 1.733726871541e-02 5.222350674995e+01
19 37 4 3.32709699 2.06738770 1.97594789 1.57229450 3.50389351 4.962223995115e+01 4.791877731872e-02 2.862591353220e-04 1.656060212172e-02 5.228183859338e+01
19 38 4 3.32709699 2.06738770 1.97594789 1.57229450 3.50389351 4.996547719105e+01 5.414695260671e-02 2.027842573751e-04 1.642665701207e-02 5.284157353148e+01
19 39 4 3.32709699 2.06738770 1.97594789 1.57229450 3.50389351 4.652449485790e+01 5.849829352006e-02 1.418082213855e-04 1.647443159477e-02 5.384544735557e+01
19 40 4 3.32709699 2.06738770 1.97594789 1.57229450 3.50389351 4.261599614797e+01 6.150113624497e-02 1.040724157834e-04 1.619504643041e-02 5.502316703949e+01
19 41 4 3.32709699 2.06738770 1.97594789 1.57229450 3.50389351 4.268990084872e+01 6.628320927627e-02 8.516172830245e-05 1.511248348660e-02 5.612159245926e+01
19 42 4 3.32709699 2.06738770 1.97594789 1.57229450 3.50389351 4.842645937563e+01 7.380150075191e-02 7.731554943383e-05 1.445616622099e-02 5.709773673224e+01
19 43 4 3.32709699 2.06738770 1.97594789 1.57229450 3.50389351 5.612414225758e+01 8.065394855207e-02 7.208409569122e-05 1.698988424260e-02 5.816106694807e+01
19 44 4 3.32709699 2.06738770 1.97594789 1.57229450 3.50389351 5.954358434793e+01 8.330400605618e-02 6.314767207464e-05 2.313513184444e-02 5.958688979820e+01
19 45 4 3.32709699 2.06738770 1.97594789 1.57229450 3.50389351 5.639019044367e+01 8.281824045913e-02 4.853424956581e-05 2.925918013036e-02 6.148191688981e+01
19 46 4 3.32709699 2.06738770 1.97594789 1.57229450 3.50389351 5.116107202364e+01 8.295686871882e-02 3.158259981675e-05 3.233439658219e-02 6.374783157392e+01
19 47 4 3.32709699 2.06738770 1.97594789 1.57229450 3.50389351 5.063750784291e+01 8.428514925432e-02 2.029406345827e-05 3.419487214707e-02 6.620505314207e+01
19 48 4 3.32709699 2.06738770 1.97594789 1.57229450 3.50389351 5.694810962669e+01 8.318683166459e-02 2.513517684788e-05 3.841279225871e-02 6.869024600020e+01
19 49 4 3.32709699 2.06738770 1.97594789 1.57229450 3.50389351 6.594195239748e+01 7.734917735861e-02 5.579452808980e-05 4.518929421999e-02 7.111885172920e+01
19 50 4 3.32709699 2.06738770 1.97594789 1.57229450 3.50389351 7.181018970861e+01 6.931729694943e-02 1.177411807661e-04 5.221006445272e-02 7.355938526055e+01
19 51 4 3.32709699 2.06738770 1.97594789 1.57229450 3.50389351 7.184354229309e+01 6.267865244430e-02 2.095728917793e-04 5.822295219178e-02 7.618284524373e+01
19 52 4 3.32709699 2.06738770 1.97594789 1.57229450 3.50389351 6.760430427903e+01 5.707389147775e-02 3.220191097586e-04 6.296030712399e-02 7.902017558473e+01
19 53 4 3.32709699 2.06738770 1.97594789 1.57229450 3.50389351 6.415846171759e+01 5.018526029524e-02 4.390829786197e-04 6.601637958308e-02 8.181186572965e+01
19 54 4 3.32709699 2.06738770 1.97594789 1.57229450 3.50389351 6.736092964008e+01 4.353305441709e-02 5.412486681249e-04 6.853441186280e-02 8.421873986305e+01
19 55 4 3.32709699 2.06738770 1.97594789 1.57229450 3.50389351 7.810472497685e+01 4.219264220825e-02 6.100849375803e-04 7.351120053301e-02 8.619468346224e+01
19 56 4 3.32709699 2.06738770 1.97594789 1.57229450 3.50389351 8.929462176235e+01 4.788890902881e-02 6.331083184957e-04 8.192489021527e-02 8.812579699853e+01
19 57 4 3.32709699 2.06738770 1.97594789 1.57229450 3.50389351 9.221405430663e+01 5.606406752400e-02 6.075760566429e-04 9.080218902420e-02 9.063923632582e+01
19 58 4 3.32709699 2.06738770 1.97594789 1.57229450 3.50389351 8.637305275476e+01 6.210565178358e-02 5.420430744542e-04 9.691427149006e-02 9.421387447138e+01
19 59 4 3.32709699 2.06738770 1.97594789 1.57229450 3.50389351 8.034504932625e+01 6.755404945586e-02 4.550278873331e-04 1.001711605509e-01 9.875950280366e+01
19 60 4 3.32709699 2.06738770 1.97594789 1.57229450 3.50389351 8.261300008577e+01 7.673370240669e-02 3.708784218274e-04 1.023437990799e-01 1.035319384353e+02
19 61 4 3.32709699 2.06738770 1.97594789 1.57229450 3.50389351 9.359860805459e+01 8.938876036456e-02 3.137204974201e-04 1.047799794849e-01 1.077369754647e+02
19 62 4 3.32709699 2.06738770 1.97594789 1.57229450 3.50389351 1.066048657096e+02 1.015486205929e-01 3.009885163955e-04 1.080374078924e-01 1.113687976307e+02
19 63 4 3.32709699 2.06738770 1.97594789 1.57229450 3.50389351 1.142289434653e+02 1.134044714611e-01 3.382882326531e-04 1.119833643276e-01 1.151885709734e+02
20 0 4 3.42966442 1.65367404 1.65087306 1.46220917 2.39278590 1.909927679641e-01 1.335445432706e-02 9.852861534294e-05 1.409093501776e+00 1.965995156536e+01
20 1 4 3.42966442 1.65367404 1.65087306 1.46220917 2.39278590 8.245735585503e-02 1.119639993855e-02 9.491605299572e-05 1.378644771936e+00 1.932045904284e+01
20 2 4 3.42966442 1.65367404 1.65087306 1.46220917 2.39278590 1.138999224949e-02 9.378765367229e-03 9.142356569170e-05 1.363914248515e+00 1.893283966516e+01
20 3 4 3.42966442 1.65367404 1.65087306 1.46220917 2.39278590 7.078759159479e-02 7.827900439807e-03 8.805117248267e-05 1.356909817569e+00 1.843746009825e+01
20 4 4 3.42966442 1.65367404 1.65087306 1.46220917 2.39278590 1.519789428558e-01 6.434685688483e-03 8.479889176524e-05 1.341432796007e+00 1.787534086512e+01
20 5 4 3.42966442 1.65367404 1.65087306 1.46220917 2.39278590 1.228694050299e-01 5.134495365468e-03 8.166674128081e-05 1.311612247245e+00 1.734207727948e+01
20 6 4 3.42966442 1.65367404 1.65087306 1.46220917 2.39278590 2.664745332448e-02 3.958512166204e-03 7.865473811549e-05 1.277946018948e+00 1.687301944731e+01
20 7 4 3.42966442 1.65367404 1.65087306 1.46220917 2.39278590 1.415459171447e-02 3.035766961510e-03 7.576289869993e-05 1.254846516726e+00 1.646885235455e+01
20 8 4 3.42966442 1.65367404 1.65087306 1.46220917 2.39278590 1.044670455705e-01 2.547806955151e-03 7.299123880931e-05 1.244531061890e+00 1.611268837332e+01
20 9 4 3.42966442 1.65367404 1.65087306 1.46220917 2.39278590 1.585495163311e-01 2.657729556555e-03 7.033977356323e-05 1.235292304223e+00 1.574940207307e+01
20 10 4 3.42966442 1.65367404 1.65087306 1.46220917 2.39278590 9.530526828153e-02 3.443502271722e-03 6.780851742559e-05 1.215242947944e+00 1.535443145170e+01
20 11 4 3.42966442 1.65367404 1.65087306 1.46220917 2.39278590 1.308478165144e-02 4.860082603653e-03 6.539748420458e-05 1.185478498104e+00 1.494083502203e+01
20 12 4 3.42966442 1.65367404 1.65087306 1.46220917 2.39278590 4.150187404309e-02 6.740810288628e-03 6.310668705252e-05 1.158179862574e+00 1.449507648791e+01
20 13 4 3.42966442 1.65367404 1.65087306 1.46220917 2.39278590 1.402043417185e-01 8.833668876326e-03 6.093613846587e-05 1.142608453987e+00 1.401094551360e+01
20 14 4 3.42966442 1.65367404 1.65087306 1.46220917 2.39278590 1.667730275448e-01 1.085820804886e-02 5.888585028512e-05 1.135088437460e+00 1.351285669267e+01
20 15 4 3.42966442 1.65367404 1.65087306 1.46220917 2.39278590 8.291376946365e-02 1.256583148445e-02 5.695583369472e-05 1.123753661888e+00 1.302229072150e+01
20 16 4 3.42966442 1.65367404 1.65087306 1.46220917 2.39278590 9.017345103868e-03 1.378807955940e-02 5.514609922304e-05 1.102020471578e+00 1.258529892608e+01
20 17 4 3.42966442 1.65367404 1.65087306 1.46220917 2.39278590 4.195427822329e-02 1.446200423886e-02 5.345665674231e-05 1.075540192862e+00 1.225965193571e+01
20 18 4 3.42966442 1.65367404 1.65087306 1.46220917 2.39278590 1.198676684533e-01 1.462743839597e-02 5.188751546853e-05 1.055383159638e+00 1.203844074018e+01
20 19 4 3.42966442 1.65367404 1.65087306 1.46220917 2.39278590 1.257380474576e-01 1.439771763842e-02 5.043868396149e-05 1.045647010714e+00 1.186718339189e+01
20 20 4 3.42966442 1.65367404 1.65087306 1.46220917 2.39278590 5.221664975951e-02 1.391274270460e-02 4.911017012464e-05 1.039309945756e+00 1.168998398263e+01
20 21 4 3.42966442 1.65367404 1.65087306 1.46220917 2.39278590 3.888713068474e-03 1.328930038621e-02 4.790198120512e-05 1.026425863710e+00 1.145895460241e+01
20 22 4 3.42966442 1.65367404 1.65087306 1.46220917 2.39278590 3.434702125762e-02 1.258546219434e-02 4.681412379369e-05 1.005119659646e+00 1.118825977163e+01
20 23 4 3.42966442 1.65367404 1.65087306 1.46220917 2.39278590 8.284942519717e-02 1.179167711603e-02 4.584660382467e-05 9.832820700762e-01 1.096066505746e+01
20 24 4 3.42966442 1.65367404 1.65087306 1.46220917 2.39278590 7.359687952247e-02 1.085152813944e-02 4.499942657595e-05 9.695470765468e-01 1.083445217311e+01
20 25 4 3.42966442 1.65367404 1.65087306 1.46220917 2.39278590 2.426671749732e-02 9.703633408207e-03 4.427259666894e-05 9.638248773331e-01 1.079957435155e+01
20 26 4 3.42966442 1.65367404 1.65087306 1.46220917 2.39278590 7.091358769643e-03 8.327803116818e-03 4.366611806854e-05 9.576966640653e-01 1.078172057909e+01
20 27 4 3.42966442 1.65367404 1.65087306 1.46220917 2.39278590 3.614909778620e-02 6.777070376339e-03 4.317999408313e-05 9.438704367949e-01 1.065214955743e+01
20 28 4 3.42966442 1.65367404 1.65087306 1.46220917 2.39278590 5.962884459909e-02 5.183166888504e-03 4.281422736456e-05 9.241079533954e-01 1.032229543507e+01
20 29 4 3.42966442 1.65367404 1.65087306 1.46220917 2.39278590 4.046029580024e-02 3.733549653290e-03 4.256881990809e-05 9.070504004664e-01 9.833875445721e+00
20 30 4 3.42966442 1.65367404 1.65087306 1.46220917 2.39278590 7.980321863280e-03 2.628485844407e-03 4.244377305246e-05 8.985865634205e-01 9.327390447901e+00
20 31 4 3.42966442 1.65367404 1.65087306 1.46220917 2.39278590 1.254367370677e-03 2.032816312738e-03 4.243908747979e-05 8.954356103857e-01 8.977586562662e+00
20 32 4 3.42966442 1.65367404 1.65087306 1.46220917 2.39278590 1.395995416417e-02 2.037140987744e-03 4.255476321564e-05 8.888867886912e-01 8.915643641000e+00
20 33 4 3.42966442 1.65367404 1.65087306 1.46220917 2.39278590 1.725999075990e-02 2.638444428957e-03 4.279079962901e-05 8.744524160925e-01 9.128433168711e+00
20 34 4 3.42966442 1.65367404 1.65087306 1.46220917 2.39278590 1.179203273476e-02 3.743463048859e-03 4.314719543228e-05 8.567903976929e-01 9.469032011661e+00
20 35 4 3.42966442 1.65367404 1.65087306 1.46220917 2.39278590 1.999686603135e-02 5.192132870281e-03 4.362394868131e-05 8.445194235002e-01 9.763371329922e+00
20 36 4 3.42966442 1.65367404 1.65087306 1.46220917 2.39278590 3.874607775871e-02 6.794537897518e-03 4.422105677536e-05 8.406639326950e-01 9.883427969638e+00
20 37 4 3.42966442 1.65367404 1.65087306 1.46220917 2.39278590 4.323321613559e-02 8.372648203609e-03 4.493851645718e-05 8.392814823848e-01 9.808976699715e+00
20 38 4 3.42966442 1.65367404 1.65087306 1.46220917 2.39278590 2.851512676224e-02 9.797047043750e-03 4.577632381298e-05 8.320490191770e-01 9.643015833416e+00
20 39 4 3.42966442 1.65367404 1.65087306 1.46220917 2.39278590 2.460924726939e-02 1.100882217923e-02 4.673447427246e-05 8.175777592990e-01 9.510554668815e+00
20 40 4 3.42966442 1.65367404 1.65087306 1.46220917 2.39278590 4.148016880740e-02 1.201897736945e-02 4.781296260884e-05 8.030913210813e-01 9.475218909666e+00
20 41 4 3.42966442 1.65367404 1.65087306 1.46220917 2.39278590 5.083003937885e-02 1.288333119098e-02 4.901178293891e-05 7.964531891351e-01 9.536203151658e+00
20 42 4 3.42966442 1.65367404 1.65087306 1.46220917 2.39278590 3.430231458288e-02 1.365950349683e-02 5.033092872303e-05 7.973120758789e-01 9.628456475109e+00
20 43 4 3.42966442 1.65367404 1.65087306 1.46220917 2.39278590 2.355128640105e-02 1.436124148612e-02 5.177039276515e-05 7.973419299344e-01 9.677534367811e+00
20 44 4 3.42966442 1.65367404 1.65087306 1.46220917 2.39278590 5.484913899409e-02 1.492936628910e-02 5.333016721291e-05 7.895474523939e-01 9.683037353770e+00
20 45 4 3.42966442 1.65367404 1.65087306 1.46220917 2.39278590 9.574558809639e-02 1.523445202469e-02 5.501024355764e-05 7.763174218691e-01 9.696175834424e+00
20 46 4 3.42966442 1.65367404 1.65087306 1.46220917 2.39278590 8.746797097842e-02 1.511426691332e-02 5.681061263442e-05 7.669936801307e-01 9.770515896725e+00
20 47 4 3.42966442 1.65367404 1.65087306 1.46220917 2.39278590 3.710039308360e-02 1.443392410117e-02 5.873126462211e-05 7.673824676144e-01 9.951658025701e+00
20 48 4 3.42966442 1.65367404 1.65087306 1.46220917 2.39278590 2.835391743454e-02 1.314591812714e-02 6.077218904342e-05 7.729685341675e-01 1.023073090191e+01
20 49 4 3.42966442 1.65367404 1.65087306 1.46220917 2.39278590 9.328739638779e-02 1.132633891811e-02 6.293337476499e-05 7.737930435385e-01 1.054585467945e+01
20 50 4 3.42966442 1.65367404 1.65087306 1.46220917 2.39278590 1.488113932272e-01 9.173025451518e-03 6.521480999739e-05 7.658170042724e-01 1.085684061833e+01
20 51 4 3.42966442 1.65367404 1.65087306 1.46220917 2.39278590 1.119543894002e-01 6.966325656579e-03 6.761648229526e-05 7.558638323333e-01 1.114427689304e+01
20 52 4 3.42966442 1.65367404 1.65087306 1.46220917 2.39278590 2.978854202476e-02 5.006254873542e-03 7.013837855731e-05 7.541265293838e-01 1.139130791439e+01
20 53 4 3.42966442 1.65367404 1.65087306 1.46220917 2.39278590 2.647854626314e-02 3.546004801021e-03 7.278048502642e-05 7.624302554269e-01 1.161344525987e+01
20 54 4 3.42966442 1.65367404 1.65087306 1.46220917 2.39278590 1.084295450067e-01 2.740303511190e-03 7.554278728975e-05 7.717670434631e-01 1.182405014004e+01
20 55 4 3.42966442 1.65367404 1.65087306 1.46220917 2.39278590 1.498024328961e-01 2.621078097582e-03 7.842527027874e-05 7.724057064346e-01 1.201631734509e+01
20 56 4 3.42966442 1.65367404 1.65087306 1.46220917 2.39278590 7.946902109193e-02 3.105691240583e-03 8.142791826927e-05 7.653021476796e-01 1.222236670767e+01
20 57 4 3.42966442 1.65367404 1.65087306 1.46220917 2.39278590 4.918022602167e-03 4.035986880158e-03 8.455071488168e-05 7.614697347725e-01 1.248559765129e+01
20 58 4 3.42966442 1.65367404 1.65087306 1.46220917 2.39278590 5.355681902736e-02 5.238759786965e-03 8.779364308092e-05 7.694804456995e-01 1.280920484286e+01
20 59 4 3.42966442 1.65367404 1.65087306 1.46220917 2.39278590 1.649166308834e-01 6.590008196502e-03 9.115668517661e-05 7.852514989750e-01 1.318423209408e+01
20 60 4 3.42966442 1.65367404 1.65087306 1.46220917 2.39278590 1.723049878792e-01 8.059462255533e-03 9.463982282312e-05 7.962717964373e-01 1.356560708606e+01
20 61 4 3.42966442 1.65367404 1.65087306 1.46220917 2.39278590 5.999247472855e-02 9.713757394788e-03 9.824303701971e-05 7.959764165733e-01 1.387351107569e+01
20 62 4 3.42966442 1.65367404 1.65087306 1.46220917 2.39278590 1.307788649161e-02 1.166978046320e-02 1.019663081106e-04 7.917730974967e-01 1.410309640832e+01
20 63 4 3.42966442 1.65367404 1.65087306 1.46220917 2.39278590 1.359315243352e-01 1.401137827163e-02 1.058096157851e-04 7.969132176622e-01 1.432884248719e+01
22 0 4 2.85699119 4.50375731 3.72925982 2.05786833 12.91170270 1.266923729965e-04 2.295438988774e+02 2.002457899144e-03 1.086545835334e-04 6.688812655944e+03
22 1 4 2.85699119 4.50375731 3.72925982 2.05786833 12.91170270 1.394965303357e-04 2.153393630661e+02 1.933594860574e-03 1.007026730700e-04 6.885562548572e+03
22 2 4 2.85699119 4.50375731 3.72925982 2.05786833 12.91170270 1.526544079639e-04 2.077841016656e+02 1.779922707009e-03 8.917433540950e-05 7.049990898111e+03
22 3 4 2.85699119 4.50375731 3.72925982 2.05786833 12.91170270 1.608357045099e-04 2.064057523556e+02 1.611752085117e-03 7.904184471489e-05 7.141504063425e+03
22 4 4 2.85699119 4.50375731 3.72925982 2.05786833 12.91170270 1.605515577958e-04 2.100819397676e+02 1.503867528891e-03 7.416955559081e-05 7.138667864622e+03
22 5 4 2.85699119 4.50375731 3.72925982 2.05786833 12.91170270 1.507273519044e-04 2.170365784392e+02 1.490253987087e-03 7.514520281583e-05 7.040551779878e+03
22 6 4 2.85699119 4.50375731 3.72925982 2.05786833 12.91170270 1.326872686817e-04 2.252335100921e+02 1.546332485949e-03 7.917980597754e-05 6.864813592559e+03
22 7 4 2.85699119 4.50375731 3.72925982 2.05786833 12.91170270 1.095976408625e-04 2.329125552375e+02 1.607616497815e-03 8.197962731004e-05 6.648692790958e+03
22 8 4 2.85699119 4.50375731 3.72925982 2.05786833 12.91170270 8.553682443380e-05 2.388157847220e+02 1.611148776492e-03 8.035341956249e-05 6.444785430314e+03
22 9 4 2.85699119 4.50375731 3.72925982 2.05786833 12.91170270 6.443345628920e-05 2.420550516762e+02 1.533277610920e-03 7.398482027120e-05 6.303269873790e+03
22 10 4 2.85699119 4.50375731 3.72925982 2.05786833 12.91170270 4.912927192141e-05 2.419292539671e+02 1.401325737474e-03 6.540413731710e-05 6.253273614155e+03
22 11 4 2.85699119 4.50375731 3.72925982 2.05786833 12.91170270 4.077815728063e-05 2.379321558754e+02 1.273914216920e-03 5.831154020942e-05 6.298436766114e+03
22 12 4 2.85699119 4.50375731 3.72925982 2.05786833 12.91170270 3.870382341100e-05 2.299556487012e+02 1.203852857694e-03 5.534659076774e-05 6.421617410458e+03
22 13 4 2.85699119 4.50375731 3.72925982 2.05786833 12.91170270 4.072729529983e-05 2.184631357647e+02 1.206979282270e-03 5.663555426218e-05 6.590626758454e+03
22 14 4 2.85699119 4.50375731 3.72925982 2.05786833 12.91170270 4.386825973765e-05 2.043757050221e+02 1.255154907947e-03 5.989763430916e-05 6.768647156941e+03
22 15 4 2.85699119 4.50375731 3.72925982 2.05786833 12.91170270 4.524432587199e-05 1.887433149734e+02 1.295961614469e-03 6.193378299380e-05 6.926363950245e+03
22 16 4 2.85699119 4.50375731 3.72925982 2.05786833 12.91170270 4.295487338447e-05 1.725379184369e+02 1.285579681361e-03 6.053969628592e-05 7.042875684486e+03
22 17 4 2.85699119 4.50375731 3.72925982 2.05786833 12.91170270 3.674652608321e-05 1.566977037781e+02 1.214430273714e-03 5.571234082590e-05 7.098799243027e+03
22 18 4 2.85699119 4.50375731 3.72925982 2.05786833 12.91170270 2.831001538584e-05 1.422341254199e+02 1.110843326825e-03 4.950711646527e-05 7.079046531624e+03
22 19 4 2.85699119 4.50375731 3.72925982 2.05786833 12.91170270 2.113951152417e-05 1.301908456361e+02 1.021992646014e-03 4.472071439158e-05 6.983859386464e+03
22 20 4 2.85699119 4.50375731 3.72925982 2.05786833 12.91170270 1.997691424903e-05 1.214097656631e+02 9.847974694909e-04 4.323248034772e-05 6.830773428938e+03
22 21 4 2.85699119 4.50375731 3.72925982 2.05786833 12.91170270 2.994620522819e-05 1.162604710187e+02 1.004574520800e-03 4.497440432381e-05 6.647457245562e+03
22 22 4 2.85699119 4.50375731 3.72925982 2.05786833 12.91170270 5.554133724871e-05 1.145854411282e+02 1.053561837806e-03 4.807831392238e-05 6.468029415750e+03
22 23 4 2.85699119 4.50375731 3.72925982 2.05786833 12.91170270 9.965600258318e-05 1.159104392716e+02 1.089066649065e-03 5.004643389795e-05 6.329346386930e+03
22 24 4 2.85699119 4.50375731 3.72925982 2.05786833 12.91170270 1.628329655495e-04 1.196817797301e+02 1.079535857535e-03 4.922170336954e-05 6.258559438940e+03
22 25 4 2.85699119 4.50375731 3.72925982 2.05786833 12.91170270 2.428691644985e-04 1.253298566678e+02 1.022862895735e-03 4.570621323492e-05 6.263172896617e+03
22 26 4 2.85699119 4.50375731 3.72925982 2.05786833 12.91170270 3.348501316109e-04 1.322081556672e+02 9.465580204658e-04 4.123250437843e-05 6.335256970466e+03
22 27 4 2.85699119 4.50375731 3.72925982 2.05786833 12.91170270 4.316155911044e-04 1.395641088589e+02 8.904324307533e-04 3.810623669990e-05 6.457627151488e+03
22 28 4 2.85699119 4.50375731 3.72925982 2.05786833 12.91170270 5.245895484160e-04 1.466369930525e+02 8.825726820467e-04 3.785613171134e-05 6.602461053905e+03
22 29 4 2.85699119 4.50375731 3.72925982 2.05786833 12.91170270 6.048529756512e-04 1.528355550464e+02 9.228836611998e-04 4.036762990074e-05 6.737709355785e+03
22 30 4 2.85699119 4.50375731 3.72925982 2.05786833 12.91170270 6.643023433132e-04 1.578100314027e+02 9.836496001782e-04 4.397980767773e-05 6.845838229881e+03
22 31 4 2.85699119 4.50375731 3.72925982 2.05786833 12.91170270 6.967261585137e-04 1.613179782754e+02 1.026450608108e-03 4.647055327458e-05 6.927156709389e+03
22 32 4 2.85699119 4.50375731 3.72925982 2.05786833 12.91170270 6.986443944295e-04 1.630500559833e+02 1.025274250085e-03 4.635553072316e-05 6.977078491843e+03
22 33 4 2.85699119 4.50375731 3.72925982 2.05786833 12.91170270 6.697895118646e-04 1.626401173528e+02 9.821623529250e-04 4.375572208130e-05 6.973881680657e+03
22 34 4 2.85699119 4.50375731 3.72925982 2.05786833 12.91170270 6.131578632471e-04 1.598665049586e+02 9.261456936946e-04 4.033595302936e-05 6.902203715399e+03
22 35 4 2.85699119 4.50375731 3.72925982 2.05786833 12.91170270 5.346203033492e-04 1.548765914106e+02 8.959867265890e-04 3.834368399983e-05 6.779270191439e+03
22 36 4 2.85699119 4.50375731 3.72925982 2.05786833 12.91170270 4.421434333430e-04 1.482567545488e+02 9.167920237160e-04 3.929178626109e-05 6.646250761262e+03
22 37 4 2.85699119 4.50375731 3.72925982 2.05786833 12.91170270 3.447300957653e-04 1.408842509556e+02 9.843647990379e-04 4.304335844821e-05 6.541943755762e+03
22 38 4 2.85699119 4.50375731 3.72925982 2.05786833 12.91170270 2.512315206299e-04 1.337079972371e+02 1.066908279890e-03 4.784374365678e-05 6.493421711108e+03
22 39 4 2.85699119 4.50375731 3.72925982 2.05786833 12.91170270 1.692067415328e-04 1.276716668308e+02 1.123611429067e-03 5.131241523331e-05 6.518800896506e+03
22 40 4 2.85699119 4.50375731 3.72925982 2.05786833 12.91170270 1.040023783828e-04 1.237590631010e+02 1.129468596711e-03 5.184708116599e-05 6.621775483480e+03
22 41 4 2.85699119 4.50375731 3.72925982 2.05786833 12.91170270 5.819567969433e-05 1.229544559704e+02 1.091445938693e-03 4.962548196483e-05 6.785796149625e+03
22 42 4 2.85699119 4.50375731 3.72925982 2.05786833 12.91170270 3.148819084568e-05 1.260375416791e+02 1.045653446766e-03 4.658726937853e-05 6.982350336720e+03
22 43 4 2.85699119 4.50375731 3.72925982 2.05786833 12.91170270 2.106370478482e-05 1.333331676694e+02 1.036270052696e-03 4.535105200043e-05 7.182015696488e+03
22 44 4 2.85699119 4.50375731 3.72925982 2.05786833 12.91170270 2.234373755084e-05 1.446031120968e+02 1.088260972728e-03 4.765643727703e-05 7.355322986709e+03
22 45 4 2.85699119 4.50375731 3.72925982 2.05786833 12.91170270 3.000094448715e-05 1.591953925406e+02 1.190513690862e-03 5.324467348885e-05 7.473532006167e+03
22 46 4 2.85699119 4.50375731 3.72925982 2.05786833 12.91170270 3.904025581006e-05 1.763224997711e+02 1.300601223868e-03 5.988787268800e-05 7.516717596039e+03
22 47 4 2.85699119 4.50375731 3.72925982 2.05786833 12.91170270 4.574090837934e-05 1.951654595437e+02 1.369595228402e-03 6.462841952875e-05 7.477290363513e+03
22 48 4 2.85699119 4.50375731 3.72925982 2.05786833 12.91170270 4.827610261004e-05 2.147319226616e+02 1.372633940133e-03 6.555520461141e-05 7.356111714553e+03
22 49 4 2.85699119 4.50375731 3.72925982 2.05786833 12.91170270 4.688898998457e-05 2.337306974063e+02 1.326297472020e-03 6.306296212256e-05 7.165799998413e+03
22 50 4 2.85699119 4.50375731 3.72925982 2.05786833 12.91170270 4.359391913592e-05 2.506854381997e+02 1.280825217176e-03 5.977772500499e-05 6.940392470125e+03
22 51 4 2.85699119 4.50375731 3.72925982 2.05786833 12.91170270 4.147300956296e-05 2.642556874672e+02 1.290321278837e-03 5.909137632920e-05 6.731638091898e+03
22 52 4 2.85699119 4.50375731 3.72925982 2.05786833 12.91170270 4.372885680822e-05 2.735571990556e+02 1.378362956728e-03 6.310615824608e-05 6.589803792153e+03
22 53 4 2.85699119 4.50375731 3.72925982 2.05786833 12.91170270 5.271365478163e-05 2.782343947960e+02 1.520672442488e-03 7.122189711292e-05 6.547612232984e+03
22 54 4 2.85699119 4.50375731 3.72925982 2.05786833 12.91170270 6.916775134340e-05 2.782855499700e+02 1.657210892830e-03 8.029902825448e-05 6.613802180481e+03
22 55 4 2.85699119 4.50375731 3.72925982 2.05786833 12.91170270 9.186060254896e-05 2.739850561188e+02 1.728099252060e-03 8.642303820482e-05 6.769965893141e+03
22 56 4 2.85699119 4.50375731 3.72925982 2.05786833 12.91170270 1.177399814343e-04 2.661008837655e+02 1.712031132625e-03 8.729588957966e-05 6.974780894253e+03
22 57 4 2.85699119 4.50375731 3.72925982 2.05786833 12.91170270 1.425782983139e-04 2.561350375784e+02 1.642643380162e-03 8.380635921208e-05 7.180097199083e+03
22 58 4 2.85699119 4.50375731 3.72925982 2.05786833 12.91170270 1.619835372049e-04 2.462448764545e+02 1.590694885401e-03 7.972679290438e-05 7.345046006915e+03
22 59 4 2.85699119 4.50375731 3.72925982 2.05786833 12.91170270 1.725451340234e-04 2.388112305709e+02 1.621068273253e-03 7.957421006694e-05 7.437336859113e+03
22 60 4 2.85699119 4.50375731 3.72925982 2.05786833 12.91170270 1.728370581049e-04 2.358938683544e+02 1.750521891055e-03 8.583141560618e-05 7.433510947195e+03
22 61 4 2.85699119 4.50375731 3.72925982 2.05786833 12.91170270 1.640164820295e-04 2.389514937289e+02 1.933504349536e-03 9.722460549905e-05 7.327936839623e+03
22 62 4 2.85699119 4.50375731 3.72925982 2.05786833 12.91170270 1.498375065403e-04 2.489690998170e+02 2.087152116487e-03 1.092267318405e-04 7.140328722100e+03
22 63 4 2.85699119 4.50375731 3.72925982 2.05786833 12.91170270 1.360305763289e-04 2.666075800872e+02 2.142041167940e-03 1.166479270125e-04 6.913692926482e+03
25 0 4 1.74441935 1.29303551 1.22096436 1.05260821 1.80462425 3.066946720492e-02 2.436526137484e+00 1.387199770606e-04 7.534545848201e-01 9.770562511410e+00
25 1 4 1.74441935 1.29303551 1.22096436 1.05260821 1.80462425 2.775681080989e-02 2.382223650516e+00 1.715503079771e-04 7.294749772777e-01 9.318881763669e+00
25 2 4 1.74441935 1.29303551 1.22096436 1.05260821 1.80462425 2.541279776812e-02 2.322727127259e+00 1.783075588476e-04 7.064701125123e-01 8.879330654639e+00
25 3 4 1.74441935 1.29303551 1.22096436 1.05260821 1.80462425 2.308511336700e-02 2.256068033351e+00 1.567788542119e-04 6.843318970363e-01 8.490548113882e+00
25 4 4 1.74441935 1.29303551 1.22096436 1.05260821 1.80462425 2.120937012646e-02 2.195173638562e+00 1.157320463239e-04 6.629595939511e-01 8.174582184830e+00
25 5 4 1.74441935 1.29303551 1.22096436 1.05260821 1.80462425 2.026611013976e-02 2.141501215893e+00 7.077492771651e-05 6.422639258544e-01 7.923291582061e+00
25 6 4 1.74441935 1.29303551 1.22096436 1.05260821 1.80462425 1.973181714932e-02 2.078929080567e+00 3.791693066870e-05 6.221703161820e-01 7.707643712738e+00
25 7 4 1.74441935 1.29303551 1.22096436 1.05260821 1.80462425 1.877044345355e-02 1.998157972230e+00 2.745557696653e-05 6.026211888154e-01 7.498196157356e+00
25 8 4 1.74441935 1.29303551 1.22096436 1.05260821 1.80462425 1.756399079573e-02 1.910882182672e+00 4.048671478685e-05 5.835772991002e-01 7.278400631653e+00
25 9 4 1.74441935 1.29303551 1.22096436 1.05260821 1.80462425 1.713797344535e-02 1.830626454007e+00 6.916477967288e-05 5.650181198909e-01 7.043906768246e+00
25 10 4 1.74441935 1.29303551 1.22096436 1.05260821 1.80462425 1.792389059232e-02 1.751780386926e+00 1.003306471286e-04 5.469413513722e-01 6.795619652621e+00
25 11 4 1.74441935 1.29303551 1.22096436 1.05260821 1.80462425 1.919736377659e-02 1.660385658574e+00 1.208797699597e-04 5.293616611550e-01 6.536666256804e+00
25 12 4 1.74441935 1.29303551 1.22096436 1.05260821 1.80462425 2.006159849123e-02 1.558565452679e+00 1.227122604339e-04 5.123087899865e-01 6.274201311070e+00
25 13 4 1.74441935 1.29303551 1.22096436 1.05260821 1.80462425 2.032902016117e-02 1.463554731164e+00 1.054316209731e-04 4.958251774473e-01 6.019171056476e+00
25 14 4 1.74441935 1.29303551 1.22096436 1.05260821 1.80462425 2.007797864107e-02 1.383601920691e+00 7.594710497961e-05 4.799632709163e-01 5.779997163213e+00
25 15 4 1.74441935 1.29303551 1.22096436 1.05260821 1.80462425 1.888924382511e-02 1.308619905371e+00 4.536041292964e-05 4.647826801789e-01 5.555159674447e+00
25 16 4 1.74441935 1.29303551 1.22096436 1.05260821 1.80462425 1.618711392814e-02 1.228516302502e+00 2.450260236109e-05 4.503473301704e-01 5.333219358601e+00
25 17 4 1.74441935 1.29303551 1.22096436 1.05260821 1.80462425 1.222872602600e-02 1.149335303350e+00 1.988506852805e-05 4.367227468171e-01 5.102181529969e+00
25 18 4 1.74441935 1.29303551 1.22096436 1.05260821 1.80462425 8.207613413017e-03 1.083590463370e+00 3.154098394118e-05 4.239735874357e-01 4.860528920922e+00
25 19 4 1.74441935 1.29303551 1.22096436 1.05260821 1.80462425 5.277394585534e-03 1.032421958217e+00 5.342417045440e-05 4.121614996292e-01 4.620267006039e+00
25 20 4 1.74441935 1.29303551 1.22096436 1.05260821 1.80462425 3.835412427357e-03 9.871503266000e-01 7.604156423578e-05 4.013433631185e-01 4.399890000866e+00
25 21 4 1.74441935 1.29303551 1.22096436 1.05260821 1.80462425 3.818258787918e-03 9.446674100614e-01 9.019960666740e-05 3.915699395226e-01 4.214046336745e+00
25 22 4 1.74441935 1.29303551 1.22096436 1.05260821 1.80462425 5.181905185781e-03 9.106363356616e-01 9.041638514257e-05 3.828849276512e-01 4.067986736062e+00
25 23 4 1.74441935 1.29303551 1.22096436 1.05260821 1.80462425 7.679554318284e-03 8.870958446231e-01 7.677053600723e-05 3.753243980556e-01 3.958576320961e+00
25 24 4 1.74441935 1.29303551 1.22096436 1.05260821 1.80462425 1.041714950893e-02 8.668105038995e-01 5.460307444327e-05 3.689165617000e-01 3.877609548399e+00
25 25 4 1.74441935 1.29303551 1.22096436 1.05260821 1.80462425 1.215215488770e-02 8.441267430059e-01 3.229784087500e-05 3.636818145741e-01 3.813718308481e+00
25 26 4 1.74441935 1.29303551 1.22096436 1.05260821 1.80462425 1.216178621015e-02 8.240872121343e-01 1.804306818134e-05 3.596329932904e-01 3.754216747279e+00
25 27 4 1.74441935 1.29303551 1.22096436 1.05260821 1.80462425 1.061134846840e-02 8.146072832221e-01 1.679358954672e-05 3.567757761873e-01 3.690387225384e+00
25 28 4 1.74441935 1.29303551 1.22096436 1.05260821 1.80462425 8.092254989762e-03 8.146893048623e-01 2.852407978317e-05 3.551091697075e-01 3.625392630166e+00
25 29 4 1.74441935 1.29303551 1.22096436 1.05260821 1.80462425 5.146562195612e-03 8.181811099088e-01 4.835960352414e-05 3.546260299693e-01 3.577978312030e+00
25 30 4 1.74441935 1.29303551 1.22096436 1.05260821 1.80462425 2.378559694349e-03 8.267826545192e-01 6.848304047476e-05 3.553135832915e-01 3.575353028920e+00
25 31 4 1.74441935 1.29303551 1.22096436 1.05260821 1.80462425 6.489766459192e-04 8.501377179290e-01 8.109171235209e-05 3.571539255335e-01 3.636992196822e+00
25 32 4 1.74441935 1.29303551 1.22096436 1.05260821 1.80462425 6.917177197709e-04 8.912823340322e-01 8.131829783352e-05 3.601244968920e-01 3.760348867081e+00
25 33 4 1.74441935 1.29303551 1.22096436 1.05260821 1.80462425 2.505083569064e-03 9.400037569094e-01 6.905749953307e-05 3.641985446700e-01 3.920080750403e+00
25 34 4 1.74441935 1.29303551 1.22096436 1.05260821 1.80462425 5.359424131030e-03 9.853403912423e-01 4.903449103152e-05 3.693456000051e-01 4.082511432559e+00
25 35 4 1.74441935 1.29303551 1.22096436 1.05260821 1.80462425 8.405069959506e-03 1.028668499544e+00 2.907759167609e-05 3.755320043121e-01 4.224956464809e+00
25 36 4 1.74441935 1.29303551 1.22096436 1.05260821 1.80462425 1.103114867337e-02 1.077797732390e+00 1.720298746408e-05 3.827215262732e-01 4.346085611767e+00
25 37 4 1.74441935 1.29303551 1.22096436 1.05260821 1.80462425 1.265711209970e-02 1.132314031620e+00 1.856163499096e-05 3.908761099469e-01 4.461544460955e+00
25 38 4 1.74441935 1.29303551 1.22096436 1.05260821 1.80462425 1.264801405225e-02 1.183868061104e+00 3.337835251964e-05 3.999567887714e-01 4.590858331569e+00
25 39 4 1.74441935 1.29303551 1.22096436 1.05260821 1.80462425 1.083547443786e-02 1.230618007245e+00 5.668880726964e-05 4.099247891099e-01 4.746551708013e+00
25 40 4 1.74441935 1.29303551 1.22096436 1.05260821 1.80462425 7.988023002483e-03 1.281812472275e+00 8.004816590841e-05 4.207428312018e-01 4.931270759185e+00
25 41 4 1.74441935 1.29303551 1.22096436 1.05260821 1.80462425 5.402327989564e-03 1.344340189805e+00 9.465657870512e-05 4.323766159840e-01 5.140227980041e+00
25 42 4 1.74441935 1.29303551 1.22096436 1.05260821 1.80462425 4.001231619753e-03 1.412768590227e+00 9.478181640594e-05 4.447964646190e-01 5.363414033514e+00
25 43 4 1.74441935 1.29303551 1.22096436 1.05260821 1.80462425 4.049852957754e-03 1.479162542466e+00 8.017899389419e-05 4.579790553479e-01 5.586370463106e+00
25 44 4 1.74441935 1.29303551 1.22096436 1.05260821 1.80462425 5.622884465215e-03 1.546242319375e+00 5.650793686117e-05 4.719091812453e-01 5.793146425836e+00
25 45 4 1.74441935 1.29303551 1.22096436 1.05260821 1.80462425 8.797440925630e-03 1.621098586828e+00 3.345445874533e-05 4.865814343887e-01 5.973558565267e+00
25 46 4 1.74441935 1.29303551 1.22096436 1.05260821 1.80462425 1.312169022409e-02 1.699180089620e+00 2.113532108127e-05 5.020017085752e-01 6.130409590717e+00
25 47 4 1.74441935 1.29303551 1.22096436 1.05260821 1.80462425 1.733586513512e-02 1.766722097593e+00 2.608359136694e-05 5.181884054929e-01 6.279132804600e+00
25 48 4 1.74441935 1.29303551 1.22096436 1.05260821 1.80462425 2.017556678006e-02 1.820836990094e+00 4.837710639223e-05 5.351732293512e-01 6.437766244695e+00
25 49 4 1.74441935 1.29303551 1.22096436 1.05260821 1.80462425 2.139447647843e-02 1.875081478401e+00 8.114244805955e-05 5.530014631134e-01 6.614614577050e+00
25 50 4 1.74441935 1.29303551 1.22096436 1.05260821 1.80462425 2.160635188229e-02 1.938473725251e+00 1.128175184658e-04 5.717316359019e-01 6.804167239549e+00
25 51 4 1.74441935 1.29303551 1.22096436 1.05260821 1.80462425 2.123446259543e-02 1.999397493194e+00 1.314799190884e-04 5.914345155590e-01 6.994449685390e+00
25 52 4 1.74441935 1.29303551 1.22096436 1.05260821 1.80462425 2.020629049430e-02 2.041531744888e+00 1.296580784099e-04 6.121913919010e-01 7.178251161683e+00
25 53 4 1.74441935 1.29303551 1.22096436 1.05260821 1.80462425 1.878585332917e-02 2.068979661831e+00 1.077144511059e-04 6.340916535300e-01 7.358022787050e+00
25 54 4 1.74441935 1.29303551 1.22096436 1.05260821 1.80462425 1.797956691487e-02 2.100988370527e+00 7.430959130019e-05 6.572297023275e-01 7.542337592744e+00
25 55 4 1.74441935 1.29303551 1.22096436 1.05260821 1.80462425 1.853509059026e-02 2.143464174289e+00 4.351940491556e-05 6.817012927230e-01 7.741047133501e+00
25 56 4 1.74441935 1.29303551 1.22096436 1.05260821 1.80462425 1.993241553179e-02 2.182202367600e+00 2.950862425295e-05 7.075994250210e-01 7.965642054636e+00
25 57 4 1.74441935 1.29303551 1.22096436 1.05260821 1.80462425 2.106522320241e-02 2.208935361190e+00 4.073966146079e-05 7.350099608528e-01 8.231718161471e+00
25 58 4 1.74441935 1.29303551 1.22096436 1.05260821 1.80462425 2.176736431903e-02 2.238146202981e+00 7.605237129522e-05 7.640071615949e-01 8.554451625154e+00
25 59 4 1.74441935 1.29303551 1.22096436 1.05260821 1.80462425 2.291296136080e-02 2.286870005263e+00 1.243766040331e-04 7.946493749163e-01 8.935029785691e+00
25 60 4 1.74441935 1.29303551 1.22096436 1.05260821 1.80462425 2.497985670952e-02 2.350168693427e+00 1.684913093110e-04 8.269751083919e-01 9.349603341331e+00
25 61 4 1.74441935 1.29303551 1.22096436 1.05260821 1.80462425 2.741107638541e-02 2.412508745786e+00 1.916115994752e-04 8.609997306858e-01 9.755691729075e+00
25 62 4 1.74441935 1.29303551 1.22096436 1.05260821 1.80462425 2.980154707792e-02 2.475524959263e+00 1.843196831841e-04 8.967130291511e-01 1.011643401715e+01
25 63 4 1.74441935 1.29303551 1.22096436 1.05260821 1.80462425 3.282537439701e-02 2.554380890923e+00 1.490119746719e-04 9.340778274135e-01 1.042364161083e+01
27 0 4 2.94347799 3.44672149 2.96506915 1.86417524 10.36644587 2.015472501010e-04 1.098237666448e+02 6.720601140938e-04 8.517168159725e-05 5.199617592129e+03
27 1 4 2.94347799 3.44672149 2.96506915 1.86417524 10.36644587 2.152562958952e-04 1.036920239615e+02 6.958376314591e-04 8.204893032189e-05 5.036872896564e+03
27 2 4 2.94347799 3.44672149 2.96506915 1.86417524 10.36644587 2.210778297455e-04 9.612899196161e+01 7.197649601071e-04 7.902995216821e-05 4.880525711052e+03
27 3 4 2.94347799 3.44672149 2.96506915 1.86417524 10.36644587 2.161429493193e-04 8.873357313690e+01 7.436082171288e-04 7.611476362884e-05 4.727159760138e+03
27 4 4 2.94347799 3.44672149 2.96506915 1.86417524 10.36644587 2.002252233316e-04 8.284006671120e+01 7.671371029896e-04 7.330338062934e-05 4.574458469627e+03
27 5 4 2.94347799 3.44672149 2.96506915 1.86417524 10.36644587 1.755264187376e-04 7.862493533360e+01 7.901301077260e-04 7.059581852829e-05 4.423818753474e+03
27 6 4 2.94347799 3.44672149 2.96506915 1.86417524 10.36644587 1.459697555627e-04 7.529790172379e+01 8.123793343661e-04 6.799209211701e-05 4.279248374413e+03
27 7 4 2.94347799 3.44672149 2.96506915 1.86417524 10.36644587 1.161865159332e-04 7.208412615853e+01 8.336948420584e-04 6.549221561961e-05 4.143002660524e+03
27 8 4 2.94347799 3.44672149 2.96506915 1.86417524 10.36644587 9.043416605954e-05 6.902060713991e+01 8.539084247682e-04 6.309620269287e-05 4.013551979804e+03
27 9 4 2.94347799 3.44672149 2.96506915 1.86417524 10.36644587 7.168313611949e-05 6.686073894614e+01 8.728767561032e-04 6.080406642613e-05 3.887998687974e+03
27 10 4 2.94347799 3.44672149 2.96506915 1.86417524 10.36644587 6.105905062042e-05 6.624915716659e+01 8.904838465515e-04 5.861581934130e-05 3.764805445194e+03
27 11 4 2.94347799 3.44672149 2.96506915 1.86417524 10.36644587 5.774133421396e-05 6.697552871831e+01 9.066427758358e-04 5.653147339273e-05 3.644019243407e+03
27 12 4 2.94347799 3.44672149 2.96506915 1.86417524 10.36644587 5.931776658176e-05 6.800152812936e+01 9.212966798666e-04 5.455103996715e-05 3.526940052013e+03
27 13 4 2.94347799 3.44672149 2.96506915 1.86417524 10.36644587 6.249938234775e-05 6.822045332852e+01 9.344189885912e-04 5.267452988361e-05 3.416141205992e+03
27 14 4 2.94347799 3.44672149 2.96506915 1.86417524 10.36644587 6.402986472755e-05 6.724001252723e+01 9.460129275524e-04 5.090195339346e-05 3.313700204349e+03
27 15 4 2.94347799 3.44672149 2.96506915 1.86417524 10.36644587 6.159057924259e-05 6.549820343472e+01 9.561103118697e-04 4.923332018025e-05 3.218447088868e+03
27 16 4 2.94347799 3.44672149 2.96506915 1.86417524 10.36644587 5.451059258815e-05 6.367995284093e+01 9.647696763461e-04 4.766863935967e-05 3.126747794203e+03
27 17 4 2.94347799 3.44672149 2.96506915 1.86417524 10.36644587 4.413597162539e-05 6.203310646089e+01 9.720737991918e-04 4.620791947956e-05 3.036927251783e+03
27 18 4 2.94347799 3.44672149 2.96506915 1.86417524 10.36644587 3.378315010654e-05 6.020750772877e+01 9.781266892048e-04 4.485116851978e-05 2.951143989537e+03
27 19 4 2.94347799 3.44672149 2.96506915 1.86417524 10.36644587 2.828205415897e-05 5.770951586971e+01 9.830501169175e-04 4.359839389224e-05 2.871998597231e+03
27 20 4 2.94347799 3.44672149 2.96506915 1.86417524 10.36644587 3.319025231210e-05 5.450526171138e+01 9.869797790383e-04 4.244960244082e-05 2.799455768567e+03
27 21 4 2.94347799 3.44672149 2.96506915 1.86417524 10.36644587 5.381636288417e-05 5.119920039942e+01 9.900611923198e-04 4.140480044134e-05 2.732688523144e+03
27 22 4 2.94347799 3.44672149 2.96506915 1.86417524 10.36644587 9.422071705601e-05 4.862050499052e+01 9.924454176743e-04 4.046399360153e-05 2.672975720370e+03
27 23 4 2.94347799 3.44672149 2.96506915 1.86417524 10.36644587 1.563609678737e-04 4.719551991589e+01 9.942847178523e-04 3.962718706100e-05 2.622530042178e+03
27 24 4 2.94347799 3.44672149 2.96506915 1.86417524 10.36644587 2.395226012161e-04 4.667379397638e+01 9.957282522817e-04 3.889438539121e-05 2.581624364966e+03
27 25 4 2.94347799 3.44672149 2.96506915 1.86417524 10.36644587 3.401260904963e-04 4.643616099140e+01 9.969179107468e-04 3.826559259543e-05 2.548779874857e+03
27 26 4 2.94347799 3.44672149 2.96506915 1.86417524 10.36644587 4.519431534330e-04 4.607790555931e+01 9.979843835250e-04 3.774081210875e-05 2.522436548810e+03
27 27 4 2.94347799 3.44672149 2.96506915 1.86417524 10.36644587 5.666941206662e-04 4.573434388692e+01 9.990435594958e-04 3.732004679803e-05 2.500283486654e+03
27 28 4 2.94347799 3.44672149 2.96506915 1.86417524 10.36644587 6.749455247336e-04 4.587962831064e+01 1.000193335727e-03 3.700329896190e-05 2.478913968121e+03
27 29 4 2.94347799 3.44672149 2.96506915 1.86417524 10.36644587 7.671880692420e-04 4.680769706670e+01 1.001510912304e-03 3.679057033075e-05 2.458315613102e+03
27 30 4 2.94347799 3.44672149 2.96506915 1.86417524 10.36644587 8.349537890434e-04 4.827403595153e+01 1.003050634898e-03 3.668186206671e-05 2.446499202001e+03
27 31 4 2.94347799 3.44672149 2.96506915 1.86417524 10.36644587 8.718284809063e-04 4.962547952220e+01 1.004842435014e-03 3.667717476365e-05 2.454791185045e+03
27 32 4 2.94347799 3.44672149 2.96506915 1.86417524 10.36644587 8.742302601918e-04 5.030822649553e+01 1.006890904273e-03 3.677650844717e-05 2.485887713613e+03
27 33 4 2.94347799 3.44672149 2.96506915 1.86417524 10.36644587 8.418547628986e-04 5.029886557412e+01 1.009175024736e-03 3.697986257463e-05 2.529228155388e+03
27 34 4 2.94347799 3.44672149 2.96506915 1.86417524 10.36644587 7.777284607006e-04 5.006885476156e+01 1.011648562466e-03 3.728723603510e-05 2.570808280711e+03
27 35 4 2.94347799 3.44672149 2.96506915 1.86417524 10.36644587 6.878595218094e-04 5.012320404369e+01 1.014241116594e-03 3.769862714940e-05 2.605878641062e+03
27 36 4 2.94347799 3.44672149 2.96506915 1.86417524 10.36644587 5.805258305825e-04 5.054684917297e+01 1.016859801293e-03 3.821403367013e-05 2.639979190483e+03
27 37 4 2.94347799 3.44672149 2.96506915 1.86417524 10.36644587 4.652868967117e-04 5.097840515347e+01 1.019391523732e-03 3.883345278161e-05 2.680101170703e+03
27 38 4 2.94347799 3.44672149 2.96506915 1.86417524 10.36644587 3.518448509000e-04 5.103428626227e+01 1.021705807430e-03 3.955688109998e-05 2.728785957361e+03
27 39 4 2.94347799 3.44672149 2.96506915 1.86417524 10.36644587 2.489040508046e-04 5.079119615842e+01 1.023658097837e-03 4.038431467316e-05 2.785758165115e+03
27 40 4 2.94347799 3.44672149 2.96506915 1.86417524 10.36644587 1.631843505312e-04 5.086313411247e+01 1.025093475627e-03 4.131574898091e-05 2.850406564038e+03
27 41 4 2.94347799 3.44672149 2.96506915 1.86417524 10.36644587 9.872695555802e-05 5.195427593931e+01 1.025850693406e-03 4.235117893482e-05 2.921040498242e+03
27 42 4 2.94347799 3.44672149 2.96506915 1.86417524 10.36644587 5.659392135534e-05 5.425567166564e+01 1.025766443424e-03 4.349059887835e-05 2.994849222954e+03
27 43 4 2.94347799 3.44672149 2.96506915 1.86417524 10.36644587 3.500621401774e-05 5.724025533940e+01 1.024679757748e-03 4.473400258689e-05 3.070606886650e+03
27 44 4 2.94347799 3.44672149 2.96506915 1.86417524 10.36644587 2.989798667160e-05 6.007704280641e+01 1.022436438190e-03 4.608138326774e-05 3.149546257373e+03
27 45 4 2.94347799 3.44672149 2.96506915 1.86417524 10.36644587 3.579656839887e-05 6.230966215795e+01 1.018893411338e-03 4.753273356019e-05 3.232285634865e+03
27 46 4 2.94347799 3.44672149 2.96506915 1.86417524 10.36644587 4.688047724849e-05 6.418100216699e+01 1.013922904238e-03 4.908804553555e-05 3.317147753021e+03
27 47 4 2.94347799 3.44672149 2.96506915 1.86417524 10.36644587 5.803293808516e-05 6.630136763866e+01 1.007416338765e-03 5.074731069717e-05 3.403323241373e+03
27 48 4 2.94347799 3.44672149 2.96506915 1.86417524 10.36644587 6.570440621232e-05 6.896231204263e+01 9.992878473692e-04 5.251051998055e-05 3.493613392265e+03
27 49 4 2.94347799 3.44672149 2.96506915 1.86417524 10.36644587 6.842790482694e-05 7.174383907985e+01 9.894773197087e-04 5.437766375329e-05 3.591518528613e+03
27 50 4 2.94347799 3.44672149 2.96506915 1.86417524 10.36644587 6.689255774625e-05 7.382797366344e+01 9.779528984971e-04 5.634873181524e-05 3.696713939256e+03
27 51 4 2.94347799 3.44672149 2.96506915 1.86417524 10.36644587 6.356388963120e-05 7.478394263549e+01 9.647128536473e-04 5.842371339849e-05 3.805634903382e+03
27 52 4 2.94347799 3.44672149 2.96506915 1.86417524 10.36644587 6.192926422913e-05 7.509601217393e+01 9.497867761933e-04 6.060259716745e-05 3.915782080758e+03
27 53 4 2.94347799 3.44672149 2.96506915 1.86417524 10.36644587 6.552547265546e-05 7.588070081720e+01 9.332360473803e-04 6.288537121896e-05 4.027559234328e+03
27 54 4 2.94347799 3.44672149 2.96506915 1.86417524 10.36644587 7.695596754220e-05 7.799697487712e+01 9.151535534373e-04 6.527202308223e-05 4.142787908572e+03
27 55 4 2.94347799 3.44672149 2.96506915 1.86417524 10.36644587 9.711506361792e-05 8.136922550823e+01 8.956626326116e-04 6.776253971908e-05 4.263535255372e+03
27 56 4 2.94347799 3.44672149 2.96506915 1.86417524 10.36644587 1.248007205393e-04 8.517869212624e+01 8.749152577595e-04 7.035690752383e-05 4.391620128012e+03
27 57 4 2.94347799 3.44672149 2.96506915 1.86417524 10.36644587 1.568208045604e-04 8.876764826525e+01 8.530894748244e-04 7.305511232354e-05 4.526852392747e+03
27 58 4 2.94347799 3.44672149 2.96506915 1.86417524 10.36644587 1.885937339284e-04 9.240478555618e+01 8.303861345653e-04 7.585713937795e-05 4.665994456719e+03
27 59 4 2.94347799 3.44672149 2.96506915 1.86417524 10.36644587 2.151338959562e-04 9.713183394405e+01 8.070249715922e-04 7.876297337965e-05 4.805641921151e+03
27 60 4 2.94347799 3.44672149 2.96506915 1.86417524 10.36644587 2.322189548469e-04 1.037351523895e+02 7.832401007813e-04 8.177259845417e-05 4.946206126443e+03
27 61 4 2.94347799 3.44672149 2.96506915 1.86417524 10.36644587 2.374819466145e-04 1.117649243670e+02 7.592750161579e-04 8.488599815993e-05 5.091438601191e+03
27 62 4 2.94347799 3.44672149 2.96506915 1.86417524 10.36644587 2.311707139449e-04 1.195984305678e+02 7.353771910302e-04 8.810315548855e-05 5.244232331293e+03
27 63 4 2.94347799 3.44672149 2.96506915 1.86417524 10.36644587 2.163747814273e-04 1.256135814292e+02 7.117923902337e-04 9.142405286475e-05 5.404129694009e+03
