# environment=00196 local_bs=1 gain_scale=4.066475738344e-14
# ue subcarrier serving_bs phi0 phi1 phi2 phi3 phi4 gain0 gain1 gain2 gain3 gain4
3 0 1 1.65512199 0.65078231 0.52958327 0.55465752 0.56127608 4.678374163075e-04 1.385736297065e+00 6.242984291534e-01 7.624984838622e-01 7.381488945875e-01
3 1 1 1.65512199 0.65078231 0.52958327 0.55465752 0.56127608 1.436980947060e-04 1.357315184949e+00 6.299565824814e-01 7.266083131069e-01 6.946853226432e-01
3 2 1 1.65512199 0.65078231 0.52958327 0.55465752 0.56127608 1.458798952624e-04 1.342106348688e+00 6.297119125076e-01 6.882205880285e-01 6.439393879111e-01
3 3 1 1.65512199 0.65078231 0.52958327 0.55465752 0.56127608 5.447395343227e-04 1.305709157019e+00 6.151100168851e-01 6.678423639014e-01 5.930337733995e-01
3 4 1 1.65512199 0.65078231 0.52958327 0.55465752 0.56127608 2.827649751436e-04 1.235334279578e+00 6.068409077352e-01 6.350748836199e-01 5.466495957868e-01
3 5 1 1.65512199 0.65078231 0.52958327 0.55465752 0.56127608 3.741503481735e-04 1.141550748119e+00 6.022804368465e-01 5.929991723953e-01 5.121234885452e-01
3 6 1 1.65512199 0.65078231 0.52958327 0.55465752 0.56127608 6.035956352118e-04 1.105125339239e+00 5.998410982683e-01 5.548940579666e-01 4.906083016127e-01
3 7 1 1.65512199 0.65078231 0.52958327 0.55465752 0.56127608 4.859618862185e-04 1.090518944041e+00 5.992618864212e-01 5.102133653136e-01 4.719282960266e-01
3 8 1 1.65512199 0.65078231 0.52958327 0.55465752 0.56127608 7.032379525820e-04 1.008963088289e+00 5.892580152136e-01 4.801374980693e-01 4.569841433405e-01
3 9 1 1.65512199 0.65078231 0.52958327 0.55465752 0.56127608 6.409100448354e-04 9.268489307967e-01 5.844487180647e-01 4.673702909617e-01 4.458778835639e-01
3 10 1 1.65512199 0.65078231 0.52958327 0.55465752 0.56127608 9.245522406734e-04 9.143301723736e-01 5.889175813329e-01 4.446547337077e-01 4.364300153010e-01
3 11 1 1.65512199 0.65078231 0.52958327 0.55465752 0.56127608 8.838541995450e-04 9.000104367598e-01 5.918294662423e-01 4.254271755572e-01 4.269702894691e-01
3 12 1 1.65512199 0.65078231 0.52958327 0.55465752 0.56127608 7.092429086243e-04 8.624152605307e-01 5.913959116054e-01 4.180161375778e-01 4.104885718196e-01
3 13 1 1.65512199 0.65078231 0.52958327 0.55465752 0.56127608 1.143039760666e-03 8.402946689801e-01 5.809373355977e-01 4.086438070100e-01 3.902317663171e-01
3 14 1 1.65512199 0.65078231 0.52958327 0.55465752 0.56127608 1.219860879193e-03 8.213783772830e-01 5.688089401703e-01 4.082121913760e-01 3.687769598285e-01
3 15 1 1.65512199 0.65078231 0.52958327 0.55465752 0.56127608 6.157096393456e-04 7.986495047591e-01 5.683969231186e-01 4.108674387026e-01 3.447998900565e-01
3 16 1 1.65512199 0.65078231 0.52958327 0.55465752 0.56127608 1.399939472113e-03 7.660895893861e-01 5.760214982673e-01 3.995797748593e-01 3.223747568673e-01
3 17 1 1.65512199 0.65078231 0.52958327 0.55465752 0.56127608 9.556042161917e-04 7.393471478253e-01 5.835671271933e-01 3.892917311265e-01 3.034293505678e-01
3 18 1 1.65512199 0.65078231 0.52958327 0.55465752 0.56127608 8.601600627697e-04 7.414242192463e-01 5.846144317128e-01 3.811910186206e-01 2.933403361323e-01
3 19 1 1.65512199 0.65078231 0.52958327 0.55465752 0.56127608 9.929244093192e-04 7.396614436677e-01 5.788991841763e-01 3.675190315563e-01 2.926608161200e-01
3 20 1 1.65512199 0.65078231 0.52958327 0.55465752 0.56127608 1.096797656784e-03 7.031713989699e-01 5.731725769500e-01 3.605250094327e-01 2.939651096772e-01
3 21 1 1.65512199 0.65078231 0.52958327 0.55465752 0.56127608 5.791108777101e-04 6.545797225232e-01 5.737070504426e-01 3.526521423267e-01 2.954816460219e-01
3 22 1 1.65512199 0.65078231 0.52958327 0.55465752 0.56127608 8.623615816649e-04 6.246907262916e-01 5.760102607056e-01 3.356045872072e-01 2.954834694933e-01
3 23 1 1.65512199 0.65078231 0.52958327 0.55465752 0.56127608 6.852888683788e-04 6.018463236286e-01 5.768153950305e-01 3.238478260623e-01 2.940042376781e-01
3 24 1 1.65512199 0.65078231 0.52958327 0.55465752 0.56127608 7.695887455746e-04 5.601095513362e-01 5.806525271761e-01 3.114494992202e-01 2.913856204184e-01
3 25 1 1.65512199 0.65078231 0.52958327 0.55465752 0.56127608 3.189538803796e-04 5.202659646226e-01 5.850033396828e-01 2.913123449013e-01 2.839114352220e-01
3 26 1 1.65512199 0.65078231 0.52958327 0.55465752 0.56127608 7.683665476242e-04 5.259044904486e-01 5.920502043080e-01 2.770635794031e-01 2.750061097947e-01
3 27 1 1.65512199 0.65078231 0.52958327 0.55465752 0.56127608 3.782048623128e-04 5.364299744395e-01 5.973855027082e-01 2.665085223317e-01 2.671239249709e-01
3 28 1 1.65512199 0.65078231 0.52958327 0.55465752 0.56127608 3.163046680811e-04 5.101085156086e-01 5.916632886588e-01 2.561882365086e-01 2.603766359345e-01
3 29 1 1.65512199 0.65078231 0.52958327 0.55465752 0.56127608 4.302351683826e-04 4.891398590608e-01 5.869678880657e-01 2.532497564088e-01 2.566429776085e-01
3 30 1 1.65512199 0.65078231 0.52958327 0.55465752 0.56127608 4.009069175658e-04 4.805059545399e-01 5.882339290466e-01 2.512591728607e-01 2.554231620056e-01
3 31 1 1.65512199 0.65078231 0.52958327 0.55465752 0.56127608 3.630482559258e-04 4.877026969070e-01 5.976623415344e-01 2.546905838406e-01 2.607841552578e-01
3 32 1 1.65512199 0.65078231 0.52958327 0.55465752 0.56127608 3.600185654980e-04 5.248866369979e-01 6.155713755522e-01 2.750529861172e-01 2.736822528622e-01
3 33 1 1.65512199 0.65078231 0.52958327 0.55465752 0.56127608 4.094057314340e-04 5.645375831172e-01 6.231072922019e-01 2.964970379633e-01 2.885565964750e-01
3 34 1 1.65512199 0.65078231 0.52958327 0.55465752 0.56127608 4.419126393003e-04 6.027016827091e-01 6.212340738836e-01 3.118110989850e-01 3.032885670282e-01
3 35 1 1.65512199 0.65078231 0.52958327 0.55465752 0.56127608 3.289519632274e-04 6.294802655240e-01 6.183104436931e-01 3.301428614559e-01 3.151065876026e-01
3 36 1 1.65512199 0.65078231 0.52958327 0.55465752 0.56127608 4.028695118292e-04 6.280827091422e-01 6.170520695077e-01 3.450071034399e-01 3.251230329993e-01
3 37 1 1.65512199 0.65078231 0.52958327 0.55465752 0.56127608 7.948605631516e-04 6.345672131101e-01 6.274029956558e-01 3.580374154875e-01 3.342344873479e-01
3 38 1 1.65512199 0.65078231 0.52958327 0.55465752 0.56127608 3.404596424596e-04 6.828582116660e-01 6.398595856544e-01 3.734162736760e-01 3.385089662415e-01
3 39 1 1.65512199 0.65078231 0.52958327 0.55465752 0.56127608 8.163837465842e-04 7.320805372743e-01 6.472633771456e-01 3.788294356996e-01 3.412290149343e-01
3 40 1 1.65512199 0.65078231 0.52958327 0.55465752 0.56127608 7.200141215944e-04 7.420213730051e-01 6.552623876797e-01 3.813164387789e-01 3.448432141639e-01
3 41 1 1.65512199 0.65078231 0.52958327 0.55465752 0.56127608 9.149263464583e-04 7.526446301871e-01 6.616613726983e-01 3.903165567973e-01 3.513623459934e-01
3 42 1 1.65512199 0.65078231 0.52958327 0.55465752 0.56127608 6.150715708548e-04 7.818142409551e-01 6.689989912920e-01 3.925316390779e-01 3.629773315576e-01
3 43 1 1.65512199 0.65078231 0.52958327 0.55465752 0.56127608 1.156815347918e-03 7.944784735466e-01 6.752457515581e-01 3.936387266652e-01 3.774790721179e-01
3 44 1 1.65512199 0.65078231 0.52958327 0.55465752 0.56127608 1.046436513719e-03 7.769708974265e-01 6.761592288411e-01 4.035237986239e-01 3.997962501339e-01
3 45 1 1.65512199 0.65078231 0.52958327 0.55465752 0.56127608 9.091621434833e-04 7.684098657658e-01 6.794649074099e-01 4.102468861409e-01 4.311617771986e-01
3 46 1 1.65512199 0.65078231 0.52958327 0.55465752 0.56127608 1.002759386497e-03 7.983418464703e-01 6.923700216062e-01 4.174794738553e-01 4.651468541442e-01
3 47 1 1.65512199 0.65078231 0.52958327 0.55465752 0.56127608 1.467312044607e-03 8.344694524585e-01 7.114701518168e-01 4.283607998248e-01 4.973761246844e-01
3 48 1 1.65512199 0.65078231 0.52958327 0.55465752 0.56127608 6.443635694033e-04 8.568423496604e-01 7.271071496376e-01 4.319848945162e-01 5.212041044169e-01
3 49 1 1.65512199 0.65078231 0.52958327 0.55465752 0.56127608 1.275091971856e-03 8.751107052130e-01 7.334830993535e-01 4.427823691803e-01 5.402354816375e-01
3 50 1 1.65512199 0.65078231 0.52958327 0.55465752 0.56127608 1.176237012838e-03 9.037972465232e-01 7.300505887570e-01 4.686489339752e-01 5.581001004133e-01
3 51 1 1.65512199 0.65078231 0.52958327 0.55465752 0.56127608 7.430549833796e-04 9.446158215236e-01 7.318776338710e-01 4.950903481943e-01 5.718191205779e-01
3 52 1 1.65512199 0.65078231 0.52958327 0.55465752 0.56127608 9.043876490769e-04 9.744160067234e-01 7.482185199610e-01 5.286320232031e-01 5.868704996840e-01
3 53 1 1.65512199 0.65078231 0.52958327 0.55465752 0.56127608 9.405552398129e-04 1.003411264141e+00 7.659772694542e-01 5.652379759111e-01 6.054548181436e-01
3 54 1 1.65512199 0.65078231 0.52958327 0.55465752 0.56127608 6.608645480221e-04 1.082067701403e+00 7.821656012555e-01 5.912717672133e-01 6.322090317252e-01
3 55 1 1.65512199 0.65078231 0.52958327 0.55465752 0.56127608 7.101949846112e-04 1.163302638356e+00 7.904972393792e-01 6.283446578761e-01 6.681734020324e-01
3 56 1 1.65512199 0.65078231 0.52958327 0.55465752 0.56127608 4.809780313291e-04 1.163356888949e+00 7.938631569147e-01 6.765529184789e-01 7.053068824594e-01
3 57 1 1.65512199 0.65078231 0.52958327 0.55465752 0.56127608 6.212289512537e-04 1.176071163617e+00 8.106243276153e-01 7.096652461757e-01 7.491493258139e-01
3 58 1 1.65512199 0.65078231 0.52958327 0.55465752 0.56127608 3.681483772082e-04 1.254374484901e+00 8.258885410987e-01 7.350164441027e-01 8.012138758326e-01
3 59 1 1.65512199 0.65078231 0.52958327 0.55465752 0.56127608 2.730625101581e-04 1.301014814458e+00 8.346607649453e-01 7.542316198328e-01 8.569192724888e-01
3 60 1 1.65512199 0.65078231 0.52958327 0.55465752 0.56127608 5.627211848007e-04 1.298168600362e+00 8.430537970115e-01 7.643278952331e-01 9.102591194487e-01
3 61 1 1.65512199 0.65078231 0.52958327 0.55465752 0.56127608 1.463565872616e-04 1.294681267434e+00 8.474226493701e-01 7.890664531929e-01 9.473804404097e-01
3 62 1 1.65512199 0.65078231 0.52958327 0.55465752 0.56127608 1.405595730044e-04 1.324119363489e+00 8.687843469724e-01 8.180344100709e-01 9.749997614975e-01
3 63 1 1.65512199 0.65078231 0.52958327 0.55465752 0.56127608 4.828949979043e-04 1.374508307889e+00 8.981935287138e-01 8.337939948534e-01 9.984521433430e-01
4 0 1 1.82513940 0.87200300 0.67897947 0.69034741 0.73104844 1.593106115136e+00 4.558964563782e+00 2.523853208150e-02 2.124117272541e+00 2.090137027104e+00
4 1 1 1.82513940 0.87200300 0.67897947 0.69034741 0.73104844 1.563589055583e+00 4.467903736607e+00 2.491421124540e-02 2.159478001649e+00 2.565112565585e+00
4 2 1 1.82513940 0.87200300 0.67897947 0.69034741 0.73104844 1.573840302815e+00 4.307784182083e+00 2.275041194915e-02 2.226414961036e+00 1.611770609383e+00
4 3 1 1.82513940 0.87200300 0.67897947 0.69034741 0.73104844 1.477582506411e+00 4.119923377342e+00 3.169130436651e-02 2.272093202692e+00 1.034929614972e+00
4 4 1 1.82513940 0.87200300 0.67897947 0.69034741 0.73104844 1.261709683170e+00 3.940645533861e+00 4.444752981468e-02 2.224556730238e+00 1.670450016672e+00
4 5 1 1.82513940 0.87200300 0.67897947 0.69034741 0.73104844 1.021810175318e+00 3.726409430495e+00 3.825377124282e-02 2.119517802874e+00 1.963110306681e+00
4 6 1 1.82513940 0.87200300 0.67897947 0.69034741 0.73104844 9.386033647177e-01 3.509870665689e+00 2.382190143956e-02 2.060001011021e+00 1.205199769206e+00
4 7 1 1.82513940 0.87200300 0.67897947 0.69034741 0.73104844 8.042828836644e-01 3.403833972224e+00 1.959210734275e-02 2.002032689162e+00 7.303544441770e-01
4 8 1 1.82513940 0.87200300 0.67897947 0.69034741 0.73104844 7.908713405645e-01 3.355501350908e+00 2.867212257553e-02 1.854941978388e+00 1.288209389675e+00
4 9 1 1.82513940 0.87200300 0.67897947 0.69034741 0.73104844 8.583502513007e-01 3.155656882123e+00 3.925662889418e-02 1.649202531107e+00 1.523434253025e+00
4 10 1 1.82513940 0.87200300 0.67897947 0.69034741 0.73104844 9.543229057598e-01 2.807558685768e+00 2.901569417865e-02 1.459474860262e+00 8.553204630521e-01
4 11 1 1.82513940 0.87200300 0.67897947 0.69034741 0.73104844 9.929201176012e-01 2.646222958942e+00 8.544820558159e-03 1.312474986039e+00 5.434109636636e-01
4 12 1 1.82513940 0.87200300 0.67897947 0.69034741 0.73104844 1.007746395915e+00 2.819759647014e+00 9.702153629396e-03 1.160635741672e+00 1.106712140418e+00
4 13 1 1.82513940 0.87200300 0.67897947 0.69034741 0.73104844 1.073229708449e+00 2.818740545943e+00 2.665596353413e-02 1.007939678050e+00 1.345108527824e+00
4 14 1 1.82513940 0.87200300 0.67897947 0.69034741 0.73104844 9.522207308824e-01 2.566423411120e+00 3.022443876936e-02 8.756162453102e-01 6.699801220075e-01
4 15 1 1.82513940 0.87200300 0.67897947 0.69034741 0.73104844 8.755015283491e-01 2.433564652531e+00 1.698926323908e-02 7.817899450429e-01 3.591447389221e-01
4 16 1 1.82513940 0.87200300 0.67897947 0.69034741 0.73104844 7.726705111243e-01 2.447298658980e+00 5.366888764536e-03 7.140874876617e-01 8.744085853665e-01
4 17 1 1.82513940 0.87200300 0.67897947 0.69034741 0.73104844 7.111938280248e-01 2.300472896952e+00 1.247780855684e-02 6.531590280293e-01 1.094723699927e+00
4 18 1 1.82513940 0.87200300 0.67897947 0.69034741 0.73104844 6.164236026385e-01 2.015178795214e+00 2.956320974108e-02 6.042781051881e-01 5.238600798802e-01
4 19 1 1.82513940 0.87200300 0.67897947 0.69034741 0.73104844 6.453720029108e-01 2.010364762654e+00 2.853000578230e-02 5.959996593117e-01 2.818976405617e-01
4 20 1 1.82513940 0.87200300 0.67897947 0.69034741 0.73104844 7.073994144170e-01 2.187225424234e+00 1.368868768986e-02 6.194555763622e-01 7.941450292250e-01
4 21 1 1.82513940 0.87200300 0.67897947 0.69034741 0.73104844 7.308232135339e-01 2.145798918846e+00 9.136840686096e-03 6.316085349839e-01 9.617169408580e-01
4 22 1 1.82513940 0.87200300 0.67897947 0.69034741 0.73104844 7.839551952299e-01 1.781915746567e+00 1.567781692933e-02 6.147183602805e-01 4.272927206985e-01
4 23 1 1.82513940 0.87200300 0.67897947 0.69034741 0.73104844 8.465663397726e-01 1.727075190738e+00 2.104550971489e-02 6.374331042225e-01 2.159253998848e-01
4 24 1 1.82513940 0.87200300 0.67897947 0.69034741 0.73104844 8.443514637398e-01 1.978527988021e+00 1.910698744741e-02 7.117677838246e-01 7.225225142069e-01
4 25 1 1.82513940 0.87200300 0.67897947 0.69034741 0.73104844 7.249549623796e-01 2.056882277862e+00 1.244713935425e-02 7.699148639825e-01 8.840342522752e-01
4 26 1 1.82513940 0.87200300 0.67897947 0.69034741 0.73104844 7.724317986532e-01 1.844555915644e+00 1.112022329347e-02 7.785404582007e-01 3.672354075133e-01
4 27 1 1.82513940 0.87200300 0.67897947 0.69034741 0.73104844 6.928169017223e-01 1.761414243424e+00 1.554966991581e-02 8.037412375843e-01 2.095222623317e-01
4 28 1 1.82513940 0.87200300 0.67897947 0.69034741 0.73104844 6.044817055460e-01 1.921990948680e+00 1.556895703005e-02 8.896762361702e-01 7.218037695113e-01
4 29 1 1.82513940 0.87200300 0.67897947 0.69034741 0.73104844 5.273669770442e-01 1.921556367341e+00 1.319129988242e-02 9.238712862582e-01 8.593021820247e-01
4 30 1 1.82513940 0.87200300 0.67897947 0.69034741 0.73104844 5.205330769714e-01 1.638312594932e+00 1.228047452352e-02 8.972666439929e-01 3.287188114560e-01
4 31 1 1.82513940 0.87200300 0.67897947 0.69034741 0.73104844 4.536040402470e-01 1.467608031998e+00 7.794123260789e-03 8.912796223703e-01 1.852393639064e-01
4 32 1 1.82513940 0.87200300 0.67897947 0.69034741 0.73104844 4.527378856141e-01 1.793556077179e+00 3.768966624276e-03 1.012980244789e+00 7.527570946241e-01
4 33 1 1.82513940 0.87200300 0.67897947 0.69034741 0.73104844 5.207371756689e-01 2.120697956644e+00 7.277353451038e-03 1.109092961448e+00 8.879831601581e-01
4 34 1 1.82513940 0.87200300 0.67897947 0.69034741 0.73104844 5.292262353612e-01 2.062046124730e+00 1.439464594886e-02 1.106018597485e+00 3.888679614962e-01
4 35 1 1.82513940 0.87200300 0.67897947 0.69034741 0.73104844 6.079281195839e-01 1.858630424201e+00 1.827210711394e-02 1.042395222652e+00 2.578435969010e-01
4 36 1 1.82513940 0.87200300 0.67897947 0.69034741 0.73104844 7.000745184104e-01 1.935564029646e+00 1.332040798767e-02 1.040676521680e+00 7.899362071714e-01
4 37 1 1.82513940 0.87200300 0.67897947 0.69034741 0.73104844 7.854003862073e-01 2.126072222019e+00 5.920523219175e-03 1.039927233026e+00 9.279051594934e-01
4 38 1 1.82513940 0.87200300 0.67897947 0.69034741 0.73104844 7.405420029607e-01 2.051423001832e+00 1.159239045411e-02 9.628031818562e-01 4.008764241119e-01
4 39 1 1.82513940 0.87200300 0.67897947 0.69034741 0.73104844 8.664043737282e-01 1.855596117694e+00 2.263900088862e-02 8.685399239607e-01 3.331476479450e-01
4 40 1 1.82513940 0.87200300 0.67897947 0.69034741 0.73104844 8.723997944339e-01 2.015752491603e+00 2.034289983815e-02 8.177155096553e-01 9.034729177064e-01
4 41 1 1.82513940 0.87200300 0.67897947 0.69034741 0.73104844 8.081739387493e-01 2.420812297437e+00 9.595560952178e-03 8.036308378507e-01 1.059144508239e+00
4 42 1 1.82513940 0.87200300 0.67897947 0.69034741 0.73104844 7.539147174220e-01 2.465316564337e+00 6.276939030644e-03 7.277345702838e-01 5.020299237905e-01
4 43 1 1.82513940 0.87200300 0.67897947 0.69034741 0.73104844 7.298279046842e-01 2.239347529624e+00 1.515825216054e-02 6.542491221948e-01 4.485987918172e-01
4 44 1 1.82513940 0.87200300 0.67897947 0.69034741 0.73104844 6.669374648705e-01 2.324727664762e+00 2.657602891748e-02 6.094240743431e-01 1.071254879484e+00
4 45 1 1.82513940 0.87200300 0.67897947 0.69034741 0.73104844 6.383961653921e-01 2.666364602545e+00 2.291031203506e-02 6.259347884914e-01 1.187427819368e+00
4 46 1 1.82513940 0.87200300 0.67897947 0.69034741 0.73104844 7.396016614991e-01 2.839233169602e+00 7.747068931909e-03 6.415101635129e-01 6.217141849772e-01
4 47 1 1.82513940 0.87200300 0.67897947 0.69034741 0.73104844 8.068498962558e-01 2.766067906176e+00 5.571683529504e-03 6.847150567500e-01 6.036621958880e-01
4 48 1 1.82513940 0.87200300 0.67897947 0.69034741 0.73104844 9.153044448726e-01 2.851315146343e+00 1.496282948221e-02 7.628841531898e-01 1.331197022382e+00
4 49 1 1.82513940 0.87200300 0.67897947 0.69034741 0.73104844 9.966055416706e-01 3.073662690331e+00 1.967104172610e-02 8.809347109545e-01 1.481642605063e+00
4 50 1 1.82513940 0.87200300 0.67897947 0.69034741 0.73104844 1.121960322584e+00 3.068390650152e+00 1.590939227726e-02 1.031253343630e+00 8.606081494765e-01
4 51 1 1.82513940 0.87200300 0.67897947 0.69034741 0.73104844 1.053163610321e+00 2.945553994458e+00 7.592516942367e-03 1.177777707975e+00 8.106468627037e-01
4 52 1 1.82513940 0.87200300 0.67897947 0.69034741 0.73104844 1.034094926031e+00 3.160530009578e+00 7.119415501766e-03 1.358787837267e+00 1.564742672926e+00
4 53 1 1.82513940 0.87200300 0.67897947 0.69034741 0.73104844 9.928108557834e-01 3.620054618689e+00 1.735181821764e-02 1.543977195479e+00 1.729290100953e+00
4 54 1 1.82513940 0.87200300 0.67897947 0.69034741 0.73104844 8.911856976477e-01 3.746677278948e+00 2.269902175234e-02 1.765803094728e+00 1.067329155064e+00
4 55 1 1.82513940 0.87200300 0.67897947 0.69034741 0.73104844 8.220901640136e-01 3.746974115056e+00 2.055342956050e-02 1.905665536884e+00 1.144796780524e+00
4 56 1 1.82513940 0.87200300 0.67897947 0.69034741 0.73104844 8.384307954230e-01 3.791184464660e+00 1.964196100036e-02 2.010314890051e+00 2.078823530370e+00
4 57 1 1.82513940 0.87200300 0.67897947 0.69034741 0.73104844 9.847492824365e-01 4.035163853046e+00 1.823199757080e-02 2.115150114929e+00 2.256017502882e+00
4 58 1 1.82513940 0.87200300 0.67897947 0.69034741 0.73104844 1.073670552138e+00 4.200004521445e+00 2.232506622253e-02 2.265774666618e+00 1.441139023544e+00
4 59 1 1.82513940 0.87200300 0.67897947 0.69034741 0.73104844 1.324668173891e+00 4.329644751702e+00 3.162707876735e-02 2.362856429860e+00 1.447823465389e+00
4 60 1 1.82513940 0.87200300 0.67897947 0.69034741 0.73104844 1.548931282360e+00 4.424471979826e+00 3.068318571804e-02 2.337261310212e+00 2.616121789787e+00
4 61 1 1.82513940 0.87200300 0.67897947 0.69034741 0.73104844 1.642649827595e+00 4.534023700499e+00 2.234384928765e-02 2.322731607077e+00 2.838011212639e+00
4 62 1 1.82513940 0.87200300 0.67897947 0.69034741 0.73104844 1.625598173501e+00 4.612492339079e+00 1.514948227420e-02 2.278035975932e+00 1.845299222189e+00
4 63 1 1.82513940 0.87200300 0.67897947 0.69034741 0.73104844 1.653751176240e+00 4.697731854928e+00 1.338538302359e-02 2.206069445938e+00 1.774665866628e+00
5 0 1 0.84375429 1.93229207 0.80047476 1.30292945 1.21957295 2.422108421236e+00 1.001858198007e+02 3.022517521813e+00 2.705828032327e+01 1.577261963988e+01
5 1 1 0.84375429 1.93229207 0.80047476 1.30292945 1.21957295 2.338981626819e+00 9.634881244803e+01 2.937345385985e+00 2.699075164514e+01 1.521473456912e+01
5 2 1 0.84375429 1.93229207 0.80047476 1.30292945 1.21957295 2.366539253981e+00 9.278038105389e+01 2.920590867634e+00 2.701253733285e+01 1.479974446435e+01
5 3 1 0.84375429 1.93229207 0.80047476 1.30292945 1.21957295 2.320529377640e+00 8.910614809498e+01 2.787999383370e+00 2.670551307920e+01 1.436882050901e+01
5 4 1 0.84375429 1.93229207 0.80047476 1.30292945 1.21957295 2.343737341283e+00 8.567723384165e+01 2.642579120083e+00 2.673431014516e+01 1.371917108433e+01
5 5 1 0.84375429 1.93229207 0.80047476 1.30292945 1.21957295 2.264090338323e+00 8.159665775875e+01 2.549096977631e+00 2.475406391598e+01 1.290897269553e+01
5 6 1 0.84375429 1.93229207 0.80047476 1.30292945 1.21957295 2.111361792806e+00 7.909644574456e+01 2.503544599285e+00 2.379899417391e+01 1.249722476666e+01
5 7 1 0.84375429 1.93229207 0.80047476 1.30292945 1.21957295 2.077162539163e+00 7.797418026200e+01 2.333304093506e+00 2.199498112253e+01 1.224578351665e+01
5 8 1 0.84375429 1.93229207 0.80047476 1.30292945 1.21957295 2.012066019539e+00 7.553203618910e+01 2.256933575528e+00 2.000997966734e+01 1.181548304900e+01
5 9 1 0.84375429 1.93229207 0.80047476 1.30292945 1.21957295 1.909687104006e+00 7.120837435192e+01 2.028534306140e+00 1.811323530524e+01 1.156554570377e+01
5 10 1 0.84375429 1.93229207 0.80047476 1.30292945 1.21957295 1.896832168011e+00 6.830496083844e+01 2.040368998248e+00 1.676637935094e+01 1.111513435675e+01
5 11 1 0.84375429 1.93229207 0.80047476 1.30292945 1.21957295 1.910050205789e+00 6.736696343821e+01 1.947069692902e+00 1.409287444011e+01 1.062748440393e+01
5 12 1 0.84375429 1.93229207 0.80047476 1.30292945 1.21957295 1.794353425108e+00 6.539244526009e+01 2.029210584779e+00 1.293629996283e+01 1.039339426396e+01
5 13 1 0.84375429 1.93229207 0.80047476 1.30292945 1.21957295 1.796817137796e+00 6.241624786338e+01 1.797103288845e+00 1.160329198283e+01 9.936751541528e+00
5 14 1 0.84375429 1.93229207 0.80047476 1.30292945 1.21957295 1.722235789840e+00 6.029539562377e+01 1.895858752364e+00 1.014410698722e+01 9.529376725996e+00
5 15 1 0.84375429 1.93229207 0.80047476 1.30292945 1.21957295 1.659728060195e+00 5.873323919359e+01 1.709304044450e+00 8.983832645813e+00 9.393356443661e+00
5 16 1 0.84375429 1.93229207 0.80047476 1.30292945 1.21957295 1.645393947394e+00 5.697004067837e+01 1.884693888427e+00 8.715729724345e+00 9.162241152379e+00
5 17 1 0.84375429 1.93229207 0.80047476 1.30292945 1.21957295 1.658792624823e+00 5.457273305032e+01 1.649721332128e+00 7.744820125612e+00 8.709244499624e+00
5 18 1 0.84375429 1.93229207 0.80047476 1.30292945 1.21957295 1.584527667156e+00 5.332754395572e+01 1.809353659496e+00 7.472989549336e+00 8.371839252623e+00
5 19 1 0.84375429 1.93229207 0.80047476 1.30292945 1.21957295 1.595971776567e+00 5.262501389216e+01 1.473922400211e+00 7.398425912507e+00 8.259416447658e+00
5 20 1 0.84375429 1.93229207 0.80047476 1.30292945 1.21957295 1.526233352176e+00 5.231944019631e+01 1.653406335880e+00 7.796389940401e+00 8.093234292667e+00
5 21 1 0.84375429 1.93229207 0.80047476 1.30292945 1.21957295 1.474200989580e+00 5.025258642042e+01 1.368913056087e+00 7.855136612346e+00 8.091343693412e+00
5 22 1 0.84375429 1.93229207 0.80047476 1.30292945 1.21957295 1.446354715215e+00 4.842316010995e+01 1.603486863023e+00 8.767687251475e+00 7.999633595707e+00
5 23 1 0.84375429 1.93229207 0.80047476 1.30292945 1.21957295 1.383186435852e+00 4.732257391910e+01 1.310790479093e+00 9.427178976113e+00 7.480878111844e+00
5 24 1 0.84375429 1.93229207 0.80047476 1.30292945 1.21957295 1.412801504408e+00 4.653594077191e+01 1.456323438909e+00 1.015637979134e+01 7.169838020832e+00
5 25 1 0.84375429 1.93229207 0.80047476 1.30292945 1.21957295 1.420167026690e+00 4.481340775570e+01 1.126603919422e+00 1.037702460964e+01 7.109017488753e+00
5 26 1 0.84375429 1.93229207 0.80047476 1.30292945 1.21957295 1.363921706543e+00 4.567008432189e+01 1.373900385275e+00 1.127540616015e+01 7.074317883578e+00
5 27 1 0.84375429 1.93229207 0.80047476 1.30292945 1.21957295 1.369107278383e+00 4.661409586815e+01 1.265337352558e+00 1.123773663867e+01 7.144843406330e+00
5 28 1 0.84375429 1.93229207 0.80047476 1.30292945 1.21957295 1.264610170756e+00 4.751561275004e+01 1.539495708470e+00 1.172983151020e+01 7.102889880587e+00
5 29 1 0.84375429 1.93229207 0.80047476 1.30292945 1.21957295 1.219116944099e+00 4.561449253968e+01 1.282140347877e+00 1.191783426210e+01 6.831887453786e+00
5 30 1 0.84375429 1.93229207 0.80047476 1.30292945 1.21957295 1.253031950912e+00 4.243673826935e+01 1.343378083707e+00 1.217899545301e+01 6.442329411046e+00
5 31 1 0.84375429 1.93229207 0.80047476 1.30292945 1.21957295 1.116508094121e+00 4.074690425188e+01 1.111607468808e+00 1.202248299801e+01 6.381177365413e+00
5 32 1 0.84375429 1.93229207 0.80047476 1.30292945 1.21957295 1.302749326022e+00 4.414091837251e+01 1.373712456738e+00 1.306864943689e+01 6.808631049974e+00
5 33 1 0.84375429 1.93229207 0.80047476 1.30292945 1.21957295 1.298787159624e+00 4.725947024789e+01 1.387574980906e+00 1.304844234198e+01 7.312405526764e+00
5 34 1 0.84375429 1.93229207 0.80047476 1.30292945 1.21957295 1.283138772107e+00 4.826016435665e+01 1.500422705032e+00 1.343898193616e+01 7.582700196228e+00
5 35 1 0.84375429 1.93229207 0.80047476 1.30292945 1.21957295 1.356916123469e+00 4.623680521844e+01 1.304325316181e+00 1.315920983253e+01 7.463664024787e+00
5 36 1 0.84375429 1.93229207 0.80047476 1.30292945 1.21957295 1.279288029967e+00 4.468548107885e+01 1.308316422116e+00 1.282447370367e+01 7.349014215036e+00
5 37 1 0.84375429 1.93229207 0.80047476 1.30292945 1.21957295 1.268564104228e+00 4.523234416602e+01 1.317615273460e+00 1.206178637575e+01 7.491029447038e+00
5 38 1 0.84375429 1.93229207 0.80047476 1.30292945 1.21957295 1.261160568926e+00 4.727756832057e+01 1.468373066441e+00 1.174940397203e+01 7.645229405187e+00
5 39 1 0.84375429 1.93229207 0.80047476 1.30292945 1.21957295 1.218750851802e+00 4.892857012498e+01 1.614799483224e+00 1.038998070936e+01 8.007575201224e+00
5 40 1 0.84375429 1.93229207 0.80047476 1.30292945 1.21957295 1.304763261090e+00 5.015884547260e+01 1.576725709538e+00 9.639607541806e+00 8.413595878831e+00
5 41 1 0.84375429 1.93229207 0.80047476 1.30292945 1.21957295 1.315053459551e+00 5.155705222935e+01 1.646898134731e+00 8.909060449689e+00 8.430240242795e+00
5 42 1 0.84375429 1.93229207 0.80047476 1.30292945 1.21957295 1.331389771832e+00 5.318544104822e+01 1.576256482897e+00 8.330896045312e+00 8.342043578642e+00
5 43 1 0.84375429 1.93229207 0.80047476 1.30292945 1.21957295 1.364145634262e+00 5.377802272466e+01 1.786856535537e+00 7.738853527542e+00 8.519900386545e+00
5 44 1 0.84375429 1.93229207 0.80047476 1.30292945 1.21957295 1.329720485911e+00 5.393204396502e+01 1.681609487748e+00 8.065265732105e+00 8.847377845287e+00
5 45 1 0.84375429 1.93229207 0.80047476 1.30292945 1.21957295 1.376045609244e+00 5.619710123994e+01 1.925420401159e+00 7.851354162771e+00 9.178429573350e+00
5 46 1 0.84375429 1.93229207 0.80047476 1.30292945 1.21957295 1.378606649293e+00 5.868726516874e+01 1.700083773136e+00 8.134909837727e+00 9.648834947343e+00
5 47 1 0.84375429 1.93229207 0.80047476 1.30292945 1.21957295 1.416613098587e+00 6.072743340534e+01 1.962098954852e+00 8.631434190041e+00 9.927471542222e+00
5 48 1 0.84375429 1.93229207 0.80047476 1.30292945 1.21957295 1.491989408081e+00 6.221905189170e+01 1.734382032724e+00 9.678085212934e+00 9.994077774745e+00
5 49 1 0.84375429 1.93229207 0.80047476 1.30292945 1.21957295 1.562740633014e+00 6.466822384878e+01 2.124952509893e+00 1.023815186057e+01 1.048360290004e+01
5 50 1 0.84375429 1.93229207 0.80047476 1.30292945 1.21957295 1.550827225485e+00 6.714356583605e+01 1.907147097894e+00 1.210420399271e+01 1.097452452012e+01
5 51 1 0.84375429 1.93229207 0.80047476 1.30292945 1.21957295 1.645181397960e+00 6.958464137997e+01 2.323521125038e+00 1.348862324729e+01 1.121461375043e+01
5 52 1 0.84375429 1.93229207 0.80047476 1.30292945 1.21957295 1.652559461055e+00 7.046497937364e+01 2.008807024637e+00 1.559456981762e+01 1.167255981866e+01
5 53 1 0.84375429 1.93229207 0.80047476 1.30292945 1.21957295 1.702803427215e+00 7.369203503038e+01 2.513681796285e+00 1.727652463427e+01 1.210456019013e+01
5 54 1 0.84375429 1.93229207 0.80047476 1.30292945 1.21957295 1.833383965689e+00 7.789954272759e+01 2.320237100140e+00 1.997357093328e+01 1.242088555040e+01
5 55 1 0.84375429 1.93229207 0.80047476 1.30292945 1.21957295 1.905772654207e+00 8.060077334218e+01 2.854382261751e+00 2.131916426667e+01 1.283542240829e+01
5 56 1 0.84375429 1.93229207 0.80047476 1.30292945 1.21957295 1.927828278761e+00 8.113111499629e+01 2.573972948264e+00 2.382176547157e+01 1.330444837786e+01
5 57 1 0.84375429 1.93229207 0.80047476 1.30292945 1.21957295 2.050023255140e+00 8.449682075461e+01 2.988400533498e+00 2.517930494640e+01 1.387085173350e+01
5 58 1 0.84375429 1.93229207 0.80047476 1.30292945 1.21957295 2.069808310717e+00 8.905276402834e+01 2.729199945686e+00 2.723814376028e+01 1.466522312002e+01
5 59 1 0.84375429 1.93229207 0.80047476 1.30292945 1.21957295 2.052506618804e+00 9.284294278549e+01 3.184970899607e+00 2.753055263808e+01 1.539532246860e+01
5 60 1 0.84375429 1.93229207 0.80047476 1.30292945 1.21957295 2.155929315891e+00 9.593811259255e+01 3.033987396447e+00 2.874624619908e+01 1.567250530956e+01
5 61 1 0.84375429 1.93229207 0.80047476 1.30292945 1.21957295 2.247171729073e+00 9.974498086404e+01 3.312721653867e+00 2.885841586170e+01 1.606219782737e+01
5 62 1 0.84375429 1.93229207 0.80047476 1.30292945 1.21957295 2.407230268284e+00 1.023833243022e+02 3.187140956660e+00 2.957461319224e+01 1.675179196372e+01
5 63 1 0.84375429 1.93229207 0.80047476 1.30292945 1.21957295 2.524543735751e+00 1.061225384026e+02 3.614514141395e+00 2.881757269330e+01 1.723538584786e+01
7 0 1 0.78534819 1.06347436 3.36607488 0.77330366 1.25850213 2.843514725480e+00 1.471453259123e+01 1.751970386197e+00 1.800907865654e+00 1.233285828285e+00
7 1 1 0.78534819 1.06347436 3.36607488 0.77330366 1.25850213 2.722679091013e+00 1.704437513372e+01 1.571501257913e+00 1.700932582477e+00 1.169369253732e+00
7 2 1 0.78534819 1.06347436 3.36607488 0.77330366 1.25850213 2.574118246777e+00 1.458391117527e+01 1.504989468376e+00 1.649469206690e+00 1.212927057281e+00
7 3 1 0.78534819 1.06347436 3.36607488 0.77330366 1.25850213 2.466716152505e+00 1.243932310195e+01 1.563978855505e+00 1.621929717282e+00 1.161141415568e+00
7 4 1 0.78534819 1.06347436 3.36607488 0.77330366 1.25850213 2.405084394324e+00 1.437231043065e+01 1.520833902875e+00 1.516564602128e+00 1.122806842883e+00
7 5 1 0.78534819 1.06347436 3.36607488 0.77330366 1.25850213 2.309413720406e+00 1.526249397904e+01 1.311617227123e+00 1.457040858970e+00 1.074441407502e+00
7 6 1 0.78534819 1.06347436 3.36607488 0.77330366 1.25850213 2.265345101417e+00 1.270949759004e+01 1.310752271065e+00 1.421762722799e+00 1.013970359226e+00
7 7 1 0.78534819 1.06347436 3.36607488 0.77330366 1.25850213 2.196003571420e+00 1.136938707706e+01 1.363734703234e+00 1.358756846867e+00 8.845015398620e-01
7 8 1 0.78534819 1.06347436 3.36607488 0.77330366 1.25850213 2.087672192698e+00 1.307598570694e+01 1.239674482340e+00 1.280625759368e+00 8.562195399935e-01
7 9 1 0.78534819 1.06347436 3.36607488 0.77330366 1.25850213 2.043875961898e+00 1.355448241879e+01 1.124069150557e+00 1.278157018894e+00 7.403835027183e-01
7 10 1 0.78534819 1.06347436 3.36607488 0.77330366 1.25850213 1.995124454613e+00 1.112893699837e+01 1.179883002028e+00 1.229010041878e+00 6.580932202542e-01
7 11 1 0.78534819 1.06347436 3.36607488 0.77330366 1.25850213 1.868773532671e+00 1.029152495081e+01 1.170513906388e+00 1.143595960002e+00 5.759284229377e-01
7 12 1 0.78534819 1.06347436 3.36607488 0.77330366 1.25850213 1.824515700857e+00 1.217851336695e+01 1.063377307586e+00 1.100486393942e+00 5.048078756831e-01
7 13 1 0.78534819 1.06347436 3.36607488 0.77330366 1.25850213 1.755767399575e+00 1.210896203918e+01 9.933176557810e-01 1.106376092287e+00 4.147184526902e-01
7 14 1 0.78534819 1.06347436 3.36607488 0.77330366 1.25850213 1.689756389119e+00 9.456995019837e+00 1.034741426577e+00 1.059485832109e+00 3.672309331425e-01
7 15 1 0.78534819 1.06347436 3.36607488 0.77330366 1.25850213 1.652137111676e+00 9.658961252044e+00 9.987687468050e-01 1.001856721099e+00 2.956303913266e-01
7 16 1 0.78534819 1.06347436 3.36607488 0.77330366 1.25850213 1.534011193981e+00 1.143012796077e+01 9.041362712392e-01 9.528046857971e-01 2.268573931276e-01
7 17 1 0.78534819 1.06347436 3.36607488 0.77330366 1.25850213 1.472731760619e+00 1.020341024445e+01 8.754462783349e-01 9.505736637317e-01 2.094672964625e-01
7 18 1 0.78534819 1.06347436 3.36607488 0.77330366 1.25850213 1.406397386828e+00 8.495957790377e+00 9.061665168215e-01 9.396370131131e-01 1.565691905608e-01
7 19 1 0.78534819 1.06347436 3.36607488 0.77330366 1.25850213 1.461132255045e+00 8.895204172790e+00 8.678265663987e-01 8.866233974371e-01 1.490631865441e-01
7 20 1 0.78534819 1.06347436 3.36607488 0.77330366 1.25850213 1.455499156427e+00 9.926211171955e+00 7.979950247866e-01 8.514438005272e-01 1.229958793907e-01
7 21 1 0.78534819 1.06347436 3.36607488 0.77330366 1.25850213 1.429711658338e+00 8.828801873952e+00 8.245906052059e-01 8.655544417923e-01 1.391426776472e-01
7 22 1 0.78534819 1.06347436 3.36607488 0.77330366 1.25850213 1.418224408131e+00 7.153281285846e+00 8.255953173410e-01 8.391991460104e-01 1.217501016182e-01
7 23 1 0.78534819 1.06347436 3.36607488 0.77330366 1.25850213 1.387796725934e+00 8.084965415233e+00 7.952088673074e-01 8.056456953459e-01 1.612622570613e-01
7 24 1 0.78534819 1.06347436 3.36607488 0.77330366 1.25850213 1.295621039889e+00 9.025020779825e+00 7.148473147119e-01 8.164272931984e-01 1.809778177829e-01
7 25 1 0.78534819 1.06347436 3.36607488 0.77330366 1.25850213 1.289998782227e+00 7.398509822572e+00 7.482894561144e-01 8.224853659505e-01 1.980124347731e-01
7 26 1 0.78534819 1.06347436 3.36607488 0.77330366 1.25850213 1.300280116471e+00 6.504392859612e+00 7.704845404341e-01 8.079362953967e-01 2.541300891913e-01
7 27 1 0.78534819 1.06347436 3.36607488 0.77330366 1.25850213 1.258954064250e+00 7.945150218057e+00 7.474972432717e-01 7.686654386777e-01 2.732113856078e-01
7 28 1 0.78534819 1.06347436 3.36607488 0.77330366 1.25850213 1.255072850348e+00 7.980718860492e+00 6.628396784697e-01 7.988760251473e-01 3.424632183850e-01
7 29 1 0.78534819 1.06347436 3.36607488 0.77330366 1.25850213 1.188536493251e+00 6.586695860945e+00 7.220729048398e-01 8.785281296925e-01 3.543649839906e-01
7 30 1 0.78534819 1.06347436 3.36607488 0.77330366 1.25850213 1.186335988208e+00 6.631424944085e+00 7.591705528242e-01 8.218318329571e-01 4.621390228269e-01
7 31 1 0.78534819 1.06347436 3.36607488 0.77330366 1.25850213 1.099662136642e+00 7.669248535401e+00 7.123164433192e-01 7.603146833717e-01 4.391514806368e-01
7 32 1 0.78534819 1.06347436 3.36607488 0.77330366 1.25850213 1.219258431344e+00 8.155353305691e+00 7.157696267969e-01 8.879863894211e-01 5.792833733468e-01
7 33 1 0.78534819 1.06347436 3.36607488 0.77330366 1.25850213 1.300675479513e+00 6.958079947735e+00 7.650322733329e-01 9.351655656021e-01 5.779677811723e-01
7 34 1 0.78534819 1.06347436 3.36607488 0.77330366 1.25850213 1.289647337894e+00 7.173527285083e+00 7.305508968640e-01 8.756894286831e-01 6.655188840238e-01
7 35 1 0.78534819 1.06347436 3.36607488 0.77330366 1.25850213 1.339926935350e+00 9.155327379615e+00 6.749226510309e-01 8.847977542009e-01 6.867626573236e-01
7 36 1 0.78534819 1.06347436 3.36607488 0.77330366 1.25850213 1.311008641902e+00 8.827134344361e+00 7.650551071301e-01 9.732883861088e-01 7.533575257186e-01
7 37 1 0.78534819 1.06347436 3.36607488 0.77330366 1.25850213 1.333247475213e+00 7.456384022783e+00 7.892885391066e-01 1.022569128814e+00 7.599854184533e-01
7 38 1 0.78534819 1.06347436 3.36607488 0.77330366 1.25850213 1.334167969148e+00 8.450469009472e+00 7.711724733660e-01 1.019866662388e+00 7.973601791530e-01
7 39 1 0.78534819 1.06347436 3.36607488 0.77330366 1.25850213 1.378944868008e+00 1.018049869247e+01 7.397895681623e-01 1.039962921595e+00 8.322663445909e-01
7 40 1 0.78534819 1.06347436 3.36607488 0.77330366 1.25850213 1.458663952961e+00 9.264125742116e+00 8.257765064719e-01 1.127684562975e+00 7.768926363413e-01
7 41 1 0.78534819 1.06347436 3.36607488 0.77330366 1.25850213 1.384444940072e+00 8.114257433625e+00 8.607813364825e-01 1.161263171314e+00 8.555032103739e-01
7 42 1 0.78534819 1.06347436 3.36607488 0.77330366 1.25850213 1.441810305223e+00 9.957824265262e+00 8.630894201837e-01 1.193489592226e+00 7.897822738920e-01
7 43 1 0.78534819 1.06347436 3.36607488 0.77330366 1.25850213 1.437867492879e+00 1.104329675275e+01 8.371517559299e-01 1.249345300141e+00 8.163277478890e-01
7 44 1 0.78534819 1.06347436 3.36607488 0.77330366 1.25850213 1.447816465762e+00 9.794012725714e+00 9.137165137052e-01 1.332167249600e+00 7.612470040013e-01
7 45 1 0.78534819 1.06347436 3.36607488 0.77330366 1.25850213 1.540757381187e+00 9.154661642612e+00 9.560222090650e-01 1.370339610350e+00 7.667418512795e-01
7 46 1 0.78534819 1.06347436 3.36607488 0.77330366 1.25850213 1.660198546191e+00 1.085205799757e+01 9.250223087424e-01 1.398730090359e+00 6.857578846909e-01
7 47 1 0.78534819 1.06347436 3.36607488 0.77330366 1.25850213 1.762484812350e+00 1.184823278337e+01 9.574416094473e-01 1.489712865487e+00 6.863800491586e-01
7 48 1 0.78534819 1.06347436 3.36607488 0.77330366 1.25850213 1.793739688165e+00 1.020747164882e+01 1.059592410235e+00 1.588931818304e+00 6.088996370611e-01
7 49 1 0.78534819 1.06347436 3.36607488 0.77330366 1.25850213 1.857044742129e+00 9.705651874739e+00 1.098400302836e+00 1.631027761255e+00 5.450346324565e-01
7 50 1 0.78534819 1.06347436 3.36607488 0.77330366 1.25850213 1.894764496940e+00 1.224416128995e+01 1.055771241583e+00 1.678066726965e+00 5.214866333571e-01
7 51 1 0.78534819 1.06347436 3.36607488 0.77330366 1.25850213 1.988292847932e+00 1.275657674418e+01 1.132537175788e+00 1.752140819636e+00 4.576003754223e-01
7 52 1 0.78534819 1.06347436 3.36607488 0.77330366 1.25850213 2.029428661755e+00 1.044661534787e+01 1.248567462384e+00 1.889695287556e+00 4.265171571880e-01
7 53 1 0.78534819 1.06347436 3.36607488 0.77330366 1.25850213 2.160625978381e+00 1.118456534794e+01 1.257540753693e+00 1.963796028812e+00 3.930278138683e-01
7 54 1 0.78534819 1.06347436 3.36607488 0.77330366 1.25850213 2.119105677089e+00 1.390079401064e+01 1.199304761260e+00 1.987997417847e+00 3.870670237513e-01
7 55 1 0.78534819 1.06347436 3.36607488 0.77330366 1.25850213 2.293497080129e+00 1.330838081103e+01 1.325157415909e+00 2.125162585507e+00 3.471792455185e-01
7 56 1 0.78534819 1.06347436 3.36607488 0.77330366 1.25850213 2.311356988059e+00 1.157587258199e+01 1.455063418423e+00 2.241553047166e+00 4.111054506704e-01
7 57 1 0.78534819 1.06347436 3.36607488 0.77330366 1.25850213 2.414021727776e+00 1.270763527763e+01 1.396678933924e+00 2.308192547393e+00 4.097168818247e-01
7 58 1 0.78534819 1.06347436 3.36607488 0.77330366 1.25850213 2.498687845773e+00 1.550168089433e+01 1.402057805278e+00 2.419789188182e+00 4.800007979693e-01
7 59 1 0.78534819 1.06347436 3.36607488 0.77330366 1.25850213 2.588776966955e+00 1.443127269153e+01 1.624040820302e+00 2.574775511715e+00 5.411998936216e-01
7 60 1 0.78534819 1.06347436 3.36607488 0.77330366 1.25850213 2.757772560936e+00 1.203876773449e+01 1.666447955664e+00 2.663039653848e+00 6.728760549683e-01
7 61 1 0.78534819 1.06347436 3.36607488 0.77330366 1.25850213 2.813141228290e+00 1.429277843320e+01 1.607594759781e+00 2.751980127703e+00 7.686801850017e-01
7 62 1 0.78534819 1.06347436 3.36607488 0.77330366 1.25850213 3.037818680578e+00 1.693916325501e+01 1.679042462928e+00 2.918357204506e+00 9.456733098497e-01
7 63 1 0.78534819 1.06347436 3.36607488 0.77330366 1.25850213 3.011208653230e+00 1.428260211697e+01 1.866049720403e+00 3.108942159951e+00 1.154099798439e+00
14 0 1 0.81780930 2.75350921 1.17662137 1.35258095 1.94324128 2.780023927926e+00 3.775118778550e+02 1.284432138512e+01 1.756536397492e+01 1.038310163215e+02
14 1 1 0.81780930 2.75350921 1.17662137 1.35258095 1.94324128 2.619523766247e+00 3.898374204351e+02 1.296109714859e+01 1.460492657953e+01 9.844108045920e+01
14 2 1 0.81780930 2.75350921 1.17662137 1.35258095 1.94324128 2.511468857622e+00 3.606796376650e+02 1.548743661083e+01 1.396698345319e+01 9.356562793386e+01
14 3 1 0.81780930 2.75350921 1.17662137 1.35258095 1.94324128 2.480558543222e+00 3.451809837579e+02 1.351327897167e+01 1.319370386849e+01 9.120100671423e+01
14 4 1 0.81780930 2.75350921 1.17662137 1.35258095 1.94324128 2.326407372389e+00 3.474505793173e+02 1.031643475168e+01 1.483187751072e+01 8.775978264901e+01
14 5 1 0.81780930 2.75350921 1.17662137 1.35258095 1.94324128 2.384177945815e+00 3.122876132088e+02 1.190966357616e+01 1.612801527383e+01 8.497735928439e+01
14 6 1 0.81780930 2.75350921 1.17662137 1.35258095 1.94324128 2.358306398965e+00 3.233976871188e+02 1.326336708925e+01 1.797367456042e+01 8.105915370810e+01
14 7 1 0.81780930 2.75350921 1.17662137 1.35258095 1.94324128 2.100479628625e+00 3.017214160507e+02 1.063777166071e+01 2.065352491287e+01 7.770192724309e+01
14 8 1 0.81780930 2.75350921 1.17662137 1.35258095 1.94324128 2.129867990971e+00 2.862232465311e+02 9.265214754981e+00 2.194688887302e+01 7.629992325732e+01
14 9 1 0.81780930 2.75350921 1.17662137 1.35258095 1.94324128 2.157204791422e+00 2.934183977415e+02 1.140325343324e+01 2.430032385886e+01 7.265132471322e+01
14 10 1 0.81780930 2.75350921 1.17662137 1.35258095 1.94324128 1.961678109862e+00 2.657612065956e+02 1.100521677362e+01 2.456395258669e+01 7.024671770804e+01
14 11 1 0.81780930 2.75350921 1.17662137 1.35258095 1.94324128 1.896515250480e+00 2.717828468133e+02 8.120373306491e+00 2.497345150440e+01 6.819665581776e+01
14 12 1 0.81780930 2.75350921 1.17662137 1.35258095 1.94324128 1.978631010086e+00 2.562509891242e+02 8.080902581540e+00 2.436876323049e+01 6.595198549268e+01
14 13 1 0.81780930 2.75350921 1.17662137 1.35258095 1.94324128 1.901853343013e+00 2.425106953717e+02 9.895282646253e+00 2.263402830021e+01 6.366304061563e+01
14 14 1 0.81780930 2.75350921 1.17662137 1.35258095 1.94324128 1.780258742798e+00 2.456155462245e+02 8.558598589822e+00 2.148998584422e+01 6.078259858511e+01
14 15 1 0.81780930 2.75350921 1.17662137 1.35258095 1.94324128 1.732094298523e+00 2.215592413349e+02 6.568754880980e+00 1.860373566452e+01 5.920469481570e+01
14 16 1 0.81780930 2.75350921 1.17662137 1.35258095 1.94324128 1.726320772969e+00 2.304220293176e+02 7.826758626824e+00 1.640540794005e+01 5.767815426671e+01
14 17 1 0.81780930 2.75350921 1.17662137 1.35258095 1.94324128 1.713443177637e+00 2.207317831624e+02 8.897226503772e+00 1.348255771026e+01 5.477337898355e+01
14 18 1 0.81780930 2.75350921 1.17662137 1.35258095 1.94324128 1.610258052795e+00 2.096983256498e+02 7.205405967830e+00 1.113935284532e+01 5.291776060399e+01
14 19 1 0.81780930 2.75350921 1.17662137 1.35258095 1.94324128 1.533192981050e+00 2.172855786214e+02 6.395548194249e+00 9.207686404603e+00 5.174954251747e+01
14 20 1 0.81780930 2.75350921 1.17662137 1.35258095 1.94324128 1.618739309309e+00 1.960283121129e+02 8.039018209296e+00 7.537411829849e+00 4.992259448721e+01
14 21 1 0.81780930 2.75350921 1.17662137 1.35258095 1.94324128 1.588725455573e+00 2.009417502743e+02 7.989009439063e+00 6.841656091515e+00 4.885830069642e+01
14 22 1 0.81780930 2.75350921 1.17662137 1.35258095 1.94324128 1.468577739077e+00 1.944833199014e+02 6.022965869893e+00 6.349676882063e+00 4.721974113890e+01
14 23 1 0.81780930 2.75350921 1.17662137 1.35258095 1.94324128 1.439432032155e+00 1.835258891747e+02 6.272039400405e+00 6.790222372302e+00 4.641956793766e+01
14 24 1 0.81780930 2.75350921 1.17662137 1.35258095 1.94324128 1.411309558102e+00 1.918763164476e+02 7.380850876515e+00 7.718507066884e+00 4.641817058163e+01
14 25 1 0.81780930 2.75350921 1.17662137 1.35258095 1.94324128 1.470808291785e+00 1.777824781999e+02 6.444673232741e+00 8.720331148074e+00 4.464855897356e+01
14 26 1 0.81780930 2.75350921 1.17662137 1.35258095 1.94324128 1.454956502215e+00 1.877733117686e+02 5.069415259029e+00 1.036701091235e+01 4.320112511341e+01
14 27 1 0.81780930 2.75350921 1.17662137 1.35258095 1.94324128 1.309274099383e+00 1.849151005398e+02 6.189682441871e+00 1.174321240007e+01 4.390725708803e+01
14 28 1 0.81780930 2.75350921 1.17662137 1.35258095 1.94324128 1.357274456350e+00 1.734472979471e+02 7.210657700792e+00 1.364470465214e+01 4.296282564697e+01
14 29 1 0.81780930 2.75350921 1.17662137 1.35258095 1.94324128 1.489083966061e+00 1.861921206853e+02 5.698556636982e+00 1.462982145628e+01 4.213300135529e+01
14 30 1 0.81780930 2.75350921 1.17662137 1.35258095 1.94324128 1.364516262907e+00 1.704593891351e+02 5.245775085771e+00 1.510433669084e+01 4.252536631954e+01
14 31 1 0.81780930 2.75350921 1.17662137 1.35258095 1.94324128 1.197736542547e+00 1.719805685427e+02 6.491224052058e+00 1.536989944424e+01 4.186329260183e+01
14 32 1 0.81780930 2.75350921 1.17662137 1.35258095 1.94324128 1.372514065535e+00 1.801916819284e+02 6.882980527324e+00 1.600150761427e+01 4.416828889805e+01
14 33 1 0.81780930 2.75350921 1.17662137 1.35258095 1.94324128 1.495688944847e+00 1.778783993316e+02 5.429994016538e+00 1.651304043307e+01 4.457035803773e+01
14 34 1 0.81780930 2.75350921 1.17662137 1.35258095 1.94324128 1.344105083410e+00 1.870121961079e+02 5.924252700579e+00 1.505242460354e+01 4.415311982706e+01
14 35 1 0.81780930 2.75350921 1.17662137 1.35258095 1.94324128 1.262235810398e+00 1.788002364714e+02 7.372986471356e+00 1.420552786889e+01 4.682722305178e+01
14 36 1 0.81780930 2.75350921 1.17662137 1.35258095 1.94324128 1.434301234281e+00 1.882215808536e+02 6.546151142247e+00 1.232081688424e+01 4.756869198354e+01
14 37 1 0.81780930 2.75350921 1.17662137 1.35258095 1.94324128 1.443063365142e+00 1.868823289220e+02 5.653691182290e+00 1.070866594384e+01 4.810668043641e+01
14 38 1 0.81780930 2.75350921 1.17662137 1.35258095 1.94324128 1.358354511267e+00 1.797171648056e+02 7.092296976528e+00 9.621369713865e+00 4.927487684409e+01
14 39 1 0.81780930 2.75350921 1.17662137 1.35258095 1.94324128 1.398611019344e+00 2.004296978996e+02 8.316515831494e+00 8.104187482469e+00 5.013246212123e+01
14 40 1 0.81780930 2.75350921 1.17662137 1.35258095 1.94324128 1.467306757364e+00 1.939685418408e+02 6.987378819368e+00 7.594085428794e+00 5.191259872320e+01
14 41 1 0.81780930 2.75350921 1.17662137 1.35258095 1.94324128 1.528089954103e+00 2.030507110264e+02 6.363969202544e+00 7.057931196990e+00 5.353879888030e+01
14 42 1 0.81780930 2.75350921 1.17662137 1.35258095 1.94324128 1.560032181788e+00 2.115950262980e+02 8.326781133379e+00 7.727544701803e+00 5.383892119273e+01
14 43 1 0.81780930 2.75350921 1.17662137 1.35258095 1.94324128 1.473992248716e+00 2.084403548803e+02 8.424621520269e+00 9.022640678131e+00 5.615434419360e+01
14 44 1 0.81780930 2.75350921 1.17662137 1.35258095 1.94324128 1.554769373482e+00 2.279194133657e+02 6.853911609114e+00 1.034398886868e+01 5.895106101705e+01
14 45 1 0.81780930 2.75350921 1.17662137 1.35258095 1.94324128 1.686976223735e+00 2.177223162394e+02 7.236391600644e+00 1.324241957125e+01 6.004682249510e+01
14 46 1 0.81780930 2.75350921 1.17662137 1.35258095 1.94324128 1.676264202231e+00 2.307041026281e+02 9.426276546286e+00 1.562490174554e+01 6.194635153150e+01
14 47 1 0.81780930 2.75350921 1.17662137 1.35258095 1.94324128 1.694710391114e+00 2.429831071643e+02 8.686732085586e+00 1.882771829253e+01 6.406952163371e+01
14 48 1 0.81780930 2.75350921 1.17662137 1.35258095 1.94324128 1.768925259039e+00 2.358306596951e+02 7.539898497572e+00 2.167779747469e+01 6.619442696424e+01
14 49 1 0.81780930 2.75350921 1.17662137 1.35258095 1.94324128 1.874643337477e+00 2.647592868487e+02 9.627138586188e+00 2.397014804312e+01 6.842752813584e+01
14 50 1 0.81780930 2.75350921 1.17662137 1.35258095 1.94324128 1.943524628187e+00 2.610667879286e+02 1.139132999480e+01 2.663663674032e+01 7.009230286977e+01
14 51 1 0.81780930 2.75350921 1.17662137 1.35258095 1.94324128 1.895007303410e+00 2.740985451040e+02 9.614836092549e+00 2.752923163793e+01 7.252754262926e+01
14 52 1 0.81780930 2.75350921 1.17662137 1.35258095 1.94324128 1.981584454625e+00 2.895832363408e+02 9.393835981511e+00 2.890986848873e+01 7.577327155804e+01
14 53 1 0.81780930 2.75350921 1.17662137 1.35258095 1.94324128 2.195268088086e+00 2.799492882422e+02 1.247336067709e+01 2.807173157161e+01 7.723828514103e+01
14 54 1 0.81780930 2.75350921 1.17662137 1.35258095 1.94324128 2.218266447273e+00 3.114855695488e+02 1.290406512768e+01 2.693947965202e+01 8.025481269948e+01
14 55 1 0.81780930 2.75350921 1.17662137 1.35258095 1.94324128 2.180398087617e+00 3.080073595808e+02 1.021379165993e+01 2.488738136649e+01 8.368038494684e+01
14 56 1 0.81780930 2.75350921 1.17662137 1.35258095 1.94324128 2.469101882108e+00 3.226782370483e+02 1.126549529250e+01 2.232807198079e+01 8.701920316013e+01
14 57 1 0.81780930 2.75350921 1.17662137 1.35258095 1.94324128 2.533257586204e+00 3.441751096821e+02 1.448726114910e+01 1.998680767126e+01 9.047319461004e+01
14 58 1 0.81780930 2.75350921 1.17662137 1.35258095 1.94324128 2.467376543655e+00 3.365644046054e+02 1.351269138234e+01 1.687522611915e+01 9.226911805730e+01
14 59 1 0.81780930 2.75350921 1.17662137 1.35258095 1.94324128 2.676306334182e+00 3.759916947392e+02 1.146628738577e+01 1.520695242075e+01 9.740605471950e+01
14 60 1 0.81780930 2.75350921 1.17662137 1.35258095 1.94324128 2.837314436827e+00 3.692104251169e+02 1.467710465661e+01 1.384169216988e+01 1.014978683764e+02
14 61 1 0.81780930 2.75350921 1.17662137 1.35258095 1.94324128 2.902050475307e+00 3.864124720349e+02 1.707624645166e+01 1.408037679515e+01 1.037811590492e+02
14 62 1 0.81780930 2.75350921 1.17662137 1.35258095 1.94324128 3.151257833598e+00 4.172528414442e+02 1.432350389380e+01 1.566544685113e+01 1.082417391564e+02
14 63 1 0.81780930 2.75350921 1.17662137 1.35258095 1.94324128 3.136182866274e+00 3.974697833236e+02 1.362227179005e+01 1.846679279553e+01 1.132938712578e+02
16 0 1 1.01351553 1.56454356 0.84113108 1.06296089 1.12168226 1.266954894366e+00 4.430371967853e+01 3.437372709835e+00 8.838242262492e+00 1.199348719590e+01
16 1 1 1.01351553 1.56454356 0.84113108 1.06296089 1.12168226 1.216818271891e+00 4.240907313343e+01 3.489051243622e+00 9.562355346598e+00 1.120965313555e+01
16 2 1 1.01351553 1.56454356 0.84113108 1.06296089 1.12168226 1.058001101551e+00 4.009304478794e+01 3.234005068292e+00 1.025984836489e+01 1.090202960535e+01
16 3 1 1.01351553 1.56454356 0.84113108 1.06296089 1.12168226 1.052151003612e+00 3.781385433756e+01 3.476149296177e+00 1.067003488285e+01 1.038888811073e+01
16 4 1 1.01351553 1.56454356 0.84113108 1.06296089 1.12168226 1.048410053656e+00 3.710192633769e+01 3.034868512998e+00 1.112745415204e+01 1.007682778233e+01
16 5 1 1.01351553 1.56454356 0.84113108 1.06296089 1.12168226 1.001043037503e+00 3.715482933073e+01 3.061505390887e+00 1.086864307499e+01 9.556879094543e+00
16 6 1 1.01351553 1.56454356 0.84113108 1.06296089 1.12168226 1.069349152536e+00 3.620514408286e+01 2.773903448211e+00 1.107247046001e+01 9.114037419723e+00
16 7 1 1.01351553 1.56454356 0.84113108 1.06296089 1.12168226 1.024581384357e+00 3.393280605648e+01 2.763051994217e+00 1.085697626014e+01 8.665276672837e+00
16 8 1 1.01351553 1.56454356 0.84113108 1.06296089 1.12168226 1.045261362844e+00 3.149773783791e+01 2.603088865249e+00 1.028253911625e+01 8.625868239186e+00
16 9 1 1.01351553 1.56454356 0.84113108 1.06296089 1.12168226 9.497642299716e-01 3.074118615196e+01 2.598155577850e+00 9.699522039959e+00 8.504852963922e+00
16 10 1 1.01351553 1.56454356 0.84113108 1.06296089 1.12168226 9.902515267877e-01 3.041286190787e+01 2.500164026792e+00 8.744776482638e+00 8.109626991346e+00
16 11 1 1.01351553 1.56454356 0.84113108 1.06296089 1.12168226 9.638981206965e-01 2.951598989811e+01 2.389688748857e+00 8.262797421209e+00 7.559886988114e+00
16 12 1 1.01351553 1.56454356 0.84113108 1.06296089 1.12168226 8.894492393912e-01 2.866962012511e+01 2.394527482481e+00 7.346537352986e+00 7.402317412566e+00
16 13 1 1.01351553 1.56454356 0.84113108 1.06296089 1.12168226 8.303206938073e-01 2.759235861774e+01 2.285438677339e+00 6.425155451043e+00 7.347906146992e+00
16 14 1 1.01351553 1.56454356 0.84113108 1.06296089 1.12168226 9.237754167864e-01 2.660076027376e+01 2.170586913477e+00 5.545330666298e+00 7.009000117781e+00
16 15 1 1.01351553 1.56454356 0.84113108 1.06296089 1.12168226 8.297674020983e-01 2.514534973472e+01 2.117234622443e+00 4.760872504266e+00 6.755591641619e+00
16 16 1 1.01351553 1.56454356 0.84113108 1.06296089 1.12168226 7.796093417787e-01 2.469267362915e+01 2.067184768224e+00 4.273992355732e+00 6.476127512459e+00
16 17 1 1.01351553 1.56454356 0.84113108 1.06296089 1.12168226 8.378165322371e-01 2.401739352849e+01 1.910580406950e+00 3.618478800413e+00 6.388687660252e+00
16 18 1 1.01351553 1.56454356 0.84113108 1.06296089 1.12168226 8.374368122948e-01 2.349718016986e+01 1.709166090229e+00 3.287925154751e+00 5.991970265250e+00
16 19 1 1.01351553 1.56454356 0.84113108 1.06296089 1.12168226 7.665521805102e-01 2.273080013531e+01 1.768385565688e+00 2.911163655199e+00 5.967478760818e+00
16 20 1 1.01351553 1.56454356 0.84113108 1.06296089 1.12168226 7.955723102137e-01 2.258515598285e+01 1.814877946450e+00 2.995506487489e+00 5.717954443113e+00
16 21 1 1.01351553 1.56454356 0.84113108 1.06296089 1.12168226 8.181212091536e-01 2.212837250775e+01 1.852534765244e+00 3.131022919826e+00 5.673389137309e+00
16 22 1 1.01351553 1.56454356 0.84113108 1.06296089 1.12168226 7.909357971765e-01 2.107872505164e+01 1.826717336255e+00 3.375573216975e+00 5.458160160997e+00
16 23 1 1.01351553 1.56454356 0.84113108 1.06296089 1.12168226 7.071761620690e-01 2.097217932562e+01 1.772731509139e+00 3.867907232188e+00 5.587213364132e+00
16 24 1 1.01351553 1.56454356 0.84113108 1.06296089 1.12168226 7.825882117393e-01 2.005485215307e+01 1.711425528468e+00 3.948348788796e+00 5.297449263576e+00
16 25 1 1.01351553 1.56454356 0.84113108 1.06296089 1.12168226 7.973027104690e-01 1.990562290602e+01 1.610371434020e+00 4.483798408966e+00 5.042982807510e+00
16 26 1 1.01351553 1.56454356 0.84113108 1.06296089 1.12168226 7.521293497497e-01 1.915121081505e+01 1.698901807104e+00 4.577308807721e+00 4.829848343213e+00
16 27 1 1.01351553 1.56454356 0.84113108 1.06296089 1.12168226 7.328229614281e-01 2.028225824662e+01 1.554240552252e+00 5.043878338865e+00 5.045012861783e+00
16 28 1 1.01351553 1.56454356 0.84113108 1.06296089 1.12168226 7.856171762374e-01 2.104935393570e+01 1.662597324723e+00 5.438029949802e+00 5.162606701240e+00
16 29 1 1.01351553 1.56454356 0.84113108 1.06296089 1.12168226 7.014347804661e-01 2.006943915187e+01 1.543344023297e+00 5.426095032078e+00 4.938768268716e+00
16 30 1 1.01351553 1.56454356 0.84113108 1.06296089 1.12168226 6.986737100149e-01 1.851147058089e+01 1.563140238401e+00 5.692877458693e+00 4.699539356069e+00
16 31 1 1.01351553 1.56454356 0.84113108 1.06296089 1.12168226 6.619695625291e-01 1.736808750394e+01 1.367145226413e+00 5.536509137980e+00 4.554628392078e+00
16 32 1 1.01351553 1.56454356 0.84113108 1.06296089 1.12168226 6.224254595349e-01 1.928635633488e+01 1.619081121048e+00 6.039128529301e+00 4.961648163808e+00
16 33 1 1.01351553 1.56454356 0.84113108 1.06296089 1.12168226 6.793577042010e-01 2.084755277566e+01 1.687657364496e+00 6.176444772539e+00 5.214140761931e+00
16 34 1 1.01351553 1.56454356 0.84113108 1.06296089 1.12168226 6.398077759430e-01 2.127064980378e+01 1.710376936109e+00 6.173700395002e+00 5.501615025797e+00
16 35 1 1.01351553 1.56454356 0.84113108 1.06296089 1.12168226 7.245792920106e-01 1.988318245659e+01 1.670592212804e+00 5.932622909875e+00 5.200373039738e+00
16 36 1 1.01351553 1.56454356 0.84113108 1.06296089 1.12168226 6.729376610798e-01 1.901226468834e+01 1.696690175067e+00 5.504300203073e+00 5.225929561240e+00
16 37 1 1.01351553 1.56454356 0.84113108 1.06296089 1.12168226 6.659435822262e-01 1.984861525215e+01 1.762473364517e+00 5.279059731521e+00 5.332913243133e+00
16 38 1 1.01351553 1.56454356 0.84113108 1.06296089 1.12168226 6.999061609127e-01 2.091591757504e+01 1.711576461928e+00 4.868400319390e+00 5.862483547093e+00
16 39 1 1.01351553 1.56454356 0.84113108 1.06296089 1.12168226 6.993591173550e-01 2.140729875509e+01 1.892354455102e+00 4.423264864895e+00 5.872117703344e+00
16 40 1 1.01351553 1.56454356 0.84113108 1.06296089 1.12168226 6.007393686256e-01 2.190416402232e+01 1.803054504830e+00 3.937237649526e+00 5.907230084195e+00
16 41 1 1.01351553 1.56454356 0.84113108 1.06296089 1.12168226 6.450949581689e-01 2.249488374717e+01 1.882285461388e+00 3.458997109343e+00 5.902455575601e+00
16 42 1 1.01351553 1.56454356 0.84113108 1.06296089 1.12168226 6.708481116168e-01 2.302881771447e+01 1.794927632443e+00 3.260391072895e+00 6.175477097267e+00
16 43 1 1.01351553 1.56454356 0.84113108 1.06296089 1.12168226 6.472698926341e-01 2.324020310179e+01 1.867480921083e+00 3.076905099630e+00 6.342930760871e+00
16 44 1 1.01351553 1.56454356 0.84113108 1.06296089 1.12168226 5.970146922964e-01 2.372489524796e+01 1.887750925016e+00 3.313248084455e+00 6.497199522995e+00
16 45 1 1.01351553 1.56454356 0.84113108 1.06296089 1.12168226 6.334137708878e-01 2.485830387535e+01 2.152488254925e+00 3.476674146607e+00 6.851206031284e+00
16 46 1 1.01351553 1.56454356 0.84113108 1.06296089 1.12168226 6.419121370685e-01 2.522077759615e+01 2.339432349725e+00 3.846264124665e+00 6.992530534996e+00
16 47 1 1.01351553 1.56454356 0.84113108 1.06296089 1.12168226 5.747101164834e-01 2.637120706951e+01 2.349867786941e+00 4.301172457648e+00 7.264591719158e+00
16 48 1 1.01351553 1.56454356 0.84113108 1.06296089 1.12168226 5.707816576545e-01 2.739085742279e+01 2.355566232430e+00 4.736307145669e+00 7.447109874013e+00
16 49 1 1.01351553 1.56454356 0.84113108 1.06296089 1.12168226 6.636278294427e-01 2.877567085321e+01 2.487474677987e+00 5.763539993966e+00 7.858053893982e+00
16 50 1 1.01351553 1.56454356 0.84113108 1.06296089 1.12168226 5.663925152613e-01 2.934371756273e+01 2.551940036229e+00 6.438941426209e+00 7.835945310636e+00
16 51 1 1.01351553 1.56454356 0.84113108 1.06296089 1.12168226 5.867675014673e-01 3.014979879094e+01 2.612849741827e+00 7.425705867367e+00 8.167655002240e+00
16 52 1 1.01351553 1.56454356 0.84113108 1.06296089 1.12168226 6.300316670053e-01 3.112409382256e+01 2.629645462099e+00 8.164479470542e+00 8.577145846347e+00
16 53 1 1.01351553 1.56454356 0.84113108 1.06296089 1.12168226 6.590575473816e-01 3.174881171577e+01 2.868302074158e+00 9.094638836984e+00 9.150072889263e+00
16 54 1 1.01351553 1.56454356 0.84113108 1.06296089 1.12168226 6.057763783510e-01 3.313531628736e+01 2.816658661241e+00 1.025435062440e+01 9.069950793854e+00
16 55 1 1.01351553 1.56454356 0.84113108 1.06296089 1.12168226 6.693960428250e-01 3.531915581784e+01 3.077174055944e+00 1.087556276041e+01 9.345473818954e+00
16 56 1 1.01351553 1.56454356 0.84113108 1.06296089 1.12168226 6.527411046142e-01 3.771701094592e+01 3.113209269975e+00 1.148063285901e+01 9.784818194110e+00
16 57 1 1.01351553 1.56454356 0.84113108 1.06296089 1.12168226 6.699645444000e-01 3.770694658851e+01 3.400677175979e+00 1.176438963370e+01 1.050718822665e+01
16 58 1 1.01351553 1.56454356 0.84113108 1.06296089 1.12168226 6.176443556889e-01 3.805385566358e+01 3.440233297558e+00 1.213996020572e+01 1.088296742071e+01
16 59 1 1.01351553 1.56454356 0.84113108 1.06296089 1.12168226 6.168917455354e-01 3.899551185679e+01 3.683047518144e+00 1.230110612709e+01 1.130877933004e+01
16 60 1 1.01351553 1.56454356 0.84113108 1.06296089 1.12168226 6.194742949495e-01 4.195291872200e+01 3.691226106297e+00 1.187113306046e+01 1.165237520197e+01
16 61 1 1.01351553 1.56454356 0.84113108 1.06296089 1.12168226 5.868767680335e-01 4.440754544394e+01 3.675910928892e+00 1.155046729375e+01 1.211698655420e+01
16 62 1 1.01351553 1.56454356 0.84113108 1.06296089 1.12168226 7.033071189809e-01 4.566327763863e+01 4.030020864688e+00 1.085111209959e+01 1.261782494231e+01
16 63 1 1.01351553 1.56454356 0.84113108 1.06296089 1.12168226 7.329767867652e-01 4.687339540257e+01 4.112089329763e+00 1.066373930965e+01 1.319141466421e+01
17 0 1 0.92955155 0.95620512 1.97981573 0.70563170 1.04219669 5.687371090866e+00 6.035223557559e+00 1.091200313051e-02 2.243430326655e+00 5.020413481763e-01
17 1 1 0.92955155 0.95620512 1.97981573 0.70563170 1.04219669 5.679288011703e+00 5.832508736599e+00 1.656667656562e-02 1.723436276673e+00 4.778463124404e-01
17 2 1 0.92955155 0.95620512 1.97981573 0.70563170 1.04219669 5.466809008927e+00 5.612386217302e+00 9.660288131856e-03 1.211083212283e+00 4.762914823201e-01
17 3 1 0.92955155 0.95620512 1.97981573 0.70563170 1.04219669 5.192121542486e+00 5.496614032282e+00 1.247715313615e-02 1.277329803604e+00 4.657877915957e-01
17 4 1 0.92955155 0.95620512 1.97981573 0.70563170 1.04219669 4.986492788977e+00 5.184238820050e+00 1.179357344829e-02 1.689109086019e+00 4.782160637317e-01
17 5 1 0.92955155 0.95620512 1.97981573 0.70563170 1.04219669 4.640136137118e+00 4.956028221004e+00 9.505663183484e-03 1.900310033974e+00 4.681196590431e-01
17 6 1 0.92955155 0.95620512 1.97981573 0.70563170 1.04219669 4.330031555474e+00 4.935105154978e+00 1.486498466169e-02 1.593111918156e+00 4.437530339739e-01
17 7 1 0.92955155 0.95620512 1.97981573 0.70563170 1.04219669 4.120984834787e+00 4.798542149500e+00 1.700110556489e-02 1.090967640595e+00 4.617217975046e-01
17 8 1 0.92955155 0.95620512 1.97981573 0.70563170 1.04219669 3.923328294108e+00 4.770477450856e+00 1.752629645282e-02 9.969721105314e-01 4.582657123092e-01
17 9 1 0.92955155 0.95620512 1.97981573 0.70563170 1.04219669 3.883406945313e+00 4.476379044668e+00 1.711845592992e-02 1.261870288849e+00 4.560380850176e-01
17 10 1 0.92955155 0.95620512 1.97981573 0.70563170 1.04219669 3.883501726025e+00 4.296342162605e+00 1.934522376867e-02 1.483019352496e+00 4.300108574384e-01
17 11 1 0.92955155 0.95620512 1.97981573 0.70563170 1.04219669 3.833665695142e+00 4.055967626337e+00 1.658885835530e-02 1.364298655967e+00 4.450603029057e-01
17 12 1 0.92955155 0.95620512 1.97981573 0.70563170 1.04219669 3.800665106141e+00 4.022134356735e+00 2.130729077472e-02 9.695765901180e-01 4.454117942515e-01
17 13 1 0.92955155 0.95620512 1.97981573 0.70563170 1.04219669 3.687601144932e+00 4.018181593000e+00 2.345939768854e-02 7.686749637584e-01 4.164236311417e-01
17 14 1 0.92955155 0.95620512 1.97981573 0.70563170 1.04219669 3.502336517802e+00 3.885722081700e+00 2.810999153646e-02 9.184375270176e-01 4.133691692537e-01
17 15 1 0.92955155 0.95620512 1.97981573 0.70563170 1.04219669 3.316207865879e+00 3.704666522461e+00 2.354979978631e-02 1.149367675846e+00 4.203411829658e-01
17 16 1 0.92955155 0.95620512 1.97981573 0.70563170 1.04219669 3.167832631414e+00 3.630633027795e+00 2.662576163968e-02 1.134222156238e+00 4.116256084169e-01
17 17 1 0.92955155 0.95620512 1.97981573 0.70563170 1.04219669 2.984793061961e+00 3.567261788840e+00 2.526456523379e-02 8.359305395149e-01 3.851609832485e-01
17 18 1 0.92955155 0.95620512 1.97981573 0.70563170 1.04219669 2.846319634155e+00 3.477614555572e+00 2.687610832190e-02 6.134405590848e-01 3.761686516427e-01
17 19 1 0.92955155 0.95620512 1.97981573 0.70563170 1.04219669 2.766748174413e+00 3.450988424872e+00 3.229948544735e-02 6.738416933223e-01 3.754038329572e-01
17 20 1 0.92955155 0.95620512 1.97981573 0.70563170 1.04219669 2.828547582640e+00 3.368664737352e+00 3.338000905354e-02 8.907260885286e-01 3.309522871109e-01
17 21 1 0.92955155 0.95620512 1.97981573 0.70563170 1.04219669 2.756440501426e+00 3.187665819532e+00 3.126945050681e-02 9.489102646067e-01 3.153583473320e-01
17 22 1 0.92955155 0.95620512 1.97981573 0.70563170 1.04219669 2.741250484083e+00 3.125643451187e+00 3.019570271602e-02 7.686113264730e-01 2.970174457067e-01
17 23 1 0.92955155 0.95620512 1.97981573 0.70563170 1.04219669 2.661161385909e+00 3.086697292623e+00 3.200245163035e-02 5.437863288270e-01 2.789835600648e-01
17 24 1 0.92955155 0.95620512 1.97981573 0.70563170 1.04219669 2.646856494603e+00 2.857607398939e+00 3.240455221899e-02 5.255788772425e-01 2.535060024006e-01
17 25 1 0.92955155 0.95620512 1.97981573 0.70563170 1.04219669 2.632842161063e+00 2.809291875902e+00 3.486267835350e-02 7.283153827359e-01 2.445974808600e-01
17 26 1 0.92955155 0.95620512 1.97981573 0.70563170 1.04219669 2.673451528010e+00 2.703790709513e+00 3.958400621475e-02 8.518128962109e-01 2.473007843661e-01
17 27 1 0.92955155 0.95620512 1.97981573 0.70563170 1.04219669 2.628863848187e+00 2.719992609010e+00 3.236135078330e-02 7.747689424883e-01 2.154151983802e-01
17 28 1 0.92955155 0.95620512 1.97981573 0.70563170 1.04219669 2.540406935232e+00 2.595636193369e+00 3.310118992842e-02 5.545491492297e-01 2.073192299620e-01
17 29 1 0.92955155 0.95620512 1.97981573 0.70563170 1.04219669 2.360548587609e+00 2.553389464848e+00 3.571484956309e-02 4.925260703933e-01 1.944867809332e-01
17 30 1 0.92955155 0.95620512 1.97981573 0.70563170 1.04219669 2.281378778185e+00 2.518065968239e+00 3.175013708602e-02 6.623464284239e-01 1.933409348960e-01
17 31 1 0.92955155 0.95620512 1.97981573 0.70563170 1.04219669 2.160409647104e+00 2.386620042671e+00 3.878258509603e-02 8.336605781624e-01 1.748975165687e-01
17 32 1 0.92955155 0.95620512 1.97981573 0.70563170 1.04219669 2.407958788747e+00 2.655389258744e+00 3.937653633513e-02 8.633752375707e-01 1.768758831397e-01
17 33 1 0.92955155 0.95620512 1.97981573 0.70563170 1.04219669 2.587413724902e+00 2.779029903432e+00 3.163926083474e-02 6.676233825540e-01 1.962638510224e-01
17 34 1 0.92955155 0.95620512 1.97981573 0.70563170 1.04219669 2.701590174506e+00 2.879702065190e+00 3.550755763939e-02 5.377091262256e-01 1.993419601642e-01
17 35 1 0.92955155 0.95620512 1.97981573 0.70563170 1.04219669 2.715266945650e+00 2.948869528363e+00 3.304133871139e-02 6.696339755280e-01 2.130718125146e-01
17 36 1 0.92955155 0.95620512 1.97981573 0.70563170 1.04219669 2.680156845845e+00 3.018836412514e+00 3.193965822095e-02 9.229568231912e-01 2.231459595947e-01
17 37 1 0.92955155 0.95620512 1.97981573 0.70563170 1.04219669 2.584509678148e+00 3.032178047139e+00 3.908188966699e-02 1.027146594443e+00 2.560299445301e-01
17 38 1 0.92955155 0.95620512 1.97981573 0.70563170 1.04219669 2.609858531998e+00 3.142021845168e+00 3.482634494233e-02 8.624072736487e-01 2.537156381034e-01
17 39 1 0.92955155 0.95620512 1.97981573 0.70563170 1.04219669 2.625682302497e+00 3.251754598874e+00 3.218367692660e-02 6.729072971647e-01 2.639740185151e-01
17 40 1 0.92955155 0.95620512 1.97981573 0.70563170 1.04219669 2.741616688226e+00 3.303942840494e+00 3.140704911821e-02 7.344621479540e-01 2.909458681498e-01
17 41 1 0.92955155 0.95620512 1.97981573 0.70563170 1.04219669 2.755082511227e+00 3.274321251482e+00 2.968833628929e-02 1.037532146578e+00 3.103837997331e-01
17 42 1 0.92955155 0.95620512 1.97981573 0.70563170 1.04219669 2.853133185783e+00 3.393841139571e+00 3.054892204961e-02 1.256023744797e+00 3.296446502360e-01
17 43 1 0.92955155 0.95620512 1.97981573 0.70563170 1.04219669 2.866437830660e+00 3.477223982349e+00 3.268188273557e-02 1.163319072937e+00 3.462116577759e-01
17 44 1 0.92955155 0.95620512 1.97981573 0.70563170 1.04219669 2.994963069252e+00 3.405963526892e+00 3.171694555708e-02 8.888526777940e-01 3.920040280395e-01
17 45 1 0.92955155 0.95620512 1.97981573 0.70563170 1.04219669 3.211646904189e+00 3.519479375775e+00 2.646305821085e-02 8.416462554503e-01 3.922026874033e-01
17 46 1 0.92955155 0.95620512 1.97981573 0.70563170 1.04219669 3.398690351619e+00 3.551628127538e+00 2.426323299346e-02 1.149651449978e+00 4.008690209332e-01
17 47 1 0.92955155 0.95620512 1.97981573 0.70563170 1.04219669 3.521137848316e+00 3.683979545572e+00 2.574676093126e-02 1.490284622861e+00 4.276936309708e-01
17 48 1 0.92955155 0.95620512 1.97981573 0.70563170 1.04219669 3.626810127287e+00 3.821214607570e+00 2.258523489992e-02 1.496304452813e+00 4.359446765582e-01
17 49 1 0.92955155 0.95620512 1.97981573 0.70563170 1.04219669 3.735771512683e+00 4.007904816555e+00 2.712102663954e-02 1.202011500377e+00 4.284841747874e-01
17 50 1 0.92955155 0.95620512 1.97981573 0.70563170 1.04219669 3.770190708017e+00 4.007080191674e+00 2.263979127505e-02 1.012999963852e+00 4.318418586768e-01
17 51 1 0.92955155 0.95620512 1.97981573 0.70563170 1.04219669 3.770899619444e+00 4.130588054071e+00 2.055100225721e-02 1.238170237767e+00 4.617481783298e-01
17 52 1 0.92955155 0.95620512 1.97981573 0.70563170 1.04219669 3.819169125015e+00 4.391282864205e+00 1.560236659846e-02 1.668390983701e+00 4.603440258500e-01
17 53 1 0.92955155 0.95620512 1.97981573 0.70563170 1.04219669 3.953207766444e+00 4.627996583224e+00 1.819438379812e-02 1.816838964376e+00 4.440285447853e-01
17 54 1 0.92955155 0.95620512 1.97981573 0.70563170 1.04219669 4.088867843550e+00 4.831495714310e+00 1.613870643332e-02 1.579147474530e+00 4.721344546630e-01
17 55 1 0.92955155 0.95620512 1.97981573 0.70563170 1.04219669 4.440935859268e+00 4.911489739722e+00 1.654430974053e-02 1.223459746710e+00 4.728243689720e-01
17 56 1 0.92955155 0.95620512 1.97981573 0.70563170 1.04219669 4.720126026343e+00 5.022599554489e+00 1.606553462618e-02 1.347805562134e+00 4.761562113372e-01
17 57 1 0.92955155 0.95620512 1.97981573 0.70563170 1.04219669 5.034280284072e+00 5.191878287400e+00 1.440418447200e-02 1.845319706562e+00 4.558698418810e-01
17 58 1 0.92955155 0.95620512 1.97981573 0.70563170 1.04219669 5.275886521514e+00 5.515849192094e+00 8.722354283006e-03 2.116438712984e+00 4.833340434606e-01
17 59 1 0.92955155 0.95620512 1.97981573 0.70563170 1.04219669 5.434142363774e+00 5.832856644562e+00 1.090408870066e-02 1.944686607944e+00 4.913138238531e-01
17 60 1 0.92955155 0.95620512 1.97981573 0.70563170 1.04219669 5.467983494683e+00 6.080840942271e+00 1.183846839565e-02 1.507611063432e+00 4.790993605595e-01
17 61 1 0.92955155 0.95620512 1.97981573 0.70563170 1.04219669 5.674385737450e+00 6.234696629351e+00 9.050403944925e-03 1.487962225519e+00 4.893928610647e-01
17 62 1 0.92955155 0.95620512 1.97981573 0.70563170 1.04219669 5.576326855686e+00 6.630621391771e+00 1.607288675235e-02 1.996059264579e+00 4.924177442563e-01
17 63 1 0.92955155 0.95620512 1.97981573 0.70563170 1.04219669 5.753953299441e+00 6.958028829798e+00 1.122836676043e-02 2.498970033504e+00 5.178465603105e-01
18 0 1 1.30498781 0.91092871 0.63126153 0.73862606 0.73336735 5.162679156148e+00 5.197113156453e+00 1.027344048482e+00 3.083038973322e+00 2.301792701187e+00
18 1 1 1.30498781 0.91092871 0.63126153 0.73862606 0.73336735 4.976207597662e+00 4.975160751150e+00 1.087072090807e+00 3.006214653545e+00 2.174094368082e+00
18 2 1 1.30498781 0.91092871 0.63126153 0.73862606 0.73336735 5.154097076177e+00 4.897182276101e+00 1.048720284205e+00 2.938420568281e+00 2.011321719474e+00
18 3 1 1.30498781 0.91092871 0.63126153 0.73862606 0.73336735 4.827194752561e+00 4.756884722449e+00 9.207182418570e-01 2.744730876812e+00 1.874748868324e+00
18 4 1 1.30498781 0.91092871 0.63126153 0.73862606 0.73336735 4.795246889981e+00 4.495984691805e+00 8.417383402990e-01 2.539495262922e+00 1.797717850441e+00
18 5 1 1.30498781 0.91092871 0.63126153 0.73862606 0.73336735 4.669559106238e+00 4.320769321849e+00 8.596134262192e-01 2.444703906139e+00 1.757760897037e+00
18 6 1 1.30498781 0.91092871 0.63126153 0.73862606 0.73336735 4.436914373901e+00 4.242660976398e+00 9.000832652296e-01 2.258408591546e+00 1.683411510734e+00
18 7 1 1.30498781 0.91092871 0.63126153 0.73862606 0.73336735 4.238719077499e+00 4.092116678921e+00 8.409998952141e-01 1.981295945533e+00 1.613125024789e+00
18 8 1 1.30498781 0.91092871 0.63126153 0.73862606 0.73336735 4.083550061141e+00 3.900025843324e+00 7.322714134067e-01 1.757190526074e+00 1.561307184250e+00
18 9 1 1.30498781 0.91092871 0.63126153 0.73862606 0.73336735 3.896529519593e+00 3.700090707194e+00 6.947357330538e-01 1.558668800196e+00 1.509910344023e+00
18 10 1 1.30498781 0.91092871 0.63126153 0.73862606 0.73336735 3.608885263498e+00 3.563457745307e+00 7.174473239933e-01 1.382776859678e+00 1.469867948139e+00
18 11 1 1.30498781 0.91092871 0.63126153 0.73862606 0.73336735 3.603468162604e+00 3.508856533018e+00 7.109034816089e-01 1.287242013523e+00 1.439682727778e+00
18 12 1 1.30498781 0.91092871 0.63126153 0.73862606 0.73336735 3.360445269009e+00 3.325237858484e+00 6.507306052538e-01 1.193820747914e+00 1.401594226520e+00
18 13 1 1.30498781 0.91092871 0.63126153 0.73862606 0.73336735 3.313732933878e+00 3.063962191924e+00 6.295927906733e-01 1.085483212448e+00 1.362334985413e+00
18 14 1 1.30498781 0.91092871 0.63126153 0.73862606 0.73336735 3.194807418006e+00 2.906466676132e+00 6.747111825893e-01 1.036126658266e+00 1.306197413984e+00
18 15 1 1.30498781 0.91092871 0.63126153 0.73862606 0.73336735 3.223096504373e+00 2.863719215484e+00 6.970210438163e-01 9.855554637840e-01 1.221992189305e+00
18 16 1 1.30498781 0.91092871 0.63126153 0.73862606 0.73336735 3.059108573917e+00 2.822358454648e+00 6.467909352330e-01 9.081955605777e-01 1.152036247586e+00
18 17 1 1.30498781 0.91092871 0.63126153 0.73862606 0.73336735 3.075438457657e+00 2.783851111437e+00 5.755120931510e-01 8.832629574354e-01 1.138714135992e+00
18 18 1 1.30498781 0.91092871 0.63126153 0.73862606 0.73336735 3.014306319389e+00 2.846560692158e+00 5.513497154493e-01 8.981893952365e-01 1.122334415018e+00
18 19 1 1.30498781 0.91092871 0.63126153 0.73862606 0.73336735 2.907141672620e+00 2.849919077379e+00 5.691022580093e-01 8.781407096270e-01 1.112302811138e+00
18 20 1 1.30498781 0.91092871 0.63126153 0.73862606 0.73336735 2.859526636510e+00 2.693466347915e+00 5.753417402039e-01 8.653492768890e-01 1.096725119764e+00
18 21 1 1.30498781 0.91092871 0.63126153 0.73862606 0.73336735 2.782357632107e+00 2.604669259823e+00 5.529121216315e-01 8.979164197184e-01 1.107773634763e+00
18 22 1 1.30498781 0.91092871 0.63126153 0.73862606 0.73336735 2.728295897824e+00 2.688963822180e+00 5.331012442645e-01 9.538409047121e-01 1.070157600210e+00
18 23 1 1.30498781 0.91092871 0.63126153 0.73862606 0.73336735 2.599237395117e+00 2.648349615195e+00 5.378488081061e-01 9.912079100845e-01 1.019350413965e+00
18 24 1 1.30498781 0.91092871 0.63126153 0.73862606 0.73336735 2.598977440026e+00 2.408179225736e+00 5.606069696694e-01 1.028113489704e+00 9.763337206194e-01
18 25 1 1.30498781 0.91092871 0.63126153 0.73862606 0.73336735 2.445889194616e+00 2.317113419735e+00 5.610344255379e-01 1.065658910908e+00 9.758732833987e-01
18 26 1 1.30498781 0.91092871 0.63126153 0.73862606 0.73336735 2.394164482060e+00 2.367052411529e+00 5.364781549409e-01 1.085740941614e+00 9.379439147654e-01
18 27 1 1.30498781 0.91092871 0.63126153 0.73862606 0.73336735 2.233919529288e+00 2.313295540469e+00 5.250936121949e-01 1.097490835391e+00 8.817595204547e-01
18 28 1 1.30498781 0.91092871 0.63126153 0.73862606 0.73336735 2.174843251743e+00 2.240094204220e+00 5.271234874964e-01 1.158913271565e+00 8.563299903384e-01
18 29 1 1.30498781 0.91092871 0.63126153 0.73862606 0.73336735 2.018484625848e+00 2.221428473137e+00 5.177061380414e-01 1.191230757409e+00 8.526967283403e-01
18 30 1 1.30498781 0.91092871 0.63126153 0.73862606 0.73336735 1.938462628012e+00 2.039507063552e+00 4.788392184894e-01 1.148657159917e+00 8.270307315610e-01
18 31 1 1.30498781 0.91092871 0.63126153 0.73862606 0.73336735 1.890290523155e+00 1.907739670620e+00 4.623211371160e-01 1.151633040754e+00 8.159030213865e-01
18 32 1 1.30498781 0.91092871 0.63126153 0.73862606 0.73336735 1.860946965727e+00 2.183740516823e+00 5.000293591839e-01 1.255738952419e+00 8.875265173629e-01
18 33 1 1.30498781 0.91092871 0.63126153 0.73862606 0.73336735 1.871319093862e+00 2.451613208109e+00 5.395047512529e-01 1.322198214615e+00 9.425170928617e-01
18 34 1 1.30498781 0.91092871 0.63126153 0.73862606 0.73336735 1.921360714090e+00 2.452522504723e+00 5.437840835286e-01 1.322492234528e+00 9.815312737890e-01
18 35 1 1.30498781 0.91092871 0.63126153 0.73862606 0.73336735 2.023899013700e+00 2.444385194712e+00 5.240674654526e-01 1.307378080844e+00 1.003516175135e+00
18 36 1 1.30498781 0.91092871 0.63126153 0.73862606 0.73336735 2.058972998523e+00 2.478277153912e+00 5.272767114924e-01 1.291944824708e+00 1.061422811528e+00
18 37 1 1.30498781 0.91092871 0.63126153 0.73862606 0.73336735 2.194419333423e+00 2.459256677598e+00 5.419174768454e-01 1.282052568909e+00 1.079991048792e+00
18 38 1 1.30498781 0.91092871 0.63126153 0.73862606 0.73336735 2.217725734938e+00 2.500247043209e+00 5.304570265585e-01 1.267022652168e+00 1.081449087239e+00
18 39 1 1.30498781 0.91092871 0.63126153 0.73862606 0.73336735 2.341002842337e+00 2.694974397574e+00 5.136309532825e-01 1.211117167564e+00 1.082966275318e+00
18 40 1 1.30498781 0.91092871 0.63126153 0.73862606 0.73336735 2.335432252490e+00 2.700851446823e+00 5.199077861680e-01 1.144058921593e+00 1.137490564586e+00
18 41 1 1.30498781 0.91092871 0.63126153 0.73862606 0.73336735 2.431541290427e+00 2.547284859142e+00 5.548842455372e-01 1.107138056681e+00 1.142001628254e+00
18 42 1 1.30498781 0.91092871 0.63126153 0.73862606 0.73336735 2.465342936962e+00 2.619384522425e+00 5.818712165206e-01 1.071086147657e+00 1.121288523158e+00
18 43 1 1.30498781 0.91092871 0.63126153 0.73862606 0.73336735 2.526242250189e+00 2.760086683091e+00 5.810096131248e-01 1.044194165483e+00 1.134169142536e+00
18 44 1 1.30498781 0.91092871 0.63126153 0.73862606 0.73336735 2.546348507407e+00 2.758810495935e+00 5.863865336238e-01 1.039214742140e+00 1.171110986626e+00
18 45 1 1.30498781 0.91092871 0.63126153 0.73862606 0.73336735 2.629286510979e+00 2.711147126283e+00 6.310405560109e-01 1.013788542845e+00 1.207561551898e+00
18 46 1 1.30498781 0.91092871 0.63126153 0.73862606 0.73336735 2.660869914010e+00 2.807186296541e+00 7.001254736924e-01 9.728383030837e-01 1.253703358540e+00
18 47 1 1.30498781 0.91092871 0.63126153 0.73862606 0.73336735 2.627726329199e+00 2.987739919893e+00 7.280613506328e-01 1.005367207262e+00 1.343855588229e+00
18 48 1 1.30498781 0.91092871 0.63126153 0.73862606 0.73336735 2.742159720340e+00 3.107857400601e+00 6.896011333388e-01 1.049767361016e+00 1.418601909531e+00
18 49 1 1.30498781 0.91092871 0.63126153 0.73862606 0.73336735 2.702153212496e+00 3.331634673512e+00 6.644508384330e-01 1.048165992667e+00 1.465427271292e+00
18 50 1 1.30498781 0.91092871 0.63126153 0.73862606 0.73336735 2.771451514684e+00 3.621029388799e+00 7.233366503215e-01 1.099078598568e+00 1.482896699755e+00
18 51 1 1.30498781 0.91092871 0.63126153 0.73862606 0.73336735 2.798723526154e+00 3.743119840155e+00 8.075294806811e-01 1.236346877189e+00 1.516245052268e+00
18 52 1 1.30498781 0.91092871 0.63126153 0.73862606 0.73336735 2.993119213878e+00 3.779691383023e+00 8.349263997194e-01 1.334453484036e+00 1.556192055760e+00
18 53 1 1.30498781 0.91092871 0.63126153 0.73862606 0.73336735 2.982069998653e+00 3.886701849904e+00 8.332562622378e-01 1.475611620778e+00 1.624741766998e+00
18 54 1 1.30498781 0.91092871 0.63126153 0.73862606 0.73336735 3.225535208055e+00 4.070504675343e+00 9.065662804382e-01 1.724371206444e+00 1.688078368857e+00
18 55 1 1.30498781 0.91092871 0.63126153 0.73862606 0.73336735 3.388721196252e+00 4.255150101735e+00 1.030746418793e+00 1.948687549721e+00 1.769536691331e+00
18 56 1 1.30498781 0.91092871 0.63126153 0.73862606 0.73336735 3.516233592175e+00 4.346894091881e+00 1.065418330945e+00 2.105382461916e+00 1.861719250804e+00
18 57 1 1.30498781 0.91092871 0.63126153 0.73862606 0.73336735 3.682086901151e+00 4.429004129703e+00 1.022481060150e+00 2.299792142372e+00 1.935614378469e+00
18 58 1 1.30498781 0.91092871 0.63126153 0.73862606 0.73336735 3.897511861327e+00 4.604606243959e+00 1.026782081492e+00 2.432082596496e+00 2.016438110924e+00
18 59 1 1.30498781 0.91092871 0.63126153 0.73862606 0.73336735 3.980399844381e+00 4.827987882605e+00 1.154010907995e+00 2.559265548077e+00 2.115571443562e+00
18 60 1 1.30498781 0.91092871 0.63126153 0.73862606 0.73336735 4.010819467962e+00 4.985222770874e+00 1.288287260172e+00 2.797852735775e+00 2.241238369092e+00
18 61 1 1.30498781 0.91092871 0.63126153 0.73862606 0.73336735 4.277908556433e+00 5.040282405908e+00 1.291416625228e+00 2.981852307771e+00 2.401192766012e+00
18 62 1 1.30498781 0.91092871 0.63126153 0.73862606 0.73336735 4.104371165037e+00 5.258370838803e+00 1.242726455762e+00 3.039935667715e+00 2.468520578607e+00
18 63 1 1.30498781 0.91092871 0.63126153 0.73862606 0.73336735 4.237757858304e+00 5.549698711132e+00 1.277279524841e+00 3.207300382775e+00 2.500383126824e+00
22 0 1 0.63471229 7.36950930 1.14920105 2.17547380 4.57108759 9.664370911986e-01 1.399969166514e+04 1.173800616031e+01 1.406547422081e+02 2.514476775204e+03
22 1 1 0.63471229 7.36950930 1.14920105 2.17547380 4.57108759 9.674277148906e-01 1.354956579716e+04 9.494172145800e+00 1.345331772848e+02 2.425272824801e+03
22 2 1 0.63471229 7.36950930 1.14920105 2.17547380 4.57108759 1.000270229668e+00 1.306501240106e+04 1.141312945104e+01 1.296702637814e+02 2.341817549163e+03
22 3 1 0.63471229 7.36950930 1.14920105 2.17547380 4.57108759 1.014099380612e+00 1.262518465755e+04 9.455379208469e+00 1.256084194704e+02 2.260396027669e+03
22 4 1 0.63471229 7.36950930 1.14920105 2.17547380 4.57108759 9.740515125277e-01 1.217723662055e+04 9.323339307928e+00 1.215555093153e+02 2.183276671795e+03
22 5 1 0.63471229 7.36950930 1.14920105 2.17547380 4.57108759 8.868914572874e-01 1.180708204576e+04 1.057494114801e+01 1.175721257209e+02 2.106783217158e+03
22 6 1 0.63471229 7.36950930 1.14920105 2.17547380 4.57108759 8.035446790574e-01 1.144936614971e+04 8.180521674710e+00 1.128999389396e+02 2.036136181555e+03
22 7 1 0.63471229 7.36950930 1.14920105 2.17547380 4.57108759 7.618344743043e-01 1.106813700552e+04 9.282424191665e+00 1.077031132655e+02 1.967246473604e+03
22 8 1 0.63471229 7.36950930 1.14920105 2.17547380 4.57108759 7.414790197955e-01 1.070444007879e+04 9.259629906666e+00 1.044460721097e+02 1.902795795973e+03
22 9 1 0.63471229 7.36950930 1.14920105 2.17547380 4.57108759 7.479268394652e-01 1.035716773396e+04 7.534262664143e+00 1.008775397311e+02 1.841350622871e+03
22 10 1 0.63471229 7.36950930 1.14920105 2.17547380 4.57108759 7.598714584632e-01 1.005921497367e+04 9.142697322352e+00 9.686127440494e+01 1.780132520282e+03
22 11 1 0.63471229 7.36950930 1.14920105 2.17547380 4.57108759 7.511228817574e-01 9.770061295312e+03 7.555955163715e+00 9.461340038775e+01 1.724004903377e+03
22 12 1 0.63471229 7.36950930 1.14920105 2.17547380 4.57108759 7.019289095547e-01 9.499873594912e+03 7.450692198266e+00 9.203113420790e+01 1.668657095036e+03
22 13 1 0.63471229 7.36950930 1.14920105 2.17547380 4.57108759 6.634569998026e-01 9.218062155803e+03 8.561160727490e+00 8.834707584147e+01 1.619120809789e+03
22 14 1 0.63471229 7.36950930 1.14920105 2.17547380 4.57108759 6.513181813914e-01 8.944785655606e+03 6.582628293758e+00 8.559464147340e+01 1.573186591145e+03
22 15 1 0.63471229 7.36950930 1.14920105 2.17547380 4.57108759 6.515242210408e-01 8.683415616140e+03 7.523701559439e+00 8.342785634458e+01 1.529209855145e+03
22 16 1 0.63471229 7.36950930 1.14920105 2.17547380 4.57108759 6.104530188634e-01 8.425543461359e+03 7.261721498568e+00 8.117577817323e+01 1.489887965206e+03
22 17 1 0.63471229 7.36950930 1.14920105 2.17547380 4.57108759 5.597516591204e-01 8.201711970838e+03 6.052677169393e+00 7.909449586431e+01 1.450280428254e+03
22 18 1 0.63471229 7.36950930 1.14920105 2.17547380 4.57108759 5.325487866239e-01 7.998350390986e+03 7.279626440019e+00 7.679980588487e+01 1.416047380015e+03
22 19 1 0.63471229 7.36950930 1.14920105 2.17547380 4.57108759 5.248257999667e-01 7.808574352014e+03 6.198336455020e+00 7.450421837432e+01 1.383514163353e+03
22 20 1 0.63471229 7.36950930 1.14920105 2.17547380 4.57108759 5.319361876441e-01 7.633412229440e+03 5.995180459957e+00 7.324649711056e+01 1.354921293724e+03
22 21 1 0.63471229 7.36950930 1.14920105 2.17547380 4.57108759 5.655436906957e-01 7.500186223446e+03 6.899400373751e+00 7.212638307641e+01 1.328557792552e+03
22 22 1 0.63471229 7.36950930 1.14920105 2.17547380 4.57108759 5.698452248585e-01 7.380350740363e+03 5.290424813813e+00 7.050663340569e+01 1.302973479230e+03
22 23 1 0.63471229 7.36950930 1.14920105 2.17547380 4.57108759 5.509851968952e-01 7.259012880760e+03 6.129748759540e+00 6.944071002532e+01 1.278614392349e+03
22 24 1 0.63471229 7.36950930 1.14920105 2.17547380 4.57108759 5.403607007809e-01 7.141827421216e+03 6.026146642620e+00 6.899863364557e+01 1.255100992342e+03
22 25 1 0.63471229 7.36950930 1.14920105 2.17547380 4.57108759 5.396198177362e-01 7.062801203290e+03 5.018916361602e+00 6.776405935380e+01 1.232592334091e+03
22 26 1 0.63471229 7.36950930 1.14920105 2.17547380 4.57108759 5.373003096108e-01 6.985381512643e+03 6.218844670282e+00 6.679206878905e+01 1.213867300550e+03
22 27 1 0.63471229 7.36950930 1.14920105 2.17547380 4.57108759 5.365632832493e-01 6.904904954524e+03 5.249314748697e+00 6.589256666522e+01 1.195090592467e+03
22 28 1 0.63471229 7.36950930 1.14920105 2.17547380 4.57108759 5.358309216272e-01 6.842435436826e+03 5.338926707431e+00 6.441152672472e+01 1.184122973661e+03
22 29 1 0.63471229 7.36950930 1.14920105 2.17547380 4.57108759 5.106395657847e-01 6.781882767141e+03 5.986283099025e+00 6.403179690118e+01 1.171878803626e+03
22 30 1 0.63471229 7.36950930 1.14920105 2.17547380 4.57108759 4.514439271186e-01 6.759141905093e+03 4.842295129223e+00 6.364889573351e+01 1.172922315108e+03
22 31 1 0.63471229 7.36950930 1.14920105 2.17547380 4.57108759 4.172971230004e-01 6.721662720354e+03 5.543160021104e+00 6.272006711835e+01 1.171800748562e+03
22 32 1 0.63471229 7.36950930 1.14920105 2.17547380 4.57108759 4.835298885498e-01 6.795787898440e+03 5.782444814482e+00 6.530154865789e+01 1.186205382388e+03
22 33 1 0.63471229 7.36950930 1.14920105 2.17547380 4.57108759 5.468411502728e-01 6.860784888486e+03 4.878065865150e+00 6.689539462219e+01 1.196029282691e+03
22 34 1 0.63471229 7.36950930 1.14920105 2.17547380 4.57108759 5.454014045214e-01 6.914435821205e+03 6.130864751299e+00 6.768938558278e+01 1.216831475828e+03
22 35 1 0.63471229 7.36950930 1.14920105 2.17547380 4.57108759 5.098496988755e-01 6.983753486277e+03 5.353872471431e+00 6.878408425458e+01 1.232203004014e+03
22 36 1 0.63471229 7.36950930 1.14920105 2.17547380 4.57108759 4.968658884890e-01 7.050492298271e+03 5.360105896101e+00 7.021101550001e+01 1.252501037636e+03
22 37 1 0.63471229 7.36950930 1.14920105 2.17547380 4.57108759 4.895509919823e-01 7.128604976313e+03 6.458532777739e+00 7.034591216526e+01 1.270710561517e+03
22 38 1 0.63471229 7.36950930 1.14920105 2.17547380 4.57108759 4.915358332345e-01 7.208166856794e+03 5.077152253378e+00 7.179359196385e+01 1.290613379603e+03
22 39 1 0.63471229 7.36950930 1.14920105 2.17547380 4.57108759 4.941285563052e-01 7.330243337131e+03 6.232172855035e+00 7.245371323010e+01 1.311478076902e+03
22 40 1 0.63471229 7.36950930 1.14920105 2.17547380 4.57108759 5.052689601027e-01 7.468027977426e+03 6.371904152724e+00 7.394950329811e+01 1.333434757080e+03
22 41 1 0.63471229 7.36950930 1.14920105 2.17547380 4.57108759 4.999450227863e-01 7.607246381183e+03 5.619294746840e+00 7.620197649767e+01 1.357757653535e+03
22 42 1 0.63471229 7.36950930 1.14920105 2.17547380 4.57108759 4.826136805298e-01 7.769688155614e+03 7.046060087228e+00 7.833340707579e+01 1.385105591100e+03
22 43 1 0.63471229 7.36950930 1.14920105 2.17547380 4.57108759 5.049217804280e-01 7.969788394306e+03 6.167460053103e+00 8.026981956274e+01 1.417173560278e+03
22 44 1 0.63471229 7.36950930 1.14920105 2.17547380 4.57108759 5.507442251774e-01 8.191011020790e+03 6.313481776151e+00 8.335845216408e+01 1.453007994922e+03
22 45 1 0.63471229 7.36950930 1.14920105 2.17547380 4.57108759 5.962675987753e-01 8.410068425142e+03 7.646682150753e+00 8.622435703547e+01 1.494949433969e+03
22 46 1 0.63471229 7.36950930 1.14920105 2.17547380 4.57108759 6.430611312881e-01 8.651464278403e+03 6.269632384896e+00 8.902584234434e+01 1.537774851687e+03
22 47 1 0.63471229 7.36950930 1.14920105 2.17547380 4.57108759 6.686228185023e-01 8.904510548638e+03 7.572890319983e+00 9.157082329230e+01 1.586764119537e+03
22 48 1 0.63471229 7.36950930 1.14920105 2.17547380 4.57108759 6.578206477343e-01 9.170898024075e+03 7.892233342872e+00 9.487921863866e+01 1.635811963793e+03
22 49 1 0.63471229 7.36950930 1.14920105 2.17547380 4.57108759 6.648340021891e-01 9.429714702159e+03 6.793847973838e+00 9.839443323187e+01 1.691586137654e+03
22 50 1 0.63471229 7.36950930 1.14920105 2.17547380 4.57108759 7.056506026117e-01 9.712858910800e+03 8.871537358700e+00 1.031513263463e+02 1.749464178395e+03
22 51 1 0.63471229 7.36950930 1.14920105 2.17547380 4.57108759 7.384396228991e-01 9.988365156373e+03 7.700203705136e+00 1.067436204493e+02 1.812276536636e+03
22 52 1 0.63471229 7.36950930 1.14920105 2.17547380 4.57108759 7.394008814052e-01 1.029576045254e+04 8.130177423303e+00 1.096229469040e+02 1.876757440622e+03
22 53 1 0.63471229 7.36950930 1.14920105 2.17547380 4.57108759 7.292246985150e-01 1.063140869166e+04 9.755652069553e+00 1.149451224898e+02 1.943630919194e+03
22 54 1 0.63471229 7.36950930 1.14920105 2.17547380 4.57108759 7.566870624306e-01 1.100044889455e+04 8.131423411336e+00 1.202054091433e+02 2.011741103480e+03
22 55 1 0.63471229 7.36950930 1.14920105 2.17547380 4.57108759 8.149224870870e-01 1.139101079817e+04 9.959284384449e+00 1.243644068464e+02 2.083851000364e+03
22 56 1 0.63471229 7.36950930 1.14920105 2.17547380 4.57108759 8.849959643935e-01 1.177468271398e+04 1.038224563267e+01 1.302073237158e+02 2.158484783391e+03
22 57 1 0.63471229 7.36950930 1.14920105 2.17547380 4.57108759 9.574166768227e-01 1.215121325377e+04 9.052244007041e+00 1.358488757265e+02 2.238265434257e+03
22 58 1 0.63471229 7.36950930 1.14920105 2.17547380 4.57108759 1.004097061927e+00 1.253379685189e+04 1.181306313078e+01 1.400643626517e+02 2.319389817699e+03
22 59 1 0.63471229 7.36950930 1.14920105 2.17547380 4.57108759 9.913199308391e-01 1.299705377827e+04 1.061121347050e+01 1.451642948611e+02 2.404870120732e+03
22 60 1 0.63471229 7.36950930 1.14920105 2.17547380 4.57108759 9.517752108596e-01 1.345877315075e+04 1.130983433266e+01 1.505442378074e+02 2.490085153902e+03
22 61 1 0.63471229 7.36950930 1.14920105 2.17547380 4.57108759 9.450023506997e-01 1.390922933821e+04 1.384916115002e+01 1.573090955435e+02 2.582509030616e+03
22 62 1 0.63471229 7.36950930 1.14920105 2.17547380 4.57108759 9.957550717013e-01 1.436138959687e+04 1.126720165755e+01 1.636441139505e+02 2.672998528719e+03
22 63 1 0.63471229 7.36950930 1.14920105 2.17547380 4.57108759 1.096718833914e+00 1.480712815865e+04 1.407629357535e+01 1.705050963885e+02 2.772906934809e+03
23 0 1 0.81537398 1.11905748 0.60234110 0.96698756 0.81909779 1.663598498309e-01 5.895592683862e+00 9.083586989922e-01 2.384867031321e-02 2.853211873257e+00
23 1 1 0.81537398 1.11905748 0.60234110 0.96698756 0.81909779 1.620627107669e-01 5.719905979310e+00 8.638031988734e-01 1.369309778144e-02 2.662524133479e+00
23 2 1 0.81537398 1.11905748 0.60234110 0.96698756 0.81909779 1.596702144806e-01 5.624591104274e+00 8.573918309490e-01 1.894553718583e-02 2.566111508477e+00
23 3 1 0.81537398 1.11905748 0.60234110 0.96698756 0.81909779 1.482381056265e-01 5.634981987675e+00 8.605523161899e-01 1.717903173184e-02 2.557581718364e+00
23 4 1 0.81537398 1.11905748 0.60234110 0.96698756 0.81909779 1.476649701753e-01 5.646246126906e+00 8.570751318145e-01 1.763060940657e-02 2.523756360771e+00
23 5 1 0.81537398 1.11905748 0.60234110 0.96698756 0.81909779 1.461760803084e-01 5.571590745587e+00 8.373150238468e-01 1.602304403744e-02 2.422228173306e+00
23 6 1 0.81537398 1.11905748 0.60234110 0.96698756 0.81909779 1.390704353903e-01 5.433007686550e+00 8.084993730374e-01 1.348347920434e-02 2.360325635446e+00
23 7 1 0.81537398 1.11905748 0.60234110 0.96698756 0.81909779 1.347287035085e-01 5.419940826016e+00 7.647335583772e-01 1.648683011733e-02 2.251199038762e+00
23 8 1 0.81537398 1.11905748 0.60234110 0.96698756 0.81909779 1.354188286960e-01 5.501904716675e+00 7.449835291920e-01 1.427529137506e-02 2.139183624142e+00
23 9 1 0.81537398 1.11905748 0.60234110 0.96698756 0.81909779 1.280546731020e-01 5.458916180096e+00 7.411232335326e-01 1.529348537784e-02 2.122747525388e+00
23 10 1 0.81537398 1.11905748 0.60234110 0.96698756 0.81909779 1.259903751220e-01 5.391272356104e+00 7.038574212960e-01 9.762649506599e-03 2.024724735366e+00
23 11 1 0.81537398 1.11905748 0.60234110 0.96698756 0.81909779 1.240789536869e-01 5.398030504300e+00 6.461262842403e-01 1.561311628512e-02 1.881368287799e+00
23 12 1 0.81537398 1.11905748 0.60234110 0.96698756 0.81909779 1.237536249189e-01 5.455196802005e+00 6.048496109861e-01 1.112764189069e-02 1.812827314965e+00
23 13 1 0.81537398 1.11905748 0.60234110 0.96698756 0.81909779 1.215177225096e-01 5.622707839688e+00 5.701456125300e-01 1.393794209298e-02 1.699802663275e+00
23 14 1 0.81537398 1.11905748 0.60234110 0.96698756 0.81909779 1.235014881187e-01 5.675350932245e+00 5.543169534357e-01 8.059818484475e-03 1.607735319509e+00
23 15 1 0.81537398 1.11905748 0.60234110 0.96698756 0.81909779 1.257489200664e-01 5.733210641731e+00 5.423919760890e-01 1.303237731861e-02 1.537435858753e+00
23 16 1 0.81537398 1.11905748 0.60234110 0.96698756 0.81909779 1.206287692144e-01 5.800123766824e+00 5.095308626931e-01 1.142896644307e-02 1.484462991572e+00
23 17 1 0.81537398 1.11905748 0.60234110 0.96698756 0.81909779 1.225132952168e-01 5.932031181728e+00 4.962456667159e-01 9.529954324293e-03 1.410457314574e+00
23 18 1 0.81537398 1.11905748 0.60234110 0.96698756 0.81909779 1.185659604564e-01 6.082619904086e+00 4.853364041709e-01 9.663192116189e-03 1.374096149753e+00
23 19 1 0.81537398 1.11905748 0.60234110 0.96698756 0.81909779 1.105322919590e-01 6.350162473108e+00 4.802955799371e-01 9.234998106498e-03 1.362489382432e+00
23 20 1 0.81537398 1.11905748 0.60234110 0.96698756 0.81909779 1.030491825701e-01 6.439334204387e+00 4.739377241107e-01 1.224030615249e-02 1.282197311578e+00
23 21 1 0.81537398 1.11905748 0.60234110 0.96698756 0.81909779 9.700173494945e-02 6.589864826800e+00 4.691584638426e-01 7.626394622457e-03 1.292679978330e+00
23 22 1 0.81537398 1.11905748 0.60234110 0.96698756 0.81909779 8.209824328661e-02 6.779221584447e+00 4.698253923321e-01 9.184454266215e-03 1.281205643724e+00
23 23 1 0.81537398 1.11905748 0.60234110 0.96698756 0.81909779 7.711077876906e-02 6.889199546893e+00 4.731123376864e-01 7.572516935749e-03 1.257641567266e+00
23 24 1 0.81537398 1.11905748 0.60234110 0.96698756 0.81909779 6.807527382486e-02 7.202808173963e+00 4.589450687867e-01 1.171971546715e-02 1.223642123763e+00
23 25 1 0.81537398 1.11905748 0.60234110 0.96698756 0.81909779 6.032021545986e-02 7.220533588590e+00 4.388302207246e-01 6.970614530976e-03 1.216302757595e+00
23 26 1 0.81537398 1.11905748 0.60234110 0.96698756 0.81909779 5.667612540060e-02 7.536835550555e+00 4.300460426180e-01 7.874346720802e-03 1.173672983299e+00
23 27 1 0.81537398 1.11905748 0.60234110 0.96698756 0.81909779 5.559001738331e-02 7.743410224288e+00 4.413450550248e-01 7.929866887852e-03 1.183355491752e+00
23 28 1 0.81537398 1.11905748 0.60234110 0.96698756 0.81909779 5.236971494051e-02 8.024413113429e+00 4.444334381697e-01 1.101786740287e-02 1.221113237770e+00
23 29 1 0.81537398 1.11905748 0.60234110 0.96698756 0.81909779 5.279793695706e-02 7.968120521730e+00 4.359064373313e-01 7.170013630438e-03 1.167932462919e+00
23 30 1 0.81537398 1.11905748 0.60234110 0.96698756 0.81909779 5.326543929523e-02 8.276693316994e+00 4.176203876278e-01 6.163685259039e-03 1.190111810592e+00
23 31 1 0.81537398 1.11905748 0.60234110 0.96698756 0.81909779 5.292229474636e-02 8.279388872476e+00 4.006378498646e-01 1.080149891922e-02 1.189343606438e+00
23 32 1 0.81537398 1.11905748 0.60234110 0.96698756 0.81909779 5.253042643669e-02 9.012286754636e+00 4.239044559560e-01 1.095887531277e-02 1.246139988955e+00
23 33 1 0.81537398 1.11905748 0.60234110 0.96698756 0.81909779 5.241400154961e-02 8.916476863572e+00 4.448330455054e-01 6.153136271566e-03 1.274696157352e+00
23 34 1 0.81537398 1.11905748 0.60234110 0.96698756 0.81909779 5.166657999958e-02 9.261245879933e+00 4.438173867355e-01 7.125958368616e-03 1.329696623078e+00
23 35 1 0.81537398 1.11905748 0.60234110 0.96698756 0.81909779 5.141908137870e-02 9.221605463081e+00 4.340213254899e-01 1.101943040108e-02 1.334061955082e+00
23 36 1 0.81537398 1.11905748 0.60234110 0.96698756 0.81909779 5.538385047498e-02 9.655950656230e+00 4.296357446746e-01 8.071097067208e-03 1.326810890103e+00
23 37 1 0.81537398 1.11905748 0.60234110 0.96698756 0.81909779 5.751447619789e-02 9.920640624619e+00 4.398867680213e-01 7.896753529530e-03 1.422127052935e+00
23 38 1 0.81537398 1.11905748 0.60234110 0.96698756 0.81909779 6.245201161286e-02 1.031219870417e+01 4.660366380467e-01 6.912381043073e-03 1.435666801468e+00
23 39 1 0.81537398 1.11905748 0.60234110 0.96698756 0.81909779 7.160384951550e-02 1.038849699459e+01 4.739249887448e-01 1.192292964582e-02 1.478586214434e+00
23 40 1 0.81537398 1.11905748 0.60234110 0.96698756 0.81909779 8.177837985406e-02 1.087592630423e+01 4.725438074346e-01 7.662101710306e-03 1.500306471890e+00
23 41 1 0.81537398 1.11905748 0.60234110 0.96698756 0.81909779 8.743712614704e-02 1.103191452427e+01 4.716260761626e-01 9.244589859182e-03 1.523242502966e+00
23 42 1 0.81537398 1.11905748 0.60234110 0.96698756 0.81909779 1.028127814706e-01 1.141332047592e+01 4.899063939215e-01 7.677368340248e-03 1.532228662414e+00
23 43 1 0.81537398 1.11905748 0.60234110 0.96698756 0.81909779 1.087564526016e-01 1.163169644061e+01 5.073198286811e-01 1.241712274389e-02 1.625997573109e+00
23 44 1 0.81537398 1.11905748 0.60234110 0.96698756 0.81909779 1.157625656265e-01 1.195307974083e+01 5.239623244458e-01 9.381594936751e-03 1.675176887390e+00
23 45 1 0.81537398 1.11905748 0.60234110 0.96698756 0.81909779 1.235829154287e-01 1.239202878886e+01 5.485333142426e-01 9.707447799130e-03 1.699181138647e+00
23 46 1 0.81537398 1.11905748 0.60234110 0.96698756 0.81909779 1.272937327046e-01 1.271862059059e+01 5.734229383558e-01 9.716522630035e-03 1.803720760833e+00
23 47 1 0.81537398 1.11905748 0.60234110 0.96698756 0.81909779 1.252847926076e-01 1.299197555401e+01 6.107713348844e-01 1.145489281147e-02 1.840621158117e+00
23 48 1 0.81537398 1.11905748 0.60234110 0.96698756 0.81909779 1.313116944018e-01 1.322690061463e+01 6.322928259891e-01 1.336346621681e-02 1.902233789785e+00
23 49 1 0.81537398 1.11905748 0.60234110 0.96698756 0.81909779 1.297620911004e-01 1.345270682222e+01 6.503482386177e-01 8.059287942355e-03 1.961351244844e+00
23 50 1 0.81537398 1.11905748 0.60234110 0.96698756 0.81909779 1.290271237451e-01 1.376297990450e+01 6.880156916028e-01 1.422501720309e-02 2.041555778822e+00
23 51 1 0.81537398 1.11905748 0.60234110 0.96698756 0.81909779 1.324501166731e-01 1.416313669247e+01 7.304409534330e-01 1.114518360412e-02 2.065462111107e+00
23 52 1 0.81537398 1.11905748 0.60234110 0.96698756 0.81909779 1.337461286614e-01 1.446898557871e+01 7.645638281438e-01 1.601120581865e-02 2.130198075118e+00
23 53 1 0.81537398 1.11905748 0.60234110 0.96698756 0.81909779 1.359593052634e-01 1.461884543563e+01 7.879992661886e-01 9.836377680678e-03 2.180968972474e+00
23 54 1 0.81537398 1.11905748 0.60234110 0.96698756 0.81909779 1.378355457011e-01 1.478478374090e+01 7.707425426333e-01 1.545159485332e-02 2.139045608217e+00
23 55 1 0.81537398 1.11905748 0.60234110 0.96698756 0.81909779 1.449129322383e-01 1.496557281667e+01 7.862354836779e-01 1.450821629721e-02 2.207064749067e+00
23 56 1 0.81537398 1.11905748 0.60234110 0.96698756 0.81909779 1.429141493186e-01 1.542948653251e+01 8.250644021733e-01 1.674211455434e-02 2.301139200277e+00
23 57 1 0.81537398 1.11905748 0.60234110 0.96698756 0.81909779 1.464692589956e-01 1.563082134433e+01 8.545029035477e-01 1.370439733412e-02 2.328298473476e+00
23 58 1 0.81537398 1.11905748 0.60234110 0.96698756 0.81909779 1.531745269084e-01 1.575279995951e+01 8.660420623057e-01 1.608875472484e-02 2.407912111611e+00
23 59 1 0.81537398 1.11905748 0.60234110 0.96698756 0.81909779 1.549333849592e-01 1.595535854708e+01 8.805240703889e-01 1.793527798689e-02 2.471556904626e+00
23 60 1 0.81537398 1.11905748 0.60234110 0.96698756 0.81909779 1.560336592154e-01 1.638253070249e+01 8.993680516064e-01 1.732617873286e-02 2.527153787296e+00
23 61 1 0.81537398 1.11905748 0.60234110 0.96698756 0.81909779 1.695883890838e-01 1.675817182143e+01 9.423336005168e-01 1.929116072481e-02 2.685468609814e+00
23 62 1 0.81537398 1.11905748 0.60234110 0.96698756 0.81909779 1.735374574287e-01 1.697146365869e+01 1.019248461625e+00 1.360505202788e-02 2.890528386825e+00
23 63 1 0.81537398 1.11905748 0.60234110 0.96698756 0.81909779 1.796919069764e-01 1.710178191193e+01 1.072776053007e+00 2.424504113055e-02 2.958955620798e+00
