# environment=00044 local_bs=3 gain_scale=8.967749633831e-13
# ue subcarrier serving_bs phi0 phi1 phi2 phi3 phi4 gain0 gain1 gain2 gain3 gain4
0 0 3 1.55954857 1.24452622 2.48791756 7.39458551 0.84895897 1.938227089221e+00 8.135429878923e-01 1.198874250784e+01 6.394453199043e+02 1.842171136014e-01
0 1 3 1.55954857 1.24452622 2.48791756 7.39458551 0.84895897 1.860622915707e+00 7.774423928557e-01 1.158050026732e+01 6.189274899625e+02 1.791265386647e-01
0 2 3 1.55954857 1.24452622 2.48791756 7.39458551 0.84895897 1.797978291441e+00 7.472406265590e-01 1.115644259896e+01 5.983400152767e+02 1.735944693310e-01
0 3 3 1.55954857 1.24452622 2.48791756 7.39458551 0.84895897 1.728477987357e+00 7.079138891667e-01 1.071306348979e+01 5.786996765527e+02 1.675521463602e-01
0 4 3 1.55954857 1.24452622 2.48791756 7.39458551 0.84895897 1.669596285406e+00 6.931590569575e-01 1.029744924601e+01 5.605936710407e+02 1.610233718880e-01
0 5 3 1.55954857 1.24452622 2.48791756 7.39458551 0.84895897 1.612214311351e+00 6.716630977632e-01 1.001808038106e+01 5.429925984080e+02 1.541195716144e-01
0 6 3 1.55954857 1.24452622 2.48791756 7.39458551 0.84895897 1.558628600776e+00 6.420358218558e-01 9.665708590295e+00 5.255709656919e+02 1.470228448142e-01
0 7 3 1.55954857 1.24452622 2.48791756 7.39458551 0.84895897 1.508968880281e+00 6.277327641846e-01 9.362076731458e+00 5.083694268981e+02 1.399598206504e-01
0 8 3 1.55954857 1.24452622 2.48791756 7.39458551 0.84895897 1.463321277267e+00 6.018738624784e-01 9.003839719304e+00 4.914121706315e+02 1.331703047544e-01
0 9 3 1.55954857 1.24452622 2.48791756 7.39458551 0.84895897 1.423277402708e+00 5.799523155164e-01 8.697076818687e+00 4.756120335827e+02 1.268752382332e-01
0 10 3 1.55954857 1.24452622 2.48791756 7.39458551 0.84895897 1.375411557637e+00 5.572263506719e-01 8.366642953482e+00 4.613069853144e+02 1.212483623708e-01
0 11 3 1.55954857 1.24452622 2.48791756 7.39458551 0.84895897 1.346472433375e+00 5.284868593334e-01 8.030328106567e+00 4.475892309380e+02 1.163952463913e-01
0 12 3 1.55954857 1.24452622 2.48791756 7.39458551 0.84895897 1.302780263077e+00 5.187504146122e-01 7.829828177748e+00 4.343262843179e+02 1.123421368930e-01
0 13 3 1.55954857 1.24452622 2.48791756 7.39458551 0.84895897 1.265486308846e+00 5.076305489922e-01 7.623233496852e+00 4.218974866810e+02 1.090356267084e-01
0 14 3 1.55954857 1.24452622 2.48791756 7.39458551 0.84895897 1.234638960454e+00 4.942424378816e-01 7.414692358360e+00 4.097258026392e+02 1.063526413943e-01
0 15 3 1.55954857 1.24452622 2.48791756 7.39458551 0.84895897 1.192636540958e+00 4.774536701199e-01 7.119692584507e+00 3.976779469786e+02 1.041189145057e-01
0 16 3 1.55954857 1.24452622 2.48791756 7.39458551 0.84895897 1.157959879747e+00 4.502051746239e-01 6.873583590954e+00 3.865899554219e+02 1.021331371884e-01
0 17 3 1.55954857 1.24452622 2.48791756 7.39458551 0.84895897 1.119699177347e+00 4.360622574471e-01 6.678340151776e+00 3.765959542288e+02 1.001934290018e-01
0 18 3 1.55954857 1.24452622 2.48791756 7.39458551 0.84895897 1.087690732059e+00 4.279544946534e-01 6.510493182790e+00 3.676065414595e+02 9.812271793430e-02
0 19 3 1.55954857 1.24452622 2.48791756 7.39458551 0.84895897 1.041233273625e+00 4.242758746922e-01 6.366609150912e+00 3.598277525465e+02 9.579000062591e-02
0 20 3 1.55954857 1.24452622 2.48791756 7.39458551 0.84895897 1.014995924553e+00 4.165548124638e-01 6.231548253384e+00 3.524063792206e+02 9.312518385724e-02
0 21 3 1.55954857 1.24452622 2.48791756 7.39458551 0.84895897 9.771516406826e-01 3.967532660074e-01 6.095361485843e+00 3.446456232140e+02 9.012615346287e-02
0 22 3 1.55954857 1.24452622 2.48791756 7.39458551 0.84895897 9.406446615502e-01 3.881429017632e-01 5.925950018587e+00 3.375167533690e+02 8.685773189663e-02
0 23 3 1.55954857 1.24452622 2.48791756 7.39458551 0.84895897 9.168220589377e-01 3.812655077993e-01 5.796467681893e+00 3.315892768924e+02 8.344313531875e-02
0 24 3 1.55954857 1.24452622 2.48791756 7.39458551 0.84895897 8.889049229492e-01 3.775467876672e-01 5.704938288240e+00 3.265165924419e+02 8.004931791914e-02
0 25 3 1.55954857 1.24452622 2.48791756 7.39458551 0.84895897 8.614144394245e-01 3.712343517350e-01 5.640185393073e+00 3.225041091071e+02 7.686812715430e-02
0 26 3 1.55954857 1.24452622 2.48791756 7.39458551 0.84895897 8.495445399992e-01 3.574076616253e-01 5.559077180665e+00 3.194361669459e+02 7.409546309551e-02
0 27 3 1.55954857 1.24452622 2.48791756 7.39458551 0.84895897 8.326852601582e-01 3.634818193661e-01 5.506910434307e+00 3.167197008063e+02 7.191065085999e-02
0 28 3 1.55954857 1.24452622 2.48791756 7.39458551 0.84895897 8.236527857620e-01 3.662061739590e-01 5.514664266357e+00 3.144535424727e+02 7.045803818888e-02
0 29 3 1.55954857 1.24452622 2.48791756 7.39458551 0.84895897 8.185850521428e-01 3.608143422776e-01 5.458804237977e+00 3.125901224151e+02 6.983247725188e-02
0 30 3 1.55954857 1.24452622 2.48791756 7.39458551 0.84895897 8.274406348048e-01 3.533465706905e-01 5.407119821965e+00 3.110542885302e+02 7.006990005095e-02
0 31 3 1.55954857 1.24452622 2.48791756 7.39458551 0.84895897 8.207154860419e-01 3.414966902227e-01 5.339661899284e+00 3.108056405140e+02 7.114370228416e-02
0 32 3 1.55954857 1.24452622 2.48791756 7.39458551 0.84895897 8.429579236680e-01 3.559670856487e-01 5.436448858748e+00 3.121566141270e+02 7.296714990289e-02
0 33 3 1.55954857 1.24452622 2.48791756 7.39458551 0.84895897 8.528232105979e-01 3.685093265911e-01 5.511366835863e+00 3.141337080102e+02 7.540154047662e-02
0 34 3 1.55954857 1.24452622 2.48791756 7.39458551 0.84895897 8.688066030621e-01 3.661571906452e-01 5.549233942158e+00 3.163738100068e+02 7.826940197673e-02
0 35 3 1.55954857 1.24452622 2.48791756 7.39458551 0.84895897 8.940641933997e-01 3.653728370396e-01 5.550646576244e+00 3.190008053343e+02 8.137160460942e-02
0 36 3 1.55954857 1.24452622 2.48791756 7.39458551 0.84895897 9.159279547027e-01 3.605111287094e-01 5.599425712380e+00 3.219369115329e+02 8.450690944873e-02
0 37 3 1.55954857 1.24452622 2.48791756 7.39458551 0.84895897 9.409389377796e-01 3.745382990718e-01 5.711975879572e+00 3.256537697002e+02 8.749220126417e-02
0 38 3 1.55954857 1.24452622 2.48791756 7.39458551 0.84895897 9.648462153039e-01 3.870784400334e-01 5.802604391377e+00 3.306163167705e+02 9.018148198283e-02
0 39 3 1.55954857 1.24452622 2.48791756 7.39458551 0.84895897 9.984196282560e-01 3.876328254861e-01 5.907460295533e+00 3.365584693897e+02 9.248167213846e-02
0 40 3 1.55954857 1.24452622 2.48791756 7.39458551 0.84895897 1.017493848940e+00 3.978224579994e-01 6.061750679910e+00 3.433149660955e+02 9.436341634158e-02
0 41 3 1.55954857 1.24452622 2.48791756 7.39458551 0.84895897 1.046614988451e+00 4.075460557339e-01 6.224046755460e+00 3.508434066413e+02 9.586544047259e-02
0 42 3 1.55954857 1.24452622 2.48791756 7.39458551 0.84895897 1.077349172291e+00 4.243409617760e-01 6.367440930678e+00 3.586536493569e+02 9.709156666759e-02
0 43 3 1.55954857 1.24452622 2.48791756 7.39458551 0.84895897 1.094971243147e+00 4.340508883198e-01 6.497063944117e+00 3.664888523910e+02 9.820023058193e-02
0 44 3 1.55954857 1.24452622 2.48791756 7.39458551 0.84895897 1.124928651407e+00 4.352224694030e-01 6.661166499935e+00 3.749023966567e+02 9.938720256085e-02
0 45 3 1.55954857 1.24452622 2.48791756 7.39458551 0.84895897 1.150766592714e+00 4.494333502409e-01 6.864501080877e+00 3.845952195018e+02 1.008630963612e-01
0 46 3 1.55954857 1.24452622 2.48791756 7.39458551 0.84895897 1.172874554816e+00 4.678192205223e-01 7.092890654453e+00 3.956683851113e+02 1.028280388498e-01
0 47 3 1.55954857 1.24452622 2.48791756 7.39458551 0.84895897 1.201575153995e+00 4.940187744846e-01 7.347028460859e+00 4.076581775047e+02 1.054464470482e-01
0 48 3 1.55954857 1.24452622 2.48791756 7.39458551 0.84895897 1.228527233492e+00 5.110976934995e-01 7.630031009001e+00 4.199283067107e+02 1.088251029640e-01
0 49 3 1.55954857 1.24452622 2.48791756 7.39458551 0.84895897 1.263163684133e+00 5.177070801003e-01 7.835582419564e+00 4.322269887375e+02 1.129975535367e-01
0 50 3 1.55954857 1.24452622 2.48791756 7.39458551 0.84895897 1.286620413372e+00 5.325062950561e-01 8.032772972961e+00 4.450655485845e+02 1.179172664247e-01
0 51 3 1.55954857 1.24452622 2.48791756 7.39458551 0.84895897 1.337787676003e+00 5.469530016752e-01 8.295950011026e+00 4.588492947845e+02 1.234609797699e-01
0 52 3 1.55954857 1.24452622 2.48791756 7.39458551 0.84895897 1.366946456438e+00 5.768351379319e-01 8.639753157617e+00 4.732665743016e+02 1.294423989159e-01
0 53 3 1.55954857 1.24452622 2.48791756 7.39458551 0.84895897 1.418693285707e+00 6.059133600126e-01 9.023108432967e+00 4.885295730277e+02 1.356349758179e-01
0 54 3 1.55954857 1.24452622 2.48791756 7.39458551 0.84895897 1.469569994314e+00 6.216806021641e-01 9.312498063438e+00 5.052394624286e+02 1.418011555062e-01
0 55 3 1.55954857 1.24452622 2.48791756 7.39458551 0.84895897 1.521251601927e+00 6.471828011962e-01 9.642850551067e+00 5.227278061927e+02 1.477243957734e-01
0 56 3 1.55954857 1.24452622 2.48791756 7.39458551 0.84895897 1.585120288484e+00 6.639039791516e-01 9.981961170471e+00 5.400845216171e+02 1.532396455597e-01
0 57 3 1.55954857 1.24452622 2.48791756 7.39458551 0.84895897 1.643859944407e+00 6.882642041787e-01 1.029625361149e+01 5.575717217460e+02 1.582579338102e-01
0 58 3 1.55954857 1.24452622 2.48791756 7.39458551 0.84895897 1.717075772020e+00 7.193317573701e-01 1.067825776033e+01 5.756207219519e+02 1.627813230872e-01
0 59 3 1.55954857 1.24452622 2.48791756 7.39458551 0.84895897 1.781526542837e+00 7.348920461115e-01 1.105801950204e+01 5.946186099478e+02 1.669056752694e-01
0 60 3 1.55954857 1.24452622 2.48791756 7.39458551 0.84895897 1.856871131952e+00 7.745730107753e-01 1.158684788346e+01 6.149989171946e+02 1.708103195404e-01
0 61 3 1.55954857 1.24452622 2.48791756 7.39458551 0.84895897 1.932447875895e+00 8.115329646659e-01 1.195909980474e+01 6.362384905083e+02 1.747355850184e-01
0 62 3 1.55954857 1.24452622 2.48791756 7.39458551 0.84895897 2.003811860007e+00 8.353464621316e-01 1.239874670939e+01 6.576785127705e+02 1.789509908302e-01
0 63 3 1.55954857 1.24452622 2.48791756 7.39458551 0.84895897 2.085907946161e+00 8.667653099426e-01 1.280044207169e+01 6.796828731770e+02 1.837183932951e-01
6 0 3 1.09454669 0.75522011 1.08794393 2.53812138 0.66460017 2.106946767255e-03 9.134249212137e-02 4.712707253929e-01 1.288566192321e+01 6.463439306902e-04
6 1 3 1.09454669 0.75522011 1.08794393 2.53812138 0.66460017 1.836900622861e-03 1.304824389185e-01 4.506560668095e-01 1.240815689408e+01 6.227348467262e-04
6 2 3 1.09454669 0.75522011 1.08794393 2.53812138 0.66460017 1.904033080855e-03 1.372173118146e-01 4.297721512337e-01 1.195335361094e+01 5.998905754974e-04
6 3 3 1.09454669 0.75522011 1.08794393 2.53812138 0.66460017 1.796066840258e-03 9.581607424720e-02 4.120289496990e-01 1.153851557644e+01 5.778111613789e-04
6 4 3 1.09454669 0.75522011 1.08794393 2.53812138 0.66460017 1.688297147207e-03 6.127391966150e-02 3.910421702385e-01 1.115623745080e+01 5.564966472599e-04
6 5 3 1.09454669 0.75522011 1.08794393 2.53812138 0.66460017 1.705271625569e-03 7.437538162052e-02 3.754973865983e-01 1.079517740304e+01 5.359470745436e-04
6 6 3 1.09454669 0.75522011 1.08794393 2.53812138 0.66460017 1.549782420327e-03 1.072953695451e-01 3.568262607969e-01 1.045696112776e+01 5.161624831476e-04
6 7 3 1.09454669 0.75522011 1.08794393 2.53812138 0.66460017 1.597462631445e-03 1.098284701024e-01 3.461846761218e-01 1.013945985250e+01 4.971429115032e-04
6 8 3 1.09454669 0.75522011 1.08794393 2.53812138 0.66460017 1.429151404183e-03 7.567991620151e-02 3.329602570452e-01 9.820149502431e+00 4.788883965559e-04
6 9 3 1.09454669 0.75522011 1.08794393 2.53812138 0.66460017 1.484205552874e-03 5.054964448845e-02 3.262786181629e-01 9.474994331046e+00 4.613989737653e-04
6 10 3 1.09454669 0.75522011 1.08794393 2.53812138 0.66460017 1.319669310513e-03 6.669203581935e-02 3.179252400131e-01 9.107241770069e+00 4.446746771038e-04
6 11 3 1.09454669 0.75522011 1.08794393 2.53812138 0.66460017 1.398635909178e-03 9.631691838267e-02 3.128056488496e-01 8.744666410591e+00 4.287155390590e-04
6 12 3 1.09454669 0.75522011 1.08794393 2.53812138 0.66460017 1.223161453149e-03 9.660305033437e-02 3.084096616842e-01 8.414061647489e+00 4.135215906309e-04
6 13 3 1.09454669 0.75522011 1.08794393 2.53812138 0.66460017 1.268916122008e-03 6.789398071159e-02 3.033809380446e-01 8.126638216598e+00 3.990928613339e-04
6 14 3 1.09454669 0.75522011 1.08794393 2.53812138 0.66460017 1.202626506271e-03 4.882330491435e-02 2.999103915104e-01 7.880099517644e+00 3.854293791957e-04
6 15 3 1.09454669 0.75522011 1.08794393 2.53812138 0.66460017 1.133177541726e-03 6.379422908446e-02 2.923388668180e-01 7.663806634922e+00 3.725311707576e-04
6 16 3 1.09454669 0.75522011 1.08794393 2.53812138 0.66460017 1.146961860396e-03 8.800135435925e-02 2.856097766669e-01 7.463605825522e+00 3.603982610742e-04
6 17 3 1.09454669 0.75522011 1.08794393 2.53812138 0.66460017 1.054733019972e-03 8.512719801404e-02 2.756610259861e-01 7.268088991512e+00 3.490306737137e-04
6 18 3 1.09454669 0.75522011 1.08794393 2.53812138 0.66460017 1.096054208568e-03 5.938304807351e-02 2.662367304027e-01 7.071185744100e+00 3.384284307575e-04
6 19 3 1.09454669 0.75522011 1.08794393 2.53812138 0.66460017 9.780238163254e-04 4.314680654829e-02 2.576094309819e-01 6.872003154348e+00 3.285915528004e-04
6 20 3 1.09454669 0.75522011 1.08794393 2.53812138 0.66460017 1.035113969167e-03 5.343783793357e-02 2.480423473665e-01 6.679868508034e+00 3.195200589506e-04
6 21 3 1.09454669 0.75522011 1.08794393 2.53812138 0.66460017 9.513146536402e-04 7.240361103640e-02 2.415298765980e-01 6.516339005717e+00 3.112139668293e-04
6 22 3 1.09454669 0.75522011 1.08794393 2.53812138 0.66460017 9.628481642171e-04 7.078680492724e-02 2.321253733031e-01 6.398331500868e+00 3.036732925711e-04
6 23 3 1.09454669 0.75522011 1.08794393 2.53812138 0.66460017 9.207376481594e-04 4.941677369016e-02 2.260260315296e-01 6.317055737766e+00 2.968980508237e-04
6 24 3 1.09454669 0.75522011 1.08794393 2.53812138 0.66460017 9.178874213064e-04 3.601113873420e-02 2.178124691535e-01 6.244793742770e+00 2.908882547479e-04
6 25 3 1.09454669 0.75522011 1.08794393 2.53812138 0.66460017 9.009416560234e-04 4.498279093551e-02 2.119509324406e-01 6.163882443670e+00 2.856439160179e-04
6 26 3 1.09454669 0.75522011 1.08794393 2.53812138 0.66460017 8.782567498081e-04 6.134781504624e-02 2.066400427094e-01 6.076507447955e+00 2.811650448206e-04
6 27 3 1.09454669 0.75522011 1.08794393 2.53812138 0.66460017 8.845763944677e-04 6.091697193040e-02 2.011667817833e-01 5.986235393961e+00 2.774516498562e-04
6 28 3 1.09454669 0.75522011 1.08794393 2.53812138 0.66460017 8.549411217940e-04 4.267965722889e-02 1.989334764124e-01 5.890921646146e+00 2.745037383381e-04
6 29 3 1.09454669 0.75522011 1.08794393 2.53812138 0.66460017 8.879364431286e-04 3.144159098819e-02 1.947458667304e-01 5.802136121828e+00 2.723213159925e-04
6 30 3 1.09454669 0.75522011 1.08794393 2.53812138 0.66460017 8.357178052240e-04 4.167882068591e-02 1.962859220448e-01 5.751918505123e+00 2.709043870587e-04
6 31 3 1.09454669 0.75522011 1.08794393 2.53812138 0.66460017 8.750069088389e-04 5.898121285522e-02 1.960915308865e-01 5.764688885438e+00 2.702529542892e-04
6 32 3 1.09454669 0.75522011 1.08794393 2.53812138 0.66460017 8.775983124437e-04 6.076751180558e-02 2.016975164385e-01 5.831404232420e+00 2.703670189493e-04
6 33 3 1.09454669 0.75522011 1.08794393 2.53812138 0.66460017 8.423590119567e-04 4.457898236873e-02 2.058849896314e-01 5.921727149317e+00 2.712465808175e-04
6 34 3 1.09454669 0.75522011 1.08794393 2.53812138 0.66460017 8.978792932348e-04 3.427078816808e-02 2.125679185315e-01 6.013523207833e+00 2.728916381852e-04
6 35 3 1.09454669 0.75522011 1.08794393 2.53812138 0.66460017 8.708087788243e-04 4.785567086414e-02 2.185877382013e-01 6.099068149923e+00 2.753021878568e-04
6 36 3 1.09454669 0.75522011 1.08794393 2.53812138 0.66460017 9.037671892467e-04 6.897990172156e-02 2.238942252821e-01 6.172516723453e+00 2.784782251501e-04
6 37 3 1.09454669 0.75522011 1.08794393 2.53812138 0.66460017 9.017956576137e-04 7.040369071702e-02 2.304612332172e-01 6.231109944761e+00 2.824197438954e-04
6 38 3 1.09454669 0.75522011 1.08794393 2.53812138 0.66460017 9.291697769029e-04 5.140673086961e-02 2.352354515119e-01 6.287070007200e+00 2.871267364364e-04
6 39 3 1.09454669 0.75522011 1.08794393 2.53812138 0.66460017 9.500339066408e-04 3.929871917535e-02 2.416105225024e-01 6.364016980766e+00 2.925991936298e-04
6 40 3 1.09454669 0.75522011 1.08794393 2.53812138 0.66460017 9.575844961741e-04 5.451802761994e-02 2.467400053796e-01 6.480355224463e+00 2.988371048454e-04
6 41 3 1.09454669 0.75522011 1.08794393 2.53812138 0.66460017 1.003962449773e-03 7.886204812220e-02 2.514228063408e-01 6.640574514207e+00 3.058404579661e-04
6 42 3 1.09454669 0.75522011 1.08794393 2.53812138 0.66460017 9.954202383885e-04 7.932487519247e-02 2.576142776091e-01 6.835991943128e+00 3.136092393878e-04
6 43 3 1.09454669 0.75522011 1.08794393 2.53812138 0.66460017 1.087028905053e-03 5.651737701402e-02 2.609877134221e-01 7.046865455431e+00 3.221434340199e-04
6 44 3 1.09454669 0.75522011 1.08794393 2.53812138 0.66460017 1.029399492730e-03 4.321834495487e-02 2.690162083358e-01 7.251704951260e+00 3.314430252846e-04
6 45 3 1.09454669 0.75522011 1.08794393 2.53812138 0.66460017 1.156309280312e-03 6.085080857339e-02 2.717518245647e-01 7.445885677858e+00 3.415079951175e-04
6 46 3 1.09454669 0.75522011 1.08794393 2.53812138 0.66460017 1.115359555470e-03 8.826841912318e-02 2.794548805500e-01 7.647276205072e+00 3.523383239676e-04
6 47 3 1.09454669 0.75522011 1.08794393 2.53812138 0.66460017 1.215997547443e-03 8.664127749254e-02 2.810226036286e-01 7.875834582498e+00 3.639339907969e-04
6 48 3 1.09454669 0.75522011 1.08794393 2.53812138 0.66460017 1.202489263949e-03 5.832389497614e-02 2.867172568021e-01 8.135512057221e+00 3.762949730809e-04
6 49 3 1.09454669 0.75522011 1.08794393 2.53812138 0.66460017 1.277821566224e-03 4.535246531776e-02 2.899543423677e-01 8.423745093644e+00 3.894212468085e-04
6 50 3 1.09454669 0.75522011 1.08794393 2.53812138 0.66460017 1.351653701647e-03 6.770850777461e-02 2.970172465410e-01 8.744742687466e+00 4.033127864819e-04
6 51 3 1.09454669 0.75522011 1.08794393 2.53812138 0.66460017 1.303237665964e-03 9.714236486335e-02 3.063746128457e-01 9.096450714694e+00 4.179695651170e-04
6 52 3 1.09454669 0.75522011 1.08794393 2.53812138 0.66460017 1.490334463780e-03 9.435814884422e-02 3.178297289264e-01 9.453271227458e+00 4.333915542430e-04
6 53 3 1.09454669 0.75522011 1.08794393 2.53812138 0.66460017 1.409849401031e-03 6.462029289308e-02 3.331592311749e-01 9.782978064361e+00 4.495787239027e-04
6 54 3 1.09454669 0.75522011 1.08794393 2.53812138 0.66460017 1.584339539136e-03 5.575072043201e-02 3.490035240349e-01 1.008159235454e+01 4.665310426529e-04
6 55 3 1.09454669 0.75522011 1.08794393 2.53812138 0.66460017 1.526443806384e-03 8.773666089588e-02 3.681685943821e-01 1.037749268413e+01 4.842484775632e-04
6 56 3 1.09454669 0.75522011 1.08794393 2.53812138 0.66460017 1.707745519767e-03 1.230879102685e-01 3.886288320662e-01 1.070229601864e+01 5.027309942182e-04
6 57 3 1.09454669 0.75522011 1.08794393 2.53812138 0.66460017 1.655386811276e-03 1.190309774986e-01 4.094533899828e-01 1.106929199382e+01 5.219785567155e-04
6 58 3 1.09454669 0.75522011 1.08794393 2.53812138 0.66460017 1.823556794786e-03 8.465254984515e-02 4.322997618511e-01 1.147697056535e+01 5.419911276668e-04
6 59 3 1.09454669 0.75522011 1.08794393 2.53812138 0.66460017 1.804300681355e-03 7.506391579934e-02 4.510124259481e-01 1.191950479080e+01 5.627686681978e-04
6 60 3 1.09454669 0.75522011 1.08794393 2.53812138 0.66460017 1.917570768598e-03 1.146500924540e-01 4.728194892019e-01 1.238991617220e+01 5.843111379482e-04
6 61 3 1.09454669 0.75522011 1.08794393 2.53812138 0.66460017 2.036818454412e-03 1.560447979368e-01 4.900065095148e-01 1.287925918680e+01 6.066184950719e-04
6 62 3 1.09454669 0.75522011 1.08794393 2.53812138 0.66460017 1.960949627235e-03 1.491257978041e-01 5.120452146206e-01 1.337652139185e+01 6.296906962369e-04
6 63 3 1.09454669 0.75522011 1.08794393 2.53812138 0.66460017 2.248630997542e-03 1.087982495710e-01 5.316614294047e-01 1.387334062827e+01 6.535276966254e-04
8 0 3 1.74484165 1.01561005 1.74285567 8.42868936 0.86508548 2.735894452250e+00 4.374234294196e-01 3.053027288153e+00 9.818864647187e+02 1.740177182719e-01
8 1 3 1.74484165 1.01561005 1.74285567 8.42868936 0.86508548 2.647287310009e+00 4.407310419301e-01 2.920637763417e+00 9.525675039678e+02 1.680991946209e-01
8 2 3 1.74484165 1.01561005 1.74285567 8.42868936 0.86508548 2.547260395885e+00 3.304826871337e-01 2.789763265185e+00 9.236085740958e+02 1.624900769417e-01
8 3 3 1.74484165 1.01561005 1.74285567 8.42868936 0.86508548 2.459158184746e+00 2.372045740571e-01 2.664820278108e+00 8.940331185220e+02 1.571692540371e-01
8 4 3 1.74484165 1.01561005 1.74285567 8.42868936 0.86508548 2.379628136270e+00 2.558044885303e-01 2.574070717793e+00 8.641397157524e+02 1.521104833025e-01
8 5 3 1.74484165 1.01561005 1.74285567 8.42868936 0.86508548 2.284420459692e+00 3.375821128733e-01 2.459515678304e+00 8.351752493894e+02 1.472841563175e-01
8 6 3 1.74484165 1.01561005 1.74285567 8.42868936 0.86508548 2.215197824714e+00 3.616514292367e-01 2.361225052756e+00 8.076142571272e+02 1.426592046679e-01
8 7 3 1.74484165 1.01561005 1.74285567 8.42868936 0.86508548 2.131930455848e+00 2.845968416821e-01 2.269805371232e+00 7.812739329518e+02 1.382050133160e-01
8 8 3 1.74484165 1.01561005 1.74285567 8.42868936 0.86508548 2.061537224714e+00 2.000717423278e-01 2.197753166723e+00 7.564148725346e+02 1.338932177943e-01
8 9 3 1.74484165 1.01561005 1.74285567 8.42868936 0.86508548 1.985833516471e+00 2.098643075306e-01 2.127836488978e+00 7.333337311919e+02 1.296992782364e-01
8 10 3 1.74484165 1.01561005 1.74285567 8.42868936 0.86508548 1.928790978564e+00 2.839540516418e-01 2.070167421054e+00 7.116609537359e+02 1.256037460148e-01
8 11 3 1.74484165 1.01561005 1.74285567 8.42868936 0.86508548 1.849618943524e+00 3.148626573215e-01 2.027154415463e+00 6.909763803793e+02 1.215931654718e-01
8 12 3 1.74484165 1.01561005 1.74285567 8.42868936 0.86508548 1.803487900495e+00 2.583773669009e-01 1.974639395826e+00 6.715357537160e+02 1.176605816842e-01
8 13 3 1.74484165 1.01561005 1.74285567 8.42868936 0.86508548 1.736083410844e+00 1.809626094967e-01 1.908026953663e+00 6.534003207095e+02 1.138056532375e-01
8 14 3 1.74484165 1.01561005 1.74285567 8.42868936 0.86508548 1.683899059952e+00 1.759421430854e-01 1.854325672777e+00 6.355935492333e+02 1.100343946026e-01
8 15 3 1.74484165 1.01561005 1.74285567 8.42868936 0.86508548 1.633730675847e+00 2.371030479115e-01 1.791630331402e+00 6.175351381225e+02 1.063585942670e-01
8 16 3 1.74484165 1.01561005 1.74285567 8.42868936 0.86508548 1.586212539049e+00 2.698319588702e-01 1.742197092844e+00 6.000058772898e+02 1.027949710499e-01
8 17 3 1.74484165 1.01561005 1.74285567 8.42868936 0.86508548 1.535924985074e+00 2.278413617984e-01 1.686781577382e+00 5.836548420777e+02 9.936414129595e-02
8 18 3 1.74484165 1.01561005 1.74285567 8.42868936 0.86508548 1.500968686467e+00 1.624448794924e-01 1.656202093907e+00 5.685415353596e+02 9.608947370715e-02
8 19 3 1.74484165 1.01561005 1.74285567 8.42868936 0.86508548 1.460067046605e+00 1.476581234139e-01 1.616872068114e+00 5.551138140221e+02 9.299590672121e-02
8 20 3 1.74484165 1.01561005 1.74285567 8.42868936 0.86508548 1.419578232021e+00 1.937728807822e-01 1.569812945305e+00 5.437002467863e+02 9.010879633367e-02
8 21 3 1.74484165 1.01561005 1.74285567 8.42868936 0.86508548 1.397356971048e+00 2.324105421825e-01 1.533844044195e+00 5.338186182752e+02 8.745285117787e-02
8 22 3 1.74484165 1.01561005 1.74285567 8.42868936 0.86508548 1.360511593709e+00 2.067365449581e-01 1.488614992302e+00 5.248515941209e+02 8.505119786720e-02
8 23 3 1.74484165 1.01561005 1.74285567 8.42868936 0.86508548 1.336562245612e+00 1.485478551382e-01 1.455906490917e+00 5.166294854423e+02 8.292460451729e-02
8 24 3 1.74484165 1.01561005 1.74285567 8.42868936 0.86508548 1.318587436411e+00 1.270439134448e-01 1.414044541596e+00 5.093495657191e+02 8.109087544072e-02
8 25 3 1.74484165 1.01561005 1.74285567 8.42868936 0.86508548 1.293782659357e+00 1.620728484129e-01 1.394125106737e+00 5.030041663134e+02 7.956441653875e-02
8 26 3 1.74484165 1.01561005 1.74285567 8.42868936 0.86508548 1.280702230328e+00 2.037706224195e-01 1.372475404292e+00 4.971676022192e+02 7.835595995995e-02
8 27 3 1.74484165 1.01561005 1.74285567 8.42868936 0.86508548 1.269964937960e+00 1.910468014402e-01 1.341455001384e+00 4.919196226927e+02 7.747242888225e-02
8 28 3 1.74484165 1.01561005 1.74285567 8.42868936 0.86508548 1.257447303818e+00 1.381423474093e-01 1.330231065104e+00 4.877873640237e+02 7.691691916236e-02
8 29 3 1.74484165 1.01561005 1.74285567 8.42868936 0.86508548 1.251526759146e+00 1.154633401726e-01 1.306952209587e+00 4.846842550517e+02 7.668877405573e-02
8 30 3 1.74484165 1.01561005 1.74285567 8.42868936 0.86508548 1.255847614699e+00 1.463071383927e-01 1.311796212799e+00 4.827006287751e+02 7.678373084932e-02
8 31 3 1.74484165 1.01561005 1.74285567 8.42868936 0.86508548 1.243828108022e+00 1.891993782738e-01 1.300893896916e+00 4.827042198172e+02 7.719412336176e-02
8 32 3 1.74484165 1.01561005 1.74285567 8.42868936 0.86508548 1.261052278566e+00 1.940438127715e-01 1.329404680221e+00 4.847586812608e+02 7.790913091451e-02
8 33 3 1.74484165 1.01561005 1.74285567 8.42868936 0.86508548 1.260605237402e+00 1.517173072571e-01 1.348652891570e+00 4.879730919184e+02 7.891507149171e-02
8 34 3 1.74484165 1.01561005 1.74285567 8.42868936 0.86508548 1.272374743437e+00 1.187110149393e-01 1.372512151789e+00 4.919547607270e+02 8.019574329267e-02
8 35 3 1.74484165 1.01561005 1.74285567 8.42868936 0.86508548 1.287668295924e+00 1.491328623125e-01 1.399646043225e+00 4.966826115931e+02 8.173282373423e-02
8 36 3 1.74484165 1.01561005 1.74285567 8.42868936 0.86508548 1.307290879440e+00 2.064522432666e-01 1.420230786745e+00 5.019853114893e+02 8.350633736587e-02
8 37 3 1.74484165 1.01561005 1.74285567 8.42868936 0.86508548 1.320657270205e+00 2.174125825869e-01 1.451168630105e+00 5.078378983463e+02 8.549520358046e-02
8 38 3 1.74484165 1.01561005 1.74285567 8.42868936 0.86508548 1.352814456394e+00 1.740839132553e-01 1.464016155977e+00 5.144265926518e+02 8.767787123363e-02
8 39 3 1.74484165 1.01561005 1.74285567 8.42868936 0.86508548 1.377751247007e+00 1.351543877864e-01 1.503477783321e+00 5.221838998053e+02 9.003304048533e-02
8 40 3 1.74484165 1.01561005 1.74285567 8.42868936 0.86508548 1.403120012263e+00 1.568753039799e-01 1.536560088014e+00 5.313961133327e+02 9.254046286746e-02
8 41 3 1.74484165 1.01561005 1.74285567 8.42868936 0.86508548 1.447289641987e+00 2.203171875247e-01 1.566872315024e+00 5.417146284380e+02 9.518179960182e-02
8 42 3 1.74484165 1.01561005 1.74285567 8.42868936 0.86508548 1.476473145289e+00 2.454797187589e-01 1.603196894086e+00 5.531715500440e+02 9.794150663423e-02
8 43 3 1.74484165 1.01561005 1.74285567 8.42868936 0.86508548 1.520639430311e+00 2.023946196978e-01 1.631623163082e+00 5.665411809016e+02 1.008077039633e-01
8 44 3 1.74484165 1.01561005 1.74285567 8.42868936 0.86508548 1.565920921349e+00 1.528323307196e-01 1.676483907798e+00 5.817847830516e+02 1.037729779176e-01
8 45 3 1.74484165 1.01561005 1.74285567 8.42868936 0.86508548 1.613255545451e+00 1.681751656458e-01 1.700331277086e+00 5.980332972602e+02 1.068350592916e-01
8 46 3 1.74484165 1.01561005 1.74285567 8.42868936 0.86508548 1.660516402813e+00 2.411287673596e-01 1.760674732155e+00 6.149119412785e+02 1.099973187044e-01
8 47 3 1.74484165 1.01561005 1.74285567 8.42868936 0.86508548 1.723763949240e+00 2.842618976183e-01 1.814304537859e+00 6.322810980363e+02 1.132690239163e-01
8 48 3 1.74484165 1.01561005 1.74285567 8.42868936 0.86508548 1.773048354898e+00 2.418166357713e-01 1.875826258677e+00 6.497920954377e+02 1.166653124481e-01
8 49 3 1.74484165 1.01561005 1.74285567 8.42868936 0.86508548 1.837351170426e+00 1.780586887117e-01 1.931012023002e+00 6.675023902521e+02 1.202068465692e-01
8 50 3 1.74484165 1.01561005 1.74285567 8.42868936 0.86508548 1.908881426981e+00 1.883834450280e-01 1.993865756473e+00 6.861461679737e+02 1.239191359756e-01
8 51 3 1.74484165 1.01561005 1.74285567 8.42868936 0.86508548 1.964294672360e+00 2.691807065798e-01 2.054200637315e+00 7.066017529233e+02 1.278315352019e-01
8 52 3 1.74484165 1.01561005 1.74285567 8.42868936 0.86508548 2.048702299608e+00 3.270813595285e-01 2.112155371074e+00 7.289665233408e+02 1.319759465930e-01
8 53 3 1.74484165 1.01561005 1.74285567 8.42868936 0.86508548 2.117734593489e+00 2.925039891064e-01 2.188405665261e+00 7.526099742606e+02 1.363852837362e-01
8 54 3 1.74484165 1.01561005 1.74285567 8.42868936 0.86508548 2.197162184071e+00 2.165081983262e-01 2.292575989264e+00 7.774828524198e+02 1.410917727310e-01
8 55 3 1.74484165 1.01561005 1.74285567 8.42868936 0.86508548 2.279551845447e+00 2.169585167647e-01 2.387787336403e+00 8.039746189702e+02 1.461251875933e-01
8 56 3 1.74484165 1.01561005 1.74285567 8.42868936 0.86508548 2.369643727176e+00 3.133323815805e-01 2.505104843448e+00 8.316092855038e+02 1.515111296323e-01
8 57 3 1.74484165 1.01561005 1.74285567 8.42868936 0.86508548 2.450436935330e+00 3.972100157410e-01 2.615978387306e+00 8.596823116539e+02 1.572694672698e-01
8 58 3 1.74484165 1.01561005 1.74285567 8.42868936 0.86508548 2.552016199918e+00 3.757470128008e-01 2.739823316390e+00 8.883309937573e+02 1.634130513677e-01
8 59 3 1.74484165 1.01561005 1.74285567 8.42868936 0.86508548 2.644819700101e+00 2.875999269810e-01 2.838473155157e+00 9.175628361302e+02 1.699468111237e-01
8 60 3 1.74484165 1.01561005 1.74285567 8.42868936 0.86508548 2.740574562029e+00 2.674179310860e-01 2.954369188059e+00 9.465536608757e+02 1.768673170307e-01
8 61 3 1.74484165 1.01561005 1.74285567 8.42868936 0.86508548 2.855350923282e+00 3.754779002107e-01 3.084507869687e+00 9.752455616263e+02 1.841628709904e-01
8 62 3 1.74484165 1.01561005 1.74285567 8.42868936 0.86508548 2.947517761368e+00 4.950300151680e-01 3.195251322231e+00 1.005399513754e+03 1.918141507896e-01
8 63 3 1.74484165 1.01561005 1.74285567 8.42868936 0.86508548 3.072599800052e+00 4.812345169049e-01 3.304632332314e+00 1.038354057210e+03 1.997953987422e-01
12 0 3 1.69373474 0.88164456 1.37900578 3.64718086 0.84669196 2.300209832184e-03 2.372563571615e-01 1.130593764071e+00 5.081263980124e+01 2.261139627693e-04
12 1 3 1.69373474 0.88164456 1.37900578 3.64718086 0.84669196 2.430688481679e-03 1.900582812808e-01 1.085433077464e+00 4.913419952578e+01 2.178484209222e-04
12 2 3 1.69373474 0.88164456 1.37900578 3.64718086 0.84669196 2.150612110818e-03 1.333446081257e-01 1.045911186118e+00 4.746489029216e+01 2.098517411981e-04
12 3 3 1.69373474 0.88164456 1.37900578 3.64718086 0.84669196 2.173355214812e-03 1.272659010974e-01 1.005282170289e+00 4.585343776427e+01 2.021239479629e-04
12 4 3 1.69373474 0.88164456 1.37900578 3.64718086 0.84669196 2.068804380026e-03 1.679585094318e-01 9.602620535362e-01 4.431525070984e+01 1.946650647633e-04
12 5 3 1.69373474 0.88164456 1.37900578 3.64718086 0.84669196 1.965463030245e-03 1.941966839300e-01 9.188368440608e-01 4.277435227528e+01 1.874751143264e-04
12 6 3 1.69373474 0.88164456 1.37900578 3.64718086 0.84669196 1.969163597127e-03 1.681301686077e-01 8.822803585231e-01 4.116552555763e+01 1.805541185603e-04
12 7 3 1.69373474 0.88164456 1.37900578 3.64718086 0.84669196 1.779635816084e-03 1.180830306918e-01 8.515560276655e-01 3.954102791000e+01 1.739020985532e-04
12 8 3 1.69373474 0.88164456 1.37900578 3.64718086 0.84669196 1.831729628999e-03 9.900484122375e-02 8.191341220289e-01 3.800895669923e+01 1.675190745739e-04
12 9 3 1.69373474 0.88164456 1.37900578 3.64718086 0.84669196 1.688414769769e-03 1.259874981196e-01 7.854515196516e-01 3.661790671841e+01 1.614050660715e-04
12 10 3 1.69373474 0.88164456 1.37900578 3.64718086 0.84669196 1.658639331267e-03 1.564875668475e-01 7.517394673132e-01 3.533659490824e+01 1.555600916755e-04
12 11 3 1.69373474 0.88164456 1.37900578 3.64718086 0.84669196 1.613821242016e-03 1.476135101661e-01 7.247759285255e-01 3.411236590081e+01 1.499841691956e-04
12 12 3 1.69373474 0.88164456 1.37900578 3.64718086 0.84669196 1.478119957359e-03 1.075858544070e-01 7.007761007423e-01 3.293764693685e+01 1.446773156216e-04
12 13 3 1.69373474 0.88164456 1.37900578 3.64718086 0.84669196 1.583355576560e-03 8.136021761125e-02 6.778394992019e-01 3.186156678893e+01 1.396395471236e-04
12 14 3 1.69373474 0.88164456 1.37900578 3.64718086 0.84669196 1.336964713989e-03 9.559090015316e-02 6.528927778881e-01 3.092865682208e+01 1.348708790518e-04
12 15 3 1.69373474 0.88164456 1.37900578 3.64718086 0.84669196 1.462788213055e-03 1.256077255481e-01 6.277420988126e-01 3.012464866613e+01 1.303713259362e-04
12 16 3 1.69373474 0.88164456 1.37900578 3.64718086 0.84669196 1.289017062896e-03 1.296647313381e-01 6.090558035908e-01 2.939564282328e+01 1.261409014871e-04
12 17 3 1.69373474 0.88164456 1.37900578 3.64718086 0.84669196 1.347720890633e-03 1.007330081451e-01 5.915324808021e-01 2.869370541997e+01 1.221796185946e-04
12 18 3 1.69373474 0.88164456 1.37900578 3.64718086 0.84669196 1.238358271306e-03 7.180397859985e-02 5.778291579784e-01 2.800119607998e+01 1.184874893288e-04
12 19 3 1.69373474 0.88164456 1.37900578 3.64718086 0.84669196 1.220061066752e-03 7.527680856817e-02 5.598612107712e-01 2.734008223336e+01 1.150645249397e-04
12 20 3 1.69373474 0.88164456 1.37900578 3.64718086 0.84669196 1.231090593497e-03 1.021190877502e-01 5.439526127824e-01 2.674498260050e+01 1.119107358570e-04
12 21 3 1.69373474 0.88164456 1.37900578 3.64718086 0.84669196 1.127767529015e-03 1.154815948042e-01 5.316304128921e-01 2.620806345729e+01 1.090261316903e-04
12 22 3 1.69373474 0.88164456 1.37900578 3.64718086 0.84669196 1.168055325048e-03 9.743583007440e-02 5.215357783432e-01 2.568239443298e+01 1.064107212292e-04
12 23 3 1.69373474 0.88164456 1.37900578 3.64718086 0.84669196 1.097423898501e-03 6.873608076635e-02 5.155589568917e-01 2.514675144970e+01 1.040645124427e-04
12 24 3 1.69373474 0.88164456 1.37900578 3.64718086 0.84669196 1.096776939441e-03 6.348438392400e-02 5.044792606434e-01 2.462771058620e+01 1.019875124798e-04
12 25 3 1.69373474 0.88164456 1.37900578 3.64718086 0.84669196 1.101403522334e-03 8.586414102136e-02 4.973989103571e-01 2.416707072054e+01 1.001797276691e-04
12 26 3 1.69373474 0.88164456 1.37900578 3.64718086 0.84669196 1.016871168196e-03 1.059798392204e-01 4.904993743588e-01 2.380008794057e+01 9.864116351903e-05
12 27 3 1.69373474 0.88164456 1.37900578 3.64718086 0.84669196 1.100619749089e-03 9.828644950942e-02 4.887288092151e-01 2.353547895897e+01 9.737182471751e-05
12 28 3 1.69373474 0.88164456 1.37900578 3.64718086 0.84669196 9.946727432995e-04 7.160113512528e-02 4.889884896832e-01 2.333829115883e+01 9.637171513227e-05
12 29 3 1.69373474 0.88164456 1.37900578 3.64718086 0.84669196 1.082863339804e-03 5.907051443912e-02 4.857894634400e-01 2.317829934044e+01 9.564083781065e-05
12 30 3 1.69373474 0.88164456 1.37900578 3.64718086 0.84669196 9.893617599696e-04 7.627045969786e-02 4.863185333381e-01 2.309216914356e+01 9.517919497963e-05
12 31 3 1.69373474 0.88164456 1.37900578 3.64718086 0.84669196 1.050677146712e-03 1.015975109560e-01 4.852858667049e-01 2.313739986531e+01 9.498678804584e-05
12 32 3 1.69373474 0.88164456 1.37900578 3.64718086 0.84669196 1.054797163074e-03 1.041457082128e-01 4.919879793056e-01 2.330587150137e+01 9.506361759556e-05
12 33 3 1.69373474 0.88164456 1.37900578 3.64718086 0.84669196 9.964903082591e-04 8.078996998209e-02 4.979997148620e-01 2.354420978212e+01 9.540968339469e-05
12 34 3 1.69373474 0.88164456 1.37900578 3.64718086 0.84669196 1.096594818405e-03 6.165539801859e-02 5.037947148894e-01 2.382426933735e+01 9.602498438874e-05
12 35 3 1.69373474 0.88164456 1.37900578 3.64718086 0.84669196 1.012013124972e-03 7.271320441507e-02 5.107076245765e-01 2.414254088747e+01 9.690951870291e-05
12 36 3 1.69373474 0.88164456 1.37900578 3.64718086 0.84669196 1.126427646402e-03 1.022231096494e-01 5.168902496080e-01 2.449918639274e+01 9.806328364200e-05
12 37 3 1.69373474 0.88164456 1.37900578 3.64718086 0.84669196 1.044199995078e-03 1.157049491744e-01 5.314532214733e-01 2.491162861899e+01 9.948627569048e-05
12 38 3 1.69373474 0.88164456 1.37900578 3.64718086 0.84669196 1.136542363268e-03 9.734199370899e-02 5.440138582151e-01 2.539203544121e+01 1.011784905125e-04
12 39 3 1.69373474 0.88164456 1.37900578 3.64718086 0.84669196 1.136641506771e-03 7.179898247551e-02 5.592912114659e-01 2.590324890814e+01 1.031399229518e-04
12 40 3 1.69373474 0.88164456 1.37900578 3.64718086 0.84669196 1.141602989085e-03 7.490852751746e-02 5.720731546295e-01 2.639704259415e+01 1.053705670319e-04
12 41 3 1.69373474 0.88164456 1.37900578 3.64718086 0.84669196 1.219731221890e-03 1.072709037225e-01 5.868383623905e-01 2.688625934863e+01 1.078704159561e-04
12 42 3 1.69373474 0.88164456 1.37900578 3.64718086 0.84669196 1.181402427655e-03 1.330745172503e-01 6.082923913318e-01 2.742911251908e+01 1.106394621073e-04
12 43 3 1.69373474 0.88164456 1.37900578 3.64718086 0.84669196 1.293054045558e-03 1.224611893609e-01 6.291120500359e-01 2.806537606274e+01 1.136776970481e-04
12 44 3 1.69373474 0.88164456 1.37900578 3.64718086 0.84669196 1.286775001442e-03 9.095949720249e-02 6.533708139546e-01 2.879572724634e+01 1.169851115210e-04
12 45 3 1.69373474 0.88164456 1.37900578 3.64718086 0.84669196 1.307889894258e-03 8.329398281232e-02 6.726469458379e-01 2.959340409385e+01 1.205616954483e-04
12 46 3 1.69373474 0.88164456 1.37900578 3.64718086 0.84669196 1.426609511261e-03 1.159388658142e-01 6.963590177920e-01 3.043408155237e+01 1.244074379321e-04
12 47 3 1.69373474 0.88164456 1.37900578 3.64718086 0.84669196 1.367631359565e-03 1.554936288576e-01 7.241168263516e-01 3.134312894988e+01 1.285223272544e-04
12 48 3 1.69373474 0.88164456 1.37900578 3.64718086 0.84669196 1.555993923825e-03 1.568951567871e-01 7.547804052654e-01 3.238821413811e+01 1.329063508772e-04
12 49 3 1.69373474 0.88164456 1.37900578 3.64718086 0.84669196 1.422122521136e-03 1.211776837249e-01 7.868634316616e-01 3.359684792571e+01 1.375594954421e-04
12 50 3 1.69373474 0.88164456 1.37900578 3.64718086 0.84669196 1.687061620565e-03 9.930548374849e-02 8.141508098818e-01 3.491620574673e+01 1.424817467711e-04
12 51 3 1.69373474 0.88164456 1.37900578 3.64718086 0.84669196 1.578998050286e-03 1.276523199776e-01 8.455657862859e-01 3.627314700849e+01 1.476730898661e-04
12 52 3 1.69373474 0.88164456 1.37900578 3.64718086 0.84669196 1.722197276202e-03 1.812846852643e-01 8.801195229396e-01 3.764306553461e+01 1.531335089088e-04
12 53 3 1.69373474 0.88164456 1.37900578 3.64718086 0.84669196 1.773276551789e-03 2.002968832715e-01 9.206666949312e-01 3.905510942663e+01 1.588629872614e-04
12 54 3 1.69373474 0.88164456 1.37900578 3.64718086 0.84669196 1.804643273147e-03 1.644683201249e-01 9.599211670082e-01 4.054644664116e+01 1.648615074662e-04
12 55 3 1.69373474 0.88164456 1.37900578 3.64718086 0.84669196 1.961141026170e-03 1.254198260561e-01 9.963023113228e-01 4.210471993319e+01 1.711290512455e-04
12 56 3 1.69373474 0.88164456 1.37900578 3.64718086 0.84669196 1.903072855570e-03 1.426190238441e-01 1.033234558030e+00 4.366454623994e+01 1.776655995021e-04
12 57 3 1.69373474 0.88164456 1.37900578 3.64718086 0.84669196 2.108490288658e-03 2.081520421256e-01 1.075821232238e+00 4.517534492349e+01 1.844711323191e-04
12 58 3 1.69373474 0.88164456 1.37900578 3.64718086 0.84669196 2.102638094947e-03 2.507574225113e-01 1.124123787261e+00 4.664767328382e+01 1.915456289599e-04
12 59 3 1.69373474 0.88164456 1.37900578 3.64718086 0.84669196 2.214960906115e-03 2.219906059098e-01 1.171450498853e+00 4.813772227712e+01 1.988890678686e-04
12 60 3 1.69373474 0.88164456 1.37900578 3.64718086 0.84669196 2.326422953651e-03 1.648394232622e-01 1.215838062116e+00 4.972325381407e+01 2.065014266695e-04
12 61 3 1.69373474 0.88164456 1.37900578 3.64718086 0.84669196 2.299670451835e-03 1.623310093374e-01 1.257055928494e+00 5.145018269387e+01 2.143826821677e-04
12 62 3 1.69373474 0.88164456 1.37900578 3.64718086 0.84669196 2.599461933493e-03 2.338359965685e-01 1.307798663375e+00 5.326150149069e+01 2.225328103489e-04
12 63 3 1.69373474 0.88164456 1.37900578 3.64718086 0.84669196 2.462136308266e-03 3.047170096461e-01 1.360935420347e+00 5.506891946251e+01 2.309517863798e-04
16 0 3 1.00512208 0.76334097 1.09086849 2.45257646 0.63163040 2.462170601031e-02 1.129570430499e-01 4.582060542470e-01 1.120861055515e+01 3.497275198719e-02
16 1 3 1.00512208 0.76334097 1.09086849 2.45257646 0.63163040 2.345410876408e-02 1.071979965954e-01 4.387987865443e-01 1.082636133426e+01 3.435508839162e-02
16 2 3 1.00512208 0.76334097 1.09086849 2.45257646 0.63163040 2.319056935230e-02 1.028166881303e-01 4.250540111181e-01 1.052716863811e+01 3.374230380624e-02
16 3 3 1.00512208 0.76334097 1.09086849 2.45257646 0.63163040 2.176112935975e-02 9.877366100783e-02 4.175999822928e-01 1.025118117278e+01 3.313477747658e-02
16 4 3 1.00512208 0.76334097 1.09086849 2.45257646 0.63163040 2.122630417984e-02 9.578325147467e-02 4.088023216075e-01 9.937732514688e+00 3.253367501013e-02
16 5 3 1.00512208 0.76334097 1.09086849 2.45257646 0.63163040 2.048384587665e-02 9.647893583235e-02 4.049970961072e-01 9.574761802577e+00 3.194085495339e-02
16 6 3 1.00512208 0.76334097 1.09086849 2.45257646 0.63163040 1.968814783147e-02 9.619966604320e-02 3.933518413724e-01 9.178275534111e+00 3.135875890791e-02
16 7 3 1.00512208 0.76334097 1.09086849 2.45257646 0.63163040 1.872409438379e-02 9.173811547902e-02 3.844112871812e-01 8.770004053920e+00 3.079029047034e-02
16 8 3 1.00512208 0.76334097 1.09086849 2.45257646 0.63163040 1.856947133114e-02 8.931568643909e-02 3.684643676461e-01 8.394789386212e+00 3.023868832514e-02
16 9 3 1.00512208 0.76334097 1.09086849 2.45257646 0.63163040 1.732243348970e-02 8.800946317023e-02 3.553213515856e-01 8.104277499808e+00 2.970739864446e-02
16 10 3 1.00512208 0.76334097 1.09086849 2.45257646 0.63163040 1.703186312026e-02 8.447271601595e-02 3.405766675496e-01 7.897462841494e+00 2.919995157651e-02
16 11 3 1.00512208 0.76334097 1.09086849 2.45257646 0.63163040 1.639135034892e-02 8.016601698960e-02 3.256884936709e-01 7.713261214754e+00 2.871984605910e-02
16 12 3 1.00512208 0.76334097 1.09086849 2.45257646 0.63163040 1.563448943392e-02 7.537089770300e-02 3.111383392711e-01 7.495019760921e+00 2.827044651026e-02
16 13 3 1.00512208 0.76334097 1.09086849 2.45257646 0.63163040 1.529185361417e-02 7.254797761560e-02 2.934144258492e-01 7.236970900699e+00 2.785489416086e-02
16 14 3 1.00512208 0.76334097 1.09086849 2.45257646 0.63163040 1.466411701544e-02 6.965674998783e-02 2.793876722918e-01 6.967381202862e+00 2.747603494468e-02
16 15 3 1.00512208 0.76334097 1.09086849 2.45257646 0.63163040 1.410457993251e-02 6.422386158362e-02 2.659279269227e-01 6.715912637650e+00 2.713636498965e-02
16 16 3 1.00512208 0.76334097 1.09086849 2.45257646 0.63163040 1.384031410022e-02 6.139276499112e-02 2.587569610117e-01 6.500077107848e+00 2.683799390022e-02
16 17 3 1.00512208 0.76334097 1.09086849 2.45257646 0.63163040 1.318638882174e-02 6.074652448334e-02 2.544884006822e-01 6.322863928625e+00 2.658262522285e-02
16 18 3 1.00512208 0.76334097 1.09086849 2.45257646 0.63163040 1.283040895464e-02 6.012790430333e-02 2.520438992180e-01 6.174757716469e+00 2.637155277686e-02
16 19 3 1.00512208 0.76334097 1.09086849 2.45257646 0.63163040 1.263309065938e-02 6.026482592110e-02 2.514749437377e-01 6.037607559329e+00 2.620567094003e-02
16 20 3 1.00512208 0.76334097 1.09086849 2.45257646 0.63163040 1.197400684940e-02 5.981012203396e-02 2.477019288194e-01 5.890604360999e+00 2.608549652371e-02
16 21 3 1.00512208 0.76334097 1.09086849 2.45257646 0.63163040 1.184471896883e-02 5.980615320079e-02 2.460743552652e-01 5.727944148405e+00 2.601119957005e-02
16 22 3 1.00512208 0.76334097 1.09086849 2.45257646 0.63163040 1.160965239168e-02 5.880880636902e-02 2.399298784272e-01 5.574599497512e+00 2.598264026107e-02
16 23 3 1.00512208 0.76334097 1.09086849 2.45257646 0.63163040 1.109049935936e-02 5.657752505699e-02 2.359037377870e-01 5.464698650747e+00 2.599940914405e-02
16 24 3 1.00512208 0.76334097 1.09086849 2.45257646 0.63163040 1.107510827891e-02 5.663818263150e-02 2.292426336472e-01 5.401651525735e+00 2.606086804256e-02
16 25 3 1.00512208 0.76334097 1.09086849 2.45257646 0.63163040 1.082329472922e-02 5.540338702877e-02 2.234679861487e-01 5.359529893687e+00 2.616618932093e-02
16 26 3 1.00512208 0.76334097 1.09086849 2.45257646 0.63163040 1.052717835863e-02 5.236334878496e-02 2.185399693224e-01 5.317577302187e+00 2.631439158048e-02
16 27 3 1.00512208 0.76334097 1.09086849 2.45257646 0.63163040 1.048970158920e-02 5.103231986917e-02 2.116300200031e-01 5.267072313253e+00 2.650437036311e-02
16 28 3 1.00512208 0.76334097 1.09086849 2.45257646 0.63163040 1.035286180661e-02 4.997678410099e-02 2.083541320646e-01 5.197433476529e+00 2.673492298962e-02
16 29 3 1.00512208 0.76334097 1.09086849 2.45257646 0.63163040 1.017036485866e-02 4.961308117486e-02 2.015201280125e-01 5.113478675400e+00 2.700476723647e-02
16 30 3 1.00512208 0.76334097 1.09086849 2.45257646 0.63163040 1.020209118384e-02 4.834511989010e-02 2.019045125708e-01 5.054538675742e+00 2.731255412089e-02
16 31 3 1.00512208 0.76334097 1.09086849 2.45257646 0.63163040 1.012053474857e-02 4.675446893769e-02 2.004883951294e-01 5.059020566633e+00 2.765687558935e-02
16 32 3 1.00512208 0.76334097 1.09086849 2.45257646 0.63163040 1.007608289214e-02 4.986172082497e-02 2.071339054369e-01 5.119295627133e+00 2.803626835892e-02
16 33 3 1.00512208 0.76334097 1.09086849 2.45257646 0.63163040 1.019057412490e-02 5.282825254505e-02 2.116456033731e-01 5.196765064105e+00 2.844921551924e-02
16 34 3 1.00512208 0.76334097 1.09086849 2.45257646 0.63163040 1.009418735972e-02 5.291178185199e-02 2.191584111851e-01 5.266234961142e+00 2.889414774441e-02
16 35 3 1.00512208 0.76334097 1.09086849 2.45257646 0.63163040 1.027657531593e-02 5.406753566587e-02 2.238708571355e-01 5.321431605381e+00 2.936944607505e-02
16 36 3 1.00512208 0.76334097 1.09086849 2.45257646 0.63163040 1.037205750249e-02 5.526696712285e-02 2.275890746618e-01 5.359822527949e+00 2.987344820278e-02
16 37 3 1.00512208 0.76334097 1.09086849 2.45257646 0.63163040 1.040480804941e-02 5.690393983474e-02 2.314776408243e-01 5.392342910468e+00 3.040446002288e-02
16 38 3 1.00512208 0.76334097 1.09086849 2.45257646 0.63163040 1.065125068408e-02 5.764028427648e-02 2.334022667006e-01 5.448804670005e+00 3.096077392243e-02
16 39 3 1.00512208 0.76334097 1.09086849 2.45257646 0.63163040 1.090400382279e-02 5.635356726709e-02 2.371581574910e-01 5.552307692392e+00 3.154069485423e-02
16 40 3 1.00512208 0.76334097 1.09086849 2.45257646 0.63163040 1.088119443857e-02 5.746786922140e-02 2.385971221782e-01 5.699705025685e+00 3.214257473200e-02
16 41 3 1.00512208 0.76334097 1.09086849 2.45257646 0.63163040 1.136936683407e-02 5.853538905942e-02 2.412068980914e-01 5.870085087821e+00 3.276485509587e-02
16 42 3 1.00512208 0.76334097 1.09086849 2.45257646 0.63163040 1.160672734450e-02 5.793701758176e-02 2.434048723386e-01 6.038086087651e+00 3.340611736754e-02
16 43 3 1.00512208 0.76334097 1.09086849 2.45257646 0.63163040 1.167677483597e-02 5.900960024549e-02 2.461641008148e-01 6.185772961079e+00 3.406513937684e-02
16 44 3 1.00512208 0.76334097 1.09086849 2.45257646 0.63163040 1.234019674514e-02 6.033224464719e-02 2.516821386869e-01 6.322329325869e+00 3.474095622921e-02
16 45 3 1.00512208 0.76334097 1.09086849 2.45257646 0.63163040 1.249746516262e-02 6.243637291874e-02 2.581980912766e-01 6.483635859888e+00 3.543292303144e-02
16 46 3 1.00512208 0.76334097 1.09086849 2.45257646 0.63163040 1.283699990885e-02 6.569765089566e-02 2.700530675389e-01 6.694984737844e+00 3.614077653432e-02
16 47 3 1.00512208 0.76334097 1.09086849 2.45257646 0.63163040 1.345545549302e-02 6.985871604919e-02 2.842103201867e-01 6.945426867116e+00 3.686469241457e-02
16 48 3 1.00512208 0.76334097 1.09086849 2.45257646 0.63163040 1.371625086900e-02 7.580198984318e-02 3.012010367297e-01 7.205533437729e+00 3.760533472955e-02
16 49 3 1.00512208 0.76334097 1.09086849 2.45257646 0.63163040 1.422428038761e-02 7.879538158709e-02 3.191245794547e-01 7.451928435221e+00 3.836389405561e-02
16 50 3 1.00512208 0.76334097 1.09086849 2.45257646 0.63163040 1.485312284865e-02 8.004809754220e-02 3.317303629035e-01 7.673150329095e+00 3.914211097549e-02
16 51 3 1.00512208 0.76334097 1.09086849 2.45257646 0.63163040 1.515453414746e-02 8.392295781561e-02 3.463968186743e-01 7.877656984702e+00 3.994228191626e-02
16 52 3 1.00512208 0.76334097 1.09086849 2.45257646 0.63163040 1.589198459159e-02 8.683916989796e-02 3.520892354968e-01 8.100571225578e+00 4.076724485129e-02
16 53 3 1.00512208 0.76334097 1.09086849 2.45257646 0.63163040 1.651533128767e-02 8.825790715998e-02 3.661834027580e-01 8.382781752683e+00 4.162034305554e-02
16 54 3 1.00512208 0.76334097 1.09086849 2.45257646 0.63163040 1.676653066661e-02 8.893154683574e-02 3.709699921074e-01 8.738941345321e+00 4.250536592056e-02
16 55 3 1.00512208 0.76334097 1.09086849 2.45257646 0.63163040 1.800357924348e-02 9.034975820343e-02 3.851630521460e-01 9.147187193864e+00 4.342646676568e-02
16 56 3 1.00512208 0.76334097 1.09086849 2.45257646 0.63163040 1.812971984736e-02 9.455384533195e-02 3.894017161280e-01 9.558114456796e+00 4.438805859048e-02
16 57 3 1.00512208 0.76334097 1.09086849 2.45257646 0.63163040 1.906205270599e-02 9.617892631818e-02 4.007116267986e-01 9.917913310534e+00 4.539468975719e-02
16 58 3 1.00512208 0.76334097 1.09086849 2.45257646 0.63163040 1.984287869503e-02 9.695063684609e-02 4.085177290110e-01 1.021106676139e+01 4.645090263023e-02
16 59 3 1.00512208 0.76334097 1.09086849 2.45257646 0.63163040 2.056083536154e-02 1.031012896095e-01 4.229715157949e-01 1.047943054670e+01 4.756107918266e-02
16 60 3 1.00512208 0.76334097 1.09086849 2.45257646 0.63163040 2.106132347455e-02 1.105484068101e-01 4.426913628041e-01 1.078222328612e+01 4.872927846343e-02
16 61 3 1.00512208 0.76334097 1.09086849 2.45257646 0.63163040 2.247667609687e-02 1.168400377551e-01 4.651170879214e-01 1.115645641082e+01 4.995907155891e-02
16 62 3 1.00512208 0.76334097 1.09086849 2.45257646 0.63163040 2.271588903165e-02 1.237053758144e-01 4.960143749191e-01 1.161755235277e+01 5.125338023554e-02
16 63 3 1.00512208 0.76334097 1.09086849 2.45257646 0.63163040 2.384999147440e-02 1.310887872708e-01 5.224641868937e-01 1.214760094310e+01 5.261432578793e-02
17 0 3 0.98743968 0.95615194 1.41917094 2.65819298 0.64178912 3.205008601101e-01 2.892857382559e-01 1.252844128994e+00 1.546439008921e+01 6.146543340536e-02
17 1 3 0.98743968 0.95615194 1.41917094 2.65819298 0.64178912 3.097845883951e-01 2.657518495282e-01 1.402495012485e+00 1.513620564741e+01 5.971573733742e-02
17 2 3 0.98743968 0.95615194 1.41917094 2.65819298 0.64178912 2.953528478241e-01 2.594094774602e-01 1.216138544291e+00 1.421298978074e+01 5.793830323603e-02
17 3 3 0.98743968 0.95615194 1.41917094 2.65819298 0.64178912 2.855769811098e-01 2.549547979033e-01 1.199525337346e+00 1.381000296169e+01 5.613196985228e-02
17 4 3 0.98743968 0.95615194 1.41917094 2.65819298 0.64178912 2.729100561403e-01 2.505782873982e-01 1.199572274065e+00 1.359652490033e+01 5.429822129601e-02
17 5 3 0.98743968 0.95615194 1.41917094 2.65819298 0.64178912 2.626566948704e-01 2.402506475632e-01 1.035631967798e+00 1.279554155139e+01 5.244096638041e-02
17 6 3 0.98743968 0.95615194 1.41917094 2.65819298 0.64178912 2.530775866934e-01 2.232444810563e-01 1.182296614011e+00 1.227534316558e+01 5.056626112194e-02
17 7 3 0.98743968 0.95615194 1.41917094 2.65819298 0.64178912 2.412478703278e-01 2.165786974559e-01 9.647901613892e-01 1.218967756307e+01 4.868198743122e-02
17 8 3 0.98743968 0.95615194 1.41917094 2.65819298 0.64178912 2.342731573412e-01 2.108476818973e-01 1.083780783625e+00 1.165233216197e+01 4.679750172505e-02
17 9 3 0.98743968 0.95615194 1.41917094 2.65819298 0.64178912 2.239144061410e-01 2.058426304032e-01 9.310384955162e-01 1.109238634034e+01 4.492326734584e-02
17 10 3 0.98743968 0.95615194 1.41917094 2.65819298 0.64178912 2.151438604880e-01 1.983812536038e-01 9.390034431412e-01 1.095144614447e+01 4.307048431040e-02
17 11 3 0.98743968 0.95615194 1.41917094 2.65819298 0.64178912 2.087534867064e-01 1.911375143748e-01 9.289334465335e-01 1.049630789691e+01 4.125072906408e-02
17 12 3 0.98743968 0.95615194 1.41917094 2.65819298 0.64178912 1.996562627923e-01 1.830709366041e-01 8.160291558350e-01 9.911251757180e+00 3.947561563940e-02
17 13 3 0.98743968 0.95615194 1.41917094 2.65819298 0.64178912 1.931191486625e-01 1.741566589554e-01 9.205611452206e-01 9.837717855979e+00 3.775648798197e-02
17 14 3 0.98743968 0.95615194 1.41917094 2.65819298 0.64178912 1.866361336289e-01 1.719647752582e-01 7.525861626574e-01 9.653462756601e+00 3.610415128818e-02
17 15 3 0.98743968 0.95615194 1.41917094 2.65819298 0.64178912 1.803675489773e-01 1.670114461138e-01 8.537933743771e-01 9.109113219913e+00 3.452864808782e-02
17 16 3 0.98743968 0.95615194 1.41917094 2.65819298 0.64178912 1.742142337328e-01 1.615238210492e-01 7.361472305790e-01 8.909237170879e+00 3.303908259222e-02
17 17 3 0.98743968 0.95615194 1.41917094 2.65819298 0.64178912 1.688141540127e-01 1.568215164831e-01 7.506519089283e-01 8.795612070213e+00 3.164349460828e-02
17 18 3 0.98743968 0.95615194 1.41917094 2.65819298 0.64178912 1.652727418112e-01 1.518912999107e-01 7.385040976317e-01 8.323252938490e+00 3.034878218187e-02
17 19 3 0.98743968 0.95615194 1.41917094 2.65819298 0.64178912 1.581592505327e-01 1.462936930988e-01 6.596062468236e-01 8.097199284990e+00 2.916067016334e-02
17 20 3 0.98743968 0.95615194 1.41917094 2.65819298 0.64178912 1.562734045428e-01 1.425351629016e-01 7.480448451251e-01 8.160595337652e+00 2.808372016002e-02
17 21 3 0.98743968 0.95615194 1.41917094 2.65819298 0.64178912 1.523710109277e-01 1.410449028740e-01 6.187771949399e-01 7.888709385031e+00 2.712137591712e-02
17 22 3 0.98743968 0.95615194 1.41917094 2.65819298 0.64178912 1.470349922812e-01 1.375951247536e-01 7.122697640795e-01 7.592811764973e+00 2.627603709831e-02
17 23 3 0.98743968 0.95615194 1.41917094 2.65819298 0.64178912 1.470019709421e-01 1.368046671915e-01 6.138423766107e-01 7.592255887049e+00 2.554915375306e-02
17 24 3 0.98743968 0.95615194 1.41917094 2.65819298 0.64178912 1.425982316451e-01 1.317289439705e-01 6.341965532106e-01 7.403212099180e+00 2.494133347434e-02
17 25 3 0.98743968 0.95615194 1.41917094 2.65819298 0.64178912 1.410007122107e-01 1.287696491174e-01 6.297216895793e-01 7.145279961542e+00 2.445245336680e-02
17 26 3 0.98743968 0.95615194 1.41917094 2.65819298 0.64178912 1.393277101235e-01 1.265114913518e-01 5.815441104275e-01 7.237610748185e+00 2.408176944229e-02
17 27 3 0.98743968 0.95615194 1.41917094 2.65819298 0.64178912 1.385918642776e-01 1.267574547955e-01 6.647026392749e-01 7.244968939058e+00 2.382801690251e-02
17 28 3 0.98743968 0.95615194 1.41917094 2.65819298 0.64178912 1.367895459868e-01 1.290419532072e-01 5.578562534308e-01 7.014433041461e+00 2.368949590870e-02
17 29 3 0.98743968 0.95615194 1.41917094 2.65819298 0.64178912 1.362471632467e-01 1.269060810334e-01 6.495924235091e-01 7.034142411063e+00 2.366413881442e-02
17 30 3 0.98743968 0.95615194 1.41917094 2.65819298 0.64178912 1.382310167838e-01 1.246949344188e-01 5.617573319225e-01 7.085944157388e+00 2.374955637989e-02
17 31 3 0.98743968 0.95615194 1.41917094 2.65819298 0.64178912 1.350452338109e-01 1.195587568881e-01 5.991907491788e-01 6.895612731122e+00 2.394306211740e-02
17 32 3 0.98743968 0.95615194 1.41917094 2.65819298 0.64178912 1.387558934632e-01 1.254078289995e-01 6.106101648316e-01 6.958056644174e+00 2.424167555826e-02
17 33 3 0.98743968 0.95615194 1.41917094 2.65819298 0.64178912 1.390253456312e-01 1.296164374035e-01 5.770107254189e-01 7.219886760993e+00 2.464210680170e-02
17 34 3 0.98743968 0.95615194 1.41917094 2.65819298 0.64178912 1.392343442720e-01 1.285981231403e-01 6.657028796370e-01 7.148845926560e+00 2.514072613009e-02
17 35 3 0.98743968 0.95615194 1.41917094 2.65819298 0.64178912 1.431691098726e-01 1.277346853295e-01 5.624200641130e-01 7.103372374543e+00 2.573352368254e-02
17 36 3 0.98743968 0.95615194 1.41917094 2.65819298 0.64178912 1.441187266182e-01 1.267275465382e-01 6.703918800287e-01 7.352586427325e+00 2.641606511120e-02
17 37 3 0.98743968 0.95615194 1.41917094 2.65819298 0.64178912 1.475859335528e-01 1.317754413333e-01 5.855187952062e-01 7.388832525284e+00 2.718344975325e-02
17 38 3 0.98743968 0.95615194 1.41917094 2.65819298 0.64178912 1.497023048940e-01 1.346735880554e-01 6.555024399217e-01 7.362037226564e+00 2.803027810368e-02
17 39 3 0.98743968 0.95615194 1.41917094 2.65819298 0.64178912 1.551212598236e-01 1.395417589949e-01 6.694303122730e-01 7.714979258660e+00 2.895063525152e-02
17 40 3 0.98743968 0.95615194 1.41917094 2.65819298 0.64178912 1.572717522885e-01 1.405108976899e-01 6.460661268481e-01 7.958851087372e+00 2.993809644387e-02
17 41 3 0.98743968 0.95615194 1.41917094 2.65819298 0.64178912 1.619773348707e-01 1.426209027460e-01 7.423755454927e-01 7.928929554462e+00 3.098576008355e-02
17 42 3 0.98743968 0.95615194 1.41917094 2.65819298 0.64178912 1.686140327929e-01 1.464716986682e-01 6.414566558073e-01 8.189265368131e+00 3.208631227909e-02
17 43 3 0.98743968 0.95615194 1.41917094 2.65819298 0.64178912 1.709738337499e-01 1.499128843792e-01 7.779652225405e-01 8.489126924595e+00 3.323212559650e-02
17 44 3 0.98743968 0.95615194 1.41917094 2.65819298 0.64178912 1.787171334140e-01 1.569312211016e-01 6.916619661233e-01 8.512765080600e+00 3.441539297180e-02
17 45 3 0.98743968 0.95615194 1.41917094 2.65819298 0.64178912 1.844751692767e-01 1.615787243800e-01 7.899126755378e-01 8.842198491985e+00 3.562829590156e-02
17 46 3 0.98743968 0.95615194 1.41917094 2.65819298 0.64178912 1.901903630929e-01 1.662606599116e-01 8.050373787634e-01 9.371114737313e+00 3.686320411663e-02
17 47 3 0.98743968 0.95615194 1.41917094 2.65819298 0.64178912 1.976186433744e-01 1.709458157165e-01 7.828849839121e-01 9.460100435005e+00 3.811290204473e-02
17 48 3 0.98743968 0.95615194 1.41917094 2.65819298 0.64178912 2.053749309051e-01 1.768494150714e-01 9.086431224115e-01 9.637838197566e+00 3.937083556874e-02
17 49 3 0.98743968 0.95615194 1.41917094 2.65819298 0.64178912 2.124775856043e-01 1.805119279664e-01 7.964536269287e-01 1.020738095879e+01 4.063137097239e-02
17 50 3 0.98743968 0.95615194 1.41917094 2.65819298 0.64178912 2.205510282226e-01 1.890091548094e-01 9.751440571241e-01 1.043098529279e+01 4.189005661407e-02
17 51 3 0.98743968 0.95615194 1.41917094 2.65819298 0.64178912 2.302065074269e-01 1.992482832110e-01 8.663576124145e-01 1.058383893233e+01 4.314387685331e-02
17 52 3 0.98743968 0.95615194 1.41917094 2.65819298 0.64178912 2.381134827148e-01 2.043690026059e-01 1.004248835573e+00 1.128940525258e+01 4.439148713133e-02
17 53 3 0.98743968 0.95615194 1.41917094 2.65819298 0.64178912 2.477244567744e-01 2.116555198582e-01 1.012851675293e+00 1.176535206984e+01 4.563341892383e-02
17 54 3 0.98743968 0.95615194 1.41917094 2.65819298 0.64178912 2.583017150456e-01 2.169193460743e-01 1.003831585743e+00 1.182382932525e+01 4.687224356720e-02
17 55 3 0.98743968 0.95615194 1.41917094 2.65819298 0.64178912 2.677091586017e-01 2.244448159668e-01 1.166720775961e+00 1.238338890059e+01 4.811268472070e-02
17 56 3 0.98743968 0.95615194 1.41917094 2.65819298 0.64178912 2.782991981170e-01 2.336766455894e-01 1.019739765638e+00 1.301912220541e+01 4.936167045755e-02
17 57 3 0.98743968 0.95615194 1.41917094 2.65819298 0.64178912 2.903796590979e-01 2.482454779897e-01 1.250870412429e+00 1.317379587210e+01 5.062831765012e-02
17 58 3 0.98743968 0.95615194 1.41917094 2.65819298 0.64178912 3.000035971758e-01 2.598892855789e-01 1.109030429918e+00 1.373943586715e+01 5.192384338290e-02
17 59 3 0.98743968 0.95615194 1.41917094 2.65819298 0.64178912 3.136653349783e-01 2.600798965009e-01 1.305712639678e+00 1.459113834282e+01 5.326140052685e-02
17 60 3 0.98743968 0.95615194 1.41917094 2.65819298 0.64178912 3.242248249056e-01 2.681274466578e-01 1.305290989725e+00 1.480498735175e+01 5.465583726377e-02
17 61 3 0.98743968 0.95615194 1.41917094 2.65819298 0.64178912 3.371787546674e-01 2.776711185035e-01 1.310875699193e+00 1.518771060761e+01 5.612338316565e-02
17 62 3 0.98743968 0.95615194 1.41917094 2.65819298 0.64178912 3.512780451788e-01 2.995183046859e-01 1.496544705524e+00 1.613040876126e+01 5.768126731198e-02
17 63 3 0.98743968 0.95615194 1.41917094 2.65819298 0.64178912 3.613392563314e-01 3.130573451574e-01 1.303178250035e+00 1.652250361855e+01 5.934727676064e-02
19 0 3 1.61971283 0.95451879 1.57033342 6.70956385 0.83009215 4.370317323274e+00 3.319103926917e-01 1.981959881187e+00 4.590532572097e+02 1.182873778629e-01
19 1 3 1.61971283 0.95451879 1.57033342 6.70956385 0.83009215 4.197925839533e+00 3.466493199962e-01 1.899707044105e+00 4.439308147693e+02 1.149159775075e-01
19 2 3 1.61971283 0.95451879 1.57033342 6.70956385 0.83009215 4.059602141904e+00 2.634241908932e-01 1.817303924015e+00 4.300252069476e+02 1.117665422068e-01
19 3 3 1.61971283 0.95451879 1.57033342 6.70956385 0.83009215 3.893422353139e+00 1.846072780275e-01 1.745376614745e+00 4.167491274478e+02 1.088248241558e-01
19 4 3 1.61971283 0.95451879 1.57033342 6.70956385 0.83009215 3.748539418845e+00 1.979005051003e-01 1.690870862561e+00 4.036366175859e+02 1.060713569249e-01
19 5 3 1.61971283 0.95451879 1.57033342 6.70956385 0.83009215 3.607373552735e+00 2.698713857465e-01 1.625543204073e+00 3.908342982941e+02 1.034829410887e-01
19 6 3 1.61971283 0.95451879 1.57033342 6.70956385 0.83009215 3.451541979416e+00 2.947759647580e-01 1.578013981946e+00 3.783999829438e+02 1.010343363737e-01
19 7 3 1.61971283 0.95451879 1.57033342 6.70956385 0.83009215 3.323130207293e+00 2.322656418853e-01 1.531752263464e+00 3.659699270364e+02 9.870002800775e-02
19 8 3 1.61971283 0.95451879 1.57033342 6.70956385 0.83009215 3.177278013394e+00 1.606161000664e-01 1.493564221857e+00 3.534163781217e+02 9.645593877970e-02
19 9 3 1.61971283 0.95451879 1.57033342 6.70956385 0.83009215 3.045507855144e+00 1.644744068582e-01 1.442669743245e+00 3.413648538463e+02 9.428097130134e-02
19 10 3 1.61971283 0.95451879 1.57033342 6.70956385 0.83009215 2.909630110364e+00 2.226302597544e-01 1.389642419369e+00 3.305119385297e+02 9.215828544035e-02
19 11 3 1.61971283 0.95451879 1.57033342 6.70956385 0.83009215 2.790620893478e+00 2.505786322752e-01 1.345118037445e+00 3.207551290223e+02 9.007624173304e-02
19 12 3 1.61971283 0.95451879 1.57033342 6.70956385 0.83009215 2.646977962130e+00 2.084833062286e-01 1.311353697700e+00 3.115121557178e+02 8.802897040228e-02
19 13 3 1.61971283 0.95451879 1.57033342 6.70956385 0.83009215 2.541881053656e+00 1.445896896983e-01 1.273509306165e+00 3.024372617083e+02 8.601655495497e-02
19 14 3 1.61971283 0.95451879 1.57033342 6.70956385 0.83009215 2.410546827699e+00 1.361407551027e-01 1.244801474580e+00 2.935627634671e+02 8.404484691500e-02
19 15 3 1.61971283 0.95451879 1.57033342 6.70956385 0.83009215 2.292941980234e+00 1.851330664834e-01 1.210048893412e+00 2.851005162740e+02 8.212495208385e-02
19 16 3 1.61971283 0.95451879 1.57033342 6.70956385 0.83009215 2.185582605061e+00 2.164012657941e-01 1.190486220077e+00 2.770958411474e+02 8.027244729114e-02
19 17 3 1.61971283 0.95451879 1.57033342 6.70956385 0.83009215 2.066676455739e+00 1.849550308477e-01 1.150546041091e+00 2.694747044191e+02 7.850639893587e-02
19 18 3 1.61971283 0.95451879 1.57033342 6.70956385 0.83009215 1.960395499990e+00 1.287515809881e-01 1.115129100554e+00 2.625091056505e+02 7.684826035215e-02
19 19 3 1.61971283 0.95451879 1.57033342 6.70956385 0.83009215 1.855957177560e+00 1.137325918231e-01 1.076638066955e+00 2.564870629304e+02 7.532072437234e-02
19 20 3 1.61971283 0.95451879 1.57033342 6.70956385 0.83009215 1.752401196398e+00 1.512554794434e-01 1.043409234963e+00 2.511329564148e+02 7.394660113941e-02
19 21 3 1.61971283 0.95451879 1.57033342 6.70956385 0.83009215 1.648132364909e+00 1.825828350789e-01 1.014790132519e+00 2.461563395811e+02 7.274778039470e-02
19 22 3 1.61971283 0.95451879 1.57033342 6.70956385 0.83009215 1.560350266536e+00 1.611421747095e-01 9.753414016375e-01 2.417092361119e+02 7.174432358371e-02
19 23 3 1.61971283 0.95451879 1.57033342 6.70956385 0.83009215 1.456399647417e+00 1.141505065734e-01 9.539757220646e-01 2.378790271949e+02 7.095371576280e-02
19 24 3 1.61971283 0.95451879 1.57033342 6.70956385 0.83009215 1.369851143673e+00 9.632255589173e-02 9.294574259499e-01 2.344959067458e+02 7.039029202476e-02
19 25 3 1.61971283 0.95451879 1.57033342 6.70956385 0.83009215 1.284449064922e+00 1.231685071239e-01 9.148839127346e-01 2.313817582034e+02 7.006483939523e-02
19 26 3 1.61971283 0.95451879 1.57033342 6.70956385 0.83009215 1.191864529844e+00 1.566025142567e-01 8.956515941914e-01 2.284746212243e+02 6.998436401015e-02
19 27 3 1.61971283 0.95451879 1.57033342 6.70956385 0.83009215 1.115296428088e+00 1.480409759029e-01 8.755103644217e-01 2.259514183482e+02 7.015200561446e-02
19 28 3 1.61971283 0.95451879 1.57033342 6.70956385 0.83009215 1.034548379007e+00 1.066827759294e-01 8.719339524214e-01 2.239448545277e+02 7.056707734805e-02
19 29 3 1.61971283 0.95451879 1.57033342 6.70956385 0.83009215 9.571744286043e-01 8.808810546273e-02 8.555063002993e-01 2.222973773227e+02 7.122520829832e-02
19 30 3 1.61971283 0.95451879 1.57033342 6.70956385 0.83009215 8.812436708649e-01 1.126852849335e-01 8.599140909783e-01 2.211966953374e+02 7.211856889146e-02
19 31 3 1.61971283 0.95451879 1.57033342 6.70956385 0.83009215 8.189651857093e-01 1.477745374909e-01 8.528135785649e-01 2.212366799782e+02 7.323616403568e-02
19 32 3 1.61971283 0.95451879 1.57033342 6.70956385 0.83009215 7.393571180444e-01 1.518406219768e-01 8.745815907316e-01 2.224222280016e+02 7.456418496406e-02
19 33 3 1.61971283 0.95451879 1.57033342 6.70956385 0.83009215 6.845752030049e-01 1.175107556075e-01 8.891174615679e-01 2.241921276829e+02 7.608641680041e-02
19 34 3 1.61971283 0.95451879 1.57033342 6.70956385 0.83009215 6.182603679959e-01 9.089726714532e-02 9.073226247255e-01 2.262473290590e+02 7.778470386886e-02
19 35 3 1.61971283 0.95451879 1.57033342 6.70956385 0.83009215 5.590502085703e-01 1.154488929118e-01 9.260082253685e-01 2.285295126382e+02 7.963947772721e-02
19 36 3 1.61971283 0.95451879 1.57033342 6.70956385 0.83009215 5.046116230399e-01 1.620119888992e-01 9.405903229094e-01 2.310290099784e+02 8.163035313558e-02
19 37 3 1.61971283 0.95451879 1.57033342 6.70956385 0.83009215 4.520131367629e-01 1.715925284401e-01 9.685921554023e-01 2.338486219995e+02 8.373679433750e-02
19 38 3 1.61971283 0.95451879 1.57033342 6.70956385 0.83009215 3.992302331064e-01 1.367141825708e-01 9.799188320458e-01 2.369970220158e+02 8.593884819272e-02
19 39 3 1.61971283 0.95451879 1.57033342 6.70956385 0.83009215 3.551159812157e-01 1.049981504644e-01 1.004677952896e+00 2.405407114512e+02 8.821793232406e-02
19 40 3 1.61971283 0.95451879 1.57033342 6.70956385 0.83009215 3.101279649022e-01 1.242978291510e-01 1.027990516853e+00 2.448070153606e+02 9.055765636170e-02
19 41 3 1.61971283 0.95451879 1.57033342 6.70956385 0.83009215 2.665737821091e-01 1.789967098837e-01 1.057150772449e+00 2.498547555032e+02 9.294464371578e-02
19 42 3 1.61971283 0.95451879 1.57033342 6.70956385 0.83009215 2.324579165469e-01 1.993713125129e-01 1.087137137709e+00 2.554214903490e+02 9.536931139822e-02
19 43 3 1.61971283 0.95451879 1.57033342 6.70956385 0.83009215 1.936019820011e-01 1.603644444049e-01 1.102823189928e+00 2.615376152069e+02 9.782655761975e-02
19 44 3 1.61971283 0.95451879 1.57033342 6.70956385 0.83009215 1.623052060255e-01 1.190788421596e-01 1.137520021640e+00 2.684009559619e+02 1.003163024902e-01
19 45 3 1.61971283 0.95451879 1.57033342 6.70956385 0.83009215 1.339073579542e-01 1.350647107283e-01 1.156920014476e+00 2.759763726828e+02 1.028438272055e-01
19 46 3 1.61971283 0.95451879 1.57033342 6.70956385 0.83009215 1.059226946293e-01 1.948060776746e-01 1.188085481679e+00 2.840774236034e+02 1.054198623143e-01
19 47 3 1.61971283 0.95451879 1.57033342 6.70956385 0.83009215 8.288647875401e-02 2.253718426494e-01 1.201975094365e+00 2.924439677643e+02 1.080603862640e-01
19 48 3 1.61971283 0.95451879 1.57033342 6.70956385 0.83009215 6.264268691850e-02 1.877802668302e-01 1.232051607335e+00 3.009829390341e+02 1.107861111647e-01
19 49 3 1.61971283 0.95451879 1.57033342 6.70956385 0.83009215 4.481610413249e-02 1.370499099844e-01 1.268743435802e+00 3.099296900112e+02 1.136216527832e-01
19 50 3 1.61971283 0.95451879 1.57033342 6.70956385 0.83009215 2.930990087698e-02 1.480880664669e-01 1.310323064924e+00 3.193406960966e+02 1.165944048804e-01
19 51 3 1.61971283 0.95451879 1.57033342 6.70956385 0.83009215 1.907190452537e-02 2.148962486406e-01 1.355622864834e+00 3.290956298891e+02 1.197331624390e-01
19 52 3 1.61971283 0.95451879 1.57033342 6.70956385 0.83009215 8.807678345320e-03 2.602335781994e-01 1.407074691672e+00 3.395662667025e+02 1.230665620737e-01
19 53 3 1.61971283 0.95451879 1.57033342 6.70956385 0.83009215 3.773267745556e-03 2.286644286198e-01 1.465488951253e+00 3.512221615826e+02 1.266214288446e-01
19 54 3 1.61971283 0.95451879 1.57033342 6.70956385 0.83009215 5.681937645629e-04 1.648934738386e-01 1.522940312598e+00 3.637234995930e+02 1.304211347212e-01
19 55 3 1.61971283 0.95451879 1.57033342 6.70956385 0.83009215 5.996416858684e-04 1.679632823170e-01 1.566822383335e+00 3.762513934319e+02 1.344840832111e-01
19 56 3 1.61971283 0.95451879 1.57033342 6.70956385 0.83009215 3.765332592076e-03 2.502271102643e-01 1.626279884715e+00 3.884809955443e+02 1.388224357543e-01
19 57 3 1.61971283 0.95451879 1.57033342 6.70956385 0.83009215 9.122333332239e-03 3.132419589421e-01 1.691620539411e+00 4.008076673487e+02 1.434411875276e-01
19 58 3 1.61971283 0.95451879 1.57033342 6.70956385 0.83009215 1.903325719340e-02 2.829339463326e-01 1.772796437659e+00 4.137227534859e+02 1.483376831450e-01
19 59 3 1.61971283 0.95451879 1.57033342 6.70956385 0.83009215 2.977675174385e-02 2.073783909345e-01 1.847718097261e+00 4.273176433726e+02 1.535016369674e-01
19 60 3 1.61971283 0.95451879 1.57033342 6.70956385 0.83009215 4.480095281538e-02 1.999444918705e-01 1.927627370325e+00 4.416098365698e+02 1.589156897134e-01
19 61 3 1.61971283 0.95451879 1.57033342 6.70956385 0.83009215 6.356905696611e-02 2.931547696078e-01 2.020376377206e+00 4.568294689680e+02 1.645564948402e-01
19 62 3 1.61971283 0.95451879 1.57033342 6.70956385 0.83009215 8.241222540057e-02 3.818254818529e-01 2.104065258227e+00 4.730596630804e+02 1.703962873966e-01
19 63 3 1.61971283 0.95451879 1.57033342 6.70956385 0.83009215 1.074202267718e-01 3.570799906832e-01 2.181195800182e+00 4.900224857434e+02 1.764048477817e-01
23 0 3 0.95804081 0.97256569 1.42315850 2.39999709 0.63298537 2.898788720384e-01 3.025926394163e-01 1.239809526661e+00 1.037757592832e+01 5.691769903427e-02
23 1 3 0.95804081 0.97256569 1.42315850 2.39999709 0.63298537 2.777754904444e-01 2.971934219068e-01 1.417785647821e+00 1.008325243672e+01 5.488259491802e-02
23 2 3 0.95804081 0.97256569 1.42315850 2.39999709 0.63298537 2.694089038572e-01 2.829129477618e-01 1.173057903155e+00 9.745292373067e+00 5.288492363675e-02
23 3 3 0.95804081 0.97256569 1.42315850 2.39999709 0.63298537 2.591661655140e-01 2.729495020563e-01 1.294191272372e+00 9.378261289297e+00 5.094807502118e-02
23 4 3 0.95804081 0.97256569 1.42315850 2.39999709 0.63298537 2.501646240827e-01 2.587187048232e-01 1.172418022284e+00 9.020697328684e+00 4.909124520482e-02
23 5 3 0.95804081 0.97256569 1.42315850 2.39999709 0.63298537 2.413225226861e-01 2.509820725131e-01 1.108395676244e+00 8.676582626845e+00 4.732779438941e-02
23 6 3 0.95804081 0.97256569 1.42315850 2.39999709 0.63298537 2.325482528811e-01 2.443644174083e-01 1.149989833043e+00 8.369305428681e+00 4.566433691865e-02
23 7 3 0.95804081 0.97256569 1.42315850 2.39999709 0.63298537 2.237780899956e-01 2.384831683477e-01 9.561063528568e-01 8.099699197780e+00 4.410058302199e-02
23 8 3 0.95804081 0.97256569 1.42315850 2.39999709 0.63298537 2.161621563750e-01 2.262943965885e-01 1.115111254764e+00 7.846104725042e+00 4.262988114484e-02
23 9 3 0.95804081 0.97256569 1.42315850 2.39999709 0.63298537 2.077798383385e-01 2.147332496251e-01 9.198035126253e-01 7.597399970945e+00 4.124035037312e-02
23 10 3 0.95804081 0.97256569 1.42315850 2.39999709 0.63298537 1.993473801111e-01 2.110638675051e-01 9.947903996195e-01 7.319184483617e+00 3.991644860744e-02
23 11 3 0.95804081 0.97256569 1.42315850 2.39999709 0.63298537 1.933590944276e-01 2.032060858096e-01 9.077257257545e-01 7.014966380045e+00 3.864079649752e-02
23 12 3 0.95804081 0.97256569 1.42315850 2.39999709 0.63298537 1.844359486719e-01 1.974991290874e-01 8.505903604113e-01 6.768306795222e+00 3.739607039532e-02
23 13 3 0.95804081 0.97256569 1.42315850 2.39999709 0.63298537 1.781258809192e-01 1.902698711086e-01 9.087643411994e-01 6.595119245707e+00 3.616678853755e-02
23 14 3 0.95804081 0.97256569 1.42315850 2.39999709 0.63298537 1.715202081962e-01 1.832571393621e-01 7.592796550319e-01 6.419961377806e+00 3.494084054757e-02
23 15 3 0.95804081 0.97256569 1.42315850 2.39999709 0.63298537 1.649399318303e-01 1.771293337392e-01 8.715455458261e-01 6.222627052280e+00 3.371064719830e-02
23 16 3 0.95804081 0.97256569 1.42315850 2.39999709 0.63298537 1.585019541439e-01 1.707457423102e-01 7.265891847566e-01 6.025522330959e+00 3.247388056932e-02
23 17 3 0.95804081 0.97256569 1.42315850 2.39999709 0.63298537 1.530653546091e-01 1.672606728679e-01 7.885315535922e-01 5.824231383224e+00 3.123371948702e-02
23 18 3 0.95804081 0.97256569 1.42315850 2.39999709 0.63298537 1.487106993398e-01 1.644083546051e-01 7.331233759056e-01 5.638835018426e+00 2.999865703000e-02
23 19 3 0.95804081 0.97256569 1.42315850 2.39999709 0.63298537 1.412648744968e-01 1.587211954368e-01 6.756134716401e-01 5.502887751665e+00 2.878191226633e-02
23 20 3 0.95804081 0.97256569 1.42315850 2.39999709 0.63298537 1.396213844374e-01 1.513787437541e-01 7.434420765686e-01 5.403656560204e+00 2.760052469134e-02
23 21 3 0.95804081 0.97256569 1.42315850 2.39999709 0.63298537 1.342492027594e-01 1.502121725339e-01 6.253991894901e-01 5.308809750802e+00 2.647422572745e-02
23 22 3 0.95804081 0.97256569 1.42315850 2.39999709 0.63298537 1.296698699960e-01 1.464312588731e-01 7.246535351551e-01 5.191489110337e+00 2.542418705039e-02
23 23 3 0.95804081 0.97256569 1.42315850 2.39999709 0.63298537 1.288652034912e-01 1.451036579687e-01 6.142603939833e-01 5.049402984785e+00 2.447174146794e-02
23 24 3 0.95804081 0.97256569 1.42315850 2.39999709 0.63298537 1.241993529831e-01 1.426465285667e-01 6.557082816103e-01 4.935433039786e+00 2.363716052661e-02
23 25 3 0.95804081 0.97256569 1.42315850 2.39999709 0.63298537 1.229423558126e-01 1.394326771705e-01 6.309647497936e-01 4.880000347469e+00 2.293855644404e-02
23 26 3 0.95804081 0.97256569 1.42315850 2.39999709 0.63298537 1.207548031446e-01 1.352161657441e-01 5.888544490354e-01 4.842179696847e+00 2.239095704728e-02
23 27 3 0.95804081 0.97256569 1.42315850 2.39999709 0.63298537 1.204723378787e-01 1.336378965448e-01 6.655562801163e-01 4.806112939695e+00 2.200558366704e-02
23 28 3 0.95804081 0.97256569 1.42315850 2.39999709 0.63298537 1.184869328772e-01 1.375858740831e-01 5.635980902844e-01 4.784328710471e+00 2.178934546823e-02
23 29 3 0.95804081 0.97256569 1.42315850 2.39999709 0.63298537 1.184173957455e-01 1.366554467241e-01 6.618095152446e-01 4.742549325328e+00 2.174455087991e-02
23 30 3 0.95804081 0.97256569 1.42315850 2.39999709 0.63298537 1.204380839125e-01 1.340132007775e-01 5.679362951884e-01 4.681232547435e+00 2.186882822113e-02
23 31 3 0.95804081 0.97256569 1.42315850 2.39999709 0.63298537 1.177739212668e-01 1.276881997072e-01 6.054433795424e-01 4.671839695196e+00 2.215524311052e-02
23 32 3 0.95804081 0.97256569 1.42315850 2.39999709 0.63298537 1.216764589871e-01 1.344430722325e-01 6.186771693674e-01 4.723106636082e+00 2.259259891701e-02
23 33 3 0.95804081 0.97256569 1.42315850 2.39999709 0.63298537 1.225299310967e-01 1.390972177434e-01 5.836963724859e-01 4.776735880067e+00 2.316590699730e-02
23 34 3 0.95804081 0.97256569 1.42315850 2.39999709 0.63298537 1.230368979698e-01 1.369840028164e-01 6.732620970213e-01 4.815921206470e+00 2.385701418840e-02
23 35 3 0.95804081 0.97256569 1.42315850 2.39999709 0.63298537 1.274406937416e-01 1.351046685782e-01 5.644738129050e-01 4.847651577332e+00 2.464537446477e-02
23 36 3 0.95804081 0.97256569 1.42315850 2.39999709 0.63298537 1.288937061995e-01 1.359076048750e-01 6.735927088542e-01 4.877009989313e+00 2.550894865046e-02
23 37 3 0.95804081 0.97256569 1.42315850 2.39999709 0.63298537 1.325571442144e-01 1.430073878261e-01 6.005322156525e-01 4.934850274265e+00 2.642520997772e-02
23 38 3 0.95804081 0.97256569 1.42315850 2.39999709 0.63298537 1.354278099064e-01 1.451031232683e-01 6.603773828250e-01 5.033688527403e+00 2.737222418597e-02
23 39 3 0.95804081 0.97256569 1.42315850 2.39999709 0.63298537 1.403333894054e-01 1.477707691676e-01 6.875598205051e-01 5.155750474906e+00 2.832976157588e-02
23 40 3 0.95804081 0.97256569 1.42315850 2.39999709 0.63298537 1.438581358384e-01 1.485776327004e-01 6.401721522371e-01 5.294551760802e+00 2.928038645311e-02
23 41 3 0.95804081 0.97256569 1.42315850 2.39999709 0.63298537 1.474080197082e-01 1.531812306895e-01 7.541152391100e-01 5.421286401296e+00 3.021045868541e-02
23 42 3 0.95804081 0.97256569 1.42315850 2.39999709 0.63298537 1.545778698211e-01 1.563292018219e-01 6.458678135811e-01 5.506989110969e+00 3.111097485102e-02
23 43 3 0.95804081 0.97256569 1.42315850 2.39999709 0.63298537 1.572385406079e-01 1.623605950530e-01 7.770439797299e-01 5.612165052603e+00 3.197817478848e-02
23 44 3 0.95804081 0.97256569 1.42315850 2.39999709 0.63298537 1.631145634562e-01 1.694975096321e-01 7.204338012591e-01 5.795397969380e+00 3.281384496657e-02
23 45 3 0.95804081 0.97256569 1.42315850 2.39999709 0.63298537 1.699708944517e-01 1.712235246093e-01 7.864201474740e-01 6.008555085858e+00 3.362526396409e-02
23 46 3 0.95804081 0.97256569 1.42315850 2.39999709 0.63298537 1.737126670139e-01 1.754493235965e-01 8.339669872665e-01 6.205178712314e+00 3.442475752419e-02
23 47 3 0.95804081 0.97256569 1.42315850 2.39999709 0.63298537 1.806848516985e-01 1.823854879975e-01 7.658003364757e-01 6.399078280186e+00 3.522886009420e-02
23 48 3 0.95804081 0.97256569 1.42315850 2.39999709 0.63298537 1.869337701397e-01 1.901255837308e-01 9.270256043264e-01 6.587790490222e+00 3.605711436899e-02
23 49 3 0.95804081 0.97256569 1.42315850 2.39999709 0.63298537 1.928378224085e-01 1.962050531520e-01 8.030547575265e-01 6.772386936707e+00 3.693057706762e-02
23 50 3 0.95804081 0.97256569 1.42315850 2.39999709 0.63298537 1.992580270490e-01 2.039663931306e-01 9.725861334443e-01 6.989519308615e+00 3.787013425107e-02
23 51 3 0.95804081 0.97256569 1.42315850 2.39999709 0.63298537 2.063906964003e-01 2.092784232023e-01 9.130285339018e-01 7.258214683149e+00 3.889475887741e-02
23 52 3 0.95804081 0.97256569 1.42315850 2.39999709 0.63298537 2.134088843248e-01 2.172742203767e-01 9.816280518146e-01 7.564075268552e+00 4.001986306775e-02
23 53 3 0.95804081 0.97256569 1.42315850 2.39999709 0.63298537 2.198160121810e-01 2.239429421238e-01 1.069176849969e+00 7.859498508410e+00 4.125590439055e-02
23 54 3 0.95804081 0.97256569 1.42315850 2.39999709 0.63298537 2.281833934352e-01 2.334574712823e-01 9.744337989458e-01 8.097069661414e+00 4.260739707970e-02
23 55 3 0.95804081 0.97256569 1.42315850 2.39999709 0.63298537 2.356316369993e-01 2.475482833825e-01 1.176685696753e+00 8.330927719922e+00 4.407245459726e-02
23 56 3 0.95804081 0.97256569 1.42315850 2.39999709 0.63298537 2.434367525270e-01 2.517818222582e-01 1.025766696238e+00 8.642813950997e+00 4.564295010041e-02
23 57 3 0.95804081 0.97256569 1.42315850 2.39999709 0.63298537 2.520976998994e-01 2.587600406870e-01 1.258721926428e+00 8.991954166221e+00 4.730532865784e-02
23 58 3 0.95804081 0.97256569 1.42315850 2.39999709 0.63298537 2.611983215334e-01 2.684627730095e-01 1.201198789942e+00 9.332901224732e+00 4.904204358620e-02
23 59 3 0.95804081 0.97256569 1.42315850 2.39999709 0.63298537 2.699250408678e-01 2.830696109252e-01 1.248400163682e+00 9.702509596494e+00 5.083352447552e-02
23 60 3 0.95804081 0.97256569 1.42315850 2.39999709 0.63298537 2.798992755028e-01 2.946270100509e-01 1.377980840117e+00 1.006680443656e+01 5.266052264557e-02
23 61 3 0.95804081 0.97256569 1.42315850 2.39999709 0.63298537 2.902612159438e-01 3.042344852088e-01 1.236731939607e+00 1.037332727840e+01 5.450662751377e-02
23 62 3 0.95804081 0.97256569 1.42315850 2.39999709 0.63298537 3.004191155228e-01 3.140483191489e-01 1.529821245388e+00 1.070753301894e+01 5.636071086744e-02
23 63 3 0.95804081 0.97256569 1.42315850 2.39999709 0.63298537 3.125228585135e-01 3.195337911781e-01 1.344441165134e+00 1.113324836771e+01 5.821904047387e-02
27 0 3 1.14778172 0.85582194 1.29521590 3.80496558 0.68734293 4.409512147029e-01 1.848228520300e-01 9.492442651905e-01 6.009988567180e+01 6.593764093336e-02
27 1 3 1.14778172 0.85582194 1.29521590 3.80496558 0.68734293 4.295499298884e-01 1.769612565348e-01 9.077999981143e-01 5.784307535173e+01 6.382636702627e-02
27 2 3 1.14778172 0.85582194 1.29521590 3.80496558 0.68734293 4.126615148847e-01 1.700100534796e-01 8.679365534308e-01 5.573211042827e+01 6.175886988790e-02
27 3 3 1.14778172 0.85582194 1.29521590 3.80496558 0.68734293 3.978627808176e-01 1.626684979815e-01 8.285959129605e-01 5.379017388089e+01 5.973291192052e-02
27 4 3 1.14778172 0.85582194 1.29521590 3.80496558 0.68734293 3.847461636526e-01 1.535688819744e-01 7.881359084960e-01 5.203582716606e+01 5.774743505705e-02
27 5 3 1.14778172 0.85582194 1.29521590 3.80496558 0.68734293 3.707984469748e-01 1.467622642207e-01 7.615900008114e-01 5.045434181812e+01 5.580250246128e-02
27 6 3 1.14778172 0.85582194 1.29521590 3.80496558 0.68734293 3.568504376302e-01 1.435727893940e-01 7.386018761027e-01 4.891893195934e+01 5.389920949858e-02
27 7 3 1.14778172 0.85582194 1.29521590 3.80496558 0.68734293 3.463112180103e-01 1.391076099554e-01 7.262701545437e-01 4.726523908516e+01 5.203956951192e-02
27 8 3 1.14778172 0.85582194 1.29521590 3.80496558 0.68734293 3.323054892699e-01 1.360433070186e-01 7.076094311613e-01 4.548282374137e+01 5.022638043172e-02
27 9 3 1.14778172 0.85582194 1.29521590 3.80496558 0.68734293 3.216259392450e-01 1.341496132435e-01 6.887422484675e-01 4.374576444083e+01 4.846307848161e-02
27 10 3 1.14778172 0.85582194 1.29521590 3.80496558 0.68734293 3.112854513952e-01 1.304788539249e-01 6.686189463651e-01 4.222837773372e+01 4.675358522298e-02
27 11 3 1.14778172 0.85582194 1.29521590 3.80496558 0.68734293 2.998105246175e-01 1.265279248067e-01 6.468738597318e-01 4.094503109632e+01 4.510215392255e-02
27 12 3 1.14778172 0.85582194 1.29521590 3.80496558 0.68734293 2.896564909286e-01 1.207548117518e-01 6.275287426176e-01 3.976919700781e+01 4.351322075422e-02
27 13 3 1.14778172 0.85582194 1.29521590 3.80496558 0.68734293 2.824713044521e-01 1.167610811167e-01 5.978415648954e-01 3.857031655561e+01 4.199126568770e-02
27 14 3 1.14778172 0.85582194 1.29521590 3.80496558 0.68734293 2.701297461819e-01 1.135301870637e-01 5.712146073014e-01 3.733291735260e+01 4.054068711095e-02
27 15 3 1.14778172 0.85582194 1.29521590 3.80496558 0.68734293 2.647916131549e-01 1.053296835069e-01 5.405423427053e-01 3.615232969335e+01 3.916569331980e-02
27 16 3 1.14778172 0.85582194 1.29521590 3.80496558 0.68734293 2.553308259290e-01 9.930424236236e-02 5.207325520778e-01 3.511237094672e+01 3.787021303258e-02
27 17 3 1.14778172 0.85582194 1.29521590 3.80496558 0.68734293 2.486284111793e-01 9.687200819310e-02 5.043842251296e-01 3.419485345081e+01 3.665782609101e-02
27 18 3 1.14778172 0.85582194 1.29521590 3.80496558 0.68734293 2.408964719315e-01 9.473913321167e-02 4.920293650671e-01 3.332962200259e+01 3.553171453740e-02
27 19 3 1.14778172 0.85582194 1.29521590 3.80496558 0.68734293 2.367566819529e-01 9.365353669188e-02 4.829592931669e-01 3.248673534326e+01 3.449463335076e-02
27 20 3 1.14778172 0.85582194 1.29521590 3.80496558 0.68734293 2.279914990644e-01 9.073775248476e-02 4.733206646298e-01 3.168117090631e+01 3.354889931718e-02
27 21 3 1.14778172 0.85582194 1.29521590 3.80496558 0.68734293 2.255286825664e-01 9.009832316753e-02 4.720149376422e-01 3.093413489239e+01 3.269639583407e-02
27 22 3 1.14778172 0.85582194 1.29521590 3.80496558 0.68734293 2.194002493856e-01 9.135995962294e-02 4.673255657226e-01 3.026887969756e+01 3.193859092613e-02
27 23 3 1.14778172 0.85582194 1.29521590 3.80496558 0.68734293 2.150669617137e-01 8.959077964832e-02 4.649966554756e-01 2.970731616501e+01 3.127656540049e-02
27 24 3 1.14778172 0.85582194 1.29521590 3.80496558 0.68734293 2.127758980853e-01 8.932684396748e-02 4.545615524262e-01 2.925036282340e+01 3.071104789626e-02
27 25 3 1.14778172 0.85582194 1.29521590 3.80496558 0.68734293 2.079370795224e-01 8.727913827230e-02 4.426612707438e-01 2.888917116117e+01 3.024245359129e-02
27 26 3 1.14778172 0.85582194 1.29521590 3.80496558 0.68734293 2.068650541978e-01 8.250076598843e-02 4.319414171443e-01 2.861853731228e+01 2.987092350638e-02
27 27 3 1.14778172 0.85582194 1.29521590 3.80496558 0.68734293 2.038371341939e-01 8.095909992600e-02 4.202481843925e-01 2.839776499259e+01 2.959636168105e-02
27 28 3 1.14778172 0.85582194 1.29521590 3.80496558 0.68734293 2.031104882447e-01 7.981510961322e-02 4.153423759075e-01 2.814580313582e+01 2.941846796074e-02
27 29 3 1.14778172 0.85582194 1.29521590 3.80496558 0.68734293 2.008821127745e-01 7.909807731519e-02 4.044566304133e-01 2.784967411379e+01 2.933676470768e-02
27 30 3 1.14778172 0.85582194 1.29521590 3.80496558 0.68734293 2.028795603510e-01 7.730153030420e-02 4.041158190387e-01 2.763193822773e+01 2.935061639208e-02
27 31 3 1.14778172 0.85582194 1.29521590 3.80496558 0.68734293 1.993969577741e-01 7.492564562905e-02 4.011890034632e-01 2.762703326048e+01 2.945924170331e-02
27 32 3 1.14778172 0.85582194 1.29521590 3.80496558 0.68734293 2.039249425580e-01 7.917101070946e-02 4.118975114967e-01 2.782710859760e+01 2.966171850555e-02
27 33 3 1.14778172 0.85582194 1.29521590 3.80496558 0.68734293 2.021386766405e-01 8.317065802039e-02 4.194547760213e-01 2.811182634572e+01 2.995698261201e-02
27 34 3 1.14778172 0.85582194 1.29521590 3.80496558 0.68734293 2.053031326191e-01 8.321952859381e-02 4.311015117307e-01 2.838511888828e+01 3.034382193354e-02
27 35 3 1.14778172 0.85582194 1.29521590 3.80496558 0.68734293 2.071238141247e-01 8.460763083399e-02 4.381539816620e-01 2.862614027167e+01 3.082086803875e-02
27 36 3 1.14778172 0.85582194 1.29521590 3.80496558 0.68734293 2.104680064917e-01 8.591778870712e-02 4.449283844339e-01 2.886454251171e+01 3.138658751855e-02
27 37 3 1.14778172 0.85582194 1.29521590 3.80496558 0.68734293 2.125002339041e-01 8.876557213548e-02 4.531211063924e-01 2.916981518032e+01 3.203927575744e-02
27 38 3 1.14778172 0.85582194 1.29521590 3.80496558 0.68734293 2.180699312523e-01 9.009163359394e-02 4.577895998410e-01 2.961314847735e+01 3.277705576333e-02
27 39 3 1.14778172 0.85582194 1.29521590 3.80496558 0.68734293 2.214523645246e-01 8.810059232128e-02 4.624670392539e-01 3.019783754101e+01 3.359788459182e-02
27 40 3 1.14778172 0.85582194 1.29521590 3.80496558 0.68734293 2.261789129553e-01 8.900097734118e-02 4.622693342549e-01 3.087057632898e+01 3.449956962031e-02
27 41 3 1.14778172 0.85582194 1.29521590 3.80496558 0.68734293 2.329300979477e-01 8.923698948629e-02 4.657278417112e-01 3.160544194252e+01 3.547979649267e-02
27 42 3 1.14778172 0.85582194 1.29521590 3.80496558 0.68734293 2.376694429370e-01 9.029238949268e-02 4.744563674872e-01 3.241122296580e+01 3.653616998292e-02
27 43 3 1.14778172 0.85582194 1.29521590 3.80496558 0.68734293 2.449862846942e-01 9.540804475995e-02 4.885207685742e-01 3.326365943431e+01 3.766626834043e-02
27 44 3 1.14778172 0.85582194 1.29521590 3.80496558 0.68734293 2.520707490304e-01 9.833202211716e-02 5.083435896210e-01 3.411930285215e+01 3.886771090983e-02
27 45 3 1.14778172 0.85582194 1.29521590 3.80496558 0.68734293 2.596964622061e-01 1.016122671739e-01 5.267355392430e-01 3.500289387110e+01 4.013823800024e-02
27 46 3 1.14778172 0.85582194 1.29521590 3.80496558 0.68734293 2.676344374639e-01 1.066658680379e-01 5.507621327547e-01 3.600069715689e+01 4.147580114886e-02
27 47 3 1.14778172 0.85582194 1.29521590 3.80496558 0.68734293 2.773918879182e-01 1.127362400668e-01 5.759053133709e-01 3.715200204573e+01 4.287866112400e-02
27 48 3 1.14778172 0.85582194 1.29521590 3.80496558 0.68734293 2.852790671288e-01 1.202604313498e-01 6.037122004210e-01 3.839708806531e+01 4.434549028042e-02
27 49 3 1.14778172 0.85582194 1.29521590 3.80496558 0.68734293 2.966523801991e-01 1.223465761697e-01 6.299618080799e-01 3.964179628858e+01 4.587547525670e-02
27 50 3 1.14778172 0.85582194 1.29521590 3.80496558 0.68734293 3.063821100990e-01 1.234077218715e-01 6.449709021036e-01 4.085821416821e+01 4.746841552261e-02
27 51 3 1.14778172 0.85582194 1.29521590 3.80496558 0.68734293 3.168848362999e-01 1.284202580049e-01 6.636050550129e-01 4.213032173917e+01 4.912481297711e-02
27 52 3 1.14778172 0.85582194 1.29521590 3.80496558 0.68734293 3.298128893616e-01 1.313436056568e-01 6.714452702868e-01 4.358854997940e+01 5.084594768690e-02
27 53 3 1.14778172 0.85582194 1.29521590 3.80496558 0.68734293 3.410179089327e-01 1.338641374078e-01 6.967064757488e-01 4.526427394460e+01 5.263393496007e-02
27 54 3 1.14778172 0.85582194 1.29521590 3.80496558 0.68734293 3.528051808233e-01 1.369622059778e-01 7.090722889534e-01 4.702839776044e+01 5.449175927543e-02
27 55 3 1.14778172 0.85582194 1.29521590 3.80496558 0.68734293 3.688454236801e-01 1.411286651643e-01 7.378840647846e-01 4.871644983767e+01 5.642328113792e-02
27 56 3 1.14778172 0.85582194 1.29521590 3.80496558 0.68734293 3.793888140249e-01 1.482692752571e-01 7.552682889844e-01 5.029074369788e+01 5.843321369052e-02
27 57 3 1.14778172 0.85582194 1.29521590 3.80496558 0.68734293 3.955022681907e-01 1.545548237584e-01 7.931311230592e-01 5.185420346176e+01 6.052706686766e-02
27 58 3 1.14778172 0.85582194 1.29521590 3.80496558 0.68734293 4.107137894552e-01 1.627545333227e-01 8.311687970388e-01 5.355434699073e+01 6.271105799288e-02
27 59 3 1.14778172 0.85582194 1.29521590 3.80496558 0.68734293 4.251181916508e-01 1.732493452837e-01 8.789330153936e-01 5.548973091249e+01 6.499198897064e-02
27 60 3 1.14778172 0.85582194 1.29521590 3.80496558 0.68734293 4.409895735309e-01 1.802812049985e-01 9.217562292817e-01 5.764784651110e+01 6.737709155399e-02
27 61 3 1.14778172 0.85582194 1.29521590 3.80496558 0.68734293 4.596655300078e-01 1.860644831123e-01 9.566710835231e-01 5.991631640331e+01 6.987384353880e-02
27 62 3 1.14778172 0.85582194 1.29521590 3.80496558 0.68734293 4.740311431845e-01 1.930373544770e-01 9.940681596664e-01 6.218831493790e+01 7.248976008711e-02
27 63 3 1.14778172 0.85582194 1.29521590 3.80496558 0.68734293 4.932084974965e-01 2.008046797784e-01 1.025661181852e+00 6.442605833543e+01 7.523216566549e-02
28 0 3 1.17430693 0.78773977 1.15919638 2.96289840 0.69323406 3.035488426024e-03 1.148395841834e-01 6.008011778542e-01 2.340951909292e+01 9.054058133187e-04
28 1 3 1.17430693 0.78773977 1.15919638 2.96289840 0.69323406 2.679920355967e-03 1.584840066697e-01 5.725378961218e-01 2.254126601378e+01 8.724272923732e-04
28 2 3 1.17430693 0.78773977 1.15919638 2.96289840 0.69323406 2.760767800205e-03 1.543270012025e-01 5.434595323862e-01 2.167502928166e+01 8.404996387390e-04
28 3 3 1.17430693 0.78773977 1.15919638 2.96289840 0.69323406 2.600712683337e-03 1.024861159764e-01 5.177626689143e-01 2.086157330767e+01 8.096229199779e-04
28 4 3 1.17430693 0.78773977 1.15919638 2.96289840 0.69323406 2.455561650275e-03 7.070719595752e-02 4.922362336961e-01 2.012300278033e+01 7.797972014269e-04
28 5 3 1.17430693 0.78773977 1.15919638 2.96289840 0.69323406 2.470022275226e-03 9.323924852258e-02 4.750073250513e-01 1.946457124629e+01 7.510225461988e-04
28 6 3 1.17430693 0.78773977 1.15919638 2.96289840 0.69323406 2.251011957238e-03 1.304605691422e-01 4.580825100624e-01 1.888724607987e+01 7.232990151828e-04
28 7 3 1.17430693 0.78773977 1.15919638 2.96289840 0.69323406 2.316380511991e-03 1.276161665527e-01 4.499796030149e-01 1.836550633194e+01 6.966266670437e-04
28 8 3 1.17430693 0.78773977 1.15919638 2.96289840 0.69323406 2.071269550251e-03 8.632117415267e-02 4.383133047538e-01 1.783505358080e+01 6.710055582221e-04
28 9 3 1.17430693 0.78773977 1.15919638 2.96289840 0.69323406 2.157291793593e-03 6.335362287962e-02 4.308709899081e-01 1.723601347816e+01 6.464357429335e-04
28 10 3 1.17430693 0.78773977 1.15919638 2.96289840 0.69323406 1.912171429942e-03 8.713080655153e-02 4.189792280225e-01 1.656757584128e+01 6.229172731696e-04
28 11 3 1.17430693 0.78773977 1.15919638 2.96289840 0.69323406 2.030469901793e-03 1.181432831554e-01 4.086511695492e-01 1.588449670292e+01 6.004501986969e-04
28 12 3 1.17430693 0.78773977 1.15919638 2.96289840 0.69323406 1.771256940553e-03 1.122848177143e-01 3.989687936290e-01 1.524861954204e+01 5.790345670572e-04
28 13 3 1.17430693 0.78773977 1.15919638 2.96289840 0.69323406 1.849681407731e-03 7.754965243096e-02 3.892210553072e-01 1.469669448797e+01 5.586704235672e-04
28 14 3 1.17430693 0.78773977 1.15919638 2.96289840 0.69323406 1.733140896133e-03 5.843713540582e-02 3.833489405948e-01 1.423900838060e+01 5.393578113190e-04
28 15 3 1.17430693 0.78773977 1.15919638 2.96289840 0.69323406 1.655035384927e-03 7.775856907301e-02 3.738990092421e-01 1.386370550027e+01 5.210967711791e-04
28 16 3 1.17430693 0.78773977 1.15919638 2.96289840 0.69323406 1.655487614400e-03 1.043070485195e-01 3.670147499253e-01 1.353983924057e+01 5.038873417894e-04
28 17 3 1.17430693 0.78773977 1.15919638 2.96289840 0.69323406 1.538611134116e-03 9.881324835616e-02 3.556178953691e-01 1.322914082978e+01 4.877295595657e-04
28 18 3 1.17430693 0.78773977 1.15919638 2.96289840 0.69323406 1.580442535502e-03 6.884450174628e-02 3.446546562850e-01 1.290229080856e+01 4.726234586994e-04
28 19 3 1.17430693 0.78773977 1.15919638 2.96289840 0.69323406 1.427109692656e-03 5.169115133904e-02 3.326268207146e-01 1.255047732417e+01 4.585690711556e-04
28 20 3 1.17430693 0.78773977 1.15919638 2.96289840 0.69323406 1.496399242721e-03 6.463448307607e-02 3.190760482745e-01 1.219348427842e+01 4.455664266745e-04
28 21 3 1.17430693 0.78773977 1.15919638 2.96289840 0.69323406 1.380984871456e-03 8.505893912794e-02 3.083522408777e-01 1.187537604115e+01 4.336155527704e-04
28 22 3 1.17430693 0.78773977 1.15919638 2.96289840 0.69323406 1.396792974066e-03 8.115020686962e-02 2.951553889659e-01 1.163303361769e+01 4.227164747322e-04
28 23 3 1.17430693 0.78773977 1.15919638 2.96289840 0.69323406 1.335265648840e-03 5.653989567961e-02 2.867050028975e-01 1.146164524615e+01 4.128692156232e-04
28 24 3 1.17430693 0.78773977 1.15919638 2.96289840 0.69323406 1.331664045747e-03 4.231552276894e-02 2.770591808022e-01 1.132251894628e+01 4.040737962806e-04
28 25 3 1.17430693 0.78773977 1.15919638 2.96289840 0.69323406 1.305487270345e-03 5.344075674627e-02 2.708440452893e-01 1.118512415785e+01 3.963302353162e-04
28 26 3 1.17430693 0.78773977 1.15919638 2.96289840 0.69323406 1.274556699275e-03 7.235423091826e-02 2.654554881775e-01 1.104444731083e+01 3.896385491159e-04
28 27 3 1.17430693 0.78773977 1.15919638 2.96289840 0.69323406 1.281620511548e-03 7.148735535093e-02 2.595374578655e-01 1.089893926413e+01 3.839987518397e-04
28 28 3 1.17430693 0.78773977 1.15919638 2.96289840 0.69323406 1.241073756639e-03 5.038102745543e-02 2.570262769788e-01 1.074333925376e+01 3.794108554217e-04
28 29 3 1.17430693 0.78773977 1.15919638 2.96289840 0.69323406 1.282988020142e-03 3.777353162682e-02 2.518094992770e-01 1.059723118141e+01 3.758748695703e-04
28 30 3 1.17430693 0.78773977 1.15919638 2.96289840 0.69323406 1.215171826020e-03 4.975237921842e-02 2.534101662372e-01 1.051264589059e+01 3.733908017679e-04
28 31 3 1.17430693 0.78773977 1.15919638 2.96289840 0.69323406 1.265213909572e-03 6.956061555960e-02 2.530601928539e-01 1.052950774830e+01 3.719586572708e-04
28 32 3 1.17430693 0.78773977 1.15919638 2.96289840 0.69323406 1.268524377915e-03 7.155776872467e-02 2.598469456671e-01 1.063530887197e+01 3.715784391096e-04
28 33 3 1.17430693 0.78773977 1.15919638 2.96289840 0.69323406 1.224685500670e-03 5.298582621051e-02 2.650258290003e-01 1.078279320036e+01 3.722501480889e-04
28 34 3 1.17430693 0.78773977 1.15919638 2.96289840 0.69323406 1.296923404917e-03 4.088865798857e-02 2.729761303501e-01 1.093479277827e+01 3.739737827873e-04
28 35 3 1.17430693 0.78773977 1.15919638 2.96289840 0.69323406 1.263309605060e-03 5.594957699327e-02 2.799846386839e-01 1.107628949366e+01 3.767493395575e-04
28 36 3 1.17430693 0.78773977 1.15919638 2.96289840 0.69323406 1.308519959406e-03 7.998265140121e-02 2.859015773782e-01 1.119960429585e+01 3.805768125261e-04
28 37 3 1.17430693 0.78773977 1.15919638 2.96289840 0.69323406 1.307652680911e-03 8.213385051850e-02 2.936437201433e-01 1.130696882777e+01 3.854561935941e-04
28 38 3 1.17430693 0.78773977 1.15919638 2.96289840 0.69323406 1.345039079069e-03 6.104448493606e-02 2.998515382324e-01 1.142385118855e+01 3.913874724363e-04
28 39 3 1.17430693 0.78773977 1.15919638 2.96289840 0.69323406 1.376822816696e-03 4.677235989502e-02 3.089044904253e-01 1.158798478410e+01 3.983706365018e-04
28 40 3 1.17430693 0.78773977 1.15919638 2.96289840 0.69323406 1.386914395394e-03 6.335257098844e-02 3.173288246131e-01 1.182278671623e+01 4.064056710137e-04
28 41 3 1.17430693 0.78773977 1.15919638 2.96289840 0.69323406 1.454502237586e-03 9.237310461233e-02 3.253747525194e-01 1.212656646941e+01 4.154925589694e-04
28 42 3 1.17430693 0.78773977 1.15919638 2.96289840 0.69323406 1.443019380644e-03 9.536383472968e-02 3.348317062809e-01 1.247698953591e+01 4.256312811405e-04
28 43 3 1.17430693 0.78773977 1.15919638 2.96289840 0.69323406 1.568851882097e-03 6.975677611541e-02 3.396066823048e-01 1.283738001917e+01 4.368218160727e-04
28 44 3 1.17430693 0.78773977 1.15919638 2.96289840 0.69323406 1.499663768076e-03 5.241787640298e-02 3.487683086565e-01 1.317437815488e+01 4.490641400861e-04
28 45 3 1.17430693 0.78773977 1.15919638 2.96289840 0.69323406 1.664596232829e-03 7.019475569590e-02 3.507756329415e-01 1.348906071119e+01 4.623582272752e-04
28 46 3 1.17430693 0.78773977 1.15919638 2.96289840 0.69323406 1.624018675837e-03 1.020450844081e-01 3.587591186339e-01 1.382438366972e+01 4.767040495088e-04
28 47 3 1.17430693 0.78773977 1.15919638 2.96289840 0.69323406 1.751877965933e-03 1.036668928853e-01 3.606860296407e-01 1.422813830159e+01 4.921015764304e-04
28 48 3 1.17430693 0.78773977 1.15919638 2.96289840 0.69323406 1.752973031323e-03 7.285808825290e-02 3.688120335188e-01 1.471633976049e+01 5.085507754576e-04
28 49 3 1.17430693 0.78773977 1.15919638 2.96289840 0.69323406 1.838018311507e-03 5.504966379505e-02 3.755710433681e-01 1.527948590779e+01 5.260516117830e-04
28 50 3 1.17430693 0.78773977 1.15919638 2.96289840 0.69323406 1.966117949351e-03 7.786287042437e-02 3.870824717786e-01 1.590277644361e+01 5.446040483735e-04
28 51 3 1.17430693 0.78773977 1.15919638 2.96289840 0.69323406 1.883494138018e-03 1.143769431392e-01 4.004503918403e-01 1.655796474759e+01 5.642080459711e-04
28 52 3 1.17430693 0.78773977 1.15919638 2.96289840 0.69323406 2.159380171106e-03 1.166346245890e-01 4.144722721223e-01 1.719140837046e+01 5.848635630923e-04
28 53 3 1.17430693 0.78773977 1.15919638 2.96289840 0.69323406 2.038234778032e-03 8.181865984735e-02 4.301364443228e-01 1.775400996583e+01 6.065705560290e-04
28 54 3 1.17430693 0.78773977 1.15919638 2.96289840 0.69323406 2.298211051215e-03 6.391293733586e-02 4.453356316506e-01 1.824932185797e+01 6.293289788474e-04
28 55 3 1.17430693 0.78773977 1.15919638 2.96289840 0.69323406 2.207590024876e-03 9.492327462891e-02 4.630288134808e-01 1.873842655094e+01 6.531387833897e-04
28 56 3 1.17430693 0.78773977 1.15919638 2.96289840 0.69323406 2.470939673515e-03 1.373497547343e-01 4.853226715626e-01 1.929716562765e+01 6.779999192721e-04
28 57 3 1.17430693 0.78773977 1.15919638 2.96289840 0.69323406 2.399396923299e-03 1.393673850388e-01 5.100094685822e-01 1.997127215332e+01 7.039123338875e-04
28 58 3 1.17430693 0.78773977 1.15919638 2.96289840 0.69323406 2.635558893217e-03 1.028810687421e-01 5.422441754992e-01 2.075828510320e+01 7.308759724033e-04
28 59 3 1.17430693 0.78773977 1.15919638 2.96289840 0.69323406 2.618828469072e-03 8.569297931842e-02 5.710189192058e-01 2.161739809902e+01 7.588907777626e-04
28 60 3 1.17430693 0.78773977 1.15919638 2.96289840 0.69323406 2.770964643305e-03 1.259151317658e-01 6.049252435977e-01 2.249862337340e+01 7.879566906841e-04
28 61 3 1.17430693 0.78773977 1.15919638 2.96289840 0.69323406 2.946517650091e-03 1.796290633829e-01 6.306810938661e-01 2.336942219735e+01 8.180736496630e-04
28 62 3 1.17430693 0.78773977 1.15919638 2.96289840 0.69323406 2.855157613474e-03 1.809979063630e-01 6.601448371657e-01 2.421646887839e+01 8.492415909698e-04
28 63 3 1.17430693 0.78773977 1.15919638 2.96289840 0.69323406 3.233166499140e-03 1.351497237291e-01 6.836373230840e-01 2.503902055470e+01 8.814604486502e-04
