# environment=00031 local_bs=2 gain_scale=4.992940703517e-13
# ue subcarrier serving_bs phi0 phi1 phi2 phi3 phi4 gain0 gain1 gain2 gain3 gain4
8 0 2 0.86665973 1.07516700 1.83728167 0.84537155 1.60897291 3.371480922768e-01 5.930061604816e-01 6.670856669779e+00 3.368142935703e-01 4.028248600423e+00
8 1 2 0.86665973 1.07516700 1.83728167 0.84537155 1.60897291 3.278450771400e-01 5.392219228405e-01 6.448407626938e+00 2.469081067326e-01 3.843698447589e+00
8 2 2 0.86665973 1.07516700 1.83728167 0.84537155 1.60897291 3.153136855024e-01 6.650195181821e-01 6.200592698003e+00 2.910187388526e-01 3.683363705812e+00
8 3 2 0.86665973 1.07516700 1.83728167 0.84537155 1.60897291 3.012633493282e-01 4.908127579562e-01 5.921037976451e+00 3.334756037201e-01 3.521153537995e+00
8 4 2 0.86665973 1.07516700 1.83728167 0.84537155 1.60897291 2.959632956685e-01 5.530716225071e-01 5.708610454987e+00 2.574880895681e-01 3.361802985286e+00
8 5 2 0.86665973 1.07516700 1.83728167 0.84537155 1.60897291 2.932196314373e-01 5.773789372608e-01 5.537716340967e+00 2.233508086545e-01 3.260648723699e+00
8 6 2 0.86665973 1.07516700 1.83728167 0.84537155 1.60897291 2.844588622604e-01 4.345027269782e-01 5.382760308764e+00 2.868971791453e-01 3.109286910239e+00
8 7 2 0.86665973 1.07516700 1.83728167 0.84537155 1.60897291 2.702773038772e-01 5.618592297003e-01 5.171288481358e+00 2.805864260191e-01 3.033961791240e+00
8 8 2 0.86665973 1.07516700 1.83728167 0.84537155 1.60897291 2.601189501491e-01 4.811689192630e-01 4.964713636852e+00 2.030516414304e-01 2.950148811144e+00
8 9 2 0.86665973 1.07516700 1.83728167 0.84537155 1.60897291 2.558624125576e-01 4.390316061772e-01 4.762906269093e+00 2.181252578616e-01 2.876848104887e+00
8 10 2 0.86665973 1.07516700 1.83728167 0.84537155 1.60897291 2.461105164806e-01 5.511507737999e-01 4.625867290677e+00 2.642280783115e-01 2.803212019729e+00
8 11 2 0.86665973 1.07516700 1.83728167 0.84537155 1.60897291 2.323003241258e-01 4.217474670834e-01 4.492124502547e+00 2.117363942475e-01 2.689112692903e+00
8 12 2 0.86665973 1.07516700 1.83728167 0.84537155 1.60897291 2.221897130859e-01 4.871084218354e-01 4.347458000760e+00 1.648412245087e-01 2.610302650185e+00
8 13 2 0.86665973 1.07516700 1.83728167 0.84537155 1.60897291 2.138743581563e-01 5.199370505283e-01 4.182912563446e+00 2.072630623694e-01 2.518434381839e+00
8 14 2 0.86665973 1.07516700 1.83728167 0.84537155 1.60897291 2.035040022390e-01 4.198890734082e-01 4.044126387622e+00 2.125458022375e-01 2.429008075259e+00
8 15 2 0.86665973 1.07516700 1.83728167 0.84537155 1.60897291 1.919570772976e-01 5.333198465086e-01 3.896217465819e+00 1.518028989838e-01 2.324866223036e+00
8 16 2 0.86665973 1.07516700 1.83728167 0.84537155 1.60897291 1.870645938487e-01 4.864502315078e-01 3.800099766905e+00 1.548597632754e-01 2.214265695014e+00
8 17 2 0.86665973 1.07516700 1.83728167 0.84537155 1.60897291 1.883745894552e-01 4.497857486864e-01 3.717128097908e+00 1.959651403701e-01 2.153529221406e+00
8 18 2 0.86665973 1.07516700 1.83728167 0.84537155 1.60897291 1.871987458031e-01 5.535860357606e-01 3.611532183417e+00 1.707800381339e-01 2.101910893198e+00
8 19 2 0.86665973 1.07516700 1.83728167 0.84537155 1.60897291 1.841964270580e-01 4.527970897186e-01 3.485187936067e+00 1.362158559418e-01 2.061478198950e+00
8 20 2 0.86665973 1.07516700 1.83728167 0.84537155 1.60897291 1.812547640905e-01 4.863905242896e-01 3.397602542815e+00 1.684321040849e-01 2.016491707938e+00
8 21 2 0.86665973 1.07516700 1.83728167 0.84537155 1.60897291 1.763183928540e-01 5.354306659572e-01 3.309191004825e+00 1.888709270644e-01 1.958462468550e+00
8 22 2 0.86665973 1.07516700 1.83728167 0.84537155 1.60897291 1.684074479802e-01 4.266592916685e-01 3.263628072248e+00 1.479720397275e-01 1.956165510146e+00
8 23 2 0.86665973 1.07516700 1.83728167 0.84537155 1.60897291 1.605916514372e-01 5.140385865553e-01 3.230047077071e+00 1.368638834228e-01 1.934262483976e+00
8 24 2 0.86665973 1.07516700 1.83728167 0.84537155 1.60897291 1.587915896897e-01 4.847027678572e-01 3.155193209278e+00 1.721261419704e-01 1.906247188420e+00
8 25 2 0.86665973 1.07516700 1.83728167 0.84537155 1.60897291 1.592804323322e-01 4.249837246382e-01 3.058337976464e+00 1.626798629426e-01 1.864468901692e+00
8 26 2 0.86665973 1.07516700 1.83728167 0.84537155 1.60897291 1.565012339876e-01 5.182568445161e-01 3.034357966676e+00 1.194743607009e-01 1.798200282755e+00
8 27 2 0.86665973 1.07516700 1.83728167 0.84537155 1.60897291 1.540553309072e-01 4.361777187029e-01 3.025967494493e+00 1.321848271037e-01 1.791178330495e+00
8 28 2 0.86665973 1.07516700 1.83728167 0.84537155 1.60897291 1.535672640965e-01 4.463754429407e-01 3.019193959116e+00 1.585652236708e-01 1.774383807765e+00
8 29 2 0.86665973 1.07516700 1.83728167 0.84537155 1.60897291 1.523627384913e-01 5.082562230449e-01 3.004260416975e+00 1.261391558744e-01 1.744828880506e+00
8 30 2 0.86665973 1.07516700 1.83728167 0.84537155 1.60897291 1.484016689705e-01 4.129342939769e-01 2.964619831425e+00 1.079493101272e-01 1.738955157314e+00
8 31 2 0.86665973 1.07516700 1.83728167 0.84537155 1.60897291 1.459437086559e-01 4.854880759764e-01 2.927616109388e+00 1.452032525328e-01 1.707646480541e+00
8 32 2 0.86665973 1.07516700 1.83728167 0.84537155 1.60897291 1.505332065114e-01 4.931705866429e-01 2.978632658309e+00 1.518722871348e-01 1.757433920067e+00
8 33 2 0.86665973 1.07516700 1.83728167 0.84537155 1.60897291 1.559443048812e-01 4.228474740601e-01 3.031046123694e+00 1.178542059609e-01 1.790667133788e+00
8 34 2 0.86665973 1.07516700 1.83728167 0.84537155 1.60897291 1.566472620551e-01 5.320518106722e-01 3.036933820249e+00 1.337891138770e-01 1.808957367275e+00
8 35 2 0.86665973 1.07516700 1.83728167 0.84537155 1.60897291 1.565265680904e-01 4.722248644163e-01 3.039240112935e+00 1.734946527764e-01 1.835056737585e+00
8 36 2 0.86665973 1.07516700 1.83728167 0.84537155 1.60897291 1.587033479062e-01 4.660165564531e-01 3.068579959652e+00 1.536571576022e-01 1.842363305697e+00
8 37 2 0.86665973 1.07516700 1.83728167 0.84537155 1.60897291 1.619949879671e-01 5.579680035943e-01 3.112562839488e+00 1.291760462107e-01 1.890101119560e+00
8 38 2 0.86665973 1.07516700 1.83728167 0.84537155 1.60897291 1.630896946893e-01 4.550017967687e-01 3.211133649281e+00 1.638704636159e-01 1.935201876656e+00
8 39 2 0.86665973 1.07516700 1.83728167 0.84537155 1.60897291 1.656407007296e-01 5.201991975981e-01 3.291281024841e+00 1.831222774868e-01 1.933920092397e+00
8 40 2 0.86665973 1.07516700 1.83728167 0.84537155 1.60897291 1.737377011302e-01 5.482169915417e-01 3.320032801081e+00 1.415340160935e-01 1.957222357764e+00
8 41 2 0.86665973 1.07516700 1.83728167 0.84537155 1.60897291 1.804417048986e-01 4.499637453914e-01 3.370745719672e+00 1.373218017673e-01 1.975279748458e+00
8 42 2 0.86665973 1.07516700 1.83728167 0.84537155 1.60897291 1.821761855892e-01 5.596274928618e-01 3.480696130351e+00 1.838464610670e-01 2.035239978418e+00
8 43 2 0.86665973 1.07516700 1.83728167 0.84537155 1.60897291 1.825576864124e-01 5.079611118239e-01 3.587424953206e+00 1.720758020533e-01 2.118058807482e+00
8 44 2 0.86665973 1.07516700 1.83728167 0.84537155 1.60897291 1.845969911746e-01 4.630702431079e-01 3.705339017254e+00 1.329494824028e-01 2.157235014532e+00
8 45 2 0.86665973 1.07516700 1.83728167 0.84537155 1.60897291 1.882155887722e-01 5.738112494467e-01 3.814780948156e+00 1.714119282729e-01 2.244434637417e+00
8 46 2 0.86665973 1.07516700 1.83728167 0.84537155 1.60897291 1.919240588547e-01 4.576928944415e-01 3.899437569567e+00 2.127029464657e-01 2.316401998440e+00
8 47 2 0.86665973 1.07516700 1.83728167 0.84537155 1.60897291 2.015222986256e-01 5.041533901984e-01 4.009060382365e+00 1.711444503483e-01 2.439866829380e+00
8 48 2 0.86665973 1.07516700 1.83728167 0.84537155 1.60897291 2.172746253830e-01 5.583075556510e-01 4.172493539429e+00 1.672331364009e-01 2.535795414498e+00
8 49 2 0.86665973 1.07516700 1.83728167 0.84537155 1.60897291 2.291247344208e-01 4.355815348074e-01 4.328761749921e+00 2.373837705073e-01 2.608376198565e+00
8 50 2 0.86665973 1.07516700 1.83728167 0.84537155 1.60897291 2.364852824837e-01 5.659092080362e-01 4.480068635348e+00 2.378482985281e-01 2.678238752709e+00
8 51 2 0.86665973 1.07516700 1.83728167 0.84537155 1.60897291 2.447315149438e-01 5.241640438615e-01 4.629569473039e+00 1.872750645558e-01 2.751062159177e+00
8 52 2 0.86665973 1.07516700 1.83728167 0.84537155 1.60897291 2.553856663297e-01 4.705628561213e-01 4.767103141975e+00 2.261776208710e-01 2.844053370087e+00
8 53 2 0.86665973 1.07516700 1.83728167 0.84537155 1.60897291 2.630936389514e-01 6.191945776087e-01 4.927656292703e+00 2.853666557642e-01 2.930040736275e+00
8 54 2 0.86665973 1.07516700 1.83728167 0.84537155 1.60897291 2.655439616479e-01 4.945828052390e-01 5.139513622201e+00 2.391622341003e-01 2.998988646732e+00
8 55 2 0.86665973 1.07516700 1.83728167 0.84537155 1.60897291 2.738510336972e-01 5.531348492534e-01 5.358790581992e+00 2.101435503241e-01 3.115446522991e+00
8 56 2 0.86665973 1.07516700 1.83728167 0.84537155 1.60897291 2.875310524214e-01 6.358408493554e-01 5.550377625836e+00 2.851140177585e-01 3.229703529923e+00
8 57 2 0.86665973 1.07516700 1.83728167 0.84537155 1.60897291 2.952383879369e-01 4.894255254346e-01 5.716093713706e+00 3.063173746235e-01 3.396441393379e+00
8 58 2 0.86665973 1.07516700 1.83728167 0.84537155 1.60897291 2.989529712476e-01 6.457035044283e-01 5.894644401958e+00 2.368404942572e-01 3.552842626782e+00
8 59 2 0.86665973 1.07516700 1.83728167 0.84537155 1.60897291 3.078688807192e-01 6.043169333798e-01 6.142094789461e+00 2.620778847331e-01 3.687360332351e+00
8 60 2 0.86665973 1.07516700 1.83728167 0.84537155 1.60897291 3.263760724969e-01 5.240779619027e-01 6.420929127911e+00 3.555608422726e-01 3.877512236508e+00
8 61 2 0.86665973 1.07516700 1.83728167 0.84537155 1.60897291 3.440901279131e-01 7.072749922165e-01 6.668698971860e+00 3.166350051940e-01 4.002877929107e+00
8 62 2 0.86665973 1.07516700 1.83728167 0.84537155 1.60897291 3.556503233712e-01 5.506973095150e-01 6.867393011074e+00 2.612161557616e-01 4.158030961495e+00
8 63 2 0.86665973 1.07516700 1.83728167 0.84537155 1.60897291 3.724796755647e-01 6.132352196954e-01 7.066193139537e+00 3.563077666635e-01 4.281464143310e+00
10 0 2 1.39627075 1.11471968 2.71895274 1.01603723 1.81311236 2.238735033434e+00 1.120996767841e+00 3.039753082535e+01 6.077449107991e-01 6.284636635328e+00
10 1 2 1.39627075 1.11471968 2.71895274 1.01603723 1.81311236 2.180413423752e+00 8.474428599054e-01 2.919679957542e+01 6.531197439624e-01 6.887985323955e+00
10 2 2 1.39627075 1.11471968 2.71895274 1.01603723 1.81311236 2.150991815389e+00 7.387742555910e-01 2.805909108196e+01 6.619988358400e-01 5.833076737386e+00
10 3 2 1.39627075 1.11471968 2.71895274 1.01603723 1.81311236 2.059875251337e+00 9.336805021981e-01 2.705797333770e+01 5.976722959730e-01 4.980949552741e+00
10 4 2 1.39627075 1.11471968 2.71895274 1.01603723 1.81311236 2.010193948160e+00 9.661720216394e-01 2.619274133188e+01 5.209356531001e-01 5.635467915841e+00
10 5 2 1.39627075 1.11471968 2.71895274 1.01603723 1.81311236 1.924720435115e+00 7.242753755306e-01 2.537395016890e+01 5.069096432692e-01 5.875867928503e+00
10 6 2 1.39627075 1.11471968 2.71895274 1.01603723 1.81311236 1.836946404705e+00 6.531402730470e-01 2.435683664109e+01 5.362929046860e-01 4.847482832901e+00
10 7 2 1.39627075 1.11471968 2.71895274 1.01603723 1.81311236 1.786733068318e+00 8.321927203237e-01 2.358653750442e+01 5.322819596957e-01 4.423038874130e+00
10 8 2 1.39627075 1.11471968 2.71895274 1.01603723 1.81311236 1.697293362495e+00 8.382576077163e-01 2.284868572622e+01 4.808641353476e-01 5.036497870533e+00
10 9 2 1.39627075 1.11471968 2.71895274 1.01603723 1.81311236 1.651829228654e+00 6.160695275825e-01 2.190999116056e+01 4.358357194167e-01 4.957991147966e+00
10 10 2 1.39627075 1.11471968 2.71895274 1.01603723 1.81311236 1.585892485753e+00 5.613459781490e-01 2.113258525951e+01 4.384269730713e-01 4.070590608553e+00
10 11 2 1.39627075 1.11471968 2.71895274 1.01603723 1.81311236 1.510635261504e+00 7.198718622649e-01 2.044289449180e+01 4.612944660862e-01 3.958669864225e+00
10 12 2 1.39627075 1.11471968 2.71895274 1.01603723 1.81311236 1.458784590170e+00 7.285557641582e-01 1.985317400465e+01 4.497416903554e-01 4.498367051311e+00
10 13 2 1.39627075 1.11471968 2.71895274 1.01603723 1.81311236 1.381935104367e+00 5.394528696262e-01 1.933491499931e+01 4.021336078726e-01 4.210841222584e+00
10 14 2 1.39627075 1.11471968 2.71895274 1.01603723 1.81311236 1.333864850035e+00 4.825649053259e-01 1.857391458420e+01 3.614820485538e-01 3.450806652842e+00
10 15 2 1.39627075 1.11471968 2.71895274 1.01603723 1.81311236 1.303041586605e+00 6.114567833786e-01 1.797580854314e+01 3.592884370512e-01 3.588025610691e+00
10 16 2 1.39627075 1.11471968 2.71895274 1.01603723 1.81311236 1.263028258079e+00 6.253551244050e-01 1.753715912432e+01 3.803038015895e-01 4.040976239251e+00
10 17 2 1.39627075 1.11471968 2.71895274 1.01603723 1.81311236 1.266570252007e+00 4.694045831280e-01 1.695055370285e+01 3.815314178917e-01 3.601874179497e+00
10 18 2 1.39627075 1.11471968 2.71895274 1.01603723 1.81311236 1.236686897238e+00 4.262898927648e-01 1.650032214189e+01 3.526823517560e-01 3.014511919646e+00
10 19 2 1.39627075 1.11471968 2.71895274 1.01603723 1.81311236 1.220228488698e+00 5.408364353465e-01 1.608506607571e+01 3.231328113272e-01 3.298318977225e+00
10 20 2 1.39627075 1.11471968 2.71895274 1.01603723 1.81311236 1.196290174474e+00 5.431219908793e-01 1.576768482758e+01 3.186078594167e-01 3.640747812996e+00
10 21 2 1.39627075 1.11471968 2.71895274 1.01603723 1.81311236 1.146372410993e+00 4.028656400111e-01 1.545096461992e+01 3.303495861569e-01 3.169847359222e+00
10 22 2 1.39627075 1.11471968 2.71895274 1.01603723 1.81311236 1.122520231040e+00 3.831494291458e-01 1.503062185414e+01 3.267770533715e-01 2.728062780587e+00
10 23 2 1.39627075 1.11471968 2.71895274 1.01603723 1.81311236 1.080316064410e+00 4.992053958989e-01 1.466139012091e+01 3.026624182498e-01 3.084194779833e+00
10 24 2 1.39627075 1.11471968 2.71895274 1.01603723 1.81311236 1.054091015518e+00 4.952260365661e-01 1.449217301512e+01 2.843941977969e-01 3.350883013378e+00
10 25 2 1.39627075 1.11471968 2.71895274 1.01603723 1.81311236 1.044450475673e+00 3.642609228290e-01 1.433900532533e+01 2.894881356332e-01 2.870269893270e+00
10 26 2 1.39627075 1.11471968 2.71895274 1.01603723 1.81311236 1.020221228226e+00 3.526371697075e-01 1.407847910606e+01 3.073744306575e-01 2.578098195119e+00
10 27 2 1.39627075 1.11471968 2.71895274 1.01603723 1.81311236 1.021207217394e+00 4.673956371258e-01 1.400950023104e+01 3.109664583830e-01 2.988791401155e+00
10 28 2 1.39627075 1.11471968 2.71895274 1.01603723 1.81311236 1.010594454549e+00 4.729586043687e-01 1.387316222902e+01 2.918412373959e-01 3.149467115998e+00
10 29 2 1.39627075 1.11471968 2.71895274 1.01603723 1.81311236 9.981515069924e-01 3.565124597518e-01 1.382472916028e+01 2.709735268288e-01 2.697146273439e+00
10 30 2 1.39627075 1.11471968 2.71895274 1.01603723 1.81311236 1.007486770646e+00 3.458572521369e-01 1.375713400090e+01 2.696505955032e-01 2.569406165894e+00
10 31 2 1.39627075 1.11471968 2.71895274 1.01603723 1.81311236 9.925761374991e-01 4.574222177783e-01 1.362395058614e+01 2.879394535105e-01 3.002850189490e+00
10 32 2 1.39627075 1.11471968 2.71895274 1.01603723 1.81311236 1.008254082024e+00 4.677565024738e-01 1.380041197667e+01 3.016652598862e-01 3.064746078648e+00
10 33 2 1.39627075 1.11471968 2.71895274 1.01603723 1.81311236 1.013005810906e+00 3.604490068700e-01 1.392462829904e+01 2.929781837393e-01 2.637460123001e+00
10 34 2 1.39627075 1.11471968 2.71895274 1.01603723 1.81311236 1.017410323308e+00 3.637710559389e-01 1.398083618501e+01 2.789637370192e-01 2.685323801794e+00
10 35 2 1.39627075 1.11471968 2.71895274 1.01603723 1.81311236 1.040762116200e+00 4.856974992381e-01 1.409921364819e+01 2.849238683744e-01 3.164144169666e+00
10 36 2 1.39627075 1.11471968 2.71895274 1.01603723 1.81311236 1.043188624655e+00 4.875838414213e-01 1.425937411566e+01 3.087923948678e-01 3.078929760181e+00
10 37 2 1.39627075 1.11471968 2.71895274 1.01603723 1.81311236 1.067852376141e+00 3.729405308179e-01 1.447509544556e+01 3.202564925426e-01 2.682105446989e+00
10 38 2 1.39627075 1.11471968 2.71895274 1.01603723 1.81311236 1.094100129389e+00 3.942921356959e-01 1.473725377942e+01 3.035068615827e-01 2.955814253046e+00
10 39 2 1.39627075 1.11471968 2.71895274 1.01603723 1.81311236 1.112194720172e+00 5.384874046100e-01 1.494531976252e+01 2.884553026317e-01 3.440305323829e+00
10 40 2 1.39627075 1.11471968 2.71895274 1.01603723 1.81311236 1.157521159628e+00 5.379034505106e-01 1.532374667506e+01 3.061459745052e-01 3.195556008740e+00
10 41 2 1.39627075 1.11471968 2.71895274 1.01603723 1.81311236 1.174789425099e+00 4.100395624574e-01 1.581249367735e+01 3.443401242187e-01 2.861586813214e+00
10 42 2 1.39627075 1.11471968 2.71895274 1.01603723 1.81311236 1.200979893822e+00 4.345633919876e-01 1.608508128049e+01 3.641070604497e-01 3.349333092149e+00
10 43 2 1.39627075 1.11471968 2.71895274 1.01603723 1.81311236 1.225918683953e+00 5.956482464364e-01 1.644730420320e+01 3.499727049891e-01 3.837051231696e+00
10 44 2 1.39627075 1.11471968 2.71895274 1.01603723 1.81311236 1.224703790583e+00 6.034680379609e-01 1.689484546539e+01 3.355420426997e-01 3.425508297057e+00
10 45 2 1.39627075 1.11471968 2.71895274 1.01603723 1.81311236 1.261942083410e+00 4.692293226999e-01 1.742540790879e+01 3.534156524819e-01 3.161460300528e+00
10 46 2 1.39627075 1.11471968 2.71895274 1.01603723 1.81311236 1.280587763661e+00 4.954827838073e-01 1.801895274174e+01 3.900222977649e-01 3.896022761108e+00
10 47 2 1.39627075 1.11471968 2.71895274 1.01603723 1.81311236 1.330333288876e+00 6.701155907045e-01 1.854434424169e+01 4.083351954090e-01 4.327009360774e+00
10 48 2 1.39627075 1.11471968 2.71895274 1.01603723 1.81311236 1.402108407250e+00 6.732093317067e-01 1.912064168588e+01 3.966199203212e-01 3.736615612474e+00
10 49 2 1.39627075 1.11471968 2.71895274 1.01603723 1.81311236 1.457583467890e+00 5.256519465642e-01 1.987444811940e+01 3.926214129198e-01 3.642893585974e+00
10 50 2 1.39627075 1.11471968 2.71895274 1.01603723 1.81311236 1.546311386002e+00 5.735368196143e-01 2.047360363159e+01 4.295220460192e-01 4.574599287180e+00
10 51 2 1.39627075 1.11471968 2.71895274 1.01603723 1.81311236 1.605880513865e+00 7.793937123041e-01 2.100690484995e+01 4.801678786238e-01 4.860201052898e+00
10 52 2 1.39627075 1.11471968 2.71895274 1.01603723 1.81311236 1.658915480611e+00 7.614600170173e-01 2.185218715843e+01 4.948878417848e-01 4.166288142202e+00
10 53 2 1.39627075 1.11471968 2.71895274 1.01603723 1.81311236 1.731346220669e+00 5.796349024288e-01 2.266131249892e+01 4.691478050473e-01 4.306579473262e+00
10 54 2 1.39627075 1.11471968 2.71895274 1.01603723 1.81311236 1.763464644774e+00 6.520935080381e-01 2.359205132068e+01 4.590496355726e-01 5.385100521102e+00
10 55 2 1.39627075 1.11471968 2.71895274 1.01603723 1.81311236 1.841666719427e+00 9.010832861781e-01 2.439461518252e+01 5.041375734983e-01 5.436632556002e+00
10 56 2 1.39627075 1.11471968 2.71895274 1.01603723 1.81311236 1.904006607111e+00 8.726238500003e-01 2.510889204280e+01 5.647054300405e-01 4.687202798749e+00
10 57 2 1.39627075 1.11471968 2.71895274 1.01603723 1.81311236 1.959805241921e+00 6.586079427995e-01 2.615662290329e+01 5.860492015185e-01 5.201847741602e+00
10 58 2 1.39627075 1.11471968 2.71895274 1.01603723 1.81311236 2.050150137285e+00 7.406260370209e-01 2.706668828401e+01 5.723532063879e-01 6.320192288306e+00
10 59 2 1.39627075 1.11471968 2.71895274 1.01603723 1.81311236 2.081949008143e+00 1.017394251015e+00 2.794079094039e+01 5.757720176556e-01 6.004639649151e+00
10 60 2 1.39627075 1.11471968 2.71895274 1.01603723 1.81311236 2.154142333945e+00 9.857628871724e-01 2.904974446722e+01 6.236097770662e-01 5.366441268322e+00
10 61 2 1.39627075 1.11471968 2.71895274 1.01603723 1.81311236 2.211699080902e+00 7.597049608218e-01 3.021858532428e+01 6.748157378999e-01 6.309140089319e+00
10 62 2 1.39627075 1.11471968 2.71895274 1.01603723 1.81311236 2.263923771760e+00 8.651452245213e-01 3.136964184406e+01 6.865362052609e-01 7.324303034967e+00
10 63 2 1.39627075 1.11471968 2.71895274 1.01603723 1.81311236 2.380484090754e+00 1.167745641974e+00 3.239858018541e+01 6.711715789356e-01 6.648323355715e+00
12 0 2 0.85753579 1.04080715 1.89595431 0.82609674 1.53764703 3.253512209908e-01 5.324122637435e-01 7.492547714123e+00 2.278823002238e-01 3.340696048529e+00
12 1 2 0.85753579 1.04080715 1.89595431 0.82609674 1.53764703 3.122516007233e-01 5.155181633766e-01 7.221261961102e+00 2.680374190540e-01 3.213637637236e+00
12 2 2 0.85753579 1.04080715 1.89595431 0.82609674 1.53764703 3.034758973551e-01 4.948853886738e-01 6.990302055554e+00 3.152806803713e-01 3.065906597347e+00
12 3 2 0.85753579 1.04080715 1.89595431 0.82609674 1.53764703 2.914414471012e-01 4.828094176944e-01 6.764180531066e+00 2.456015780007e-01 2.915241671409e+00
12 4 2 0.85753579 1.04080715 1.89595431 0.82609674 1.53764703 2.838306795519e-01 4.612655703336e-01 6.500969925887e+00 2.030259357482e-01 2.822902731798e+00
12 5 2 0.85753579 1.04080715 1.89595431 0.82609674 1.53764703 2.826842298141e-01 4.513557939597e-01 6.235943886819e+00 2.620938500275e-01 2.712420245431e+00
12 6 2 0.85753579 1.04080715 1.89595431 0.82609674 1.53764703 2.786165565180e-01 4.386302341879e-01 6.026143679140e+00 2.746664777052e-01 2.612957541410e+00
12 7 2 0.85753579 1.04080715 1.89595431 0.82609674 1.53764703 2.656537049371e-01 4.281230690533e-01 5.828093072824e+00 2.034918131384e-01 2.554013521696e+00
12 8 2 0.85753579 1.04080715 1.89595431 0.82609674 1.53764703 2.494690340301e-01 4.230967397574e-01 5.644253856420e+00 1.924474512110e-01 2.471420273974e+00
12 9 2 0.85753579 1.04080715 1.89595431 0.82609674 1.53764703 2.404598280719e-01 4.176160073976e-01 5.438658890883e+00 2.479406763021e-01 2.429259526216e+00
12 10 2 0.85753579 1.04080715 1.89595431 0.82609674 1.53764703 2.322084645085e-01 4.164662645083e-01 5.226575369756e+00 2.257670404840e-01 2.349811038713e+00
12 11 2 0.85753579 1.04080715 1.89595431 0.82609674 1.53764703 2.192814771353e-01 4.176617355295e-01 5.036166836461e+00 1.595052615686e-01 2.255928764610e+00
12 12 2 0.85753579 1.04080715 1.89595431 0.82609674 1.53764703 2.092546858843e-01 4.181039311184e-01 4.888929973757e+00 1.753831623694e-01 2.183478122190e+00
12 13 2 0.85753579 1.04080715 1.89595431 0.82609674 1.53764703 2.036482778707e-01 4.205391813823e-01 4.748925981038e+00 2.107553306291e-01 2.099280139552e+00
12 14 2 0.85753579 1.04080715 1.89595431 0.82609674 1.53764703 1.975885598959e-01 4.286463856010e-01 4.606343586529e+00 1.662973991110e-01 2.027988199573e+00
12 15 2 0.85753579 1.04080715 1.89595431 0.82609674 1.53764703 1.878000834043e-01 4.243045626131e-01 4.424099891653e+00 1.280224723336e-01 1.936931125288e+00
12 16 2 0.85753579 1.04080715 1.89595431 0.82609674 1.53764703 1.806284313285e-01 4.338786186100e-01 4.270470269771e+00 1.659023179185e-01 1.846688385378e+00
12 17 2 0.85753579 1.04080715 1.89595431 0.82609674 1.53764703 1.805979953918e-01 4.330718820425e-01 4.174912419310e+00 1.788220267348e-01 1.798539483111e+00
12 18 2 0.85753579 1.04080715 1.89595431 0.82609674 1.53764703 1.798208308956e-01 4.314828651632e-01 4.089877158022e+00 1.345637352928e-01 1.753458714380e+00
12 19 2 0.85753579 1.04080715 1.89595431 0.82609674 1.53764703 1.762630357860e-01 4.366330002336e-01 3.969704167757e+00 1.295101378476e-01 1.732013329038e+00
12 20 2 0.85753579 1.04080715 1.89595431 0.82609674 1.53764703 1.728960172103e-01 4.278146769414e-01 3.854756270334e+00 1.700471105545e-01 1.685813835756e+00
12 21 2 0.85753579 1.04080715 1.89595431 0.82609674 1.53764703 1.687392316013e-01 4.298960805188e-01 3.736129565774e+00 1.646538933225e-01 1.644572834483e+00
12 22 2 0.85753579 1.04080715 1.89595431 0.82609674 1.53764703 1.621134850331e-01 4.253171851684e-01 3.671017328320e+00 1.243498246972e-01 1.639538602621e+00
12 23 2 0.85753579 1.04080715 1.89595431 0.82609674 1.53764703 1.544001260489e-01 4.180145240736e-01 3.648325729122e+00 1.343438475013e-01 1.617807578210e+00
12 24 2 0.85753579 1.04080715 1.89595431 0.82609674 1.53764703 1.518597476763e-01 4.167443950844e-01 3.584178088243e+00 1.642634932634e-01 1.600112609272e+00
12 25 2 0.85753579 1.04080715 1.89595431 0.82609674 1.53764703 1.526118741688e-01 4.133015212561e-01 3.474133073217e+00 1.405634413094e-01 1.557575844550e+00
12 26 2 0.85753579 1.04080715 1.89595431 0.82609674 1.53764703 1.502823509333e-01 4.049899239126e-01 3.428792606437e+00 1.060220632396e-01 1.502250481657e+00
12 27 2 0.85753579 1.04080715 1.89595431 0.82609674 1.53764703 1.476319886988e-01 4.085420112447e-01 3.415241940693e+00 1.271421667896e-01 1.497304421340e+00
12 28 2 0.85753579 1.04080715 1.89595431 0.82609674 1.53764703 1.469513204043e-01 4.037480694740e-01 3.411366975168e+00 1.455545490873e-01 1.480173856125e+00
12 29 2 0.85753579 1.04080715 1.89595431 0.82609674 1.53764703 1.458980606754e-01 4.028454277333e-01 3.401041566224e+00 1.110017940974e-01 1.458020983586e+00
12 30 2 0.85753579 1.04080715 1.89595431 0.82609674 1.53764703 1.421906797433e-01 4.097258009436e-01 3.358543090728e+00 9.832994337037e-02 1.452423252993e+00
12 31 2 0.85753579 1.04080715 1.89595431 0.82609674 1.53764703 1.397891840290e-01 4.045365372787e-01 3.316572967521e+00 1.342600690876e-01 1.424772901644e+00
12 32 2 0.85753579 1.04080715 1.89595431 0.82609674 1.53764703 1.443129546177e-01 4.155064327582e-01 3.371869568174e+00 1.395442603925e-01 1.468477691726e+00
12 33 2 0.85753579 1.04080715 1.89595431 0.82609674 1.53764703 1.495264906922e-01 4.182033383062e-01 3.427699126236e+00 1.071650978102e-01 1.498255393302e+00
12 34 2 0.85753579 1.04080715 1.89595431 0.82609674 1.53764703 1.500831082645e-01 4.202351714161e-01 3.430923695229e+00 1.192147615397e-01 1.511874740411e+00
12 35 2 0.85753579 1.04080715 1.89595431 0.82609674 1.53764703 1.500844566062e-01 4.320939249428e-01 3.433186749069e+00 1.588240188279e-01 1.535277531163e+00
12 36 2 0.85753579 1.04080715 1.89595431 0.82609674 1.53764703 1.523852663451e-01 4.340938191864e-01 3.473405087734e+00 1.462325302158e-01 1.543677985273e+00
12 37 2 0.85753579 1.04080715 1.89595431 0.82609674 1.53764703 1.553687402833e-01 4.384330279098e-01 3.533568428349e+00 1.169517365399e-01 1.580945637779e+00
12 38 2 0.85753579 1.04080715 1.89595431 0.82609674 1.53764703 1.561730536509e-01 4.471894646645e-01 3.643524772095e+00 1.416505056898e-01 1.624571090997e+00
12 39 2 0.85753579 1.04080715 1.89595431 0.82609674 1.53764703 1.592777112733e-01 4.461981720844e-01 3.710962533258e+00 1.715390872147e-01 1.620170491124e+00
12 40 2 0.85753579 1.04080715 1.89595431 0.82609674 1.53764703 1.672784512089e-01 4.504396917291e-01 3.736983711101e+00 1.396804497606e-01 1.635642966593e+00
12 41 2 0.85753579 1.04080715 1.89595431 0.82609674 1.53764703 1.726394730271e-01 4.534148022842e-01 3.812068866908e+00 1.167181366767e-01 1.657092181053e+00
12 42 2 0.85753579 1.04080715 1.89595431 0.82609674 1.53764703 1.738723685176e-01 4.477460797137e-01 3.957348618559e+00 1.569816790637e-01 1.697425680241e+00
12 43 2 0.85753579 1.04080715 1.89595431 0.82609674 1.53764703 1.750653981381e-01 4.527758579263e-01 4.075621577102e+00 1.712329568682e-01 1.771157245290e+00
12 44 2 0.85753579 1.04080715 1.89595431 0.82609674 1.53764703 1.779564599805e-01 4.481495112010e-01 4.188271448043e+00 1.287147208871e-01 1.799412793124e+00
12 45 2 0.85753579 1.04080715 1.89595431 0.82609674 1.53764703 1.811884547538e-01 4.431435895830e-01 4.280368081882e+00 1.343812574837e-01 1.868094410879e+00
12 46 2 0.85753579 1.04080715 1.89595431 0.82609674 1.53764703 1.848641145639e-01 4.471843655051e-01 4.394489635045e+00 1.921976982491e-01 1.936261625937e+00
12 47 2 0.85753579 1.04080715 1.89595431 0.82609674 1.53764703 1.951011855850e-01 4.404899295767e-01 4.559373732264e+00 1.836901034979e-01 2.036064167501e+00
12 48 2 0.85753579 1.04080715 1.89595431 0.82609674 1.53764703 2.079353803623e-01 4.412664702211e-01 4.755243038876e+00 1.450033069271e-01 2.124177942041e+00
12 49 2 0.85753579 1.04080715 1.89595431 0.82609674 1.53764703 2.152396397507e-01 4.443909940417e-01 4.892001298101e+00 1.874440701253e-01 2.185419072373e+00
12 50 2 0.85753579 1.04080715 1.89595431 0.82609674 1.53764703 2.216696934288e-01 4.423380466997e-01 5.034163696483e+00 2.388263700065e-01 2.246688351232e+00
12 51 2 0.85753579 1.04080715 1.89595431 0.82609674 1.53764703 2.323055314893e-01 4.514196605144e-01 5.196237385736e+00 2.024254315649e-01 2.317025719408e+00
12 52 2 0.85753579 1.04080715 1.89595431 0.82609674 1.53764703 2.450084663936e-01 4.540382522708e-01 5.408013446832e+00 1.754408510755e-01 2.386053578671e+00
12 53 2 0.85753579 1.04080715 1.89595431 0.82609674 1.53764703 2.529195426357e-01 4.614373801417e-01 5.623349580835e+00 2.377217090427e-01 2.465595948142e+00
12 54 2 0.85753579 1.04080715 1.89595431 0.82609674 1.53764703 2.589664994827e-01 4.730975449828e-01 5.833744742404e+00 2.641566169015e-01 2.511477768409e+00
12 55 2 0.85753579 1.04080715 1.89595431 0.82609674 1.53764703 2.713271178392e-01 4.798033953443e-01 6.011267674957e+00 2.048053110166e-01 2.597020938282e+00
12 56 2 0.85753579 1.04080715 1.89595431 0.82609674 1.53764703 2.806736177573e-01 4.902327079217e-01 6.228155245044e+00 2.022775604221e-01 2.708894965945e+00
12 57 2 0.85753579 1.04080715 1.89595431 0.82609674 1.53764703 2.814421735211e-01 5.016129165392e-01 6.453637472373e+00 2.797247727475e-01 2.810051472944e+00
12 58 2 0.85753579 1.04080715 1.89595431 0.82609674 1.53764703 2.835004121398e-01 5.099929733746e-01 6.731048276818e+00 2.775466385788e-01 2.970879957257e+00
12 59 2 0.85753579 1.04080715 1.89595431 0.82609674 1.53764703 2.949033541940e-01 5.187572949191e-01 6.990537652333e+00 2.107299198309e-01 3.069668064702e+00
12 60 2 0.85753579 1.04080715 1.89595431 0.82609674 1.53764703 3.124940943827e-01 5.281598443610e-01 7.224645410769e+00 2.568663357745e-01 3.227301374374e+00
12 61 2 0.85753579 1.04080715 1.89595431 0.82609674 1.53764703 3.257468036639e-01 5.337591577312e-01 7.450468030974e+00 3.415283396558e-01 3.372902066884e+00
12 62 2 0.85753579 1.04080715 1.89595431 0.82609674 1.53764703 3.397005947578e-01 5.454189126991e-01 7.754406058092e+00 2.963076409508e-01 3.480160896917e+00
12 63 2 0.85753579 1.04080715 1.89595431 0.82609674 1.53764703 3.582853031879e-01 5.494897039363e-01 8.039717352711e+00 2.481819058841e-01 3.605128735796e+00
16 0 2 0.85530883 1.02590500 1.93402157 0.81825198 1.50864048 3.252044233159e-01 5.009277959716e-01 8.140672366133e+00 2.309804138428e-01 3.103878776999e+00
16 1 2 0.85530883 1.02590500 1.93402157 0.81825198 1.50864048 3.101772683851e-01 4.818207506842e-01 7.817286048463e+00 3.007584538051e-01 2.995218618887e+00
16 2 2 0.85530883 1.02590500 1.93402157 0.81825198 1.50864048 3.023927314322e-01 4.647406298415e-01 7.504879239517e+00 2.830812056130e-01 2.836544420105e+00
16 3 2 0.85530883 1.02590500 1.93402157 0.81825198 1.50864048 2.912374623182e-01 4.506176658042e-01 7.276980758349e+00 2.024105218584e-01 2.710242952140e+00
16 4 2 0.85530883 1.02590500 1.93402157 0.81825198 1.50864048 2.818024811614e-01 4.314364108954e-01 7.049126847988e+00 2.185118123975e-01 2.623759405390e+00
16 5 2 0.85530883 1.02590500 1.93402157 0.81825198 1.50864048 2.784392351201e-01 4.223891521078e-01 6.776392045327e+00 2.756234987219e-01 2.507024519914e+00
16 6 2 0.85530883 1.02590500 1.93402157 0.81825198 1.50864048 2.766450365546e-01 4.088497087701e-01 6.517902149825e+00 2.380707606436e-01 2.432184275317e+00
16 7 2 0.85530883 1.02590500 1.93402157 0.81825198 1.50864048 2.654777381591e-01 4.011255670902e-01 6.264698300882e+00 1.795866439320e-01 2.361773675612e+00
16 8 2 0.85530883 1.02590500 1.93402157 0.81825198 1.50864048 2.480375496850e-01 3.956013882780e-01 6.072541390786e+00 2.112571498864e-01 2.291991274363e+00
16 9 2 0.85530883 1.02590500 1.93402157 0.81825198 1.50864048 2.349461100405e-01 3.904690033359e-01 5.895831393174e+00 2.486077504197e-01 2.257640856109e+00
16 10 2 0.85530883 1.02590500 1.93402157 0.81825198 1.50864048 2.274723192969e-01 3.911820096550e-01 5.680431362295e+00 1.943540148605e-01 2.175604200357e+00
16 11 2 0.85530883 1.02590500 1.93402157 0.81825198 1.50864048 2.153752366118e-01 3.916747426030e-01 5.447039863679e+00 1.514610242828e-01 2.097079051693e+00
16 12 2 0.85530883 1.02590500 1.93402157 0.81825198 1.50864048 2.058954564027e-01 3.921750958826e-01 5.254478049080e+00 1.904963856901e-01 2.026812628431e+00
16 13 2 0.85530883 1.02590500 1.93402157 0.81825198 1.50864048 2.006601433779e-01 3.970033187514e-01 5.119999048133e+00 2.015415097361e-01 1.948049277596e+00
16 14 2 0.85530883 1.02590500 1.93402157 0.81825198 1.50864048 1.971602535237e-01 4.023326865381e-01 4.984111117618e+00 1.439238417359e-01 1.883284411044e+00
16 15 2 0.85530883 1.02590500 1.93402157 0.81825198 1.50864048 1.882856398003e-01 4.003668654276e-01 4.813336979791e+00 1.288757139383e-01 1.796654637048e+00
16 16 2 0.85530883 1.02590500 1.93402157 0.81825198 1.50864048 1.800863016875e-01 4.101405708442e-01 4.611432347163e+00 1.717917414737e-01 1.715210031315e+00
16 17 2 0.85530883 1.02590500 1.93402157 0.81825198 1.50864048 1.780655576090e-01 4.072843705554e-01 4.500050696687e+00 1.644595209322e-01 1.667355957783e+00
16 18 2 0.85530883 1.02590500 1.93402157 0.81825198 1.50864048 1.777043996949e-01 4.090465702159e-01 4.401498737269e+00 1.206744542928e-01 1.623879171616e+00
16 19 2 0.85530883 1.02590500 1.93402157 0.81825198 1.50864048 1.738117626311e-01 4.121784293801e-01 4.308886770741e+00 1.320503008353e-01 1.607934412877e+00
16 20 2 0.85530883 1.02590500 1.93402157 0.81825198 1.50864048 1.708447199113e-01 4.040053701289e-01 4.173497943791e+00 1.688738187151e-01 1.561972481303e+00
16 21 2 0.85530883 1.02590500 1.93402157 0.81825198 1.50864048 1.668153544895e-01 4.077277707442e-01 4.048610532585e+00 1.511385488629e-01 1.527562521905e+00
16 22 2 0.85530883 1.02590500 1.93402157 0.81825198 1.50864048 1.611907532475e-01 4.016617975411e-01 3.950893420603e+00 1.164403879724e-01 1.518957235230e+00
16 23 2 0.85530883 1.02590500 1.93402157 0.81825198 1.50864048 1.530915955298e-01 3.958098353135e-01 3.940832464071e+00 1.357242015779e-01 1.500063696671e+00
16 24 2 0.85530883 1.02590500 1.93402157 0.81825198 1.50864048 1.502236871435e-01 3.950557648379e-01 3.876110739723e+00 1.600919527810e-01 1.487670762696e+00
16 25 2 0.85530883 1.02590500 1.93402157 0.81825198 1.50864048 1.506713525057e-01 3.908867750654e-01 3.768593041316e+00 1.307365706283e-01 1.444425692577e+00
16 26 2 0.85530883 1.02590500 1.93402157 0.81825198 1.50864048 1.488977484067e-01 3.839030715193e-01 3.705682663118e+00 1.018364604350e-01 1.393263790765e+00
16 27 2 0.85530883 1.02590500 1.93402157 0.81825198 1.50864048 1.458949986571e-01 3.873082779624e-01 3.687790333871e+00 1.260217411572e-01 1.389311678551e+00
16 28 2 0.85530883 1.02590500 1.93402157 0.81825198 1.50864048 1.454188657523e-01 3.823067880060e-01 3.686040365597e+00 1.401278041578e-01 1.372591133650e+00
16 29 2 0.85530883 1.02590500 1.93402157 0.81825198 1.50864048 1.442018389802e-01 3.821363963096e-01 3.675253027169e+00 1.049435495281e-01 1.352727900354e+00
16 30 2 0.85530883 1.02590500 1.93402157 0.81825198 1.50864048 1.408464477133e-01 3.884687164794e-01 3.637399726046e+00 9.483786201653e-02 1.346091187956e+00
16 31 2 0.85530883 1.02590500 1.93402157 0.81825198 1.50864048 1.382093751155e-01 3.835178487510e-01 3.583414204419e+00 1.300633750565e-01 1.320465255450e+00
16 32 2 0.85530883 1.02590500 1.93402157 0.81825198 1.50864048 1.429817054280e-01 3.940433694891e-01 3.652497735188e+00 1.349039113061e-01 1.362613027623e+00
16 33 2 0.85530883 1.02590500 1.93402157 0.81825198 1.50864048 1.478975453201e-01 3.968269735320e-01 3.697938250389e+00 1.033095654360e-01 1.390486388180e+00
16 34 2 0.85530883 1.02590500 1.93402157 0.81825198 1.50864048 1.485409691531e-01 3.984035123344e-01 3.713449922760e+00 1.132751886551e-01 1.401428619408e+00
16 35 2 0.85530883 1.02590500 1.93402157 0.81825198 1.50864048 1.483526983621e-01 4.097008064567e-01 3.701477976484e+00 1.526713682366e-01 1.424351562034e+00
16 36 2 0.85530883 1.02590500 1.93402157 0.81825198 1.50864048 1.509264175910e-01 4.121267183488e-01 3.765585233286e+00 1.440797038961e-01 1.434055266401e+00
16 37 2 0.85530883 1.02590500 1.93402157 0.81825198 1.50864048 1.536402412953e-01 4.152306090808e-01 3.820276446373e+00 1.130225254597e-01 1.465864275336e+00
16 38 2 0.85530883 1.02590500 1.93402157 0.81825198 1.50864048 1.546386807910e-01 4.240660902862e-01 3.949064116906e+00 1.315591466160e-01 1.507325890093e+00
16 39 2 0.85530883 1.02590500 1.93402157 0.81825198 1.50864048 1.580883929900e-01 4.233582257887e-01 3.994769324307e+00 1.653855714484e-01 1.503287649724e+00
16 40 2 0.85530883 1.02590500 1.93402157 0.81825198 1.50864048 1.661793930733e-01 4.259776211846e-01 4.036955952313e+00 1.407273265721e-01 1.515130872155e+00
16 41 2 0.85530883 1.02590500 1.93402157 0.81825198 1.50864048 1.705206414757e-01 4.298398524268e-01 4.122723267147e+00 1.101576458693e-01 1.538771028273e+00
16 42 2 0.85530883 1.02590500 1.93402157 0.81825198 1.50864048 1.714667995655e-01 4.241341655625e-01 4.295749148918e+00 1.428954720071e-01 1.572128028624e+00
16 43 2 0.85530883 1.02590500 1.93402157 0.81825198 1.50864048 1.728715996161e-01 4.270385402296e-01 4.406610050103e+00 1.692988520550e-01 1.643031607177e+00
16 44 2 0.85530883 1.02590500 1.93402157 0.81825198 1.50864048 1.763301676334e-01 4.248882982881e-01 4.514182823694e+00 1.326459028301e-01 1.670894043624e+00
16 45 2 0.85530883 1.02590500 1.93402157 0.81825198 1.50864048 1.796899126264e-01 4.177086883734e-01 4.610383489981e+00 1.211393005093e-01 1.731000998987e+00
16 46 2 0.85530883 1.02590500 1.93402157 0.81825198 1.50864048 1.842131516444e-01 4.212188497417e-01 4.756750892529e+00 1.771228399241e-01 1.798630911471e+00
16 47 2 0.85530883 1.02590500 1.93402157 0.81825198 1.50864048 1.948486061057e-01 4.165489730392e-01 4.956172110342e+00 1.905611720030e-01 1.889792718459e+00
16 48 2 0.85530883 1.02590500 1.93402157 0.81825198 1.50864048 2.054883631395e-01 4.135077918173e-01 5.139735145686e+00 1.472431358373e-01 1.973573428285e+00
16 49 2 0.85530883 1.02590500 1.93402157 0.81825198 1.50864048 2.103840156578e-01 4.186546024959e-01 5.268041103618e+00 1.635447193444e-01 2.027770290969e+00
16 50 2 0.85530883 1.02590500 1.93402157 0.81825198 1.50864048 2.168353745219e-01 4.154446948757e-01 5.415136334459e+00 2.266458780411e-01 2.081918338638e+00
16 51 2 0.85530883 1.02590500 1.93402157 0.81825198 1.50864048 2.287123688068e-01 4.224290477278e-01 5.632497140023e+00 2.172472570618e-01 2.152480848797e+00
16 52 2 0.85530883 1.02590500 1.93402157 0.81825198 1.50864048 2.417161207247e-01 4.264447559917e-01 5.871820585736e+00 1.688701828207e-01 2.212593168894e+00
16 53 2 0.85530883 1.02590500 1.93402157 0.81825198 1.50864048 2.500838609298e-01 4.318175153083e-01 6.091135541026e+00 2.029449866999e-01 2.284504449541e+00
16 54 2 0.85530883 1.02590500 1.93402157 0.81825198 1.50864048 2.590555414913e-01 4.423745368791e-01 6.264486324379e+00 2.590951704056e-01 2.332344162169e+00
16 55 2 0.85530883 1.02590500 1.93402157 0.81825198 1.50864048 2.727653187819e-01 4.498057969183e-01 6.472081325322e+00 2.246111428033e-01 2.400687142261e+00
16 56 2 0.85530883 1.02590500 1.93402157 0.81825198 1.50864048 2.784303736729e-01 4.584554882251e-01 6.745596067785e+00 1.807218765933e-01 2.523605614942e+00
16 57 2 0.85530883 1.02590500 1.93402157 0.81825198 1.50864048 2.774387868302e-01 4.689482602903e-01 7.015342377165e+00 2.388485911419e-01 2.605213497216e+00
16 58 2 0.85530883 1.02590500 1.93402157 0.81825198 1.50864048 2.810675776226e-01 4.788278673642e-01 7.282448026021e+00 2.897473043010e-01 2.753130233203e+00
16 59 2 0.85530883 1.02590500 1.93402157 0.81825198 1.50864048 2.947459505550e-01 4.844770122667e-01 7.512520233843e+00 2.315405960296e-01 2.862235985283e+00
16 60 2 0.85530883 1.02590500 1.93402157 0.81825198 1.50864048 3.098375277085e-01 4.960441490793e-01 7.767749170749e+00 2.129108741983e-01 2.988704364753e+00
16 61 2 0.85530883 1.02590500 1.93402157 0.81825198 1.50864048 3.209213474217e-01 5.001094469398e-01 8.072652475141e+00 3.055408482818e-01 3.135114947042e+00
16 62 2 0.85530883 1.02590500 1.93402157 0.81825198 1.50864048 3.352627566661e-01 5.116356729785e-01 8.435757129112e+00 3.337867777391e-01 3.236151815667e+00
16 63 2 0.85530883 1.02590500 1.93402157 0.81825198 1.50864048 3.519188506377e-01 5.165260637815e-01 8.685489112292e+00 2.561645994704e-01 3.331742633677e+00
17 0 2 0.94042621 0.64958103 3.09630864 0.62890309 0.83808820 3.348433509734e-01 1.067017925450e-01 4.969069647590e+01 9.973065498873e-02 3.060340657772e-01
17 1 2 0.94042621 0.64958103 3.09630864 0.62890309 0.83808820 3.234440953473e-01 1.035542792805e-01 4.788713623571e+01 9.702295289729e-02 2.911974953842e-01
17 2 2 0.94042621 0.64958103 3.09630864 0.62890309 0.83808820 3.121111148399e-01 1.020890225816e-01 4.610447723677e+01 9.268520735001e-02 2.793541680480e-01
17 3 2 0.94042621 0.64958103 3.09630864 0.62890309 0.83808820 3.023316383365e-01 1.001137899885e-01 4.449809417071e+01 8.848951214826e-02 2.696906234470e-01
17 4 2 0.94042621 0.64958103 3.09630864 0.62890309 0.83808820 2.903537205568e-01 9.711828787875e-02 4.301834394533e+01 8.658571566207e-02 2.619898601645e-01
17 5 2 0.94042621 0.64958103 3.09630864 0.62890309 0.83808820 2.830107346088e-01 9.340080890757e-02 4.169572325153e+01 8.511040469481e-02 2.511556522558e-01
17 6 2 0.94042621 0.64958103 3.09630864 0.62890309 0.83808820 2.701577720483e-01 8.818120447294e-02 4.024939820335e+01 8.182491534998e-02 2.374004844790e-01
17 7 2 0.94042621 0.64958103 3.09630864 0.62890309 0.83808820 2.650186397005e-01 8.386392782271e-02 3.880805260591e+01 7.550357295700e-02 2.259778102018e-01
17 8 2 0.94042621 0.64958103 3.09630864 0.62890309 0.83808820 2.519765924567e-01 8.143579049078e-02 3.727533547990e+01 7.055467212239e-02 2.176526615838e-01
17 9 2 0.94042621 0.64958103 3.09630864 0.62890309 0.83808820 2.478750187851e-01 7.988665104115e-02 3.600097811847e+01 6.852638230971e-02 2.132017512483e-01
17 10 2 0.94042621 0.64958103 3.09630864 0.62890309 0.83808820 2.362946532190e-01 7.920001162294e-02 3.480955979801e+01 6.797620163791e-02 2.099413249411e-01
17 11 2 0.94042621 0.64958103 3.09630864 0.62890309 0.83808820 2.312669242226e-01 7.773923033090e-02 3.384656500737e+01 6.619145609125e-02 2.027616997669e-01
17 12 2 0.94042621 0.64958103 3.09630864 0.62890309 0.83808820 2.230700037553e-01 7.517961410153e-02 3.275188718169e+01 6.260816831395e-02 1.934781446257e-01
17 13 2 0.94042621 0.64958103 3.09630864 0.62890309 0.83808820 2.157116434350e-01 7.203043362704e-02 3.171945566786e+01 5.991791685596e-02 1.852204135969e-01
17 14 2 0.94042621 0.64958103 3.09630864 0.62890309 0.83808820 2.113881842290e-01 6.786292912837e-02 3.058062147903e+01 5.775132844687e-02 1.810214726802e-01
17 15 2 0.94042621 0.64958103 3.09630864 0.62890309 0.83808820 2.023334147525e-01 6.470560730097e-02 2.965402716564e+01 5.551041625574e-02 1.812194523160e-01
17 16 2 0.94042621 0.64958103 3.09630864 0.62890309 0.83808820 2.002580496951e-01 6.301461190249e-02 2.875348887137e+01 5.230027925904e-02 1.783252602275e-01
17 17 2 0.94042621 0.64958103 3.09630864 0.62890309 0.83808820 1.917160162385e-01 6.162779097899e-02 2.803995280205e+01 5.000169834179e-02 1.701838130291e-01
17 18 2 0.94042621 0.64958103 3.09630864 0.62890309 0.83808820 1.896619991431e-01 6.071616516045e-02 2.727383452022e+01 4.986942985893e-02 1.624274481071e-01
17 19 2 0.94042621 0.64958103 3.09630864 0.62890309 0.83808820 1.833626201843e-01 5.912275536099e-02 2.661571338364e+01 4.996042099329e-02 1.578440185050e-01
17 20 2 0.94042621 0.64958103 3.09630864 0.62890309 0.83808820 1.804371959695e-01 5.665415772417e-02 2.593926141984e+01 4.873147081195e-02 1.562071272837e-01
17 21 2 0.94042621 0.64958103 3.09630864 0.62890309 0.83808820 1.763980159384e-01 5.395240724391e-02 2.538592939447e+01 4.563516364777e-02 1.535087739670e-01
17 22 2 0.94042621 0.64958103 3.09630864 0.62890309 0.83808820 1.732840866392e-01 5.087379078456e-02 2.483271703431e+01 4.344008896935e-02 1.479720481295e-01
17 23 2 0.94042621 0.64958103 3.09630864 0.62890309 0.83808820 1.704400013373e-01 4.899981182216e-02 2.435035848530e+01 4.285415847541e-02 1.438682137810e-01
17 24 2 0.94042621 0.64958103 3.09630864 0.62890309 0.83808820 1.682905948086e-01 4.843522452376e-02 2.389962462154e+01 4.287608948638e-02 1.405574211526e-01
17 25 2 0.94042621 0.64958103 3.09630864 0.62890309 0.83808820 1.656174905437e-01 4.804288985934e-02 2.355905154358e+01 4.245941989829e-02 1.359480278946e-01
17 26 2 0.94042621 0.64958103 3.09630864 0.62890309 0.83808820 1.652548387402e-01 4.807440215233e-02 2.332623316612e+01 4.161588047732e-02 1.328194483662e-01
17 27 2 0.94042621 0.64958103 3.09630864 0.62890309 0.83808820 1.621485165874e-01 4.763698946902e-02 2.314627516260e+01 4.183448042263e-02 1.324952270591e-01
17 28 2 0.94042621 0.64958103 3.09630864 0.62890309 0.83808820 1.639618031869e-01 4.653726560091e-02 2.298863193876e+01 4.198833296412e-02 1.338988558735e-01
17 29 2 0.94042621 0.64958103 3.09630864 0.62890309 0.83808820 1.603064085370e-01 4.553564165337e-02 2.278446234116e+01 4.135114698356e-02 1.331142089331e-01
17 30 2 0.94042621 0.64958103 3.09630864 0.62890309 0.83808820 1.640513527128e-01 4.459696341370e-02 2.266584857182e+01 3.986140610880e-02 1.283057709413e-01
17 31 2 0.94042621 0.64958103 3.09630864 0.62890309 0.83808820 1.605558417790e-01 4.492405394841e-02 2.261525715027e+01 3.938671726030e-02 1.265862890712e-01
17 32 2 0.94042621 0.64958103 3.09630864 0.62890309 0.83808820 1.650579654202e-01 4.641838598723e-02 2.276668861888e+01 4.098781793264e-02 1.311832186894e-01
17 33 2 0.94042621 0.64958103 3.09630864 0.62890309 0.83808820 1.632287768033e-01 4.783556952038e-02 2.293099306419e+01 4.277380945226e-02 1.362119954568e-01
17 34 2 0.94042621 0.64958103 3.09630864 0.62890309 0.83808820 1.669396664650e-01 4.948701610070e-02 2.317366721764e+01 4.355180007234e-02 1.375887934377e-01
17 35 2 0.94042621 0.64958103 3.09630864 0.62890309 0.83808820 1.680077308165e-01 5.055209815304e-02 2.330938076402e+01 4.295865663224e-02 1.360080124544e-01
17 36 2 0.94042621 0.64958103 3.09630864 0.62890309 0.83808820 1.703659173247e-01 5.079506283219e-02 2.356171860137e+01 4.311169675938e-02 1.367820133472e-01
17 37 2 0.94042621 0.64958103 3.09630864 0.62890309 0.83808820 1.740575246732e-01 5.122757499339e-02 2.382176597846e+01 4.422488022280e-02 1.422429258310e-01
17 38 2 0.94042621 0.64958103 3.09630864 0.62890309 0.83808820 1.761352216955e-01 5.186755475283e-02 2.430207442044e+01 4.527700426840e-02 1.468774741993e-01
17 39 2 0.94042621 0.64958103 3.09630864 0.62890309 0.83808820 1.808608495754e-01 5.375600353643e-02 2.476861225880e+01 4.610951628223e-02 1.495769432224e-01
17 40 2 0.94042621 0.64958103 3.09630864 0.62890309 0.83808820 1.843607178956e-01 5.658871422982e-02 2.536605951574e+01 4.729979512843e-02 1.530986155352e-01
17 41 2 0.94042621 0.64958103 3.09630864 0.62890309 0.83808820 1.887322561555e-01 5.892215470119e-02 2.588455224077e+01 5.020380449984e-02 1.562954658421e-01
17 42 2 0.94042621 0.64958103 3.09630864 0.62890309 0.83808820 1.944503963156e-01 6.122242374751e-02 2.654538178920e+01 5.274979939014e-02 1.587605352836e-01
17 43 2 0.94042621 0.64958103 3.09630864 0.62890309 0.83808820 1.983696671760e-01 6.257747294406e-02 2.718135899685e+01 5.367043634238e-02 1.607202541857e-01
17 44 2 0.94042621 0.64958103 3.09630864 0.62890309 0.83808820 2.058047542185e-01 6.282237576275e-02 2.796314536721e+01 5.330150827123e-02 1.646426172012e-01
17 45 2 0.94042621 0.64958103 3.09630864 0.62890309 0.83808820 2.101832836871e-01 6.345176585555e-02 2.870586653987e+01 5.415207771756e-02 1.728224550299e-01
17 46 2 0.94042621 0.64958103 3.09630864 0.62890309 0.83808820 2.182235724305e-01 6.457165764473e-02 2.957882452140e+01 5.760726346617e-02 1.790480332495e-01
17 47 2 0.94042621 0.64958103 3.09630864 0.62890309 0.83808820 2.242532982304e-01 6.710490818660e-02 3.048794524066e+01 6.115550684652e-02 1.800810941475e-01
17 48 2 0.94042621 0.64958103 3.09630864 0.62890309 0.83808820 2.316948398335e-01 7.050118367754e-02 3.155985003648e+01 6.371192570023e-02 1.815947993492e-01
17 49 2 0.94042621 0.64958103 3.09630864 0.62890309 0.83808820 2.405496584164e-01 7.313634208739e-02 3.264865443537e+01 6.511237085442e-02 1.874988661773e-01
17 50 2 0.94042621 0.64958103 3.09630864 0.62890309 0.83808820 2.463682894542e-01 7.562048880065e-02 3.374001499542e+01 6.759828767802e-02 1.984016966211e-01
17 51 2 0.94042621 0.64958103 3.09630864 0.62890309 0.83808820 2.587029957337e-01 7.695217703036e-02 3.478242333534e+01 7.048467064808e-02 2.093754928143e-01
17 52 2 0.94042621 0.64958103 3.09630864 0.62890309 0.83808820 2.629345819042e-01 7.723262831147e-02 3.587110844561e+01 7.199924088577e-02 2.151704871669e-01
17 53 2 0.94042621 0.64958103 3.09630864 0.62890309 0.83808820 2.777794870292e-01 7.861268925798e-02 3.714653797168e+01 7.309814132567e-02 2.200876664229e-01
17 54 2 0.94042621 0.64958103 3.09630864 0.62890309 0.83808820 2.823907603020e-01 8.119107016314e-02 3.857333019759e+01 7.561557265638e-02 2.277701738540e-01
17 55 2 0.94042621 0.64958103 3.09630864 0.62890309 0.83808820 2.970448440904e-01 8.551976728630e-02 4.013253693554e+01 8.140531721017e-02 2.388885214043e-01
17 56 2 0.94042621 0.64958103 3.09630864 0.62890309 0.83808820 3.049003605437e-01 9.072333441812e-02 4.155901928779e+01 8.648058249487e-02 2.539622323152e-01
17 57 2 0.94042621 0.64958103 3.09630864 0.62890309 0.83808820 3.170855349369e-01 9.487116153033e-02 4.297769974605e+01 8.852336173485e-02 2.672662209346e-01
17 58 2 0.94042621 0.64958103 3.09630864 0.62890309 0.83808820 3.292350691273e-01 9.860963175749e-02 4.431734876754e+01 8.850731682885e-02 2.762457474492e-01
17 59 2 0.94042621 0.64958103 3.09630864 0.62890309 0.83808820 3.394791974453e-01 1.009516370690e-01 4.593731318592e+01 9.005957142180e-02 2.843349477546e-01
17 60 2 0.94042621 0.64958103 3.09630864 0.62890309 0.83808820 3.539539360951e-01 1.023949268359e-01 4.763120669564e+01 9.479076724156e-02 2.932175168006e-01
17 61 2 0.94042621 0.64958103 3.09630864 0.62890309 0.83808820 3.651142059300e-01 1.057919767601e-01 4.955836308447e+01 9.889938316336e-02 3.061247539315e-01
17 62 2 0.94042621 0.64958103 3.09630864 0.62890309 0.83808820 3.789591983703e-01 1.109582736468e-01 5.131785159906e+01 1.020930340830e-01 3.212927931721e-01
17 63 2 0.94042621 0.64958103 3.09630864 0.62890309 0.83808820 3.933733491763e-01 1.177117563425e-01 5.318163728488e+01 1.052061529465e-01 3.335145508034e-01
18 0 2 1.25455383 1.16039233 2.57741751 1.01001383 1.95203524 1.446784329335e+00 1.158153998248e+00 2.455540121473e+01 6.321795279594e-01 7.692515178423e+00
18 1 2 1.25455383 1.16039233 2.57741751 1.01001383 1.95203524 1.411466131487e+00 1.225429134606e+00 2.362109564824e+01 6.426282297766e-01 8.119500034771e+00
18 2 2 1.25455383 1.16039233 2.57741751 1.01001383 1.95203524 1.368989971245e+00 9.297071858062e-01 2.299071196977e+01 5.962124168963e-01 8.504055615445e+00
18 3 2 1.25455383 1.16039233 2.57741751 1.01001383 1.95203524 1.339689456603e+00 9.450645098012e-01 2.217034789196e+01 5.314160431031e-01 7.097810131044e+00
18 4 2 1.25455383 1.16039233 2.57741751 1.01001383 1.95203524 1.301101185278e+00 1.141175527774e+00 2.136023928566e+01 5.159239231906e-01 6.979651318184e+00
18 5 2 1.25455383 1.16039233 2.57741751 1.01001383 1.95203524 1.249870512617e+00 9.393252583711e-01 2.059516741406e+01 5.442762987709e-01 7.697287901832e+00
18 6 2 1.25455383 1.16039233 2.57741751 1.01001383 1.95203524 1.212941129363e+00 7.603106153017e-01 1.983398431637e+01 5.393185844249e-01 6.650408221003e+00
18 7 2 1.25455383 1.16039233 2.57741751 1.01001383 1.95203524 1.168311976665e+00 9.427328135776e-01 1.915668742012e+01 4.863062162436e-01 5.994139362817e+00
18 8 2 1.25455383 1.16039233 2.57741751 1.01001383 1.95203524 1.124892154157e+00 9.354303570535e-01 1.849524343321e+01 4.540472601032e-01 6.753228584873e+00
18 9 2 1.25455383 1.16039233 2.57741751 1.01001383 1.95203524 1.093912885658e+00 7.060945489290e-01 1.786171661479e+01 4.659368899749e-01 6.327595228462e+00
18 10 2 1.25455383 1.16039233 2.57741751 1.01001383 1.95203524 1.055044284531e+00 7.640398215758e-01 1.732629607177e+01 4.654872868486e-01 5.360544655392e+00
18 11 2 1.25455383 1.16039233 2.57741751 1.01001383 1.95203524 1.004416071191e+00 8.715458296357e-01 1.675613419374e+01 4.179332770531e-01 5.798977001391e+00
18 12 2 1.25455383 1.16039233 2.57741751 1.01001383 1.95203524 9.661269877718e-01 6.831830731552e-01 1.606009616936e+01 3.788900421338e-01 5.882083198193e+00
18 13 2 1.25455383 1.16039233 2.57741751 1.01001383 1.95203524 9.161757244366e-01 5.993306204429e-01 1.552912640517e+01 3.861499244356e-01 4.932639632777e+00
18 14 2 1.25455383 1.16039233 2.57741751 1.01001383 1.95203524 8.680719882375e-01 7.515192355522e-01 1.521386865927e+01 3.989446815866e-01 5.026755967079e+00
18 15 2 1.25455383 1.16039233 2.57741751 1.01001383 1.95203524 8.481099895294e-01 7.029228620619e-01 1.467130637839e+01 3.811092693596e-01 5.435315145227e+00
18 16 2 1.25455383 1.16039233 2.57741751 1.01001383 1.95203524 8.237867173789e-01 5.355774264222e-01 1.419956514805e+01 3.522264607104e-01 4.664800044569e+00
18 17 2 1.25455383 1.16039233 2.57741751 1.01001383 1.95203524 8.086858408796e-01 6.097863748483e-01 1.386235276361e+01 3.461393047769e-01 4.364529967014e+00
18 18 2 1.25455383 1.16039233 2.57741751 1.01001383 1.95203524 8.143966240569e-01 6.690372745410e-01 1.346303061501e+01 3.506449758392e-01 4.896977734386e+00
18 19 2 1.25455383 1.16039233 2.57741751 1.01001383 1.95203524 7.934670168143e-01 5.107012430176e-01 1.302666121130e+01 3.401676993466e-01 4.543614185730e+00
18 20 2 1.25455383 1.16039233 2.57741751 1.01001383 1.95203524 7.783069167058e-01 4.916932264103e-01 1.275024087886e+01 3.149237097516e-01 3.986305512558e+00
18 21 2 1.25455383 1.16039233 2.57741751 1.01001383 1.95203524 7.642406092862e-01 6.213558916599e-01 1.255450657696e+01 2.956523926631e-01 4.359894534644e+00
18 22 2 1.25455383 1.16039233 2.57741751 1.01001383 1.95203524 7.308562558871e-01 5.446703688509e-01 1.223343247381e+01 2.994831095425e-01 4.362616096069e+00
18 23 2 1.25455383 1.16039233 2.57741751 1.01001383 1.95203524 7.089502487467e-01 4.290221459911e-01 1.201983813909e+01 3.095007399214e-01 3.763028910890e+00
18 24 2 1.25455383 1.16039233 2.57741751 1.01001383 1.95203524 6.987619232032e-01 5.248332177201e-01 1.173741991848e+01 3.028370153465e-01 3.978125920343e+00
18 25 2 1.25455383 1.16039233 2.57741751 1.01001383 1.95203524 6.763930176288e-01 5.516215506654e-01 1.160004311474e+01 2.853606080961e-01 4.270228957566e+00
18 26 2 1.25455383 1.16039233 2.57741751 1.01001383 1.95203524 6.712921355547e-01 4.238040491062e-01 1.148986213545e+01 2.836223613419e-01 3.679651558534e+00
18 27 2 1.25455383 1.16039233 2.57741751 1.01001383 1.95203524 6.716815851678e-01 4.542545796752e-01 1.136011017558e+01 2.967179659981e-01 3.601586409757e+00
18 28 2 1.25455383 1.16039233 2.57741751 1.01001383 1.95203524 6.567456343396e-01 5.597205426625e-01 1.125044288915e+01 2.920520349256e-01 4.139045941014e+00
18 29 2 1.25455383 1.16039233 2.57741751 1.01001383 1.95203524 6.566912758914e-01 4.697017874344e-01 1.125230747548e+01 2.701812571078e-01 3.849757902274e+00
18 30 2 1.25455383 1.16039233 2.57741751 1.01001383 1.95203524 6.604814279837e-01 3.993422895587e-01 1.119450257099e+01 2.622519376605e-01 3.455281725705e+00
18 31 2 1.25455383 1.16039233 2.57741751 1.01001383 1.95203524 6.478389878390e-01 5.154807699872e-01 1.106639407297e+01 2.777121237294e-01 3.909924303604e+00
18 32 2 1.25455383 1.16039233 2.57741751 1.01001383 1.95203524 6.601205342026e-01 5.268245297964e-01 1.121980082771e+01 2.892742282237e-01 3.984641260184e+00
18 33 2 1.25455383 1.16039233 2.57741751 1.01001383 1.95203524 6.664755169787e-01 4.148970388978e-01 1.132469696476e+01 2.814303997566e-01 3.533438854902e+00
18 34 2 1.25455383 1.16039233 2.57741751 1.01001383 1.95203524 6.632001616579e-01 4.828676143225e-01 1.134383053790e+01 2.768903607631e-01 3.858293898176e+00
18 35 2 1.25455383 1.16039233 2.57741751 1.01001383 1.95203524 6.809315445284e-01 5.805091854017e-01 1.142483643494e+01 2.895614096562e-01 4.172440410989e+00
18 36 2 1.25455383 1.16039233 2.57741751 1.01001383 1.95203524 6.888674997292e-01 4.695625697903e-01 1.163308829663e+01 3.053200433212e-01 3.668911848457e+00
18 37 2 1.25455383 1.16039233 2.57741751 1.01001383 1.95203524 6.931991847443e-01 4.420509151758e-01 1.174571456784e+01 3.021698201537e-01 3.815717493347e+00
18 38 2 1.25455383 1.16039233 2.57741751 1.01001383 1.95203524 7.191079253384e-01 5.952884180306e-01 1.194137606745e+01 2.872949940737e-01 4.457447725367e+00
18 39 2 1.25455383 1.16039233 2.57741751 1.01001383 1.95203524 7.350602952339e-01 5.753023494701e-01 1.223031506705e+01 2.907768832780e-01 4.092365113686e+00
18 40 2 1.25455383 1.16039233 2.57741751 1.01001383 1.95203524 7.480714370817e-01 4.694402272767e-01 1.249728389073e+01 3.149284341883e-01 3.844579878428e+00
18 41 2 1.25455383 1.16039233 2.57741751 1.01001383 1.95203524 7.754237434998e-01 5.875574861453e-01 1.277391216478e+01 3.309419025685e-01 4.587588642828e+00
18 42 2 1.25455383 1.16039233 2.57741751 1.01001383 1.95203524 7.846038219475e-01 6.670229821825e-01 1.304569690370e+01 3.235070953347e-01 4.638465972900e+00
18 43 2 1.25455383 1.16039233 2.57741751 1.01001383 1.95203524 7.868409857278e-01 5.336268064752e-01 1.334300071222e+01 3.265317514742e-01 4.156368369445e+00
18 44 2 1.25455383 1.16039233 2.57741751 1.01001383 1.95203524 8.078472700427e-01 5.625265413683e-01 1.379959688043e+01 3.600661798485e-01 4.768403596846e+00
18 45 2 1.25455383 1.16039233 2.57741751 1.01001383 1.95203524 8.151446758753e-01 7.438069429632e-01 1.426750962219e+01 3.831212003938e-01 5.182976094949e+00
18 46 2 1.25455383 1.16039233 2.57741751 1.01001383 1.95203524 8.361319114125e-01 6.813893608580e-01 1.458957170998e+01 3.696206919603e-01 4.589539423319e+00
18 47 2 1.25455383 1.16039233 2.57741751 1.01001383 1.95203524 8.861362202309e-01 5.791930557235e-01 1.507961773245e+01 3.579609446832e-01 4.997640434085e+00
18 48 2 1.25455383 1.16039233 2.57741751 1.01001383 1.95203524 9.214698697899e-01 7.505834293669e-01 1.562096653670e+01 3.877644334481e-01 5.824487667722e+00
18 49 2 1.25455383 1.16039233 2.57741751 1.01001383 1.95203524 9.742679815260e-01 8.156082385879e-01 1.604628136552e+01 4.219573278066e-01 5.286490340011e+00
18 50 2 1.25455383 1.16039233 2.57741751 1.01001383 1.95203524 1.029338979825e+00 6.486251682920e-01 1.653437925867e+01 4.208571787355e-01 5.240569887423e+00
18 51 2 1.25455383 1.16039233 2.57741751 1.01001383 1.95203524 1.059384402634e+00 7.419700362059e-01 1.731652366195e+01 4.192858158372e-01 6.336319021243e+00
18 52 2 1.25455383 1.16039233 2.57741751 1.01001383 1.95203524 1.094449890588e+00 9.566002821478e-01 1.789237041620e+01 4.539578180469e-01 6.199749098568e+00
18 53 2 1.25455383 1.16039233 2.57741751 1.01001383 1.95203524 1.129414644467e+00 8.135650326640e-01 1.840791094616e+01 4.991046204209e-01 5.721362715334e+00
18 54 2 1.25455383 1.16039233 2.57741751 1.01001383 1.95203524 1.151105898839e+00 7.252330889614e-01 1.907825038569e+01 5.069915628891e-01 6.813760833270e+00
18 55 2 1.25455383 1.16039233 2.57741751 1.01001383 1.95203524 1.190444717409e+00 9.854621307953e-01 1.978945220516e+01 4.940667396372e-01 7.182595951518e+00
18 56 2 1.25455383 1.16039233 2.57741751 1.01001383 1.95203524 1.235490416072e+00 9.982763682826e-01 2.051705085326e+01 5.069255777718e-01 6.368695581355e+00
18 57 2 1.25455383 1.16039233 2.57741751 1.01001383 1.95203524 1.272165899613e+00 7.967657270453e-01 2.128364079295e+01 5.461514894430e-01 7.249275381291e+00
18 58 2 1.25455383 1.16039233 2.57741751 1.01001383 1.95203524 1.316185799352e+00 9.931474145405e-01 2.209875897893e+01 5.749112294436e-01 8.269617108339e+00
18 59 2 1.25455383 1.16039233 2.57741751 1.01001383 1.95203524 1.363690976333e+00 1.194991076259e+00 2.286510240049e+01 5.734668804446e-01 7.376159972451e+00
18 60 2 1.25455383 1.16039233 2.57741751 1.01001383 1.95203524 1.395273360368e+00 9.556750210742e-01 2.371403013047e+01 5.858235579465e-01 7.632825158688e+00
18 61 2 1.25455383 1.16039233 2.57741751 1.01001383 1.95203524 1.453623410704e+00 9.392710112272e-01 2.444012314586e+01 6.412804428739e-01 9.148626074399e+00
18 62 2 1.25455383 1.16039233 2.57741751 1.01001383 1.95203524 1.513149028937e+00 1.280597036946e+00 2.536107047333e+01 6.949503119346e-01 8.690313652820e+00
18 63 2 1.25455383 1.16039233 2.57741751 1.01001383 1.95203524 1.585003429654e+00 1.214391769126e+00 2.650645710592e+01 6.968525579165e-01 8.276654765371e+00
19 0 2 0.82851294 1.07407097 1.65644730 0.83163495 1.56972859 2.870359249821e-01 5.822167902927e-01 4.472260678720e+00 3.071526498021e-01 3.579757121980e+00
19 1 2 0.82851294 1.07407097 1.65644730 0.83163495 1.56972859 2.698032467990e-01 6.907372710163e-01 4.313040958843e+00 3.300263961793e-01 3.490658929731e+00
19 2 2 0.82851294 1.07407097 1.65644730 0.83163495 1.56972859 2.591954317544e-01 5.134350031990e-01 4.144516035504e+00 2.329837461614e-01 3.368849158718e+00
19 3 2 0.82851294 1.07407097 1.65644730 0.83163495 1.56972859 2.532903754335e-01 6.322730186591e-01 3.944817006664e+00 2.082795859066e-01 3.286886179677e+00
19 4 2 0.82851294 1.07407097 1.65644730 0.83163495 1.56972859 2.463133025022e-01 5.790598782603e-01 3.799253678569e+00 2.597651183236e-01 3.180160817170e+00
19 5 2 0.82851294 1.07407097 1.65644730 0.83163495 1.56972859 2.383844412719e-01 5.136096768272e-01 3.673020212624e+00 2.192730142734e-01 3.049917831398e+00
19 6 2 0.82851294 1.07407097 1.65644730 0.83163495 1.56972859 2.332434202796e-01 6.395736108281e-01 3.579132231402e+00 1.669570597943e-01 2.943098837869e+00
19 7 2 0.82851294 1.07407097 1.65644730 0.83163495 1.56972859 2.306929284280e-01 4.880901581517e-01 3.453616931363e+00 2.182522371640e-01 2.803905250444e+00
19 8 2 0.82851294 1.07407097 1.65644730 0.83163495 1.56972859 2.255516507655e-01 5.823818724702e-01 3.342178878512e+00 2.347950349946e-01 2.715965936114e+00
19 9 2 0.82851294 1.07407097 1.65644730 0.83163495 1.56972859 2.142568929516e-01 5.655701816384e-01 3.196741064921e+00 1.753719328209e-01 2.587114320442e+00
19 10 2 0.82851294 1.07407097 1.65644730 0.83163495 1.56972859 2.027546006487e-01 4.869098365043e-01 3.079541235220e+00 1.981055325881e-01 2.468672931844e+00
19 11 2 0.82851294 1.07407097 1.65644730 0.83163495 1.56972859 1.957242277301e-01 6.075730656199e-01 2.952939999396e+00 2.498353042660e-01 2.363143896779e+00
19 12 2 0.82851294 1.07407097 1.65644730 0.83163495 1.56972859 1.860813989032e-01 4.817945653925e-01 2.865835091059e+00 2.046703058206e-01 2.278212499468e+00
19 13 2 0.82851294 1.07407097 1.65644730 0.83163495 1.56972859 1.753464977279e-01 5.387523705652e-01 2.786793395501e+00 1.790245885756e-01 2.224492883693e+00
19 14 2 0.82851294 1.07407097 1.65644730 0.83163495 1.56972859 1.659446450571e-01 5.510292147097e-01 2.742334425949e+00 2.277444026420e-01 2.143299760906e+00
19 15 2 0.82851294 1.07407097 1.65644730 0.83163495 1.56972859 1.636085685394e-01 4.562461711281e-01 2.628694942099e+00 2.162464044447e-01 2.079908588237e+00
19 16 2 0.82851294 1.07407097 1.65644730 0.83163495 1.56972859 1.639340150671e-01 5.594706445868e-01 2.529319518489e+00 1.588705447897e-01 2.019845497901e+00
19 17 2 0.82851294 1.07407097 1.65644730 0.83163495 1.56972859 1.606898075404e-01 4.674636658845e-01 2.426726302520e+00 1.729082362348e-01 1.990079388602e+00
19 18 2 0.82851294 1.07407097 1.65644730 0.83163495 1.56972859 1.543739576825e-01 4.782481363956e-01 2.372876002045e+00 1.904726367385e-01 1.969116969403e+00
19 19 2 0.82851294 1.07407097 1.65644730 0.83163495 1.56972859 1.510015516640e-01 5.203815301803e-01 2.318036022977e+00 1.411805305804e-01 1.914665287755e+00
19 20 2 0.82851294 1.07407097 1.65644730 0.83163495 1.56972859 1.482533122568e-01 4.144310940556e-01 2.306960095573e+00 1.215334643844e-01 1.874463111405e+00
19 21 2 0.82851294 1.07407097 1.65644730 0.83163495 1.56972859 1.443293175315e-01 5.054116242169e-01 2.228578252681e+00 1.487940840352e-01 1.812316563204e+00
19 22 2 0.82851294 1.07407097 1.65644730 0.83163495 1.56972859 1.392627022974e-01 4.401590005816e-01 2.172674938974e+00 1.318883212593e-01 1.791471186899e+00
19 23 2 0.82851294 1.07407097 1.65644730 0.83163495 1.56972859 1.361269569048e-01 4.244526901706e-01 2.112653091076e+00 9.874489276117e-02 1.764948101893e+00
19 24 2 0.82851294 1.07407097 1.65644730 0.83163495 1.56972859 1.366659777239e-01 4.858474363180e-01 2.080514255313e+00 1.227355465335e-01 1.712224141946e+00
19 25 2 0.82851294 1.07407097 1.65644730 0.83163495 1.56972859 1.348710249300e-01 3.870134435991e-01 2.028276459676e+00 1.394683273801e-01 1.669020160874e+00
19 26 2 0.82851294 1.07407097 1.65644730 0.83163495 1.56972859 1.311584999357e-01 4.607765169807e-01 2.044347003449e+00 1.079030910997e-01 1.610397745687e+00
19 27 2 0.82851294 1.07407097 1.65644730 0.83163495 1.56972859 1.285395175002e-01 4.300306701119e-01 2.024443716579e+00 1.174868920590e-01 1.603098506073e+00
19 28 2 0.82851294 1.07407097 1.65644730 0.83163495 1.56972859 1.280640273259e-01 3.959303301332e-01 2.014730176473e+00 1.567736857420e-01 1.600907878645e+00
19 29 2 0.82851294 1.07407097 1.65644730 0.83163495 1.56972859 1.262581132119e-01 4.744648892913e-01 1.984782389090e+00 1.387838967092e-01 1.570326622933e+00
19 30 2 0.82851294 1.07407097 1.65644730 0.83163495 1.56972859 1.232727682997e-01 3.877134969302e-01 1.968200111422e+00 1.219872667389e-01 1.569261693234e+00
19 31 2 0.82851294 1.07407097 1.65644730 0.83163495 1.56972859 1.213680534123e-01 4.467102348819e-01 1.935515782969e+00 1.607377155307e-01 1.542975737554e+00
19 32 2 0.82851294 1.07407097 1.65644730 0.83163495 1.56972859 1.255026299798e-01 4.534477069126e-01 1.981798794833e+00 1.671584000923e-01 1.589557039283e+00
19 33 2 0.82851294 1.07407097 1.65644730 0.83163495 1.56972859 1.301071963299e-01 3.964082901820e-01 2.012923502985e+00 1.291899501655e-01 1.616337067088e+00
19 34 2 0.82851294 1.07407097 1.65644730 0.83163495 1.56972859 1.315510009150e-01 4.968813921433e-01 2.031062445370e+00 1.415312339071e-01 1.636662335611e+00
19 35 2 0.82851294 1.07407097 1.65644730 0.83163495 1.56972859 1.318465417127e-01 4.180838355618e-01 2.034200587731e+00 1.684920762053e-01 1.659981628043e+00
19 36 2 0.82851294 1.07407097 1.65644730 0.83163495 1.56972859 1.336997619585e-01 4.634319468072e-01 2.053099412201e+00 1.348265451892e-01 1.669835879604e+00
19 37 2 0.82851294 1.07407097 1.65644730 0.83163495 1.56972859 1.370284679238e-01 4.997363029919e-01 2.055979980197e+00 1.150497167889e-01 1.723662834734e+00
19 38 2 0.82851294 1.07407097 1.65644730 0.83163495 1.56972859 1.383083804913e-01 4.227181629834e-01 2.110582079627e+00 1.461764944627e-01 1.771359010837e+00
19 39 2 0.82851294 1.07407097 1.65644730 0.83163495 1.56972859 1.381630460187e-01 5.348984102104e-01 2.172300450801e+00 1.397562257028e-01 1.791113641325e+00
19 40 2 0.82851294 1.07407097 1.65644730 0.83163495 1.56972859 1.410754001384e-01 4.682452644712e-01 2.223292895582e+00 1.040299810741e-01 1.821271379682e+00
19 41 2 0.82851294 1.07407097 1.65644730 0.83163495 1.56972859 1.471054948783e-01 4.845120059436e-01 2.281793729813e+00 1.281743189363e-01 1.819413145123e+00
19 42 2 0.82851294 1.07407097 1.65644730 0.83163495 1.56972859 1.503902911752e-01 5.551581465403e-01 2.341987042086e+00 1.567315967971e-01 1.881610745107e+00
19 43 2 0.82851294 1.07407097 1.65644730 0.83163495 1.56972859 1.531126433546e-01 4.532774343015e-01 2.370863663515e+00 1.238304183346e-01 1.924301464706e+00
19 44 2 0.82851294 1.07407097 1.65644730 0.83163495 1.56972859 1.561519136353e-01 5.642388718214e-01 2.418469972384e+00 1.327638311306e-01 1.966180807408e+00
19 45 2 0.82851294 1.07407097 1.65644730 0.83163495 1.56972859 1.622345435782e-01 5.169895600910e-01 2.514273137760e+00 1.915005741628e-01 2.001926734844e+00
19 46 2 0.82851294 1.07407097 1.65644730 0.83163495 1.56972859 1.665312020359e-01 4.940431929959e-01 2.613882632727e+00 1.787957447155e-01 2.041356351986e+00
19 47 2 0.82851294 1.07407097 1.65644730 0.83163495 1.56972859 1.685677386665e-01 5.989182439853e-01 2.723766220727e+00 1.578948303351e-01 2.136895965497e+00
19 48 2 0.82851294 1.07407097 1.65644730 0.83163495 1.56972859 1.745813059503e-01 4.716375238968e-01 2.807736339718e+00 2.218370470129e-01 2.221434703420e+00
19 49 2 0.82851294 1.07407097 1.65644730 0.83163495 1.56972859 1.874488934497e-01 5.782455117695e-01 2.867263852301e+00 2.463420167916e-01 2.317676531196e+00
19 50 2 0.82851294 1.07407097 1.65644730 0.83163495 1.56972859 1.996008151365e-01 5.547554243686e-01 2.933072762472e+00 1.953725276186e-01 2.396319265532e+00
19 51 2 0.82851294 1.07407097 1.65644730 0.83163495 1.56972859 2.074416155338e-01 4.956148074739e-01 3.062455849004e+00 2.219545792390e-01 2.497416611394e+00
19 52 2 0.82851294 1.07407097 1.65644730 0.83163495 1.56972859 2.126385894375e-01 6.286611798409e-01 3.189747296488e+00 2.795168085935e-01 2.620409644259e+00
19 53 2 0.82851294 1.07407097 1.65644730 0.83163495 1.56972859 2.197677052985e-01 4.937726252310e-01 3.328252664010e+00 2.315066141905e-01 2.734688872393e+00
19 54 2 0.82851294 1.07407097 1.65644730 0.83163495 1.56972859 2.285534938531e-01 5.918467071162e-01 3.447654357072e+00 1.996460624921e-01 2.847948040668e+00
19 55 2 0.82851294 1.07407097 1.65644730 0.83163495 1.56972859 2.304880238919e-01 6.012964251336e-01 3.569094622910e+00 2.597747012716e-01 2.934227196163e+00
19 56 2 0.82851294 1.07407097 1.65644730 0.83163495 1.56972859 2.324663480263e-01 5.128300030248e-01 3.671118924106e+00 2.543421174086e-01 3.025612274196e+00
19 57 2 0.82851294 1.07407097 1.65644730 0.83163495 1.56972859 2.392858893006e-01 6.819080558765e-01 3.797290729767e+00 1.879312556939e-01 3.141621611228e+00
19 58 2 0.82851294 1.07407097 1.65644730 0.83163495 1.56972859 2.510729642190e-01 5.476960811882e-01 3.927674133370e+00 2.263916290045e-01 3.216546454743e+00
19 59 2 0.82851294 1.07407097 1.65644730 0.83163495 1.56972859 2.618545558227e-01 6.374577182485e-01 4.111422223437e+00 2.798818511053e-01 3.338921659905e+00
19 60 2 0.82851294 1.07407097 1.65644730 0.83163495 1.56972859 2.726349496827e-01 6.945827958544e-01 4.294363317647e+00 2.197616273559e-01 3.389649485187e+00
19 61 2 0.82851294 1.07407097 1.65644730 0.83163495 1.56972859 2.862016426131e-01 5.740925968998e-01 4.465857248729e+00 2.271145992922e-01 3.523502263807e+00
19 62 2 0.82851294 1.07407097 1.65644730 0.83163495 1.56972859 3.054736060618e-01 7.873554130178e-01 4.588140839590e+00 3.332750451402e-01 3.636929218577e+00
19 63 2 0.82851294 1.07407097 1.65644730 0.83163495 1.56972859 3.180931190330e-01 6.526319450755e-01 4.712805693255e+00 3.162346768500e-01 3.764226175036e+00
21 0 2 0.96944854 0.85404153 6.22480261 0.75874793 1.21420580 5.455697195146e-01 3.246999957158e-01 6.390996617129e+02 1.980828443497e-01 1.310775161143e+00
21 1 2 0.96944854 0.85404153 6.22480261 0.75874793 1.21420580 5.236717511232e-01 3.139114308396e-01 6.176800369625e+02 1.959168161908e-01 1.247275177573e+00
21 2 2 0.96944854 0.85404153 6.22480261 0.75874793 1.21420580 5.102237923283e-01 3.101294525464e-01 5.977852642391e+02 1.916332183032e-01 1.201789396985e+00
21 3 2 0.96944854 0.85404153 6.22480261 0.75874793 1.21420580 4.994295632711e-01 3.058367685124e-01 5.777953726266e+02 1.844444615565e-01 1.158011836557e+00
21 4 2 0.96944854 0.85404153 6.22480261 0.75874793 1.21420580 4.710640539469e-01 2.983571746974e-01 5.588076006463e+02 1.745956160001e-01 1.136022652605e+00
21 5 2 0.96944854 0.85404153 6.22480261 0.75874793 1.21420580 4.603678528595e-01 2.846255935166e-01 5.399810323474e+02 1.686601586298e-01 1.111997601909e+00
21 6 2 0.96944854 0.85404153 6.22480261 0.75874793 1.21420580 4.473688712021e-01 2.716404456497e-01 5.223107432293e+02 1.647842682577e-01 1.064717177850e+00
21 7 2 0.96944854 0.85404153 6.22480261 0.75874793 1.21420580 4.182848586707e-01 2.643504038459e-01 5.055506818062e+02 1.621514027769e-01 1.011249298582e+00
21 8 2 0.96944854 0.85404153 6.22480261 0.75874793 1.21420580 4.046413557186e-01 2.503103812246e-01 4.891738350121e+02 1.566522856919e-01 9.635820288675e-01
21 9 2 0.96944854 0.85404153 6.22480261 0.75874793 1.21420580 3.889221652273e-01 2.335092051096e-01 4.731816044494e+02 1.489839940949e-01 9.327946922906e-01
21 10 2 0.96944854 0.85404153 6.22480261 0.75874793 1.21420580 3.660879150355e-01 2.226027402933e-01 4.578752747603e+02 1.377393364929e-01 9.083331451288e-01
21 11 2 0.96944854 0.85404153 6.22480261 0.75874793 1.21420580 3.529394621090e-01 2.156190594212e-01 4.445087924882e+02 1.280000946426e-01 8.766689888274e-01
21 12 2 0.96944854 0.85404153 6.22480261 0.75874793 1.21420580 3.392815856054e-01 2.109163521714e-01 4.302609031333e+02 1.240290960418e-01 8.509263936796e-01
21 13 2 0.96944854 0.85404153 6.22480261 0.75874793 1.21420580 3.301903078801e-01 2.062199615473e-01 4.174097571936e+02 1.276066727531e-01 8.333678048787e-01
21 14 2 0.96944854 0.85404153 6.22480261 0.75874793 1.21420580 3.203197557038e-01 2.010477896994e-01 4.053356225494e+02 1.307593067937e-01 8.029409068787e-01
21 15 2 0.96944854 0.85404153 6.22480261 0.75874793 1.21420580 3.112682422138e-01 1.938602180223e-01 3.935190108697e+02 1.272895244432e-01 7.623089782899e-01
21 16 2 0.96944854 0.85404153 6.22480261 0.75874793 1.21420580 3.120445319232e-01 1.874203294002e-01 3.833675910146e+02 1.176432476756e-01 7.326988958843e-01
21 17 2 0.96944854 0.85404153 6.22480261 0.75874793 1.21420580 3.020354195307e-01 1.803938339178e-01 3.727868757577e+02 1.092674000655e-01 7.121226787464e-01
21 18 2 0.96944854 0.85404153 6.22480261 0.75874793 1.21420580 2.931542292573e-01 1.694181940884e-01 3.634373260076e+02 1.051990161109e-01 7.010441518729e-01
21 19 2 0.96944854 0.85404153 6.22480261 0.75874793 1.21420580 2.936136565430e-01 1.627465871433e-01 3.547496987903e+02 1.038304418712e-01 6.937075392156e-01
21 20 2 0.96944854 0.85404153 6.22480261 0.75874793 1.21420580 2.809517457118e-01 1.584016704002e-01 3.470930542363e+02 1.024941548166e-01 6.767633745523e-01
21 21 2 0.96944854 0.85404153 6.22480261 0.75874793 1.21420580 2.702143235323e-01 1.523265841493e-01 3.397906080041e+02 1.010865149014e-01 6.564089920856e-01
21 22 2 0.96944854 0.85404153 6.22480261 0.75874793 1.21420580 2.666087743672e-01 1.497248939214e-01 3.328648051894e+02 9.933219937216e-02 6.285709275097e-01
21 23 2 0.96944854 0.85404153 6.22480261 0.75874793 1.21420580 2.551456415991e-01 1.507306216880e-01 3.274188261291e+02 9.612969707729e-02 6.093318617855e-01
21 24 2 0.96944854 0.85404153 6.22480261 0.75874793 1.21420580 2.476369525445e-01 1.514558187933e-01 3.222353691569e+02 9.271419030352e-02 6.133760912754e-01
21 25 2 0.96944854 0.85404153 6.22480261 0.75874793 1.21420580 2.419051608150e-01 1.482501776053e-01 3.180469300425e+02 9.179784050804e-02 6.076038478972e-01
21 26 2 0.96944854 0.85404153 6.22480261 0.75874793 1.21420580 2.377009373274e-01 1.444472967591e-01 3.140596555969e+02 9.433157172303e-02 5.927946029672e-01
21 27 2 0.96944854 0.85404153 6.22480261 0.75874793 1.21420580 2.355733087950e-01 1.419734235158e-01 3.112567555260e+02 9.606762348582e-02 5.894311079530e-01
21 28 2 0.96944854 0.85404153 6.22480261 0.75874793 1.21420580 2.302618491231e-01 1.398662913013e-01 3.090746157155e+02 9.395462173859e-02 5.925943032666e-01
21 29 2 0.96944854 0.85404153 6.22480261 0.75874793 1.21420580 2.322768678452e-01 1.389837405847e-01 3.075779790510e+02 8.829704443030e-02 5.917921849820e-01
21 30 2 0.96944854 0.85404153 6.22480261 0.75874793 1.21420580 2.342708161195e-01 1.351756276805e-01 3.070310990891e+02 8.401985568850e-02 5.707816007302e-01
21 31 2 0.96944854 0.85404153 6.22480261 0.75874793 1.21420580 2.286475960692e-01 1.336317705850e-01 3.063095576365e+02 8.348375584825e-02 5.565550058158e-01
21 32 2 0.96944854 0.85404153 6.22480261 0.75874793 1.21420580 2.348020579373e-01 1.393201454426e-01 3.075241126466e+02 8.761221233074e-02 5.783665076611e-01
21 33 2 0.96944854 0.85404153 6.22480261 0.75874793 1.21420580 2.379601971686e-01 1.446109246733e-01 3.089616134837e+02 9.306756957043e-02 6.008191060086e-01
21 34 2 0.96944854 0.85404153 6.22480261 0.75874793 1.21420580 2.359233814754e-01 1.466930755732e-01 3.107400261482e+02 9.722153344315e-02 5.993841502400e-01
21 35 2 0.96944854 0.85404153 6.22480261 0.75874793 1.21420580 2.435793909969e-01 1.479175373141e-01 3.137185490404e+02 9.635666807411e-02 5.908732145883e-01
21 36 2 0.96944854 0.85404153 6.22480261 0.75874793 1.21420580 2.495229664261e-01 1.509558098698e-01 3.170956483582e+02 9.303502640931e-02 5.960231677767e-01
21 37 2 0.96944854 0.85404153 6.22480261 0.75874793 1.21420580 2.532459696207e-01 1.535965733710e-01 3.216376774552e+02 9.077251093440e-02 6.129067744172e-01
21 38 2 0.96944854 0.85404153 6.22480261 0.75874793 1.21420580 2.615509213524e-01 1.548454023479e-01 3.265064233768e+02 9.364308615538e-02 6.212458736647e-01
21 39 2 0.96944854 0.85404153 6.22480261 0.75874793 1.21420580 2.674952806361e-01 1.563912955471e-01 3.321380618238e+02 9.810563642842e-02 6.250285848992e-01
21 40 2 0.96944854 0.85404153 6.22480261 0.75874793 1.21420580 2.773150580813e-01 1.567295122911e-01 3.384174495535e+02 1.017243764599e-01 6.454439756418e-01
21 41 2 0.96944854 0.85404153 6.22480261 0.75874793 1.21420580 2.803860085702e-01 1.623243104128e-01 3.457000876443e+02 1.026742462992e-01 6.767993075438e-01
21 42 2 0.96944854 0.85404153 6.22480261 0.75874793 1.21420580 2.848421814554e-01 1.720181979938e-01 3.537952166488e+02 1.045439407031e-01 6.944180254991e-01
21 43 2 0.96944854 0.85404153 6.22480261 0.75874793 1.21420580 2.957491788163e-01 1.786125038390e-01 3.619322787471e+02 1.067453299068e-01 7.021873596995e-01
21 44 2 0.96944854 0.85404153 6.22480261 0.75874793 1.21420580 2.952317422945e-01 1.860733616508e-01 3.712179285417e+02 1.106087009528e-01 7.141192820248e-01
21 45 2 0.96944854 0.85404153 6.22480261 0.75874793 1.21420580 2.985373394567e-01 1.944694277100e-01 3.812843889519e+02 1.156526800650e-01 7.287255426873e-01
21 46 2 0.96944854 0.85404153 6.22480261 0.75874793 1.21420580 3.129821642613e-01 2.009500950121e-01 3.922469797589e+02 1.237785236139e-01 7.581434365848e-01
21 47 2 0.96944854 0.85404153 6.22480261 0.75874793 1.21420580 3.147150133377e-01 2.045675054494e-01 4.033126165657e+02 1.295403191717e-01 7.965606193597e-01
21 48 2 0.96944854 0.85404153 6.22480261 0.75874793 1.21420580 3.256651974818e-01 2.086968129608e-01 4.152351403925e+02 1.298974536070e-01 8.303857114083e-01
21 49 2 0.96944854 0.85404153 6.22480261 0.75874793 1.21420580 3.430981136890e-01 2.142951683154e-01 4.284388739963e+02 1.253676012660e-01 8.596479716814e-01
21 50 2 0.96944854 0.85404153 6.22480261 0.75874793 1.21420580 3.558771502480e-01 2.186380217663e-01 4.415664402904e+02 1.259368394231e-01 8.728146737126e-01
21 51 2 0.96944854 0.85404153 6.22480261 0.75874793 1.21420580 3.729502496626e-01 2.269083262671e-01 4.562871804349e+02 1.348063570654e-01 8.960260100117e-01
21 52 2 0.96944854 0.85404153 6.22480261 0.75874793 1.21420580 3.900653512896e-01 2.365555398587e-01 4.707127118529e+02 1.487759410241e-01 9.371628687174e-01
21 53 2 0.96944854 0.85404153 6.22480261 0.75874793 1.21420580 4.091174460457e-01 2.483066364687e-01 4.859589592188e+02 1.588038455108e-01 9.657169181594e-01
21 54 2 0.96944854 0.85404153 6.22480261 0.75874793 1.21420580 4.275307552833e-01 2.654409236446e-01 5.031419502406e+02 1.639214484094e-01 1.004391304676e+00
21 55 2 0.96944854 0.85404153 6.22480261 0.75874793 1.21420580 4.345152954073e-01 2.754177132251e-01 5.196765995054e+02 1.655117520366e-01 1.056374267225e+00
21 56 2 0.96944854 0.85404153 6.22480261 0.75874793 1.21420580 4.574320567831e-01 2.785436058204e-01 5.372075351082e+02 1.678890088836e-01 1.103166681249e+00
21 57 2 0.96944854 0.85404153 6.22480261 0.75874793 1.21420580 4.711636537940e-01 2.856536968735e-01 5.553633126912e+02 1.720256736440e-01 1.143880596835e+00
21 58 2 0.96944854 0.85404153 6.22480261 0.75874793 1.21420580 4.741702022180e-01 2.968463622872e-01 5.747880824515e+02 1.801166614484e-01 1.162586220679e+00
21 59 2 0.96944854 0.85404153 6.22480261 0.75874793 1.21420580 4.979433861985e-01 3.024404836480e-01 5.945172562025e+02 1.895673882036e-01 1.189693932546e+00
21 60 2 0.96944854 0.85404153 6.22480261 0.75874793 1.21420580 5.135875286906e-01 3.037536788744e-01 6.146060341332e+02 1.969357770607e-01 1.245936972817e+00
21 61 2 0.96944854 0.85404153 6.22480261 0.75874793 1.21420580 5.199539346437e-01 3.137753298735e-01 6.356709405084e+02 2.007605330196e-01 1.303877293910e+00
21 62 2 0.96944854 0.85404153 6.22480261 0.75874793 1.21420580 5.457128406686e-01 3.297854981076e-01 6.570895484038e+02 2.060211540749e-01 1.368486718422e+00
21 63 2 0.96944854 0.85404153 6.22480261 0.75874793 1.21420580 5.621698953544e-01 3.497882400832e-01 6.802730736165e+02 2.165457008944e-01 1.429984194711e+00
22 0 2 1.07697048 0.67526531 2.85869403 0.66781189 0.87599731 1.090362651938e-02 1.320811589668e-01 3.657463186975e+01 1.153543924765e-01 3.663820512060e-01
22 1 2 1.07697048 0.67526531 2.85869403 0.66781189 0.87599731 1.151088877286e-02 1.302387684523e-01 3.544656130567e+01 1.135035627777e-01 3.594511291551e-01
22 2 2 1.07697048 0.67526531 2.85869403 0.66781189 0.87599731 1.014449348853e-02 1.262698990477e-01 3.429298041125e+01 1.074264602807e-01 3.507766187800e-01
22 3 2 1.07697048 0.67526531 2.85869403 0.66781189 0.87599731 1.062450774339e-02 1.205972089237e-01 3.314840450392e+01 9.977375746129e-02 3.354821140606e-01
22 4 2 1.07697048 0.67526531 2.85869403 0.66781189 0.87599731 9.512993514450e-03 1.139281721221e-01 3.188740271401e+01 9.613661349104e-02 3.176047309402e-01
22 5 2 1.07697048 0.67526531 2.85869403 0.66781189 0.87599731 9.772991373079e-03 1.086495826789e-01 3.067633014929e+01 9.544019095420e-02 3.052646984049e-01
22 6 2 1.07697048 0.67526531 2.85869403 0.66781189 0.87599731 8.870280002930e-03 1.056423254763e-01 2.942717415887e+01 9.345461568330e-02 2.974414116027e-01
22 7 2 1.07697048 0.67526531 2.85869403 0.66781189 0.87599731 9.064955771285e-03 1.033213896526e-01 2.836857825849e+01 8.876574369507e-02 2.889747072727e-01
22 8 2 1.07697048 0.67526531 2.85869403 0.66781189 0.87599731 8.225316973309e-03 1.009475078640e-01 2.734885692641e+01 8.527831202082e-02 2.776137884423e-01
22 9 2 1.07697048 0.67526531 2.85869403 0.66781189 0.87599731 8.375456338318e-03 9.698651319531e-02 2.654304539834e+01 8.276320819480e-02 2.630916111247e-01
22 10 2 1.07697048 0.67526531 2.85869403 0.66781189 0.87599731 7.720819603320e-03 9.095988073235e-02 2.570712310795e+01 7.814255917654e-02 2.507185061509e-01
22 11 2 1.07697048 0.67526531 2.85869403 0.66781189 0.87599731 7.644561671307e-03 8.588644034523e-02 2.498940450292e+01 7.414098519271e-02 2.441354163256e-01
22 12 2 1.07697048 0.67526531 2.85869403 0.66781189 0.87599731 7.299472109768e-03 8.280400307767e-02 2.415715093682e+01 7.312025267597e-02 2.376351529715e-01
22 13 2 1.07697048 0.67526531 2.85869403 0.66781189 0.87599731 7.008774490237e-03 8.062713130363e-02 2.340941135697e+01 7.320883513621e-02 2.277263254531e-01
22 14 2 1.07697048 0.67526531 2.85869403 0.66781189 0.87599731 6.843580534266e-03 7.890864329208e-02 2.257895117548e+01 7.083871717761e-02 2.173547545897e-01
22 15 2 1.07697048 0.67526531 2.85869403 0.66781189 0.87599731 6.493608714233e-03 7.619652307503e-02 2.188313967833e+01 6.631899191184e-02 2.083897261792e-01
22 16 2 1.07697048 0.67526531 2.85869403 0.66781189 0.87599731 6.418846895400e-03 7.209859720218e-02 2.116828031293e+01 6.381151850335e-02 2.018484528955e-01
22 17 2 1.07697048 0.67526531 2.85869403 0.66781189 0.87599731 6.004361498898e-03 6.819225935281e-02 2.059761863418e+01 6.253126562380e-02 1.966943528410e-01
22 18 2 1.07697048 0.67526531 2.85869403 0.66781189 0.87599731 6.071220456565e-03 6.503969535430e-02 2.001064322807e+01 6.043867746702e-02 1.903660511504e-01
22 19 2 1.07697048 0.67526531 2.85869403 0.66781189 0.87599731 5.578004483199e-03 6.331817275294e-02 1.952573405674e+01 5.893048393043e-02 1.841401423082e-01
22 20 2 1.07697048 0.67526531 2.85869403 0.66781189 0.87599731 5.706826742690e-03 6.295106538310e-02 1.902376476424e+01 5.877912466422e-02 1.785038676981e-01
22 21 2 1.07697048 0.67526531 2.85869403 0.66781189 0.87599731 5.290102129902e-03 6.169235519635e-02 1.861099629443e+01 5.857755142470e-02 1.720628004152e-01
22 22 2 1.07697048 0.67526531 2.85869403 0.66781189 0.87599731 5.323893043448e-03 5.922452510534e-02 1.822105667163e+01 5.598104853486e-02 1.679996938961e-01
22 23 2 1.07697048 0.67526531 2.85869403 0.66781189 0.87599731 5.068386898670e-03 5.685205666095e-02 1.792053595091e+01 5.285765680997e-02 1.674191973664e-01
22 24 2 1.07697048 0.67526531 2.85869403 0.66781189 0.87599731 5.027011728762e-03 5.478767263379e-02 1.765913714723e+01 5.245543034589e-02 1.651890890489e-01
22 25 2 1.07697048 0.67526531 2.85869403 0.66781189 0.87599731 4.846843747099e-03 5.389735823763e-02 1.743856715304e+01 5.301104686842e-02 1.597134496092e-01
22 26 2 1.07697048 0.67526531 2.85869403 0.66781189 0.87599731 4.807002937731e-03 5.433949054462e-02 1.723226386363e+01 5.267205706801e-02 1.548483227144e-01
22 27 2 1.07697048 0.67526531 2.85869403 0.66781189 0.87599731 4.686361494811e-03 5.462075113871e-02 1.701601922867e+01 5.204260098931e-02 1.545327423249e-01
22 28 2 1.07697048 0.67526531 2.85869403 0.66781189 0.87599731 4.600758911135e-03 5.432687508009e-02 1.683174143878e+01 5.205155332149e-02 1.580647458512e-01
22 29 2 1.07697048 0.67526531 2.85869403 0.66781189 0.87599731 4.601348197629e-03 5.338957869719e-02 1.665822197044e+01 5.196763925542e-02 1.582954447192e-01
22 30 2 1.07697048 0.67526531 2.85869403 0.66781189 0.87599731 4.458893303427e-03 5.213244008688e-02 1.659284049377e+01 5.027838177756e-02 1.528997311205e-01
22 31 2 1.07697048 0.67526531 2.85869403 0.66781189 0.87599731 4.517058671119e-03 5.233074416836e-02 1.657511616122e+01 4.946954326807e-02 1.506813780520e-01
22 32 2 1.07697048 0.67526531 2.85869403 0.66781189 0.87599731 4.423018145344e-03 5.392572000437e-02 1.669860924963e+01 5.129657812498e-02 1.557214556106e-01
22 33 2 1.07697048 0.67526531 2.85869403 0.66781189 0.87599731 4.451356496788e-03 5.543618618168e-02 1.682931977434e+01 5.317189032925e-02 1.611025019541e-01
22 34 2 1.07697048 0.67526531 2.85869403 0.66781189 0.87599731 4.416590286130e-03 5.677218187672e-02 1.705485355224e+01 5.343450981368e-02 1.614625256857e-01
22 35 2 1.07697048 0.67526531 2.85869403 0.66781189 0.87599731 4.485669529609e-03 5.741964421991e-02 1.721358758583e+01 5.293473499175e-02 1.590774691863e-01
22 36 2 1.07697048 0.67526531 2.85869403 0.66781189 0.87599731 4.410840087546e-03 5.731299275668e-02 1.744093681080e+01 5.361851691593e-02 1.606883024874e-01
22 37 2 1.07697048 0.67526531 2.85869403 0.66781189 0.87599731 4.588098220313e-03 5.813406871170e-02 1.759995972576e+01 5.471099373924e-02 1.683991351203e-01
22 38 2 1.07697048 0.67526531 2.85869403 0.66781189 0.87599731 4.478039557796e-03 6.022749414566e-02 1.787686170158e+01 5.481473052617e-02 1.748271793926e-01
22 39 2 1.07697048 0.67526531 2.85869403 0.66781189 0.87599731 4.702175718158e-03 6.311912160424e-02 1.813546756121e+01 5.640674015860e-02 1.760494677844e-01
22 40 2 1.07697048 0.67526531 2.85869403 0.66781189 0.87599731 4.612335290548e-03 6.624855519129e-02 1.855295534515e+01 5.983003990332e-02 1.779835097718e-01
22 41 2 1.07697048 0.67526531 2.85869403 0.66781189 0.87599731 4.886980501988e-03 6.792028595263e-02 1.895638072609e+01 6.219281454759e-02 1.836119193485e-01
22 42 2 1.07697048 0.67526531 2.85869403 0.66781189 0.87599731 4.748816232700e-03 6.857940626717e-02 1.949341820691e+01 6.231691354416e-02 1.907345272710e-01
22 43 2 1.07697048 0.67526531 2.85869403 0.66781189 0.87599731 5.161895717884e-03 7.010754570527e-02 1.998615652395e+01 6.227356041532e-02 1.978301080768e-01
22 44 2 1.07697048 0.67526531 2.85869403 0.66781189 0.87599731 4.943881674396e-03 7.243064188512e-02 2.058725072291e+01 6.494038032701e-02 2.035222345827e-01
22 45 2 1.07697048 0.67526531 2.85869403 0.66781189 0.87599731 5.424687175727e-03 7.585408675506e-02 2.115643945831e+01 6.818635923340e-02 2.088198857010e-01
22 46 2 1.07697048 0.67526531 2.85869403 0.66781189 0.87599731 5.275495297041e-03 8.022995218556e-02 2.184428737558e+01 7.019240306688e-02 2.154926927779e-01
22 47 2 1.07697048 0.67526531 2.85869403 0.66781189 0.87599731 5.667379501553e-03 8.331015016868e-02 2.252766114573e+01 7.336163995876e-02 2.223596116881e-01
22 48 2 1.07697048 0.67526531 2.85869403 0.66781189 0.87599731 5.675146610773e-03 8.485945676012e-02 2.330471978417e+01 7.733960072950e-02 2.307848988147e-01
22 49 2 1.07697048 0.67526531 2.85869403 0.66781189 0.87599731 5.984564784097e-03 8.612884931621e-02 2.405768918662e+01 7.970668265947e-02 2.415307972032e-01
22 50 2 1.07697048 0.67526531 2.85869403 0.66781189 0.87599731 6.098726353260e-03 8.804822626982e-02 2.484235261832e+01 7.993703328536e-02 2.494617679116e-01
22 51 2 1.07697048 0.67526531 2.85869403 0.66781189 0.87599731 6.338733379481e-03 9.215003300521e-02 2.560690259976e+01 8.182794015163e-02 2.544589589891e-01
22 52 2 1.07697048 0.67526531 2.85869403 0.66781189 0.87599731 6.637079633508e-03 9.735391486151e-02 2.641159477430e+01 8.788833127930e-02 2.622461354321e-01
22 53 2 1.07697048 0.67526531 2.85869403 0.66781189 0.87599731 6.661145889680e-03 1.011788381563e-01 2.729598780252e+01 9.320298680413e-02 2.737950843068e-01
22 54 2 1.07697048 0.67526531 2.85869403 0.66781189 0.87599731 7.272172500283e-03 1.039286812587e-01 2.827969539199e+01 9.593368545026e-02 2.865885829774e-01
22 55 2 1.07697048 0.67526531 2.85869403 0.66781189 0.87599731 7.063193187707e-03 1.056008353363e-01 2.941588046320e+01 9.920769654726e-02 2.966608148683e-01
22 56 2 1.07697048 0.67526531 2.85869403 0.66781189 0.87599731 7.867934270340e-03 1.068575993569e-01 3.059753606699e+01 1.034258065155e-01 3.020485549300e-01
22 57 2 1.07697048 0.67526531 2.85869403 0.66781189 0.87599731 7.607376961124e-03 1.106139399407e-01 3.186124762997e+01 1.066729458561e-01 3.094135189579e-01
22 58 2 1.07697048 0.67526531 2.85869403 0.66781189 0.87599731 8.476483919720e-03 1.166085048028e-01 3.302021813318e+01 1.084551314079e-01 3.232535823261e-01
22 59 2 1.07697048 0.67526531 2.85869403 0.66781189 0.87599731 8.156391501180e-03 1.223421537939e-01 3.419778567415e+01 1.138668603633e-01 3.385409490445e-01
22 60 2 1.07697048 0.67526531 2.85869403 0.66781189 0.87599731 9.223553491697e-03 1.265672770242e-01 3.524434964257e+01 1.231191982723e-01 3.506977217170e-01
22 61 2 1.07697048 0.67526531 2.85869403 0.66781189 0.87599731 8.695855477075e-03 1.284357154000e-01 3.641684606166e+01 1.286208914334e-01 3.580698651231e-01
22 62 2 1.07697048 0.67526531 2.85869403 0.66781189 0.87599731 1.000708585314e-02 1.300047743753e-01 3.757391144756e+01 1.303325854786e-01 3.639777012623e-01
22 63 2 1.07697048 0.67526531 2.85869403 0.66781189 0.87599731 9.360457775526e-03 1.341924966210e-01 3.898411627291e+01 1.334530113545e-01 3.781170831937e-01
26 0 2 1.15824953 0.77219232 5.77389608 0.74410824 1.05170560 1.276135925560e+00 2.232038694786e-01 4.909249239546e+02 1.883862489285e-01 9.178856038930e-01
26 1 2 1.15824953 0.77219232 5.77389608 0.74410824 1.05170560 1.217498141056e+00 2.173714119667e-01 4.749147152328e+02 1.757811780594e-01 7.595760369024e-01
26 2 2 1.15824953 0.77219232 5.77389608 0.74410824 1.05170560 1.160607215996e+00 2.055508657481e-01 4.587047878779e+02 1.689400933593e-01 5.617275939753e-01
26 3 2 1.15824953 0.77219232 5.77389608 0.74410824 1.05170560 1.110716767490e+00 1.948861646524e-01 4.435760402997e+02 1.674848265197e-01 5.355316987457e-01
26 4 2 1.15824953 0.77219232 5.77389608 0.74410824 1.05170560 1.048150673046e+00 1.883462600283e-01 4.291304240817e+02 1.653292977954e-01 6.735793947860e-01
26 5 2 1.15824953 0.77219232 5.77389608 0.74410824 1.05170560 1.005093233402e+00 1.844523283089e-01 4.156350019678e+02 1.584974605936e-01 7.701518564548e-01
26 6 2 1.15824953 0.77219232 5.77389608 0.74410824 1.05170560 9.425450445761e-01 1.816912508788e-01 4.013620237464e+02 1.499967716032e-01 6.816887930778e-01
26 7 2 1.15824953 0.77219232 5.77389608 0.74410824 1.05170560 9.050151980302e-01 1.777979739064e-01 3.875642758376e+02 1.444744210325e-01 5.031006384557e-01
26 8 2 1.15824953 0.77219232 5.77389608 0.74410824 1.05170560 8.492373151494e-01 1.728716230320e-01 3.745616802735e+02 1.381503453270e-01 4.379837066262e-01
26 9 2 1.15824953 0.77219232 5.77389608 0.74410824 1.05170560 8.153903466865e-01 1.663639504443e-01 3.627860341338e+02 1.310700563323e-01 5.317789044816e-01
26 10 2 1.15824953 0.77219232 5.77389608 0.74410824 1.05170560 7.705492992857e-01 1.562863337372e-01 3.513671984135e+02 1.270794442001e-01 6.324263381142e-01
26 11 2 1.15824953 0.77219232 5.77389608 0.74410824 1.05170560 7.383330564026e-01 1.465482417056e-01 3.406128412026e+02 1.273552209856e-01 5.971787900556e-01
26 12 2 1.15824953 0.77219232 5.77389608 0.74410824 1.05170560 7.035506812272e-01 1.409501333371e-01 3.301204649828e+02 1.274589234251e-01 4.564082658477e-01
26 13 2 1.15824953 0.77219232 5.77389608 0.74410824 1.05170560 6.721865323156e-01 1.378018056237e-01 3.200306495096e+02 1.210150689320e-01 3.654241858044e-01
26 14 2 1.15824953 0.77219232 5.77389608 0.74410824 1.05170560 6.424948566986e-01 1.348716670315e-01 3.104875652774e+02 1.121115311287e-01 4.095865999498e-01
26 15 2 1.15824953 0.77219232 5.77389608 0.74410824 1.05170560 6.129375945182e-01 1.297822027158e-01 3.015207688627e+02 1.064163470425e-01 5.042465865179e-01
26 16 2 1.15824953 0.77219232 5.77389608 0.74410824 1.05170560 5.834207515090e-01 1.225634038821e-01 2.929369876982e+02 1.044408064618e-01 5.104666079391e-01
26 17 2 1.15824953 0.77219232 5.77389608 0.74410824 1.05170560 5.570865802846e-01 1.173254906748e-01 2.850048681191e+02 1.037562248333e-01 4.083073096976e-01
26 18 2 1.15824953 0.77219232 5.77389608 0.74410824 1.05170560 5.267595726919e-01 1.149439255737e-01 2.782563000230e+02 1.024543547705e-01 3.122346368706e-01
26 19 2 1.15824953 0.77219232 5.77389608 0.74410824 1.05170560 5.041937085346e-01 1.135665695593e-01 2.719472324622e+02 1.024302562679e-01 3.306923404640e-01
26 20 2 1.15824953 0.77219232 5.77389608 0.74410824 1.05170560 4.762210928631e-01 1.120018259038e-01 2.657519055181e+02 1.012517544285e-01 4.267040621873e-01
26 21 2 1.15824953 0.77219232 5.77389608 0.74410824 1.05170560 4.571730801402e-01 1.083887194055e-01 2.596804237939e+02 9.621047339316e-02 4.648430948945e-01
26 22 2 1.15824953 0.77219232 5.77389608 0.74410824 1.05170560 4.357529959090e-01 1.039501092236e-01 2.545889913583e+02 8.987970534805e-02 3.906884316389e-01
26 23 2 1.15824953 0.77219232 5.77389608 0.74410824 1.05170560 4.199296729855e-01 1.011526346014e-01 2.500048036646e+02 8.629664798531e-02 2.936026024968e-01
26 24 2 1.15824953 0.77219232 5.77389608 0.74410824 1.05170560 4.072053912028e-01 9.881569909507e-02 2.462574497831e+02 8.712711627768e-02 2.837959120759e-01
26 25 2 1.15824953 0.77219232 5.77389608 0.74410824 1.05170560 3.943351551662e-01 9.689025489728e-02 2.429001230924e+02 8.764141697522e-02 3.593742593855e-01
26 26 2 1.15824953 0.77219232 5.77389608 0.74410824 1.05170560 3.897424243773e-01 9.646053168224e-02 2.403372923868e+02 8.568742452506e-02 4.165837114716e-01
26 27 2 1.15824953 0.77219232 5.77389608 0.74410824 1.05170560 3.792053881183e-01 9.625033461013e-02 2.379559720520e+02 8.365792431583e-02 3.807386426465e-01
26 28 2 1.15824953 0.77219232 5.77389608 0.74410824 1.05170560 3.806449670124e-01 9.531967551742e-02 2.364385220654e+02 8.232748952781e-02 2.960105815818e-01
26 29 2 1.15824953 0.77219232 5.77389608 0.74410824 1.05170560 3.718832716431e-01 9.286777908749e-02 2.350387138380e+02 8.102595830449e-02 2.595897360835e-01
26 30 2 1.15824953 0.77219232 5.77389608 0.74410824 1.05170560 3.769268796226e-01 8.961362554177e-02 2.342528209731e+02 7.847002592393e-02 3.082579637796e-01
26 31 2 1.15824953 0.77219232 5.77389608 0.74410824 1.05170560 3.706189741487e-01 8.954000649457e-02 2.338571595386e+02 7.778835714291e-02 3.822219928520e-01
26 32 2 1.15824953 0.77219232 5.77389608 0.74410824 1.05170560 3.771672065974e-01 9.315659682781e-02 2.348725049878e+02 8.095185629597e-02 3.916791854156e-01
26 33 2 1.15824953 0.77219232 5.77389608 0.74410824 1.05170560 3.756791743010e-01 9.710297095092e-02 2.361615848399e+02 8.464977029568e-02 3.233161384850e-01
26 34 2 1.15824953 0.77219232 5.77389608 0.74410824 1.05170560 3.825559042664e-01 9.980498348833e-02 2.379493543800e+02 8.663319433503e-02 2.664037563211e-01
26 35 2 1.15824953 0.77219232 5.77389608 0.74410824 1.05170560 3.886372407702e-01 1.004114834055e-01 2.397403786756e+02 8.695850729241e-02 3.012476747182e-01
26 36 2 1.15824953 0.77219232 5.77389608 0.74410824 1.05170560 3.961688204050e-01 9.996493696016e-02 2.425536088071e+02 8.824351785016e-02 3.942597819827e-01
26 37 2 1.15824953 0.77219232 5.77389608 0.74410824 1.05170560 4.107503432656e-01 1.012832416455e-01 2.455612906663e+02 8.965507178749e-02 4.337774357757e-01
26 38 2 1.15824953 0.77219232 5.77389608 0.74410824 1.05170560 4.206372159774e-01 1.039001272879e-01 2.495154402938e+02 8.912138619158e-02 3.690785453691e-01
26 39 2 1.15824953 0.77219232 5.77389608 0.74410824 1.05170560 4.417298361136e-01 1.069993399698e-01 2.537799305895e+02 8.975172687180e-02 2.875226510194e-01
26 40 2 1.15824953 0.77219232 5.77389608 0.74410824 1.05170560 4.558426407838e-01 1.108010265377e-01 2.590395179541e+02 9.378280615773e-02 3.065197403929e-01
26 41 2 1.15824953 0.77219232 5.77389608 0.74410824 1.05170560 4.796783411816e-01 1.138439085613e-01 2.645115784474e+02 9.994720330717e-02 4.137330617395e-01
26 42 2 1.15824953 0.77219232 5.77389608 0.74410824 1.05170560 4.985931490468e-01 1.163060185218e-01 2.709823630221e+02 1.029561281731e-01 4.820232861015e-01
26 43 2 1.15824953 0.77219232 5.77389608 0.74410824 1.05170560 5.221559134963e-01 1.185435362588e-01 2.773483819507e+02 1.015192125612e-01 4.349633534439e-01
26 44 2 1.15824953 0.77219232 5.77389608 0.74410824 1.05170560 5.449101349473e-01 1.198503531759e-01 2.841764666626e+02 1.008593757623e-01 3.399684904326e-01
26 45 2 1.15824953 0.77219232 5.77389608 0.74410824 1.05170560 5.678405651090e-01 1.232641334764e-01 2.913541831122e+02 1.025834730093e-01 3.309511916209e-01
26 46 2 1.15824953 0.77219232 5.77389608 0.74410824 1.05170560 5.933682694027e-01 1.302123824358e-01 3.000932315740e+02 1.061419602605e-01 4.402322728445e-01
26 47 2 1.15824953 0.77219232 5.77389608 0.74410824 1.05170560 6.180118666979e-01 1.369788451296e-01 3.091537253108e+02 1.105822774334e-01 5.526255001494e-01
26 48 2 1.15824953 0.77219232 5.77389608 0.74410824 1.05170560 6.467121913955e-01 1.413384973771e-01 3.187162095966e+02 1.172900025210e-01 5.470641660099e-01
26 49 2 1.15824953 0.77219232 5.77389608 0.74410824 1.05170560 6.767976117602e-01 1.434915129992e-01 3.283833393821e+02 1.257236967645e-01 4.463065416637e-01
26 50 2 1.15824953 0.77219232 5.77389608 0.74410824 1.05170560 7.102956811367e-01 1.464564150629e-01 3.389647923384e+02 1.293620003712e-01 3.938278571138e-01
26 51 2 1.15824953 0.77219232 5.77389608 0.74410824 1.05170560 7.492234535549e-01 1.539814982646e-01 3.496277388370e+02 1.284157205156e-01 4.855939690581e-01
26 52 2 1.15824953 0.77219232 5.77389608 0.74410824 1.05170560 7.887065803085e-01 1.629892464390e-01 3.610098766586e+02 1.287724496907e-01 6.360863397619e-01
26 53 2 1.15824953 0.77219232 5.77389608 0.74410824 1.05170560 8.375737721693e-01 1.692136707911e-01 3.728268282440e+02 1.354057113087e-01 6.717099133812e-01
26 54 2 1.15824953 0.77219232 5.77389608 0.74410824 1.05170560 8.831914800196e-01 1.732207255298e-01 3.855637314368e+02 1.455369328201e-01 5.623032163830e-01
26 55 2 1.15824953 0.77219232 5.77389608 0.74410824 1.05170560 9.389442218354e-01 1.751352945141e-01 3.989365500273e+02 1.522194599481e-01 4.677772249402e-01
26 56 2 1.15824953 0.77219232 5.77389608 0.74410824 1.05170560 9.912458827289e-01 1.768778248972e-01 4.132688897491e+02 1.578923154355e-01 5.386553382489e-01
26 57 2 1.15824953 0.77219232 5.77389608 0.74410824 1.05170560 1.047147786056e+00 1.812172109096e-01 4.274545783487e+02 1.647393932713e-01 7.208267234672e-01
26 58 2 1.15824953 0.77219232 5.77389608 0.74410824 1.05170560 1.108159769672e+00 1.875860494813e-01 4.414127555170e+02 1.708014293911e-01 8.123603194521e-01
26 59 2 1.15824953 0.77219232 5.77389608 0.74410824 1.05170560 1.158286026290e+00 1.967654189409e-01 4.560340795172e+02 1.738931983053e-01 7.185226637219e-01
26 60 2 1.15824953 0.77219232 5.77389608 0.74410824 1.05170560 1.229790815925e+00 2.082345892391e-01 4.721108111061e+02 1.768383855047e-01 5.854312577501e-01
26 61 2 1.15824953 0.77219232 5.77389608 0.74410824 1.05170560 1.274819102225e+00 2.172364396584e-01 4.888225026141e+02 1.874560470276e-01 6.170318404328e-01
26 62 2 1.15824953 0.77219232 5.77389608 0.74410824 1.05170560 1.355261168801e+00 2.222600633123e-01 5.056528931188e+02 2.013083404252e-01 8.234147625698e-01
26 63 2 1.15824953 0.77219232 5.77389608 0.74410824 1.05170560 1.403619715160e+00 2.250006559920e-01 5.232211348655e+02 2.109513826974e-01 9.970775982602e-01
28 0 2 0.92841800 0.90201593 3.60423589 0.77588811 1.30284300 4.513127104568e-01 2.892904222761e-01 8.778681434579e+01 2.631057419469e-01 1.738430039038e+00
28 1 2 0.92841800 0.90201593 3.60423589 0.77588811 1.30284300 4.278426733039e-01 2.698026290989e-01 8.504086837759e+01 1.985159964342e-01 1.683431426297e+00
28 2 2 0.92841800 0.90201593 3.60423589 0.77588811 1.30284300 4.036281705810e-01 2.430116367738e-01 8.219332461309e+01 1.630038976106e-01 1.638024468569e+00
28 3 2 0.92841800 0.90201593 3.60423589 0.77588811 1.30284300 3.903782993673e-01 2.205493734073e-01 7.912540208263e+01 1.903640244859e-01 1.561039747021e+00
28 4 2 0.92841800 0.90201593 3.60423589 0.77588811 1.30284300 3.799449954987e-01 2.076507132833e-01 7.654470835741e+01 2.364775085438e-01 1.474692261310e+00
28 5 2 0.92841800 0.90201593 3.60423589 0.77588811 1.30284300 3.732133434114e-01 1.938339358706e-01 7.381316526243e+01 2.360531404977e-01 1.425484944148e+00
28 6 2 0.92841800 0.90201593 3.60423589 0.77588811 1.30284300 3.625508918537e-01 1.819857495712e-01 7.118498045830e+01 1.805585154704e-01 1.374631456631e+00
28 7 2 0.92841800 0.90201593 3.60423589 0.77588811 1.30284300 3.500647715603e-01 1.798829940724e-01 6.903673609157e+01 1.284295562700e-01 1.322288736410e+00
28 8 2 0.92841800 0.90201593 3.60423589 0.77588811 1.30284300 3.453677239142e-01 1.812415867578e-01 6.653963645888e+01 1.308035893389e-01 1.282592048259e+00
28 9 2 0.92841800 0.90201593 3.60423589 0.77588811 1.30284300 3.384801052079e-01 1.820550174338e-01 6.409382943910e+01 1.715275848520e-01 1.264452516101e+00
28 10 2 0.92841800 0.90201593 3.60423589 0.77588811 1.30284300 3.176788670936e-01 1.872451440075e-01 6.226047232475e+01 1.947798552539e-01 1.230303685453e+00
28 11 2 0.92841800 0.90201593 3.60423589 0.77588811 1.30284300 3.044573629485e-01 1.912159838196e-01 6.011697467021e+01 1.718198708060e-01 1.162312463815e+00
28 12 2 0.92841800 0.90201593 3.60423589 0.77588811 1.30284300 2.956082116759e-01 1.949475020494e-01 5.815227243087e+01 1.295129152255e-01 1.118312258166e+00
28 13 2 0.92841800 0.90201593 3.60423589 0.77588811 1.30284300 2.817344149912e-01 1.988380036782e-01 5.637257255722e+01 1.119092444638e-01 1.073202315061e+00
28 14 2 0.92841800 0.90201593 3.60423589 0.77588811 1.30284300 2.690614351040e-01 1.993678965456e-01 5.451314203636e+01 1.333521495492e-01 1.027402019908e+00
28 15 2 0.92841800 0.90201593 3.60423589 0.77588811 1.30284300 2.606277296346e-01 2.028264009328e-01 5.298655005045e+01 1.599806261331e-01 1.007702908522e+00
28 16 2 0.92841800 0.90201593 3.60423589 0.77588811 1.30284300 2.533987043531e-01 2.044838412245e-01 5.153927283676e+01 1.531904286838e-01 9.863337868144e-01
28 17 2 0.92841800 0.90201593 3.60423589 0.77588811 1.30284300 2.520041632340e-01 2.084469471607e-01 4.992155451403e+01 1.143763498809e-01 9.618090219018e-01
28 18 2 0.92841800 0.90201593 3.60423589 0.77588811 1.30284300 2.458634589742e-01 2.166243068395e-01 4.865918642353e+01 8.841258598842e-02 9.340838478579e-01
28 19 2 0.92841800 0.90201593 3.60423589 0.77588811 1.30284300 2.364111937194e-01 2.210624829125e-01 4.747895897429e+01 1.016597469091e-01 9.185025281706e-01
28 20 2 0.92841800 0.90201593 3.60423589 0.77588811 1.30284300 2.363842975568e-01 2.289046117697e-01 4.629513658221e+01 1.324930634797e-01 8.911540301872e-01
28 21 2 0.92841800 0.90201593 3.60423589 0.77588811 1.30284300 2.334755991146e-01 2.407305882639e-01 4.538529241619e+01 1.375661204582e-01 8.434179934564e-01
28 22 2 0.92841800 0.90201593 3.60423589 0.77588811 1.30284300 2.218322884981e-01 2.484728333850e-01 4.429755411387e+01 1.111261855119e-01 8.245037090545e-01
28 23 2 0.92841800 0.90201593 3.60423589 0.77588811 1.30284300 2.157553881369e-01 2.514406604441e-01 4.350021291478e+01 8.348026549010e-02 8.147389408195e-01
28 24 2 0.92841800 0.90201593 3.60423589 0.77588811 1.30284300 2.134370760009e-01 2.579447298980e-01 4.295126615529e+01 8.614747214365e-02 8.087975263506e-01
28 25 2 0.92841800 0.90201593 3.60423589 0.77588811 1.30284300 2.063143986370e-01 2.633244934460e-01 4.219191360992e+01 1.122358927173e-01 8.086561781261e-01
28 26 2 0.92841800 0.90201593 3.60423589 0.77588811 1.30284300 2.025622403244e-01 2.623558140660e-01 4.164585382036e+01 1.309637803910e-01 7.949766055834e-01
28 27 2 0.92841800 0.90201593 3.60423589 0.77588811 1.30284300 1.982976733357e-01 2.608203831543e-01 4.135511675138e+01 1.179232932777e-01 7.815353104255e-01
28 28 2 0.92841800 0.90201593 3.60423589 0.77588811 1.30284300 1.955753495654e-01 2.603339398439e-01 4.090608114691e+01 8.732163772940e-02 7.748191069019e-01
28 29 2 0.92841800 0.90201593 3.60423589 0.77588811 1.30284300 1.982566349954e-01 2.646285240769e-01 4.081053522653e+01 7.220624185605e-02 7.753518314018e-01
28 30 2 0.92841800 0.90201593 3.60423589 0.77588811 1.30284300 1.973211613678e-01 2.635634321073e-01 4.074479297909e+01 8.937859662955e-02 7.561886790825e-01
28 31 2 0.92841800 0.90201593 3.60423589 0.77588811 1.30284300 1.924818872081e-01 2.612352186098e-01 4.050403356230e+01 1.151002890630e-01 7.375222170636e-01
28 32 2 0.92841800 0.90201593 3.60423589 0.77588811 1.30284300 1.981680962634e-01 2.690521956915e-01 4.079125100786e+01 1.184771721783e-01 7.646821303919e-01
28 33 2 0.92841800 0.90201593 3.60423589 0.77588811 1.30284300 2.025177089384e-01 2.740126807906e-01 4.104905757309e+01 9.650556840390e-02 7.898430869161e-01
28 34 2 0.92841800 0.90201593 3.60423589 0.77588811 1.30284300 2.003334975260e-01 2.730670401974e-01 4.116643701248e+01 7.965385062827e-02 7.878451627054e-01
28 35 2 0.92841800 0.90201593 3.60423589 0.77588811 1.30284300 2.041862923804e-01 2.738277754278e-01 4.166489101757e+01 9.061885845415e-02 7.871026387305e-01
28 36 2 0.92841800 0.90201593 3.60423589 0.77588811 1.30284300 2.111046892945e-01 2.774152643283e-01 4.218396649966e+01 1.196566146848e-01 8.001532043962e-01
28 37 2 0.92841800 0.90201593 3.60423589 0.77588811 1.30284300 2.149002781662e-01 2.751178093083e-01 4.268881379399e+01 1.329096742044e-01 8.124419516451e-01
28 38 2 0.92841800 0.90201593 3.60423589 0.77588811 1.30284300 2.206941272240e-01 2.683667702122e-01 4.358747243453e+01 1.140859798338e-01 8.135782571216e-01
28 39 2 0.92841800 0.90201593 3.60423589 0.77588811 1.30284300 2.242663653449e-01 2.622801343877e-01 4.426123951810e+01 8.468939200985e-02 8.258071372563e-01
28 40 2 0.92841800 0.90201593 3.60423589 0.77588811 1.30284300 2.270459969232e-01 2.572498688636e-01 4.508342031185e+01 8.335141990521e-02 8.467081589467e-01
28 41 2 0.92841800 0.90201593 3.60423589 0.77588811 1.30284300 2.366551992131e-01 2.523730325086e-01 4.630052892150e+01 1.166920995268e-01 8.755362941333e-01
28 42 2 0.92841800 0.90201593 3.60423589 0.77588811 1.30284300 2.389978865702e-01 2.423363556780e-01 4.733737293980e+01 1.475206442431e-01 9.196733686054e-01
28 43 2 0.92841800 0.90201593 3.60423589 0.77588811 1.30284300 2.372648251663e-01 2.388807705570e-01 4.851296960248e+01 1.399964449638e-01 9.463118059683e-01
28 44 2 0.92841800 0.90201593 3.60423589 0.77588811 1.30284300 2.458939312355e-01 2.386467064425e-01 4.986870958442e+01 1.070126002099e-01 9.533223391918e-01
28 45 2 0.92841800 0.90201593 3.60423589 0.77588811 1.30284300 2.557490184529e-01 2.329055626922e-01 5.121745614456e+01 9.493741642377e-02 9.752213323995e-01
28 46 2 0.92841800 0.90201593 3.60423589 0.77588811 1.30284300 2.579819721387e-01 2.311649717966e-01 5.284999038364e+01 1.240026563327e-01 1.007502135927e+00
28 47 2 0.92841800 0.90201593 3.60423589 0.77588811 1.30284300 2.681260608933e-01 2.294464830467e-01 5.450704626938e+01 1.658829747930e-01 1.032048323264e+00
28 48 2 0.92841800 0.90201593 3.60423589 0.77588811 1.30284300 2.811982711023e-01 2.242926568786e-01 5.600755269209e+01 1.764508039691e-01 1.064515335422e+00
28 49 2 0.92841800 0.90201593 3.60423589 0.77588811 1.30284300 2.943219075117e-01 2.182105767683e-01 5.800830892324e+01 1.483299743070e-01 1.116817480433e+00
28 50 2 0.92841800 0.90201593 3.60423589 0.77588811 1.30284300 3.081238764725e-01 2.119811845056e-01 5.992584549412e+01 1.171425784685e-01 1.169262845044e+00
28 51 2 0.92841800 0.90201593 3.60423589 0.77588811 1.30284300 3.169027368139e-01 2.036367688818e-01 6.189875979596e+01 1.270308711983e-01 1.211351129223e+00
28 52 2 0.92841800 0.90201593 3.60423589 0.77588811 1.30284300 3.259344908414e-01 1.955700625897e-01 6.413768810590e+01 1.730436059543e-01 1.261065467051e+00
28 53 2 0.92841800 0.90201593 3.60423589 0.77588811 1.30284300 3.428421846360e-01 1.908229367555e-01 6.616947980322e+01 2.050363921618e-01 1.297135108288e+00
28 54 2 0.92841800 0.90201593 3.60423589 0.77588811 1.30284300 3.493522253977e-01 1.888626440853e-01 6.854303731253e+01 1.840004384535e-01 1.309237205471e+00
28 55 2 0.92841800 0.90201593 3.60423589 0.77588811 1.30284300 3.505285009644e-01 1.908953060241e-01 7.124874197996e+01 1.434294896619e-01 1.357428725943e+00
28 56 2 0.92841800 0.90201593 3.60423589 0.77588811 1.30284300 3.658540907249e-01 1.935385876822e-01 7.349927364994e+01 1.460785228954e-01 1.428499860178e+00
28 57 2 0.92841800 0.90201593 3.60423589 0.77588811 1.30284300 3.819039897977e-01 2.049180555426e-01 7.605350603960e+01 2.073769662342e-01 1.486147060900e+00
28 58 2 0.92841800 0.90201593 3.60423589 0.77588811 1.30284300 3.940629885778e-01 2.202977849290e-01 7.907526249396e+01 2.640146739161e-01 1.547752245833e+00
28 59 2 0.92841800 0.90201593 3.60423589 0.77588811 1.30284300 4.115777069301e-01 2.276258004576e-01 8.167230753140e+01 2.565139597996e-01 1.621988964914e+00
28 60 2 0.92841800 0.90201593 3.60423589 0.77588811 1.30284300 4.345892539523e-01 2.434714594671e-01 8.474485737541e+01 1.954435773456e-01 1.695020094401e+00
28 61 2 0.92841800 0.90201593 3.60423589 0.77588811 1.30284300 4.608433307767e-01 2.636550250493e-01 8.778631419521e+01 1.612088556243e-01 1.729118925285e+00
28 62 2 0.92841800 0.90201593 3.60423589 0.77588811 1.30284300 4.879024773805e-01 2.770784999160e-01 9.063087128862e+01 2.036521267469e-01 1.769412484153e+00
28 63 2 0.92841800 0.90201593 3.60423589 0.77588811 1.30284300 5.007680230124e-01 2.931071709789e-01 9.411967060667e+01 2.857444867335e-01 1.833474893055e+00
29 0 2 0.94440449 0.56915669 1.50953348 0.57933582 0.70039716 1.374474656652e-03 6.512640743966e-02 3.112910931758e+00 6.332600710252e-09 1.485147712186e-01
29 1 2 0.94440449 0.56915669 1.50953348 0.57933582 0.70039716 1.325770693765e-03 6.282306956228e-02 3.004844300400e+00 6.099753005556e-09 1.433172093383e-01
29 2 2 0.94440449 0.56915669 1.50953348 0.57933582 0.70039716 1.267806007529e-03 6.055288188892e-02 2.904106707397e+00 5.874656545740e-09 1.380578617624e-01
29 3 2 0.94440449 0.56915669 1.50953348 0.57933582 0.70039716 1.234458306116e-03 5.824223570672e-02 2.795737662512e+00 5.657311371874e-09 1.329025063883e-01
29 4 2 0.94440449 0.56915669 1.50953348 0.57933582 0.70039716 1.175940348313e-03 5.617539930404e-02 2.692036525214e+00 5.447717523496e-09 1.282178340769e-01
29 5 2 0.94440449 0.56915669 1.50953348 0.57933582 0.70039716 1.141090305993e-03 5.415625975575e-02 2.585843773573e+00 5.245875038831e-09 1.235195090277e-01
29 6 2 0.94440449 0.56915669 1.50953348 0.57933582 0.70039716 1.097356158629e-03 5.210301361002e-02 2.483304328030e+00 5.051783954639e-09 1.189038658325e-01
29 7 2 0.94440449 0.56915669 1.50953348 0.57933582 0.70039716 1.051916798380e-03 5.027157687551e-02 2.384278531485e+00 4.865444306278e-09 1.147335144320e-01
29 8 2 0.94440449 0.56915669 1.50953348 0.57933582 0.70039716 1.023393993090e-03 4.849587887685e-02 2.288568062121e+00 4.686856127697e-09 1.105922568105e-01
29 9 2 0.94440449 0.56915669 1.50953348 0.57933582 0.70039716 9.751015760021e-04 4.668945646185e-02 2.201616588186e+00 4.516019451418e-09 1.065186836887e-01
29 10 2 0.94440449 0.56915669 1.50953348 0.57933582 0.70039716 9.489194959262e-04 4.508348700536e-02 2.117306456419e+00 4.352934308589e-09 1.028645183218e-01
29 11 2 0.94440449 0.56915669 1.50953348 0.57933582 0.70039716 9.113582718616e-04 4.353937629477e-02 2.045039228651e+00 4.197600728908e-09 9.927677723403e-02
29 12 2 0.94440449 0.56915669 1.50953348 0.57933582 0.70039716 8.775411296205e-04 4.196926206198e-02 1.973880732340e+00 4.050018740674e-09 9.574683327717e-02
29 13 2 0.94440449 0.56915669 1.50953348 0.57933582 0.70039716 8.542028648790e-04 4.058305110830e-02 1.915701967694e+00 3.910188370775e-09 9.261099428084e-02
29 14 2 0.94440449 0.56915669 1.50953348 0.57933582 0.70039716 8.163809033860e-04 3.926651746119e-02 1.856407791484e+00 3.778109644675e-09 8.957371937648e-02
29 15 2 0.94440449 0.56915669 1.50953348 0.57933582 0.70039716 7.981484621327e-04 3.793181222474e-02 1.809111297805e+00 3.653782586455e-09 8.658823515852e-02
29 16 2 0.94440449 0.56915669 1.50953348 0.57933582 0.70039716 7.676934006556e-04 3.676986266371e-02 1.758477410555e+00 3.537207218755e-09 8.397298101576e-02
29 17 2 0.94440449 0.56915669 1.50953348 0.57933582 0.70039716 7.446515673701e-04 3.568672779803e-02 1.717856050890e+00 3.428383562813e-09 8.148369267597e-02
29 18 2 0.94440449 0.56915669 1.50953348 0.57933582 0.70039716 7.270173156011e-04 3.459418093958e-02 1.672513249358e+00 3.327311638455e-09 7.904286258044e-02
29 19 2 0.94440449 0.56915669 1.50953348 0.57933582 0.70039716 6.995931476250e-04 3.366588363626e-02 1.635146236891e+00 3.233991464089e-09 7.695041894870e-02
29 20 2 0.94440449 0.56915669 1.50953348 0.57933582 0.70039716 6.889676963759e-04 3.282405831876e-02 1.593096957839e+00 3.148423056727e-09 7.500725113230e-02
29 21 2 0.94440449 0.56915669 1.50953348 0.57933582 0.70039716 6.662265584338e-04 3.197911959237e-02 1.557557024530e+00 3.070606431950e-09 7.311074422650e-02
29 22 2 0.94440449 0.56915669 1.50953348 0.57933582 0.70039716 6.533007683008e-04 3.128977833629e-02 1.518903727708e+00 3.000541603940e-09 7.154316341543e-02
29 23 2 0.94440449 0.56915669 1.50953348 0.57933582 0.70039716 6.418827944824e-04 3.069134476361e-02 1.486004618183e+00 2.938228585456e-09 7.014487869305e-02
29 24 2 0.94440449 0.56915669 1.50953348 0.57933582 0.70039716 6.246195937301e-04 3.009225308318e-02 1.452716936751e+00 2.883667387855e-09 6.879196424383e-02
29 25 2 0.94440449 0.56915669 1.50953348 0.57933582 0.70039716 6.215381597475e-04 2.963962727680e-02 1.424870336554e+00 2.836858021074e-09 6.775099915596e-02
29 26 2 0.94440449 0.56915669 1.50953348 0.57933582 0.70039716 6.068057707727e-04 2.928006865934e-02 1.399839046947e+00 2.797800493642e-09 6.689697617976e-02
29 27 2 0.94440449 0.56915669 1.50953348 0.57933582 0.70039716 6.035967523312e-04 2.891970447011e-02 1.379907819027e+00 2.766494812674e-09 6.608665958751e-02
29 28 2 0.94440449 0.56915669 1.50953348 0.57933582 0.70039716 5.987656867907e-04 2.869796010386e-02 1.365744833437e+00 2.742940983873e-09 6.557365570747e-02
29 29 2 0.94440449 0.56915669 1.50953348 0.57933582 0.70039716 5.914190761191e-04 2.857167734726e-02 1.355879388014e+00 2.727139011531e-09 6.526385007174e-02
29 30 2 0.94440449 0.56915669 1.50953348 0.57933582 0.70039716 5.959647621200e-04 2.844394775834e-02 1.353920989146e+00 2.719088898526e-09 6.499501478053e-02
29 31 2 0.94440449 0.56915669 1.50953348 0.57933582 0.70039716 5.892959906290e-04 2.845008491529e-02 1.354779158521e+00 2.718790646325e-09 6.501082329216e-02
29 32 2 0.94440449 0.56915669 1.50953348 0.57933582 0.70039716 5.956717259111e-04 2.855624871749e-02 1.364605013312e+00 2.726244254983e-09 6.524570342068e-02
29 33 2 0.94440449 0.56915669 1.50953348 0.57933582 0.70039716 5.975725415049e-04 2.866077765640e-02 1.375174134009e+00 2.741449723140e-09 6.551725424698e-02
29 34 2 0.94440449 0.56915669 1.50953348 0.57933582 0.70039716 6.000262853424e-04 2.889769099846e-02 1.394760337320e+00 2.764407048028e-09 6.606216878376e-02
29 35 2 0.94440449 0.56915669 1.50953348 0.57933582 0.70039716 6.122801668426e-04 2.924144781716e-02 1.412804471581e+00 2.795116225464e-09 6.684262911888e-02
29 36 2 0.94440449 0.56915669 1.50953348 0.57933582 0.70039716 6.136082510379e-04 2.958285288097e-02 1.439244590905e+00 2.833577249853e-09 6.765363243072e-02
29 37 2 0.94440449 0.56915669 1.50953348 0.57933582 0.70039716 6.296486914240e-04 3.005676228174e-02 1.462226859218e+00 2.879790114187e-09 6.872735133600e-02
29 38 2 0.94440449 0.56915669 1.50953348 0.57933582 0.70039716 6.381777866654e-04 3.064506498171e-02 1.492798196933e+00 2.933754810050e-09 7.005460568931e-02
29 39 2 0.94440449 0.56915669 1.50953348 0.57933582 0.70039716 6.505379095689e-04 3.122763604224e-02 1.518985583028e+00 2.995471327608e-09 7.140442196250e-02
29 40 2 0.94440449 0.56915669 1.50953348 0.57933582 0.70039716 6.704407405879e-04 3.194210930513e-02 1.552215846771e+00 3.064939655618e-09 7.300603726484e-02
29 41 2 0.94440449 0.56915669 1.50953348 0.57933582 0.70039716 6.797203716005e-04 3.277765332630e-02 1.581578510452e+00 3.142159781426e-09 7.488149570743e-02
29 42 2 0.94440449 0.56915669 1.50953348 0.57933582 0.70039716 7.056102543020e-04 3.359993346644e-02 1.617912584053e+00 3.227131690961e-09 7.676990018316e-02
29 43 2 0.94440449 0.56915669 1.50953348 0.57933582 0.70039716 7.204561493117e-04 3.455167725293e-02 1.652429029968e+00 3.319855368746e-09 7.889791379340e-02
29 44 2 0.94440449 0.56915669 1.50953348 0.57933582 0.70039716 7.430886045780e-04 3.563043196917e-02 1.694163328531e+00 3.420330797885e-09 8.132304690434e-02
29 45 2 0.94440449 0.56915669 1.50953348 0.57933582 0.70039716 7.703350538235e-04 3.668499476849e-02 1.737291752731e+00 3.528557960081e-09 8.375033436894e-02
29 46 2 0.94440449 0.56915669 1.50953348 0.57933582 0.70039716 7.876865412268e-04 3.786597320312e-02 1.787673362123e+00 3.644536835605e-09 8.640270129387e-02
29 47 2 0.94440449 0.56915669 1.50953348 0.57933582 0.70039716 8.235737530979e-04 3.918159817500e-02 1.843054898500e+00 3.768267403334e-09 8.937889593927e-02
29 48 2 0.94440449 0.56915669 1.50953348 0.57933582 0.70039716 8.443154753248e-04 4.046147936287e-02 1.904797190935e+00 3.899749640726e-09 9.234596603616e-02
29 49 2 0.94440449 0.56915669 1.50953348 0.57933582 0.70039716 8.778199532759e-04 4.186662871546e-02 1.974630477241e+00 4.038983523828e-09 9.552016369363e-02
29 50 2 0.94440449 0.56915669 1.50953348 0.57933582 0.70039716 9.118038866966e-04 4.341865074703e-02 2.048439595909e+00 4.185969027285e-09 9.904857476757e-02
29 51 2 0.94440449 0.56915669 1.50953348 0.57933582 0.70039716 9.376343836733e-04 4.492497991914e-02 2.132233501759e+00 4.340706124298e-09 1.025569947258e-01
29 52 2 0.94440449 0.56915669 1.50953348 0.57933582 0.70039716 9.834761186558e-04 4.655818972072e-02 2.216079465687e+00 4.503194786688e-09 1.062501167529e-01
29 53 2 0.94440449 0.56915669 1.50953348 0.57933582 0.70039716 1.009725575299e-03 4.835540997975e-02 2.310469275007e+00 4.673434984851e-09 1.103315194708e-01
29 54 2 0.94440449 0.56915669 1.50953348 0.57933582 0.70039716 1.054846412267e-03 5.009753399998e-02 2.400128406138e+00 4.851426687774e-09 1.143835616833e-01
29 55 2 0.94440449 0.56915669 1.50953348 0.57933582 0.70039716 1.094669350266e-03 5.196818253028e-02 2.500054062329e+00 5.037169863043e-09 1.185924339683e-01
29 56 2 0.94440449 0.56915669 1.50953348 0.57933582 0.70039716 1.129749548752e-03 5.402172668593e-02 2.590909358216e+00 5.230664476793e-09 1.232270813570e-01
29 57 2 0.94440449 0.56915669 1.50953348 0.57933582 0.70039716 1.185170786511e-03 5.600745253561e-02 2.691815607365e+00 5.431910493786e-09 1.278257338560e-01
29 58 2 0.94440449 0.56915669 1.50953348 0.57933582 0.70039716 1.216739113717e-03 5.811897967853e-02 2.781238953979e+00 5.640907877359e-09 1.325470499079e-01
29 59 2 0.94440449 0.56915669 1.50953348 0.57933582 0.70039716 1.274222665446e-03 6.043055016615e-02 2.881355471777e+00 5.857656589436e-09 1.377345400856e-01
29 60 2 0.94440449 0.56915669 1.50953348 0.57933582 0.70039716 1.318769626470e-03 6.265582558619e-02 2.970546235571e+00 6.082156590546e-09 1.428834886272e-01
29 61 2 0.94440449 0.56915669 1.50953348 0.57933582 0.70039716 1.364249320532e-03 6.499839710794e-02 3.072081104766e+00 6.314407839743e-09 1.481139608406e-01
29 62 2 0.94440449 0.56915669 1.50953348 0.57933582 0.70039716 1.428437645475e-03 6.755713793840e-02 3.166295385114e+00 6.554410294777e-09 1.538531185225e-01
29 63 2 0.94440449 0.56915669 1.50953348 0.57933582 0.70039716 1.465501375445e-03 7.000809019121e-02 3.274732508801e+00 6.802163911860e-09 1.595566996949e-01
