# environment=00164 local_bs=2 gain_scale=8.459774214920e-13
# ue subcarrier serving_bs phi0 phi1 phi2 phi3 phi4 gain0 gain1 gain2 gain3 gain4
3 0 2 1.65424170 2.69754662 3.93592806 1.62311738 2.34775021 5.943721440883e-02 1.617043337467e+01 7.375309524175e+01 1.370544580176e-02 7.870454768757e+00
3 1 2 1.65424170 2.69754662 3.93592806 1.62311738 2.34775021 6.107148734989e-02 1.640668266487e+01 7.110458178732e+01 1.036404424148e-02 7.482449953375e+00
3 2 2 1.65424170 2.69754662 3.93592806 1.62311738 2.34775021 6.237703643591e-02 1.680294827300e+01 6.777132816302e+01 8.188075818302e-03 7.161476596577e+00
3 3 2 1.65424170 2.69754662 3.93592806 1.62311738 2.34775021 6.338728726391e-02 1.646562925140e+01 6.496715272440e+01 7.224960354826e-03 6.901827261212e+00
3 4 2 1.65424170 2.69754662 3.93592806 1.62311738 2.34775021 6.404505526654e-02 1.532998276609e+01 6.297090382890e+01 7.192472777259e-03 6.628457698529e+00
3 5 2 1.65424170 2.69754662 3.93592806 1.62311738 2.34775021 6.405898666604e-02 1.405937326794e+01 6.130075603456e+01 7.635733389726e-03 6.294035579011e+00
3 6 2 1.65424170 2.69754662 3.93592806 1.62311738 2.34775021 6.299512988271e-02 1.325954338220e+01 5.904255142580e+01 8.158357913904e-03 5.966337835987e+00
3 7 2 1.65424170 2.69754662 3.93592806 1.62311738 2.34775021 6.059229674914e-02 1.316467658804e+01 5.628949685206e+01 8.595461446549e-03 5.747237250190e+00
3 8 2 1.65424170 2.69754662 3.93592806 1.62311738 2.34775021 5.703329639141e-02 1.352512392603e+01 5.423956147079e+01 9.033362518752e-03 5.604932814188e+00
3 9 2 1.65424170 2.69754662 3.93592806 1.62311738 2.34775021 5.289017415847e-02 1.362760093928e+01 5.267685374490e+01 9.676964508298e-03 5.410314652228e+00
3 10 2 1.65424170 2.69754662 3.93592806 1.62311738 2.34775021 4.874678503323e-02 1.296904271117e+01 5.106169932538e+01 1.065807622622e-02 5.146546149468e+00
3 11 2 1.65424170 2.69754662 3.93592806 1.62311738 2.34775021 4.481634234580e-02 1.187219059978e+01 4.923369805152e+01 1.190765394619e-02 4.940009188448e+00
3 12 2 1.65424170 2.69754662 3.93592806 1.62311738 2.34775021 4.089003900129e-02 1.104126819949e+01 4.709599442076e+01 1.316624594209e-02 4.862240901850e+00
3 13 2 1.65424170 2.69754662 3.93592806 1.62311738 2.34775021 3.664602888056e-02 1.078559987094e+01 4.550003415741e+01 1.411543902029e-02 4.830022671076e+00
3 14 2 1.65424170 2.69754662 3.93592806 1.62311738 2.34775021 3.202051984346e-02 1.094915147885e+01 4.440787702009e+01 1.453993034504e-02 4.737391575076e+00
3 15 2 1.65424170 2.69754662 3.93592806 1.62311738 2.34775021 2.731307889902e-02 1.110363139175e+01 4.296058706449e+01 1.441997719841e-02 4.595762852837e+00
3 16 2 1.65424170 2.69754662 3.93592806 1.62311738 2.34775021 2.297246506676e-02 1.075774064055e+01 4.129244631686e+01 1.390800209475e-02 4.496923949501e+00
3 17 2 1.65424170 2.69754662 3.93592806 1.62311738 2.34775021 1.929612670442e-02 9.899738079779e+00 3.974344768846e+01 1.322020613888e-02 4.474990548331e+00
3 18 2 1.65424170 2.69754662 3.93592806 1.62311738 2.34775021 1.630690848626e-02 9.095983694889e+00 3.877156594245e+01 1.252205709769e-02 4.452033689684e+00
3 19 2 1.65424170 2.69754662 3.93592806 1.62311738 2.34775021 1.386105166822e-02 8.778823220627e+00 3.819176195185e+01 1.187738134797e-02 4.337585616037e+00
3 20 2 1.65424170 2.69754662 3.93592806 1.62311738 2.34775021 1.183428961710e-02 8.860833258905e+00 3.711239381712e+01 1.127695111198e-02 4.150916780612e+00
3 21 2 1.65424170 2.69754662 3.93592806 1.62311738 2.34775021 1.021651356773e-02 9.028857295583e+00 3.590108191366e+01 1.070509703471e-02 3.993863646484e+00
3 22 2 1.65424170 2.69754662 3.93592806 1.62311738 2.34775021 9.080394793309e-03 8.973326095174e+00 3.514164747380e+01 1.018183872947e-02 3.914313337471e+00
3 23 2 1.65424170 2.69754662 3.93592806 1.62311738 2.34775021 8.501048255742e-03 8.513259463216e+00 3.475661435748e+01 9.744985235543e-03 3.857143540930e+00
3 24 2 1.65424170 2.69754662 3.93592806 1.62311738 2.34775021 8.496844442524e-03 7.855800525005e+00 3.452372838031e+01 9.389135109530e-03 3.753936322113e+00
3 25 2 1.65424170 2.69754662 3.93592806 1.62311738 2.34775021 8.998374737533e-03 7.465675229406e+00 3.385156107073e+01 9.017257433098e-03 3.610170725241e+00
3 26 2 1.65424170 2.69754662 3.93592806 1.62311738 2.34775021 9.836510677003e-03 7.518918043629e+00 3.304256807025e+01 8.457194571657e-03 3.486772514785e+00
3 27 2 1.65424170 2.69754662 3.93592806 1.62311738 2.34775021 1.077460215975e-02 7.803029981297e+00 3.283643447351e+01 7.551507485404e-03 3.416171162859e+00
3 28 2 1.65424170 2.69754662 3.93592806 1.62311738 2.34775021 1.160947381984e-02 8.004292123331e+00 3.291816353165e+01 6.274313659088e-03 3.357967198729e+00
3 29 2 1.65424170 2.69754662 3.93592806 1.62311738 2.34775021 1.229262509089e-02 7.842968462780e+00 3.281447183551e+01 4.800844695639e-03 3.263415475550e+00
3 30 2 1.65424170 2.69754662 3.93592806 1.62311738 2.34775021 1.295706172928e-02 7.339557454365e+00 3.230696177151e+01 3.475057166804e-03 3.178722133520e+00
3 31 2 1.65424170 2.69754662 3.93592806 1.62311738 2.34775021 1.378390991419e-02 6.996858876405e+00 3.200526660726e+01 2.677839900986e-03 3.217596898585e+00
3 32 2 1.65424170 2.69754662 3.93592806 1.62311738 2.34775021 1.479360094483e-02 7.245704840298e+00 3.272066472634e+01 2.658709882969e-03 3.402494115803e+00
3 33 2 1.65424170 2.69754662 3.93592806 1.62311738 2.34775021 1.574976672328e-02 7.875358399323e+00 3.354306036468e+01 3.419880991979e-03 3.610291262493e+00
3 34 2 1.65424170 2.69754662 3.93592806 1.62311738 2.34775021 1.628925669326e-02 8.380602848405e+00 3.369718253491e+01 4.716067638159e-03 3.724049789746e+00
3 35 2 1.65424170 2.69754662 3.93592806 1.62311738 2.34775021 1.618571260237e-02 8.533195269883e+00 3.376695367384e+01 6.170383529832e-03 3.765169082107e+00
3 36 2 1.65424170 2.69754662 3.93592806 1.62311738 2.34775021 1.551588494894e-02 8.373767616983e+00 3.422956320104e+01 7.443181885226e-03 3.821578621607e+00
3 37 2 1.65424170 2.69754662 3.93592806 1.62311738 2.34775021 1.457690033830e-02 8.119831105020e+00 3.519043576429e+01 8.364185939074e-03 3.911630930026e+00
3 38 2 1.65424170 2.69754662 3.93592806 1.62311738 2.34775021 1.363286118650e-02 8.166815238107e+00 3.600717109512e+01 8.963944864188e-03 3.980250150500e+00
3 39 2 1.65424170 2.69754662 3.93592806 1.62311738 2.34775021 1.272511938647e-02 8.688057120832e+00 3.631951065728e+01 9.401925518205e-03 3.995064759687e+00
3 40 2 1.65424170 2.69754662 3.93592806 1.62311738 2.34775021 1.170820182039e-02 9.365972121149e+00 3.693659432677e+01 9.847250352576e-03 3.998293365584e+00
3 41 2 1.65424170 2.69754662 3.93592806 1.62311738 2.34775021 1.045119489942e-02 9.792931100630e+00 3.807608257052e+01 1.038834660298e-02 4.057460230223e+00
3 42 2 1.65424170 2.69754662 3.93592806 1.62311738 2.34775021 8.999721000500e-03 9.817600222707e+00 3.944981412367e+01 1.101879093284e-02 4.173492301729e+00
3 43 2 1.65424170 2.69754662 3.93592806 1.62311738 2.34775021 7.561833479857e-03 9.556840574385e+00 4.066907879482e+01 1.168971332748e-02 4.265000914020e+00
3 44 2 1.65424170 2.69754662 3.93592806 1.62311738 2.34775021 6.369496639193e-03 9.430327976233e+00 4.141848356590e+01 1.237372628536e-02 4.274563427354e+00
3 45 2 1.65424170 2.69754662 3.93592806 1.62311738 2.34775021 5.569424498807e-03 9.885371343052e+00 4.257460199222e+01 1.308266043497e-02 4.261553728149e+00
3 46 2 1.65424170 2.69754662 3.93592806 1.62311738 2.34775021 5.223854128149e-03 1.079601235701e+01 4.441566052538e+01 1.382269440984e-02 4.334691506636e+00
3 47 2 1.65424170 2.69754662 3.93592806 1.62311738 2.34775021 5.366425352329e-03 1.152173054722e+01 4.612318511564e+01 1.452540489499e-02 4.511171149098e+00
3 48 2 1.65424170 2.69754662 3.93592806 1.62311738 2.34775021 6.025342599707e-03 1.168177503997e+01 4.750694736064e+01 1.502033392223e-02 4.702770723427e+00
3 49 2 1.65424170 2.69754662 3.93592806 1.62311738 2.34775021 7.212288406543e-03 1.144440707469e+01 4.868109544673e+01 1.509084296898e-02 4.843052700029e+00
3 50 2 1.65424170 2.69754662 3.93592806 1.62311738 2.34775021 8.943158671564e-03 1.123207896609e+01 5.030388425043e+01 1.459388700006e-02 4.981633180774e+00
3 51 2 1.65424170 2.69754662 3.93592806 1.62311738 2.34775021 1.130157708169e-02 1.152763584201e+01 5.252334726073e+01 1.356888501528e-02 5.218916949474e+00
3 52 2 1.65424170 2.69754662 3.93592806 1.62311738 2.34775021 1.445239380128e-02 1.247902630722e+01 5.429329292539e+01 1.225415260591e-02 5.554198135828e+00
3 53 2 1.65424170 2.69754662 3.93592806 1.62311738 2.34775021 1.852171201609e-02 1.353190988228e+01 5.575595959046e+01 1.098269233597e-02 5.860745702331e+00
3 54 2 1.65424170 2.69754662 3.93592806 1.62311738 2.34775021 2.341168114614e-02 1.400587861387e+01 5.748999475972e+01 1.001068875983e-02 6.060676461823e+00
3 55 2 1.65424170 2.69754662 3.93592806 1.62311738 2.34775021 2.874185216709e-02 1.387946835288e+01 5.963984515452e+01 9.386027335294e-03 6.248504101944e+00
3 56 2 1.65424170 2.69754662 3.93592806 1.62311738 2.34775021 3.402758571704e-02 1.366328764859e+01 6.231616612268e+01 8.948983335390e-03 6.542711988824e+00
3 57 2 1.65424170 2.69754662 3.93592806 1.62311738 2.34775021 3.896972894939e-02 1.389863289653e+01 6.448979636537e+01 8.476672414911e-03 6.893530689638e+00
3 58 2 1.65424170 2.69754662 3.93592806 1.62311738 2.34775021 4.359068526353e-02 1.489633332422e+01 6.602789398088e+01 7.887008901259e-03 7.168068232822e+00
3 59 2 1.65424170 2.69754662 3.93592806 1.62311738 2.34775021 4.808317039555e-02 1.639387315136e+01 6.818361955363e+01 7.371249778711e-03 7.356169796097e+00
3 60 2 1.65424170 2.69754662 3.93592806 1.62311738 2.34775021 5.251819244085e-02 1.749834718410e+01 7.113139895660e+01 7.361402489115e-03 7.559150328298e+00
3 61 2 1.65424170 2.69754662 3.93592806 1.62311738 2.34775021 5.669177055185e-02 1.761437315433e+01 7.426501354193e+01 8.339122170084e-03 7.826588243760e+00
3 62 2 1.65424170 2.69754662 3.93592806 1.62311738 2.34775021 6.023548839456e-02 1.720958484625e+01 7.662669304708e+01 1.059204434487e-02 8.103562446196e+00
3 63 2 1.65424170 2.69754662 3.93592806 1.62311738 2.34775021 6.284973343337e-02 1.724560404430e+01 7.846303276422e+01 1.405679408312e-02 8.305797067501e+00
7 0 2 2.44511045 1.57983629 6.41822361 1.80229680 1.60352519 7.249572031186e-03 2.116635766010e+00 4.179593249164e+02 4.013450033187e+00 7.628275675799e-04
7 1 2 2.44511045 1.57983629 6.41822361 1.80229680 1.60352519 7.173565092481e-03 2.070226132261e+00 4.075173599057e+02 3.861469738210e+00 1.470778286817e-03
7 2 2 2.44511045 1.57983629 6.41822361 1.80229680 1.60352519 6.615209342380e-03 2.013162851825e+00 3.946776171298e+02 3.708901884992e+00 2.589775843300e-03
7 3 2 2.44511045 1.57983629 6.41822361 1.80229680 1.60352519 5.865640056991e-03 1.948059959801e+00 3.802140858144e+02 3.546856987571e+00 3.481467720354e-03
7 4 2 2.44511045 1.57983629 6.41822361 1.80229680 1.60352519 4.937336939173e-03 1.874733730426e+00 3.684828861554e+02 3.393036326517e+00 3.279279689011e-03
7 5 2 2.44511045 1.57983629 6.41822361 1.80229680 1.60352519 3.549314927139e-03 1.804087877165e+00 3.560106946846e+02 3.238847408739e+00 2.597685934656e-03
7 6 2 2.44511045 1.57983629 6.41822361 1.80229680 1.60352519 2.319855899816e-03 1.743698488942e+00 3.424900500979e+02 3.088841028957e+00 2.165614211487e-03
7 7 2 2.44511045 1.57983629 6.41822361 1.80229680 1.60352519 1.321706907663e-03 1.703855426558e+00 3.316886191823e+02 2.949445590150e+00 2.190287870929e-03
7 8 2 2.44511045 1.57983629 6.41822361 1.80229680 1.60352519 5.098673141896e-04 1.668182429827e+00 3.204291629243e+02 2.809031712345e+00 2.140036171042e-03
7 9 2 2.44511045 1.57983629 6.41822361 1.80229680 1.60352519 9.197073228795e-05 1.608749532336e+00 3.083104363762e+02 2.678386144848e+00 2.229498883494e-03
7 10 2 2.44511045 1.57983629 6.41822361 1.80229680 1.60352519 1.707779577777e-05 1.525691354673e+00 2.996390039140e+02 2.549825289287e+00 2.383737708806e-03
7 11 2 2.44511045 1.57983629 6.41822361 1.80229680 1.60352519 3.432833996074e-04 1.442765961034e+00 2.909121204603e+02 2.422444179261e+00 2.267110378000e-03
7 12 2 2.44511045 1.57983629 6.41822361 1.80229680 1.60352519 8.666143844839e-04 1.380460082317e+00 2.806376724986e+02 2.303432897323e+00 1.900225572313e-03
7 13 2 2.44511045 1.57983629 6.41822361 1.80229680 1.60352519 1.396323395682e-03 1.337281996777e+00 2.724151357288e+02 2.183912524911e+00 1.803919834143e-03
7 14 2 2.44511045 1.57983629 6.41822361 1.80229680 1.60352519 1.822298435293e-03 1.300681506379e+00 2.657211818633e+02 2.074016357373e+00 2.068991959681e-03
7 15 2 2.44511045 1.57983629 6.41822361 1.80229680 1.60352519 1.953142008932e-03 1.260234251435e+00 2.580492570604e+02 1.972175939817e+00 2.091807251530e-03
7 16 2 2.44511045 1.57983629 6.41822361 1.80229680 1.60352519 2.072963589198e-03 1.210729727532e+00 2.521688500892e+02 1.877681303187e+00 2.136820930758e-03
7 17 2 2.44511045 1.57983629 6.41822361 1.80229680 1.60352519 2.139733769355e-03 1.168642089327e+00 2.470318486644e+02 1.798654753238e+00 2.695403675121e-03
7 18 2 2.44511045 1.57983629 6.41822361 1.80229680 1.60352519 1.886737964168e-03 1.138328294395e+00 2.410266972057e+02 1.727167364984e+00 3.877726352427e-03
7 19 2 2.44511045 1.57983629 6.41822361 1.80229680 1.60352519 1.513380646664e-03 1.121868126860e+00 2.356253224931e+02 1.668393978904e+00 5.117966000602e-03
7 20 2 2.44511045 1.57983629 6.41822361 1.80229680 1.60352519 1.066236781509e-03 1.104475661993e+00 2.317711195752e+02 1.619491950082e+00 6.333886197135e-03
7 21 2 2.44511045 1.57983629 6.41822361 1.80229680 1.60352519 8.256826595932e-04 1.087993442822e+00 2.261238730863e+02 1.574902335047e+00 7.334489753757e-03
7 22 2 2.44511045 1.57983629 6.41822361 1.80229680 1.60352519 1.027770292790e-03 1.060336729472e+00 2.211366424086e+02 1.539263597675e+00 7.442173483989e-03
7 23 2 2.44511045 1.57983629 6.41822361 1.80229680 1.60352519 1.336158865865e-03 1.023132306451e+00 2.173981126104e+02 1.504246645995e+00 6.598447759719e-03
7 24 2 2.44511045 1.57983629 6.41822361 1.80229680 1.60352519 1.660727716455e-03 9.857625713485e-01 2.129001070038e+02 1.473133900102e+00 5.737597483983e-03
7 25 2 2.44511045 1.57983629 6.41822361 1.80229680 1.60352519 1.887938362277e-03 9.690260003011e-01 2.079077523373e+02 1.446433001206e+00 5.842501960493e-03
7 26 2 2.44511045 1.57983629 6.41822361 1.80229680 1.60352519 2.026124019034e-03 9.744760711813e-01 2.053690683152e+02 1.420897893715e+00 6.264001270010e-03
7 27 2 2.44511045 1.57983629 6.41822361 1.80229680 1.60352519 2.359082550488e-03 9.829376078404e-01 2.027327315551e+02 1.404644753779e+00 6.267532233853e-03
7 28 2 2.44511045 1.57983629 6.41822361 1.80229680 1.60352519 2.569395063783e-03 9.770404459144e-01 2.001015255771e+02 1.393940250984e+00 5.371763256766e-03
7 29 2 2.44511045 1.57983629 6.41822361 1.80229680 1.60352519 2.486397909272e-03 9.487491055600e-01 1.989431762185e+02 1.393025892915e+00 3.873172259577e-03
7 30 2 2.44511045 1.57983629 6.41822361 1.80229680 1.60352519 2.260823219297e-03 9.221670651225e-01 1.979732141570e+02 1.404562657354e+00 1.857627137570e-03
7 31 2 2.44511045 1.57983629 6.41822361 1.80229680 1.60352519 1.929959093363e-03 9.231050721547e-01 1.970274018878e+02 1.423636039924e+00 3.503836154147e-04
7 32 2 2.44511045 1.57983629 6.41822361 1.80229680 1.60352519 1.934723914413e-03 9.654124498025e-01 1.999965596062e+02 1.455769286883e+00 3.759717780262e-04
7 33 2 2.44511045 1.57983629 6.41822361 1.80229680 1.60352519 2.265869330199e-03 1.017378863067e+00 2.032170527396e+02 1.494405079585e+00 1.917106566622e-03
7 34 2 2.44511045 1.57983629 6.41822361 1.80229680 1.60352519 2.479523282858e-03 1.049285757020e+00 2.050903528043e+02 1.538698618700e+00 3.941832909792e-03
7 35 2 2.44511045 1.57983629 6.41822361 1.80229680 1.60352519 2.541855423448e-03 1.051634753480e+00 2.081145701086e+02 1.589475273339e+00 5.435991119526e-03
7 36 2 2.44511045 1.57983629 6.41822361 1.80229680 1.60352519 2.305591016960e-03 1.047273771319e+00 2.113646505767e+02 1.638819402816e+00 6.325509564968e-03
7 37 2 2.44511045 1.57983629 6.41822361 1.80229680 1.60352519 1.956156402838e-03 1.058511434984e+00 2.139059188917e+02 1.692371876583e+00 6.311674357181e-03
7 38 2 2.44511045 1.57983629 6.41822361 1.80229680 1.60352519 1.808212458856e-03 1.093515588635e+00 2.181954521360e+02 1.745963000506e+00 5.901319446906e-03
7 39 2 2.44511045 1.57983629 6.41822361 1.80229680 1.60352519 1.574839828330e-03 1.138764379238e+00 2.224373616826e+02 1.800212102130e+00 5.856420335409e-03
7 40 2 2.44511045 1.57983629 6.41822361 1.80229680 1.60352519 1.259967203185e-03 1.171139286773e+00 2.251308717801e+02 1.861703862003e+00 6.794271441312e-03
7 41 2 2.44511045 1.57983629 6.41822361 1.80229680 1.60352519 9.764671804023e-04 1.184775161891e+00 2.290466361532e+02 1.924941937430e+00 7.670431067315e-03
7 42 2 2.44511045 1.57983629 6.41822361 1.80229680 1.60352519 8.250774060285e-04 1.192787043547e+00 2.340909515462e+02 1.998521538773e+00 7.527249184580e-03
7 43 2 2.44511045 1.57983629 6.41822361 1.80229680 1.60352519 1.134137842328e-03 1.207310524434e+00 2.378708171476e+02 2.080621164347e+00 6.479115241515e-03
7 44 2 2.44511045 1.57983629 6.41822361 1.80229680 1.60352519 1.627070153105e-03 1.232090528506e+00 2.425980534779e+02 2.168888851551e+00 5.218744603279e-03
7 45 2 2.44511045 1.57983629 6.41822361 1.80229680 1.60352519 2.020947048740e-03 1.266097922127e+00 2.493475135203e+02 2.269546439041e+00 3.946005198615e-03
7 46 2 2.44511045 1.57983629 6.41822361 1.80229680 1.60352519 2.267109078268e-03 1.311796155193e+00 2.551633104963e+02 2.371773776525e+00 2.748742510352e-03
7 47 2 2.44511045 1.57983629 6.41822361 1.80229680 1.60352519 2.167214352266e-03 1.353643189735e+00 2.619585452556e+02 2.479694346321e+00 2.223214276697e-03
7 48 2 2.44511045 1.57983629 6.41822361 1.80229680 1.60352519 2.016294004779e-03 1.387979663476e+00 2.707317990380e+02 2.589651090429e+00 2.206762327401e-03
7 49 2 2.44511045 1.57983629 6.41822361 1.80229680 1.60352519 1.843650460992e-03 1.416411574616e+00 2.793871353880e+02 2.694070185883e+00 2.174908327809e-03
7 50 2 2.44511045 1.57983629 6.41822361 1.80229680 1.60352519 1.366125733883e-03 1.457788539210e+00 2.881883415964e+02 2.801536354804e+00 1.890712139806e-03
7 51 2 2.44511045 1.57983629 6.41822361 1.80229680 1.60352519 8.025069492986e-04 1.512295633487e+00 2.995353903054e+02 2.901667762322e+00 2.000259489099e-03
7 52 2 2.44511045 1.57983629 6.41822361 1.80229680 1.60352519 2.760472726760e-04 1.574675979078e+00 3.093053849908e+02 3.000594897003e+00 2.387423850784e-03
7 53 2 2.44511045 1.57983629 6.41822361 1.80229680 1.60352519 2.102408083708e-06 1.624574283801e+00 3.185656117777e+02 3.101452118059e+00 2.493871486377e-03
7 54 2 2.44511045 1.57983629 6.41822361 1.80229680 1.60352519 1.654734670458e-04 1.646301050226e+00 3.308161026982e+02 3.196448556459e+00 2.343650598115e-03
7 55 2 2.44511045 1.57983629 6.41822361 1.80229680 1.60352519 6.939063837112e-04 1.657742915609e+00 3.433170656084e+02 3.298920030107e+00 2.275196753193e-03
7 56 2 2.44511045 1.57983629 6.41822361 1.80229680 1.60352519 1.641438636821e-03 1.685544714624e+00 3.534796772006e+02 3.398680062815e+00 2.352841267366e-03
7 57 2 2.44511045 1.57983629 6.41822361 1.80229680 1.60352519 2.760299049723e-03 1.748559562994e+00 3.665044210698e+02 3.498119705370e+00 2.357306627470e-03
7 58 2 2.44511045 1.57983629 6.41822361 1.80229680 1.60352519 4.110110285823e-03 1.816658645252e+00 3.790240683411e+02 3.601615751317e+00 2.871322862759e-03
7 59 2 2.44511045 1.57983629 6.41822361 1.80229680 1.60352519 5.597963041498e-03 1.885100246796e+00 3.901167159299e+02 3.694432539229e+00 3.625479487560e-03
7 60 2 2.44511045 1.57983629 6.41822361 1.80229680 1.60352519 6.557244442476e-03 1.941854972338e+00 4.034082522657e+02 3.789312503236e+00 3.805604859376e-03
7 61 2 2.44511045 1.57983629 6.41822361 1.80229680 1.60352519 7.327856815915e-03 2.003935560752e+00 4.170082397098e+02 3.876112812662e+00 2.810007067731e-03
7 62 2 2.44511045 1.57983629 6.41822361 1.80229680 1.60352519 7.887651809122e-03 2.069784523413e+00 4.277336602965e+02 3.954830312201e+00 1.599722731303e-03
7 63 2 2.44511045 1.57983629 6.41822361 1.80229680 1.60352519 7.941827807481e-03 2.163549196619e+00 4.426940776023e+02 4.037637670428e+00 8.498437067908e-04
8 0 2 4.41495071 1.44294193 6.37763939 3.62633028 1.81470205 1.266621559733e+00 2.240664820685e-03 5.652268350662e+02 7.376879505888e+01 1.567577221652e+00
8 1 2 4.41495071 1.44294193 6.37763939 3.62633028 1.81470205 1.271313764194e+00 2.492911898187e-03 5.652755356411e+02 7.002933840120e+01 1.665068935621e+00
8 2 2 4.41495071 1.44294193 6.37763939 3.62633028 1.81470205 1.193249240801e+00 2.793304642476e-03 5.579925917013e+02 6.544730040223e+01 1.851424104203e+00
8 3 2 4.41495071 1.44294193 6.37763939 3.62633028 1.81470205 1.208437987120e+00 3.438557237185e-03 5.430181770271e+02 6.049191236447e+01 2.092946618412e+00
8 4 2 4.41495071 1.44294193 6.37763939 3.62633028 1.81470205 1.229716440145e+00 4.461231178292e-03 5.202177895046e+02 5.577441686220e+01 2.380257422660e+00
8 5 2 4.41495071 1.44294193 6.37763939 3.62633028 1.81470205 1.273201281324e+00 5.550848946594e-03 4.909756490824e+02 5.163313230043e+01 2.700773641746e+00
8 6 2 4.41495071 1.44294193 6.37763939 3.62633028 1.81470205 1.195490075685e+00 6.222666116636e-03 4.572299953514e+02 4.826643951687e+01 3.000322593999e+00
8 7 2 4.41495071 1.44294193 6.37763939 3.62633028 1.81470205 1.011017783346e+00 6.231104148105e-03 4.202647962298e+02 4.553042515498e+01 3.210527531680e+00
8 8 2 4.41495071 1.44294193 6.37763939 3.62633028 1.81470205 9.111087149866e-01 5.893083314106e-03 3.813039330779e+02 4.305591121203e+01 3.298229970784e+00
8 9 2 4.41495071 1.44294193 6.37763939 3.62633028 1.81470205 7.775683263288e-01 5.759511832541e-03 3.411535138741e+02 4.041589034661e+01 3.233578228249e+00
8 10 2 4.41495071 1.44294193 6.37763939 3.62633028 1.81470205 6.803220826793e-01 5.886102856167e-03 3.016422981987e+02 3.726973681040e+01 3.054636537482e+00
8 11 2 4.41495071 1.44294193 6.37763939 3.62633028 1.81470205 5.567739145371e-01 5.751105448107e-03 2.642996719428e+02 3.373511220492e+01 2.787810284002e+00
8 12 2 4.41495071 1.44294193 6.37763939 3.62633028 1.81470205 4.022638452615e-01 4.993247484008e-03 2.305245638761e+02 3.002924964997e+01 2.482241793534e+00
8 13 2 4.41495071 1.44294193 6.37763939 3.62633028 1.81470205 3.126535864589e-01 3.852037713838e-03 2.009395540762e+02 2.658533680616e+01 2.172918550987e+00
8 14 2 4.41495071 1.44294193 6.37763939 3.62633028 1.81470205 2.144755679914e-01 2.744569381214e-03 1.762574893285e+02 2.380269706482e+01 1.875026215364e+00
8 15 2 4.41495071 1.44294193 6.37763939 3.62633028 1.81470205 1.495495949297e-01 1.807390403816e-03 1.573111912301e+02 2.202603343029e+01 1.601080864371e+00
8 16 2 4.41495071 1.44294193 6.37763939 3.62633028 1.81470205 9.588756284558e-02 1.045008793005e-03 1.449204964668e+02 2.133337658608e+01 1.367006494571e+00
8 17 2 4.41495071 1.44294193 6.37763939 3.62633028 1.81470205 4.462825774441e-02 5.731262702735e-04 1.390646357484e+02 2.150765279152e+01 1.174312932317e+00
8 18 2 4.41495071 1.44294193 6.37763939 3.62633028 1.81470205 1.684828527463e-02 4.783128195692e-04 1.389542149830e+02 2.225105928837e+01 1.021610132246e+00
8 19 2 4.41495071 1.44294193 6.37763939 3.62633028 1.81470205 1.837758210894e-03 6.623334117679e-04 1.435750578965e+02 2.319400919260e+01 9.148986256657e-01
8 20 2 4.41495071 1.44294193 6.37763939 3.62633028 1.81470205 5.027355610165e-03 9.973000698515e-04 1.524238302518e+02 2.407505637146e+01 8.530529607316e-01
8 21 2 4.41495071 1.44294193 6.37763939 3.62633028 1.81470205 1.617655735059e-02 1.483953727149e-03 1.653827814908e+02 2.473243451973e+01 8.447789401524e-01
8 22 2 4.41495071 1.44294193 6.37763939 3.62633028 1.81470205 4.348049195990e-02 2.149823240787e-03 1.817725207530e+02 2.517085590477e+01 8.840378650605e-01
8 23 2 4.41495071 1.44294193 6.37763939 3.62633028 1.81470205 8.529996515119e-02 2.902099688955e-03 2.003334872902e+02 2.550831528652e+01 9.704119010542e-01
8 24 2 4.41495071 1.44294193 6.37763939 3.62633028 1.81470205 1.288045612370e-01 3.578246522358e-03 2.193363482021e+02 2.583308759238e+01 1.099613984651e+00
8 25 2 4.41495071 1.44294193 6.37763939 3.62633028 1.81470205 1.756085362489e-01 4.131723653345e-03 2.378842077854e+02 2.624765484844e+01 1.251188899508e+00
8 26 2 4.41495071 1.44294193 6.37763939 3.62633028 1.81470205 2.033746467531e-01 4.712135450116e-03 2.552987936473e+02 2.679452818388e+01 1.407482766016e+00
8 27 2 4.41495071 1.44294193 6.37763939 3.62633028 1.81470205 2.652154324100e-01 5.442562108877e-03 2.708400760388e+02 2.755976579959e+01 1.547154361425e+00
8 28 2 4.41495071 1.44294193 6.37763939 3.62633028 1.81470205 3.441947527658e-01 6.065382471064e-03 2.834543036989e+02 2.856945476348e+01 1.654794828611e+00
8 29 2 4.41495071 1.44294193 6.37763939 3.62633028 1.81470205 3.748563687762e-01 6.039961456320e-03 2.922637240478e+02 2.968795482214e+01 1.729410596914e+00
8 30 2 4.41495071 1.44294193 6.37763939 3.62633028 1.81470205 3.859640175050e-01 5.248163724206e-03 2.979456596467e+02 3.075688999645e+01 1.798579996719e+00
8 31 2 4.41495071 1.44294193 6.37763939 3.62633028 1.81470205 3.566506775096e-01 4.410437355994e-03 3.011253584016e+02 3.155718107474e+01 1.882857158160e+00
8 32 2 4.41495071 1.44294193 6.37763939 3.62633028 1.81470205 3.924274945882e-01 4.398520935312e-03 3.023020843971e+02 3.199562032633e+01 1.989687869010e+00
8 33 2 4.41495071 1.44294193 6.37763939 3.62633028 1.81470205 4.669009519155e-01 5.190705614603e-03 3.001835854073e+02 3.192457046971e+01 2.061689229260e+00
8 34 2 4.41495071 1.44294193 6.37763939 3.62633028 1.81470205 4.842744333706e-01 5.902625158980e-03 2.936543509683e+02 3.135877795527e+01 2.053878879905e+00
8 35 2 4.41495071 1.44294193 6.37763939 3.62633028 1.81470205 4.742888254302e-01 5.849346386843e-03 2.826016019922e+02 3.044469173809e+01 1.956771361299e+00
8 36 2 4.41495071 1.44294193 6.37763939 3.62633028 1.81470205 4.087898406158e-01 5.184660830098e-03 2.680389193529e+02 2.936364859562e+01 1.792764066660e+00
8 37 2 4.41495071 1.44294193 6.37763939 3.62633028 1.81470205 3.797120793368e-01 4.444706606129e-03 2.515123959846e+02 2.832798437685e+01 1.600841348862e+00
8 38 2 4.41495071 1.44294193 6.37763939 3.62633028 1.81470205 3.714830427866e-01 3.860797226127e-03 2.335668418116e+02 2.746881346939e+01 1.408130503120e+00
8 39 2 4.41495071 1.44294193 6.37763939 3.62633028 1.81470205 3.229472072690e-01 3.301280290068e-03 2.149950496717e+02 2.695346531041e+01 1.235560630814e+00
8 40 2 4.41495071 1.44294193 6.37763939 3.62633028 1.81470205 2.712368727907e-01 2.632636397554e-03 1.966953473025e+02 2.675229671216e+01 1.099361679879e+00
8 41 2 4.41495071 1.44294193 6.37763939 3.62633028 1.81470205 2.070095311935e-01 1.918571943725e-03 1.802149098423e+02 2.669145194357e+01 1.009194917105e+00
8 42 2 4.41495071 1.44294193 6.37763939 3.62633028 1.81470205 1.554250381821e-01 1.319651548999e-03 1.666233667327e+02 2.651769230071e+01 9.691398319825e-01
8 43 2 4.41495071 1.44294193 6.37763939 3.62633028 1.81470205 1.178812281597e-01 9.107118185279e-04 1.562395406888e+02 2.603672379225e+01 9.992636885003e-01
8 44 2 4.41495071 1.44294193 6.37763939 3.62633028 1.81470205 6.885296677189e-02 6.536384023325e-04 1.493814647836e+02 2.528525280298e+01 1.105295665031e+00
8 45 2 4.41495071 1.44294193 6.37763939 3.62633028 1.81470205 3.325383498195e-02 5.605307686770e-04 1.467516424583e+02 2.445069805693e+01 1.297550084915e+00
8 46 2 4.41495071 1.44294193 6.37763939 3.62633028 1.81470205 1.191505428383e-02 7.753110657741e-04 1.496976274942e+02 2.388406204461e+01 1.582403570936e+00
8 47 2 4.41495071 1.44294193 6.37763939 3.62633028 1.81470205 4.115264488584e-03 1.383311587469e-03 1.589210160885e+02 2.397004117212e+01 1.952400174110e+00
8 48 2 4.41495071 1.44294193 6.37763939 3.62633028 1.81470205 1.141135568608e-02 2.268329233043e-03 1.743726687353e+02 2.499750639173e+01 2.397375219926e+00
8 49 2 4.41495071 1.44294193 6.37763939 3.62633028 1.81470205 3.227773536803e-02 3.308365014844e-03 1.952522058106e+02 2.707076736908e+01 2.875541423447e+00
8 50 2 4.41495071 1.44294193 6.37763939 3.62633028 1.81470205 8.069921509915e-02 4.506972031735e-03 2.211078505360e+02 2.995570334739e+01 3.354092267557e+00
8 51 2 4.41495071 1.44294193 6.37763939 3.62633028 1.81470205 1.424862514241e-01 5.703293639186e-03 2.516461665480e+02 3.338554526157e+01 3.790530444286e+00
8 52 2 4.41495071 1.44294193 6.37763939 3.62633028 1.81470205 2.618330510478e-01 6.437252145928e-03 2.865844545357e+02 3.696405088002e+01 4.138247197000e+00
8 53 2 4.41495071 1.44294193 6.37763939 3.62633028 1.81470205 3.622626037632e-01 6.477921403551e-03 3.247319698081e+02 4.038645101494e+01 4.340042043475e+00
8 54 2 4.41495071 1.44294193 6.37763939 3.62633028 1.81470205 4.727130933821e-01 6.251614662228e-03 3.646646970357e+02 4.342733872964e+01 4.394522625558e+00
8 55 2 4.41495071 1.44294193 6.37763939 3.62633028 1.81470205 6.198527701729e-01 6.320602880827e-03 4.048889123207e+02 4.613888857203e+01 4.299162813328e+00
8 56 2 4.41495071 1.44294193 6.37763939 3.62633028 1.81470205 7.657342893898e-01 6.604771575726e-03 4.444312152401e+02 4.882016919783e+01 4.104699171735e+00
8 57 2 4.41495071 1.44294193 6.37763939 3.62633028 1.81470205 9.920730230790e-01 6.517116310591e-03 4.821863668831e+02 5.164656716746e+01 3.865858742748e+00
8 58 2 4.41495071 1.44294193 6.37763939 3.62633028 1.81470205 1.096781573341e+00 5.744370484768e-03 5.162487727450e+02 5.487379747763e+01 3.614969006605e+00
8 59 2 4.41495071 1.44294193 6.37763939 3.62633028 1.81470205 1.131027987485e+00 4.561404132596e-03 5.449193065210e+02 5.855276571825e+01 3.379415277775e+00
8 60 2 4.41495071 1.44294193 6.37763939 3.62633028 1.81470205 1.209210469347e+00 3.473911554239e-03 5.666933211661e+02 6.274065504926e+01 3.134850851748e+00
8 61 2 4.41495071 1.44294193 6.37763939 3.62633028 1.81470205 1.317220494279e+00 2.792071004091e-03 5.818906949215e+02 6.722329706330e+01 2.891397914448e+00
8 62 2 4.41495071 1.44294193 6.37763939 3.62633028 1.81470205 1.507564631596e+00 2.464443788849e-03 5.905986543706e+02 7.162154287246e+01 2.699966261728e+00
8 63 2 4.41495071 1.44294193 6.37763939 3.62633028 1.81470205 1.555996541671e+00 2.176112222920e-03 5.927869350763e+02 7.543465624199e+01 2.615403831473e+00
12 0 2 3.12421739 1.50051694 9.23078079 2.12978272 1.63137857 1.243170918336e-02 1.615944230195e+00 1.380292962401e+03 6.836113199593e+00 5.180680641530e-03
12 1 2 3.12421739 1.50051694 9.23078079 2.12978272 1.63137857 1.119076076696e-02 1.556272898126e+00 1.338162206788e+03 6.568647726897e+00 4.618406647600e-03
12 2 2 3.12421739 1.50051694 9.23078079 2.12978272 1.63137857 9.704692109526e-03 1.590525072178e+00 1.297790370004e+03 6.316377005238e+00 4.292961111431e-03
12 3 2 3.12421739 1.50051694 9.23078079 2.12978272 1.63137857 8.028830747666e-03 1.621911201300e+00 1.262210716200e+03 6.080118882023e+00 5.379251186830e-03
12 4 2 3.12421739 1.50051694 9.23078079 2.12978272 1.63137857 6.264355365651e-03 1.566401969394e+00 1.227659854056e+03 5.860394899173e+00 7.958612572144e-03
12 5 2 3.12421739 1.50051694 9.23078079 2.12978272 1.63137857 4.655927268507e-03 1.430867787043e+00 1.193557248076e+03 5.656852868269e+00 1.034326039659e-02
12 6 2 3.12421739 1.50051694 9.23078079 2.12978272 1.63137857 3.466014473952e-03 1.301828450783e+00 1.158825517849e+03 5.467914531671e+00 1.126573489175e-02
12 7 2 3.12421739 1.50051694 9.23078079 2.12978272 1.63137857 2.727622262663e-03 1.257258509464e+00 1.122864191150e+03 5.290769700549e+00 1.100400840093e-02
12 8 2 3.12421739 1.50051694 9.23078079 2.12978272 1.63137857 2.210743860204e-03 1.290383803289e+00 1.086695320990e+03 5.121735182992e+00 1.015376541668e-02
12 9 2 3.12421739 1.50051694 9.23078079 2.12978272 1.63137857 1.684534553115e-03 1.319942980259e+00 1.052063353525e+03 4.956891668726e+00 9.217539173750e-03
12 10 2 3.12421739 1.50051694 9.23078079 2.12978272 1.63137857 1.157063421327e-03 1.272342791137e+00 1.016650675361e+03 4.792833929158e+00 8.992195943718e-03
12 11 2 3.12421739 1.50051694 9.23078079 2.12978272 1.63137857 8.019661029594e-04 1.151394797539e+00 9.828435584022e+02 4.627339594848e+00 9.577754870861e-03
12 12 2 3.12421739 1.50051694 9.23078079 2.12978272 1.63137857 7.084638192662e-04 1.029824311200e+00 9.512788619940e+02 4.459785590745e+00 9.799258602336e-03
12 13 2 3.12421739 1.50051694 9.23078079 2.12978272 1.63137857 8.162575968429e-04 9.774277242832e-01 9.214631834288e+02 4.291210201504e+00 8.828995296190e-03
12 14 2 3.12421739 1.50051694 9.23078079 2.12978272 1.63137857 1.100759352458e-03 9.984831563283e-01 8.950527225142e+02 4.124012153105e+00 7.181388562434e-03
12 15 2 3.12421739 1.50051694 9.23078079 2.12978272 1.63137857 1.683449467171e-03 1.033988333191e+00 8.717151811585e+02 3.961370089687e+00 5.523314558248e-03
12 16 2 3.12421739 1.50051694 9.23078079 2.12978272 1.63137857 2.632751331841e-03 1.019277922937e+00 8.496916414804e+02 3.806532395239e+00 4.063219513858e-03
12 17 2 3.12421739 1.50051694 9.23078079 2.12978272 1.63137857 3.693138844105e-03 9.405678887109e-01 8.299992771876e+02 3.662152655727e+00 3.282663218965e-03
12 18 2 3.12421739 1.50051694 9.23078079 2.12978272 1.63137857 4.368042140522e-03 8.423932983767e-01 8.120444268361e+02 3.529826132507e+00 3.685070427310e-03
12 19 2 3.12421739 1.50051694 9.23078079 2.12978272 1.63137857 4.369299189699e-03 7.848289804861e-01 7.955033502013e+02 3.409925269612e+00 4.918318892777e-03
12 20 2 3.12421739 1.50051694 9.23078079 2.12978272 1.63137857 3.938514001899e-03 7.907347419359e-01 7.808782741918e+02 3.301754221285e+00 6.272078559306e-03
12 21 2 3.12421739 1.50051694 9.23078079 2.12978272 1.63137857 3.630410625062e-03 8.279645533521e-01 7.673178605735e+02 3.203964251953e+00 7.437222428431e-03
12 22 2 3.12421739 1.50051694 9.23078079 2.12978272 1.63137857 3.770665688705e-03 8.400530349499e-01 7.538103671333e+02 3.115112553529e+00 8.072275106824e-03
12 23 2 3.12421739 1.50051694 9.23078079 2.12978272 1.63137857 4.195175492753e-03 7.976416420513e-01 7.402564665370e+02 3.034219293777e+00 7.734470962261e-03
12 24 2 3.12421739 1.50051694 9.23078079 2.12978272 1.63137857 4.538075226159e-03 7.248552850864e-01 7.274277835910e+02 2.961185670410e+00 6.777178359231e-03
12 25 2 3.12421739 1.50051694 9.23078079 2.12978272 1.63137857 4.675658444036e-03 6.763096923683e-01 7.146430032360e+02 2.896974832237e+00 6.141456059789e-03
12 26 2 3.12421739 1.50051694 9.23078079 2.12978272 1.63137857 4.774664731444e-03 6.852320340904e-01 7.041770738995e+02 2.843516531122e+00 6.024214774830e-03
12 27 2 3.12421739 1.50051694 9.23078079 2.12978272 1.63137857 4.927916704272e-03 7.314236277422e-01 6.961104445951e+02 2.803360742099e+00 5.776363294689e-03
12 28 2 3.12421739 1.50051694 9.23078079 2.12978272 1.63137857 4.904494842544e-03 7.606279507505e-01 6.888434932529e+02 2.779160937569e+00 4.930285687485e-03
12 29 2 3.12421739 1.50051694 9.23078079 2.12978272 1.63137857 4.398512724949e-03 7.376620214376e-01 6.833181923030e+02 2.773103154414e+00 3.474915697747e-03
12 30 2 3.12421739 1.50051694 9.23078079 2.12978272 1.63137857 3.501856315270e-03 6.817383134696e-01 6.805765029740e+02 2.786406432529e+00 1.677850896505e-03
12 31 2 3.12421739 1.50051694 9.23078079 2.12978272 1.63137857 2.785511074256e-03 6.488485207117e-01 6.805820037056e+02 2.819003199202e+00 3.178825954041e-04
12 32 2 3.12421739 1.50051694 9.23078079 2.12978272 1.63137857 2.805449945637e-03 6.779657025469e-01 6.865297525763e+02 2.869469315485e+00 3.195126551504e-04
12 33 2 3.12421739 1.50051694 9.23078079 2.12978272 1.63137857 3.547831810387e-03 7.534087248759e-01 6.944877381730e+02 2.935221097019e+00 1.679698014012e-03
12 34 2 3.12421739 1.50051694 9.23078079 2.12978272 1.63137857 4.438633485187e-03 8.194246168501e-01 7.026822712301e+02 3.012941048420e+00 3.472364002303e-03
12 35 2 3.12421739 1.50051694 9.23078079 2.12978272 1.63137857 4.910321260947e-03 8.320360926483e-01 7.113718516777e+02 3.099146021673e+00 4.922362029680e-03
12 36 2 3.12421739 1.50051694 9.23078079 2.12978272 1.63137857 4.891101907444e-03 7.985383439566e-01 7.202091786842e+02 3.190780424610e+00 5.766246774627e-03
12 37 2 3.12421739 1.50051694 9.23078079 2.12978272 1.63137857 4.706449118930e-03 7.689530501005e-01 7.298208382206e+02 3.285709547844e+00 6.028363966022e-03
12 38 2 3.12421739 1.50051694 9.23078079 2.12978272 1.63137857 4.593395485774e-03 7.895709772969e-01 7.416805257896e+02 3.383006557785e+00 6.202457541090e-03
12 39 2 3.12421739 1.50051694 9.23078079 2.12978272 1.63137857 4.455714566813e-03 8.617627730422e-01 7.525012542775e+02 3.482968831661e+00 6.940503435929e-03
12 40 2 3.12421739 1.50051694 9.23078079 2.12978272 1.63137857 4.127552043953e-03 9.417311998241e-01 7.639657736105e+02 3.586857673825e+00 7.992816090997e-03
12 41 2 3.12421739 1.50051694 9.23078079 2.12978272 1.63137857 3.740452076825e-03 9.798487175083e-01 7.759710176680e+02 3.696418447564e+00 8.353468935628e-03
12 42 2 3.12421739 1.50051694 9.23078079 2.12978272 1.63137857 3.658787164973e-03 9.651487045113e-01 7.895416676386e+02 3.813291915064e+00 7.659271669544e-03
12 43 2 3.12421739 1.50051694 9.23078079 2.12978272 1.63137857 4.021014657376e-03 9.368258432617e-01 8.050386005777e+02 3.938458821335e+00 6.391068772008e-03
12 44 2 3.12421739 1.50051694 9.23078079 2.12978272 1.63137857 4.464241905185e-03 9.513700693694e-01 8.240979325878e+02 4.071859068563e+00 4.936512265698e-03
12 45 2 3.12421739 1.50051694 9.23078079 2.12978272 1.63137857 4.419636031192e-03 1.031147712138e+00 8.449185109583e+02 4.212291542942e+00 3.654160212916e-03
12 46 2 3.12421739 1.50051694 9.23078079 2.12978272 1.63137857 3.673911193581e-03 1.139436813450e+00 8.681476454289e+02 4.357636481940e+00 3.282057580068e-03
12 47 2 3.12421739 1.50051694 9.23078079 2.12978272 1.63137857 2.564121418665e-03 1.208926160650e+00 8.933356627955e+02 4.505362898767e+00 4.132941180149e-03
12 48 2 3.12421739 1.50051694 9.23078079 2.12978272 1.63137857 1.614299688613e-03 1.203934535650e+00 9.207447349966e+02 4.653208063361e+00 5.639697381255e-03
12 49 2 3.12421739 1.50051694 9.23078079 2.12978272 1.63137857 1.069329291169e-03 1.159887013124e+00 9.495700233416e+02 4.799864295111e+00 7.314168916624e-03
12 50 2 3.12421739 1.50051694 9.23078079 2.12978272 1.63137857 8.352685373647e-04 1.156913784154e+00 9.817053667813e+02 4.945495815876e+00 8.970442742507e-03
12 51 2 3.12421739 1.50051694 9.23078079 2.12978272 1.63137857 7.802151153719e-04 1.245065466058e+00 1.013535286794e+03 5.091941428865e+00 9.937132604769e-03
12 52 2 3.12421739 1.50051694 9.23078079 2.12978272 1.63137857 9.339821883216e-04 1.391199250266e+00 1.045980079405e+03 5.242531783059e+00 9.713591917801e-03
12 53 2 3.12421739 1.50051694 9.23078079 2.12978272 1.63137857 1.356474982110e-03 1.504030135945e+00 1.078524453619e+03 5.401546015709e+00 9.175173909535e-03
12 54 2 3.12421739 1.50051694 9.23078079 2.12978272 1.63137857 1.946423226454e-03 1.519186719170e+00 1.110193729468e+03 5.573427063553e+00 9.488120876102e-03
12 55 2 3.12421739 1.50051694 9.23078079 2.12978272 1.63137857 2.527495719391e-03 1.463256676779e+00 1.141953502885e+03 5.761942001570e+00 1.048465658588e-02
12 56 2 3.12421739 1.50051694 9.23078079 2.12978272 1.63137857 3.115023117051e-03 1.432301588770e+00 1.175433430917e+03 5.969493445136e+00 1.134432688325e-02
12 57 2 3.12421739 1.50051694 9.23078079 2.12978272 1.63137857 3.972086160025e-03 1.503228356176e+00 1.208030029558e+03 6.196752450828e+00 1.157532409642e-02
12 58 2 3.12421739 1.50051694 9.23078079 2.12978272 1.63137857 5.334722654830e-03 1.662367519399e+00 1.242582903867e+03 6.442699767061e+00 1.056094854061e-02
12 59 2 3.12421739 1.50051694 9.23078079 2.12978272 1.63137857 7.139494961963e-03 1.818604921789e+00 1.279873166334e+03 6.705052094751e+00 8.040996037119e-03
12 60 2 3.12421739 1.50051694 9.23078079 2.12978272 1.63137857 9.083353468570e-03 1.887706619456e+00 1.320733057702e+03 6.980943374111e+00 5.380502025345e-03
12 61 2 3.12421739 1.50051694 9.23078079 2.12978272 1.63137857 1.090013103325e-02 1.869852754391e+00 1.366085381816e+03 7.267658703519e+00 4.306107161191e-03
12 62 2 3.12421739 1.50051694 9.23078079 2.12978272 1.63137857 1.248663808206e-02 1.851100053931e+00 1.414383533825e+03 7.563202609312e+00 4.663949278350e-03
12 63 2 3.12421739 1.50051694 9.23078079 2.12978272 1.63137857 1.378770654093e-02 1.927255893834e+00 1.461584138044e+03 7.866530914430e+00 5.232080777940e-03
14 0 2 2.91130632 1.63218109 4.68928727 4.41522140 2.34102584 2.253039027924e+01 3.078137251101e-03 1.540881556039e+02 8.516250893283e+01 9.980114134971e+00
14 1 2 2.91130632 1.63218109 4.68928727 4.41522140 2.34102584 2.401396832739e+01 5.357656698470e-03 1.390823363389e+02 8.704432897148e+01 9.701542490448e+00
14 2 2 2.91130632 1.63218109 4.68928727 4.41522140 2.34102584 2.186064990413e+01 7.012361844471e-03 1.242983824529e+02 9.027432467492e+01 9.468681395329e+00
14 3 2 2.91130632 1.63218109 4.68928727 4.41522140 2.34102584 2.114321015855e+01 7.458006263776e-03 1.112393714053e+02 9.404641416961e+01 9.269368679215e+00
14 4 2 2.91130632 1.63218109 4.68928727 4.41522140 2.34102584 1.937390175884e+01 6.588326927127e-03 1.009168354245e+02 9.768926351273e+01 9.020144757903e+00
14 5 2 2.91130632 1.63218109 4.68928727 4.41522140 2.34102584 1.577682114512e+01 4.739153081648e-03 9.365309012161e+01 1.006342347124e+02 8.748639159560e+00
14 6 2 2.91130632 1.63218109 4.68928727 4.41522140 2.34102584 1.580574140545e+01 2.648037965797e-03 8.990053652334e+01 1.028228314110e+02 8.487383138827e+00
14 7 2 2.91130632 1.63218109 4.68928727 4.41522140 2.34102584 1.699881477873e+01 1.112725527078e-03 8.934680104421e+01 1.043864813155e+02 8.186917356385e+00
14 8 2 2.91130632 1.63218109 4.68928727 4.41522140 2.34102584 1.653832406591e+01 5.612456793108e-04 9.082674182089e+01 1.052718346363e+02 7.879173353144e+00
14 9 2 2.91130632 1.63218109 4.68928727 4.41522140 2.34102584 1.762470782758e+01 8.946448627844e-04 9.371686220850e+01 1.056331089111e+02 7.612226656197e+00
14 10 2 2.91130632 1.63218109 4.68928727 4.41522140 2.34102584 1.774738422549e+01 1.684328264583e-03 9.720415608283e+01 1.051130438037e+02 7.388479417130e+00
14 11 2 2.91130632 1.63218109 4.68928727 4.41522140 2.34102584 1.470918793623e+01 2.525797449467e-03 1.001081253939e+02 1.031869417040e+02 7.134549757287e+00
14 12 2 2.91130632 1.63218109 4.68928727 4.41522140 2.34102584 1.306138769727e+01 3.167336484262e-03 1.016885224954e+02 9.984397635497e+01 6.815232714805e+00
14 13 2 2.91130632 1.63218109 4.68928727 4.41522140 2.34102584 1.254025523178e+01 3.349438745789e-03 1.018455530879e+02 9.503724840034e+01 6.440911048054e+00
14 14 2 2.91130632 1.63218109 4.68928727 4.41522140 2.34102584 1.122276977874e+01 2.833702111906e-03 1.002795251578e+02 8.914133965116e+01 6.122899464607e+00
14 15 2 2.91130632 1.63218109 4.68928727 4.41522140 2.34102584 1.209934116426e+01 1.754706437938e-03 9.666181798734e+01 8.266813139667e+01 5.918819253637e+00
14 16 2 2.91130632 1.63218109 4.68928727 4.41522140 2.34102584 1.370479856330e+01 6.806965425493e-04 9.123476880568e+01 7.581366138644e+01 5.783488979359e+00
14 17 2 2.91130632 1.63218109 4.68928727 4.41522140 2.34102584 1.290234658168e+01 1.582758787601e-04 8.463420902609e+01 6.911026120366e+01 5.669843442782e+00
14 18 2 2.91130632 1.63218109 4.68928727 4.41522140 2.34102584 1.223239347490e+01 3.631792984032e-04 7.715061628936e+01 6.317557110863e+01 5.552387020796e+00
14 19 2 2.91130632 1.63218109 4.68928727 4.41522140 2.34102584 1.171446679989e+01 1.159356025787e-03 6.966969830699e+01 5.856051113376e+01 5.443039162393e+00
14 20 2 2.91130632 1.63218109 4.68928727 4.41522140 2.34102584 9.635594594555e+00 2.191580227587e-03 6.319007847381e+01 5.577223267956e+01 5.342711000794e+00
14 21 2 2.91130632 1.63218109 4.68928727 4.41522140 2.34102584 8.982227413396e+00 2.942456606859e-03 5.815503673741e+01 5.491630909765e+01 5.259824931660e+00
14 22 2 2.91130632 1.63218109 4.68928727 4.41522140 2.34102584 9.937280530389e+00 3.017068678615e-03 5.485169654330e+01 5.574811424746e+01 5.176916715507e+00
14 23 2 2.91130632 1.63218109 4.68928727 4.41522140 2.34102584 9.869252966295e+00 2.430823861084e-03 5.354684379109e+01 5.785253381355e+01 5.100315258225e+00
14 24 2 2.91130632 1.63218109 4.68928727 4.41522140 2.34102584 1.033174258296e+01 1.518130570430e-03 5.419841214802e+01 6.076022905373e+01 5.021264530175e+00
14 25 2 2.91130632 1.63218109 4.68928727 4.41522140 2.34102584 1.116594674631e+01 6.659065512471e-04 5.628470182903e+01 6.397334190155e+01 4.953407917879e+00
14 26 2 2.91130632 1.63218109 4.68928727 4.41522140 2.34102584 9.952732699824e+00 1.899478467637e-04 5.942483582107e+01 6.714206044521e+01 4.905624472285e+00
14 27 2 2.91130632 1.63218109 4.68928727 4.41522140 2.34102584 8.861992981068e+00 2.298075543966e-04 6.317893339334e+01 6.993361324486e+01 4.845244420901e+00
14 28 2 2.91130632 1.63218109 4.68928727 4.41522140 2.34102584 9.006353371834e+00 6.109835684867e-04 6.673642661607e+01 7.196765810722e+01 4.754783005138e+00
14 29 2 2.91130632 1.63218109 4.68928727 4.41522140 2.34102584 8.393830531855e+00 9.601456670130e-04 6.963716245002e+01 7.332527676764e+01 4.634966604977e+00
14 30 2 2.91130632 1.63218109 4.68928727 4.41522140 2.34102584 8.574308987716e+00 1.062241244925e-03 7.203852624767e+01 7.426278987121e+01 4.538119266148e+00
14 31 2 2.91130632 1.63218109 4.68928727 4.41522140 2.34102584 1.008910900138e+01 1.017803277846e-03 7.378741955950e+01 7.505189145137e+01 4.547164026175e+00
14 32 2 2.91130632 1.63218109 4.68928727 4.41522140 2.34102584 1.017688399257e+01 1.017853429737e-03 7.463291447431e+01 7.591245030756e+01 4.709763850768e+00
14 33 2 2.91130632 1.63218109 4.68928727 4.41522140 2.34102584 9.904555529637e+00 1.058296544843e-03 7.431598934631e+01 7.640500313446e+01 4.912541706359e+00
14 34 2 2.91130632 1.63218109 4.68928727 4.41522140 2.34102584 1.041402314914e+01 9.476087381760e-04 7.268477265439e+01 7.605244984389e+01 5.045217776487e+00
14 35 2 2.91130632 1.63218109 4.68928727 4.41522140 2.34102584 9.625886720123e+00 5.957537375575e-04 6.963866706463e+01 7.472102258496e+01 5.101802065673e+00
14 36 2 2.91130632 1.63218109 4.68928727 4.41522140 2.34102584 9.101326597380e+00 2.267797664703e-04 6.570304745824e+01 7.237323815570e+01 5.125230051353e+00
14 37 2 2.91130632 1.63218109 4.68928727 4.41522140 2.34102584 1.043463643008e+01 2.133180541732e-04 6.196633236221e+01 6.935103795913e+01 5.162378593771e+00
14 38 2 2.91130632 1.63218109 4.68928727 4.41522140 2.34102584 1.090547107559e+01 7.232397631632e-04 5.905136227556e+01 6.597130605152e+01 5.234881999082e+00
14 39 2 2.91130632 1.63218109 4.68928727 4.41522140 2.34102584 1.103663819701e+01 1.607805573221e-03 5.743403634599e+01 6.245882383573e+01 5.334739733431e+00
14 40 2 2.91130632 1.63218109 4.68928727 4.41522140 2.34102584 1.228952213618e+01 2.537926875455e-03 5.776102955192e+01 5.932745597265e+01 5.433087249086e+00
14 41 2 2.91130632 1.63218109 4.68928727 4.41522140 2.34102584 1.196738119662e+01 3.113675025046e-03 6.027610746809e+01 5.714936383659e+01 5.551178711504e+00
14 42 2 2.91130632 1.63218109 4.68928727 4.41522140 2.34102584 1.099998936446e+01 3.000879373382e-03 6.476773619582e+01 5.645846824020e+01 5.685713510756e+00
14 43 2 2.91130632 1.63218109 4.68928727 4.41522140 2.34102584 1.203175965349e+01 2.202826836509e-03 7.108063024387e+01 5.765081554895e+01 5.846957094872e+00
14 44 2 2.91130632 1.63218109 4.68928727 4.41522140 2.34102584 1.253887446194e+01 1.138352880911e-03 7.882168489721e+01 6.081234119998e+01 6.030172631011e+00
14 45 2 2.91130632 1.63218109 4.68928727 4.41522140 2.34102584 1.264978679466e+01 3.385560823360e-04 8.716968847669e+01 6.566730740934e+01 6.230437885728e+00
14 46 2 2.91130632 1.63218109 4.68928727 4.41522140 2.34102584 1.457633157393e+01 1.620264023378e-04 9.519093392666e+01 7.182723013290e+01 6.453282999679e+00
14 47 2 2.91130632 1.63218109 4.68928727 4.41522140 2.34102584 1.508149031972e+01 7.398432446292e-04 1.026018823706e+02 7.885540347235e+01 6.712405618165e+00
14 48 2 2.91130632 1.63218109 4.68928727 4.41522140 2.34102584 1.399836957168e+01 1.873680489266e-03 1.087290099629e+02 8.613725374756e+01 7.036534201169e+00
14 49 2 2.91130632 1.63218109 4.68928727 4.41522140 2.34102584 1.477325236006e+01 2.981097474488e-03 1.129010828405e+02 9.322762802091e+01 7.411302668656e+00
14 50 2 2.91130632 1.63218109 4.68928727 4.41522140 2.34102584 1.500294250393e+01 3.477893033418e-03 1.151036180982e+02 9.948534471593e+01 7.767158393298e+00
14 51 2 2.91130632 1.63218109 4.68928727 4.41522140 2.34102584 1.452074626552e+01 3.250590143565e-03 1.152544447359e+02 1.042787634518e+02 8.000834835962e+00
14 52 2 2.91130632 1.63218109 4.68928727 4.41522140 2.34102584 1.695090594301e+01 2.565177660559e-03 1.132031244914e+02 1.076955675354e+02 8.162861755727e+00
14 53 2 2.91130632 1.63218109 4.68928727 4.41522140 2.34102584 1.879046080674e+01 1.688156630864e-03 1.095258425079e+02 1.098629488539e+02 8.339537018205e+00
14 54 2 2.91130632 1.63218109 4.68928727 4.41522140 2.34102584 1.823138393242e+01 8.791550686676e-04 1.055237690855e+02 1.111325524860e+02 8.586642776908e+00
14 55 2 2.91130632 1.63218109 4.68928727 4.41522140 2.34102584 1.923913555734e+01 5.715833300476e-04 1.021943315257e+02 1.118554187081e+02 8.881344260488e+00
14 56 2 2.91130632 1.63218109 4.68928727 4.41522140 2.34102584 1.921758600986e+01 1.212142386212e-03 1.003656821363e+02 1.116526887871e+02 9.152081108832e+00
14 57 2 2.91130632 1.63218109 4.68928727 4.41522140 2.34102584 1.708858644979e+01 2.872038097805e-03 1.013304544116e+02 1.103492447675e+02 9.387068225662e+00
14 58 2 2.91130632 1.63218109 4.68928727 4.41522140 2.34102584 1.846834047859e+01 5.068711596811e-03 1.059121643582e+02 1.078398310029e+02 9.639161531040e+00
14 59 2 2.91130632 1.63218109 4.68928727 4.41522140 2.34102584 2.093838703513e+01 6.961557852599e-03 1.137554116275e+02 1.040172132741e+02 9.923465090100e+00
14 60 2 2.91130632 1.63218109 4.68928727 4.41522140 2.34102584 2.143466452309e+01 7.789688361436e-03 1.248697259464e+02 9.939102633691e+01 1.019555452619e+01
14 61 2 2.91130632 1.63218109 4.68928727 4.41522140 2.34102584 2.425105996172e+01 7.214221632326e-03 1.386570505850e+02 9.460568619261e+01 1.054469224106e+01
14 62 2 2.91130632 1.63218109 4.68928727 4.41522140 2.34102584 2.595370123181e+01 5.381765080961e-03 1.538498480372e+02 9.045099829260e+01 1.097016329797e+01
14 63 2 2.91130632 1.63218109 4.68928727 4.41522140 2.34102584 2.310863255987e+01 2.965281890125e-03 1.691812118492e+02 8.794251230837e+01 1.142248553372e+01
15 0 2 2.29059716 1.87112112 10.02185003 1.96134908 1.95060055 1.507357598738e-02 3.843167651249e+00 1.789953309130e+03 4.739090382284e+00 5.065664358152e-03
15 1 2 2.29059716 1.87112112 10.02185003 1.96134908 1.95060055 1.479172630781e-02 3.803443591969e+00 1.724427762722e+03 4.604063379670e+00 5.435047817063e-03
15 2 2 2.29059716 1.87112112 10.02185003 1.96134908 1.95060055 1.406643969496e-02 3.892597258378e+00 1.668719910694e+03 4.474440057884e+00 6.523399545323e-03
15 3 2 2.29059716 1.87112112 10.02185003 1.96134908 1.95060055 1.327617896212e-02 3.906370274769e+00 1.620151987407e+03 4.349970086170e+00 8.267107153127e-03
15 4 2 2.29059716 1.87112112 10.02185003 1.96134908 1.95060055 1.269248370521e-02 3.712214035644e+00 1.565676339222e+03 4.210804956357e+00 9.050565466789e-03
15 5 2 2.29059716 1.87112112 10.02185003 1.96134908 1.95060055 1.161060908520e-02 3.389513693444e+00 1.514705744517e+03 4.073474184434e+00 8.327044588239e-03
15 6 2 2.29059716 1.87112112 10.02185003 1.96134908 1.95060055 1.043607327056e-02 3.128355110981e+00 1.470763559057e+03 3.939603900191e+00 7.052121800206e-03
15 7 2 2.29059716 1.87112112 10.02185003 1.96134908 1.95060055 9.443625189228e-03 3.065318607712e+00 1.424320654488e+03 3.806147366435e+00 6.681686148407e-03
15 8 2 2.29059716 1.87112112 10.02185003 1.96134908 1.95060055 7.956989904205e-03 3.142678392260e+00 1.378426086210e+03 3.688294819734e+00 6.854990920657e-03
15 9 2 2.29059716 1.87112112 10.02185003 1.96134908 1.95060055 6.212960685131e-03 3.174462748496e+00 1.342772770338e+03 3.570591435353e+00 7.662965339759e-03
15 10 2 2.29059716 1.87112112 10.02185003 1.96134908 1.95060055 4.733828977189e-03 3.046500807962e+00 1.305832288062e+03 3.450595741698e+00 8.521003200294e-03
15 11 2 2.29059716 1.87112112 10.02185003 1.96134908 1.95060055 3.410524708966e-03 2.788944815071e+00 1.267327543476e+03 3.331316724980e+00 8.527800455215e-03
15 12 2 2.29059716 1.87112112 10.02185003 1.96134908 1.95060055 2.408074405236e-03 2.548345841839e+00 1.235020018761e+03 3.199931059815e+00 6.734204471531e-03
15 13 2 2.29059716 1.87112112 10.02185003 1.96134908 1.95060055 1.949595979319e-03 2.435333167356e+00 1.204697825922e+03 3.070399807908e+00 4.253158742227e-03
15 14 2 2.29059716 1.87112112 10.02185003 1.96134908 1.95060055 1.858498759107e-03 2.464916798377e+00 1.169404535669e+03 2.946560327314e+00 2.345205002933e-03
15 15 2 2.29059716 1.87112112 10.02185003 1.96134908 1.95060055 2.011589270301e-03 2.528812089184e+00 1.139478419825e+03 2.827232598208e+00 1.203271148027e-03
15 16 2 2.29059716 1.87112112 10.02185003 1.96134908 1.95060055 2.494071311241e-03 2.506573772798e+00 1.114273849908e+03 2.725802666159e+00 8.387419568584e-04
15 17 2 2.29059716 1.87112112 10.02185003 1.96134908 1.95060055 3.309701668915e-03 2.364310005871e+00 1.086617315978e+03 2.632987169476e+00 1.679077438074e-03
15 18 2 2.29059716 1.87112112 10.02185003 1.96134908 1.95060055 4.164262982467e-03 2.176289764511e+00 1.060598688780e+03 2.547705384704e+00 3.625566888911e-03
15 19 2 2.29059716 1.87112112 10.02185003 1.96134908 1.95060055 5.020309435196e-03 2.062296317810e+00 1.040461515704e+03 2.473299875484e+00 5.328970191957e-03
15 20 2 2.29059716 1.87112112 10.02185003 1.96134908 1.95060055 6.258247158449e-03 2.076870628809e+00 1.017600917774e+03 2.399172571056e+00 6.133927364684e-03
15 21 2 2.29059716 1.87112112 10.02185003 1.96134908 1.95060055 7.676054243415e-03 2.175306058577e+00 9.923188236889e+02 2.333313644859e+00 6.136817432154e-03
15 22 2 2.29059716 1.87112112 10.02185003 1.96134908 1.95060055 8.854999012274e-03 2.223590012933e+00 9.735007571631e+02 2.275694412107e+00 5.517436442397e-03
15 23 2 2.29059716 1.87112112 10.02185003 1.96134908 1.95060055 9.906480814896e-03 2.139695249676e+00 9.563913945292e+02 2.221099376933e+00 4.502929514660e-03
15 24 2 2.29059716 1.87112112 10.02185003 1.96134908 1.95060055 1.060780787536e-02 1.967541646955e+00 9.377124480489e+02 2.176898621096e+00 4.058877850621e-03
15 25 2 2.29059716 1.87112112 10.02185003 1.96134908 1.95060055 1.089182681214e-02 1.850306930253e+00 9.226655033216e+02 2.134369115885e+00 5.079653634810e-03
15 26 2 2.29059716 1.87112112 10.02185003 1.96134908 1.95060055 1.152232575119e-02 1.879649693845e+00 9.131070647637e+02 2.092916040274e+00 6.692166276650e-03
15 27 2 2.29059716 1.87112112 10.02185003 1.96134908 1.95060055 1.241835457682e-02 2.006341785002e+00 9.015572117469e+02 2.058675686333e+00 7.735352510484e-03
15 28 2 2.29059716 1.87112112 10.02185003 1.96134908 1.95060055 1.284017753756e-02 2.092340690388e+00 8.929133326154e+02 2.027434970678e+00 7.280466841246e-03
15 29 2 2.29059716 1.87112112 10.02185003 1.96134908 1.95060055 1.288808392455e-02 2.035554598462e+00 8.903081361908e+02 2.011004412458e+00 5.490627929735e-03
15 30 2 2.29059716 1.87112112 10.02185003 1.96134908 1.95060055 1.257862622943e-02 1.887556470880e+00 8.876083868199e+02 2.014129698536e+00 2.601675505282e-03
15 31 2 2.29059716 1.87112112 10.02185003 1.96134908 1.95060055 1.197566602052e-02 1.793372692642e+00 8.850788538702e+02 2.034254327200e+00 3.521373906457e-04
15 32 2 2.29059716 1.87112112 10.02185003 1.96134908 1.95060055 1.199800759510e-02 1.859981349376e+00 8.929582881245e+02 2.077569211324e+00 4.266347037360e-04
15 33 2 2.29059716 1.87112112 10.02185003 1.96134908 1.95060055 1.263498488069e-02 2.033145594772e+00 9.021816007451e+02 2.132487682378e+00 2.783173572271e-03
15 34 2 2.29059716 1.87112112 10.02185003 1.96134908 1.95060055 1.296099230443e-02 2.170104197826e+00 9.081855441975e+02 2.192158224164e+00 5.704063029342e-03
15 35 2 2.29059716 1.87112112 10.02185003 1.96134908 1.95060055 1.291671563275e-02 2.174504342479e+00 9.191694639972e+02 2.255570378056e+00 7.465470846671e-03
15 36 2 2.29059716 1.87112112 10.02185003 1.96134908 1.95060055 1.248173653153e-02 2.078857783896e+00 9.333763175610e+02 2.311208721317e+00 7.862440511064e-03
15 37 2 2.29059716 1.87112112 10.02185003 1.96134908 1.95060055 1.156050576600e-02 2.005396289368e+00 9.448725755088e+02 2.365927966719e+00 6.745442103687e-03
15 38 2 2.29059716 1.87112112 10.02185003 1.96134908 1.95060055 1.090620718817e-02 2.044672342294e+00 9.592351860937e+02 2.422872702278e+00 5.097150592651e-03
15 39 2 2.29059716 1.87112112 10.02185003 1.96134908 1.95060055 1.059293091695e-02 2.191666308700e+00 9.782742655187e+02 2.479883555930e+00 4.134784915645e-03
15 40 2 2.29059716 1.87112112 10.02185003 1.96134908 1.95060055 9.848628680592e-03 2.340647515031e+00 9.946239174197e+02 2.548512985789e+00 4.707316962781e-03
15 41 2 2.29059716 1.87112112 10.02185003 1.96134908 1.95060055 8.751354417748e-03 2.404336455682e+00 1.011552883676e+03 2.622565746054e+00 5.847034873446e-03
15 42 2 2.29059716 1.87112112 10.02185003 1.96134908 1.95060055 7.531996653452e-03 2.369077051145e+00 1.033694095266e+03 2.700582035819e+00 6.525915649135e-03
15 43 2 2.29059716 1.87112112 10.02185003 1.96134908 1.95060055 6.083587338081e-03 2.308383025017e+00 1.055585654471e+03 2.788294214630e+00 6.519911201752e-03
15 44 2 2.29059716 1.87112112 10.02185003 1.96134908 1.95060055 4.832227599554e-03 2.313619437362e+00 1.073320292560e+03 2.875613297569e+00 5.616799712696e-03
15 45 2 2.29059716 1.87112112 10.02185003 1.96134908 1.95060055 3.990351378769e-03 2.433868886267e+00 1.098063956016e+03 2.970830004930e+00 3.765225138305e-03
15 46 2 2.29059716 1.87112112 10.02185003 1.96134908 1.95060055 3.190012422677e-03 2.631975896740e+00 1.126655197895e+03 3.076154465839e+00 1.709502311551e-03
15 47 2 2.29059716 1.87112112 10.02185003 1.96134908 1.95060055 2.463898047103e-03 2.787182253576e+00 1.153472852682e+03 3.183321398199e+00 8.743332307180e-04
15 48 2 2.29059716 1.87112112 10.02185003 1.96134908 1.95060055 2.101864232774e-03 2.816018761634e+00 1.183519057650e+03 3.301136976989e+00 1.310522471503e-03
15 49 2 2.29059716 1.87112112 10.02185003 1.96134908 1.95060055 2.096246738840e-03 2.741915520226e+00 1.220456857907e+03 3.417422687365e+00 2.562093033690e-03
15 50 2 2.29059716 1.87112112 10.02185003 1.96134908 1.95060055 2.325143484382e-03 2.707222618111e+00 1.253650281615e+03 3.526394185014e+00 4.654278244313e-03
15 51 2 2.29059716 1.87112112 10.02185003 1.96134908 1.95060055 2.919054749093e-03 2.824737807486e+00 1.287379127804e+03 3.636115909130e+00 7.330590269650e-03
15 52 2 2.29059716 1.87112112 10.02185003 1.96134908 1.95060055 4.104477530239e-03 3.085422334238e+00 1.329338783719e+03 3.736075368136e+00 9.211153049643e-03
15 53 2 2.29059716 1.87112112 10.02185003 1.96134908 1.95060055 5.626260583607e-03 3.329310271702e+00 1.371905418072e+03 3.840587695729e+00 9.117633674088e-03
15 54 2 2.29059716 1.87112112 10.02185003 1.96134908 1.95060055 7.289916585450e-03 3.386888130112e+00 1.412593746596e+03 3.958566408673e+00 8.131424270522e-03
15 55 2 2.29059716 1.87112112 10.02185003 1.96134908 1.95060055 9.218415577220e-03 3.261373594981e+00 1.462257594089e+03 4.082747076361e+00 7.218288339541e-03
15 56 2 2.29059716 1.87112112 10.02185003 1.96134908 1.95060055 1.082707834846e-02 3.137799822312e+00 1.515209494893e+03 4.227619152425e+00 7.039317941555e-03
15 57 2 2.29059716 1.87112112 10.02185003 1.96134908 1.95060055 1.187921494083e-02 3.223894986265e+00 1.562465665314e+03 4.379710880872e+00 7.534592520835e-03
15 58 2 2.29059716 1.87112112 10.02185003 1.96134908 1.95060055 1.313793718332e-02 3.520381887507e+00 1.615550148717e+03 4.531124888173e+00 9.027018650005e-03
15 59 2 2.29059716 1.87112112 10.02185003 1.96134908 1.95060055 1.428609240698e-02 3.853729162088e+00 1.673260369520e+03 4.693396834648e+00 9.855596690341e-03
15 60 2 2.29059716 1.87112112 10.02185003 1.96134908 1.95060055 1.489850996192e-02 4.003563602768e+00 1.725872356855e+03 4.852873341274e+00 8.963732971575e-03
15 61 2 2.29059716 1.87112112 10.02185003 1.96134908 1.95060055 1.575264899390e-02 3.927024044953e+00 1.781432884891e+03 5.027726424177e+00 7.022683429382e-03
15 62 2 2.29059716 1.87112112 10.02185003 1.96134908 1.95060055 1.652086212569e-02 3.793754304996e+00 1.847747022098e+03 5.229890430312e+00 5.771311311850e-03
15 63 2 2.29059716 1.87112112 10.02185003 1.96134908 1.95060055 1.680277999283e-02 3.855280728798e+00 1.907200563397e+03 5.447377281095e+00 5.314046225101e-03
16 0 2 1.89471974 1.96391263 2.85869956 3.18971288 3.82577212 1.194953427262e-02 7.311220253699e-03 1.058401809410e+01 4.907320535042e-03 1.548287518718e-04
16 1 2 1.89471974 1.96391263 2.85869956 3.18971288 3.82577212 1.133339740346e-02 8.036809532584e-03 9.602959444370e+00 4.428473041595e-03 4.948108474138e-05
16 2 2 1.89471974 1.96391263 2.85869956 3.18971288 3.82577212 1.077534162326e-02 6.693841878141e-03 8.712839556957e+00 3.811970738504e-03 4.835453538503e-05
16 3 2 1.89471974 1.96391263 2.85869956 3.18971288 3.82577212 1.027808225905e-02 5.303561751117e-03 7.940035912160e+00 3.285544743611e-03 1.072093549324e-04
16 4 2 1.89471974 1.96391263 2.85869956 3.18971288 3.82577212 9.839335776050e-03 6.062227065381e-03 7.312304579952e+00 2.980263369356e-03 2.091294122444e-04
16 5 2 1.89471974 1.96391263 2.85869956 3.18971288 3.82577212 9.452914499630e-03 7.559468369855e-03 6.849869087989e+00 2.877306364095e-03 2.208603114540e-04
16 6 2 1.89471974 1.96391263 2.85869956 3.18971288 3.82577212 9.110066627611e-03 7.550328121246e-03 6.565193624709e+00 2.841838236815e-03 3.719245652438e-04
16 7 2 1.89471974 1.96391263 2.85869956 3.18971288 3.82577212 8.800901350245e-03 6.520415409205e-03 6.443106515216e+00 2.714574913918e-03 4.535730823873e-04
16 8 2 1.89471974 1.96391263 2.85869956 3.18971288 3.82577212 8.515745528406e-03 6.229753569731e-03 6.459317140409e+00 2.401731217966e-03 5.956859123130e-04
16 9 2 1.89471974 1.96391263 2.85869956 3.18971288 3.82577212 8.246300318341e-03 6.968901838158e-03 6.570686423198e+00 1.914363241410e-03 8.949830623525e-04
16 10 2 1.89471974 1.96391263 2.85869956 3.18971288 3.82577212 7.986499673346e-03 7.688670751989e-03 6.740149824134e+00 1.346034261072e-03 9.338798787493e-04
16 11 2 1.89471974 1.96391263 2.85869956 3.18971288 3.82577212 7.733013161171e-03 7.462044743688e-03 6.935050834216e+00 8.145587131715e-04 9.118642792118e-04
16 12 2 1.89471974 1.96391263 2.85869956 3.18971288 3.82577212 7.485378033986e-03 6.401243121979e-03 7.137354215726e+00 4.068154880664e-04 7.841729458009e-04
16 13 2 1.89471974 1.96391263 2.85869956 3.18971288 3.82577212 7.245785248145e-03 5.677469523898e-03 7.344322221841e+00 1.529752526847e-04 6.049870543411e-04
16 14 2 1.89471974 1.96391263 2.85869956 3.18971288 3.82577212 7.018577187477e-03 6.046628874169e-03 7.555673776810e+00 3.288587297657e-05 7.035940470983e-04
16 15 2 1.89471974 1.96391263 2.85869956 3.18971288 3.82577212 6.809538369874e-03 6.473188368803e-03 7.783183275166e+00 4.472024838571e-07 7.910223287504e-04
16 16 2 1.89471974 1.96391263 2.85869956 3.18971288 3.82577212 6.625072938053e-03 5.614728921486e-03 8.023686192840e+00 9.099793912157e-06 7.151470129030e-04
16 17 2 1.89471974 1.96391263 2.85869956 3.18971288 3.82577212 6.471364162398e-03 4.133652918038e-03 8.283793276087e+00 2.850543237991e-05 4.755315214500e-04
16 18 2 1.89471974 1.96391263 2.85869956 3.18971288 3.82577212 6.353602678217e-03 3.645901029280e-03 8.549150686733e+00 5.015576638023e-05 2.167746526590e-04
16 19 2 1.89471974 1.96391263 2.85869956 3.18971288 3.82577212 6.275353881157e-03 4.075051479503e-03 8.815652605636e+00 8.322742579673e-05 1.865248650155e-04
16 20 2 1.89471974 1.96391263 2.85869956 3.18971288 3.82577212 6.238113566766e-03 4.047523091040e-03 9.062615337590e+00 1.430287143542e-04 3.104442404635e-04
16 21 2 1.89471974 1.96391263 2.85869956 3.18971288 3.82577212 6.241077488252e-03 3.266837931609e-03 9.274413790976e+00 2.362500691568e-04 3.858782285324e-04
16 22 2 1.89471974 1.96391263 2.85869956 3.18971288 3.82577212 6.281127811184e-03 2.751549495526e-03 9.431276520609e+00 3.500693474898e-04 2.512177016305e-04
16 23 2 1.89471974 1.96391263 2.85869956 3.18971288 3.82577212 6.353019759858e-03 3.141257655372e-03 9.508832295778e+00 4.524287824223e-04 1.507390760663e-04
16 24 2 1.89471974 1.96391263 2.85869956 3.18971288 3.82577212 6.449736655675e-03 3.918706577160e-03 9.502228435619e+00 5.055924711096e-04 2.769603948208e-04
16 25 2 1.89471974 1.96391263 2.85869956 3.18971288 3.82577212 6.562971805970e-03 4.154075485241e-03 9.392851031584e+00 4.863767832631e-04 5.808238938097e-04
16 26 2 1.89471974 1.96391263 2.85869956 3.18971288 3.82577212 6.683691282748e-03 3.672821467120e-03 9.208265343773e+00 4.005466235937e-04 8.752632104242e-04
16 27 2 1.89471974 1.96391263 2.85869956 3.18971288 3.82577212 6.802731845605e-03 3.424418620560e-03 8.948103034233e+00 2.812880014978e-04 7.588636741090e-04
16 28 2 1.89471974 1.96391263 2.85869956 3.18971288 3.82577212 6.911391973359e-03 4.182007521991e-03 8.668280109146e+00 1.718361577499e-04 5.636112562872e-04
16 29 2 1.89471974 1.96391263 2.85869956 3.18971288 3.82577212 7.001979839777e-03 5.082663354611e-03 8.373590047541e+00 1.032442842610e-04 6.286567884874e-04
16 30 2 1.89471974 1.96391263 2.85869956 3.18971288 3.82577212 7.068288819654e-03 4.774666199155e-03 8.114912072067e+00 8.166688025847e-05 8.706143413902e-04
16 31 2 1.89471974 1.96391263 2.85869956 3.18971288 3.82577212 7.105977727671e-03 3.782891278783e-03 7.874894395918e+00 9.255355059493e-05 1.295744792213e-03
16 32 2 1.89471974 1.96391263 2.85869956 3.18971288 3.82577212 7.112838865196e-03 3.803657546515e-03 7.671577586904e+00 1.169016047827e-04 1.303336251493e-03
16 33 2 1.89471974 1.96391263 2.85869956 3.18971288 3.82577212 7.088941928431e-03 4.802166319823e-03 7.463805496273e+00 1.464486402083e-04 8.880566100226e-04
16 34 2 1.89471974 1.96391263 2.85869956 3.18971288 3.82577212 7.036646179625e-03 5.069303297874e-03 7.247940689784e+00 1.865957551917e-04 6.487445423446e-04
16 35 2 1.89471974 1.96391263 2.85869956 3.18971288 3.82577212 6.960477558955e-03 4.141727039818e-03 6.992217621492e+00 2.462132714382e-04 5.813388681417e-04
16 36 2 1.89471974 1.96391263 2.85869956 3.18971288 3.82577212 6.866872287477e-03 3.406109313575e-03 6.703474541209e+00 3.240272187698e-04 7.788502997104e-04
16 37 2 1.89471974 1.96391263 2.85869956 3.18971288 3.82577212 6.763794558343e-03 3.688913967977e-03 6.387315705392e+00 4.037578777822e-04 9.055484840616e-04
16 38 2 1.89471974 1.96391263 2.85869956 3.18971288 3.82577212 6.660243427234e-03 4.176100418077e-03 6.070038014816e+00 4.628334240531e-04 6.144783135071e-04
16 39 2 1.89471974 1.96391263 2.85869956 3.18971288 3.82577212 6.565672859890e-03 3.927077367048e-03 5.784239436094e+00 4.883639902657e-04 3.033142934112e-04
16 40 2 1.89471974 1.96391263 2.85869956 3.18971288 3.82577212 6.489358448215e-03 3.157689636730e-03 5.553796797712e+00 4.880054110166e-04 1.604377568662e-04
16 41 2 1.89471974 1.96391263 2.85869956 3.18971288 3.82577212 6.439753474909e-03 2.831540682704e-03 5.408212116437e+00 4.869705022535e-04 2.438066113372e-04
16 42 2 1.89471974 1.96391263 2.85869956 3.18971288 3.82577212 6.423884355130e-03 3.449250983008e-03 5.349344504035e+00 5.126027474965e-04 3.750645309935e-04
16 43 2 1.89471974 1.96391263 2.85869956 3.18971288 3.82577212 6.446839439160e-03 4.298469169649e-03 5.390262039361e+00 5.765832311728e-04 3.047860886660e-04
16 44 2 1.89471974 1.96391263 2.85869956 3.18971288 3.82577212 6.511404269035e-03 4.327215860086e-03 5.513903087738e+00 6.657822754102e-04 1.797508617423e-04
16 45 2 1.89471974 1.96391263 2.85869956 3.18971288 3.82577212 6.617889586403e-03 3.911971443641e-03 5.723370453565e+00 7.463567819105e-04 1.963267603431e-04
16 46 2 1.89471974 1.96391263 2.85869956 3.18971288 3.82577212 6.764185274297e-03 4.497261914970e-03 5.995292687379e+00 7.777787237253e-04 4.370014782153e-04
16 47 2 1.89471974 1.96391263 2.85869956 3.18971288 3.82577212 6.946054391921e-03 6.078994770330e-03 6.331035356304e+00 7.297483964037e-04 6.698163046156e-04
16 48 2 1.89471974 1.96391263 2.85869956 3.18971288 3.82577212 7.157657840502e-03 6.927522420920e-03 6.711347065082e+00 5.961255797236e-04 7.586076311635e-04
16 49 2 1.89471974 1.96391263 2.85869956 3.18971288 3.82577212 7.392274143837e-03 6.422840608417e-03 7.143482156109e+00 4.023587331670e-04 6.872946253949e-04
16 50 2 1.89471974 1.96391263 2.85869956 3.18971288 3.82577212 7.643153176180e-03 6.026775530425e-03 7.624255596146e+00 2.032173972007e-04 5.927338139736e-04
16 51 2 1.89471974 1.96391263 2.85869956 3.18971288 3.82577212 7.904420633540e-03 6.784055537275e-03 8.174789831637e+00 6.744427104956e-05 7.656606115150e-04
16 52 2 1.89471974 1.96391263 2.85869956 3.18971288 3.82577212 8.171934820383e-03 7.858329266335e-03 8.811385179492e+00 4.988413268800e-05 8.847599154929e-04
16 53 2 1.89471974 1.96391263 2.85869956 3.18971288 3.82577212 8.443991668381e-03 8.033869414142e-03 9.559357341228e+00 1.611816414487e-04 9.192725388416e-04
16 54 2 1.89471974 1.96391263 2.85869956 3.18971288 3.82577212 8.721779714721e-03 7.224505963513e-03 1.043086586190e+01 3.540484802672e-04 9.039345440028e-04
16 55 2 1.89471974 1.96391263 2.85869956 3.18971288 3.82577212 9.009504736634e-03 6.435671791071e-03 1.142529887374e+01 5.428295502390e-04 6.131619706248e-04
16 56 2 1.89471974 1.96391263 2.85869956 3.18971288 3.82577212 9.314133129433e-03 6.770434395208e-03 1.251967325204e+01 6.548405350269e-04 4.688792225116e-04
16 57 2 1.89471974 1.96391263 2.85869956 3.18971288 3.82577212 9.644741701790e-03 7.851828688485e-03 1.367777646594e+01 6.866308942775e-04 3.748830373408e-04
16 58 2 1.89471974 1.96391263 2.85869956 3.18971288 3.82577212 1.001150575547e-02 7.794983311290e-03 1.484780148407e+01 7.253727432847e-04 2.162215509669e-04
16 59 2 1.89471974 1.96391263 2.85869956 3.18971288 3.82577212 1.042440247672e-02 6.207345363686e-03 1.599628482124e+01 9.102513851744e-04 2.111970153042e-04
16 60 2 1.89471974 1.96391263 2.85869956 3.18971288 3.82577212 1.089174757258e-02 5.540642755148e-03 1.708116416699e+01 1.347046932163e-03 1.117487696790e-04
16 61 2 1.89471974 1.96391263 2.85869956 3.18971288 3.82577212 1.141871452267e-02 7.142766532359e-03 1.811606500354e+01 2.026262805496e-03 4.337202354413e-05
16 62 2 1.89471974 1.96391263 2.85869956 3.18971288 3.82577212 1.200600321333e-02 8.558098041389e-03 1.908264025837e+01 2.801972916940e-03 3.411142938475e-05
16 63 2 1.89471974 1.96391263 2.85869956 3.18971288 3.82577212 1.264882475248e-02 7.772221621357e-03 2.003692238939e+01 3.454675490646e-03 1.394766016293e-04
17 0 2 3.37261580 1.53208303 4.84633552 4.71899072 2.10976069 4.023562132035e+01 1.048512006944e-03 1.267451166176e+02 1.182915769162e+02 5.620618998173e+00
17 1 2 3.37261580 1.53208303 4.84633552 4.71899072 2.10976069 3.937310093779e+01 1.093703916703e-03 1.238535545951e+02 1.177750215496e+02 5.404899656180e+00
17 2 2 3.37261580 1.53208303 4.84633552 4.71899072 2.10976069 3.689944811077e+01 1.490600368472e-03 1.243023079111e+02 1.175811399761e+02 5.236575114865e+00
17 3 2 3.37261580 1.53208303 4.84633552 4.71899072 2.10976069 3.360670218221e+01 2.195518867189e-03 1.269093812955e+02 1.172690863887e+02 5.135283304384e+00
17 4 2 3.37261580 1.53208303 4.84633552 4.71899072 2.10976069 3.181216171788e+01 3.146902971930e-03 1.308029394511e+02 1.161223918166e+02 5.043262543738e+00
17 5 2 3.37261580 1.53208303 4.84633552 4.71899072 2.10976069 3.157532022258e+01 4.079344496050e-03 1.351105624334e+02 1.138093942163e+02 4.916275776752e+00
17 6 2 3.37261580 1.53208303 4.84633552 4.71899072 2.10976069 3.183134110090e+01 4.593794408636e-03 1.386170651317e+02 1.102821902694e+02 4.760862386050e+00
17 7 2 3.37261580 1.53208303 4.84633552 4.71899072 2.10976069 3.171022309379e+01 4.441739675540e-03 1.409034532380e+02 1.057910076557e+02 4.578377897936e+00
17 8 2 3.37261580 1.53208303 4.84633552 4.71899072 2.10976069 2.993306986052e+01 3.667721839187e-03 1.419875715204e+02 1.008027025260e+02 4.381474168621e+00
17 9 2 3.37261580 1.53208303 4.84633552 4.71899072 2.10976069 2.723273006838e+01 2.534013222488e-03 1.408693794800e+02 9.522845144745e+01 4.176774563786e+00
17 10 2 3.37261580 1.53208303 4.84633552 4.71899072 2.10976069 2.528324263384e+01 1.387537134558e-03 1.374399385483e+02 8.930661730963e+01 3.985964221804e+00
17 11 2 3.37261580 1.53208303 4.84633552 4.71899072 2.10976069 2.448044251741e+01 5.302264123929e-04 1.321245311968e+02 8.336346330320e+01 3.812626641043e+00
17 12 2 3.37261580 1.53208303 4.84633552 4.71899072 2.10976069 2.492699389723e+01 1.088227313879e-04 1.252066837945e+02 7.760263276040e+01 3.687699150015e+00
17 13 2 3.37261580 1.53208303 4.84633552 4.71899072 2.10976069 2.544334505580e+01 9.915206536088e-05 1.170952392400e+02 7.251966649255e+01 3.586762703529e+00
17 14 2 3.37261580 1.53208303 4.84633552 4.71899072 2.10976069 2.449708352530e+01 3.734866861878e-04 1.084692262790e+02 6.817786955808e+01 3.472209031989e+00
17 15 2 3.37261580 1.53208303 4.84633552 4.71899072 2.10976069 2.263165909787e+01 7.589924168075e-04 9.964287056025e+01 6.471432430685e+01 3.344364414898e+00
17 16 2 3.37261580 1.53208303 4.84633552 4.71899072 2.10976069 2.079832765331e+01 1.098162491874e-03 9.053631040618e+01 6.221224681135e+01 3.224119801786e+00
17 17 2 3.37261580 1.53208303 4.84633552 4.71899072 2.10976069 1.977212877608e+01 1.340344439467e-03 8.195684437581e+01 6.058292044614e+01 3.115018779540e+00
17 18 2 3.37261580 1.53208303 4.84633552 4.71899072 2.10976069 2.008519745555e+01 1.542702754061e-03 7.455777722201e+01 6.010181530367e+01 3.021020518020e+00
17 19 2 3.37261580 1.53208303 4.84633552 4.71899072 2.10976069 2.061500254564e+01 1.719077960074e-03 6.860798382122e+01 6.096120417123e+01 2.968187697524e+00
17 20 2 3.37261580 1.53208303 4.84633552 4.71899072 2.10976069 2.036397649457e+01 1.746428408869e-03 6.456783510697e+01 6.319006850249e+01 2.937014788202e+00
17 21 2 3.37261580 1.53208303 4.84633552 4.71899072 2.10976069 1.939965576597e+01 1.499727932626e-03 6.258580364649e+01 6.658287737293e+01 2.915198285175e+00
17 22 2 3.37261580 1.53208303 4.84633552 4.71899072 2.10976069 1.790987424919e+01 1.028530803353e-03 6.224612346344e+01 7.072010845475e+01 2.890801339658e+00
17 23 2 3.37261580 1.53208303 4.84633552 4.71899072 2.10976069 1.691097819492e+01 5.252218814113e-04 6.333853820537e+01 7.526152521851e+01 2.854728925571e+00
17 24 2 3.37261580 1.53208303 4.84633552 4.71899072 2.10976069 1.701686173014e+01 1.636998812825e-04 6.577771297150e+01 8.002039334159e+01 2.796444365808e+00
17 25 2 3.37261580 1.53208303 4.84633552 4.71899072 2.10976069 1.747731509043e+01 2.519960535908e-05 6.910630377433e+01 8.473905504150e+01 2.740933660428e+00
17 26 2 3.37261580 1.53208303 4.84633552 4.71899072 2.10976069 1.780944799887e+01 1.114605521410e-04 7.278932995199e+01 8.914756743048e+01 2.699500053656e+00
17 27 2 3.37261580 1.53208303 4.84633552 4.71899072 2.10976069 1.758720152540e+01 3.393542520561e-04 7.653877087435e+01 9.307248137855e+01 2.652194377157e+00
17 28 2 3.37261580 1.53208303 4.84633552 4.71899072 2.10976069 1.666613512262e+01 5.552913343982e-04 7.975106039663e+01 9.617937736898e+01 2.597163353170e+00
17 29 2 3.37261580 1.53208303 4.84633552 4.71899072 2.10976069 1.596702376004e+01 6.370665467635e-04 8.207982268092e+01 9.850976342947e+01 2.536802895083e+00
17 30 2 3.37261580 1.53208303 4.84633552 4.71899072 2.10976069 1.590051313467e+01 5.906183639029e-04 8.399640658215e+01 1.002751856649e+02 2.497143471138e+00
17 31 2 3.37261580 1.53208303 4.84633552 4.71899072 2.10976069 1.638985245026e+01 5.219430087412e-04 8.558647625440e+01 1.015979522576e+02 2.515110857463e+00
17 32 2 3.37261580 1.53208303 4.84633552 4.71899072 2.10976069 1.734301828295e+01 5.230732370453e-04 8.665047661379e+01 1.026353109169e+02 2.613321691607e+00
17 33 2 3.37261580 1.53208303 4.84633552 4.71899072 2.10976069 1.788470131010e+01 5.898356944229e-04 8.687812472897e+01 1.028810741156e+02 2.732565020573e+00
17 34 2 3.37261580 1.53208303 4.84633552 4.71899072 2.10976069 1.779243288970e+01 6.270716642928e-04 8.593951210076e+01 1.018914012035e+02 2.819633564690e+00
17 35 2 3.37261580 1.53208303 4.84633552 4.71899072 2.10976069 1.771887800086e+01 5.348839362574e-04 8.347676655523e+01 9.960140821721e+01 2.870437938159e+00
17 36 2 3.37261580 1.53208303 4.84633552 4.71899072 2.10976069 1.781366569476e+01 3.165929504368e-04 7.989198916640e+01 9.604475716182e+01 2.902257375222e+00
17 37 2 3.37261580 1.53208303 4.84633552 4.71899072 2.10976069 1.836648723505e+01 9.968194706546e-05 7.612143273370e+01 9.169485335675e+01 2.933835253923e+00
17 38 2 3.37261580 1.53208303 4.84633552 4.71899072 2.10976069 1.926856795938e+01 3.766625602058e-05 7.250306236509e+01 8.685332415839e+01 2.977817232368e+00
17 39 2 3.37261580 1.53208303 4.84633552 4.71899072 2.10976069 1.979988629600e+01 2.100963541015e-04 6.952015334131e+01 8.174541259671e+01 3.031288193987e+00
17 40 2 3.37261580 1.53208303 4.84633552 4.71899072 2.10976069 2.018589901476e+01 6.084999594382e-04 6.770990542227e+01 7.671577418766e+01 3.068801208337e+00
17 41 2 3.37261580 1.53208303 4.84633552 4.71899072 2.10976069 2.061004822525e+01 1.140861110925e-03 6.725829449981e+01 7.199197228478e+01 3.115047522873e+00
17 42 2 3.37261580 1.53208303 4.84633552 4.71899072 2.10976069 2.095458028101e+01 1.621379697707e-03 6.839601759621e+01 6.791927581287e+01 3.187000849995e+00
17 43 2 3.37261580 1.53208303 4.84633552 4.71899072 2.10976069 2.168115924703e+01 1.853848351884e-03 7.158941013126e+01 6.486845480835e+01 3.290436092161e+00
17 44 2 3.37261580 1.53208303 4.84633552 4.71899072 2.10976069 2.246206738907e+01 1.799362610296e-03 7.677049581273e+01 6.298009184924e+01 3.423204423347e+00
17 45 2 3.37261580 1.53208303 4.84633552 4.71899072 2.10976069 2.295906620040e+01 1.599070662197e-03 8.346802793801e+01 6.216344219667e+01 3.585563949682e+00
17 46 2 3.37261580 1.53208303 4.84633552 4.71899072 2.10976069 2.369804860718e+01 1.380330788766e-03 9.149080837498e+01 6.236314431217e+01 3.749336608608e+00
17 47 2 3.37261580 1.53208303 4.84633552 4.71899072 2.10976069 2.450322364442e+01 1.120488618882e-03 1.005161936636e+02 6.354766910877e+01 3.900119384726e+00
17 48 2 3.37261580 1.53208303 4.84633552 4.71899072 2.10976069 2.539611561983e+01 7.588695942982e-04 1.098641140604e+02 6.595705926776e+01 4.054237083422e+00
17 49 2 3.37261580 1.53208303 4.84633552 4.71899072 2.10976069 2.653736613962e+01 3.588910285047e-04 1.195190901340e+02 6.975510896229e+01 4.195766152238e+00
17 50 2 3.37261580 1.53208303 4.84633552 4.71899072 2.10976069 2.718918499087e+01 9.548518428489e-05 1.291999471014e+02 7.472420956197e+01 4.338707349418e+00
17 51 2 3.37261580 1.53208303 4.84633552 4.71899072 2.10976069 2.766252721244e+01 1.499779981454e-04 1.377766081015e+02 8.078820576519e+01 4.513041457644e+00
17 52 2 3.37261580 1.53208303 4.84633552 4.71899072 2.10976069 2.852119833068e+01 6.509401349165e-04 1.446014496439e+02 8.746955075290e+01 4.732754269222e+00
17 53 2 3.37261580 1.53208303 4.84633552 4.71899072 2.10976069 2.950199882397e+01 1.616973782757e-03 1.492192741045e+02 9.438790666723e+01 4.944432843480e+00
17 54 2 3.37261580 1.53208303 4.84633552 4.71899072 2.10976069 3.109426836011e+01 2.879481877561e-03 1.512583647519e+02 1.013383317935e+02 5.135394401413e+00
17 55 2 3.37261580 1.53208303 4.84633552 4.71899072 2.10976069 3.290414870539e+01 4.097320452477e-03 1.506383262930e+02 1.078670543945e+02 5.305229530010e+00
17 56 2 3.37261580 1.53208303 4.84633552 4.71899072 2.10976069 3.386781248209e+01 4.889360393578e-03 1.482256874420e+02 1.139127522862e+02 5.452279194465e+00
17 57 2 3.37261580 1.53208303 4.84633552 4.71899072 2.10976069 3.439954526274e+01 4.988644174912e-03 1.442021469404e+02 1.189774573747e+02 5.592889544411e+00
17 58 2 3.37261580 1.53208303 4.84633552 4.71899072 2.10976069 3.468867764331e+01 4.375910971465e-03 1.387108312399e+02 1.226312756719e+02 5.737765729848e+00
17 59 2 3.37261580 1.53208303 4.84633552 4.71899072 2.10976069 3.538349617878e+01 3.335304185493e-03 1.332243089558e+02 1.250721779510e+02 5.910643249168e+00
17 60 2 3.37261580 1.53208303 4.84633552 4.71899072 2.10976069 3.760033773703e+01 2.293525270844e-03 1.287523295637e+02 1.265270603407e+02 6.137284306387e+00
17 61 2 3.37261580 1.53208303 4.84633552 4.71899072 2.10976069 4.005433598130e+01 1.531057695740e-03 1.260722095212e+02 1.274490194265e+02 6.459601234625e+00
17 62 2 3.37261580 1.53208303 4.84633552 4.71899072 2.10976069 4.157237333778e+01 1.118223717696e-03 1.261862865619e+02 1.279887568108e+02 6.816477749521e+00
17 63 2 3.37261580 1.53208303 4.84633552 4.71899072 2.10976069 4.215757197158e+01 1.104098711327e-03 1.296120734234e+02 1.280462412269e+02 7.167996672386e+00
19 0 2 3.27478606 1.52088670 11.83990315 2.28418103 1.69392488 1.092647505150e-02 1.753044474636e+00 2.825802976768e+03 9.105778579516e+00 3.260381121113e-02
19 1 2 3.27478606 1.52088670 11.83990315 2.28418103 1.69392488 5.997850584930e-03 1.691327334398e+00 2.758724320839e+03 8.791890457016e+00 1.184407429596e-02
19 2 2 3.27478606 1.52088670 11.83990315 2.28418103 1.69392488 4.015556559511e-03 1.633645537451e+00 2.700631044629e+03 8.496753414867e+00 1.377115013556e-02
19 3 2 3.27478606 1.52088670 11.83990315 2.28418103 1.69392488 4.692701053808e-03 1.563092836927e+00 2.645490476841e+03 8.197236430091e+00 3.702635809279e-02
19 4 2 3.27478606 1.52088670 11.83990315 2.28418103 1.69392488 6.974269926662e-03 1.474812483981e+00 2.581790886659e+03 7.918130733964e+00 6.244087108402e-02
19 5 2 3.27478606 1.52088670 11.83990315 2.28418103 1.69392488 9.599870221083e-03 1.396839134599e+00 2.508382119331e+03 7.649266852598e+00 6.864171710204e-02
19 6 2 3.27478606 1.52088670 11.83990315 2.28418103 1.69392488 1.147989817776e-02 1.344257465291e+00 2.432639813424e+03 7.397792781196e+00 4.977639621666e-02
19 7 2 3.27478606 1.52088670 11.83990315 2.28418103 1.69392488 1.183361236588e-02 1.320476441685e+00 2.359631811493e+03 7.168148359298e+00 2.075021631633e-02
19 8 2 3.27478606 1.52088670 11.83990315 2.28418103 1.69392488 1.034947041570e-02 1.300173410202e+00 2.293404111418e+03 6.944077957464e+00 5.379369660053e-03
19 9 2 3.27478606 1.52088670 11.83990315 2.28418103 1.69392488 7.402666975650e-03 1.261693629246e+00 2.237079223034e+03 6.737463939733e+00 1.691791952944e-02
19 10 2 3.27478606 1.52088670 11.83990315 2.28418103 1.69392488 4.011710019923e-03 1.202154713514e+00 2.182342374097e+03 6.522087258406e+00 4.693069639908e-02
19 11 2 3.27478606 1.52088670 11.83990315 2.28418103 1.69392488 1.353423760182e-03 1.136350114671e+00 2.125290941980e+03 6.308616836503e+00 7.184329604857e-02
19 12 2 3.27478606 1.52088670 11.83990315 2.28418103 1.69392488 1.689808991981e-04 1.089326524059e+00 2.063046603100e+03 6.081901572402e+00 7.198191817715e-02
19 13 2 3.27478606 1.52088670 11.83990315 2.28418103 1.69392488 5.681318288446e-04 1.064021190434e+00 1.989393964232e+03 5.845985687572e+00 4.752540294665e-02
19 14 2 3.27478606 1.52088670 11.83990315 2.28418103 1.69392488 2.284521212623e-03 1.053272467242e+00 1.910451243411e+03 5.607711393977e+00 1.826033112788e-02
19 15 2 3.27478606 1.52088670 11.83990315 2.28418103 1.69392488 4.934606849592e-03 1.034414360675e+00 1.832545958594e+03 5.363729191524e+00 7.383040215828e-03
19 16 2 3.27478606 1.52088670 11.83990315 2.28418103 1.69392488 7.957696773976e-03 1.000736311500e+00 1.763809368303e+03 5.135447294873e+00 2.271904545465e-02
19 17 2 3.27478606 1.52088670 11.83990315 2.28418103 1.69392488 1.048537317196e-02 9.567919600955e-01 1.714770556243e+03 4.915193466114e+00 5.072036023944e-02
19 18 2 3.27478606 1.52088670 11.83990315 2.28418103 1.69392488 1.159421353916e-02 9.176840528166e-01 1.688017705525e+03 4.721235102646e+00 6.791205422280e-02
19 19 2 3.27478606 1.52088670 11.83990315 2.28418103 1.69392488 1.090144273767e-02 8.938489184245e-01 1.679241198151e+03 4.546632406428e+00 6.011523277772e-02
19 20 2 3.27478606 1.52088670 11.83990315 2.28418103 1.69392488 8.902827677864e-03 8.785338016921e-01 1.679807777411e+03 4.393989734032e+00 3.366616726162e-02
19 21 2 3.27478606 1.52088670 11.83990315 2.28418103 1.69392488 6.612063564008e-03 8.612654109603e-01 1.678095919120e+03 4.262057476806e+00 9.791746145022e-03
19 22 2 3.27478606 1.52088670 11.83990315 2.28418103 1.69392488 4.818341424308e-03 8.292343420692e-01 1.664672444491e+03 4.139168093891e+00 7.224469700286e-03
19 23 2 3.27478606 1.52088670 11.83990315 2.28418103 1.69392488 3.710485660279e-03 7.898174987186e-01 1.636482273403e+03 4.031934143920e+00 2.744755364683e-02
19 24 2 3.27478606 1.52088670 11.83990315 2.28418103 1.69392488 3.167482226456e-03 7.546210765686e-01 1.597643244857e+03 3.926327677553e+00 5.425047857778e-02
19 25 2 3.27478606 1.52088670 11.83990315 2.28418103 1.69392488 3.227243801741e-03 7.369165342124e-01 1.554108553035e+03 3.833815544681e+00 6.724469387402e-02
19 26 2 3.27478606 1.52088670 11.83990315 2.28418103 1.69392488 4.090564509853e-03 7.337004335859e-01 1.515451768818e+03 3.749754041169e+00 5.781046728702e-02
19 27 2 3.27478606 1.52088670 11.83990315 2.28418103 1.69392488 5.676769790188e-03 7.309636604070e-01 1.488070684348e+03 3.683217088461e+00 3.464289837861e-02
19 28 2 3.27478606 1.52088670 11.83990315 2.28418103 1.69392488 7.378265979422e-03 7.183714894281e-01 1.469350647677e+03 3.641599694548e+00 1.521164630054e-02
19 29 2 3.27478606 1.52088670 11.83990315 2.28418103 1.69392488 8.450968305174e-03 6.964926877507e-01 1.460094647923e+03 3.624862441701e+00 1.108301752712e-02
19 30 2 3.27478606 1.52088670 11.83990315 2.28418103 1.69392488 8.669979007585e-03 6.843426279174e-01 1.459014585842e+03 3.645449675832e+00 1.955016599702e-02
19 31 2 3.27478606 1.52088670 11.83990315 2.28418103 1.69392488 8.484761404544e-03 6.947838188508e-01 1.462518093485e+03 3.693132327152e+00 2.802447246300e-02
19 32 2 3.27478606 1.52088670 11.83990315 2.28418103 1.69392488 8.450604353591e-03 7.312129435456e-01 1.473604879838e+03 3.775469567934e+00 2.657294410300e-02
19 33 2 3.27478606 1.52088670 11.83990315 2.28418103 1.69392488 8.566426222941e-03 7.753436442059e-01 1.484902313934e+03 3.878438785582e+00 1.725633986920e-02
19 34 2 3.27478606 1.52088670 11.83990315 2.28418103 1.69392488 8.280991953586e-03 8.093618034755e-01 1.494735263122e+03 3.999134662757e+00 1.204989574491e-02
19 35 2 3.27478606 1.52088670 11.83990315 2.28418103 1.69392488 7.161156899857e-03 8.261108884312e-01 1.508835992489e+03 4.130110586230e+00 2.125999304392e-02
19 36 2 3.27478606 1.52088670 11.83990315 2.28418103 1.69392488 5.452294489425e-03 8.352164086999e-01 1.529754984289e+03 4.259921650872e+00 4.278416627396e-02
19 37 2 3.27478606 1.52088670 11.83990315 2.28418103 1.69392488 3.906228772038e-03 8.547260878328e-01 1.562760306644e+03 4.394053498757e+00 6.207657725334e-02
19 38 2 3.27478606 1.52088670 11.83990315 2.28418103 1.69392488 3.116934084665e-03 8.885479368480e-01 1.606286736877e+03 4.520146018625e+00 6.358401380977e-02
19 39 2 3.27478606 1.52088670 11.83990315 2.28418103 1.69392488 3.141821181520e-03 9.310656438463e-01 1.649210418148e+03 4.652472819848e+00 4.433356260710e-02
19 40 2 3.27478606 1.52088670 11.83990315 2.28418103 1.69392488 3.768536600721e-03 9.634604317524e-01 1.685164781458e+03 4.785549146372e+00 1.791026245975e-02
19 41 2 3.27478606 1.52088670 11.83990315 2.28418103 1.69392488 4.963910904332e-03 9.816072633940e-01 1.707943696991e+03 4.929763382568e+00 4.644770302986e-03
19 42 2 3.27478606 1.52088670 11.83990315 2.28418103 1.69392488 6.847999684671e-03 9.907661757618e-01 1.717126682010e+03 5.088971394962e+00 1.539364357401e-02
19 43 2 3.27478606 1.52088670 11.83990315 2.28418103 1.69392488 9.202251124011e-03 1.007112481065e+00 1.719347045851e+03 5.258601802011e+00 4.218164083972e-02
19 44 2 3.27478606 1.52088670 11.83990315 2.28418103 1.69392488 1.118955467397e-02 1.039430280104e+00 1.724991628912e+03 5.448000964814e+00 6.392297710390e-02
19 45 2 3.27478606 1.52088670 11.83990315 2.28418103 1.69392488 1.177256007641e-02 1.080565782495e+00 1.743634082277e+03 5.638435804053e+00 6.319736678924e-02
19 46 2 3.27478606 1.52088670 11.83990315 2.28418103 1.69392488 1.048708825968e-02 1.119534885478e+00 1.782532869172e+03 5.838100988356e+00 4.062032021655e-02
19 47 2 3.27478606 1.52088670 11.83990315 2.28418103 1.69392488 7.786974897876e-03 1.143919799168e+00 1.844054116804e+03 6.028241186676e+00 1.479332455357e-02
19 48 2 3.27478606 1.52088670 11.83990315 2.28418103 1.69392488 4.660946359720e-03 1.163923916423e+00 1.923093838770e+03 6.210782950517e+00 7.396098641074e-03
19 49 2 3.27478606 1.52088670 11.83990315 2.28418103 1.69392488 2.011162034927e-03 1.191841148610e+00 2.011072280289e+03 6.383889452822e+00 2.535271238741e-02
19 50 2 3.27478606 1.52088670 11.83990315 2.28418103 1.69392488 4.121596545101e-04 1.243955416700e+00 2.101478800234e+03 6.542191648387e+00 5.478927604373e-02
19 51 2 3.27478606 1.52088670 11.83990315 2.28418103 1.69392488 2.565300487415e-04 1.314722871267e+00 2.181575480179e+03 6.705260643744e+00 7.204892329588e-02
19 52 2 3.27478606 1.52088670 11.83990315 2.28418103 1.69392488 1.797734214241e-03 1.386378388566e+00 2.249777782157e+03 6.863658899991e+00 6.294459389040e-02
19 53 2 3.27478606 1.52088670 11.83990315 2.28418103 1.69392488 4.858978885894e-03 1.441432768809e+00 2.307208522822e+03 7.044656026544e+00 3.444313426842e-02
19 54 2 3.27478606 1.52088670 11.83990315 2.28418103 1.69392488 8.582388080391e-03 1.474988858440e+00 2.356628251574e+03 7.240535018694e+00 9.082924385431e-03
19 55 2 3.27478606 1.52088670 11.83990315 2.28418103 1.69392488 1.168233520415e-02 1.510153415531e+00 2.410088166370e+03 7.464854991191e+00 6.673194634732e-03
19 56 2 3.27478606 1.52088670 11.83990315 2.28418103 1.69392488 1.310356890515e-02 1.565360519936e+00 2.474489334406e+03 7.717841140846e+00 2.833248140516e-02
19 57 2 3.27478606 1.52088670 11.83990315 2.28418103 1.69392488 1.252146604861e-02 1.654569465573e+00 2.547456572350e+03 7.988124937580e+00 5.591201796422e-02
19 58 2 3.27478606 1.52088670 11.83990315 2.28418103 1.69392488 1.035113190070e-02 1.756289824126e+00 2.628756565533e+03 8.287550682396e+00 6.705873897554e-02
19 59 2 3.27478606 1.52088670 11.83990315 2.28418103 1.69392488 7.490218158820e-03 1.848731304399e+00 2.707867071178e+03 8.588683631673e+00 5.334648999902e-02
19 60 2 3.27478606 1.52088670 11.83990315 2.28418103 1.69392488 5.138671375446e-03 1.917969046811e+00 2.779563520539e+03 8.911405397698e+00 2.665602459439e-02
19 61 2 3.27478606 1.52088670 11.83990315 2.28418103 1.69392488 4.640876481286e-03 1.977027999601e+00 2.846819545879e+03 9.234496178941e+00 8.929590947050e-03
19 62 2 3.27478606 1.52088670 11.83990315 2.28418103 1.69392488 7.071520873003e-03 2.052851987502e+00 2.913935698194e+03 9.573049794494e+00 1.407729576020e-02
19 63 2 3.27478606 1.52088670 11.83990315 2.28418103 1.69392488 1.264315722417e-02 2.149318633510e+00 2.989647160437e+03 9.929471023659e+00 3.691666372490e-02
20 0 2 2.70707659 1.75957756 42.83297170 2.32630366 1.99721357 3.600473559244e-01 2.993979201832e+00 3.035542933707e+04 1.020955716689e+01 5.511191178657e-03
20 1 2 2.70707659 1.75957756 42.83297170 2.32630366 1.99721357 3.440098382651e-01 2.865692461877e+00 2.957390680899e+04 9.932546894789e+00 5.778813426520e-03
20 2 2 2.70707659 1.75957756 42.83297170 2.32630366 1.99721357 3.257320191428e-01 2.855988125406e+00 2.887789697573e+04 9.663655664981e+00 6.441651476275e-03
20 3 2 2.70707659 1.75957756 42.83297170 2.32630366 1.99721357 3.059666355323e-01 2.869516305552e+00 2.825900100436e+04 9.377293545984e+00 8.129210154180e-03
20 4 2 2.70707659 1.75957756 42.83297170 2.32630366 1.99721357 2.856087853993e-01 2.793385285769e+00 2.765993423189e+04 9.054731857744e+00 1.159388895539e-02
20 5 2 2.70707659 1.75957756 42.83297170 2.32630366 1.99721357 2.658756732141e-01 2.619836570618e+00 2.698206763786e+04 8.722222397935e+00 1.533910241253e-02
20 6 2 2.70707659 1.75957756 42.83297170 2.32630366 1.99721357 2.478712640470e-01 2.426819418355e+00 2.621789992351e+04 8.368151848921e+00 1.712097266645e-02
20 7 2 2.70707659 1.75957756 42.83297170 2.32630366 1.99721357 2.319260592446e-01 2.321509034665e+00 2.547233618871e+04 8.024144575998e+00 1.626329913940e-02
20 8 2 2.70707659 1.75957756 42.83297170 2.32630366 1.99721357 2.174922389403e-01 2.306256476532e+00 2.484407275777e+04 7.691393903722e+00 1.332555268332e-02
20 9 2 2.70707659 1.75957756 42.83297170 2.32630366 1.99721357 2.038394130187e-01 2.296430829676e+00 2.431605523090e+04 7.363128942960e+00 9.671631457119e-03
20 10 2 2.70707659 1.75957756 42.83297170 2.32630366 1.99721357 1.909630415281e-01 2.208699860856e+00 2.381964556583e+04 7.051756081716e+00 7.500123410001e-03
20 11 2 2.70707659 1.75957756 42.83297170 2.32630366 1.99721357 1.798825077792e-01 2.048497620618e+00 2.331119501965e+04 6.733517754048e+00 7.889403392347e-03
20 12 2 2.70707659 1.75957756 42.83297170 2.32630366 1.99721357 1.720556889536e-01 1.902727140827e+00 2.277663898649e+04 6.425554005371e+00 9.324526729374e-03
20 13 2 2.70707659 1.75957756 42.83297170 2.32630366 1.99721357 1.683842840643e-01 1.835468205983e+00 2.223418306315e+04 6.127752761322e+00 9.949723811079e-03
20 14 2 2.70707659 1.75957756 42.83297170 2.32630366 1.99721357 1.685765668262e-01 1.849014220644e+00 2.172305874946e+04 5.845628369464e+00 9.813202874716e-03
20 15 2 2.70707659 1.75957756 42.83297170 2.32630366 1.99721357 1.713259589493e-01 1.869527703325e+00 2.125801994959e+04 5.599904931657e+00 9.584720413097e-03
20 16 2 2.70707659 1.75957756 42.83297170 2.32630366 1.99721357 1.751663562013e-01 1.829861341769e+00 2.087347119594e+04 5.377478909357e+00 9.117030224171e-03
20 17 2 2.70707659 1.75957756 42.83297170 2.32630366 1.99721357 1.793880573478e-01 1.710115481210e+00 2.054884387315e+04 5.189940682844e+00 8.264278555502e-03
20 18 2 2.70707659 1.75957756 42.83297170 2.32630366 1.99721357 1.843276482573e-01 1.563401494539e+00 2.021923500426e+04 5.024203027592e+00 7.308021517916e-03
20 19 2 2.70707659 1.75957756 42.83297170 2.32630366 1.99721357 1.907704184819e-01 1.467449615611e+00 1.983573480228e+04 4.872457588436e+00 6.358701867256e-03
20 20 2 2.70707659 1.75957756 42.83297170 2.32630366 1.99721357 1.989118166514e-01 1.453053479607e+00 1.943864793426e+04 4.740314497239e+00 5.714559002963e-03
20 21 2 2.70707659 1.75957756 42.83297170 2.32630366 1.99721357 2.077828877615e-01 1.488011438581e+00 1.908968171712e+04 4.613140171221e+00 6.059855724594e-03
20 22 2 2.70707659 1.75957756 42.83297170 2.32630366 1.99721357 2.157517106901e-01 1.499546228577e+00 1.882001382751e+04 4.503600470190e+00 7.181178103759e-03
20 23 2 2.70707659 1.75957756 42.83297170 2.32630366 1.99721357 2.217616982135e-01 1.456501446137e+00 1.860077534115e+04 4.403327992660e+00 7.841356674568e-03
20 24 2 2.70707659 1.75957756 42.83297170 2.32630366 1.99721357 2.261768072326e-01 1.379358188084e+00 1.839148045852e+04 4.309721883098e+00 7.729374717108e-03
20 25 2 2.70707659 1.75957756 42.83297170 2.32630366 1.99721357 2.303312746931e-01 1.328024081482e+00 1.817710119322e+04 4.226781560979e+00 7.914092966583e-03
20 26 2 2.70707659 1.75957756 42.83297170 2.32630366 1.99721357 2.350788326050e-01 1.333938257677e+00 1.797223471241e+04 4.141668022751e+00 8.912075397395e-03
20 27 2 2.70707659 1.75957756 42.83297170 2.32630366 1.99721357 2.397042123531e-01 1.372207990917e+00 1.778400156449e+04 4.069368895699e+00 9.822149651727e-03
20 28 2 2.70707659 1.75957756 42.83297170 2.32630366 1.99721357 2.423583602624e-01 1.384160207683e+00 1.763402395800e+04 4.010214278366e+00 9.424358959673e-03
20 29 2 2.70707659 1.75957756 42.83297170 2.32630366 1.99721357 2.417549270344e-01 1.332340878032e+00 1.755822805617e+04 3.976763862408e+00 7.113991030581e-03
20 30 2 2.70707659 1.75957756 42.83297170 2.32630366 1.99721357 2.385570312905e-01 1.255056451316e+00 1.756468160200e+04 3.984593317305e+00 3.442259831039e-03
20 31 2 2.70707659 1.75957756 42.83297170 2.32630366 1.99721357 2.350441057689e-01 1.224169544400e+00 1.760787358752e+04 4.027920046818e+00 4.961257744031e-04
20 32 2 2.70707659 1.75957756 42.83297170 2.32630366 1.99721357 2.332333110969e-01 1.287146813551e+00 1.766249743144e+04 4.115038703191e+00 5.241632812207e-04
20 33 2 2.70707659 1.75957756 42.83297170 2.32630366 1.99721357 2.331379781981e-01 1.405956401067e+00 1.770091357075e+04 4.226419493601e+00 3.513222054846e-03
20 34 2 2.70707659 1.75957756 42.83297170 2.32630366 1.99721357 2.327763700808e-01 1.501884073968e+00 1.776184583648e+04 4.350788687906e+00 7.200534811907e-03
20 35 2 2.70707659 1.75957756 42.83297170 2.32630366 1.99721357 2.299207883643e-01 1.521409868924e+00 1.789427864471e+04 4.479712083989e+00 9.501055376767e-03
20 36 2 2.70707659 1.75957756 42.83297170 2.32630366 1.99721357 2.239623796951e-01 1.480651505859e+00 1.809027972979e+04 4.595905760392e+00 9.869683680965e-03
20 37 2 2.70707659 1.75957756 42.83297170 2.32630366 1.99721357 2.162186351962e-01 1.447110863264e+00 1.831768091262e+04 4.712042994240e+00 8.932035783121e-03
20 38 2 2.70707659 1.75957756 42.83297170 2.32630366 1.99721357 2.085352856323e-01 1.470661845445e+00 1.855564508809e+04 4.823199337168e+00 7.947442754350e-03
20 39 2 2.70707659 1.75957756 42.83297170 2.32630366 1.99721357 2.016111003235e-01 1.556663113865e+00 1.878302191100e+04 4.941226659695e+00 7.823874768746e-03
20 40 2 2.70707659 1.75957756 42.83297170 2.32630366 1.99721357 1.946011314984e-01 1.651777758385e+00 1.899792967480e+04 5.075631716049e+00 7.990315221299e-03
20 41 2 2.70707659 1.75957756 42.83297170 2.32630366 1.99721357 1.862178026110e-01 1.708305532283e+00 1.922200872905e+04 5.218282036514e+00 7.338123446321e-03
20 42 2 2.70707659 1.75957756 42.83297170 2.32630366 1.99721357 1.761423391791e-01 1.717449971296e+00 1.950142932919e+04 5.383147427717e+00 6.214687720469e-03
20 43 2 2.70707659 1.75957756 42.83297170 2.32630366 1.99721357 1.654136280555e-01 1.728250929169e+00 1.985896258435e+04 5.557091843666e+00 5.900290545530e-03
20 44 2 2.70707659 1.75957756 42.83297170 2.32630366 1.99721357 1.555658915468e-01 1.796543933657e+00 2.027703267207e+04 5.747192081724e+00 6.594173104249e-03
20 45 2 2.70707659 1.75957756 42.83297170 2.32630366 1.99721357 1.474493964686e-01 1.925681803571e+00 2.068210385684e+04 5.958813094043e+00 7.591181428486e-03
20 46 2 2.70707659 1.75957756 42.83297170 2.32630366 1.99721357 1.408145616043e-01 2.065836225515e+00 2.105033304515e+04 6.182896745979e+00 8.592661118231e-03
20 47 2 2.70707659 1.75957756 42.83297170 2.32630366 1.99721357 1.349078089144e-01 2.141906451265e+00 2.142030728459e+04 6.435049337107e+00 9.467371432051e-03
20 48 2 2.70707659 1.75957756 42.83297170 2.32630366 1.99721357 1.294313130531e-01 2.138691336343e+00 2.185617547469e+04 6.694353329842e+00 9.921554238456e-03
20 49 2 2.70707659 1.75957756 42.83297170 2.32630366 1.99721357 1.250297939207e-01 2.104209852384e+00 2.237128798455e+04 6.960221474125e+00 1.013677872110e-02
20 50 2 2.70707659 1.75957756 42.83297170 2.32630366 1.99721357 1.229700515774e-01 2.136179752967e+00 2.295198313388e+04 7.224599230821e+00 1.026457166792e-02
20 51 2 2.70707659 1.75957756 42.83297170 2.32630366 1.99721357 1.243181932913e-01 2.283122899637e+00 2.355424676319e+04 7.469003186842e+00 9.590061670840e-03
20 52 2 2.70707659 1.75957756 42.83297170 2.32630366 1.99721357 1.292276877382e-01 2.496139511883e+00 2.413795893267e+04 7.712945523049e+00 8.111529936839e-03
20 53 2 2.70707659 1.75957756 42.83297170 2.32630366 1.99721357 1.368316083977e-01 2.664116022979e+00 2.470021715498e+04 7.943086402226e+00 7.819298683741e-03
20 54 2 2.70707659 1.75957756 42.83297170 2.32630366 1.99721357 1.458209597232e-01 2.712468739438e+00 2.524900023527e+04 8.178510424188e+00 1.024084568866e-02
20 55 2 2.70707659 1.75957756 42.83297170 2.32630366 1.99721357 1.553078146956e-01 2.695228916972e+00 2.582979157513e+04 8.423180725511e+00 1.415213417339e-02
20 56 2 2.70707659 1.75957756 42.83297170 2.32630366 1.99721357 1.653198690087e-01 2.718141712506e+00 2.652264103291e+04 8.660925604168e+00 1.722173615830e-02
20 57 2 2.70707659 1.75957756 42.83297170 2.32630366 1.99721357 1.765200119739e-01 2.855918256090e+00 2.730146923561e+04 8.906373329092e+00 1.801493661401e-02
20 58 2 2.70707659 1.75957756 42.83297170 2.32630366 1.99721357 1.893954104387e-01 3.062585573970e+00 2.805537437344e+04 9.129489598635e+00 1.595097704637e-02
20 59 2 2.70707659 1.75957756 42.83297170 2.32630366 1.99721357 2.036495858131e-01 3.245603579929e+00 2.869524448726e+04 9.346892162998e+00 1.183313973877e-02
20 60 2 2.70707659 1.75957756 42.83297170 2.32630366 1.99721357 2.183168483010e-01 3.340477382415e+00 2.926307423640e+04 9.568452768915e+00 8.130193924866e-03
20 61 2 2.70707659 1.75957756 42.83297170 2.32630366 1.99721357 2.323628155438e-01 3.370637354910e+00 2.985048033909e+04 9.801217704961e+00 6.413604243792e-03
20 62 2 2.70707659 1.75957756 42.83297170 2.32630366 1.99721357 2.450629316466e-01 3.437860728505e+00 3.053537593589e+04 1.009184579510e+01 5.845586970671e-03
20 63 2 2.70707659 1.75957756 42.83297170 2.32630366 1.99721357 2.558302668345e-01 3.617013518920e+00 3.129144933280e+04 1.042536246411e+01 5.752104714142e-03
25 0 2 2.88443280 1.71831085 46.40276492 2.50584212 2.01003106 2.101058614889e-01 3.395799108790e+00 3.071195535964e+04 1.372928675275e+01 8.065829413956e-04
25 1 2 2.88443280 1.71831085 46.40276492 2.50584212 2.01003106 2.232746987151e-01 2.869685207809e+00 2.968960107587e+04 1.333933973317e+01 8.579150700197e-04
25 2 2 2.88443280 1.71831085 46.40276492 2.50584212 2.01003106 2.362911531961e-01 2.285022992831e+00 2.909333978262e+04 1.298434406983e+01 1.855352654961e-03
25 3 2 2.88443280 1.71831085 46.40276492 2.50584212 2.01003106 2.468304333950e-01 1.797251349485e+00 2.878649884659e+04 1.263001040042e+01 2.936602919829e-03
25 4 2 2.88443280 1.71831085 46.40276492 2.50584212 2.01003106 2.545037808401e-01 1.525156207415e+00 2.854721544444e+04 1.224958372499e+01 3.897588069131e-03
25 5 2 2.88443280 1.71831085 46.40276492 2.50584212 2.01003106 2.604052393869e-01 1.519799529151e+00 2.823801842730e+04 1.183670427113e+01 4.789141932243e-03
25 6 2 2.88443280 1.71831085 46.40276492 2.50584212 2.01003106 2.655564602826e-01 1.751619004176e+00 2.785403481538e+04 1.140463106996e+01 5.672730541020e-03
25 7 2 2.88443280 1.71831085 46.40276492 2.50584212 2.01003106 2.697425967432e-01 2.111190628176e+00 2.743253700103e+04 1.097381792266e+01 6.120252239437e-03
25 8 2 2.88443280 1.71831085 46.40276492 2.50584212 2.01003106 2.716162259906e-01 2.440442851669e+00 2.698599393337e+04 1.055674852453e+01 5.249701388904e-03
25 9 2 2.88443280 1.71831085 46.40276492 2.50584212 2.01003106 2.696470741841e-01 2.599451349618e+00 2.649933207486e+04 1.014989908272e+01 3.146056996280e-03
25 10 2 2.88443280 1.71831085 46.40276492 2.50584212 2.01003106 2.629154103613e-01 2.529183424196e+00 2.596261551071e+04 9.737516150442e+00 1.493750176216e-03
25 11 2 2.88443280 1.71831085 46.40276492 2.50584212 2.01003106 2.512790098830e-01 2.263895405176e+00 2.539068802692e+04 9.304168755782e+00 1.821442911505e-03
25 12 2 2.88443280 1.71831085 46.40276492 2.50584212 2.01003106 2.352120213732e-01 1.895464138227e+00 2.481000763594e+04 8.847674686137e+00 3.922347149824e-03
25 13 2 2.88443280 1.71831085 46.40276492 2.50584212 2.01003106 2.157012589753e-01 1.528341567636e+00 2.424124170596e+04 8.384145441568e+00 6.586938389458e-03
25 14 2 2.88443280 1.71831085 46.40276492 2.50584212 2.01003106 1.941206272175e-01 1.249469210902e+00 2.372097568057e+04 7.942097724000e+00 8.831284257129e-03
25 15 2 2.88443280 1.71831085 46.40276492 2.50584212 2.01003106 1.718170694747e-01 1.111927595032e+00 2.326592716977e+04 7.549340530025e+00 1.003635267927e-02
25 16 2 2.88443280 1.71831085 46.40276492 2.50584212 2.01003106 1.495631850211e-01 1.128914513297e+00 2.286562774261e+04 7.220462434742e+00 9.974796322896e-03
25 17 2 2.88443280 1.71831085 46.40276492 2.50584212 2.01003106 1.274484273768e-01 1.277472260435e+00 2.244426422375e+04 6.951913332998e+00 8.973734361646e-03
25 18 2 2.88443280 1.71831085 46.40276492 2.50584212 2.01003106 1.054847209117e-01 1.504581193831e+00 2.190820144154e+04 6.726753514971e+00 7.419695799378e-03
25 19 2 2.88443280 1.71831085 46.40276492 2.50584212 2.01003106 8.439861397811e-02 1.731440576288e+00 2.123274938889e+04 6.525384064978e+00 5.418077676748e-03
25 20 2 2.88443280 1.71831085 46.40276492 2.50584212 2.01003106 6.572355678218e-02 1.868086581521e+00 2.050411358645e+04 6.335483644442e+00 3.404939422228e-03
25 21 2 2.88443280 1.71831085 46.40276492 2.50584212 2.01003106 5.093015780411e-02 1.848383324018e+00 1.983324220223e+04 6.155591583280e+00 2.260816482962e-03
25 22 2 2.88443280 1.71831085 46.40276492 2.50584212 2.01003106 4.034178958215e-02 1.667248936300e+00 1.928690010000e+04 5.991221455361e+00 2.230606648388e-03
25 23 2 2.88443280 1.71831085 46.40276492 2.50584212 2.01003106 3.287671335759e-02 1.387493924255e+00 1.888223107816e+04 5.847130123855e+00 2.566265187984e-03
25 24 2 2.88443280 1.71831085 46.40276492 2.50584212 2.01003106 2.688506545955e-02 1.107939399471e+00 1.863738715302e+04 5.721503102588e+00 2.658572807703e-03
25 25 2 2.88443280 1.71831085 46.40276492 2.50584212 2.01003106 2.131417344796e-02 9.172713886643e-01 1.855875878573e+04 5.606205294013e+00 2.712108356790e-03
25 26 2 2.88443280 1.71831085 46.40276492 2.50584212 2.01003106 1.619964639675e-02 8.619828890003e-01 1.863662437848e+04 5.493066504510e+00 3.068889706267e-03
25 27 2 2.88443280 1.71831085 46.40276492 2.50584212 2.01003106 1.221113400131e-02 9.384359205484e-01 1.884318167468e+04 5.382087941909e+00 3.577291429594e-03
25 28 2 2.88443280 1.71831085 46.40276492 2.50584212 2.01003106 9.847861202671e-03 1.105137797434e+00 1.914172736019e+04 5.285968718945e+00 3.733294615330e-03
25 29 2 2.88443280 1.71831085 46.40276492 2.50584212 2.01003106 9.022719296137e-03 1.305748608872e+00 1.949335666347e+04 5.227338134911e+00 3.060599497459e-03
25 30 2 2.88443280 1.71831085 46.40276492 2.50584212 2.01003106 9.210572771267e-03 1.488529191074e+00 1.983446723874e+04 5.229347637328e+00 1.608757938805e-03
25 31 2 2.88443280 1.71831085 46.40276492 2.50584212 2.01003106 9.798991605096e-03 1.611385851393e+00 2.006848703976e+04 5.304314167892e+00 3.026929855988e-04
25 32 2 2.88443280 1.71831085 46.40276492 2.50584212 2.01003106 1.030168706617e-02 1.639161076860e+00 2.013163146596e+04 5.446551473980e+00 2.485567518106e-04
25 33 2 2.88443280 1.71831085 46.40276492 2.50584212 2.01003106 1.045730023222e-02 1.551200490841e+00 1.999659068680e+04 5.633504561944e+00 1.475680265078e-03
25 34 2 2.88443280 1.71831085 46.40276492 2.50584212 2.01003106 1.036723663157e-02 1.362053639652e+00 1.972697923174e+04 5.834910354652e+00 2.907348917338e-03
25 35 2 2.88443280 1.71831085 46.40276492 2.50584212 2.01003106 1.057926932401e-02 1.133654794175e+00 1.942840719502e+04 6.025387951135e+00 3.596567021433e-03
25 36 2 2.88443280 1.71831085 46.40276492 2.50584212 2.01003106 1.184196330433e-02 9.581694862593e-01 1.917286369048e+04 6.194038516728e+00 3.454690657907e-03
25 37 2 2.88443280 1.71831085 46.40276492 2.50584212 2.01003106 1.453708685716e-02 9.174451020822e-01 1.900393284803e+04 6.346350137307e+00 2.943295327978e-03
25 38 2 2.88443280 1.71831085 46.40276492 2.50584212 2.01003106 1.828973582663e-02 1.044527096188e+00 1.895252237573e+04 6.498009899697e+00 2.579981994172e-03
25 39 2 2.88443280 1.71831085 46.40276492 2.50584212 2.01003106 2.229082943545e-02 1.307684183741e+00 1.904554216045e+04 6.664686725809e+00 2.529811399858e-03
25 40 2 2.88443280 1.71831085 46.40276492 2.50584212 2.01003106 2.621345534085e-02 1.622874136810e+00 1.929853306324e+04 6.853898188011e+00 2.444571711365e-03
25 41 2 2.88443280 1.71831085 46.40276492 2.50584212 2.01003106 3.088752391850e-02 1.889626209645e+00 1.970291310023e+04 7.063504245607e+00 2.112500814119e-03
25 42 2 2.88443280 1.71831085 46.40276492 2.50584212 2.01003106 3.797058042791e-02 2.033466133769e+00 2.025493198721e+04 7.287088745303e+00 2.158331723541e-03
25 43 2 2.88443280 1.71831085 46.40276492 2.50584212 2.01003106 4.878082203424e-02 2.029869620612e+00 2.093664098908e+04 7.522064284699e+00 3.349810650736e-03
25 44 2 2.88443280 1.71831085 46.40276492 2.50584212 2.01003106 6.331997332935e-02 1.898368062260e+00 2.167967535708e+04 7.774516840839e+00 5.435787624879e-03
25 45 2 2.88443280 1.71831085 46.40276492 2.50584212 2.01003106 8.036542812745e-02 1.684061428415e+00 2.237364949032e+04 8.056841175582e+00 7.513966252742e-03
25 46 2 2.88443280 1.71831085 46.40276492 2.50584212 2.01003106 9.846717262528e-02 1.450250394790e+00 2.295070614046e+04 8.378985809919e+00 9.132235960125e-03
25 47 2 2.88443280 1.71831085 46.40276492 2.50584212 2.01003106 1.168411363570e-01 1.278931564798e+00 2.342843956508e+04 8.738691326861e+00 1.016908763474e-02
25 48 2 2.88443280 1.71831085 46.40276492 2.50584212 2.01003106 1.353779027230e-01 1.255757555515e+00 2.388793602068e+04 9.117460448850e+00 1.022291161697e-02
25 49 2 2.88443280 1.71831085 46.40276492 2.50584212 2.01003106 1.539646282818e-01 1.433983818609e+00 2.440388821888e+04 9.485991973986e+00 8.968586653091e-03
25 50 2 2.88443280 1.71831085 46.40276492 2.50584212 2.01003106 1.719415553754e-01 1.800454866966e+00 2.500223785648e+04 9.817040768584e+00 6.644084797268e-03
25 51 2 2.88443280 1.71831085 46.40276492 2.50584212 2.01003106 1.881808012039e-01 2.267137932608e+00 2.565168513059e+04 1.009866504707e+01 3.882366094693e-03
25 52 2 2.88443280 1.71831085 46.40276492 2.50584212 2.01003106 2.015258381773e-01 2.693940356367e+00 2.630884730077e+04 1.033991579746e+01 1.713159807468e-03
25 53 2 2.88443280 1.71831085 46.40276492 2.50584212 2.01003106 2.110950217110e-01 2.939046845130e+00 2.695113709428e+04 1.056514109759e+01 1.405361241462e-03
25 54 2 2.88443280 1.71831085 46.40276492 2.50584212 2.01003106 2.163799447820e-01 2.922832691190e+00 2.754868521078e+04 1.079994836602e+01 3.152908578162e-03
25 55 2 2.88443280 1.71831085 46.40276492 2.50584212 2.01003106 2.174219604695e-01 2.670283701933e+00 2.808129226293e+04 1.105724531727e+01 5.333296443696e-03
25 56 2 2.88443280 1.71831085 46.40276492 2.50584212 2.01003106 2.150700227497e-01 2.298223273128e+00 2.855264746744e+04 1.133207381833e+01 6.193685257962e-03
25 57 2 2.88443280 1.71831085 46.40276492 2.50584212 2.01003106 2.108413129665e-01 1.958608032784e+00 2.897647471296e+04 1.160862862576e+01 5.664374486400e-03
25 58 2 2.88443280 1.71831085 46.40276492 2.50584212 2.01003106 2.060781452666e-01 1.785507574141e+00 2.933686928579e+04 1.187502265024e+01 4.679053312585e-03
25 59 2 2.88443280 1.71831085 46.40276492 2.50584212 2.01003106 2.009533537197e-01 1.868976639811e+00 2.958039624217e+04 1.213599038447e+01 3.710312159124e-03
25 60 2 2.88443280 1.71831085 46.40276492 2.50584212 2.01003106 1.943905688221e-01 2.236505984333e+00 2.973482738867e+04 1.241450246753e+01 2.719255473879e-03
25 61 2 2.88443280 1.71831085 46.40276492 2.50584212 2.01003106 1.852755288290e-01 2.831640610135e+00 2.998543330761e+04 1.274008986091e+01 1.644166815786e-03
25 62 2 2.88443280 1.71831085 46.40276492 2.50584212 2.01003106 1.739758612095e-01 3.514572937722e+00 3.057271010908e+04 1.313045232092e+01 6.852791437667e-04
25 63 2 2.88443280 1.71831085 46.40276492 2.50584212 2.01003106 1.626608053439e-01 4.101252727996e+00 3.160192959766e+04 1.357800517276e+01 7.479631407265e-04
29 0 2 2.36578837 1.34203586 3.72124345 1.57863547 1.33412183 1.695644858294e-05 1.164506881880e+00 5.891200708032e+01 1.596712503033e+00 1.526294271746e-03
29 1 2 2.36578837 1.34203586 3.72124345 1.57863547 1.33412183 1.750256495959e-05 1.150760933480e+00 5.712244830359e+01 1.559695796493e+00 1.854545811572e-03
29 2 2 2.36578837 1.34203586 3.72124345 1.57863547 1.33412183 1.800094572255e-05 1.114689886095e+00 5.567564075764e+01 1.527590167588e+00 2.080140350839e-03
29 3 2 2.36578837 1.34203586 3.72124345 1.57863547 1.33412183 1.845030774575e-05 1.053007396794e+00 5.356330842611e+01 1.498760738262e+00 1.969693982749e-03
29 4 2 2.36578837 1.34203586 3.72124345 1.57863547 1.33412183 1.884998406300e-05 9.862154656088e-01 5.178596594515e+01 1.471704378835e+00 1.601564260780e-03
29 5 2 2.36578837 1.34203586 3.72124345 1.57863547 1.33412183 1.919990250455e-05 9.371993116482e-01 5.045016892834e+01 1.445122103930e+00 1.541839080882e-03
29 6 2 2.36578837 1.34203586 3.72124345 1.57863547 1.33412183 1.950055965495e-05 9.088946353725e-01 4.833551535576e+01 1.417965783904e+00 1.943006919144e-03
29 7 2 2.36578837 1.34203586 3.72124345 1.57863547 1.33412183 1.975299043579e-05 8.901429829923e-01 4.636586581304e+01 1.389460122606e+00 2.289610091197e-03
29 8 2 2.36578837 1.34203586 3.72124345 1.57863547 1.33412183 1.995873364797e-05 8.679892879745e-01 4.475723783827e+01 1.359102859010e+00 2.313301585829e-03
29 9 2 2.36578837 1.34203586 3.72124345 1.57863547 1.33412183 2.011979383587e-05 8.329739691365e-01 4.266358022696e+01 1.326647505082e+00 2.270072078273e-03
29 10 2 2.36578837 1.34203586 3.72124345 1.57863547 1.33412183 2.023859986134e-05 7.881991516759e-01 4.096021353761e+01 1.292073601047e+00 2.211958336069e-03
29 11 2 2.36578837 1.34203586 3.72124345 1.57863547 1.33412183 2.031796059668e-05 7.492431878297e-01 3.964856911376e+01 1.255549502467e+00 1.921576729500e-03
29 12 2 2.36578837 1.34203586 3.72124345 1.57863547 1.33412183 2.036101816493e-05 7.257756166543e-01 3.801732838349e+01 1.217392227287e+00 1.553367821837e-03
29 13 2 2.36578837 1.34203586 3.72124345 1.57863547 1.33412183 2.037119917071e-05 7.125693954523e-01 3.644043864938e+01 1.178028042556e+00 1.450181505876e-03
29 14 2 2.36578837 1.34203586 3.72124345 1.57863547 1.33412183 2.035216437638e-05 7.000549878863e-01 3.555253400738e+01 1.137956431887e+00 1.482358170719e-03
29 15 2 2.36578837 1.34203586 3.72124345 1.57863547 1.33412183 2.030775728674e-05 6.812543654915e-01 3.445086617643e+01 1.097719018287e+00 1.388194090445e-03
29 16 2 2.36578837 1.34203586 3.72124345 1.57863547 1.33412183 2.024195210970e-05 6.527295402583e-01 3.344785630086e+01 1.057874056418e+00 1.453554143176e-03
29 17 2 2.36578837 1.34203586 3.72124345 1.57863547 1.33412183 2.015880156136e-05 6.200997503678e-01 3.279135231052e+01 1.018976345963e+00 2.073128296895e-03
29 18 2 2.36578837 1.34203586 3.72124345 1.57863547 1.33412183 2.006238498113e-05 5.955093172037e-01 3.204102606546e+01 9.815619002035e-01 3.034971340830e-03
29 19 2 2.36578837 1.34203586 3.72124345 1.57863547 1.33412183 1.995675721630e-05 5.837242350391e-01 3.119748719106e+01 9.461364345863e-01 3.905072454424e-03
29 20 2 2.36578837 1.34203586 3.72124345 1.57863547 1.33412183 1.984589872565e-05 5.784359158084e-01 3.098090966447e+01 9.131666876696e-01 4.603868532684e-03
29 21 2 2.36578837 1.34203586 3.72124345 1.57863547 1.33412183 1.973366733825e-05 5.708502790876e-01 3.033723137610e+01 8.830736969910e-01 5.039741836510e-03
29 22 2 2.36578837 1.34203586 3.72124345 1.57863547 1.33412183 1.962375208753e-05 5.547401127938e-01 2.956533682741e+01 8.562273611461e-01 4.844760331169e-03
29 23 2 2.36578837 1.34203586 3.72124345 1.57863547 1.33412183 1.951962952031e-05 5.302295575397e-01 2.907528205935e+01 8.329418646769e-01 4.057627212077e-03
29 24 2 2.36578837 1.34203586 3.72124345 1.57863547 1.33412183 1.942452285846e-05 5.079829736698e-01 2.850951573743e+01 8.134717738036e-01 3.399532954688e-03
29 25 2 2.36578837 1.34203586 3.72124345 1.57863547 1.33412183 1.934136436462e-05 5.002126249489e-01 2.760364055578e+01 7.980087948243e-01 3.342378423385e-03
29 26 2 2.36578837 1.34203586 3.72124345 1.57863547 1.33412183 1.927276123569e-05 5.054690219752e-01 2.729528121436e+01 7.866793075340e-01 3.514344069130e-03
29 27 2 2.36578837 1.34203586 3.72124345 1.57863547 1.33412183 1.922096531681e-05 5.105087609320e-01 2.688176655474e+01 7.795428435262e-01 3.386624822107e-03
29 28 2 2.36578837 1.34203586 3.72124345 1.57863547 1.33412183 1.918784689579e-05 5.049378057817e-01 2.637781882658e+01 7.765916852366e-01 2.886674402026e-03
29 29 2 2.36578837 1.34203586 3.72124345 1.57863547 1.33412183 1.917487280319e-05 4.892770526310e-01 2.626157001754e+01 7.777517330586e-01 2.093976893685e-03
29 30 2 2.36578837 1.34203586 3.72124345 1.57863547 1.33412183 1.918308900671e-05 4.750715393069e-01 2.620249799004e+01 7.828847418251e-01 1.079622043038e-03
29 31 2 2.36578837 1.34203586 3.72124345 1.57863547 1.33412183 1.921310785045e-05 4.780457324286e-01 2.595722938796e+01 7.917919774547e-01 2.776041953504e-04
29 32 2 2.36578837 1.34203586 3.72124345 1.57863547 1.33412183 1.926510005086e-05 5.023529505905e-01 2.657226006415e+01 8.042192966601e-01 2.874173990407e-04
29 33 2 2.36578837 1.34203586 3.72124345 1.57863547 1.33412183 1.933879152099e-05 5.333135588814e-01 2.711816584956e+01 8.198636086639e-01 1.101325121243e-03
29 34 2 2.36578837 1.34203586 3.72124345 1.57863547 1.33412183 1.943346505440e-05 5.527174571270e-01 2.736055154670e+01 8.383806354592e-01 2.115896001285e-03
29 35 2 2.36578837 1.34203586 3.72124345 1.57863547 1.33412183 1.954796685913e-05 5.563643310772e-01 2.795827543203e+01 8.593938431916e-01 2.907031726051e-03
29 36 2 2.36578837 1.34203586 3.72124345 1.57863547 1.33412183 1.968071789181e-05 5.535662755360e-01 2.852196570415e+01 8.825043708662e-01 3.406864446037e-03
29 37 2 2.36578837 1.34203586 3.72124345 1.57863547 1.33412183 1.982972990129e-05 5.575747525819e-01 2.879201223340e+01 9.073017372316e-01 3.532194693014e-03
29 38 2 2.36578837 1.34203586 3.72124345 1.57863547 1.33412183 1.999262605185e-05 5.761001174537e-01 2.952535523469e+01 9.333750704167e-01 3.367435492522e-03
29 39 2 2.36578837 1.34203586 3.72124345 1.57863547 1.33412183 2.016666595714e-05 6.029525689045e-01 3.011144514086e+01 9.603245888371e-01 3.461186318220e-03
29 40 2 2.36578837 1.34203586 3.72124345 1.57863547 1.33412183 2.034877491849e-05 6.226497249352e-01 3.034446874303e+01 9.877730770061e-01 4.173653409605e-03
29 41 2 2.36578837 1.34203586 3.72124345 1.57863547 1.33412183 2.053557712550e-05 6.281996028524e-01 3.097369125521e+01 1.015377152773e+00 4.992754909513e-03
29 42 2 2.36578837 1.34203586 3.72124345 1.57863547 1.33412183 2.072343254236e-05 6.272414029346e-01 3.162143344789e+01 1.042838211284e+00 5.182257282333e-03
29 43 2 2.36578837 1.34203586 3.72124345 1.57863547 1.33412183 2.090847717138e-05 6.305978597250e-01 3.196622580260e+01 1.069913042396e+00 4.725957034367e-03
29 44 2 2.36578837 1.34203586 3.72124345 1.57863547 1.33412183 2.108666635534e-05 6.442168568064e-01 3.284217064360e+01 1.096424227282e+00 4.004130500417e-03
29 45 2 2.36578837 1.34203586 3.72124345 1.57863547 1.33412183 2.125382075287e-05 6.678653834744e-01 3.405300201929e+01 1.122270492055e+00 3.100426948146e-03
29 46 2 2.36578837 1.34203586 3.72124345 1.57863547 1.33412183 2.140567459648e-05 6.926484862790e-01 3.489882588518e+01 1.147437192852e+00 2.107811867997e-03
29 47 2 2.36578837 1.34203586 3.72124345 1.57863547 1.33412183 2.153792582120e-05 7.072370709396e-01 3.621103930817e+01 1.172006993508e+00 1.487074548150e-03
29 48 2 2.36578837 1.34203586 3.72124345 1.57863547 1.33412183 2.164628763312e-05 7.115590169416e-01 3.764936098525e+01 1.196170552326e+00 1.438189392422e-03
29 49 2 2.36578837 1.34203586 3.72124345 1.57863547 1.33412183 2.172654107180e-05 7.160197408865e-01 3.892768616809e+01 1.220236659112e+00 1.533991075688e-03
29 50 2 2.36578837 1.34203586 3.72124345 1.57863547 1.33412183 2.177458810834e-05 7.295040536342e-01 4.055116929819e+01 1.244640786508e+00 1.497973145088e-03
29 51 2 2.36578837 1.34203586 3.72124345 1.57863547 1.33412183 2.178650481267e-05 7.560026434036e-01 4.248148310116e+01 1.269950500461e+00 1.621055210424e-03
29 52 2 2.36578837 1.34203586 3.72124345 1.57863547 1.33412183 2.175859411827e-05 7.932743031825e-01 4.375275365160e+01 1.296865700582e+00 2.019149478238e-03
29 53 2 2.36578837 1.34203586 3.72124345 1.57863547 1.33412183 2.168743771144e-05 8.288035787320e-01 4.536196545070e+01 1.326211338403e+00 2.321278603676e-03
29 54 2 2.36578837 1.34203586 3.72124345 1.57863547 1.33412183 2.156994657422e-05 8.507308154077e-01 4.726739275292e+01 1.358920200566e+00 2.386928064952e-03
29 55 2 2.36578837 1.34203586 3.72124345 1.57863547 1.33412183 2.140340971611e-05 8.644030066355e-01 4.880100716458e+01 1.396003641806e+00 2.449063672091e-03
29 56 2 2.36578837 1.34203586 3.72124345 1.57863547 1.33412183 2.118554063935e-05 8.859227773412e-01 5.015672800098e+01 1.438508872851e+00 2.427540726837e-03
29 57 2 2.36578837 1.34203586 3.72124345 1.57863547 1.33412183 2.091452109514e-05 9.250456785387e-01 5.207779495428e+01 1.487462563861e+00 2.055512837128e-03
29 58 2 2.36578837 1.34203586 3.72124345 1.57863547 1.33412183 2.058904170536e-05 9.811536222249e-01 5.318558533966e+01 1.543802063195e+00 1.647232966520e-03
29 59 2 2.36578837 1.34203586 3.72124345 1.57863547 1.33412183 2.020833904387e-05 1.042186741256e+00 5.467918084512e+01 1.608297333388e+00 1.738863518680e-03
29 60 2 2.36578837 1.34203586 3.72124345 1.57863547 1.33412183 1.977222879485e-05 1.087166414892e+00 5.677430215857e+01 1.681468585592e+00 2.130416080372e-03
29 61 2 2.36578837 1.34203586 3.72124345 1.57863547 1.33412183 1.928113463223e-05 1.107786452640e+00 5.846088312038e+01 1.763506315065e+00 2.227147295120e-03
29 62 2 2.36578837 1.34203586 3.72124345 1.57863547 1.33412183 1.873611249324e-05 1.122610769178e+00 6.012063498001e+01 1.854201743867e+00 1.980865611376e-03
29 63 2 2.36578837 1.34203586 3.72124345 1.57863547 1.33412183 1.813886995166e-05 1.157288864098e+00 6.276751620599e+01 1.952896310944e+00 1.636103354466e-03
