# environment=00129 local_bs=2 gain_scale=4.571759494711e-15
# ue subcarrier serving_bs phi0 phi1 phi2 phi3 phi4 gain0 gain1 gain2 gain3 gain4
0 0 2 1.05633625 0.60042859 0.60288657 0.47474970 0.73503987 9.976546848288e-02 1.040071980587e-04 2.308137603313e+01 2.236584393419e-05 7.430501428578e-04
0 1 2 1.05633625 0.60042859 0.60288657 0.47474970 0.73503987 9.611112918705e-02 7.442966668093e-05 2.280903094315e+01 1.546307584743e-05 1.034939741993e-03
0 2 2 1.05633625 0.60042859 0.60288657 0.47474970 0.73503987 9.257735160873e-02 4.864961055964e-05 2.251291079110e+01 4.476531738171e-06 1.932007277492e-03
0 3 2 1.05633625 0.60042859 0.60288657 0.47474970 0.73503987 8.916415271962e-02 2.934461537347e-05 2.214693211958e+01 9.238972823859e-07 8.303717174287e-04
0 4 2 1.05633625 0.60042859 0.60288657 0.47474970 0.73503987 8.587154891236e-02 1.756054811437e-05 2.170031174158e+01 6.346174776051e-06 2.390957997226e-03
0 5 2 1.05633625 0.60042859 0.60288657 0.47474970 0.73503987 8.269955600039e-02 1.280735031208e-05 2.120589455927e+01 1.203561020806e-05 2.515843709321e-03
0 6 2 1.05633625 0.60042859 0.60288657 0.47474970 0.73503987 7.964818921788e-02 1.348421707871e-05 2.072034587389e+01 1.112899072641e-05 3.288175385361e-03
0 7 2 1.05633625 0.60042859 0.60288657 0.47474970 0.73503987 7.671746321970e-02 1.747682687279e-05 2.029028354565e+01 6.008991890485e-06 5.732208085897e-04
0 8 2 1.05633625 0.60042859 0.60288657 0.47474970 0.73503987 7.390739208128e-02 2.274720598190e-05 1.992651781151e+01 2.659076912709e-06 2.779385076858e-04
0 9 2 1.05633625 0.60042859 0.60288657 0.47474970 0.73503987 7.121798929859e-02 2.776631332850e-05 1.960213293301e+01 2.184022862953e-06 1.399102482901e-03
0 10 2 1.05633625 0.60042859 0.60288657 0.47474970 0.73503987 6.864926778810e-02 3.170607690348e-05 1.927416156908e+01 1.525421775985e-06 3.905818688611e-03
0 11 2 1.05633625 0.60042859 0.60288657 0.47474970 0.73503987 6.620123988660e-02 3.438802414293e-05 1.891376632739e+01 2.526942204543e-07 3.638128622011e-03
0 12 2 1.05633625 0.60042859 0.60288657 0.47474970 0.73503987 6.387391735132e-02 3.605526154147e-05 1.852542718352e+01 1.821684842925e-06 4.151735932833e-03
0 13 2 1.05633625 0.60042859 0.60288657 0.47474970 0.73503987 6.166731135970e-02 3.707488279409e-05 1.814373983033e+01 7.379134928649e-06 2.272519648900e-03
0 14 2 1.05633625 0.60042859 0.60288657 0.47474970 0.73503987 5.958143250947e-02 3.768115097416e-05 1.781116016651e+01 1.217314982054e-05 2.783610896414e-03
0 15 2 1.05633625 0.60042859 0.60288657 0.47474970 0.73503987 5.761629081848e-02 3.783991906961e-05 1.755174035391e+01 1.088056646747e-05 1.835966948214e-03
0 16 2 1.05633625 0.60042859 0.60288657 0.47474970 0.73503987 5.577189572477e-02 3.726473407995e-05 1.735749153809e+01 4.778867786563e-06 2.401060060394e-03
0 17 2 1.05633625 0.60042859 0.60288657 0.47474970 0.73503987 5.404825608645e-02 3.556210596337e-05 1.719515822783e+01 5.864841870928e-07 2.097284828614e-03
0 18 2 1.05633625 0.60042859 0.60288657 0.47474970 0.73503987 5.244538018165e-02 3.244339106019e-05 1.702807109813e+01 2.288067636275e-06 4.503957044536e-03
0 19 2 1.05633625 0.60042859 0.60288657 0.47474970 0.73503987 5.096327570855e-02 2.792381145188e-05 1.683873804595e+01 6.737196877927e-06 5.701459631603e-03
0 20 2 1.05633625 0.60042859 0.60288657 0.47474970 0.73503987 4.960194978527e-02 2.243762323219e-05 1.663820987468e+01 8.298180565014e-06 7.446473722126e-03
0 21 2 1.05633625 0.60042859 0.60288657 0.47474970 0.73503987 4.836140894987e-02 1.682721386307e-05 1.645718006915e+01 5.702801940408e-06 4.984180355705e-03
0 22 2 1.05633625 0.60042859 0.60288657 0.47474970 0.73503987 4.724165916032e-02 1.220279447755e-05 1.632525613686e+01 2.355497765886e-06 3.025143152772e-03
0 23 2 1.05633625 0.60042859 0.60288657 0.47474970 0.73503987 4.624270579445e-02 9.706669977795e-06 1.625173271781e+01 1.026066881110e-06 2.042654648395e-03
0 24 2 1.05633625 0.60042859 0.60288657 0.47474970 0.73503987 4.536455364997e-02 1.024196951579e-05 1.621960524634e+01 9.313926339972e-07 3.840595620197e-03
0 25 2 1.05633625 0.60042859 0.60288657 0.47474970 0.73503987 4.460720694437e-02 1.423452714364e-05 1.619594262104e+01 5.097484525020e-07 4.216001662796e-03
0 26 2 1.05633625 0.60042859 0.60288657 0.47474970 0.73503987 4.397066931499e-02 2.148765785198e-05 1.615166318612e+01 6.549879768131e-07 4.321699506967e-03
0 27 2 1.05633625 0.60042859 0.60288657 0.47474970 0.73503987 4.345494381893e-02 3.116663717230e-05 1.607834358548e+01 3.168040605101e-06 4.016646278986e-03
0 28 2 1.05633625 0.60042859 0.60288657 0.47474970 0.73503987 4.306003293308e-02 4.191934578276e-05 1.599194131469e+01 6.951905241425e-06 5.764704654804e-03
0 29 2 1.05633625 0.60042859 0.60288657 0.47474970 0.73503987 4.278593855408e-02 5.210921897467e-05 1.592154530029e+01 8.225597384550e-06 6.507512845902e-03
0 30 2 1.05633625 0.60042859 0.60288657 0.47474970 0.73503987 4.263266199833e-02 6.011286068429e-05 1.589035168622e+01 5.258461182331e-06 4.511406271594e-03
0 31 2 1.05633625 0.60042859 0.60288657 0.47474970 0.73503987 4.260020400198e-02 6.462184651034e-05 1.590057468123e+01 1.217354487808e-06 2.104599841349e-03
0 32 2 1.05633625 0.60042859 0.60288657 0.47474970 0.73503987 4.268856472090e-02 6.488814033762e-05 1.593140213367e+01 7.471535389209e-07 1.319059185584e-03
0 33 2 1.05633625 0.60042859 0.60288657 0.47474970 0.73503987 4.289774373073e-02 6.086445845866e-05 1.595109869149e+01 4.338879086036e-06 3.277718055357e-03
0 34 2 1.05633625 0.60042859 0.60288657 0.47474970 0.73503987 4.322774002684e-02 5.321206881080e-05 1.593579007668e+01 7.761564217196e-06 4.950744931050e-03
0 35 2 1.05633625 0.60042859 0.60288657 0.47474970 0.73503987 4.367855202436e-02 4.317475561676e-05 1.588343454044e+01 7.272357370546e-06 4.843700988482e-03
0 36 2 1.05633625 0.60042859 0.60288657 0.47474970 0.73503987 4.425017755815e-02 3.234414307799e-05 1.581439071305e+01 3.809745486687e-06 2.908619902136e-03
0 37 2 1.05633625 0.60042859 0.60288657 0.47474970 0.73503987 4.494261388287e-02 2.236334348300e-05 1.575810886693e+01 1.046691930835e-06 3.054837039063e-03
0 38 2 1.05633625 0.60042859 0.60288657 0.47474970 0.73503987 4.575585767294e-02 1.462869963027e-05 1.573396955448e+01 5.588330838112e-07 2.618126794866e-03
0 39 2 1.05633625 0.60042859 0.60288657 0.47474970 0.73503987 4.668990502258e-02 1.005029937422e-05 1.573803256805e+01 8.350556469536e-07 2.446198423639e-03
0 40 2 1.05633625 0.60042859 0.60288657 0.47474970 0.73503987 4.774475144583e-02 8.920052083899e-06 1.574405932298e+01 8.227215598488e-07 7.552797699482e-04
0 41 2 1.05633625 0.60042859 0.60288657 0.47474970 0.73503987 4.892039187655e-02 1.091307180438e-05 1.571852227723e+01 2.018451147727e-06 1.195535924430e-03
0 42 2 1.05633625 0.60042859 0.60288657 0.47474970 0.73503987 5.021682066849e-02 1.521819925756e-05 1.564058303727e+01 5.567913630458e-06 2.531981210424e-03
0 43 2 1.05633625 0.60042859 0.60288657 0.47474970 0.73503987 5.163403159525e-02 2.076316207310e-05 1.551462464414e+01 8.915970597523e-06 4.436028783007e-03
0 44 2 1.05633625 0.60042859 0.60288657 0.47474970 0.73503987 5.317201785039e-02 2.647654012201e-05 1.536719672837e+01 8.067160286594e-06 3.200098182918e-03
0 45 2 1.05633625 0.60042859 0.60288657 0.47474970 0.73503987 5.483077204738e-02 3.151900812297e-05 1.522981293543e+01 3.373911287145e-06 2.357608680362e-03
0 46 2 1.05633625 0.60042859 0.60288657 0.47474970 0.73503987 5.661028621971e-02 3.542416966189e-05 1.511810248445e+01 4.835132999381e-07 6.737972961810e-04
0 47 2 1.05633625 0.60042859 0.60288657 0.47474970 0.73503987 5.851055182086e-02 3.811423871520e-05 1.502056715327e+01 3.762145649829e-06 9.763128446596e-04
0 48 2 1.05633625 0.60042859 0.60288657 0.47474970 0.73503987 6.053155972441e-02 3.979245856339e-05 1.490456633512e+01 1.029305524626e-05 8.456839538659e-04
0 49 2 1.05633625 0.60042859 0.60288657 0.47474970 0.73503987 6.267330022403e-02 4.075285563622e-05 1.473635744005e+01 1.291040342101e-05 1.889656135950e-03
0 50 2 1.05633625 0.60042859 0.60288657 0.47474970 0.73503987 6.493576303353e-02 4.117710878169e-05 1.450278388575e+01 8.879950743109e-06 1.694054136722e-03
0 51 2 1.05633625 0.60042859 0.60288657 0.47474970 0.73503987 6.731893728697e-02 4.099767696300e-05 1.422060885832e+01 2.849402237629e-06 3.646571006491e-03
0 52 2 1.05633625 0.60042859 0.60288657 0.47474970 0.73503987 6.982281153862e-02 3.989034940910e-05 1.392696246721e+01 3.628749927429e-07 2.884487159027e-03
0 53 2 1.05633625 0.60042859 0.60288657 0.47474970 0.73503987 7.244737376310e-02 3.741986159156e-05 1.365645751453e+01 1.265637245911e-06 3.124390363473e-03
0 54 2 1.05633625 0.60042859 0.60288657 0.47474970 0.73503987 7.519261135535e-02 3.330887558111e-05 1.341950903964e+01 2.007270789805e-06 6.294810601501e-04
0 55 2 1.05633625 0.60042859 0.60288657 0.47474970 0.73503987 7.805851113082e-02 2.774918169885e-05 1.319618380689e+01 2.397068276985e-06 7.112911166545e-04
0 56 2 1.05633625 0.60042859 0.60288657 0.47474970 0.73503987 8.104505932538e-02 2.164196371656e-05 1.295020484138e+01 5.702417612825e-06 1.881789686886e-03
0 57 2 1.05633625 0.60042859 0.60288657 0.47474970 0.73503987 8.415224159548e-02 1.665520793799e-05 1.265454183333e+01 1.163524572848e-05 5.813976851466e-03
0 58 2 1.05633625 0.60042859 0.60288657 0.47474970 0.73503987 8.738004301821e-02 1.502581843063e-05 1.231196438971e+01 1.397028935033e-05 4.389830779708e-03
0 59 2 1.05633625 0.60042859 0.60288657 0.47474970 0.73503987 9.072844809136e-02 1.910489085666e-05 1.195664172419e+01 8.676836178489e-06 4.433838039035e-03
0 60 2 1.05633625 0.60042859 0.60288657 0.47474970 0.73503987 9.419744073349e-02 3.072872194483e-05 1.163500972146e+01 1.663537387169e-06 2.260431653887e-03
0 61 2 1.05633625 0.60042859 0.60288657 0.47474970 0.73503987 9.778700428402e-02 5.057029874636e-05 1.137795523870e+01 3.149762845420e-06 4.271523409067e-03
0 62 2 1.05633625 0.60042859 0.60288657 0.47474970 0.73503987 1.014971215033e-01 7.766125984956e-05 1.118264587582e+01 1.408090486742e-05 2.797959108012e-03
0 63 2 1.05633625 0.60042859 0.60288657 0.47474970 0.73503987 1.053277745727e-01 1.092560706628e-04 1.101649863715e+01 2.320544718452e-05 2.305243464222e-03
1 0 2 0.44014678 0.63735411 1.70865125 0.46439490 0.47718874 1.228913425624e-04 1.178250916981e+00 5.778175455274e+02 1.823500735428e+00 2.169442469342e-04
1 1 2 0.44014678 0.63735411 1.70865125 0.46439490 0.47718874 1.289376051900e-04 1.703897677548e+00 5.455322364062e+02 1.804105868181e+00 3.262657379554e-04
1 2 2 0.44014678 0.63735411 1.70865125 0.46439490 0.47718874 1.328172208610e-04 2.495444151275e+00 4.655058916264e+02 1.766432804682e+00 3.741868071319e-04
1 3 2 0.44014678 0.63735411 1.70865125 0.46439490 0.47718874 1.342569972373e-04 2.947978245340e+00 4.871641131197e+02 1.719967483513e+00 3.408563342607e-04
1 4 2 0.44014678 0.63735411 1.70865125 0.46439490 0.47718874 1.331537480627e-04 2.783796847431e+00 5.524175187446e+02 1.678076808871e+00 3.853501645594e-04
1 5 2 0.44014678 0.63735411 1.70865125 0.46439490 0.47718874 1.295671587277e-04 2.053388063880e+00 5.980024141249e+02 1.626762481758e+00 4.956755789072e-04
1 6 2 0.44014678 0.63735411 1.70865125 0.46439490 0.47718874 1.237034862226e-04 1.336775819125e+00 5.418207061641e+02 1.547848188149e+00 6.293594185023e-04
1 7 2 0.44014678 0.63735411 1.70865125 0.46439490 0.47718874 1.158918635928e-04 1.073247183085e+00 4.516801322794e+02 1.446650068865e+00 6.183044164703e-04
1 8 2 0.44014678 0.63735411 1.70865125 0.46439490 0.47718874 1.065552956165e-04 1.411719180150e+00 4.994721173474e+02 1.355740002992e+00 5.786782459356e-04
1 9 2 0.44014678 0.63735411 1.70865125 0.46439490 0.47718874 9.617858479721e-05 2.040015748139e+00 5.602990812903e+02 1.306942714560e+00 5.783770401427e-04
1 10 2 0.44014678 0.63735411 1.70865125 0.46439490 0.47718874 8.527541804956e-05 2.537566933805e+00 4.897172091109e+02 1.295896182418e+00 6.958453567500e-04
1 11 2 0.44014678 0.63735411 1.70865125 0.46439490 0.47718874 7.435668887302e-05 2.428492272236e+00 4.052441202219e+02 1.295903128248e+00 7.021538835867e-04
1 12 2 0.44014678 0.63735411 1.70865125 0.46439490 0.47718874 6.390185087757e-05 1.800430516052e+00 3.644154641957e+02 1.286152516282e+00 6.056549432629e-04
1 13 2 0.44014678 0.63735411 1.70865125 0.46439490 0.47718874 5.433472670785e-05 1.086626888622e+00 3.711756825988e+02 1.265827687690e+00 4.644701968451e-04
1 14 2 0.44014678 0.63735411 1.70865125 0.46439490 0.47718874 4.600476638740e-05 7.544809660348e-01 3.797111088187e+02 1.243962482675e+00 5.033520703769e-04
1 15 2 0.44014678 0.63735411 1.70865125 0.46439490 0.47718874 3.917429687628e-05 8.970688055605e-01 2.974190857472e+02 1.214822433512e+00 5.118619518366e-04
1 16 2 0.44014678 0.63735411 1.70865125 0.46439490 0.47718874 3.401186476121e-05 1.327885456403e+00 2.262986654157e+02 1.166979734097e+00 4.453389038409e-04
1 17 2 0.44014678 0.63735411 1.70865125 0.46439490 0.47718874 3.059137705587e-05 1.668220733291e+00 2.564865948160e+02 1.100987205834e+00 2.863576595367e-04
1 18 2 0.44014678 0.63735411 1.70865125 0.46439490 0.47718874 2.889641564073e-05 1.594488105373e+00 2.742904073564e+02 1.035426792973e+00 3.487148271754e-04
1 19 2 0.44014678 0.63735411 1.70865125 0.46439490 0.47718874 2.882885600199e-05 1.144416392020e+00 2.351974323051e+02 9.947052502348e-01 4.136859639462e-04
1 20 2 0.44014678 0.63735411 1.70865125 0.46439490 0.47718874 3.022076946327e-05 6.376219397135e-01 1.958825258996e+02 9.837515890272e-01 4.218177832816e-04
1 21 2 0.44014678 0.63735411 1.70865125 0.46439490 0.47718874 3.284853054757e-05 3.724598838553e-01 1.925895446213e+02 9.905518213954e-01 3.359033810780e-04
1 22 2 0.44014678 0.63735411 1.70865125 0.46439490 0.47718874 3.644808023540e-05 4.265657182506e-01 2.439110716354e+02 1.000435603845e+00 5.244140961763e-04
1 23 2 0.44014678 0.63735411 1.70865125 0.46439490 0.47718874 4.073039795552e-05 6.565832042353e-01 2.646976167180e+02 1.005971753393e+00 7.295042235799e-04
1 24 2 0.44014678 0.63735411 1.70865125 0.46439490 0.47718874 4.539639155478e-05 8.162296801384e-01 2.174075471246e+02 1.007482979945e+00 8.104462329495e-04
1 25 2 0.44014678 0.63735411 1.70865125 0.46439490 0.47718874 5.015060377413e-05 7.562159825206e-01 2.196081427112e+02 1.000085422412e+00 7.847024831030e-04
1 26 2 0.44014678 0.63735411 1.70865125 0.46439490 0.47718874 5.471333368574e-05 5.140583277803e-01 2.796002868642e+02 9.781490374100e-01 1.076204217981e-03
1 27 2 0.44014678 0.63735411 1.70865125 0.46439490 0.47718874 5.883096121745e-05 2.355268412497e-01 3.050584855742e+02 9.437198183551e-01 1.430130066809e-03
1 28 2 0.44014678 0.63735411 1.70865125 0.46439490 0.47718874 6.228442457603e-05 9.111925432816e-02 2.940707821362e+02 9.079064177321e-01 1.521138459973e-03
1 29 2 0.44014678 0.63735411 1.70865125 0.46439490 0.47718874 6.489592099975e-05 1.551938227331e-01 2.647767148167e+02 8.865655962661e-01 1.408154518533e-03
1 30 2 0.44014678 0.63735411 1.70865125 0.46439490 0.47718874 6.653397339526e-05 3.183916288682e-01 2.727608523339e+02 8.856936282645e-01 1.565372506039e-03
1 31 2 0.44014678 0.63735411 1.70865125 0.46439490 0.47718874 6.711702769452e-05 3.971962544022e-01 3.299034252739e+02 9.028224564291e-01 1.872284572590e-03
1 32 2 0.44014678 0.63735411 1.70865125 0.46439490 0.47718874 6.661572279512e-05 3.188247233038e-01 3.379192044348e+02 9.328941623922e-01 1.843227993520e-03
1 33 2 0.44014678 0.63735411 1.70865125 0.46439490 0.47718874 6.505391653903e-05 1.593090966742e-01 2.809127169702e+02 9.691404132349e-01 1.526800509506e-03
1 34 2 0.44014678 0.63735411 1.70865125 0.46439490 0.47718874 6.250847119763e-05 4.773048495222e-02 2.707882236696e+02 1.004647839576e+00 1.375068836590e-03
1 35 2 0.44014678 0.63735411 1.70865125 0.46439490 0.47718874 5.910771669499e-05 1.069147632345e-01 2.992438260623e+02 1.027836911063e+00 1.488829130898e-03
1 36 2 0.44014678 0.63735411 1.70865125 0.46439490 0.47718874 5.502843632477e-05 3.090252705973e-01 3.100752110123e+02 1.031793211874e+00 1.357402642690e-03
1 37 2 0.44014678 0.63735411 1.70865125 0.46439490 0.47718874 5.049117382915e-05 4.899859040706e-01 2.809583468311e+02 1.022243748643e+00 1.005599744676e-03
1 38 2 0.44014678 0.63735411 1.70865125 0.46439490 0.47718874 4.575365529983e-05 5.126143066172e-01 2.185435723619e+02 1.011894529678e+00 7.337759101586e-04
1 39 2 0.44014678 0.63735411 1.70865125 0.46439490 0.47718874 4.110216289341e-05 4.014583493242e-01 2.208047309950e+02 1.013646005882e+00 7.732074449308e-04
1 40 2 0.44014678 0.63735411 1.70865125 0.46439490 0.47718874 3.684079275952e-05 2.629857084661e-01 2.702681667180e+02 1.029868160675e+00 6.750257428088e-04
1 41 2 0.44014678 0.63735411 1.70865125 0.46439490 0.47718874 3.327867369340e-05 2.459857976373e-01 2.465050995578e+02 1.059803133038e+00 4.771504691238e-04
1 42 2 0.44014678 0.63735411 1.70865125 0.46439490 0.47718874 3.071540655037e-05 4.228385311627e-01 1.978708959335e+02 1.107576429416e+00 3.088438055324e-04
1 43 2 0.44014678 0.63735411 1.70865125 0.46439490 0.47718874 2.942519256761e-05 7.270605717186e-01 2.066702457932e+02 1.174256338059e+00 4.016615333581e-04
1 44 2 0.44014678 0.63735411 1.70865125 0.46439490 0.47718874 2.964033217306e-05 1.004776724403e+00 2.485737431137e+02 1.251137097600e+00 3.858780593190e-04
1 45 2 0.44014678 0.63735411 1.70865125 0.46439490 0.47718874 3.153497255167e-05 1.107181918223e+00 2.882487087559e+02 1.315222931488e+00 3.249156144467e-04
1 46 2 0.44014678 0.63735411 1.70865125 0.46439490 0.47718874 3.521013923880e-05 9.707663352488e-01 2.675997441934e+02 1.348819948261e+00 2.786704645845e-04
1 47 2 0.44014678 0.63735411 1.70865125 0.46439490 0.47718874 4.068118262484e-05 7.348585603862e-01 2.419679995961e+02 1.359135103775e+00 4.387611554071e-04
1 48 2 0.44014678 0.63735411 1.70865125 0.46439490 0.47718874 4.786878619855e-05 6.552242156909e-01 3.299990922014e+02 1.368163365830e+00 5.062765796203e-04
1 49 2 0.44014678 0.63735411 1.70865125 0.46439490 0.47718874 5.659460670220e-05 8.473082386040e-01 4.217958563286e+02 1.394906062373e+00 5.019711988554e-04
1 50 2 0.44014678 0.63735411 1.70865125 0.46439490 0.47718874 6.658244119318e-05 1.226866917382e+00 4.141154137466e+02 1.437561562723e+00 4.745433886856e-04
1 51 2 0.44014678 0.63735411 1.70865125 0.46439490 0.47718874 7.746554446757e-05 1.636465339051e+00 4.039910636315e+02 1.488552311151e+00 6.183457257417e-04
1 52 2 0.44014678 0.63735411 1.70865125 0.46439490 0.47718874 8.880036316758e-05 1.814846122783e+00 4.368392251963e+02 1.556683416721e+00 7.277470206027e-04
1 53 2 0.44014678 0.63735411 1.70865125 0.46439490 0.47718874 1.000865293033e-04 1.668147018492e+00 5.291465129109e+02 1.655808520611e+00 7.371546833807e-04
1 54 2 0.44014678 0.63735411 1.70865125 0.46439490 0.47718874 1.107924924738e-04 1.308403294249e+00 6.037326164937e+02 1.784134680662e+00 6.304409225078e-04
1 55 2 0.44014678 0.63735411 1.70865125 0.46439490 0.47718874 1.203856992226e-04 1.114854563557e+00 5.323312844691e+02 1.908089569398e+00 6.344088021027e-04
1 56 2 0.44014678 0.63735411 1.70865125 0.46439490 0.47718874 1.283657858227e-04 1.192329898534e+00 4.815196417216e+02 1.989937588816e+00 6.908249157325e-04
1 57 2 0.44014678 0.63735411 1.70865125 0.46439490 0.47718874 1.342988745001e-04 1.529395888008e+00 5.824749047087e+02 2.029939993767e+00 7.255913856287e-04
1 58 2 0.44014678 0.63735411 1.70865125 0.46439490 0.47718874 1.378507879537e-04 1.901187557682e+00 6.469494553010e+02 2.060099710929e+00 5.988356700844e-04
1 59 2 0.44014678 0.63735411 1.70865125 0.46439490 0.47718874 1.388168535080e-04 2.121591306017e+00 5.938319857661e+02 2.114179458699e+00 4.749598438833e-04
1 60 2 0.44014678 0.63735411 1.70865125 0.46439490 0.47718874 1.371459793007e-04 1.994605159599e+00 5.167224707571e+02 2.191786163169e+00 4.310871214647e-04
1 61 2 0.44014678 0.63735411 1.70865125 0.46439490 0.47718874 1.329568636342e-04 1.688293158741e+00 4.817082405315e+02 2.273650113261e+00 4.776967881874e-04
1 62 2 0.44014678 0.63735411 1.70865125 0.46439490 0.47718874 1.265445464966e-04 1.376952258350e+00 5.671164836562e+02 2.364456622011e+00 4.319246163568e-04
1 63 2 0.44014678 0.63735411 1.70865125 0.46439490 0.47718874 1.183760182260e-04 1.295760987422e+00 5.908455743796e+02 2.487564793270e+00 2.881832668955e-04
7 0 2 0.47586232 0.78941106 3.38584509 0.54471275 0.53988098 1.603820460130e-03 3.260927413350e+01 9.938634811338e+03 2.972758594786e+00 8.782981194641e-03
7 1 2 0.47586232 0.78941106 3.38584509 0.54471275 0.53988098 1.838873831164e-03 3.033830064190e+01 9.583127829287e+03 2.926285160655e+00 7.306376871320e-03
7 2 2 0.47586232 0.78941106 3.38584509 0.54471275 0.53988098 2.024675187034e-03 2.842038280507e+01 9.158773607332e+03 2.904168314284e+00 5.948816105223e-03
7 3 2 0.47586232 0.78941106 3.38584509 0.54471275 0.53988098 2.136450922852e-03 2.638824485614e+01 8.681350006967e+03 2.885320659756e+00 5.394589579226e-03
7 4 2 0.47586232 0.78941106 3.38584509 0.54471275 0.53988098 2.159856948796e-03 2.408285511423e+01 8.157918662708e+03 2.855563237918e+00 4.919091516921e-03
7 5 2 0.47586232 0.78941106 3.38584509 0.54471275 0.53988098 2.091682870237e-03 2.200078710433e+01 7.600852494828e+03 2.819424080926e+00 3.884304688103e-03
7 6 2 0.47586232 0.78941106 3.38584509 0.54471275 0.53988098 1.939236903760e-03 2.011651392891e+01 7.063410758467e+03 2.789487633407e+00 2.381708768388e-03
7 7 2 0.47586232 0.78941106 3.38584509 0.54471275 0.53988098 1.718599652371e-03 1.824831419985e+01 6.510869828625e+03 2.770497200062e+00 1.470833014175e-03
7 8 2 0.47586232 0.78941106 3.38584509 0.54471275 0.53988098 1.452049303148e-03 1.664415521566e+01 5.963953840657e+03 2.739246626238e+00 1.918506995058e-03
7 9 2 0.47586232 0.78941106 3.38584509 0.54471275 0.53988098 1.165028946427e-03 1.515647101636e+01 5.433004116727e+03 2.703971471183e+00 2.636874553215e-03
7 10 2 0.47586232 0.78941106 3.38584509 0.54471275 0.53988098 8.830446412877e-04 1.365938380501e+01 4.957097591572e+03 2.678742462329e+00 2.368762500714e-03
7 11 2 0.47586232 0.78941106 3.38584509 0.54471275 0.53988098 6.288532149703e-04 1.199559199630e+01 4.511066928896e+03 2.691402894952e+00 2.280341133328e-03
7 12 2 0.47586232 0.78941106 3.38584509 0.54471275 0.53988098 4.202298437426e-04 1.055062941134e+01 4.093962642077e+03 2.718547539009e+00 3.744726443873e-03
7 13 2 0.47586232 0.78941106 3.38584509 0.54471275 0.53988098 2.685095080946e-04 9.553276017069e+00 3.793201724082e+03 2.713776095364e+00 4.967731761028e-03
7 14 2 0.47586232 0.78941106 3.38584509 0.54471275 0.53988098 1.779878070703e-04 8.495279394787e+00 3.551597037692e+03 2.665328441838e+00 3.969604286845e-03
7 15 2 0.47586232 0.78941106 3.38584509 0.54471275 0.53988098 1.461597494317e-04 7.365389407054e+00 3.368505920469e+03 2.597582673713e+00 2.554759234224e-03
7 16 2 0.47586232 0.78941106 3.38584509 0.54471275 0.53988098 1.646826022766e-04 6.276599272587e+00 3.251458425785e+03 2.574653399326e+00 2.840885153702e-03
7 17 2 0.47586232 0.78941106 3.38584509 0.54471275 0.53988098 2.208800426461e-04 5.414187428721e+00 3.190346281538e+03 2.603101533687e+00 3.317021684876e-03
7 18 2 0.47586232 0.78941106 3.38584509 0.54471275 0.53988098 2.995650459845e-04 4.741406271164e+00 3.157990433722e+03 2.652714393019e+00 2.315374433998e-03
7 19 2 0.47586232 0.78941106 3.38584509 0.54471275 0.53988098 3.849492277541e-04 3.995297833785e+00 3.200513387981e+03 2.673924892831e+00 1.207651801725e-03
7 20 2 0.47586232 0.78941106 3.38584509 0.54471275 0.53988098 4.624239463519e-04 3.373320723775e+00 3.289438526182e+03 2.648701283081e+00 1.405694357736e-03
7 21 2 0.47586232 0.78941106 3.38584509 0.54471275 0.53988098 5.200376073828e-04 2.865575332512e+00 3.404886672817e+03 2.602700460390e+00 2.125710663648e-03
7 22 2 0.47586232 0.78941106 3.38584509 0.54471275 0.53988098 5.495466978227e-04 2.385531028207e+00 3.534780212901e+03 2.565223486569e+00 2.284382064815e-03
7 23 2 0.47586232 0.78941106 3.38584509 0.54471275 0.53988098 5.469769927324e-04 1.977573765212e+00 3.694351252101e+03 2.564990842805e+00 1.912503092874e-03
7 24 2 0.47586232 0.78941106 3.38584509 0.54471275 0.53988098 5.126886057643e-04 1.670744497034e+00 3.849015872161e+03 2.600277345949e+00 1.801188051527e-03
7 25 2 0.47586232 0.78941106 3.38584509 0.54471275 0.53988098 4.509881118704e-04 1.486366632176e+00 4.003441602398e+03 2.659666209062e+00 2.514662803708e-03
7 26 2 0.47586232 0.78941106 3.38584509 0.54471275 0.53988098 3.693689360535e-04 1.299328515867e+00 4.150758340436e+03 2.703393317060e+00 3.169309360367e-03
7 27 2 0.47586232 0.78941106 3.38584509 0.54471275 0.53988098 2.774858600310e-04 1.152452314303e+00 4.265181465121e+03 2.704164754526e+00 2.442726113160e-03
7 28 2 0.47586232 0.78941106 3.38584509 0.54471275 0.53988098 1.859811086441e-04 1.108513402798e+00 4.370435061294e+03 2.662167745738e+00 1.032561313168e-03
7 29 2 0.47586232 0.78941106 3.38584509 0.54471275 0.53988098 1.052797665482e-04 1.151246202569e+00 4.457554497597e+03 2.621242349457e+00 5.804067894347e-04
7 30 2 0.47586232 0.78941106 3.38584509 0.54471275 0.53988098 4.446377954974e-05 1.230640602151e+00 4.513539723079e+03 2.640338718064e+00 9.137772981997e-04
7 31 2 0.47586232 0.78941106 3.38584509 0.54471275 0.53988098 1.031919384593e-05 1.343402868682e+00 4.514116040283e+03 2.720220709273e+00 1.037813351381e-03
7 32 2 0.47586232 0.78941106 3.38584509 0.54471275 0.53988098 6.632858767556e-06 1.554377340484e+00 4.571869861399e+03 2.820808280158e+00 9.572356909631e-04
7 33 2 0.47586232 0.78941106 3.38584509 0.54471275 0.53988098 3.379411236666e-05 1.767599005768e+00 4.578502778113e+03 2.870025060766e+00 7.564685048381e-04
7 34 2 0.47586232 0.78941106 3.38584509 0.54471275 0.53988098 8.873473470717e-05 2.062581423773e+00 4.521704294315e+03 2.857486185629e+00 4.585568027242e-04
7 35 2 0.47586232 0.78941106 3.38584509 0.54471275 0.53988098 1.652168280023e-04 2.473823829796e+00 4.446932413594e+03 2.825754672622e+00 8.996441494937e-04
7 36 2 0.47586232 0.78941106 3.38584509 0.54471275 0.53988098 2.544531628354e-04 2.906183702148e+00 4.348773349365e+03 2.831025621609e+00 2.188924378689e-03
7 37 2 0.47586232 0.78941106 3.38584509 0.54471275 0.53988098 3.460180342819e-04 3.359636840235e+00 4.219863864071e+03 2.900737224550e+00 2.836549060846e-03
7 38 2 0.47586232 0.78941106 3.38584509 0.54471275 0.53988098 4.289795709665e-04 3.826564968680e+00 4.065146425840e+03 3.001536846840e+00 2.234398622181e-03
7 39 2 0.47586232 0.78941106 3.38584509 0.54471275 0.53988098 4.931584382003e-04 4.466611545260e+00 3.916163386942e+03 3.098477851110e+00 1.581610133508e-03
7 40 2 0.47586232 0.78941106 3.38584509 0.54471275 0.53988098 5.303956586616e-04 5.191781239529e+00 3.757802340057e+03 3.158288668316e+00 1.679433269158e-03
7 41 2 0.47586232 0.78941106 3.38584509 0.54471275 0.53988098 5.356972754299e-04 5.889341792168e+00 3.614153123116e+03 3.184592171001e+00 2.044779530191e-03
7 42 2 0.47586232 0.78941106 3.38584509 0.54471275 0.53988098 5.081194894260e-04 6.674563853518e+00 3.492447496805e+03 3.194344279616e+00 1.934180139892e-03
7 43 2 0.47586232 0.78941106 3.38584509 0.54471275 0.53988098 4.512679613456e-04 7.542466030380e+00 3.384710368148e+03 3.224717945846e+00 1.287246793798e-03
7 44 2 0.47586232 0.78941106 3.38584509 0.54471275 0.53988098 3.733112058810e-04 8.483530153380e+00 3.318646910858e+03 3.307114502460e+00 1.182713927159e-03
7 45 2 0.47586232 0.78941106 3.38584509 0.54471275 0.53988098 2.864505270717e-04 9.423355992885e+00 3.316130030224e+03 3.438124747112e+00 2.372621511867e-03
7 46 2 0.47586232 0.78941106 3.38584509 0.54471275 0.53988098 2.058454322309e-04 1.054665366628e+01 3.344400238479e+03 3.579500748299e+00 3.397819771827e-03
7 47 2 0.47586232 0.78941106 3.38584509 0.54471275 0.53988098 1.480590303192e-04 1.188131012317e+01 3.410325288511e+03 3.667332057466e+00 2.930880467392e-03
7 48 2 0.47586232 0.78941106 3.38584509 0.54471275 0.53988098 1.291553794475e-04 1.314756417528e+01 3.563522192089e+03 3.704484999184e+00 2.664739077054e-03
7 49 2 0.47586232 0.78941106 3.38584509 0.54471275 0.53988098 1.626413141591e-04 1.431278775615e+01 3.774288163383e+03 3.731179330358e+00 4.048712342572e-03
7 50 2 0.47586232 0.78941106 3.38584509 0.54471275 0.53988098 2.574896663200e-04 1.559746578921e+01 4.061399127267e+03 3.816577623574e+00 4.991480095990e-03
7 51 2 0.47586232 0.78941106 3.38584509 0.54471275 0.53988098 4.165005344193e-04 1.740324940607e+01 4.444908481591e+03 3.965044203601e+00 3.753143632490e-03
7 52 2 0.47586232 0.78941106 3.38584509 0.54471275 0.53988098 6.352461273170e-04 1.926930585121e+01 4.887653896283e+03 4.120849050272e+00 2.241678638998e-03
7 53 2 0.47586232 0.78941106 3.38584509 0.54471275 0.53988098 9.017999643711e-04 2.087534313451e+01 5.337034429858e+03 4.246939114999e+00 2.228776674438e-03
7 54 2 0.47586232 0.78941106 3.38584509 0.54471275 0.53988098 1.197374473580e-03 2.260765154544e+01 5.875377082587e+03 4.332942182316e+00 2.473494071175e-03
7 55 2 0.47586232 0.78941106 3.38584509 0.54471275 0.53988098 1.497888612980e-03 2.449315550770e+01 6.440271507585e+03 4.430577696195e+00 1.824846612282e-03
7 56 2 0.47586232 0.78941106 3.38584509 0.54471275 0.53988098 1.776369745080e-03 2.677687797079e+01 7.039149958932e+03 4.547360201203e+00 1.423786467351e-03
7 57 2 0.47586232 0.78941106 3.38584509 0.54471275 0.53988098 2.005975686612e-03 2.911267798439e+01 7.643682658249e+03 4.674437798439e+00 2.367480379807e-03
7 58 2 0.47586232 0.78941106 3.38584509 0.54471275 0.53988098 2.163319460878e-03 3.151489462057e+01 8.276028816338e+03 4.794505661547e+00 3.964874991166e-03
7 59 2 0.47586232 0.78941106 3.38584509 0.54471275 0.53988098 2.231706339553e-03 3.416266231414e+01 8.903624572198e+03 4.915389175066e+00 5.095586103556e-03
7 60 2 0.47586232 0.78941106 3.38584509 0.54471275 0.53988098 2.203863321325e-03 3.645085423759e+01 9.460141687311e+03 5.058970484530e+00 5.536713020826e-03
7 61 2 0.47586232 0.78941106 3.38584509 0.54471275 0.53988098 2.083763727819e-03 3.904759793201e+01 9.987999251177e+03 5.209103724512e+00 5.965978881521e-03
7 62 2 0.47586232 0.78941106 3.38584509 0.54471275 0.53988098 1.887226363750e-03 4.215034488131e+01 1.042002088238e+04 5.350489044256e+00 7.337334431940e-03
7 63 2 0.47586232 0.78941106 3.38584509 0.54471275 0.53988098 1.641094823507e-03 4.557190625533e+01 1.078426250282e+04 5.460592273600e+00 8.940230119989e-03
9 0 2 0.42548635 0.63582540 1.68405540 0.46699515 0.46729462 6.984479244160e-04 5.949187143748e+00 5.016620401290e+02 1.958306457105e+00 1.855360373089e-03
9 1 2 0.42548635 0.63582540 1.68405540 0.46699515 0.46729462 8.334357084661e-04 5.787925183210e+00 4.863462188745e+02 1.853394538119e+00 1.788391653661e-03
9 2 2 0.42548635 0.63582540 1.68405540 0.46699515 0.46729462 9.343184776137e-04 5.639482137379e+00 4.108798827999e+02 1.771024765639e+00 1.403959757427e-03
9 3 2 0.42548635 0.63582540 1.68405540 0.46699515 0.46729462 9.892229277431e-04 5.666801677915e+00 3.780895948438e+02 1.655857853499e+00 1.166515893415e-03
9 4 2 0.42548635 0.63582540 1.68405540 0.46699515 0.46729462 9.925844788948e-04 5.971320623039e+00 4.237709373117e+02 1.512197386253e+00 1.165385744544e-03
9 5 2 0.42548635 0.63582540 1.68405540 0.46699515 0.46729462 9.453222543396e-04 6.201851846058e+00 4.327583002096e+02 1.373824354764e+00 9.336183371703e-04
9 6 2 0.42548635 0.63582540 1.68405540 0.46699515 0.46729462 8.542424642922e-04 6.215803188583e+00 3.547034072293e+02 1.244162360058e+00 7.584284039925e-04
9 7 2 0.42548635 0.63582540 1.68405540 0.46699515 0.46729462 7.308020183966e-04 6.076225881744e+00 3.311193790052e+02 1.108344711105e+00 7.753491917076e-04
9 8 2 0.42548635 0.63582540 1.68405540 0.46699515 0.46729462 5.894291705564e-04 6.071979988010e+00 4.068827287051e+02 9.883623333639e-01 1.022056852544e-03
9 9 2 0.42548635 0.63582540 1.68405540 0.46699515 0.46729462 4.456337751888e-04 6.221391962244e+00 3.989191108783e+02 9.121073689616e-01 1.387296168730e-03
9 10 2 0.42548635 0.63582540 1.68405540 0.46699515 0.46729462 3.141445124083e-04 6.352810422052e+00 3.059818290236e+02 8.656476049229e-01 1.462083149263e-03
9 11 2 0.42548635 0.63582540 1.68405540 0.46699515 0.46729462 2.072864431933e-04 6.335320458804e+00 3.188856943304e+02 8.026906889431e-01 1.661395117490e-03
9 12 2 0.42548635 0.63582540 1.68405540 0.46699515 0.46729462 1.337650809302e-04 6.390440517869e+00 3.832062671744e+02 7.082758757646e-01 2.020663791825e-03
9 13 2 0.42548635 0.63582540 1.68405540 0.46699515 0.46729462 9.796075988529e-05 6.305098999576e+00 3.324306384277e+02 6.094693342372e-01 2.174264075202e-03
9 14 2 0.42548635 0.63582540 1.68405540 0.46699515 0.46729462 9.976850363809e-05 6.127181045950e+00 2.681950971595e+02 5.257428664667e-01 2.065730056735e-03
9 15 2 0.42548635 0.63582540 1.68405540 0.46699515 0.46729462 1.349527514031e-04 6.085724444256e+00 3.127904318857e+02 4.519605142272e-01 1.651257336510e-03
9 16 2 0.42548635 0.63582540 1.68405540 0.46699515 0.46729462 1.959308103744e-04 6.073843551830e+00 3.396857902836e+02 3.814343919155e-01 1.606688562612e-03
9 17 2 0.42548635 0.63582540 1.68405540 0.46699515 0.46729462 2.728592661380e-04 6.155974293750e+00 2.841243101930e+02 3.260629406566e-01 1.646146487746e-03
9 18 2 0.42548635 0.63582540 1.68405540 0.46699515 0.46729462 3.548767010274e-04 6.192084109565e+00 2.557262135434e+02 2.904456171383e-01 1.437444628246e-03
9 19 2 0.42548635 0.63582540 1.68405540 0.46699515 0.46729462 4.313541698472e-04 6.102842008831e+00 2.888922133711e+02 2.598004917459e-01 1.284671665627e-03
9 20 2 0.42548635 0.63582540 1.68405540 0.46699515 0.46729462 4.930198138977e-04 5.922110888857e+00 3.000556895577e+02 2.195519544328e-01 1.414166366251e-03
9 21 2 0.42548635 0.63582540 1.68405540 0.46699515 0.46729462 5.328518149207e-04 5.872845700241e+00 2.654377857701e+02 1.731213722951e-01 1.887855141296e-03
9 22 2 0.42548635 0.63582540 1.68405540 0.46699515 0.46729462 5.466696246091e-04 5.884588568480e+00 2.449166954496e+02 1.319230813034e-01 2.051904523285e-03
9 23 2 0.42548635 0.63582540 1.68405540 0.46699515 0.46729462 5.333918501687e-04 5.878200477695e+00 2.701846444741e+02 9.679710575966e-02 1.903447489706e-03
9 24 2 0.42548635 0.63582540 1.68405540 0.46699515 0.46729462 4.949656326166e-04 5.781120573225e+00 2.886751229410e+02 6.522110697756e-02 2.011451795291e-03
9 25 2 0.42548635 0.63582540 1.68405540 0.46699515 0.46729462 4.360031785748e-04 5.666200120803e+00 2.543310637401e+02 3.992035872215e-02 2.133551042907e-03
9 26 2 0.42548635 0.63582540 1.68405540 0.46699515 0.46729462 3.631840247924e-04 5.517190795030e+00 2.255968692958e+02 2.552934342583e-02 2.045364672375e-03
9 27 2 0.42548635 0.63582540 1.68405540 0.46699515 0.46729462 2.844957800167e-04 5.332882003128e+00 2.622526636584e+02 1.884441528869e-02 1.405123366035e-03
9 28 2 0.42548635 0.63582540 1.68405540 0.46699515 0.46729462 2.083919024266e-04 5.127950722754e+00 2.814158609648e+02 1.344326526211e-02 8.431766614847e-04
9 29 2 0.42548635 0.63582540 1.68405540 0.46699515 0.46729462 1.429438327683e-04 5.079580537198e+00 2.297297770824e+02 8.478954358925e-03 5.391465758217e-04
9 30 2 0.42548635 0.63582540 1.68405540 0.46699515 0.46729462 9.505827395085e-05 5.070096748253e+00 2.158665307090e+02 7.219419176874e-03 2.766605485637e-04
9 31 2 0.42548635 0.63582540 1.68405540 0.46699515 0.46729462 6.982037191673e-05 4.928269265377e+00 2.667127847966e+02 1.152547656747e-02 6.657585940320e-05
9 32 2 0.42548635 0.63582540 1.68405540 0.46699515 0.46729462 7.001146913460e-05 4.780330693713e+00 2.733230762643e+02 2.113511008323e-02 7.131582570431e-05
9 33 2 0.42548635 0.63582540 1.68405540 0.46699515 0.46729462 9.583690002659e-05 4.567047654133e+00 2.222554003736e+02 3.459156819060e-02 2.826050547110e-04
9 34 2 0.42548635 0.63582540 1.68405540 0.46699515 0.46729462 1.448853454124e-04 4.439505975966e+00 2.386226547966e+02 4.791357889773e-02 5.380669634299e-04
9 35 2 0.42548635 0.63582540 1.68405540 0.46699515 0.46729462 2.123265032689e-04 4.419015414599e+00 2.926980959644e+02 5.884203133837e-02 8.570260199610e-04
9 36 2 0.42548635 0.63582540 1.68405540 0.46699515 0.46729462 2.913380416805e-04 4.376453699921e+00 2.691963891103e+02 7.380150456455e-02 1.423623446126e-03
9 37 2 0.42548635 0.63582540 1.68405540 0.46699515 0.46729462 3.737359024256e-04 4.207271658395e+00 2.315568478139e+02 1.043955291122e-01 2.049053549584e-03
9 38 2 0.42548635 0.63582540 1.68405540 0.46699515 0.46729462 4.507643910020e-04 4.051685619983e+00 2.610744713829e+02 1.507003709947e-01 2.099768920963e-03
9 39 2 0.42548635 0.63582540 1.68405540 0.46699515 0.46729462 5.139851358372e-04 3.888538223093e+00 2.945571034354e+02 2.011891265493e-01 1.977231025455e-03
9 40 2 0.42548635 0.63582540 1.68405540 0.46699515 0.46729462 5.561886285800e-04 3.727889439318e+00 2.717645724371e+02 2.482192085057e-01 1.897290160272e-03
9 41 2 0.42548635 0.63582540 1.68405540 0.46699515 0.46729462 5.722409192215e-04 3.588894720903e+00 2.471310819344e+02 2.970273899929e-01 2.038863572218e-03
9 42 2 0.42548635 0.63582540 1.68405540 0.46699515 0.46729462 5.597736156307e-04 3.540145672213e+00 2.710869670524e+02 3.491497281606e-01 1.869484145358e-03
9 43 2 0.42548635 0.63582540 1.68405540 0.46699515 0.46729462 5.196298884078e-04 3.532196666762e+00 3.071347891901e+02 3.948227359308e-01 1.409091739062e-03
9 44 2 0.42548635 0.63582540 1.68405540 0.46699515 0.46729462 4.559942406139e-04 3.456121071194e+00 2.954901241619e+02 4.340865735356e-01 1.349633280342e-03
9 45 2 0.42548635 0.63582540 1.68405540 0.46699515 0.46729462 3.761596941963e-04 3.307054158535e+00 2.627733415751e+02 4.861215266904e-01 1.557835456149e-03
9 46 2 0.42548635 0.63582540 1.68405540 0.46699515 0.46729462 2.899215468849e-04 3.226878628757e+00 2.930543023515e+02 5.678309941137e-01 1.783825192159e-03
9 47 2 0.42548635 0.63582540 1.68405540 0.46699515 0.46729462 2.086290610176e-04 3.284243537529e+00 3.509695869500e+02 6.656717595088e-01 1.787520972860e-03
9 48 2 0.42548635 0.63582540 1.68405540 0.46699515 0.46729462 1.439709150286e-04 3.330405756971e+00 3.158199189303e+02 7.604101540021e-01 1.869846166154e-03
9 49 2 0.42548635 0.63582540 1.68405540 0.46699515 0.46729462 1.066114178475e-04 3.433399005222e+00 2.712719371934e+02 8.539119808008e-01 2.328355047340e-03
9 50 2 0.42548635 0.63582540 1.68405540 0.46699515 0.46729462 1.048263504060e-04 3.412197634053e+00 3.405835223082e+02 9.543925678732e-01 2.429518389630e-03
9 51 2 0.42548635 0.63582540 1.68405540 0.46699515 0.46729462 1.433042503800e-04 3.367182909890e+00 3.901622777042e+02 1.045648688660e+00 2.249192068793e-03
9 52 2 0.42548635 0.63582540 1.68405540 0.46699515 0.46729462 2.222766882475e-04 3.420875802080e+00 3.217210762833e+02 1.106826345485e+00 1.871892399219e-03
9 53 2 0.42548635 0.63582540 1.68405540 0.46699515 0.46729462 3.371174034859e-04 3.499950797294e+00 3.078230049062e+02 1.165288779069e+00 1.631843433752e-03
9 54 2 0.42548635 0.63582540 1.68405540 0.46699515 0.46729462 4.785056042540e-04 3.635152585298e+00 4.001052479395e+02 1.270054641993e+00 1.535681441507e-03
9 55 2 0.42548635 0.63582540 1.68405540 0.46699515 0.46729462 6.331867872298e-04 3.934317586996e+00 4.052817610437e+02 1.427692515549e+00 1.129245372427e-03
9 56 2 0.42548635 0.63582540 1.68405540 0.46699515 0.46729462 7.852914429810e-04 4.218026625376e+00 3.374561616612e+02 1.587925727404e+00 8.443893121747e-04
9 57 2 0.42548635 0.63582540 1.68405540 0.46699515 0.46729462 9.180965628994e-04 4.351145826980e+00 3.728259513808e+02 1.720619293250e+00 8.090843879422e-04
9 58 2 0.42548635 0.63582540 1.68405540 0.46699515 0.46729462 1.016046821349e-03 4.509914582328e+00 4.635094605785e+02 1.844905154825e+00 9.760334059229e-04
9 59 2 0.42548635 0.63582540 1.68405540 0.46699515 0.46729462 1.066801557751e-03 4.896045076512e+00 4.541054878513e+02 1.970232694972e+00 1.209909452368e-03
9 60 2 0.42548635 0.63582540 1.68405540 0.46699515 0.46729462 1.063048750943e-03 5.569923924390e+00 4.126729704270e+02 2.074846445552e+00 1.196923236447e-03
9 61 2 0.42548635 0.63582540 1.68405540 0.46699515 0.46729462 1.003833897659e-03 6.171927793461e+00 4.600568832724e+02 2.157820610494e+00 1.430253660239e-03
9 62 2 0.42548635 0.63582540 1.68405540 0.46699515 0.46729462 8.951921586256e-04 6.594720103018e+00 5.490841405347e+02 2.280150177117e+00 1.855568116726e-03
9 63 2 0.42548635 0.63582540 1.68405540 0.46699515 0.46729462 7.499440096903e-04 6.879145850247e+00 5.531363858148e+02 2.471254127753e+00 1.912150127936e-03
11 0 2 0.53030471 1.08092498 5.68975823 0.67509063 0.63984436 3.089523898962e-03 6.539037165419e+01 5.033569792470e+04 1.187180461093e+01 6.813795620751e-03
11 1 2 0.53030471 1.08092498 5.68975823 0.67509063 0.63984436 3.225114615647e-03 6.040707471510e+01 4.859385952397e+04 1.143889692557e+01 4.634825920367e-03
11 2 2 0.53030471 1.08092498 5.68975823 0.67509063 0.63984436 3.225677750467e-03 5.541026249603e+01 4.713226845500e+04 1.088735012137e+01 6.348083819096e-03
11 3 2 0.53030471 1.08092498 5.68975823 0.67509063 0.63984436 3.092713588746e-03 5.150312872009e+01 4.564447213914e+04 1.044477134180e+01 5.292573325548e-03
11 4 2 0.53030471 1.08092498 5.68975823 0.67509063 0.63984436 2.841088237390e-03 4.775212926215e+01 4.414958072506e+04 1.011954919516e+01 2.858629568368e-03
11 5 2 0.53030471 1.08092498 5.68975823 0.67509063 0.63984436 2.496337404195e-03 4.446100897661e+01 4.270496774550e+04 9.781803693978e+00 4.135545770234e-03
11 6 2 0.53030471 1.08092498 5.68975823 0.67509063 0.63984436 2.091167739215e-03 4.115535518294e+01 4.144682201927e+04 9.321851680993e+00 5.230557893520e-03
11 7 2 0.53030471 1.08092498 5.68975823 0.67509063 0.63984436 1.661579011444e-03 3.876397792838e+01 4.026446065999e+04 8.919493942359e+00 4.263247148781e-03
11 8 2 0.53030471 1.08092498 5.68975823 0.67509063 0.63984436 1.243028709290e-03 3.601216120871e+01 3.903342288785e+04 8.685814936840e+00 5.820888029986e-03
11 9 2 0.53030471 1.08092498 5.68975823 0.67509063 0.63984436 8.670158220121e-04 3.331362933693e+01 3.782034537566e+04 8.417408948566e+00 8.700866119397e-03
11 10 2 0.53030471 1.08092498 5.68975823 0.67509063 0.63984436 5.583814191529e-04 3.029838857035e+01 3.663491217354e+04 8.067996453734e+00 8.650414765696e-03
11 11 2 0.53030471 1.08092498 5.68975823 0.67509063 0.63984436 3.335218808150e-04 2.781684585794e+01 3.553077428607e+04 7.750568232320e+00 8.171675008510e-03
11 12 2 0.53030471 1.08092498 5.68975823 0.67509063 0.63984436 1.995992220648e-04 2.516106348587e+01 3.454524792255e+04 7.543149716931e+00 9.843696323341e-03
11 13 2 0.53030471 1.08092498 5.68975823 0.67509063 0.63984436 1.547246150872e-04 2.271978516816e+01 3.350320134428e+04 7.370119964585e+00 1.031978770740e-02
11 14 2 0.53030471 1.08092498 5.68975823 0.67509063 0.63984436 1.889970061670e-04 2.049783032072e+01 3.249938343926e+04 7.084948984553e+00 8.129095200411e-03
11 15 2 0.53030471 1.08092498 5.68975823 0.67509063 0.63984436 2.862069930982e-04 1.876673793292e+01 3.158777401610e+04 6.805320464623e+00 6.723773480227e-03
11 16 2 0.53030471 1.08092498 5.68975823 0.67509063 0.63984436 4.259718389818e-04 1.709549218078e+01 3.062321792507e+04 6.638225690149e+00 6.959683914843e-03
11 17 2 0.53030471 1.08092498 5.68975823 0.67509063 0.63984436 5.860520445760e-04 1.542230074557e+01 2.973813352138e+04 6.475573354235e+00 5.877048460062e-03
11 18 2 0.53030471 1.08092498 5.68975823 0.67509063 0.63984436 7.446113454331e-04 1.397629311937e+01 2.890132175474e+04 6.248323992327e+00 3.874977381914e-03
11 19 2 0.53030471 1.08092498 5.68975823 0.67509063 0.63984436 8.822156823213e-04 1.264652814217e+01 2.822094161029e+04 5.987812846574e+00 4.037664858090e-03
11 20 2 0.53030471 1.08092498 5.68975823 0.67509063 0.63984436 9.834161022715e-04 1.139396187131e+01 2.761732735042e+04 5.806789916601e+00 4.939278840727e-03
11 21 2 0.53030471 1.08092498 5.68975823 0.67509063 0.63984436 1.037818317203e-03 1.007462320872e+01 2.701192434198e+04 5.678243438925e+00 3.990774216116e-03
11 22 2 0.53030471 1.08092498 5.68975823 0.67509063 0.63984436 1.040600544810e-03 9.135276971833e+00 2.640875543367e+04 5.464609355435e+00 3.822040632481e-03
11 23 2 0.53030471 1.08092498 5.68975823 0.67509063 0.63984436 9.924950358337e-04 8.293718554927e+00 2.589363417268e+04 5.228021678392e+00 5.654267813773e-03
11 24 2 0.53030471 1.08092498 5.68975823 0.67509063 0.63984436 8.992927140531e-04 7.596737075507e+00 2.545100656502e+04 5.058676251778e+00 5.596846570202e-03
11 25 2 0.53030471 1.08092498 5.68975823 0.67509063 0.63984436 7.709619211490e-04 6.808865213518e+00 2.502417075828e+04 4.932010709173e+00 3.783168106853e-03
11 26 2 0.53030471 1.08092498 5.68975823 0.67509063 0.63984436 6.204906361548e-04 6.316661265816e+00 2.466169134559e+04 4.774848542005e+00 3.981262950596e-03
11 27 2 0.53030471 1.08092498 5.68975823 0.67509063 0.63984436 4.625677167644e-04 5.814915686943e+00 2.438989790047e+04 4.563971063109e+00 4.537522176733e-03
11 28 2 0.53030471 1.08092498 5.68975823 0.67509063 0.63984436 3.122149361810e-04 5.420424158432e+00 2.415296383147e+04 4.415783084582e+00 2.738426945919e-03
11 29 2 0.53030471 1.08092498 5.68975823 0.67509063 0.63984436 1.834707934814e-04 5.038607614347e+00 2.401182863653e+04 4.337318924380e+00 1.026593586144e-03
11 30 2 0.53030471 1.08092498 5.68975823 0.67509063 0.63984436 8.821226402277e-05 5.032800792711e+00 2.394145817322e+04 4.218996984426e+00 9.398167077000e-04
11 31 2 0.53030471 1.08092498 5.68975823 0.67509063 0.63984436 3.518438570148e-05 5.143647160533e+00 2.386663802183e+04 4.072989180932e+00 9.511076584670e-04
11 32 2 0.53030471 1.08092498 5.68975823 0.67509063 0.63984436 2.929157948132e-05 5.438457729409e+00 2.412223938658e+04 3.965073313741e+00 8.193964565103e-04
11 33 2 0.53030471 1.08092498 5.68975823 0.67509063 0.63984436 7.118961728348e-05 5.802855528565e+00 2.438361846701e+04 3.926868671416e+00 7.013861012227e-04
11 34 2 0.53030471 1.08092498 5.68975823 0.67509063 0.63984436 1.572029713487e-04 6.411732493953e+00 2.461089301487e+04 3.887197284002e+00 7.944974020916e-04
11 35 2 0.53030471 1.08092498 5.68975823 0.67509063 0.63984436 2.795780039914e-04 6.955035580342e+00 2.493689631407e+04 3.787677193555e+00 2.344032824145e-03
11 36 2 0.53030471 1.08092498 5.68975823 0.67509063 0.63984436 4.270668791687e-04 7.480031387984e+00 2.526922014269e+04 3.731854341586e+00 3.983541054541e-03
11 37 2 0.53030471 1.08092498 5.68975823 0.67509063 0.63984436 5.858191500434e-04 8.039239178700e+00 2.567276221193e+04 3.748580457440e+00 3.502958327144e-03
11 38 2 0.53030471 1.08092498 5.68975823 0.67509063 0.63984436 7.405372543074e-04 8.761947190766e+00 2.611076029596e+04 3.754485223430e+00 3.340795337811e-03
11 39 2 0.53030471 1.08092498 5.68975823 0.67509063 0.63984436 8.758291267047e-04 9.515191378934e+00 2.658130185102e+04 3.720915654261e+00 5.044320652413e-03
11 40 2 0.53030471 1.08092498 5.68975823 0.67509063 0.63984436 9.776674158755e-04 1.030117858059e+01 2.706803292627e+04 3.692257487683e+00 5.160261082919e-03
11 41 2 0.53030471 1.08092498 5.68975823 0.67509063 0.63984436 1.034843021003e-03 1.137054887985e+01 2.767856640219e+04 3.742352541167e+00 3.486081484445e-03
11 42 2 0.53030471 1.08092498 5.68975823 0.67509063 0.63984436 1.040284263751e-03 1.255584883167e+01 2.826312704294e+04 3.802616035642e+00 3.675337439666e-03
11 43 2 0.53030471 1.08092498 5.68975823 0.67509063 0.63984436 9.921056951753e-04 1.380287144346e+01 2.888573195563e+04 3.786625019287e+00 4.698393474344e-03
11 44 2 0.53030471 1.08092498 5.68975823 0.67509063 0.63984436 8.942556956168e-04 1.490318467341e+01 2.959231158205e+04 3.785863679591e+00 3.963159919288e-03
11 45 2 0.53030471 1.08092498 5.68975823 0.67509063 0.63984436 7.566520647877e-04 1.640603623034e+01 3.044230689396e+04 3.851418237540e+00 3.879543583106e-03
11 46 2 0.53030471 1.08092498 5.68975823 0.67509063 0.63984436 5.947305393753e-04 1.791573794157e+01 3.133776636600e+04 3.928451040674e+00 6.027372333372e-03
11 47 2 0.53030471 1.08092498 5.68975823 0.67509063 0.63984436 4.283814069760e-04 1.963682297551e+01 3.222971437166e+04 3.949211504878e+00 7.304525082738e-03
11 48 2 0.53030471 1.08092498 5.68975823 0.67509063 0.63984436 2.803106746268e-04 2.126354550419e+01 3.311409224428e+04 3.940085789302e+00 7.052968617089e-03
11 49 2 0.53030471 1.08092498 5.68975823 0.67509063 0.63984436 1.739290527253e-04 2.358807465746e+01 3.402182994347e+04 4.022337264723e+00 8.457390001224e-03
11 50 2 0.53030471 1.08092498 5.68975823 0.67509063 0.63984436 1.309371129841e-04 2.590170070500e+01 3.507184514629e+04 4.135002436263e+00 1.081521935565e-02
11 51 2 0.53030471 1.08092498 5.68975823 0.67509063 0.63984436 1.688302188548e-04 2.832292555574e+01 3.604679230821e+04 4.167795581273e+00 1.029955295642e-02
11 52 2 0.53030471 1.08092498 5.68975823 0.67509063 0.63984436 2.985840845599e-04 3.045573504426e+01 3.716949448475e+04 4.196215129641e+00 8.383658774346e-03
11 53 2 0.53030471 1.08092498 5.68975823 0.67509063 0.63984436 5.227940819604e-04 3.311770101702e+01 3.840912165777e+04 4.299543669996e+00 8.773746729290e-03
11 54 2 0.53030471 1.08092498 5.68975823 0.67509063 0.63984436 8.345238456485e-04 3.573894473334e+01 3.965803115847e+04 4.461774333754e+00 8.809291612499e-03
11 55 2 0.53030471 1.08092498 5.68975823 0.67509063 0.63984436 1.217069562616e-03 3.840015831682e+01 4.094190581849e+04 4.569717547943e+00 5.762155130138e-03
11 56 2 0.53030471 1.08092498 5.68975823 0.67509063 0.63984436 1.644767482500e-03 4.130951324107e+01 4.226822967131e+04 4.627232358439e+00 3.984338313475e-03
11 57 2 0.53030471 1.08092498 5.68975823 0.67509063 0.63984436 2.084869416875e-03 4.509709522798e+01 4.368148583206e+04 4.805020122665e+00 4.859184600929e-03
11 58 2 0.53030471 1.08092498 5.68975823 0.67509063 0.63984436 2.500393655079e-03 4.954539291196e+01 4.531230274154e+04 5.052411590218e+00 3.763994385688e-03
11 59 2 0.53030471 1.08092498 5.68975823 0.67509063 0.63984436 2.853738960266e-03 5.398530304192e+01 4.702095441575e+04 5.229159155832e+00 2.418808788546e-03
11 60 2 0.53030471 1.08092498 5.68975823 0.67509063 0.63984436 3.110740883835e-03 5.904213474174e+01 4.866024748466e+04 5.375844730321e+00 4.753890829182e-03
11 61 2 0.53030471 1.08092498 5.68975823 0.67509063 0.63984436 3.244766406817e-03 6.438777721461e+01 5.037294232251e+04 5.600304277172e+00 5.793939085101e-03
11 62 2 0.53030471 1.08092498 5.68975823 0.67509063 0.63984436 3.240397169760e-03 7.024182709623e+01 5.229865772416e+04 5.936042490313e+00 4.081605206223e-03
11 63 2 0.53030471 1.08092498 5.68975823 0.67509063 0.63984436 3.096252370836e-03 7.525851658595e+01 5.425929783921e+04 6.202271868376e+00 6.258144575012e-03
15 0 2 0.72992304 0.85982484 1.36512706 0.56924063 0.73615949 2.217076702874e-03 3.775124843676e-03 2.315989077219e+02 2.371075612925e-01 9.736277417390e-03
15 1 2 0.72992304 0.85982484 1.36512706 0.56924063 0.73615949 2.259612287766e-03 1.383149206727e-03 2.230518688830e+02 1.884933405543e-01 8.706046345432e-03
15 2 2 0.72992304 0.85982484 1.36512706 0.56924063 0.73615949 2.296740831652e-03 4.402011970721e-04 2.153619737055e+02 1.387578505336e-01 8.970371420076e-03
15 3 2 0.72992304 0.85982484 1.36512706 0.56924063 0.73615949 2.300606699555e-03 1.844138825259e-03 2.081893090123e+02 1.004761105911e-01 9.292991175444e-03
15 4 2 0.72992304 0.85982484 1.36512706 0.56924063 0.73615949 2.255458512411e-03 9.303987894003e-04 1.978236350605e+02 8.012944284762e-02 8.182947462458e-03
15 5 2 0.72992304 0.85982484 1.36512706 0.56924063 0.73615949 2.161783385134e-03 2.494077358818e-03 1.880983888171e+02 7.331902284432e-02 5.885688700881e-03
15 6 2 0.72992304 0.85982484 1.36512706 0.56924063 0.73615949 2.035147496185e-03 3.798297182909e-03 1.786150326790e+02 7.501393739421e-02 4.124352075643e-03
15 7 2 0.72992304 0.85982484 1.36512706 0.56924063 0.73615949 1.900459194682e-03 6.162231244949e-03 1.695771245129e+02 8.432711714979e-02 3.989901709903e-03
15 8 2 0.72992304 0.85982484 1.36512706 0.56924063 0.73615949 1.783738246235e-03 7.572286947414e-03 1.636781421359e+02 9.895089401419e-02 4.808497936886e-03
15 9 2 0.72992304 0.85982484 1.36512706 0.56924063 0.73615949 1.704097921579e-03 3.826742310920e-03 1.596978319625e+02 1.119106118586e-01 5.390498212936e-03
15 10 2 0.72992304 0.85982484 1.36512706 0.56924063 0.73615949 1.668387819792e-03 2.355216806200e-03 1.568128103265e+02 1.203868237014e-01 5.811828447503e-03
15 11 2 0.72992304 0.85982484 1.36512706 0.56924063 0.73615949 1.669951741972e-03 1.405270608523e-03 1.525008025959e+02 1.321805808793e-01 7.216038781817e-03
15 12 2 0.72992304 0.85982484 1.36512706 0.56924063 0.73615949 1.691589668981e-03 2.214828031795e-03 1.463480831442e+02 1.519957030583e-01 9.878674946843e-03
15 13 2 0.72992304 0.85982484 1.36512706 0.56924063 0.73615949 1.711524371964e-03 4.617285365156e-03 1.403332963195e+02 1.724062771706e-01 1.219238961406e-02
15 14 2 0.72992304 0.85982484 1.36512706 0.56924063 0.73615949 1.710349248156e-03 2.484034513704e-03 1.327665006837e+02 1.853255168644e-01 1.209929437155e-02
15 15 2 0.72992304 0.85982484 1.36512706 0.56924063 0.73615949 1.676787703867e-03 7.480634976339e-04 1.260792806694e+02 1.859669699133e-01 9.343323175356e-03
15 16 2 0.72992304 0.85982484 1.36512706 0.56924063 0.73615949 1.610614307930e-03 4.353208838160e-04 1.215756457616e+02 1.700382108759e-01 5.840128964045e-03
15 17 2 0.72992304 0.85982484 1.36512706 0.56924063 0.73615949 1.522061871993e-03 4.111172347384e-04 1.163287449737e+02 1.412287151388e-01 3.755934211137e-03
15 18 2 0.72992304 0.85982484 1.36512706 0.56924063 0.73615949 1.428136764037e-03 5.621807385678e-04 1.131683647874e+02 1.102929058988e-01 3.549961494703e-03
15 19 2 0.72992304 0.85982484 1.36512706 0.56924063 0.73615949 1.347150118554e-03 7.115472331386e-04 1.108703252482e+02 8.396135459137e-02 4.030308196113e-03
15 20 2 0.72992304 0.85982484 1.36512706 0.56924063 0.73615949 1.293202288798e-03 2.358538552340e-03 1.059830815388e+02 6.499375507645e-02 3.956429152937e-03
15 21 2 0.72992304 0.85982484 1.36512706 0.56924063 0.73615949 1.272245589192e-03 2.849299217825e-03 1.022128566785e+02 5.638895146424e-02 3.168800013274e-03
15 22 2 0.72992304 0.85982484 1.36512706 0.56924063 0.73615949 1.280775616029e-03 3.629314095412e-03 9.882166615766e+01 5.874272838578e-02 2.286982956733e-03
15 23 2 0.72992304 0.85982484 1.36512706 0.56924063 0.73615949 1.307369168916e-03 3.400793219096e-03 9.506803783720e+01 6.797858801679e-02 1.898370069596e-03
15 24 2 0.72992304 0.85982484 1.36512706 0.56924063 0.73615949 1.336455454159e-03 1.009036979652e-03 9.429576749358e+01 7.849021756063e-02 2.367608034746e-03
15 25 2 0.72992304 0.85982484 1.36512706 0.56924063 0.73615949 1.353110156592e-03 1.247230098351e-03 9.389841486901e+01 8.794820026740e-02 4.038727395672e-03
15 26 2 0.72992304 0.85982484 1.36512706 0.56924063 0.73615949 1.347445459731e-03 2.218883275318e-03 9.287244883705e+01 9.513070643718e-02 6.910372980250e-03
15 27 2 0.72992304 0.85982484 1.36512706 0.56924063 0.73615949 1.317362327347e-03 3.082210668724e-03 9.243994020554e+01 9.725203787271e-02 9.901448327848e-03
15 28 2 0.72992304 0.85982484 1.36512706 0.56924063 0.73615949 1.268951347264e-03 2.693748459592e-03 9.032358440243e+01 9.781701846309e-02 1.098948813339e-02
15 29 2 0.72992304 0.85982484 1.36512706 0.56924063 0.73615949 1.214513645777e-03 7.215885082435e-04 8.773087876531e+01 1.044277957688e-01 8.822065463863e-03
15 30 2 0.72992304 0.85982484 1.36512706 0.56924063 0.73615949 1.168832754806e-03 6.683307303719e-04 8.665490057399e+01 1.128938086428e-01 4.419169820822e-03
15 31 2 0.72992304 0.85982484 1.36512706 0.56924063 0.73615949 1.144791263460e-03 2.968958100341e-04 8.754375613161e+01 1.131266166877e-01 8.895696296843e-04
15 32 2 0.72992304 0.85982484 1.36512706 0.56924063 0.73615949 1.149581677322e-03 2.997380988943e-04 9.128714144228e+01 1.058571079432e-01 9.466518594123e-04
15 33 2 0.72992304 0.85982484 1.36512706 0.56924063 0.73615949 1.182579447420e-03 6.526961950234e-04 9.582889084093e+01 9.491459300364e-02 4.499100072577e-03
15 34 2 0.72992304 0.85982484 1.36512706 0.56924063 0.73615949 1.235481329535e-03 7.732776373054e-04 9.986376418342e+01 7.876606699796e-02 8.747179308429e-03
15 35 2 0.72992304 0.85982484 1.36512706 0.56924063 0.73615949 1.294685916464e-03 2.875613061846e-03 1.025617904788e+02 6.010589968690e-02 1.067986098970e-02
15 36 2 0.72992304 0.85982484 1.36512706 0.56924063 0.73615949 1.345266652111e-03 3.188210188947e-03 1.031621241421e+02 4.681330990776e-02 9.451228219660e-03
15 37 2 0.72992304 0.85982484 1.36512706 0.56924063 0.73615949 1.375424989205e-03 2.206824750036e-03 1.048258982676e+02 4.234018991587e-02 6.489767858691e-03
15 38 2 0.72992304 0.85982484 1.36512706 0.56924063 0.73615949 1.380140952123e-03 1.252690857594e-03 1.072775799324e+02 4.466039619159e-02 3.750880546880e-03
15 39 2 0.72992304 0.85982484 1.36512706 0.56924063 0.73615949 1.362919534537e-03 1.112793691057e-03 1.099581002638e+02 5.183071694855e-02 2.222333294052e-03
15 40 2 0.72992304 0.85982484 1.36512706 0.56924063 0.73615949 1.335034026868e-03 3.634491691729e-03 1.155826617355e+02 6.388875332422e-02 1.901485018948e-03
15 41 2 0.72992304 0.85982484 1.36512706 0.56924063 0.73615949 1.312371556181e-03 3.787208214810e-03 1.206589081137e+02 7.707765004722e-02 2.494073325806e-03
15 42 2 0.72992304 0.85982484 1.36512706 0.56924063 0.73615949 1.310705088692e-03 2.921080101397e-03 1.243693525664e+02 8.261553706027e-02 3.610925896124e-03
15 43 2 0.72992304 0.85982484 1.36512706 0.56924063 0.73615949 1.340741347026e-03 2.443003314556e-03 1.293472789150e+02 7.863369477596e-02 4.538432239490e-03
15 44 2 0.72992304 0.85982484 1.36512706 0.56924063 0.73615949 1.404453109376e-03 7.482840811528e-04 1.322467880556e+02 7.239068386497e-02 4.567174407391e-03
15 45 2 0.72992304 0.85982484 1.36512706 0.56924063 0.73615949 1.493916674010e-03 6.275991010617e-04 1.355227812580e+02 6.809852967025e-02 3.935532458121e-03
15 46 2 0.72992304 0.85982484 1.36512706 0.56924063 0.73615949 1.593188128906e-03 4.469466926279e-04 1.420289314077e+02 6.617548636045e-02 4.065563195802e-03
15 47 2 0.72992304 0.85982484 1.36512706 0.56924063 0.73615949 1.682841448650e-03 4.386564385016e-04 1.474751390571e+02 6.702601390158e-02 6.227137018615e-03
15 48 2 0.72992304 0.85982484 1.36512706 0.56924063 0.73615949 1.745922175811e-03 8.715248427604e-04 1.535416762019e+02 6.658151754205e-02 9.849831720715e-03
15 49 2 0.72992304 0.85982484 1.36512706 0.56924063 0.73615949 1.773522139041e-03 2.807017028605e-03 1.604129693059e+02 6.004858559717e-02 1.262342436616e-02
15 50 2 0.72992304 0.85982484 1.36512706 0.56924063 0.73615949 1.768159062450e-03 4.958089923874e-03 1.646614553407e+02 4.906913880534e-02 1.265011548304e-02
15 51 2 0.72992304 0.85982484 1.36512706 0.56924063 0.73615949 1.743706386384e-03 2.310812255980e-03 1.686415655416e+02 3.785592352297e-02 1.032454268459e-02
15 52 2 0.72992304 0.85982484 1.36512706 0.56924063 0.73615949 1.721634977108e-03 1.540233241402e-03 1.722832164758e+02 2.928554335614e-02 7.728195931968e-03
15 53 2 0.72992304 0.85982484 1.36512706 0.56924063 0.73615949 1.724509362048e-03 2.623122169087e-03 1.757060055034e+02 2.534011357072e-02 6.282873816511e-03
15 54 2 0.72992304 0.85982484 1.36512706 0.56924063 0.73615949 1.768653722693e-03 4.252730587927e-03 1.819119078386e+02 2.755931233888e-02 5.546814022633e-03
15 55 2 0.72992304 0.85982484 1.36512706 0.56924063 0.73615949 1.858327572760e-03 8.216281938722e-03 1.906702212591e+02 3.721533899064e-02 4.517401467002e-03
15 56 2 0.72992304 0.85982484 1.36512706 0.56924063 0.73615949 1.983438925860e-03 6.542520766199e-03 2.016762786430e+02 5.224291104037e-02 3.511542459204e-03
15 57 2 0.72992304 0.85982484 1.36512706 0.56924063 0.73615949 2.121813712989e-03 4.015304357656e-03 2.118950647643e+02 6.741754474317e-02 3.967085020910e-03
15 58 2 0.72992304 0.85982484 1.36512706 0.56924063 0.73615949 2.245611192469e-03 2.714723314199e-03 2.201095716347e+02 7.793704694127e-02 6.379092106650e-03
15 59 2 0.72992304 0.85982484 1.36512706 0.56924063 0.73615949 2.330068401860e-03 1.088150422038e-03 2.286031943244e+02 7.781456080563e-02 9.230989622491e-03
15 60 2 0.72992304 0.85982484 1.36512706 0.56924063 0.73615949 2.361845136288e-03 1.998714342498e-03 2.343762065019e+02 6.561875074412e-02 1.055597967286e-02
15 61 2 0.72992304 0.85982484 1.36512706 0.56924063 0.73615949 2.344170199020e-03 4.283276871236e-04 2.403267757759e+02 5.226630742128e-02 1.021592761121e-02
15 62 2 0.72992304 0.85982484 1.36512706 0.56924063 0.73615949 2.296850124577e-03 1.635997609949e-03 2.494894267308e+02 4.742757668788e-02 9.917917114045e-03
15 63 2 0.72992304 0.85982484 1.36512706 0.56924063 0.73615949 2.250776200629e-03 4.270164618614e-03 2.571895676657e+02 4.854679810116e-02 1.094096228206e-02
16 0 2 0.58982563 0.83528374 2.26892786 0.55289081 0.63269653 1.832968416041e-03 2.709792417172e-02 1.372997421612e+03 1.395043283312e-02 1.434175398926e-02
16 1 2 0.58982563 0.83528374 2.26892786 0.55289081 0.63269653 1.765761294369e-03 3.870729269162e-02 1.429093425236e+03 1.360436063094e-02 1.568329084332e-02
16 2 2 0.58982563 0.83528374 2.26892786 0.55289081 0.63269653 1.700790607175e-03 4.734059231523e-02 1.488624217792e+03 1.355272322380e-02 1.667445927176e-02
16 3 2 0.58982563 0.83528374 2.26892786 0.55289081 0.63269653 1.638056426762e-03 4.377515644176e-02 1.556621973111e+03 1.358191032510e-02 1.500432521271e-02
16 4 2 0.58982563 0.83528374 2.26892786 0.55289081 0.63269653 1.577558822949e-03 5.028470097840e-02 1.622533116785e+03 1.316173237025e-02 1.187507430464e-02
16 5 2 0.58982563 0.83528374 2.26892786 0.55289081 0.63269653 1.519297863064e-03 6.004285186012e-02 1.670893941653e+03 1.318830876402e-02 1.017200332883e-02
16 6 2 0.58982563 0.83528374 2.26892786 0.55289081 0.63269653 1.463273611943e-03 6.188059690087e-02 1.691902851520e+03 1.281978297967e-02 1.125678664593e-02
16 7 2 0.58982563 0.83528374 2.26892786 0.55289081 0.63269653 1.409486131936e-03 6.351545119446e-02 1.675362929067e+03 1.238051399758e-02 1.369738133563e-02
16 8 2 0.58982563 0.83528374 2.26892786 0.55289081 0.63269653 1.357935482902e-03 6.945993034303e-02 1.628929276618e+03 1.219506266912e-02 1.483358391133e-02
16 9 2 0.58982563 0.83528374 2.26892786 0.55289081 0.63269653 1.308621722214e-03 6.083035218245e-02 1.565401750113e+03 1.151878024532e-02 1.349302406685e-02
16 10 2 0.58982563 0.83528374 2.26892786 0.55289081 0.63269653 1.261544904751e-03 5.969086189074e-02 1.485484819139e+03 1.115496928030e-02 1.118689203827e-02
16 11 2 0.58982563 0.83528374 2.26892786 0.55289081 0.63269653 1.216705082904e-03 6.024067922547e-02 1.392995105783e+03 1.071740033254e-02 1.043264653558e-02
16 12 2 0.58982563 0.83528374 2.26892786 0.55289081 0.63269653 1.174102306576e-03 4.220600081266e-02 1.280977566566e+03 1.008393146514e-02 1.180347553147e-02
16 13 2 0.58982563 0.83528374 2.26892786 0.55289081 0.63269653 1.133736623180e-03 2.932887112059e-02 1.156424414108e+03 9.857467887186e-03 1.308077261676e-02
16 14 2 0.58982563 0.83528374 2.26892786 0.55289081 0.63269653 1.095608077637e-03 1.892076610762e-02 1.034964844044e+03 9.352275688293e-03 1.184131573963e-02
16 15 2 0.58982563 0.83528374 2.26892786 0.55289081 0.63269653 1.059716712381e-03 8.980779690022e-03 9.196999288620e+02 9.038132217686e-03 8.591685821495e-03
16 16 2 0.58982563 0.83528374 2.26892786 0.55289081 0.63269653 1.026062567356e-03 4.993690333427e-03 8.191145471370e+02 8.902629173160e-03 6.421822197469e-03
16 17 2 0.58982563 0.83528374 2.26892786 0.55289081 0.63269653 9.946456800137e-04 3.602437195515e-03 7.381538501882e+02 8.527234574744e-03 7.268886112683e-03
16 18 2 0.58982563 0.83528374 2.26892786 0.55289081 0.63269653 9.654660853192e-04 1.122743850852e-03 6.767857305188e+02 8.512844866500e-03 9.425781778774e-03
16 19 2 0.58982563 0.83528374 2.26892786 0.55289081 0.63269653 9.385238157461e-04 5.203639747929e-04 6.352272584596e+02 8.348330121028e-03 9.681494436901e-03
16 20 2 0.58982563 0.83528374 2.26892786 0.55289081 0.63269653 9.138189012777e-04 4.976685709079e-04 6.171684651131e+02 8.160790137788e-03 7.517325862249e-03
16 21 2 0.58982563 0.83528374 2.26892786 0.55289081 0.63269653 8.913513694087e-04 1.174671827043e-05 6.162278304722e+02 8.205559403489e-03 5.856069210908e-03
16 22 2 0.58982563 0.83528374 2.26892786 0.55289081 0.63269653 8.711212451425e-04 1.168631952454e-04 6.298268100734e+02 7.942663942405e-03 7.205291133080e-03
16 23 2 0.58982563 0.83528374 2.26892786 0.55289081 0.63269653 8.531285509934e-04 4.877037220125e-04 6.627705734743e+02 7.876218437672e-03 1.018583642285e-02
16 24 2 0.58982563 0.83528374 2.26892786 0.55289081 0.63269653 8.373733069852e-04 2.399138468929e-03 7.060117920744e+02 7.769144095329e-03 1.112800627147e-02
16 25 2 0.58982563 0.83528374 2.26892786 0.55289081 0.63269653 8.238555306519e-04 3.012698941893e-03 7.562272194854e+02 7.472949639296e-03 8.786404306420e-03
16 26 2 0.58982563 0.83528374 2.26892786 0.55289081 0.63269653 8.125752370374e-04 3.154462440302e-03 8.125596561818e+02 7.440470012032e-03 5.993311155066e-03
16 27 2 0.58982563 0.83528374 2.26892786 0.55289081 0.63269653 8.035324386955e-04 4.282235871333e-03 8.634558449422e+02 7.178696519622e-03 6.000939025356e-03
16 28 2 0.58982563 0.83528374 2.26892786 0.55289081 0.63269653 7.967271456897e-04 4.583327585716e-03 8.995960113771e+02 7.003973683818e-03 8.276176823811e-03
16 29 2 0.58982563 0.83528374 2.26892786 0.55289081 0.63269653 7.921593655937e-04 3.029847532601e-03 9.281072988775e+02 6.971539417730e-03 9.289415092911e-03
16 30 2 0.58982563 0.83528374 2.26892786 0.55289081 0.63269653 7.898291034910e-04 2.700686910689e-03 9.466362368145e+02 6.736161879228e-03 7.261163032264e-03
16 31 2 0.58982563 0.83528374 2.26892786 0.55289081 0.63269653 7.897363619748e-04 1.224131155831e-03 9.566267520411e+02 6.793309298058e-03 4.580800607996e-03
16 32 2 0.58982563 0.83528374 2.26892786 0.55289081 0.63269653 7.918811411484e-04 2.872131215300e-05 9.724695506885e+02 6.778870979786e-03 4.680097614115e-03
16 33 2 0.58982563 0.83528374 2.26892786 0.55289081 0.63269653 7.962634386248e-04 6.709534350922e-04 9.748305864883e+02 6.764515913577e-03 7.495287151058e-03
16 34 2 0.58982563 0.83528374 2.26892786 0.55289081 0.63269653 8.028832495271e-04 6.654733818405e-04 9.555433344971e+02 7.013682862687e-03 9.536740795811e-03
16 35 2 0.58982563 0.83528374 2.26892786 0.55289081 0.63269653 8.117405664881e-04 1.359351437721e-03 9.221440595136e+02 7.046227170669e-03 8.484369043071e-03
16 36 2 0.58982563 0.83528374 2.26892786 0.55289081 0.63269653 8.228353796504e-04 1.273688582394e-03 8.709584792654e+02 7.296101598692e-03 6.222650852331e-03
16 37 2 0.58982563 0.83528374 2.26892786 0.55289081 0.63269653 8.361676766669e-04 6.153803720744e-04 8.122391356483e+02 7.563565296395e-03 6.292793065493e-03
16 38 2 0.58982563 0.83528374 2.26892786 0.55289081 0.63269653 8.517374427000e-04 5.025929138641e-04 7.578848898712e+02 7.657313846405e-03 9.138022322939e-03
16 39 2 0.58982563 0.83528374 2.26892786 0.55289081 0.63269653 8.695446604222e-04 2.833086856468e-04 7.109600128033e+02 8.030442863015e-03 1.143684885701e-02
16 40 2 0.58982563 0.83528374 2.26892786 0.55289081 0.63269653 8.895893100161e-04 2.242047825450e-04 6.695877242009e+02 8.150525371293e-03 1.040304421016e-02
16 41 2 0.58982563 0.83528374 2.26892786 0.55289081 0.63269653 9.118713691739e-04 9.349098238390e-04 6.432760412167e+02 8.316425557011e-03 7.387745839571e-03
16 42 2 0.58982563 0.83528374 2.26892786 0.55289081 0.63269653 9.363908130982e-04 1.206486131824e-03 6.334708529809e+02 8.611700975152e-03 6.096887422148e-03
16 43 2 0.58982563 0.83528374 2.26892786 0.55289081 0.63269653 9.631476145013e-04 3.444535314125e-03 6.373996053014e+02 8.592168231250e-03 7.846972231453e-03
16 44 2 0.58982563 0.83528374 2.26892786 0.55289081 0.63269653 9.921417436060e-04 3.587154938409e-03 6.674734216640e+02 8.858293146173e-03 1.006863546263e-02
16 45 2 0.58982563 0.83528374 2.26892786 0.55289081 0.63269653 1.023373168144e-03 3.936720026519e-03 7.216562663475e+02 8.995139225728e-03 9.856665797425e-03
16 46 2 0.58982563 0.83528374 2.26892786 0.55289081 0.63269653 1.056841853360e-03 7.382143056071e-03 7.969180851863e+02 9.050281345587e-03 7.779950062359e-03
16 47 2 0.58982563 0.83528374 2.26892786 0.55289081 0.63269653 1.092547762005e-03 8.466961044009e-03 8.957141214453e+02 9.440437484602e-03 7.050943020746e-03
16 48 2 0.58982563 0.83528374 2.26892786 0.55289081 0.63269653 1.130490854342e-03 1.098532508603e-02 1.012222774924e+03 9.532951076501e-03 9.341393184268e-03
16 49 2 0.58982563 0.83528374 2.26892786 0.55289081 0.63269653 1.170671088146e-03 2.026483332597e-02 1.136602170778e+03 9.906067030829e-03 1.270310071978e-02
16 50 2 0.58982563 0.83528374 2.26892786 0.55289081 0.63269653 1.213088418700e-03 3.040561484585e-02 1.265691771919e+03 1.037445919105e-02 1.404179191897e-02
16 51 2 0.58982563 0.83528374 2.26892786 0.55289081 0.63269653 1.257742798797e-03 4.173292150278e-02 1.390414370901e+03 1.061753048126e-02 1.279024505907e-02
16 52 2 0.58982563 0.83528374 2.26892786 0.55289081 0.63269653 1.304634178742e-03 5.975737327111e-02 1.500335237789e+03 1.131638039452e-02 1.130458729425e-02
16 53 2 0.58982563 0.83528374 2.26892786 0.55289081 0.63269653 1.353762506351e-03 5.880423079904e-02 1.604243151726e+03 1.172231785266e-02 1.187151200746e-02
16 54 2 0.58982563 0.83528374 2.26892786 0.55289081 0.63269653 1.405127726948e-03 5.699297092067e-02 1.696244047590e+03 1.219291658980e-02 1.410936639289e-02
16 55 2 0.58982563 0.83528374 2.26892786 0.55289081 0.63269653 1.458729783368e-03 6.397760303330e-02 1.763079774812e+03 1.290724834396e-02 1.557485078542e-02
16 56 2 0.58982563 0.83528374 2.26892786 0.55289081 0.63269653 1.514568615961e-03 5.658973719049e-02 1.796154839825e+03 1.311575658319e-02 1.456732569739e-02
16 57 2 0.58982563 0.83528374 2.26892786 0.55289081 0.63269653 1.572644162581e-03 5.212726997611e-02 1.787607068707e+03 1.369183612003e-02 1.204848102181e-02
16 58 2 0.58982563 0.83528374 2.26892786 0.55289081 0.63269653 1.632956358597e-03 4.854261629965e-02 1.750133256158e+03 1.403889901690e-02 1.080397802770e-02
16 59 2 0.58982563 0.83528374 2.26892786 0.55289081 0.63269653 1.695505136888e-03 3.806937954964e-02 1.696446693086e+03 1.408837134300e-02 1.263462306758e-02
16 60 2 0.58982563 0.83528374 2.26892786 0.55289081 0.63269653 1.760290427845e-03 3.031318784489e-02 1.631686027995e+03 1.456656194505e-02 1.625831785990e-02
16 61 2 0.58982563 0.83528374 2.26892786 0.55289081 0.63269653 1.827312159368e-03 3.269745013870e-02 1.566331916970e+03 1.446795641054e-02 1.834818524487e-02
16 62 2 0.58982563 0.83528374 2.26892786 0.55289081 0.63269653 1.896570256868e-03 2.517506030049e-02 1.494315692024e+03 1.459992198203e-02 1.726410844039e-02
16 63 2 0.58982563 0.83528374 2.26892786 0.55289081 0.63269653 1.968064643268e-03 1.532965119122e-02 1.419576851853e+03 1.487178113920e-02 1.552729617100e-02
18 0 2 0.94609489 0.58684865 0.61464307 0.46120467 0.69195661 7.342325191032e-02 2.018616794044e-06 1.386039611048e+00 1.682681539944e-06 2.278717398657e-03
18 1 2 0.94609489 0.58684865 0.61464307 0.46120467 0.69195661 7.075455250627e-02 7.538239901692e-08 1.278215507978e+00 8.465727348429e-07 2.615425942482e-03
18 2 2 0.94609489 0.58684865 0.61464307 0.46120467 0.69195661 6.816981294593e-02 1.189353911045e-06 1.183712931687e+00 4.391722464081e-06 6.544166144449e-03
18 3 2 0.94609489 0.58684865 0.61464307 0.46120467 0.69195661 6.566904306380e-02 3.925086770550e-06 1.096461693469e+00 6.499731170690e-06 7.082057561028e-03
18 4 2 0.94609489 0.58684865 0.61464307 0.46120467 0.69195661 6.325225237496e-02 7.007977228412e-06 1.009436330595e+00 6.556420057363e-06 6.734547305581e-03
18 5 2 0.94609489 0.58684865 0.61464307 0.46120467 0.69195661 6.091945007495e-02 9.551156157019e-06 9.193435913922e-01 7.548616036496e-06 2.509299757350e-03
18 6 2 0.94609489 0.58684865 0.61464307 0.46120467 0.69195661 5.867064503972e-02 1.115562275181e-05 8.283080732417e-01 1.000937295193e-05 8.264081294406e-04
18 7 2 0.94609489 0.58684865 0.61464307 0.46120467 0.69195661 5.650584582566e-02 1.188120158133e-05 7.419249666313e-01 1.046005271593e-05 1.010575000645e-03
18 8 2 0.94609489 0.58684865 0.61464307 0.46120467 0.69195661 5.442506066950e-02 1.211409629119e-05 6.653998270039e-01 6.447724221745e-06 3.703774161502e-03
18 9 2 0.94609489 0.58684865 0.61464307 0.46120467 0.69195661 5.242829748831e-02 1.237616139644e-05 6.004452775519e-01 1.141460319422e-06 3.901759401719e-03
18 10 2 0.94609489 0.58684865 0.61464307 0.46120467 0.69195661 5.051556387949e-02 1.312838315309e-05 5.447569794845e-01 7.952610774046e-07 4.607261965852e-03
18 11 2 0.94609489 0.58684865 0.61464307 0.46120467 0.69195661 4.868686712071e-02 1.461619047599e-05 4.940287424800e-01 7.504953751349e-06 4.656035568383e-03
18 12 2 0.94609489 0.58684865 0.61464307 0.46120467 0.69195661 4.694221416988e-02 1.678947756531e-05 4.448935883342e-01 1.595013540963e-05 4.291255812853e-03
18 13 2 0.94609489 0.58684865 0.61464307 0.46120467 0.69195661 4.528161166516e-02 1.930983109582e-05 3.968313041139e-01 1.841514119714e-05 4.459036695277e-03
18 14 2 0.94609489 0.58684865 0.61464307 0.46120467 0.69195661 4.370506592489e-02 2.163639031651e-05 3.520036636978e-01 1.270544567722e-05 2.436257592366e-03
18 15 2 0.94609489 0.58684865 0.61464307 0.46120467 0.69195661 4.221258294759e-02 2.316461637438e-05 3.134143052326e-01 4.214389002619e-06 2.401981201235e-03
18 16 2 0.94609489 0.58684865 0.61464307 0.46120467 0.69195661 4.080416841193e-02 2.338227733188e-05 2.827783346024e-01 1.165035101193e-07 2.268218966063e-03
18 17 2 0.94609489 0.58684865 0.61464307 0.46120467 0.69195661 3.947982767674e-02 2.200557188281e-05 2.594784317719e-01 2.347029649205e-06 6.123340378721e-03
18 18 2 0.94609489 0.58684865 0.61464307 0.46120467 0.69195661 3.823956578093e-02 1.906496947056e-05 2.411229815175e-01 6.757271150772e-06 7.346073140229e-03
18 19 2 0.94609489 0.58684865 0.61464307 0.46120467 0.69195661 3.708338744350e-02 1.492287502840e-05 2.251553756353e-01 8.425096931384e-06 9.672020094638e-03
18 20 2 0.94609489 0.58684865 0.61464307 0.46120467 0.69195661 3.601129706356e-02 1.022049524011e-05 2.103763717777e-01 6.561975535150e-06 7.058465475584e-03
18 21 2 0.94609489 0.58684865 0.61464307 0.46120467 0.69195661 3.502329872024e-02 5.765941088428e-06 1.974320381458e-01 3.959582426528e-06 4.284563210888e-03
18 22 2 0.94609489 0.58684865 0.61464307 0.46120467 0.69195661 3.411939617273e-02 2.386796802630e-06 1.880737640966e-01 2.799483210788e-06 3.190769505214e-03
18 23 2 0.94609489 0.58684865 0.61464307 0.46120467 0.69195661 3.329959286024e-02 7.762728291348e-07 1.837848198240e-01 2.425704736274e-06 4.160925680568e-03
18 24 2 0.94609489 0.58684865 0.61464307 0.46120467 0.69195661 3.256389190202e-02 1.362031507792e-06 1.847050127050e-01 1.380989480714e-06 5.931586496683e-03
18 25 2 0.94609489 0.58684865 0.61464307 0.46120467 0.69195661 3.191229609729e-02 4.221402468011e-06 1.895143481349e-01 3.481988952652e-07 5.320057769925e-03
18 26 2 0.94609489 0.58684865 0.61464307 0.46120467 0.69195661 3.134480792527e-02 9.057465954822e-06 1.962832304388e-01 1.709312061747e-06 5.859640852336e-03
18 27 2 0.94609489 0.58684865 0.61464307 0.46120467 0.69195661 3.086142954518e-02 1.523934601501e-05 2.036911977487e-01 6.088734089541e-06 6.006143446190e-03
18 28 2 0.94609489 0.58684865 0.61464307 0.46120467 0.69195661 3.046216279619e-02 2.189905933396e-05 2.118203822178e-01 1.044604730400e-05 9.275041207696e-03
18 29 2 0.94609489 0.58684865 0.61464307 0.46120467 0.69195661 3.014700919746e-02 2.806816170999e-05 2.220328047123e-01 1.069206356457e-05 8.807794142211e-03
18 30 2 0.94609489 0.58684865 0.61464307 0.46120467 0.69195661 2.991596994811e-02 3.283146287027e-05 2.360304282658e-01 6.259337210443e-06 6.215959744076e-03
18 31 2 0.94609489 0.58684865 0.61464307 0.46120467 0.69195661 2.976904592719e-02 3.547288107660e-05 2.547057947668e-01 1.295489963979e-06 2.936408001467e-03
18 32 2 0.94609489 0.58684865 0.61464307 0.46120467 0.69195661 2.970623769375e-02 3.559014482818e-05 2.775162906776e-01 6.874169699687e-07 2.382864657867e-03
18 33 2 0.94609489 0.58684865 0.61464307 0.46120467 0.69195661 2.972754548674e-02 3.316009882713e-05 3.027892459923e-01 5.019949372294e-06 5.317258934516e-03
18 34 2 0.94609489 0.58684865 0.61464307 0.46120467 0.69195661 2.983296922510e-02 2.854404426556e-05 3.287869493853e-01 9.972583628614e-06 7.729689593940e-03
18 35 2 0.94609489 0.58684865 0.61464307 0.46120467 0.69195661 3.002250850771e-02 2.243178452845e-05 3.548768121496e-01 1.082042582094e-05 8.611574751515e-03
18 36 2 0.94609489 0.58684865 0.61464307 0.46120467 0.69195661 3.029616261340e-02 1.573262782589e-05 3.820574161195e-01 7.096786103936e-06 5.507111789243e-03
18 37 2 0.94609489 0.58684865 0.61464307 0.46120467 0.69195661 3.065393050095e-02 9.430203237988e-06 4.124581200140e-01 2.479567524807e-06 5.135820413354e-03
18 38 2 0.94609489 0.58684865 0.61464307 0.46120467 0.69195661 3.109581080912e-02 4.424284481194e-06 4.480574846462e-01 4.856001000941e-07 4.503156376021e-03
18 39 2 0.94609489 0.58684865 0.61464307 0.46120467 0.69195661 3.162180185660e-02 1.385766966911e-06 4.893841127987e-01 1.137774942771e-06 4.885492998751e-03
18 40 2 0.94609489 0.58684865 0.61464307 0.46120467 0.69195661 3.223190164209e-02 6.497494549791e-07 5.350419213733e-01 2.154988776827e-06 3.394172017417e-03
18 41 2 0.94609489 0.58684865 0.61464307 0.46120467 0.69195661 3.292610784425e-02 2.166132918037e-06 5.824514331290e-01 2.541728044656e-06 2.116651926925e-03
18 42 2 0.94609489 0.58684865 0.61464307 0.46120467 0.69195661 3.370441782171e-02 5.517786749165e-06 6.294504626056e-01 3.688184451625e-06 2.951711496461e-03
18 43 2 0.94609489 0.58684865 0.61464307 0.46120467 0.69195661 3.456682861314e-02 1.000444288116e-05 6.757956777012e-01 6.606460934249e-06 5.327310741367e-03
18 44 2 0.94609489 0.58684865 0.61464307 0.46120467 0.69195661 3.551333693718e-02 1.477803481695e-05 7.235560509580e-01 9.279130269584e-06 7.934772423229e-03
18 45 2 0.94609489 0.58684865 0.61464307 0.46120467 0.69195661 3.654393919250e-02 1.900457139693e-05 7.759937438758e-01 8.337280906789e-06 5.976081691351e-03
18 46 2 0.94609489 0.58684865 0.61464307 0.46120467 0.69195661 3.765863145783e-02 2.202115704305e-05 8.354800012220e-01 3.689891761580e-06 4.992060042448e-03
18 47 2 0.94609489 0.58684865 0.61464307 0.46120467 0.69195661 3.885740949191e-02 2.345621878450e-05 9.017133726158e-01 1.768413643782e-07 1.479973145996e-03
18 48 2 0.94609489 0.58684865 0.61464307 0.46120467 0.69195661 4.014026873359e-02 2.328711157235e-05 9.714822749830e-01 3.071266173767e-06 1.567651929654e-03
18 49 2 0.94609489 0.58684865 0.61464307 0.46120467 0.69195661 4.150720430176e-02 2.182141492358e-05 1.040349438083e+00 1.175990336056e-05 1.826226065985e-03
18 50 2 0.94609489 0.58684865 0.61464307 0.46120467 0.69195661 4.295821099544e-02 1.960434939468e-05 1.105387972526e+00 1.912157602063e-05 3.906372960152e-03
18 51 2 0.94609489 0.58684865 0.61464307 0.46120467 0.69195661 4.449328329377e-02 1.727162564624e-05 1.167255877242e+00 1.831136343382e-05 3.731527273181e-03
18 52 2 0.94609489 0.58684865 0.61464307 0.46120467 0.69195661 4.611241535602e-02 1.538092943413e-05 1.230096328271e+00 9.978310050451e-06 4.250468531537e-03
18 53 2 0.94609489 0.58684865 0.61464307 0.46120467 0.69195661 4.781560102163e-02 1.426263206720e-05 1.299020480449e+00 1.779181403477e-06 4.200484788345e-03
18 54 2 0.94609489 0.58684865 0.61464307 0.46120467 0.69195661 4.960283381024e-02 1.392879796363e-05 1.376559559307e+00 4.666172457921e-07 3.805002302145e-03
18 55 2 0.94609489 0.58684865 0.61464307 0.46120467 0.69195661 5.147410692169e-02 1.406855537277e-05 1.460390896933e+00 5.319769836069e-06 3.560577810821e-03
18 56 2 0.94609489 0.58684865 0.61464307 0.46120467 0.69195661 5.342941323606e-02 1.413899444675e-05 1.544098861835e+00 1.008148126458e-05 1.057798324038e-03
18 57 2 0.94609489 0.58684865 0.61464307 0.46120467 0.69195661 5.546874531370e-02 1.353760551038e-05 1.620879319708e+00 1.053744277665e-05 1.088845692909e-03
18 58 2 0.94609489 0.58684865 0.61464307 0.46120467 0.69195661 5.759209539526e-02 1.181994494712e-05 1.688031243295e+00 8.446286975154e-06 3.391781453736e-03
18 59 2 0.94609489 0.58684865 0.61464307 0.46120467 0.69195661 5.979945540169e-02 8.910177090026e-06 1.749219514370e+00 7.581444395878e-06 8.293322714307e-03
18 60 2 0.94609489 0.58684865 0.61464307 0.46120467 0.69195661 6.209081693432e-02 5.246977535480e-06 1.812626292188e+00 7.868296664519e-06 8.777955239939e-03
18 61 2 0.94609489 0.58684865 0.61464307 0.46120467 0.69195661 6.446617127488e-02 1.815524809650e-06 1.885731706719e+00 5.942161923878e-06 8.194661557783e-03
18 62 2 0.94609489 0.58684865 0.61464307 0.46120467 0.69195661 6.692550938546e-02 3.758834181787e-08 1.969940818031e+00 1.593377887014e-06 3.593362491199e-03
18 63 2 0.94609489 0.58684865 0.61464307 0.46120467 0.69195661 6.946882190867e-02 1.522546418127e-06 2.058824538544e+00 8.039055181152e-07 3.152078496264e-03
21 0 2 0.58475543 1.24083091 5.54035032 0.71951781 0.71286921 9.132494503694e-04 2.186572384433e+00 4.334622811605e+04 6.244231678525e+00 1.950350635942e-02
21 1 2 0.58475543 1.24083091 5.54035032 0.71951781 0.71286921 1.165405724338e-03 2.348509154300e+00 4.190144797927e+04 5.927703374765e+00 2.064764857477e-02
21 2 2 0.58475543 1.24083091 5.54035032 0.71951781 0.71286921 1.523690164602e-03 2.418818786590e+00 4.053037229869e+04 5.654480160281e+00 2.039693473996e-02
21 3 2 0.58475543 1.24083091 5.54035032 0.71951781 0.71286921 1.917673736344e-03 2.411926122791e+00 3.919218200815e+04 5.416774695775e+00 1.878466848751e-02
21 4 2 0.58475543 1.24083091 5.54035032 0.71951781 0.71286921 2.277671051775e-03 2.351851825175e+00 3.802271192764e+04 5.197584426193e+00 1.609492399496e-02
21 5 2 0.58475543 1.24083091 5.54035032 0.71951781 0.71286921 2.544695538958e-03 2.331227751082e+00 3.688172688861e+04 4.980917625158e+00 1.278185580050e-02
21 6 2 0.58475543 1.24083091 5.54035032 0.71951781 0.71286921 2.678062802265e-03 2.417118503748e+00 3.567261548094e+04 4.761366921482e+00 9.360731547992e-03
21 7 2 0.58475543 1.24083091 5.54035032 0.71951781 0.71286921 2.659743412615e-03 2.431299856655e+00 3.450859360116e+04 4.546532438939e+00 6.301514449279e-03
21 8 2 0.58475543 1.24083091 5.54035032 0.71951781 0.71286921 2.495115684162e-03 2.437643109919e+00 3.330690981283e+04 4.350574293551e+00 3.948212198280e-03
21 9 2 0.58475543 1.24083091 5.54035032 0.71951781 0.71286921 2.210319625569e-03 2.312209668235e+00 3.220311449191e+04 4.183287044970e+00 2.475518054050e-03
21 10 2 0.58475543 1.24083091 5.54035032 0.71951781 0.71286921 1.846884017192e-03 2.275970414619e+00 3.119546580548e+04 4.042251529081e+00 1.883590953583e-03
21 11 2 0.58475543 1.24083091 5.54035032 0.71951781 0.71286921 1.454627984880e-03 2.165301997678e+00 3.022276785250e+04 3.913534469298e+00 2.024933296942e-03
21 12 2 0.58475543 1.24083091 5.54035032 0.71951781 0.71286921 1.083992114579e-03 2.055544209306e+00 2.925975309772e+04 3.780474571211e+00 2.654214122815e-03
21 13 2 0.58475543 1.24083091 5.54035032 0.71951781 0.71286921 7.789272260188e-04 1.763120893388e+00 2.840478308820e+04 3.634470317946e+00 3.490809899764e-03
21 14 2 0.58475543 1.24083091 5.54035032 0.71951781 0.71286921 5.712837702103e-04 1.447928770993e+00 2.760631544014e+04 3.480325169657e+00 4.283056996916e-03
21 15 2 0.58475543 1.24083091 5.54035032 0.71951781 0.71286921 4.773447536487e-04 1.134892259406e+00 2.679010489826e+04 3.332543801319e+00 4.862316594857e-03
21 16 2 0.58475543 1.24083091 5.54035032 0.71951781 0.71286921 4.967855578609e-04 9.311479137406e-01 2.606357022565e+04 3.205271205669e+00 5.175063647843e-03
21 17 2 0.58475543 1.24083091 5.54035032 0.71951781 0.71286921 6.139828471538e-04 7.859879195442e-01 2.532666594158e+04 3.102894036138e+00 5.284060332122e-03
21 18 2 0.58475543 1.24083091 5.54035032 0.71951781 0.71286921 8.012831964777e-04 6.315614460101e-01 2.469856161726e+04 3.017705581799e+00 5.336191447420e-03
21 19 2 0.58475543 1.24083091 5.54035032 0.71951781 0.71286921 1.023617930273e-03 4.862672804258e-01 2.412380756869e+04 2.936010495282e+00 5.503800926518e-03
21 20 2 0.58475543 1.24083091 5.54035032 0.71951781 0.71286921 1.243734365424e-03 3.479397427106e-01 2.357016594299e+04 2.848200788961e+00 5.915553620868e-03
21 21 2 0.58475543 1.24083091 5.54035032 0.71951781 0.71286921 1.427307528081e-03 2.928342177479e-01 2.307745994014e+04 2.755726469307e+00 6.598283349214e-03
21 22 2 0.58475543 1.24083091 5.54035032 0.71951781 0.71286921 1.547286914900e-03 2.557511598734e-01 2.263386201435e+04 2.670213780433e+00 7.450105502961e-03
21 23 2 0.58475543 1.24083091 5.54035032 0.71951781 0.71286921 1.586994945454e-03 2.486674015209e-01 2.233447660169e+04 2.605505266677e+00 8.256654784973e-03
21 24 2 0.58475543 1.24083091 5.54035032 0.71951781 0.71286921 1.541696381594e-03 2.442683306134e-01 2.204469785506e+04 2.568234778754e+00 8.748849824799e-03
21 25 2 0.58475543 1.24083091 5.54035032 0.71951781 0.71286921 1.418569749222e-03 2.874466033772e-01 2.177968394285e+04 2.553426851586e+00 8.686455470358e-03
21 26 2 0.58475543 1.24083091 5.54035032 0.71951781 0.71286921 1.235205532514e-03 3.965257485083e-01 2.150802138934e+04 2.548043019443e+00 7.941880896946e-03
21 27 2 0.58475543 1.24083091 5.54035032 0.71951781 0.71286921 1.016911829446e-03 5.260045345676e-01 2.124744493473e+04 2.539929315485e+00 6.556822910729e-03
21 28 2 0.58475543 1.24083091 5.54035032 0.71951781 0.71286921 7.932150857626e-04 7.074430716705e-01 2.100325088357e+04 2.525995973618e+00 4.751567661976e-03
21 29 2 0.58475543 1.24083091 5.54035032 0.71951781 0.71286921 5.939984232131e-04 9.065916769704e-01 2.079389864329e+04 2.514082903213e+00 2.880927535678e-03
21 30 2 0.58475543 1.24083091 5.54035032 0.71951781 0.71286921 4.457262665352e-04 1.237419324857e+00 2.069517125405e+04 2.517326833554e+00 1.347429580516e-03
21 31 2 0.58475543 1.24083091 5.54035032 0.71951781 0.71286921 3.681686934613e-04 1.603594388477e+00 2.066476897382e+04 2.544951419425e+00 4.961118426131e-04
21 32 2 0.58475543 1.24083091 5.54035032 0.71951781 0.71286921 3.719709280334e-04 2.000878131594e+00 2.085177004483e+04 2.595808705369e+00 5.216472259872e-04
21 33 2 0.58475543 1.24083091 5.54035032 0.71951781 0.71286921 4.573210912335e-04 2.252515725203e+00 2.108715335958e+04 2.659111801456e+00 1.415379006952e-03
21 34 2 0.58475543 1.24083091 5.54035032 0.71951781 0.71286921 6.138599247594e-04 2.412544240320e+00 2.131314390149e+04 2.721897427673e+00 2.968120795468e-03
21 35 2 0.58475543 1.24083091 5.54035032 0.71951781 0.71286921 8.218558246301e-04 2.489033327052e+00 2.156422529512e+04 2.778140308275e+00 4.827876703889e-03
21 36 2 0.58475543 1.24083091 5.54035032 0.71951781 0.71286921 1.054543062791e-03 2.577084832669e+00 2.176720379610e+04 2.833233254335e+00 6.595183721440e-03
21 37 2 0.58475543 1.24083091 5.54035032 0.71951781 0.71286921 1.281397460279e-03 2.664796906804e+00 2.200704528260e+04 2.900614939112e+00 7.927716137279e-03
21 38 2 0.58475543 1.24083091 5.54035032 0.71951781 0.71286921 1.472010983905e-03 2.674666498357e+00 2.225832485567e+04 2.992667837664e+00 8.623576466382e-03
21 39 2 0.58475543 1.24083091 5.54035032 0.71951781 0.71286921 1.600136141286e-03 2.645601466161e+00 2.258966633330e+04 3.112029493688e+00 8.659969658926e-03
21 40 2 0.58475543 1.24083091 5.54035032 0.71951781 0.71286921 1.647415715911e-03 2.546018523204e+00 2.297649082351e+04 3.249364991374e+00 8.178306147282e-03
21 41 2 0.58475543 1.24083091 5.54035032 0.71951781 0.71286921 1.606306287613e-03 2.536354035540e+00 2.350310830302e+04 3.389366736864e+00 7.423502108484e-03
21 42 2 0.58475543 1.24083091 5.54035032 0.71951781 0.71286921 1.481755337296e-03 2.476294098123e+00 2.411117665167e+04 3.521089083526e+00 6.658902328113e-03
21 43 2 0.58475543 1.24083091 5.54035032 0.71951781 0.71286921 1.291305967938e-03 2.435472857922e+00 2.471212771845e+04 3.645567050384e+00 6.084511201477e-03
21 44 2 0.58475543 1.24083091 5.54035032 0.71951781 0.71286921 1.063476337980e-03 2.241675770375e+00 2.537219932751e+04 3.775314959709e+00 5.783348542952e-03
21 45 2 0.58475543 1.24083091 5.54035032 0.71951781 0.71286921 8.344786384906e-04 2.083247412195e+00 2.605200602131e+04 3.925800576977e+00 5.710183298749e-03
21 46 2 0.58475543 1.24083091 5.54035032 0.71951781 0.71286921 6.435806228714e-04 1.911861674030e+00 2.684871019580e+04 4.104641840890e+00 5.722639634898e-03
21 47 2 0.58475543 1.24083091 5.54035032 0.71951781 0.71286921 5.276390824981e-04 1.820507451877e+00 2.763207914376e+04 4.306097800999e+00 5.641721068074e-03
21 48 2 0.58475543 1.24083091 5.54035032 0.71951781 0.71286921 5.155130620735e-04 1.662555532555e+00 2.846785904808e+04 4.514970778044e+00 5.321266815833e-03
21 49 2 0.58475543 1.24083091 5.54035032 0.71951781 0.71286921 6.231604594760e-04 1.425005882180e+00 2.935411331401e+04 4.717532299362e+00 4.705488826623e-03
21 50 2 0.58475543 1.24083091 5.54035032 0.71951781 0.71286921 8.502083016568e-04 1.166923150005e+00 3.025183475222e+04 4.912024645334e+00 3.859514088999e-03
21 51 2 0.58475543 1.24083091 5.54035032 0.71951781 0.71286921 1.178651577361e-03 9.749451665221e-01 3.129704584936e+04 5.111320123743e+00 2.966755403478e-03
21 52 2 0.58475543 1.24083091 5.54035032 0.71951781 0.71286921 1.574083318994e-03 9.620881315509e-01 3.234537633793e+04 5.335596707286e+00 2.295497343537e-03
21 53 2 0.58475543 1.24083091 5.54035032 0.71951781 0.71286921 1.989514814704e-03 9.881458238218e-01 3.341568801257e+04 5.599831642431e+00 2.142974656637e-03
21 54 2 0.58475543 1.24083091 5.54035032 0.71951781 0.71286921 2.371452907062e-03 1.083713154472e+00 3.456435490084e+04 5.904649661180e+00 2.768006293420e-03
21 55 2 0.58475543 1.24083091 5.54035032 0.71951781 0.71286921 2.667518219857e-03 1.148307157534e+00 3.580000483722e+04 6.236875855435e+00 4.324058082436e-03
21 56 2 0.58475543 1.24083091 5.54035032 0.71951781 0.71286921 2.834576278637e-03 1.329665528208e+00 3.698219051517e+04 6.579476013727e+00 6.804903682520e-03
21 57 2 0.58475543 1.24083091 5.54035032 0.71951781 0.71286921 2.846170953244e-03 1.556094597624e+00 3.817958433788e+04 6.924058797488e+00 1.001528922674e-02
21 58 2 0.58475543 1.24083091 5.54035032 0.71951781 0.71286921 2.698039959739e-03 1.786249726841e+00 3.943642739623e+04 7.277329691176e+00 1.357802738944e-02
21 59 2 0.58475543 1.24083091 5.54035032 0.71951781 0.71286921 2.410675288303e-03 1.975060138661e+00 4.072630732883e+04 7.657068459692e+00 1.698462267801e-02
21 60 2 0.58475543 1.24083091 5.54035032 0.71951781 0.71286921 2.028257881063e-03 2.127019824533e+00 4.224075584511e+04 8.080397722148e+00 1.968738924823e-02
21 61 2 0.58475543 1.24083091 5.54035032 0.71951781 0.71286921 1.613805140779e-03 2.446847088669e+00 4.380160835213e+04 8.552304716771e+00 2.121797840891e-02
21 62 2 0.58475543 1.24083091 5.54035032 0.71951781 0.71286921 1.240953849897e-03 2.776128730379e+00 4.538738337470e+04 9.062058522440e+00 2.130427818045e-02
21 63 2 0.58475543 1.24083091 5.54035032 0.71951781 0.71286921 9.833727359588e-04 3.174800044435e+00 4.703540592841e+04 9.589729790728e+00 1.995078240413e-02
22 0 2 0.80651085 0.92966932 1.28840104 0.60324582 0.81429475 6.911514994755e-04 2.503414764031e-04 1.399793435013e+02 3.014725831916e-01 9.854071437940e-03
22 1 2 0.80651085 0.92966932 1.28840104 0.60324582 0.81429475 7.803625925965e-04 2.312136880797e-04 1.338612011429e+02 2.681222364929e-01 5.877896780399e-03
22 2 2 0.80651085 0.92966932 1.28840104 0.60324582 0.81429475 8.568607696687e-04 3.415345624397e-04 1.286372412912e+02 2.672453919364e-01 2.598808153798e-03
22 3 2 0.80651085 0.92966932 1.28840104 0.60324582 0.81429475 8.842914711923e-04 4.178847600725e-04 1.242407266160e+02 3.049330122603e-01 2.120885399861e-03
22 4 2 0.80651085 0.92966932 1.28840104 0.60324582 0.81429475 8.369981834649e-04 3.183334030941e-04 1.204955574332e+02 3.675094004985e-01 5.491751785298e-03
22 5 2 0.80651085 0.92966932 1.28840104 0.60324582 0.81429475 7.202121231378e-04 6.821429847631e-04 1.170083268310e+02 4.274743174408e-01 1.000273141677e-02
22 6 2 0.80651085 0.92966932 1.28840104 0.60324582 0.81429475 5.748115111672e-04 7.912474442199e-04 1.144936607195e+02 4.580300159239e-01 1.115520899240e-02
22 7 2 0.80651085 0.92966932 1.28840104 0.60324582 0.81429475 4.620132753723e-04 2.177467599734e-04 1.110015793414e+02 4.522593156644e-01 7.990966520716e-03
22 8 2 0.80651085 0.92966932 1.28840104 0.60324582 0.81429475 4.353623390583e-04 9.679376255072e-05 1.070415272495e+02 4.285285564756e-01 3.637280459237e-03
22 9 2 0.80651085 0.92966932 1.28840104 0.60324582 0.81429475 5.149589353297e-04 4.005078308859e-04 1.036542031064e+02 4.157176990245e-01 1.547598353169e-03
22 10 2 0.80651085 0.92966932 1.28840104 0.60324582 0.81429475 6.776157769219e-04 8.813575476059e-04 9.903677717541e+01 4.347287647437e-01 3.216559137128e-03
22 11 2 0.80651085 0.92966932 1.28840104 0.60324582 0.81429475 8.676516745250e-04 8.344110682025e-04 9.595514581263e+01 4.879895674181e-01 7.415480698159e-03
22 12 2 0.80651085 0.92966932 1.28840104 0.60324582 0.81429475 1.021889507018e-03 7.131085470926e-04 9.355404781785e+01 5.581421269884e-01 1.048528275796e-02
22 13 2 0.80651085 0.92966932 1.28840104 0.60324582 0.81429475 1.095592923050e-03 6.609553354370e-04 9.051175575949e+01 6.198662157440e-01 9.759875283532e-03
22 14 2 0.80651085 0.92966932 1.28840104 0.60324582 0.81429475 1.077013343842e-03 3.138548317611e-04 8.915896553032e+01 6.577796292118e-01 6.630847626196e-03
22 15 2 0.80651085 0.92966932 1.28840104 0.60324582 0.81429475 9.856247296624e-04 8.474318261464e-05 8.639246794897e+01 6.710639865364e-01 4.160974506737e-03
22 16 2 0.80651085 0.92966932 1.28840104 0.60324582 0.81429475 8.581305224658e-04 5.305675342937e-05 8.364046221015e+01 6.659644268572e-01 3.196839546121e-03
22 17 2 0.80651085 0.92966932 1.28840104 0.60324582 0.81429475 7.316968767411e-04 4.168598076162e-04 8.232889726682e+01 6.536757349620e-01 2.829189450574e-03
22 18 2 0.80651085 0.92966932 1.28840104 0.60324582 0.81429475 6.330900282180e-04 4.533723348834e-04 7.955638464452e+01 6.513211292810e-01 2.635551714407e-03
22 19 2 0.80651085 0.92966932 1.28840104 0.60324582 0.81429475 5.768654037288e-04 2.326269873129e-04 7.832558223550e+01 6.746516894098e-01 2.846716356467e-03
22 20 2 0.80651085 0.92966932 1.28840104 0.60324582 0.81429475 5.695003177769e-04 2.159394520714e-04 7.716561901760e+01 7.285281311145e-01 3.794141636609e-03
22 21 2 0.80651085 0.92966932 1.28840104 0.60324582 0.81429475 6.133410125082e-04 1.833743704928e-04 7.447031419800e+01 8.019038859674e-01 5.429072305875e-03
22 22 2 0.80651085 0.92966932 1.28840104 0.60324582 0.81429475 7.059487783650e-04 1.386482380319e-04 7.327883949914e+01 8.667613710661e-01 6.354727025550e-03
22 23 2 0.80651085 0.92966932 1.28840104 0.60324582 0.81429475 8.352373339681e-04 5.620869931609e-05 7.144186182399e+01 8.909727345954e-01 4.745161421497e-03
22 24 2 0.80651085 0.92966932 1.28840104 0.60324582 0.81429475 9.751869806464e-04 3.018599723436e-04 6.975757128836e+01 8.657591570269e-01 1.448409414727e-03
22 25 2 0.80651085 0.92966932 1.28840104 0.60324582 0.81429475 1.087831607443e-03 3.180630790267e-04 6.937419878489e+01 8.177058534289e-01 1.546952364789e-04
22 26 2 0.80651085 0.92966932 1.28840104 0.60324582 0.81429475 1.133897500941e-03 5.134868095929e-05 6.791757174744e+01 7.875739915890e-01 3.225175176395e-03
22 27 2 0.80651085 0.92966932 1.28840104 0.60324582 0.81429475 1.088892632066e-03 1.335077600695e-05 6.633235838361e+01 8.001909568875e-01 8.864272015182e-03
22 28 2 0.80651085 0.92966932 1.28840104 0.60324582 0.81429475 9.570348590505e-04 1.449554677873e-05 6.442832921247e+01 8.505917520093e-01 1.276954705929e-02
22 29 2 0.80651085 0.92966932 1.28840104 0.60324582 0.81429475 7.750105589233e-04 2.869319441288e-05 6.235139228574e+01 9.084502049604e-01 1.163075124664e-02
22 30 2 0.80651085 0.92966932 1.28840104 0.60324582 0.81429475 6.017586345254e-04 2.906549584694e-05 6.167488885938e+01 9.393735898141e-01 6.014826095176e-03
22 31 2 0.80651085 0.92966932 1.28840104 0.60324582 0.81429475 4.972504756845e-04 2.846878698404e-04 6.254031566131e+01 9.311701203595e-01 7.615511031743e-04
22 32 2 0.80651085 0.92966932 1.28840104 0.60324582 0.81429475 4.990397130805e-04 2.873886452908e-04 6.510957014427e+01 8.973169069093e-01 8.814949033271e-04
22 33 2 0.80651085 0.92966932 1.28840104 0.60324582 0.81429475 6.070448825530e-04 2.651469591301e-05 6.820184433606e+01 8.562373480745e-01 6.213801461657e-03
22 34 2 0.80651085 0.92966932 1.28840104 0.60324582 0.81429475 7.835615301296e-04 3.498219854593e-05 7.112592225971e+01 8.182324061662e-01 1.162082791147e-02
22 35 2 0.80651085 0.92966932 1.28840104 0.60324582 0.81429475 9.685166111886e-04 1.950029724403e-05 7.290779482604e+01 7.900899918912e-01 1.244910696569e-02
22 36 2 0.80651085 0.92966932 1.28840104 0.60324582 0.81429475 1.102964705551e-03 1.143406189462e-05 7.339280055787e+01 7.778318268204e-01 8.391025974147e-03
22 37 2 0.80651085 0.92966932 1.28840104 0.60324582 0.81429475 1.150307562760e-03 5.717249709480e-05 7.419675174532e+01 7.827748852548e-01 2.876014484283e-03
22 38 2 0.80651085 0.92966932 1.28840104 0.60324582 0.81429475 1.106408962776e-03 3.362195096239e-04 7.449047211161e+01 7.988981290701e-01 1.234369415656e-04
22 39 2 0.80651085 0.92966932 1.28840104 0.60324582 0.81429475 9.956650854636e-04 3.329652472668e-04 7.581777192878e+01 8.098708485937e-01 1.668116461559e-03
22 40 2 0.80651085 0.92966932 1.28840104 0.60324582 0.81429475 8.569757666111e-04 6.931550746246e-05 7.811902872842e+01 7.918230651176e-01 4.938437643525e-03
22 41 2 0.80651085 0.92966932 1.28840104 0.60324582 0.81429475 7.277867009712e-04 1.600900138221e-04 7.911946066689e+01 7.328483863877e-01 6.367303098641e-03
22 42 2 0.80651085 0.92966932 1.28840104 0.60324582 0.81429475 6.338415734237e-04 2.123005281585e-04 8.138465587294e+01 6.505019590551e-01 5.424604760793e-03
22 43 2 0.80651085 0.92966932 1.28840104 0.60324582 0.81429475 5.876433785671e-04 2.361773132080e-04 8.316315564010e+01 5.804248490670e-01 4.011200994794e-03
22 44 2 0.80651085 0.92966932 1.28840104 0.60324582 0.81429475 5.928908649401e-04 2.461335396375e-04 8.429501561512e+01 5.485632123318e-01 3.294294919300e-03
22 45 2 0.80651085 0.92966932 1.28840104 0.60324582 0.81429475 6.489259413069e-04 4.727333069893e-04 8.781437213300e+01 5.556967660413e-01 3.122184806202e-03
22 46 2 0.80651085 0.92966932 1.28840104 0.60324582 0.81429475 7.504773996701e-04 4.565877465602e-04 9.022137922662e+01 5.789659642381e-01 3.165049065879e-03
22 47 2 0.80651085 0.92966932 1.28840104 0.60324582 0.81429475 8.827791877321e-04 6.849461403524e-05 9.305361565824e+01 5.860010105608e-01 3.352767912716e-03
22 48 2 0.80651085 0.92966932 1.28840104 0.60324582 0.81429475 1.017116791865e-03 1.019901791593e-04 9.705146801916e+01 5.576951238729e-01 4.352812322926e-03
22 49 2 0.80651085 0.92966932 1.28840104 0.60324582 0.81429475 1.113317620900e-03 3.517500841049e-04 9.935929863572e+01 5.003585263821e-01 7.150317361995e-03
22 50 2 0.80651085 0.92966932 1.28840104 0.60324582 0.81429475 1.132092480694e-03 7.166415660163e-04 1.034088246502e+02 4.346448984239e-01 1.058791126611e-02
22 51 2 0.80651085 0.92966932 1.28840104 0.60324582 0.81429475 1.053303754962e-03 7.664975202967e-04 1.079189318489e+02 3.795102679738e-01 1.124321574316e-02
22 52 2 0.80651085 0.92966932 1.28840104 0.60324582 0.81429475 8.905488643716e-04 8.740189000047e-04 1.120665607294e+02 3.472103993147e-01 7.799615696538e-03
22 53 2 0.80651085 0.92966932 1.28840104 0.60324582 0.81429475 6.921150734984e-04 9.409508182955e-04 1.177407096861e+02 3.410658029409e-01 3.275048176858e-03
22 54 2 0.80651085 0.92966932 1.28840104 0.60324582 0.81429475 5.245660269512e-04 4.280204163622e-04 1.220452630687e+02 3.527308762537e-01 1.524476697932e-03
22 55 2 0.80651085 0.92966932 1.28840104 0.60324582 0.81429475 4.449415449497e-04 9.613647084029e-05 1.262852525369e+02 3.666568114098e-01 3.780089632954e-03
22 56 2 0.80651085 0.92966932 1.28840104 0.60324582 0.81429475 4.750553038880e-04 2.151510474050e-04 1.310202678032e+02 3.674899922252e-01 8.424334346197e-03
22 57 2 0.80651085 0.92966932 1.28840104 0.60324582 0.81429475 5.916573523522e-04 8.220805245880e-04 1.353023619838e+02 3.444512815452e-01 1.173308318222e-02
22 58 2 0.80651085 0.92966932 1.28840104 0.60324582 0.81429475 7.383504506604e-04 7.327419563268e-04 1.411778496974e+02 2.981126276200e-01 1.044129761944e-02
22 59 2 0.80651085 0.92966932 1.28840104 0.60324582 0.81429475 8.532420276793e-04 3.354158764107e-04 1.477916618430e+02 2.455397498619e-01 5.738271726590e-03
22 60 2 0.80651085 0.92966932 1.28840104 0.60324582 0.81429475 8.973788488150e-04 4.452582484658e-04 1.549447139580e+02 2.110059201536e-01 2.361334239913e-03
22 61 2 0.80651085 0.92966932 1.28840104 0.60324582 0.81429475 8.686687590012e-04 3.518316128144e-04 1.625105960121e+02 2.089141018250e-01 2.980099412842e-03
22 62 2 0.80651085 0.92966932 1.28840104 0.60324582 0.81429475 7.947869272402e-04 2.286142947713e-04 1.700929880695e+02 2.359921948151e-01 6.519130482266e-03
22 63 2 0.80651085 0.92966932 1.28840104 0.60324582 0.81429475 7.112915061760e-04 2.338247150156e-04 1.775973210118e+02 2.736929846591e-01 1.090554749757e-02
26 0 2 0.58426013 1.31142824 4.28608605 0.74702430 0.72309165 1.660917654975e-03 1.755625352987e+02 1.367922942926e+04 1.602965421172e+01 1.924452878809e-02
26 1 2 0.58426013 1.31142824 4.28608605 0.74702430 0.72309165 2.183465164593e-03 1.706137774873e+02 1.296066772205e+04 1.488455689404e+01 1.902736769298e-02
26 2 2 0.58426013 1.31142824 4.28608605 0.74702430 0.72309165 2.699002598204e-03 1.649543345849e+02 1.272053281001e+04 1.386618523706e+01 1.762979954612e-02
26 3 2 0.58426013 1.31142824 4.28608605 0.74702430 0.72309165 3.129043092131e-03 1.593991164211e+02 1.282213907994e+04 1.299395124999e+01 1.528011868962e-02
26 4 2 0.58426013 1.31142824 4.28608605 0.74702430 0.72309165 3.412681137825e-03 1.552206507669e+02 1.325837478550e+04 1.223469966549e+01 1.236549585666e-02
26 5 2 0.58426013 1.31142824 4.28608605 0.74702430 0.72309165 3.513229508009e-03 1.504602521211e+02 1.385471564807e+04 1.152453938577e+01 9.348799375849e-03
26 6 2 0.58426013 1.31142824 4.28608605 0.74702430 0.72309165 3.421118794660e-03 1.456018324009e+02 1.440407709786e+04 1.081506540488e+01 6.677858258119e-03
26 7 2 0.58426013 1.31142824 4.28608605 0.74702430 0.72309165 3.152988209227e-03 1.399747268650e+02 1.491729471476e+04 1.010305244361e+01 4.704806812731e-03
26 8 2 0.58426013 1.31142824 4.28608605 0.74702430 0.72309165 2.747414242433e-03 1.356492479688e+02 1.524221262699e+04 9.419976694610e+00 3.628868173688e-03
26 9 2 0.58426013 1.31142824 4.28608605 0.74702430 0.72309165 2.258133432996e-03 1.322425540986e+02 1.536076957553e+04 8.795635939243e+00 3.470833959909e-03
26 10 2 0.58426013 1.31142824 4.28608605 0.74702430 0.72309165 1.745870554683e-03 1.284302190861e+02 1.526081771421e+04 8.231247224208e+00 4.082323318611e-03
26 11 2 0.58426013 1.31142824 4.28608605 0.74702430 0.72309165 1.269964073673e-03 1.238105215354e+02 1.494937489932e+04 7.703741798208e+00 5.187608585089e-03
26 12 2 0.58426013 1.31142824 4.28608605 0.74702430 0.72309165 8.808934020156e-04 1.179287121215e+02 1.441090791308e+04 7.191620907118e+00 6.450233729408e-03
26 13 2 0.58426013 1.31142824 4.28608605 0.74702430 0.72309165 6.145867620110e-04 1.126858201707e+02 1.361815955987e+04 6.695263800266e+00 7.551291825479e-03
26 14 2 0.58426013 1.31142824 4.28608605 0.74702430 0.72309165 4.890699818243e-04 1.072496832754e+02 1.271371721381e+04 6.234806469714e+00 8.262379901923e-03
26 15 2 0.58426013 1.31142824 4.28608605 0.74702430 0.72309165 5.036586248143e-04 1.019401918152e+02 1.171151388144e+04 5.832081282982e+00 8.495652983762e-03
26 16 2 0.58426013 1.31142824 4.28608605 0.74702430 0.72309165 6.405510805436e-04 9.644823025005e+01 1.065528152233e+04 5.495354917413e+00 8.317343846648e-03
26 17 2 0.58426013 1.31142824 4.28608605 0.74702430 0.72309165 8.683929633162e-04 9.155476648671e+01 9.659948333438e+03 5.217908408147e+00 7.919558513537e-03
26 18 2 0.58426013 1.31142824 4.28608605 0.74702430 0.72309165 1.147184210663e-03 8.801189235901e+01 8.753634137847e+03 4.986100725131e+00 7.556321173326e-03
26 19 2 0.58426013 1.31142824 4.28608605 0.74702430 0.72309165 1.433804355341e-03 8.472502063556e+01 7.994058221541e+03 4.786321378466e+00 7.460557702953e-03
26 20 2 0.58426013 1.31142824 4.28608605 0.74702430 0.72309165 1.687437261046e-03 8.180517737300e+01 7.453392891163e+03 4.606642556177e+00 7.765437141995e-03
26 21 2 0.58426013 1.31142824 4.28608605 0.74702430 0.72309165 1.874269349486e-03 7.857580774254e+01 7.147417658113e+03 4.437324481691e+00 8.453633158334e-03
26 22 2 0.58426013 1.31142824 4.28608605 0.74702430 0.72309165 1.970990822296e-03 7.609829614017e+01 7.091518581617e+03 4.274206224554e+00 9.351012217495e-03
26 23 2 0.58426013 1.31142824 4.28608605 0.74702430 0.72309165 1.966818969637e-03 7.405271979187e+01 7.232678195508e+03 4.122130646410e+00 1.016875360014e-02
26 24 2 0.58426013 1.31142824 4.28608605 0.74702430 0.72309165 1.863958100868e-03 7.193652214351e+01 7.515735501142e+03 3.992177271081e+00 1.058359397465e-02
26 25 2 0.58426013 1.31142824 4.28608605 0.74702430 0.72309165 1.676587990930e-03 6.976156035060e+01 7.933883800186e+03 3.892199543333e+00 1.033412638259e-02
26 26 2 0.58426013 1.31142824 4.28608605 0.74702430 0.72309165 1.428614968141e-03 6.745267487361e+01 8.405315352409e+03 3.818853357780e+00 9.305538824219e-03
26 27 2 0.58426013 1.31142824 4.28608605 0.74702430 0.72309165 1.150517746222e-03 6.612375593565e+01 8.895484730102e+03 3.760156359281e+00 7.577650441287e-03
26 28 2 0.58426013 1.31142824 4.28608605 0.74702430 0.72309165 8.756721482382e-04 6.511538745603e+01 9.340647832153e+03 3.707939502391e+00 5.420971673189e-03
26 29 2 0.58426013 1.31142824 4.28608605 0.74702430 0.72309165 6.365491570776e-04 6.467837307994e+01 9.717860733368e+03 3.668709795698e+00 3.239956775414e-03
26 30 2 0.58426013 1.31142824 4.28608605 0.74702430 0.72309165 4.611570380035e-04 6.481751757595e+01 1.000338709330e+04 3.661304539813e+00 1.477490059492e-03
26 31 2 0.58426013 1.31142824 4.28608605 0.74702430 0.72309165 3.700496507656e-04 6.618768739913e+01 1.014933526729e+04 3.701736363619e+00 5.057175592173e-04
26 32 2 0.58426013 1.31142824 4.28608605 0.74702430 0.72309165 3.741578200658e-04 6.917660541002e+01 1.023391631891e+04 3.788478894825e+00 5.324810598139e-04
26 33 2 0.58426013 1.31142824 4.28608605 0.74702430 0.72309165 4.736251123562e-04 7.249768305083e+01 1.016161580291e+04 3.902107005082e+00 1.548665065072e-03
26 34 2 0.58426013 1.31142824 4.28608605 0.74702430 0.72309165 6.577475834932e-04 7.589579146411e+01 9.910124806223e+03 4.020321022996e+00 3.330806272229e-03
26 35 2 0.58426013 1.31142824 4.28608605 0.74702430 0.72309165 9.060311545332e-04 7.861792321330e+01 9.550644139457e+03 4.135097521661e+00 5.498345883700e-03
26 36 2 0.58426013 1.31142824 4.28608605 0.74702430 0.72309165 1.190291594962e-03 8.159747749655e+01 9.074046570263e+03 4.256854623433e+00 7.610047423119e-03
26 37 2 0.58426013 1.31142824 4.28608605 0.74702430 0.72309165 1.477632567263e-03 8.459903413581e+01 8.568064073538e+03 4.402872125908e+00 9.273479591373e-03
26 38 2 0.58426013 1.31142824 4.28608605 0.74702430 0.72309165 1.734050539357e-03 8.719491636690e+01 8.078863204159e+03 4.581678963713e+00 1.023807042447e-02
26 39 2 0.58426013 1.31142824 4.28608605 0.74702430 0.72309165 1.928337869592e-03 8.953986858040e+01 7.683568050444e+03 4.787822168318e+00 1.044708254460e-02
26 40 2 0.58426013 1.31142824 4.28608605 0.74702430 0.72309165 2.035895805224e-03 9.160056751089e+01 7.429624903340e+03 5.010445361608e+00 1.003561486712e-02
26 41 2 0.58426013 1.31142824 4.28608605 0.74702430 0.72309165 2.042037942336e-03 9.466297869773e+01 7.358361684952e+03 5.246004346361e+00 9.277057128640e-03
26 42 2 0.58426013 1.31142824 4.28608605 0.74702430 0.72309165 1.944372265970e-03 9.776969733636e+01 7.549464275095e+03 5.503104803522e+00 8.494868025063e-03
26 43 2 0.58426013 1.31142824 4.28608605 0.74702430 0.72309165 1.753904354591e-03 1.010414996757e+02 7.981836599951e+03 5.796894401377e+00 7.965888792888e-03
26 44 2 0.58426013 1.31142824 4.28608605 0.74702430 0.72309165 1.494609191683e-03 1.040923183022e+02 8.642821815348e+03 6.140563966692e+00 7.842937410807e-03
26 45 2 0.58426013 1.31142824 4.28608605 0.74702430 0.72309165 1.201371108967e-03 1.076107183529e+02 9.495650746258e+03 6.541697438651e+00 8.117844411646e-03
26 46 2 0.58426013 1.31142824 4.28608605 0.74702430 0.72309165 9.163796257766e-04 1.120731412491e+02 1.048586752584e+04 7.002984064574e+00 8.633587388446e-03
26 47 2 0.58426013 1.31142824 4.28608605 0.74702430 0.72309165 6.842743710892e-04 1.160888212531e+02 1.160303601964e+04 7.521417424450e+00 9.139739503544e-03
26 48 2 0.58426013 1.31142824 4.28608605 0.74702430 0.72309165 5.465294074313e-04 1.197865491961e+02 1.276446149831e+04 8.084675304266e+00 9.373499214128e-03
26 49 2 0.58426013 1.31142824 4.28608605 0.74702430 0.72309165 5.357270039059e-04 1.223497406486e+02 1.387553140393e+04 8.671677351044e+00 9.142519180439e-03
26 50 2 0.58426013 1.31142824 4.28608605 0.74702430 0.72309165 6.704644929964e-04 1.253013316444e+02 1.492837855229e+04 9.263791982441e+00 8.386904655512e-03
26 51 2 0.58426013 1.31142824 4.28608605 0.74702430 0.72309165 9.516416252779e-04 1.280393389615e+02 1.578017047257e+04 9.861041904317e+00 7.205027171087e-03
26 52 2 0.58426013 1.31142824 4.28608605 0.74702430 0.72309165 1.360775861168e-03 1.301884384368e+02 1.637403510514e+04 1.048699785066e+01 5.838338910218e-03
26 53 2 0.58426013 1.31142824 4.28608605 0.74702430 0.72309165 1.860788898546e-03 1.321420633681e+02 1.674504530839e+04 1.117227658057e+01 4.620739094575e-03
26 54 2 0.58426013 1.31142824 4.28608605 0.74702430 0.72309165 2.399414754534e-03 1.343553219163e+02 1.681288073690e+04 1.192787433996e+01 3.905501350938e-03
26 55 2 0.58426013 1.31142824 4.28608605 0.74702430 0.72309165 2.915028931906e-03 1.387414266362e+02 1.659194493560e+04 1.273458574026e+01 3.986112129036e-03
26 56 2 0.58426013 1.31142824 4.28608605 0.74702430 0.72309165 3.344333763162e-03 1.434058283389e+02 1.608574373561e+04 1.356383788909e+01 5.026969288145e-03
26 57 2 0.58426013 1.31142824 4.28608605 0.74702430 0.72309165 3.631009143746e-03 1.480884844761e+02 1.545535410856e+04 1.441443763215e+01 7.017056403062e-03
26 58 2 0.58426013 1.31142824 4.28608605 0.74702430 0.72309165 3.734203709528e-03 1.518360796058e+02 1.478352000797e+04 1.532916883431e+01 9.755737858409e-03
26 59 2 0.58426013 1.31142824 4.28608605 0.74702430 0.72309165 3.635645015334e-03 1.560744834210e+02 1.419217130162e+04 1.636942492244e+01 1.287528572226e-02
26 60 2 0.58426013 1.31142824 4.28608605 0.74702430 0.72309165 3.344219009811e-03 1.617656543782e+02 1.395130612956e+04 1.756557589251e+01 1.589943350743e-02
26 61 2 0.58426013 1.31142824 4.28608605 0.74702430 0.72309165 2.897117601310e-03 1.672261594977e+02 1.402682968631e+04 1.888738916354e+01 1.833075149957e-02
26 62 2 0.58426013 1.31142824 4.28608605 0.74702430 0.72309165 2.357060836461e-03 1.729051483644e+02 1.453271375896e+04 2.026357309042e+01 1.975227977960e-02
26 63 2 0.58426013 1.31142824 4.28608605 0.74702430 0.72309165 1.805623249073e-03 1.778203690774e+02 1.549578711839e+04 2.163456605313e+01 1.992231115201e-02
