# environment=00052 local_bs=1 gain_scale=5.428257850062e-14
# ue subcarrier serving_bs phi0 phi1 phi2 phi3 phi4 gain0 gain1 gain2 gain3 gain4
0 0 1 0.50291898 1.04140567 0.61866437 0.87567010 0.75575854 4.496478055846e-04 6.545309488458e+00 7.251763770757e-01 3.170288402370e+00 1.881844454788e-03
0 1 1 0.50291898 1.04140567 0.61866437 0.87567010 0.75575854 4.871635121985e-04 6.263601819305e+00 6.847989426186e-01 3.032560737404e+00 2.246591700953e-03
0 2 1 0.50291898 1.04140567 0.61866437 0.87567010 0.75575854 5.089135581779e-04 6.046521998877e+00 6.571255446071e-01 2.821572718621e+00 2.422576050034e-03
0 3 1 0.50291898 1.04140567 0.61866437 0.87567010 0.75575854 5.078930076109e-04 5.762776767343e+00 6.823895970717e-01 3.082151075065e+00 3.828512372541e-03
0 4 1 0.50291898 1.04140567 0.61866437 0.87567010 0.75575854 4.808042033075e-04 5.579794168231e+00 6.126868633576e-01 2.440551941166e+00 3.301604004473e-03
0 5 1 0.50291898 1.04140567 0.61866437 0.87567010 0.75575854 4.293127701032e-04 5.444585415690e+00 5.992163650263e-01 2.835207878108e+00 2.800616247925e-03
0 6 1 0.50291898 1.04140567 0.61866437 0.87567010 0.75575854 3.599655168795e-04 5.324511520121e+00 5.795762335190e-01 2.251111392470e+00 3.514615004181e-03
0 7 1 0.50291898 1.04140567 0.61866437 0.87567010 0.75575854 2.827901923389e-04 5.192635174619e+00 5.769848125888e-01 2.734487548504e+00 3.307141176188e-03
0 8 1 0.50291898 1.04140567 0.61866437 0.87567010 0.75575854 2.090001109587e-04 5.006337419012e+00 5.425212532252e-01 2.041690552556e+00 3.800480385359e-03
0 9 1 0.50291898 1.04140567 0.61866437 0.87567010 0.75575854 1.484769842306e-04 4.744155902547e+00 5.231192150424e-01 2.482657690458e+00 3.575666345014e-03
0 10 1 0.50291898 1.04140567 0.61866437 0.87567010 0.75575854 1.077345703497e-04 4.547340123493e+00 5.036478273068e-01 1.934031652487e+00 2.730018250075e-03
0 11 1 0.50291898 1.04140567 0.61866437 0.87567010 0.75575854 8.888054637365e-05 4.393835479729e+00 5.030129244007e-01 2.284075997927e+00 1.905804743294e-03
0 12 1 0.50291898 1.04140567 0.61866437 0.87567010 0.75575854 8.976755241872e-05 4.188250064535e+00 4.740462847917e-01 1.880809081369e+00 1.555648337591e-03
0 13 1 0.50291898 1.04140567 0.61866437 0.87567010 0.75575854 1.051678812889e-04 4.113065645095e+00 4.662821626054e-01 2.034386574376e+00 2.670407257785e-03
0 14 1 0.50291898 1.04140567 0.61866437 0.87567010 0.75575854 1.285307831011e-04 3.955063085910e+00 4.439901567065e-01 1.818176971543e+00 1.805798888239e-03
0 15 1 0.50291898 1.04140567 0.61866437 0.87567010 0.75575854 1.537629435945e-04 3.832053696099e+00 4.405643606984e-01 1.828135591525e+00 5.085665731687e-04
0 16 1 0.50291898 1.04140567 0.61866437 0.87567010 0.75575854 1.765322166572e-04 3.833549833499e+00 4.281719297641e-01 1.802722030797e+00 6.711467378834e-04
0 17 1 0.50291898 1.04140567 0.61866437 0.87567010 0.75575854 1.947965860967e-04 3.644340000623e+00 4.138479312999e-01 1.662275872231e+00 4.120070795713e-04
0 18 1 0.50291898 1.04140567 0.61866437 0.87567010 0.75575854 2.085291912718e-04 3.529333467785e+00 4.111865351682e-01 1.741518371676e+00 3.855986750495e-04
0 19 1 0.50291898 1.04140567 0.61866437 0.87567010 0.75575854 2.188579905275e-04 3.378547950072e+00 3.812215630589e-01 1.480872495367e+00 2.794777917818e-04
0 20 1 0.50291898 1.04140567 0.61866437 0.87567010 0.75575854 2.269926536615e-04 3.168625635918e+00 4.006255490500e-01 1.748734956827e+00 1.648897769778e-04
0 21 1 0.50291898 1.04140567 0.61866437 0.87567010 0.75575854 2.333347775607e-04 3.175989741421e+00 3.831950718964e-01 1.396844153633e+00 2.670991583922e-04
0 22 1 0.50291898 1.04140567 0.61866437 0.87567010 0.75575854 2.370666924097e-04 3.170695071249e+00 3.695733943660e-01 1.655838197226e+00 4.137234655731e-04
0 23 1 0.50291898 1.04140567 0.61866437 0.87567010 0.75575854 2.363315594771e-04 3.155389999829e+00 3.645490729539e-01 1.303582255471e+00 5.971118106062e-04
0 24 1 0.50291898 1.04140567 0.61866437 0.87567010 0.75575854 2.289155488335e-04 3.209624601862e+00 3.719910974555e-01 1.648693036879e+00 9.547816126280e-04
0 25 1 0.50291898 1.04140567 0.61866437 0.87567010 0.75575854 2.131834351493e-04 3.143940900390e+00 3.624374774416e-01 1.278630211771e+00 1.114508566314e-03
0 26 1 0.50291898 1.04140567 0.61866437 0.87567010 0.75575854 1.889454898317e-04 3.044229882294e+00 3.598264685997e-01 1.558576294254e+00 7.825392787289e-04
0 27 1 0.50291898 1.04140567 0.61866437 0.87567010 0.75575854 1.579610265411e-04 3.047330398905e+00 3.475790971630e-01 1.271247244806e+00 1.676296466805e-03
0 28 1 0.50291898 1.04140567 0.61866437 0.87567010 0.75575854 1.238976647090e-04 2.882159146158e+00 3.649365150601e-01 1.510672679001e+00 1.589694402281e-03
0 29 1 0.50291898 1.04140567 0.61866437 0.87567010 0.75575854 9.172801032630e-05 2.783702940853e+00 3.506680494290e-01 1.319447755587e+00 1.713163839191e-03
0 30 1 0.50291898 1.04140567 0.61866437 0.87567010 0.75575854 6.670923258154e-05 2.779203335717e+00 3.705710516197e-01 1.453695566494e+00 3.187163907947e-03
0 31 1 0.50291898 1.04140567 0.61866437 0.87567010 0.75575854 5.321099098727e-05 2.685040755789e+00 3.376051351896e-01 1.341242133469e+00 1.336824287120e-03
0 32 1 0.50291898 1.04140567 0.61866437 0.87567010 0.75575854 5.370234994147e-05 2.853724677567e+00 3.751055687115e-01 1.406014153025e+00 1.351076036822e-03
0 33 1 0.50291898 1.04140567 0.61866437 0.87567010 0.75575854 6.816838292115e-05 2.973302657399e+00 3.637884245115e-01 1.459501812598e+00 3.204944465322e-03
0 34 1 0.50291898 1.04140567 0.61866437 0.87567010 0.75575854 9.411389571889e-05 3.023064832456e+00 3.729632743018e-01 1.365242959105e+00 1.730603641067e-03
0 35 1 0.50291898 1.04140567 0.61866437 0.87567010 0.75575854 1.271554054312e-04 3.164329533430e+00 3.713467852056e-01 1.523885763147e+00 1.629063525771e-03
0 36 1 0.50291898 1.04140567 0.61866437 0.87567010 0.75575854 1.620445430948e-04 3.132792153793e+00 3.782286245575e-01 1.341076588191e+00 1.709071375289e-03
0 37 1 0.50291898 1.04140567 0.61866437 0.87567010 0.75575854 1.938488359398e-04 3.111935545461e+00 3.942710121771e-01 1.653064484439e+00 8.077776409042e-04
0 38 1 0.50291898 1.04140567 0.61866437 0.87567010 0.75575854 2.189723967775e-04 3.166485619543e+00 4.041840555760e-01 1.376963625985e+00 1.152495218419e-03
0 39 1 0.50291898 1.04140567 0.61866437 0.87567010 0.75575854 2.357440884097e-04 3.106203834276e+00 3.953203991707e-01 1.732791200977e+00 9.901777134573e-04
0 40 1 0.50291898 1.04140567 0.61866437 0.87567010 0.75575854 2.444253957567e-04 3.107346171295e+00 4.197746105535e-01 1.393253214306e+00 6.233156351396e-04
0 41 1 0.50291898 1.04140567 0.61866437 0.87567010 0.75575854 2.466625361510e-04 3.233054894724e+00 4.244286296177e-01 1.841182387193e+00 4.334134999462e-04
0 42 1 0.50291898 1.04140567 0.61866437 0.87567010 0.75575854 2.445789145885e-04 3.287230757600e+00 4.557437017821e-01 1.549868042595e+00 2.811190619338e-04
0 43 1 0.50291898 1.04140567 0.61866437 0.87567010 0.75575854 2.398225673820e-04 3.529021485117e+00 4.382788496129e-01 1.885256649705e+00 1.722624794878e-04
0 44 1 0.50291898 1.04140567 0.61866437 0.87567010 0.75575854 2.329077801024e-04 3.732028533349e+00 4.684548142667e-01 1.651045680118e+00 2.977322592525e-04
0 45 1 0.50291898 1.04140567 0.61866437 0.87567010 0.75575854 2.231050453246e-04 3.768707198451e+00 4.872960445553e-01 1.978834578630e+00 4.025960696547e-04
0 46 1 0.50291898 1.04140567 0.61866437 0.87567010 0.75575854 2.089567610049e-04 3.922826258578e+00 4.985075705846e-01 1.877647161084e+00 4.427231266621e-04
0 47 1 0.50291898 1.04140567 0.61866437 0.87567010 0.75575854 1.892771087273e-04 3.944031329342e+00 5.141089526159e-01 2.014304379876e+00 7.110235952204e-04
0 48 1 0.50291898 1.04140567 0.61866437 0.87567010 0.75575854 1.643023332188e-04 4.033282641555e+00 5.308128752342e-01 2.097103104856e+00 5.399464900142e-04
0 49 1 0.50291898 1.04140567 0.61866437 0.87567010 0.75575854 1.365599943527e-04 4.247779180776e+00 5.501854822637e-01 2.058836039150e+00 1.938119994511e-03
0 50 1 0.50291898 1.04140567 0.61866437 0.87567010 0.75575854 1.110664879083e-04 4.364586457251e+00 5.741012228764e-01 2.380157861691e+00 2.838024347340e-03
0 51 1 0.50291898 1.04140567 0.61866437 0.87567010 0.75575854 9.464328279686e-05 4.543551041528e+00 5.951251678029e-01 2.139149079352e+00 1.669888317641e-03
0 52 1 0.50291898 1.04140567 0.61866437 0.87567010 0.75575854 9.441848449117e-05 4.765941658954e+00 6.172585563117e-01 2.650322854663e+00 2.043996321531e-03
0 53 1 0.50291898 1.04140567 0.61866437 0.87567010 0.75575854 1.158685409235e-04 4.921468074002e+00 6.244783707753e-01 2.214901401759e+00 2.914640461155e-03
0 54 1 0.50291898 1.04140567 0.61866437 0.87567010 0.75575854 1.609587312849e-04 5.150531335455e+00 6.701270371492e-01 2.910168123742e+00 3.849736538153e-03
0 55 1 0.50291898 1.04140567 0.61866437 0.87567010 0.75575854 2.269822126855e-04 5.319690271557e+00 6.932527322031e-01 2.412829330061e+00 4.078344824381e-03
0 56 1 0.50291898 1.04140567 0.61866437 0.87567010 0.75575854 3.065445431117e-04 5.386237247881e+00 7.118241268429e-01 3.160915802796e+00 3.547068479954e-03
0 57 1 0.50291898 1.04140567 0.61866437 0.87567010 0.75575854 3.888251939037e-04 5.553728313865e+00 7.281378600024e-01 2.605221463804e+00 3.778982861764e-03
0 58 1 0.50291898 1.04140567 0.61866437 0.87567010 0.75575854 4.618593969029e-04 5.728976453262e+00 7.656102354050e-01 3.293851840082e+00 3.011076686746e-03
0 59 1 0.50291898 1.04140567 0.61866437 0.87567010 0.75575854 5.152457221735e-04 6.005066773377e+00 8.160264570657e-01 3.006605882998e+00 3.539857467098e-03
0 60 1 0.50291898 1.04140567 0.61866437 0.87567010 0.75575854 5.425140327910e-04 6.328046583611e+00 8.301003847429e-01 3.526620962689e+00 4.112852802482e-03
0 61 1 0.50291898 1.04140567 0.61866437 0.87567010 0.75575854 5.424550315898e-04 6.602421852168e+00 8.290206945511e-01 3.232822718422e+00 2.611066102389e-03
0 62 1 0.50291898 1.04140567 0.61866437 0.87567010 0.75575854 5.190114434752e-04 6.869600276478e+00 9.059830666015e-01 3.603318576672e+00 2.398897657760e-03
0 63 1 0.50291898 1.04140567 0.61866437 0.87567010 0.75575854 4.797771113448e-04 7.158595634775e+00 9.444882595756e-01 3.856947799317e+00 2.026357888991e-03
1 0 1 0.90273205 8.37249281 0.73989031 1.09582749 1.19032516 1.763715533968e-03 1.603726231132e+04 1.626351543447e+00 7.204498899975e+00 1.115048804266e+01
1 1 1 0.90273205 8.37249281 0.73989031 1.09582749 1.19032516 2.075187321389e-03 1.527240809019e+04 1.592129840668e+00 8.426568562991e+00 1.072642572195e+01
1 2 1 0.90273205 8.37249281 0.73989031 1.09582749 1.19032516 2.381228373852e-03 1.486040626858e+04 1.641636695708e+00 7.321491802909e+00 1.054838440423e+01
1 3 1 0.90273205 8.37249281 0.73989031 1.09582749 1.19032516 2.619348572582e-03 1.451012950517e+04 1.528065438050e+00 6.748168200606e+00 1.023458665187e+01
1 4 1 0.90273205 8.37249281 0.73989031 1.09582749 1.19032516 2.733133821055e-03 1.384480886274e+04 1.407144927644e+00 7.754935461497e+00 9.825748842269e+00
1 5 1 0.90273205 8.37249281 0.73989031 1.09582749 1.19032516 2.687984835116e-03 1.351993855212e+04 1.443358865694e+00 6.294426882946e+00 9.603205275746e+00
1 6 1 0.90273205 8.37249281 0.73989031 1.09582749 1.19032516 2.481387919282e-03 1.314700148181e+04 1.397665417893e+00 6.211807753122e+00 9.385172893754e+00
1 7 1 0.90273205 8.37249281 0.73989031 1.09582749 1.19032516 2.144355444880e-03 1.254521157430e+04 1.277988464025e+00 6.759642703239e+00 9.100151366629e+00
1 8 1 0.90273205 8.37249281 0.73989031 1.09582749 1.19032516 1.733646258374e-03 1.231951202007e+04 1.229733057342e+00 5.662415287218e+00 8.832091449071e+00
1 9 1 0.90273205 8.37249281 0.73989031 1.09582749 1.19032516 1.317341100739e-03 1.192814728557e+04 1.264940265257e+00 5.813419168807e+00 8.438634093463e+00
1 10 1 0.90273205 8.37249281 0.73989031 1.09582749 1.19032516 9.583048431240e-04 1.141795094140e+04 1.203378499417e+00 5.787099499471e+00 7.999441623799e+00
1 11 1 0.90273205 8.37249281 0.73989031 1.09582749 1.19032516 7.004306334286e-04 1.124134177851e+04 1.080565237943e+00 5.042074078130e+00 7.726650091294e+00
1 12 1 0.90273205 8.37249281 0.73989031 1.09582749 1.19032516 5.613281323725e-04 1.085467275544e+04 1.087364978358e+00 5.531671282804e+00 7.495393880368e+00
1 13 1 0.90273205 8.37249281 0.73989031 1.09582749 1.19032516 5.328216256431e-04 1.045357542293e+04 1.128198390566e+00 5.031801797188e+00 7.210285200662e+00
1 14 1 0.90273205 8.37249281 0.73989031 1.09582749 1.19032516 5.881059572236e-04 1.031206898899e+04 9.881693631793e-01 4.459925963076e+00 6.946265817168e+00
1 15 1 0.90273205 8.37249281 0.73989031 1.09582749 1.19032516 6.925091100661e-04 9.930975349531e+03 9.565069935627e-01 5.231380439901e+00 6.688189329818e+00
1 16 1 0.90273205 8.37249281 0.73989031 1.09582749 1.19032516 8.140867330234e-04 9.634277994546e+03 1.003377742775e+00 4.462165974137e+00 6.465207905585e+00
1 17 1 0.90273205 8.37249281 0.73989031 1.09582749 1.19032516 9.308409308664e-04 9.532872747980e+03 9.592816067606e-01 4.084828783301e+00 6.279460790000e+00
1 18 1 0.90273205 8.37249281 0.73989031 1.09582749 1.19032516 1.032891929470e-03 9.176482062086e+03 8.563058474738e-01 4.831412162453e+00 6.004956424647e+00
1 19 1 0.90273205 8.37249281 0.73989031 1.09582749 1.19032516 1.119830247143e-03 8.961164495768e+03 8.528677222812e-01 3.888957497468e+00 5.707039390551e+00
1 20 1 0.90273205 8.37249281 0.73989031 1.09582749 1.19032516 1.195076704791e-03 8.895937173529e+03 9.255404654270e-01 4.019484747427e+00 5.512423427641e+00
1 21 1 0.90273205 8.37249281 0.73989031 1.09582749 1.19032516 1.259883615214e-03 8.585444432529e+03 8.607906353968e-01 4.451754006028e+00 5.335030282726e+00
1 22 1 0.90273205 8.37249281 0.73989031 1.09582749 1.19032516 1.309439392806e-03 8.451602698018e+03 7.441355349816e-01 3.390887197179e+00 5.161415790629e+00
1 23 1 0.90273205 8.37249281 0.73989031 1.09582749 1.19032516 1.332543994700e-03 8.408053734140e+03 7.899072330731e-01 4.022453059530e+00 5.066542594275e+00
1 24 1 0.90273205 8.37249281 0.73989031 1.09582749 1.19032516 1.314908503934e-03 8.146222558263e+03 8.764329126773e-01 4.061057451583e+00 4.997456412909e+00
1 25 1 0.90273205 8.37249281 0.73989031 1.09582749 1.19032516 1.244798682203e-03 8.100659992938e+03 7.569940997433e-01 3.170063556253e+00 4.925363481553e+00
1 26 1 0.90273205 8.37249281 0.73989031 1.09582749 1.19032516 1.118917505634e-03 8.080805327446e+03 7.222216387845e-01 4.136750955206e+00 4.834879678630e+00
1 27 1 0.90273205 8.37249281 0.73989031 1.09582749 1.19032516 9.463365122653e-04 7.869973731887e+03 7.672593774644e-01 3.556577658848e+00 4.707362446698e+00
1 28 1 0.90273205 8.37249281 0.73989031 1.09582749 1.19032516 7.489233721131e-04 7.893840136635e+03 7.622151290067e-01 3.136489074346e+00 4.693487718368e+00
1 29 1 0.90273205 8.37249281 0.73989031 1.09582749 1.19032516 5.578373999921e-04 7.911674976029e+03 7.570403572145e-01 4.244407845732e+00 4.765293960373e+00
1 30 1 0.90273205 8.37249281 0.73989031 1.09582749 1.19032516 4.069093361226e-04 7.764424010308e+03 7.542883631741e-01 3.359409708608e+00 4.656790212342e+00
1 31 1 0.90273205 8.37249281 0.73989031 1.09582749 1.19032516 3.247057102846e-04 7.842126317295e+03 7.012022875173e-01 3.212316462098e+00 4.548370853154e+00
1 32 1 0.90273205 8.37249281 0.73989031 1.09582749 1.19032516 3.275144416759e-04 7.892420598290e+03 7.569650100035e-01 4.030607221866e+00 4.754210522961e+00
1 33 1 0.90273205 8.37249281 0.73989031 1.09582749 1.19032516 4.152577316870e-04 7.813056312549e+03 7.755900456450e-01 3.360134410001e+00 4.965301284193e+00
1 34 1 0.90273205 8.37249281 0.73989031 1.09582749 1.19032516 5.715143400252e-04 7.966528647204e+03 7.515171530076e-01 3.628771938347e+00 4.932861314774e+00
1 35 1 0.90273205 8.37249281 0.73989031 1.09582749 1.19032516 7.676570313496e-04 8.021184660855e+03 7.674759187867e-01 3.807251840843e+00 4.969082193756e+00
1 36 1 0.90273205 8.37249281 0.73989031 1.09582749 1.19032516 9.699238223103e-04 8.017982665166e+03 7.510552439610e-01 3.338930240533e+00 5.163391191154e+00
1 37 1 0.90273205 8.37249281 0.73989031 1.09582749 1.19032516 1.147393056904e-03 8.244824466352e+03 7.653566131720e-01 4.064685819647e+00 5.292712673283e+00
1 38 1 0.90273205 8.37249281 0.73989031 1.09582749 1.19032516 1.278582615949e-03 8.318777388313e+03 8.697837789577e-01 3.889660834900e+00 5.373484934525e+00
1 39 1 0.90273205 8.37249281 0.73989031 1.09582749 1.19032516 1.354835714558e-03 8.380797033561e+03 8.285059545914e-01 3.502767263540e+00 5.488904930991e+00
1 40 1 0.90273205 8.37249281 0.73989031 1.09582749 1.19032516 1.379677810125e-03 8.673071051439e+03 7.477760526924e-01 4.417027272092e+00 5.636547579095e+00
1 41 1 0.90273205 8.37249281 0.73989031 1.09582749 1.19032516 1.364632516409e-03 8.766169612337e+03 8.805354423714e-01 3.919732828316e+00 5.852300022205e+00
1 42 1 0.90273205 8.37249281 0.73989031 1.09582749 1.19032516 1.323160471387e-03 8.918515709806e+03 9.500243282284e-01 3.944233736062e+00 6.075585314672e+00
1 43 1 0.90273205 8.37249281 0.73989031 1.09582749 1.19032516 1.265035513804e-03 9.251822957920e+03 8.854185911364e-01 4.872892640360e+00 6.268240458244e+00
1 44 1 0.90273205 8.37249281 0.73989031 1.09582749 1.19032516 1.193341375354e-03 9.361293484093e+03 8.643823913198e-01 3.995486999844e+00 6.519515565469e+00
1 45 1 0.90273205 8.37249281 0.73989031 1.09582749 1.19032516 1.105347559692e-03 9.615109866241e+03 9.910481466497e-01 4.526622190217e+00 6.745981375226e+00
1 46 1 0.90273205 8.37249281 0.73989031 1.09582749 1.19032516 9.970688269586e-04 9.988861764430e+03 1.033879931340e+00 5.206789652987e+00 6.858177704333e+00
1 47 1 0.90273205 8.37249281 0.73989031 1.09582749 1.19032516 8.698070849383e-04 1.011352366614e+04 9.976158456415e-01 4.264820638517e+00 7.010145676205e+00
1 48 1 0.90273205 8.37249281 0.73989031 1.09582749 1.19032516 7.359652437275e-04 1.046284007905e+04 1.007457858114e+00 5.418773487027e+00 7.238674355133e+00
1 49 1 0.90273205 8.37249281 0.73989031 1.09582749 1.19032516 6.213374222849e-04 1.086984628615e+04 1.152662186416e+00 5.365034785777e+00 7.455063965532e+00
1 50 1 0.90273205 8.37249281 0.73989031 1.09582749 1.19032516 5.620562571980e-04 1.102247998532e+04 1.148690146531e+00 4.656126226410e+00 7.684845872070e+00
1 51 1 0.90273205 8.37249281 0.73989031 1.09582749 1.19032516 5.961779845161e-04 1.147983554208e+04 1.105637178892e+00 6.469795040862e+00 7.898279759469e+00
1 52 1 0.90273205 8.37249281 0.73989031 1.09582749 1.19032516 7.519391820835e-04 1.187922467766e+04 1.238358532941e+00 5.591145421576e+00 8.123823194222e+00
1 53 1 0.90273205 8.37249281 0.73989031 1.09582749 1.19032516 1.036295045235e-03 1.208515823355e+04 1.316029732033e+00 5.327273627555e+00 8.479418557666e+00
1 54 1 0.90273205 8.37249281 0.73989031 1.09582749 1.19032516 1.427809467486e-03 1.265166183772e+04 1.272512482037e+00 7.289777137204e+00 8.787998941616e+00
1 55 1 0.90273205 8.37249281 0.73989031 1.09582749 1.19032516 1.877013229900e-03 1.304365867867e+04 1.318754485416e+00 5.924169197034e+00 8.924506956463e+00
1 56 1 0.90273205 8.37249281 0.73989031 1.09582749 1.19032516 2.315167325087e-03 1.328773094304e+04 1.443415422733e+00 6.413424626993e+00 9.105017380445e+00
1 57 1 0.90273205 8.37249281 0.73989031 1.09582749 1.19032516 2.669622469956e-03 1.396721070460e+04 1.501739591340e+00 7.761718080273e+00 9.332911826579e+00
1 58 1 0.90273205 8.37249281 0.73989031 1.09582749 1.19032516 2.881585150827e-03 1.434758691248e+04 1.462379120448e+00 6.398220988921e+00 9.567069206012e+00
1 59 1 0.90273205 8.37249281 0.73989031 1.09582749 1.19032516 2.920971660236e-03 1.466038204687e+04 1.560905240618e+00 7.828611044574e+00 9.981918877132e+00
1 60 1 0.90273205 8.37249281 0.73989031 1.09582749 1.19032516 2.793662663695e-03 1.541024809236e+04 1.703871115325e+00 8.166428949680e+00 1.037901404117e+01
1 61 1 0.90273205 8.37249281 0.73989031 1.09582749 1.19032516 2.538769039464e-03 1.578227010128e+04 1.665698486089e+00 7.073294321341e+00 1.061062228177e+01
1 62 1 0.90273205 8.37249281 0.73989031 1.09582749 1.19032516 2.216774127225e-03 1.618446819056e+04 1.680654772459e+00 9.048242297203e+00 1.105875831405e+01
1 63 1 0.90273205 8.37249281 0.73989031 1.09582749 1.19032516 1.892512848763e-03 1.701164568323e+04 1.930308195938e+00 8.894332273788e+00 1.163860019226e+01
2 0 1 0.75744645 2.55623907 1.01816422 1.96740244 0.79395333 8.141542386669e-03 1.972291862310e+02 6.304266680586e+00 8.424285236402e+01 2.224170443653e+00
2 1 1 0.75744645 2.55623907 1.01816422 1.96740244 0.79395333 6.112589332435e-03 2.139955285408e+02 6.110177029126e+00 7.300290224767e+01 2.094098060440e+00
2 2 1 0.75744645 2.55623907 1.01816422 1.96740244 0.79395333 4.696718406799e-03 2.311638180797e+02 5.002689265312e+00 7.655250546732e+01 2.062555082173e+00
2 3 1 0.75744645 2.55623907 1.01816422 1.96740244 0.79395333 5.141172703713e-03 1.792217605468e+02 6.057327478857e+00 7.164646616281e+01 2.025367536060e+00
2 4 1 0.75744645 2.55623907 1.01816422 1.96740244 0.79395333 4.384622427525e-03 1.810284188779e+02 4.735490245335e+00 6.716740541858e+01 1.921117504980e+00
2 5 1 0.75744645 2.55623907 1.01816422 1.96740244 0.79395333 2.557626156975e-03 2.046824706645e+02 5.089706687421e+00 6.937294223638e+01 1.808235565861e+00
2 6 1 0.75744645 2.55623907 1.01816422 1.96740244 0.79395333 3.143380512225e-03 1.693985477945e+02 5.285279865014e+00 6.114297427021e+01 1.735449917273e+00
2 7 1 0.75744645 2.55623907 1.01816422 1.96740244 0.79395333 2.421952165454e-03 1.688728935756e+02 3.988226631713e+00 6.449937339171e+01 1.677790844112e+00
2 8 1 0.75744645 2.55623907 1.01816422 1.96740244 0.79395333 1.439427314199e-03 1.661366155779e+02 5.089544129714e+00 5.851063360970e+01 1.599274539358e+00
2 9 1 0.75744645 2.55623907 1.01816422 1.96740244 0.79395333 3.487525585990e-03 1.542339049734e+02 4.109708233247e+00 5.753212169033e+01 1.513682189262e+00
2 10 1 0.75744645 2.55623907 1.01816422 1.96740244 0.79395333 1.396915332143e-03 1.687780912837e+02 4.010086650276e+00 5.692472371037e+01 1.431186050852e+00
2 11 1 0.75744645 2.55623907 1.01816422 1.96740244 0.79395333 3.276260786237e-03 1.397670221588e+02 4.562520737505e+00 5.181735089880e+01 1.366866276650e+00
2 12 1 0.75744645 2.55623907 1.01816422 1.96740244 0.79395333 2.973554767543e-03 1.330669016196e+02 3.345871256010e+00 5.430248980157e+01 1.321758595887e+00
2 13 1 0.75744645 2.55623907 1.01816422 1.96740244 0.79395333 2.888099354836e-03 1.608677816939e+02 4.123225164396e+00 4.871772075908e+01 1.281528046268e+00
2 14 1 0.75744645 2.55623907 1.01816422 1.96740244 0.79395333 3.520671988112e-03 1.311285208169e+02 3.606087799207e+00 4.895441524622e+01 1.236337862278e+00
2 15 1 0.75744645 2.55623907 1.01816422 1.96740244 0.79395333 4.249597234129e-03 1.165333365432e+02 3.286382702667e+00 4.818388513002e+01 1.202412828463e+00
2 16 1 0.75744645 2.55623907 1.01816422 1.96740244 0.79395333 2.799861321198e-03 1.380544631686e+02 3.838245822744e+00 4.411002966986e+01 1.164918594749e+00
2 17 1 0.75744645 2.55623907 1.01816422 1.96740244 0.79395333 4.162287628265e-03 1.285742086832e+02 2.978372296947e+00 4.659845802089e+01 1.116400768424e+00
2 18 1 0.75744645 2.55623907 1.01816422 1.96740244 0.79395333 3.785441364522e-03 1.124090810197e+02 3.281504115808e+00 4.115008567564e+01 1.074739904545e+00
2 19 1 0.75744645 2.55623907 1.01816422 1.96740244 0.79395333 2.706689163906e-03 1.128734015626e+02 3.402513106808e+00 4.311645826825e+01 1.038171750424e+00
2 20 1 0.75744645 2.55623907 1.01816422 1.96740244 0.79395333 4.465856129017e-03 1.213105007858e+02 2.666877801230e+00 4.147039667416e+01 1.000725055273e+00
2 21 1 0.75744645 2.55623907 1.01816422 1.96740244 0.79395333 2.980322341685e-03 1.141682772574e+02 3.354794215448e+00 3.851029413557e+01 9.575115652377e-01
2 22 1 0.75744645 2.55623907 1.01816422 1.96740244 0.79395333 3.239463594216e-03 1.001769816302e+02 2.745745620634e+00 4.158090659374e+01 9.558936121888e-01
2 23 1 0.75744645 2.55623907 1.01816422 1.96740244 0.79395333 3.302557843018e-03 1.094017667851e+02 2.752682764775e+00 3.594439532733e+01 9.719670360216e-01
2 24 1 0.75744645 2.55623907 1.01816422 1.96740244 0.79395333 3.148865304469e-03 1.093442087305e+02 3.173021450563e+00 3.984953992359e+01 9.537412421386e-01
2 25 1 0.75744645 2.55623907 1.01816422 1.96740244 0.79395333 2.028701952534e-03 1.017587658177e+02 2.377915112380e+00 3.631563349685e+01 9.192818194927e-01
2 26 1 0.75744645 2.55623907 1.01816422 1.96740244 0.79395333 3.506042531643e-03 1.014781366653e+02 2.986708329614e+00 3.660101404795e+01 8.965015702981e-01
2 27 1 0.75744645 2.55623907 1.01816422 1.96740244 0.79395333 1.451292764597e-03 9.651884986921e+01 2.690593661359e+00 3.737596249789e+01 9.042557312566e-01
2 28 1 0.75744645 2.55623907 1.01816422 1.96740244 0.79395333 2.073128993526e-03 1.076503823093e+02 2.453219657038e+00 3.458262968618e+01 9.241640027659e-01
2 29 1 0.75744645 2.55623907 1.01816422 1.96740244 0.79395333 1.703981712762e-03 1.037694502245e+02 3.040940982229e+00 3.740275264303e+01 9.273321648967e-01
2 30 1 0.75744645 2.55623907 1.01816422 1.96740244 0.79395333 1.137997885635e-03 8.535000712448e+01 2.371800895469e+00 3.502724737232e+01 8.744422766203e-01
2 31 1 0.75744645 2.55623907 1.01816422 1.96740244 0.79395333 1.465779071508e-03 1.083760997351e+02 2.703894125898e+00 3.546277488237e+01 8.464716505305e-01
2 32 1 0.75744645 2.55623907 1.01816422 1.96740244 0.79395333 1.431272740131e-03 1.103136601674e+02 2.846087363015e+00 3.704710848953e+01 9.120744913428e-01
2 33 1 0.75744645 2.55623907 1.01816422 1.96740244 0.79395333 1.179850448663e-03 8.555838185932e+01 2.359676564910e+00 3.445452447262e+01 9.747968282400e-01
2 34 1 0.75744645 2.55623907 1.01816422 1.96740244 0.79395333 1.735820430269e-03 1.042276516605e+02 3.070782373668e+00 3.828890188707e+01 9.751401725646e-01
2 35 1 0.75744645 2.55623907 1.01816422 1.96740244 0.79395333 2.105262786727e-03 1.108282690479e+02 2.471446212692e+00 3.494302014093e+01 9.477923301381e-01
2 36 1 0.75744645 2.55623907 1.01816422 1.96740244 0.79395333 1.504451484249e-03 9.813083057702e+01 2.790604696928e+00 3.817329450989e+01 9.634525051940e-01
2 37 1 0.75744645 2.55623907 1.01816422 1.96740244 0.79395333 3.610818981045e-03 1.036047485001e+02 3.031222089338e+00 3.789466979250e+01 1.006474436713e+00
2 38 1 0.75744645 2.55623907 1.01816422 1.96740244 0.79395333 2.059828881374e-03 1.058129066560e+02 2.508061523552e+00 3.741133290085e+01 1.047581006346e+00
2 39 1 0.75744645 2.55623907 1.01816422 1.96740244 0.79395333 3.278111961665e-03 1.127892897540e+02 3.232442417118e+00 4.085813635637e+01 1.071366838214e+00
2 40 1 0.75744645 2.55623907 1.01816422 1.96740244 0.79395333 3.426616933000e-03 1.134184809492e+02 2.875149762892e+00 3.808634120724e+01 1.068747181576e+00
2 41 1 0.75744645 2.55623907 1.01816422 1.96740244 0.79395333 3.321074421242e-03 1.047786956801e+02 2.864907860689e+00 4.245151075120e+01 1.097775371852e+00
2 42 1 0.75744645 2.55623907 1.01816422 1.96740244 0.79395333 3.184277714646e-03 1.195039472207e+02 3.535978335739e+00 4.139021111535e+01 1.165461744534e+00
2 43 1 0.75744645 2.55623907 1.01816422 1.96740244 0.79395333 4.643961135500e-03 1.272754482937e+02 2.815008507274e+00 4.259941025578e+01 1.234087477599e+00
2 44 1 0.75744645 2.55623907 1.01816422 1.96740244 0.79395333 2.875471483121e-03 1.185966689289e+02 3.555520237885e+00 4.609653085583e+01 1.273347653251e+00
2 45 1 0.75744645 2.55623907 1.01816422 1.96740244 0.79395333 4.033127359845e-03 1.190716919667e+02 3.473860892825e+00 4.292203977910e+01 1.321065184497e+00
2 46 1 0.75744645 2.55623907 1.01816422 1.96740244 0.79395333 4.440684596141e-03 1.358309872284e+02 3.143487105644e+00 5.002291067984e+01 1.379920889964e+00
2 47 1 0.75744645 2.55623907 1.01816422 1.96740244 0.79395333 2.952893736881e-03 1.461463795329e+02 4.183939862983e+00 4.649948048242e+01 1.416493566537e+00
2 48 1 0.75744645 2.55623907 1.01816422 1.96740244 0.79395333 4.622366435598e-03 1.240682848616e+02 3.401264295640e+00 5.098819109160e+01 1.464638957818e+00
2 49 1 0.75744645 2.55623907 1.01816422 1.96740244 0.79395333 3.694148733149e-03 1.393224260963e+02 3.911684411972e+00 5.234558564156e+01 1.522424433914e+00
2 50 1 0.75744645 2.55623907 1.01816422 1.96740244 0.79395333 3.115845246256e-03 1.715145989091e+02 4.404535081888e+00 5.195491590729e+01 1.584386474238e+00
2 51 1 0.75744645 2.55623907 1.01816422 1.96740244 0.79395333 3.181315670511e-03 1.417639912606e+02 3.553024935200e+00 5.816092612242e+01 1.654244610469e+00
2 52 1 0.75744645 2.55623907 1.01816422 1.96740244 0.79395333 3.452357324968e-03 1.495008899942e+02 5.004034119364e+00 5.510804855422e+01 1.738535000915e+00
2 53 1 0.75744645 2.55623907 1.01816422 1.96740244 0.79395333 1.504982502674e-03 1.802111644445e+02 4.133144519403e+00 6.066299803886e+01 1.834043527477e+00
2 54 1 0.75744645 2.55623907 1.01816422 1.96740244 0.79395333 3.720061211700e-03 1.648579225782e+02 4.522279236603e+00 6.248105739217e+01 1.925214400304e+00
2 55 1 0.75744645 2.55623907 1.01816422 1.96740244 0.79395333 1.517034729553e-03 1.779667602921e+02 5.378481972942e+00 6.177660067017e+01 1.993516670196e+00
2 56 1 0.75744645 2.55623907 1.01816422 1.96740244 0.79395333 2.621051231321e-03 1.807227697298e+02 4.310409901318e+00 6.988669229585e+01 2.050935573464e+00
2 57 1 0.75744645 2.55623907 1.01816422 1.96740244 0.79395333 3.404629308078e-03 1.809244208086e+02 5.739646741785e+00 6.505251014185e+01 2.128016458597e+00
2 58 1 0.75744645 2.55623907 1.01816422 1.96740244 0.79395333 2.696885081256e-03 2.200813980946e+02 5.360471840315e+00 7.419028343568e+01 2.230145700625e+00
2 59 1 0.75744645 2.55623907 1.01816422 1.96740244 0.79395333 4.834665299751e-03 1.936185565646e+02 5.078107341883e+00 7.283015730157e+01 2.329690310556e+00
2 60 1 0.75744645 2.55623907 1.01816422 1.96740244 0.79395333 5.425923393488e-03 1.911202533522e+02 6.566960184174e+00 7.601152405718e+01 2.371114818482e+00
2 61 1 0.75744645 2.55623907 1.01816422 1.96740244 0.79395333 5.081884764516e-03 2.493152771224e+02 5.457592264092e+00 8.238399451173e+01 2.417027405528e+00
2 62 1 0.75744645 2.55623907 1.01816422 1.96740244 0.79395333 6.558012495357e-03 2.285411895952e+02 6.379509006481e+00 7.822755190342e+01 2.563568154595e+00
2 63 1 0.75744645 2.55623907 1.01816422 1.96740244 0.79395333 8.646174317007e-03 2.103039956483e+02 6.860770654223e+00 8.946254366437e+01 2.759113285512e+00
6 0 1 0.55922313 1.23877791 0.57137723 0.79316931 1.03117025 2.688604729897e-04 1.201870519586e+01 6.460648989390e-01 2.617628579139e+00 1.968090566142e-04
6 1 1 0.55922313 1.23877791 0.57137723 0.79316931 1.03117025 3.249023235034e-04 1.263538760196e+01 6.096472355456e-01 2.122658514568e+00 1.019942053573e-04
6 2 1 0.55922313 1.23877791 0.57137723 0.79316931 1.03117025 3.812672101112e-04 1.297417583053e+01 5.850475898439e-01 2.208622657446e+00 6.444643413835e-05
6 3 1 0.55922313 1.23877791 0.57137723 0.79316931 1.03117025 4.266240396127e-04 1.281126858878e+01 5.517395877619e-01 2.200464609095e+00 8.743978820072e-05
6 4 1 0.55922313 1.23877791 0.57137723 0.79316931 1.03117025 4.504796675566e-04 1.181779259816e+01 4.947991666798e-01 1.720710496823e+00 6.258263506200e-05
6 5 1 0.55922313 1.23877791 0.57137723 0.79316931 1.03117025 4.461271742344e-04 1.007679818626e+01 4.852134380228e-01 2.091613281782e+00 1.182087145045e-05
6 6 1 0.55922313 1.23877791 0.57137723 0.79316931 1.03117025 4.126340570780e-04 9.209475451268e+00 4.613797893954e-01 1.565572857213e+00 5.955897740642e-05
6 7 1 0.55922313 1.23877791 0.57137723 0.79316931 1.03117025 3.552189393739e-04 9.156556900684e+00 4.415566390357e-01 1.850207434220e+00 1.920032723582e-04
6 8 1 0.55922313 1.23877791 0.57137723 0.79316931 1.03117025 2.839132331402e-04 9.555084986457e+00 4.545625596732e-01 1.645463774348e+00 2.481128803031e-04
6 9 1 0.55922313 1.23877791 0.57137723 0.79316931 1.03117025 2.109606632118e-04 1.023955178935e+01 4.107581052510e-01 1.459471828079e+00 1.593567267682e-04
6 10 1 0.55922313 1.23877791 0.57137723 0.79316931 1.03117025 1.477835138255e-04 1.016361305083e+01 4.112453402225e-01 1.687289332670e+00 3.794471317550e-05
6 11 1 0.55922313 1.23877791 0.57137723 0.79316931 1.03117025 1.024260946928e-04 9.232384321350e+00 4.209973583504e-01 1.258656766851e+00 4.464353883340e-06
6 12 1 0.55922313 1.23877791 0.57137723 0.79316931 1.03117025 7.816786138049e-05 8.204020027216e+00 3.833766524096e-01 1.618924055497e+00 5.228999698912e-05
6 13 1 0.55922313 1.23877791 0.57137723 0.79316931 1.03117025 7.357680954535e-05 7.482560493383e+00 3.948891174127e-01 1.329223144083e+00 1.079499597618e-04
6 14 1 0.55922313 1.23877791 0.57137723 0.79316931 1.03117025 8.380420053967e-05 7.225420694997e+00 3.855846932903e-01 1.356049657443e+00 1.287069422508e-04
6 15 1 0.55922313 1.23877791 0.57137723 0.79316931 1.03117025 1.025623686355e-04 7.687272451499e+00 3.488204422661e-01 1.444381776159e+00 1.115712466369e-04
6 16 1 0.55922313 1.23877791 0.57137723 0.79316931 1.03117025 1.240849748540e-04 8.205910613775e+00 3.576602684763e-01 1.096944166145e+00 7.143243933422e-05
6 17 1 0.55922313 1.23877791 0.57137723 0.79316931 1.03117025 1.444681352830e-04 8.290533338858e+00 3.453068001432e-01 1.428454323517e+00 3.342477329862e-05
6 18 1 0.55922313 1.23877791 0.57137723 0.79316931 1.03117025 1.620736883592e-04 7.973878955318e+00 3.188374064203e-01 1.058008396797e+00 1.319015007497e-05
6 19 1 0.55922313 1.23877791 0.57137723 0.79316931 1.03117025 1.770301102423e-04 7.053501452826e+00 3.166722206425e-01 1.209101842295e+00 4.005974512673e-06
6 20 1 0.55922313 1.23877791 0.57137723 0.79316931 1.03117025 1.901680299569e-04 6.248496506598e+00 3.039887385801e-01 1.163410687571e+00 5.316525875201e-07
6 21 1 0.55922313 1.23877791 0.57137723 0.79316931 1.03117025 2.018820194375e-04 5.950090905943e+00 2.986415101445e-01 1.004136556924e+00 9.235043414925e-06
6 22 1 0.55922313 1.23877791 0.57137723 0.79316931 1.03117025 2.113822198735e-04 6.037934014805e+00 3.033060662454e-01 1.289072307868e+00 1.918444822597e-05
6 23 1 0.55922313 1.23877791 0.57137723 0.79316931 1.03117025 2.166156329574e-04 6.495331899414e+00 2.974564380943e-01 9.583245490189e-01 8.950397682823e-06
6 24 1 0.55922313 1.23877791 0.57137723 0.79316931 1.03117025 2.148725408017e-04 6.699074023464e+00 2.942437569574e-01 1.182521287586e+00 2.059825948258e-06
6 25 1 0.55922313 1.23877791 0.57137723 0.79316931 1.03117025 2.038422597199e-04 6.274736266621e+00 2.739303629041e-01 1.016947195513e+00 4.838404675349e-05
6 26 1 0.55922313 1.23877791 0.57137723 0.79316931 1.03117025 1.827252451997e-04 5.675802974420e+00 2.618927946848e-01 9.410004043890e-01 1.202718300185e-04
6 27 1 0.55922313 1.23877791 0.57137723 0.79316931 1.03117025 1.529897764858e-04 5.203352452752e+00 2.757806204215e-01 1.097110406284e+00 1.190744834111e-04
6 28 1 0.55922313 1.23877791 0.57137723 0.79316931 1.03117025 1.184788198630e-04 4.850137767988e+00 2.477737280575e-01 8.315819477450e-01 4.588353682053e-05
6 29 1 0.55922313 1.23877791 0.57137723 0.79316931 1.03117025 8.478245993941e-05 5.230918269813e+00 2.562674401878e-01 1.088278034464e+00 6.090663685449e-05
6 30 1 0.55922313 1.23877791 0.57137723 0.79316931 1.03117025 5.802480435435e-05 5.835647151078e+00 2.664627735288e-01 8.699772507368e-01 2.617384302013e-04
6 31 1 0.55922313 1.23877791 0.57137723 0.79316931 1.03117025 4.339970142211e-05 6.017208207781e+00 2.350445804841e-01 9.571889228876e-01 4.858861818528e-04
6 32 1 0.55922313 1.23877791 0.57137723 0.79316931 1.03117025 4.387259318459e-05 6.255743424909e+00 2.665441337674e-01 1.027105619055e+00 4.851433635409e-04
6 33 1 0.55922313 1.23877791 0.57137723 0.79316931 1.03117025 5.942354288072e-05 5.930930151988e+00 2.756129187269e-01 8.783851299953e-01 2.599407950663e-04
6 34 1 0.55922313 1.23877791 0.57137723 0.79316931 1.03117025 8.705254235158e-05 5.320344381902e+00 2.591432891780e-01 1.153472984315e+00 5.981799032035e-05
6 35 1 0.55922313 1.23877791 0.57137723 0.79316931 1.03117025 1.215479456411e-04 5.291325267788e+00 2.868294772782e-01 9.020686810455e-01 4.764836686898e-05
6 36 1 0.55922313 1.23877791 0.57137723 0.79316931 1.03117025 1.567966389586e-04 5.666790815478e+00 2.883914802857e-01 1.140694425074e+00 1.231417201251e-04
6 37 1 0.55922313 1.23877791 0.57137723 0.79316931 1.03117025 1.872561651458e-04 6.290808607104e+00 2.828196753395e-01 1.068895879358e+00 1.233754197714e-04
6 38 1 0.55922313 1.23877791 0.57137723 0.79316931 1.03117025 2.091633730119e-04 7.148363667285e+00 3.088466224492e-01 1.044942635894e+00 4.889935419379e-05
6 39 1 0.55922313 1.23877791 0.57137723 0.79316931 1.03117025 2.211384579951e-04 7.422917870441e+00 3.038788543549e-01 1.246270499161e+00 1.883022380372e-06
6 40 1 0.55922313 1.23877791 0.57137723 0.79316931 1.03117025 2.240359936141e-04 7.036124775191e+00 3.005002618354e-01 9.586790392745e-01 9.913439910052e-06
6 41 1 0.55922313 1.23877791 0.57137723 0.79316931 1.03117025 2.201391323799e-04 6.661611350372e+00 3.028004682862e-01 1.245900991992e+00 2.049974250024e-05
6 42 1 0.55922313 1.23877791 0.57137723 0.79316931 1.03117025 2.120125596558e-04 6.400651882605e+00 3.046406752199e-01 1.038577952532e+00 9.730089789653e-06
6 43 1 0.55922313 1.23877791 0.57137723 0.79316931 1.03117025 2.014493737986e-04 6.603895154662e+00 3.286847103389e-01 1.190826143069e+00 5.509701907306e-07
6 44 1 0.55922313 1.23877791 0.57137723 0.79316931 1.03117025 1.889194531665e-04 7.392825550206e+00 3.311134964188e-01 1.318026492492e+00 4.091579457037e-06
6 45 1 0.55922313 1.23877791 0.57137723 0.79316931 1.03117025 1.737508581485e-04 8.044076536627e+00 3.498067144611e-01 1.108013238578e+00 1.375449568788e-05
6 46 1 0.55922313 1.23877791 0.57137723 0.79316931 1.03117025 1.550019448478e-04 8.442304709770e+00 3.668809515827e-01 1.514085129897e+00 3.629223317260e-05
6 47 1 0.55922313 1.23877791 0.57137723 0.79316931 1.03117025 1.327005491293e-04 8.305145987735e+00 3.527722962464e-01 1.167720370346e+00 7.843698446651e-05
6 48 1 0.55922313 1.23877791 0.57137723 0.79316931 1.03117025 1.089404761054e-04 7.715246296631e+00 3.788918380531e-01 1.505384404284e+00 1.209853159278e-04
6 49 1 0.55922313 1.23877791 0.57137723 0.79316931 1.03117025 8.831380062673e-05 7.392959473691e+00 3.990105018630e-01 1.442788537201e+00 1.361339475296e-04
6 50 1 0.55922313 1.23877791 0.57137723 0.79316931 1.03117025 7.734421159076e-05 7.686815108872e+00 3.813089887854e-01 1.348074380111e+00 1.112019758755e-04
6 51 1 0.55922313 1.23877791 0.57137723 0.79316931 1.03117025 8.292534857754e-05 8.575543664104e+00 4.114459433701e-01 1.740521065563e+00 5.292506151479e-05
6 52 1 0.55922313 1.23877791 0.57137723 0.79316931 1.03117025 1.101506390050e-04 9.919975804894e+00 4.246011899721e-01 1.311449912910e+00 5.216571346480e-06
6 53 1 0.55922313 1.23877791 0.57137723 0.79316931 1.03117025 1.602106519587e-04 1.079608217959e+01 4.171323613466e-01 1.887708596678e+00 4.128860711536e-05
6 54 1 0.55922313 1.23877791 0.57137723 0.79316931 1.03117025 2.291123933468e-04 1.057778961870e+01 4.664226279511e-01 1.643735921173e+00 1.668319783640e-04
6 55 1 0.55922313 1.23877791 0.57137723 0.79316931 1.03117025 3.077891309252e-04 1.009972421310e+01 4.793322196986e-01 1.792791432745e+00 2.577792562892e-04
6 56 1 0.55922313 1.23877791 0.57137723 0.79316931 1.03117025 3.837578938971e-04 9.675833623786e+00 4.840526964030e-01 2.082284788456e+00 1.989005543862e-04
6 57 1 0.55922313 1.23877791 0.57137723 0.79316931 1.03117025 4.439704897844e-04 9.783983204493e+00 5.388629480768e-01 1.672199763438e+00 6.215251030169e-05
6 58 1 0.55922313 1.23877791 0.57137723 0.79316931 1.03117025 4.780676773215e-04 1.124934798609e+01 5.509070830687e-01 2.400681239555e+00 1.464723873137e-05
6 59 1 0.55922313 1.23877791 0.57137723 0.79316931 1.03117025 4.810489238779e-04 1.280766983279e+01 5.978268751324e-01 1.927886769880e+00 6.880622901718e-05
6 60 1 0.55922313 1.23877791 0.57137723 0.79316931 1.03117025 4.545027739362e-04 1.386456361456e+01 6.381786148125e-01 2.340123816081e+00 9.395625347945e-05
6 61 1 0.55922313 1.23877791 0.57137723 0.79316931 1.03117025 4.059826182036e-04 1.426954094167e+01 6.262333668788e-01 2.402837912039e+00 6.954883497676e-05
6 62 1 0.55922313 1.23877791 0.57137723 0.79316931 1.03117025 3.467221633348e-04 1.379710704790e+01 6.593725850852e-01 2.031565526153e+00 1.112153819246e-04
6 63 1 0.55922313 1.23877791 0.57137723 0.79316931 1.03117025 2.884538245585e-04 1.289562329131e+01 6.427689738318e-01 2.702744708516e+00 2.132603454516e-04
9 0 1 2.14271647 0.95947691 0.77991279 0.81260933 0.61544267 4.279510879978e-02 5.056619976195e+00 1.400523162729e+00 3.390837121853e+00 1.044445821581e-01
9 1 1 2.14271647 0.95947691 0.77991279 0.81260933 0.61544267 5.817150338876e-02 4.349816352227e+00 1.653127582562e+00 3.428904969067e+00 9.760036516705e-02
9 2 1 2.14271647 0.95947691 0.77991279 0.81260933 0.61544267 7.015276617029e-02 4.683447645130e+00 1.931533100430e+00 3.506492565584e+00 9.161992406231e-02
9 3 1 2.14271647 0.95947691 0.77991279 0.81260933 0.61544267 7.681268510705e-02 3.908989881140e+00 2.186218634459e+00 3.474434257172e+00 8.850998637175e-02
9 4 1 2.14271647 0.95947691 0.77991279 0.81260933 0.61544267 7.916722399447e-02 4.186992709508e+00 2.414800622042e+00 3.398018298335e+00 8.831374179927e-02
9 5 1 2.14271647 0.95947691 0.77991279 0.81260933 0.61544267 7.875304594882e-02 3.699939754906e+00 2.576023802482e+00 3.285519928060e+00 8.904854088642e-02
9 6 1 2.14271647 0.95947691 0.77991279 0.81260933 0.61544267 7.535115258601e-02 3.862915671380e+00 2.689222624083e+00 3.115737582912e+00 8.873066784329e-02
9 7 1 2.14271647 0.95947691 0.77991279 0.81260933 0.61544267 6.774868351454e-02 3.357880287503e+00 2.737858792414e+00 2.899660275414e+00 8.736741641049e-02
9 8 1 2.14271647 0.95947691 0.77991279 0.81260933 0.61544267 5.650593548593e-02 3.619242757614e+00 2.709493370282e+00 2.681449187300e+00 8.638154398161e-02
9 9 1 2.14271647 0.95947691 0.77991279 0.81260933 0.61544267 4.504852995569e-02 3.051651482562e+00 2.600278364625e+00 2.404175877697e+00 8.611965430266e-02
9 10 1 2.14271647 0.95947691 0.77991279 0.81260933 0.61544267 3.728438251834e-02 3.223697074430e+00 2.421814434412e+00 2.132991731409e+00 8.479864787859e-02
9 11 1 2.14271647 0.95947691 0.77991279 0.81260933 0.61544267 3.410275333597e-02 2.889638050272e+00 2.197327411491e+00 1.840083294440e+00 8.055663528629e-02
9 12 1 2.14271647 0.95947691 0.77991279 0.81260933 0.61544267 3.260131444925e-02 3.042858231261e+00 1.952869148193e+00 1.561844191877e+00 7.415197499535e-02
9 13 1 2.14271647 0.95947691 0.77991279 0.81260933 0.61544267 2.896818427473e-02 2.640713424797e+00 1.688701746611e+00 1.305833955465e+00 6.880192786707e-02
9 14 1 2.14271647 0.95947691 0.77991279 0.81260933 0.61544267 2.202605878267e-02 2.761575137278e+00 1.416088524698e+00 1.109200821950e+00 6.717122989181e-02
9 15 1 2.14271647 0.95947691 0.77991279 0.81260933 0.61544267 1.394161980563e-02 2.533425381225e+00 1.147219406712e+00 9.392509377399e-01 6.895135704513e-02
9 16 1 2.14271647 0.95947691 0.77991279 0.81260933 0.61544267 7.844605545519e-03 2.508004876165e+00 9.142629567509e-01 8.257121132025e-01 7.150194063097e-02
9 17 1 2.14271647 0.95947691 0.77991279 0.81260933 0.61544267 5.228900265725e-03 2.383991109143e+00 7.324429768155e-01 7.366473077724e-01 7.236216320733e-02
9 18 1 2.14271647 0.95947691 0.77991279 0.81260933 0.61544267 5.659824860718e-03 2.414579635761e+00 6.167153684968e-01 6.820268534560e-01 7.082985909473e-02
9 19 1 2.14271647 0.95947691 0.77991279 0.81260933 0.61544267 8.346879708783e-03 2.195720643308e+00 5.413003633169e-01 6.840731107975e-01 6.760291301962e-02
9 20 1 2.14271647 0.95947691 0.77991279 0.81260933 0.61544267 1.322084229341e-02 2.270706164976e+00 5.210702281803e-01 7.174310177022e-01 6.371802945219e-02
9 21 1 2.14271647 0.95947691 0.77991279 0.81260933 0.61544267 2.027687834035e-02 2.120177965865e+00 5.229540480230e-01 8.055035667986e-01 6.004141262836e-02
9 22 1 2.14271647 0.95947691 0.77991279 0.81260933 0.61544267 2.836112158993e-02 2.142536685175e+00 5.838845525526e-01 9.076275706586e-01 5.719655781236e-02
9 23 1 2.14271647 0.95947691 0.77991279 0.81260933 0.61544267 3.524347014422e-02 2.066207383808e+00 6.671609833730e-01 1.019905033397e+00 5.538555233928e-02
9 24 1 2.14271647 0.95947691 0.77991279 0.81260933 0.61544267 3.909624078849e-02 2.061270037452e+00 7.975896786635e-01 1.143556478957e+00 5.431083221155e-02
9 25 1 2.14271647 0.95947691 0.77991279 0.81260933 0.61544267 3.968024850794e-02 1.976673851899e+00 9.480646822094e-01 1.265183610405e+00 5.361424412929e-02
9 26 1 2.14271647 0.95947691 0.77991279 0.81260933 0.61544267 3.788351122895e-02 1.969695228014e+00 1.103310498637e+00 1.388573846181e+00 5.337957371720e-02
9 27 1 2.14271647 0.95947691 0.77991279 0.81260933 0.61544267 3.428371266834e-02 2.017322825468e+00 1.258507863938e+00 1.499137538164e+00 5.383620908532e-02
9 28 1 2.14271647 0.95947691 0.77991279 0.81260933 0.61544267 2.860391369632e-02 1.974259083087e+00 1.366869240365e+00 1.588201418418e+00 5.445462696419e-02
9 29 1 2.14271647 0.95947691 0.77991279 0.81260933 0.61544267 2.082834110285e-02 1.925049492075e+00 1.448508946156e+00 1.629435351730e+00 5.377247948361e-02
9 30 1 2.14271647 0.95947691 0.77991279 0.81260933 0.61544267 1.263601655249e-02 2.017757360985e+00 1.502119445080e+00 1.692199016509e+00 5.065533585341e-02
9 31 1 2.14271647 0.95947691 0.77991279 0.81260933 0.61544267 7.207212251500e-03 1.926264249474e+00 1.526013014069e+00 1.693861012422e+00 4.577146889007e-02
9 32 1 2.14271647 0.95947691 0.77991279 0.81260933 0.61544267 7.155168632260e-03 1.959869296993e+00 1.568850009059e+00 1.744371541788e+00 4.140579634920e-02
9 33 1 2.14271647 0.95947691 0.77991279 0.81260933 0.61544267 1.247390138004e-02 2.058760576365e+00 1.539312901447e+00 1.734851129716e+00 3.952404492389e-02
9 34 1 2.14271647 0.95947691 0.77991279 0.81260933 0.61544267 2.055328542406e-02 2.026106931621e+00 1.507359754860e+00 1.708743690649e+00 4.010329663844e-02
9 35 1 2.14271647 0.95947691 0.77991279 0.81260933 0.61544267 2.824832609204e-02 2.080369168992e+00 1.381621356902e+00 1.637822289359e+00 4.145523994186e-02
9 36 1 2.14271647 0.95947691 0.77991279 0.81260933 0.61544267 3.393047479176e-02 2.060550162363e+00 1.245178189379e+00 1.531280347111e+00 4.196784594097e-02
9 37 1 2.14271647 0.95947691 0.77991279 0.81260933 0.61544267 3.763319977545e-02 2.202267189606e+00 1.084806167190e+00 1.403336267360e+00 4.127730613847e-02
9 38 1 2.14271647 0.95947691 0.77991279 0.81260933 0.61544267 3.958109158607e-02 2.144987868984e+00 9.277867111454e-01 1.284250719930e+00 3.989629361716e-02
9 39 1 2.14271647 0.95947691 0.77991279 0.81260933 0.61544267 3.909846576430e-02 2.316234462694e+00 8.008615860556e-01 1.145005350736e+00 3.820975614962e-02
9 40 1 2.14271647 0.95947691 0.77991279 0.81260933 0.61544267 3.523545866372e-02 2.334159715440e+00 6.792797338541e-01 1.020081591209e+00 3.615960448395e-02
9 41 1 2.14271647 0.95947691 0.77991279 0.81260933 0.61544267 2.826724833594e-02 2.404161699212e+00 5.983909313083e-01 8.965537984529e-01 3.370912717811e-02
9 42 1 2.14271647 0.95947691 0.77991279 0.81260933 0.61544267 2.012479761848e-02 2.419090731155e+00 5.399783478321e-01 7.959200056099e-01 3.120189882812e-02
9 43 1 2.14271647 0.95947691 0.77991279 0.81260933 0.61544267 1.311573522637e-02 2.663700945917e+00 5.225073327779e-01 7.347005522515e-01 2.918139409983e-02
9 44 1 2.14271647 0.95947691 0.77991279 0.81260933 0.61544267 8.401650827406e-03 2.529922923532e+00 5.582266406226e-01 7.184553576260e-01 2.809119879249e-02
9 45 1 2.14271647 0.95947691 0.77991279 0.81260933 0.61544267 5.984346478583e-03 2.882426736790e+00 6.500621408892e-01 7.287037814129e-01 2.817802875955e-02
9 46 1 2.14271647 0.95947691 0.77991279 0.81260933 0.61544267 5.991320496649e-03 2.784121919820e+00 8.221775842973e-01 7.913960587330e-01 2.931824901211e-02
9 47 1 2.14271647 0.95947691 0.77991279 0.81260933 0.61544267 9.286640753173e-03 3.032193792928e+00 1.045250581942e+00 8.701512701470e-01 3.066098407321e-02
9 48 1 2.14271647 0.95947691 0.77991279 0.81260933 0.61544267 1.624605326078e-02 2.965489693429e+00 1.311551107126e+00 1.018104488471e+00 3.073579627534e-02
9 49 1 2.14271647 0.95947691 0.77991279 0.81260933 0.61544267 2.512034501345e-02 3.390368462741e+00 1.587698768654e+00 1.213398836621e+00 2.852630877525e-02
9 50 1 2.14271647 0.95947691 0.77991279 0.81260933 0.61544267 3.248704123620e-02 3.230135055966e+00 1.864485036905e+00 1.454562637909e+00 2.466363583608e-02
9 51 1 2.14271647 0.95947691 0.77991279 0.81260933 0.61544267 3.611555756075e-02 3.537524371482e+00 2.149231902554e+00 1.744575013945e+00 2.118959140199e-02
9 52 1 2.14271647 0.95947691 0.77991279 0.81260933 0.61544267 3.743649564112e-02 3.525092789636e+00 2.409035865339e+00 2.027399751831e+00 1.975913829557e-02
9 53 1 2.14271647 0.95947691 0.77991279 0.81260933 0.61544267 4.061039314235e-02 3.927564208298e+00 2.646725482876e+00 2.331027980716e+00 2.016770315546e-02
9 54 1 2.14271647 0.95947691 0.77991279 0.81260933 0.61544267 4.865624263993e-02 3.677502277497e+00 2.794065353905e+00 2.615313706416e+00 2.087676228481e-02
9 55 1 2.14271647 0.95947691 0.77991279 0.81260933 0.61544267 6.047566746605e-02 4.372610351919e+00 2.889983261004e+00 2.919112339889e+00 2.081376805432e-02
9 56 1 2.14271647 0.95947691 0.77991279 0.81260933 0.61544267 7.185900237380e-02 4.090590608580e+00 2.877213020034e+00 3.162140036428e+00 2.025765003936e-02
9 57 1 2.14271647 0.95947691 0.77991279 0.81260933 0.61544267 7.928200450175e-02 4.558030626210e+00 2.838955955627e+00 3.445494100032e+00 1.994695403597e-02
9 58 1 2.14271647 0.95947691 0.77991279 0.81260933 0.61544267 8.232690750950e-02 4.360516679284e+00 2.683905390339e+00 3.604679001132e+00 1.980774899942e-02
9 59 1 2.14271647 0.95947691 0.77991279 0.81260933 0.61544267 8.236157219970e-02 5.064432341311e+00 2.502991845153e+00 3.768569261549e+00 1.898605603160e-02
9 60 1 2.14271647 0.95947691 0.77991279 0.81260933 0.61544267 7.957697733729e-02 4.701278963352e+00 2.224809518032e+00 3.835920785926e+00 1.701090296236e-02
9 61 1 2.14271647 0.95947691 0.77991279 0.81260933 0.61544267 7.230264154968e-02 5.473196511306e+00 1.949832630229e+00 3.813302368349e+00 1.449939830985e-02
9 62 1 2.14271647 0.95947691 0.77991279 0.81260933 0.61544267 5.952283887605e-02 5.142229583975e+00 1.673427603847e+00 3.735980615745e+00 1.261459559515e-02
9 63 1 2.14271647 0.95947691 0.77991279 0.81260933 0.61544267 4.338533726881e-02 5.765395765156e+00 1.439154949029e+00 3.564060742278e+00 1.210354563222e-02
10 0 1 0.49374130 1.00043646 0.59814386 0.83497964 0.75533392 3.793019125797e-04 5.597450419423e+00 6.589975680123e-01 2.286019380265e+00 3.742432123537e-03
10 1 1 0.49374130 1.00043646 0.59814386 0.83497964 0.75533392 4.170290791906e-04 5.322375944518e+00 6.226538709451e-01 2.817595640159e+00 3.966137256420e-03
10 2 1 0.49374130 1.00043646 0.59814386 0.83497964 0.75533392 4.421092279660e-04 5.355691007659e+00 6.099348380023e-01 2.131761447488e+00 3.204963004019e-03
10 3 1 0.49374130 1.00043646 0.59814386 0.83497964 0.75533392 4.475488302320e-04 4.887071624344e+00 5.739880753063e-01 2.533161571586e+00 2.911510129409e-03
10 4 1 0.49374130 1.00043646 0.59814386 0.83497964 0.75533392 4.294583232586e-04 4.906954802571e+00 5.643863919162e-01 2.000999304204e+00 3.696161230834e-03
10 5 1 0.49374130 1.00043646 0.59814386 0.83497964 0.75533392 3.884011637014e-04 4.674566266663e+00 5.331182104662e-01 2.307880875200e+00 2.193204156546e-03
10 6 1 0.49374130 1.00043646 0.59814386 0.83497964 0.75533392 3.295440445563e-04 4.497509684790e+00 5.270272451329e-01 1.923004728855e+00 1.624784169724e-03
10 7 1 0.49374130 1.00043646 0.59814386 0.83497964 0.75533392 2.615574133048e-04 4.441680968326e+00 4.936673970145e-01 2.083570658495e+00 1.468665674711e-03
10 8 1 0.49374130 1.00043646 0.59814386 0.83497964 0.75533392 1.946036900975e-04 4.077573869251e+00 4.766754394088e-01 1.824942925792e+00 1.260572602062e-03
10 9 1 0.49374130 1.00043646 0.59814386 0.83497964 0.75533392 1.380126252761e-04 4.033498506254e+00 4.496170820048e-01 1.870895340785e+00 1.352441911958e-03
10 10 1 0.49374130 1.00043646 0.59814386 0.83497964 0.75533392 9.830437596337e-05 3.804182346178e+00 4.580872290510e-01 1.804794144843e+00 7.964401841522e-04
10 11 1 0.49374130 1.00043646 0.59814386 0.83497964 0.75533392 7.807608487944e-05 3.726637452851e+00 4.280800602715e-01 1.681035436773e+00 4.611499359564e-04
10 12 1 0.49374130 1.00043646 0.59814386 0.83497964 0.75533392 7.597758675024e-05 3.680728303253e+00 4.140490278937e-01 1.704490861788e+00 8.814329734713e-05
10 13 1 0.49374130 1.00043646 0.59814386 0.83497964 0.75533392 8.766772349720e-05 3.503441000505e+00 4.062960294725e-01 1.505378653726e+00 5.111437498806e-04
10 14 1 0.49374130 1.00043646 0.59814386 0.83497964 0.75533392 1.073710909222e-04 3.524646580430e+00 3.988702147341e-01 1.656460660601e+00 4.830657885040e-04
10 15 1 0.49374130 1.00043646 0.59814386 0.83497964 0.75533392 1.295233658857e-04 3.301078952625e+00 3.864936088557e-01 1.371408006610e+00 2.827714552284e-06
10 16 1 0.49374130 1.00043646 0.59814386 0.83497964 0.75533392 1.500285490895e-04 3.262881053025e+00 3.757505153160e-01 1.571571183852e+00 2.047314959703e-04
10 17 1 0.49374130 1.00043646 0.59814386 0.83497964 0.75533392 1.668262244272e-04 3.099991872821e+00 3.563033308348e-01 1.257123022007e+00 1.876703654535e-04
10 18 1 0.49374130 1.00043646 0.59814386 0.83497964 0.75533392 1.797137124036e-04 2.867640287777e+00 3.620960830456e-01 1.521604758454e+00 3.645784786793e-04
10 19 1 0.49374130 1.00043646 0.59814386 0.83497964 0.75533392 1.896039625482e-04 2.886627097979e+00 3.325041906152e-01 1.186690393742e+00 3.667745816375e-04
10 20 1 0.49374130 1.00043646 0.59814386 0.83497964 0.75533392 1.975542254344e-04 2.663778088522e+00 3.420302262406e-01 1.458829758730e+00 4.347636943404e-04
10 21 1 0.49374130 1.00043646 0.59814386 0.83497964 0.75533392 2.039343287784e-04 2.759502164188e+00 3.162488170481e-01 1.111943090430e+00 6.108945258257e-04
10 22 1 0.49374130 1.00043646 0.59814386 0.83497964 0.75533392 2.080186839210e-04 2.775395613078e+00 3.211594405022e-01 1.400499393205e+00 8.009867593220e-04
10 23 1 0.49374130 1.00043646 0.59814386 0.83497964 0.75533392 2.081204402737e-04 2.649082738776e+00 3.068044104499e-01 1.075381325908e+00 9.867794983842e-04
10 24 1 0.49374130 1.00043646 0.59814386 0.83497964 0.75533392 2.021973895901e-04 2.784064010269e+00 3.081161310436e-01 1.325300795180e+00 1.261791921057e-03
10 25 1 0.49374130 1.00043646 0.59814386 0.83497964 0.75533392 1.887062916352e-04 2.608632647763e+00 3.038397250099e-01 1.062014218548e+00 1.477195340962e-03
10 26 1 0.49374130 1.00043646 0.59814386 0.83497964 0.75533392 1.674080434130e-04 2.598095046244e+00 3.067783655495e-01 1.278633444279e+00 9.201055710642e-04
10 27 1 0.49374130 1.00043646 0.59814386 0.83497964 0.75533392 1.398466499460e-04 2.626821616987e+00 2.899883968009e-01 1.050450070310e+00 1.667631463308e-03
10 28 1 0.49374130 1.00043646 0.59814386 0.83497964 0.75533392 1.093279951009e-04 2.420175635218e+00 3.058933144149e-01 1.226196723903e+00 1.665100099033e-03
10 29 1 0.49374130 1.00043646 0.59814386 0.83497964 0.75533392 8.037557387744e-05 2.439062142058e+00 2.969232795472e-01 1.107274939372e+00 1.542130116739e-03
10 30 1 0.49374130 1.00043646 0.59814386 0.83497964 0.75533392 5.779453810241e-05 2.327380714252e+00 3.118337713307e-01 1.197233885582e+00 2.965849353276e-03
10 31 1 0.49374130 1.00043646 0.59814386 0.83497964 0.75533392 4.558962065300e-05 2.308150368724e+00 2.785825303916e-01 1.099032802462e+00 1.242653753664e-03
10 32 1 0.49374130 1.00043646 0.59814386 0.83497964 0.75533392 4.602669390199e-05 2.445993867451e+00 3.108962791016e-01 1.163982225069e+00 1.256508516240e-03
10 33 1 0.49374130 1.00043646 0.59814386 0.83497964 0.75533392 5.909148773187e-05 2.502871468077e+00 3.026454875748e-01 1.198375370382e+00 2.981468902852e-03
10 34 1 0.49374130 1.00043646 0.59814386 0.83497964 0.75533392 8.249316343328e-05 2.637332140300e+00 3.015955192254e-01 1.130239400615e+00 1.558215899664e-03
10 35 1 0.49374130 1.00043646 0.59814386 0.83497964 0.75533392 1.122137207065e-04 2.636618876555e+00 3.013641192469e-01 1.224676877938e+00 1.705435858736e-03
10 36 1 0.49374130 1.00043646 0.59814386 0.83497964 0.75533392 1.434559620986e-04 2.686995289060e+00 3.073975544788e-01 1.128271957119e+00 1.699016634448e-03
10 37 1 0.49374130 1.00043646 0.59814386 0.83497964 0.75533392 1.717333249781e-04 2.635788160150e+00 3.224341591834e-01 1.346987093026e+00 9.505471539107e-04
10 38 1 0.49374130 1.00043646 0.59814386 0.83497964 0.75533392 1.938055433593e-04 2.664793629778e+00 3.211305354701e-01 1.132429139972e+00 1.526666246618e-03
10 39 1 0.49374130 1.00043646 0.59814386 0.83497964 0.75533392 2.082083223703e-04 2.737663702721e+00 3.254322978460e-01 1.425148705327e+00 1.308207055877e-03
10 40 1 0.49374130 1.00043646 0.59814386 0.83497964 0.75533392 2.152439133228e-04 2.619573805613e+00 3.480174202560e-01 1.171749940155e+00 1.030242492621e-03
10 41 1 0.49374130 1.00043646 0.59814386 0.83497964 0.75533392 2.164616030041e-04 2.813266031310e+00 3.448602775069e-01 1.520089831473e+00 8.385860778692e-04
10 42 1 0.49374130 1.00043646 0.59814386 0.83497964 0.75533392 2.138164275156e-04 2.759040454251e+00 3.679351695508e-01 1.222734355149e+00 6.425936368443e-04
10 43 1 0.49374130 1.00043646 0.59814386 0.83497964 0.75533392 2.088015640445e-04 2.910689283650e+00 3.728621469178e-01 1.625085522625e+00 4.558276469219e-04
10 44 1 0.49374130 1.00043646 0.59814386 0.83497964 0.75533392 2.018671575957e-04 3.196683382235e+00 3.827764369491e-01 1.293829717486e+00 3.915432566266e-04
10 45 1 0.49374130 1.00043646 0.59814386 0.83497964 0.75533392 1.923529206059e-04 3.151904888657e+00 3.995861091264e-01 1.704385091018e+00 3.824780222209e-04
10 46 1 0.49374130 1.00043646 0.59814386 0.83497964 0.75533392 1.789927136610e-04 3.476064588556e+00 4.020267099239e-01 1.401011631748e+00 2.010812003241e-04
10 47 1 0.49374130 1.00043646 0.59814386 0.83497964 0.75533392 1.608450465074e-04 3.439908170519e+00 4.251741640962e-01 1.827122907777e+00 2.196779236823e-04
10 48 1 0.49374130 1.00043646 0.59814386 0.83497964 0.75533392 1.383296641166e-04 3.484763601957e+00 4.331502208378e-01 1.561564055991e+00 3.085575871177e-06
10 49 1 0.49374130 1.00043646 0.59814386 0.83497964 0.75533392 1.139698367368e-04 3.697472400970e+00 4.472123990866e-01 1.906557031901e+00 5.183898639309e-04
10 50 1 0.49374130 1.00043646 0.59814386 0.83497964 0.75533392 9.249084144040e-05 3.604065429694e+00 4.606827539080e-01 1.722943968206e+00 5.385129651212e-04
10 51 1 0.49374130 1.00043646 0.59814386 0.83497964 0.75533392 8.010500517647e-05 3.881184374983e+00 4.819843628149e-01 1.992414573000e+00 9.740940449297e-05
10 52 1 0.49374130 1.00043646 0.59814386 0.83497964 0.75533392 8.307555655902e-05 3.933532785001e+00 5.170772311979e-01 1.977834361103e+00 4.882780300794e-04
10 53 1 0.49374130 1.00043646 0.59814386 0.83497964 0.75533392 1.059147583314e-04 4.108205969360e+00 5.179632109759e-01 2.057807389314e+00 8.542002652710e-04
10 54 1 0.49374130 1.00043646 0.59814386 0.83497964 0.75533392 1.497461495626e-04 4.416694413424e+00 5.450776007800e-01 2.166982883475e+00 1.459384366731e-03
10 55 1 0.49374130 1.00043646 0.59814386 0.83497964 0.75533392 2.113766621776e-04 4.454953912950e+00 5.770616090809e-01 2.130449176201e+00 1.345105325288e-03
10 56 1 0.49374130 1.00043646 0.59814386 0.83497964 0.75533392 2.834594143607e-04 4.783652752367e+00 6.032033176159e-01 2.486326671509e+00 1.581569152132e-03
10 57 1 0.49374130 1.00043646 0.59814386 0.83497964 0.75533392 3.558195180054e-04 4.781975362880e+00 6.173703335574e-01 2.241424157040e+00 1.746679229324e-03
10 58 1 0.49374130 1.00043646 0.59814386 0.83497964 0.75533392 4.176536494658e-04 4.977831194203e+00 6.416211026593e-01 2.748995088950e+00 2.351897730005e-03
10 59 1 0.49374130 1.00043646 0.59814386 0.83497964 0.75533392 4.600165716402e-04 5.229015679802e+00 6.595326535342e-01 2.340962745122e+00 3.971510538867e-03
10 60 1 0.49374130 1.00043646 0.59814386 0.83497964 0.75533392 4.778799478779e-04 5.298834206724e+00 6.955136987257e-01 3.057943093268e+00 3.133248512785e-03
10 61 1 0.49374130 1.00043646 0.59814386 0.83497964 0.75533392 4.711470266527e-04 5.713823720808e+00 7.119324875130e-01 2.512746466838e+00 3.435474393640e-03
10 62 1 0.49374130 1.00043646 0.59814386 0.83497964 0.75533392 4.443141792748e-04 5.678704200736e+00 7.440274493438e-01 3.351171494943e+00 4.255848281877e-03
10 63 1 0.49374130 1.00043646 0.59814386 0.83497964 0.75533392 4.048963488808e-04 6.017330669510e+00 7.533389512700e-01 2.638586730939e+00 4.030149637103e-03
19 0 1 0.55466248 1.14766346 0.52823062 0.71216835 1.15903765 1.831216213339e-04 8.517236473577e+00 4.635060618590e-01 1.423562434413e+00 5.962015685888e-05
19 1 1 0.55466248 1.14766346 0.52823062 0.71216835 1.15903765 2.275158098996e-04 8.125242654876e+00 4.429657787060e-01 1.434778851257e+00 5.779231243963e-05
19 2 1 0.55466248 1.14766346 0.52823062 0.71216835 1.15903765 2.761766333975e-04 7.842404844547e+00 4.265428569902e-01 1.381535263788e+00 5.317929746595e-05
19 3 1 0.55466248 1.14766346 0.52823062 0.71216835 1.15903765 3.196382061425e-04 7.645443647487e+00 4.259465213866e-01 1.329822512063e+00 4.641748978983e-05
19 4 1 0.55466248 1.14766346 0.52823062 0.71216835 1.15903765 3.482646522229e-04 7.311502747135e+00 3.953017269779e-01 1.325207213590e+00 3.836423370915e-05
19 5 1 0.55466248 1.14766346 0.52823062 0.71216835 1.15903765 3.549010348176e-04 6.995191202762e+00 3.799703663443e-01 1.247237600427e+00 2.995235684006e-05
19 6 1 0.55466248 1.14766346 0.52823062 0.71216835 1.15903765 3.369304761663e-04 6.812846691569e+00 3.702801330686e-01 1.213672832595e+00 2.204817479771e-05
19 7 1 0.55466248 1.14766346 0.52823062 0.71216835 1.15903765 2.970554585325e-04 6.526533330600e+00 3.392724931629e-01 1.174896121079e+00 1.533450950583e-05
19 8 1 0.55466248 1.14766346 0.52823062 0.71216835 1.15903765 2.425660555846e-04 6.333357593977e+00 3.327907512004e-01 1.106729111898e+00 1.023433416531e-05
19 9 1 0.55466248 1.14766346 0.52823062 0.71216835 1.15903765 1.833629071088e-04 6.123204523543e+00 3.245724015686e-01 1.067719430399e+00 6.882827488338e-06
19 10 1 0.55466248 1.14766346 0.52823062 0.71216835 1.15903765 1.293899701721e-04 5.799982406988e+00 3.005474242346e-01 1.031931842475e+00 5.147294257204e-06
19 11 1 0.55466248 1.14766346 0.52823062 0.71216835 1.15903765 8.827712822154e-05 5.724235258241e+00 2.953555509308e-01 9.705263657045e-01 4.686958758695e-06
19 12 1 0.55466248 1.14766346 0.52823062 0.71216835 1.15903765 6.386433922717e-05 5.518553383843e+00 3.003846783678e-01 9.610738956497e-01 5.039161311577e-06
19 13 1 0.55466248 1.14766346 0.52823062 0.71216835 1.15903765 5.594216944564e-05 5.296507992573e+00 2.787142902614e-01 9.254692015697e-01 5.715660810801e-06
19 14 1 0.55466248 1.14766346 0.52823062 0.71216835 1.15903765 6.112887682253e-05 5.129763774243e+00 2.683918951885e-01 8.878282420406e-01 6.292750556627e-06
19 15 1 0.55466248 1.14766346 0.52823062 0.71216835 1.15903765 7.445704701094e-05 4.996681422887e+00 2.750498011713e-01 8.673875060992e-01 6.481441534827e-06
19 16 1 0.55466248 1.14766346 0.52823062 0.71216835 1.15903765 9.107210956177e-05 4.865009832307e+00 2.621833858464e-01 8.398937860197e-01 6.168392902536e-06
19 17 1 0.55466248 1.14766346 0.52823062 0.71216835 1.15903765 1.074897232514e-04 4.694070931806e+00 2.381327503393e-01 7.913841625102e-01 5.423683995190e-06
19 18 1 0.55466248 1.14766346 0.52823062 0.71216835 1.15903765 1.220814712887e-04 4.593732739540e+00 2.427104464504e-01 7.870885524038e-01 4.476980113765e-06
19 19 1 0.55466248 1.14766346 0.52823062 0.71216835 1.15903765 1.347650706435e-04 4.439977812531e+00 2.436875193969e-01 7.600069868157e-01 3.668303811745e-06
19 20 1 0.55466248 1.14766346 0.52823062 0.71216835 1.15903765 1.461542920066e-04 4.368557409475e+00 2.154819393618e-01 7.320434434766e-01 3.382869177655e-06
19 21 1 0.55466248 1.14766346 0.52823062 0.71216835 1.15903765 1.565839156586e-04 4.312789187752e+00 2.156576425195e-01 7.260180228499e-01 3.980949610724e-06
19 22 1 0.55466248 1.14766346 0.52823062 0.71216835 1.15903765 1.654244062046e-04 4.142881144143e+00 2.217725614865e-01 7.054111354827e-01 5.733517467953e-06
19 23 1 0.55466248 1.14766346 0.52823062 0.71216835 1.15903765 1.709555129659e-04 4.090141259895e+00 2.022237380277e-01 6.693701856434e-01 8.772668885079e-06
19 24 1 0.55466248 1.14766346 0.52823062 0.71216835 1.15903765 1.708400743293e-04 4.091729333924e+00 1.922360946871e-01 6.725612057566e-01 1.306306549407e-05
19 25 1 0.55466248 1.14766346 0.52823062 0.71216835 1.15903765 1.630125150688e-04 3.986160012034e+00 1.999160727550e-01 6.406471459916e-01 1.839730915116e-05
19 26 1 0.55466248 1.14766346 0.52823062 0.71216835 1.15903765 1.466465365832e-04 3.925953927581e+00 1.907876850408e-01 6.257255204487e-01 2.441482894191e-05
19 27 1 0.55466248 1.14766346 0.52823062 0.71216835 1.15903765 1.228377822861e-04 3.953520049517e+00 1.812563822667e-01 6.244117164382e-01 3.064092871270e-05
19 28 1 0.55466248 1.14766346 0.52823062 0.71216835 1.15903765 9.473220282456e-05 3.863646881096e+00 1.808242134808e-01 5.981894265257e-01 3.654041381105e-05
19 29 1 0.55466248 1.14766346 0.52823062 0.71216835 1.15903765 6.701290183524e-05 3.899689372016e+00 1.808016011649e-01 5.926660977553e-01 4.157883914298e-05
19 30 1 0.55466248 1.14766346 0.52823062 0.71216835 1.15903765 4.486631271772e-05 3.945251533419e+00 1.788429357072e-01 6.022493130629e-01 4.528392036588e-05
19 31 1 0.55466248 1.14766346 0.52823062 0.71216835 1.15903765 3.271700056713e-05 3.810635396906e+00 1.754991001910e-01 5.847977877234e-01 4.729995528675e-05
19 32 1 0.55466248 1.14766346 0.52823062 0.71216835 1.15903765 3.309841611959e-05 3.958774416705e+00 1.853233687265e-01 6.182500716026e-01 4.742908860506e-05
19 33 1 0.55466248 1.14766346 0.52823062 0.71216835 1.15903765 4.599231105928e-05 3.995815984131e+00 1.929661050310e-01 6.339720820253e-01 4.565477556025e-05
19 34 1 0.55466248 1.14766346 0.52823062 0.71216835 1.15903765 6.883363725047e-05 3.950268135862e+00 1.976914050359e-01 6.380738224469e-01 4.214471495842e-05
19 35 1 0.55466248 1.14766346 0.52823062 0.71216835 1.15903765 9.718151025354e-05 4.074931394235e+00 1.979810932492e-01 6.766755019651e-01 3.723269007308e-05
19 36 1 0.55466248 1.14766346 0.52823062 0.71216835 1.15903765 1.258588987351e-04 4.122572646800e+00 2.105786133058e-01 6.859200090004e-01 3.138103251169e-05
19 37 1 0.55466248 1.14766346 0.52823062 0.71216835 1.15903765 1.502240802460e-04 4.181593417830e+00 2.176232391270e-01 6.866532856940e-01 2.512764412882e-05
19 38 1 0.55466248 1.14766346 0.52823062 0.71216835 1.15903765 1.671996213152e-04 4.325238668055e+00 2.148139738192e-01 7.270074983279e-01 1.902347794515e-05
19 39 1 0.55466248 1.14766346 0.52823062 0.71216835 1.15903765 1.757641508479e-04 4.389992534491e+00 2.175150528576e-01 7.275260989782e-01 1.356786220730e-05
19 40 1 0.55466248 1.14766346 0.52823062 0.71216835 1.15903765 1.767872570952e-04 4.448548490261e+00 2.405430375936e-01 7.405806835532e-01 9.149812220422e-06
19 41 1 0.55466248 1.14766346 0.52823062 0.71216835 1.15903765 1.723055219969e-04 4.679490463606e+00 2.347554201522e-01 7.724450950028e-01 6.003299353141e-06
19 42 1 0.55466248 1.14766346 0.52823062 0.71216835 1.15903765 1.645276692442e-04 4.783488049186e+00 2.290712383074e-01 7.730575305777e-01 4.183200507975e-06
19 43 1 0.55466248 1.14766346 0.52823062 0.71216835 1.15903765 1.549527842159e-04 4.876303183896e+00 2.548081832207e-01 7.910759967711e-01 3.566329625357e-06
19 44 1 0.55466248 1.14766346 0.52823062 0.71216835 1.15903765 1.439481278392e-04 5.083191447514e+00 2.591699345741e-01 8.235020396781e-01 3.878721111374e-06
19 45 1 0.55466248 1.14766346 0.52823062 0.71216835 1.15903765 1.309660142317e-04 5.260351652790e+00 2.475830996168e-01 8.360446922257e-01 4.746543338607e-06
19 46 1 0.55466248 1.14766346 0.52823062 0.71216835 1.15903765 1.153329626585e-04 5.439531535589e+00 2.680073860646e-01 8.702120219249e-01 5.764180525115e-06
19 47 1 0.55466248 1.14766346 0.52823062 0.71216835 1.15903765 9.730302442373e-05 5.648792816754e+00 2.844996070028e-01 9.062877749525e-01 6.569746236632e-06
19 48 1 0.55466248 1.14766346 0.52823062 0.71216835 1.15903765 7.892193918006e-05 5.829040725081e+00 2.735409246214e-01 9.194416932445e-01 6.916200725080e-06
19 49 1 0.55466248 1.14766346 0.52823062 0.71216835 1.15903765 6.426486653716e-05 6.053823932508e+00 2.820770509125e-01 9.560072900529e-01 6.725848897992e-06
19 50 1 0.55466248 1.14766346 0.52823062 0.71216835 1.15903765 5.879995064331e-05 6.346351361139e+00 3.037049273542e-01 9.881867038036e-01 6.117586872748e-06
19 51 1 0.55466248 1.14766346 0.52823062 0.71216835 1.15903765 6.794099350381e-05 6.586477396711e+00 3.058351482757e-01 1.008519060418e+00 5.399824616802e-06
19 52 1 0.55466248 1.14766346 0.52823062 0.71216835 1.15903765 9.518118083084e-05 6.769543423785e+00 3.084206648649e-01 1.060777761954e+00 5.027170279308e-06
19 53 1 0.55466248 1.14766346 0.52823062 0.71216835 1.15903765 1.404235725650e-04 7.098449444781e+00 3.355918303562e-01 1.112357423856e+00 5.525015685942e-06
19 54 1 0.55466248 1.14766346 0.52823062 0.71216835 1.15903765 1.991460134644e-04 7.457101822899e+00 3.518931416107e-01 1.128438817375e+00 7.392160858950e-06
19 55 1 0.55466248 1.14766346 0.52823062 0.71216835 1.15903765 2.628265900782e-04 7.671081872863e+00 3.532995532599e-01 1.197534180729e+00 1.099650114259e-05
19 56 1 0.55466248 1.14766346 0.52823062 0.71216835 1.15903765 3.206635326920e-04 8.012466912992e+00 3.837053542122e-01 1.228587483194e+00 1.648159057723e-05
19 57 1 0.55466248 1.14766346 0.52823062 0.71216835 1.15903765 3.621766433480e-04 8.353469931075e+00 3.937437326020e-01 1.239697091151e+00 2.370186868207e-05
19 58 1 0.55466248 1.14766346 0.52823062 0.71216835 1.15903765 3.799350330621e-04 8.667287185884e+00 4.022626822740e-01 1.304636402738e+00 3.220119679548e-05
19 59 1 0.55466248 1.14766346 0.52823062 0.71216835 1.15903765 3.715532099327e-04 9.135524959406e+00 4.219312849601e-01 1.333624728311e+00 4.124331997757e-05
19 60 1 0.55466248 1.14766346 0.52823062 0.71216835 1.15903765 3.402919044524e-04 9.409906082825e+00 4.297393946867e-01 1.338663026320e+00 4.989471487359e-05
19 61 1 0.55466248 1.14766346 0.52823062 0.71216835 1.15903765 2.940427135167e-04 9.747488155579e+00 4.283462289242e-01 1.427863120912e+00 5.715122262839e-05
19 62 1 0.55466248 1.14766346 0.52823062 0.71216835 1.15903765 2.430210956976e-04 1.028766255102e+01 4.593538352435e-01 1.436395730463e+00 6.209140109155e-05
19 63 1 0.55466248 1.14766346 0.52823062 0.71216835 1.15903765 1.969454449617e-04 1.065954052273e+01 4.582575973872e-01 1.495249706995e+00 6.403320478647e-05
20 0 1 0.83362495 5.71401105 0.82191592 1.31418766 1.00372375 2.717040597058e-03 4.401072708042e+03 2.355436917109e+00 1.609663132915e+01 6.081915006805e+00
20 1 1 0.83362495 5.71401105 0.82191592 1.31418766 1.00372375 3.903813934996e-03 4.150723050777e+03 2.748195834220e+00 1.795463782786e+01 5.853231060607e+00
20 2 1 0.83362495 5.71401105 0.82191592 1.31418766 1.00372375 2.792961637440e-03 4.113808255701e+03 2.417313627689e+00 1.312955995161e+01 5.549620945800e+00
20 3 1 0.83362495 5.71401105 0.82191592 1.31418766 1.00372375 3.993751211898e-03 3.933116201201e+03 2.053134648452e+00 1.564608802002e+01 5.239728006986e+00
20 4 1 0.83362495 5.71401105 0.82191592 1.31418766 1.00372375 3.066599399866e-03 3.766547097032e+03 2.439072809588e+00 1.520065605960e+01 5.034189803722e+00
20 5 1 0.83362495 5.71401105 0.82191592 1.31418766 1.00372375 2.890454401103e-03 3.727289182718e+03 2.256459055983e+00 1.204043969123e+01 4.865486833698e+00
20 6 1 0.83362495 5.71401105 0.82191592 1.31418766 1.00372375 2.905788210534e-03 3.517197821574e+03 1.804248273354e+00 1.462267592518e+01 4.685181207922e+00
20 7 1 0.83362495 5.71401105 0.82191592 1.31418766 1.00372375 1.621639942709e-03 3.445981847312e+03 2.080968026986e+00 1.242946185213e+01 4.542630446924e+00
20 8 1 0.83362495 5.71401105 0.82191592 1.31418766 1.00372375 1.982850982342e-03 3.351499289914e+03 2.090951876333e+00 1.154159504510e+01 4.338882015962e+00
20 9 1 0.83362495 5.71401105 0.82191592 1.31418766 1.00372375 9.123444965849e-04 3.170246598726e+03 1.684477067221e+00 1.306527057283e+01 4.051451285654e+00
20 10 1 0.83362495 5.71401105 0.82191592 1.31418766 1.00372375 1.055503999472e-03 3.154333316039e+03 1.783110113480e+00 1.085146383256e+01 3.867048829330e+00
20 11 1 0.83362495 5.71401105 0.82191592 1.31418766 1.00372375 7.060927903425e-04 3.011998743773e+03 1.881172601404e+00 1.075704206230e+01 3.752761200034e+00
20 12 1 0.83362495 5.71401105 0.82191592 1.31418766 1.00372375 7.127005552226e-04 2.892167904581e+03 1.525534540652e+00 1.133720827367e+01 3.556086569736e+00
20 13 1 0.83362495 5.71401105 0.82191592 1.31418766 1.00372375 9.393827062144e-04 2.878714145432e+03 1.583772955057e+00 9.887143707929e+00 3.378760797166e+00
20 14 1 0.83362495 5.71401105 0.82191592 1.31418766 1.00372375 7.397169879410e-04 2.722093665019e+03 1.744176740455e+00 9.846630631041e+00 3.282764940554e+00
20 15 1 0.83362495 5.71401105 0.82191592 1.31418766 1.00372375 1.395907337095e-03 2.674994093652e+03 1.388711759739e+00 1.035117456428e+01 3.167864468075e+00
20 16 1 0.83362495 5.71401105 0.82191592 1.31418766 1.00372375 9.511453306481e-04 2.619434487149e+03 1.386431960110e+00 8.665847244462e+00 3.063731631806e+00
20 17 1 0.83362495 5.71401105 0.82191592 1.31418766 1.00372375 1.605006564791e-03 2.495841440313e+03 1.586998688223e+00 9.249001553374e+00 2.989369875764e+00
20 18 1 0.83362495 5.71401105 0.82191592 1.31418766 1.00372375 1.358176755622e-03 2.494348931060e+03 1.312583854203e+00 9.417977056934e+00 2.857227525992e+00
20 19 1 0.83362495 5.71401105 0.82191592 1.31418766 1.00372375 1.470499533310e-03 2.397528025358e+03 1.251166535212e+00 7.730019085118e+00 2.723533776686e+00
20 20 1 0.83362495 5.71401105 0.82191592 1.31418766 1.00372375 1.796081947573e-03 2.334033144731e+03 1.443049838530e+00 8.992764826242e+00 2.654868397461e+00
20 21 1 0.83362495 5.71401105 0.82191592 1.31418766 1.00372375 1.315997809656e-03 2.332819026474e+03 1.251613093474e+00 8.359450198112e+00 2.571123471177e+00
20 22 1 0.83362495 5.71401105 0.82191592 1.31418766 1.00372375 1.969115213841e-03 2.231378399238e+03 1.123866105007e+00 7.216617948534e+00 2.483990932217e+00
20 23 1 0.83362495 5.71401105 0.82191592 1.31418766 1.00372375 1.388817916512e-03 2.224391865278e+03 1.349056739229e+00 8.675284864458e+00 2.465128888736e+00
20 24 1 0.83362495 5.71401105 0.82191592 1.31418766 1.00372375 1.688505579449e-03 2.195815738507e+03 1.227030587468e+00 7.515510389846e+00 2.461824587592e+00
20 25 1 0.83362495 5.71401105 0.82191592 1.31418766 1.00372375 1.541736839523e-03 2.126098690874e+03 1.041671392375e+00 7.173593644747e+00 2.428245459752e+00
20 26 1 0.83362495 5.71401105 0.82191592 1.31418766 1.00372375 1.130251335494e-03 2.152298778122e+03 1.252428013993e+00 8.233473267123e+00 2.374799883825e+00
20 27 1 0.83362495 5.71401105 0.82191592 1.31418766 1.00372375 1.371077507537e-03 2.100354768678e+03 1.225761542621e+00 6.904273231317e+00 2.324151430028e+00
20 28 1 0.83362495 5.71401105 0.82191592 1.31418766 1.00372375 6.787000211390e-04 2.076316496090e+03 9.868404924412e-01 7.266978573996e+00 2.345764784452e+00
20 29 1 0.83362495 5.71401105 0.82191592 1.31418766 1.00372375 8.606375789820e-04 2.109260949236e+03 1.208611917130e+00 7.938040855355e+00 2.387461745016e+00
20 30 1 0.83362495 5.71401105 0.82191592 1.31418766 1.00372375 4.562167857283e-04 2.057113824222e+03 1.271078353490e+00 6.770301400572e+00 2.307907883366e+00
20 31 1 0.83362495 5.71401105 0.82191592 1.31418766 1.00372375 4.863877028811e-04 2.077945577829e+03 9.366302788578e-01 7.268255066738e+00 2.240136888780e+00
20 32 1 0.83362495 5.71401105 0.82191592 1.31418766 1.00372375 4.791138494127e-04 2.094918795036e+03 1.180417173847e+00 7.831067301930e+00 2.365678246871e+00
20 33 1 0.83362495 5.71401105 0.82191592 1.31418766 1.00372375 4.751688669479e-04 2.068544849465e+03 1.309805900742e+00 6.721153181639e+00 2.493586411910e+00
20 34 1 0.83362495 5.71401105 0.82191592 1.31418766 1.00372375 8.721674117066e-04 2.126010959596e+03 1.011299229693e+00 7.828291213726e+00 2.463997423571e+00
20 35 1 0.83362495 5.71401105 0.82191592 1.31418766 1.00372375 6.995098392327e-04 2.113257569114e+03 1.131494464535e+00 7.660645944631e+00 2.454103809555e+00
20 36 1 0.83362495 5.71401105 0.82191592 1.31418766 1.00372375 1.410104692920e-03 2.139665866686e+03 1.335883946091e+00 6.868014206028e+00 2.547081259532e+00
20 37 1 0.83362495 5.71401105 0.82191592 1.31418766 1.00372375 1.147888104995e-03 2.203615904645e+03 1.100082552207e+00 8.473812544567e+00 2.629510709511e+00
20 38 1 0.83362495 5.71401105 0.82191592 1.31418766 1.00372375 1.602969434714e-03 2.183212064668e+03 1.160978882210e+00 7.625359187474e+00 2.675746664738e+00
20 39 1 0.83362495 5.71401105 0.82191592 1.31418766 1.00372375 1.722597102881e-03 2.264295705423e+03 1.396675759307e+00 7.612323310087e+00 2.715172423054e+00
20 40 1 0.83362495 5.71401105 0.82191592 1.31418766 1.00372375 1.451037765526e-03 2.303060987408e+03 1.225377800242e+00 8.901569107414e+00 2.781063510375e+00
20 41 1 0.83362495 5.71401105 0.82191592 1.31418766 1.00372375 2.047482786248e-03 2.317729011639e+03 1.180461885317e+00 7.812997741370e+00 2.915826196627e+00
20 42 1 0.83362495 5.71401105 0.82191592 1.31418766 1.00372375 1.372532474271e-03 2.427269557532e+03 1.483315567146e+00 8.538281506279e+00 3.051395060756e+00
20 43 1 0.83362495 5.71401105 0.82191592 1.31418766 1.00372375 1.913853487465e-03 2.437431238371e+03 1.384890162575e+00 9.538631788713e+00 3.144786286053e+00
20 44 1 0.83362495 5.71401105 0.82191592 1.31418766 1.00372375 1.541998115942e-03 2.512534120741e+03 1.268248643181e+00 8.305728827987e+00 3.282581860106e+00
20 45 1 0.83362495 5.71401105 0.82191592 1.31418766 1.00372375 1.471875490009e-03 2.618482418060e+03 1.586200922317e+00 9.546202600268e+00 3.428553856176e+00
20 46 1 0.83362495 5.71401105 0.82191592 1.31418766 1.00372375 1.703650053379e-03 2.624072138592e+03 1.550500492323e+00 1.024414731241e+01 3.502265306228e+00
20 47 1 0.83362495 5.71401105 0.82191592 1.31418766 1.00372375 1.024011437847e-03 2.759223102248e+03 1.369776948402e+00 9.019678796321e+00 3.603359249149e+00
20 48 1 0.83362495 5.71401105 0.82191592 1.31418766 1.00372375 1.493670897889e-03 2.828052752756e+03 1.726395922510e+00 1.082246013344e+01 3.756056930740e+00
20 49 1 0.83362495 5.71401105 0.82191592 1.31418766 1.00372375 7.750413094426e-04 2.880690220659e+03 1.768829927774e+00 1.117451232051e+01 3.886320632221e+00
20 50 1 0.83362495 5.71401105 0.82191592 1.31418766 1.00372375 1.009350595380e-03 3.041405657829e+03 1.529455635421e+00 9.771753430070e+00 4.068867768921e+00
20 51 1 0.83362495 5.71401105 0.82191592 1.31418766 1.00372375 7.372330714201e-04 3.067778326463e+03 1.846447974985e+00 1.258497067953e+01 4.287403341665e+00
20 52 1 0.83362495 5.71401105 0.82191592 1.31418766 1.00372375 7.702177848736e-04 3.205105236396e+03 1.973556121076e+00 1.165788198587e+01 4.412190931359e+00
20 53 1 0.83362495 5.71401105 0.82191592 1.31418766 1.00372375 1.116216597758e-03 3.343151519800e+03 1.745419930462e+00 1.130538018103e+01 4.564316628303e+00
20 54 1 0.83362495 5.71401105 0.82191592 1.31418766 1.00372375 1.002411198539e-03 3.364978036155e+03 2.022422408600e+00 1.452239121539e+01 4.826537140411e+00
20 55 1 0.83362495 5.71401105 0.82191592 1.31418766 1.00372375 2.141081597772e-03 3.576002243564e+03 2.251712820818e+00 1.181000001075e+01 4.996968310261e+00
20 56 1 0.83362495 5.71401105 0.82191592 1.31418766 1.00372375 1.747556982777e-03 3.661010626381e+03 1.931446113231e+00 1.368606438366e+01 5.069091112092e+00
20 57 1 0.83362495 5.71401105 0.82191592 1.31418766 1.00372375 3.159095592977e-03 3.740445820538e+03 2.166505742560e+00 1.566769618811e+01 5.217197359613e+00
20 58 1 0.83362495 5.71401105 0.82191592 1.31418766 1.00372375 3.072135588498e-03 3.973247104309e+03 2.618496801427e+00 1.298983261000e+01 5.402602740148e+00
20 59 1 0.83362495 5.71401105 0.82191592 1.31418766 1.00372375 3.322743452685e-03 4.005592992168e+03 2.232823399046e+00 1.635431606786e+01 5.598781756577e+00
20 60 1 0.83362495 5.71401105 0.82191592 1.31418766 1.00372375 4.244606025266e-03 4.194103101851e+03 2.295159898875e+00 1.610144331390e+01 5.874157361297e+00
20 61 1 0.83362495 5.71401105 0.82191592 1.31418766 1.00372375 2.981533684481e-03 4.376894512526e+03 2.898395852209e+00 1.495282131282e+01 6.125465179145e+00
20 62 1 0.83362495 5.71401105 0.82191592 1.31418766 1.00372375 4.185516970434e-03 4.413944595143e+03 2.611530520038e+00 1.865358034715e+01 6.268679779198e+00
20 63 1 0.83362495 5.71401105 0.82191592 1.31418766 1.00372375 2.864831589954e-03 4.691677520791e+03 2.489428304565e+00 1.737588865581e+01 6.401924344020e+00
26 0 1 1.44721315 2.85275428 0.71961427 0.95004507 1.12171857 5.426053102976e-03 3.346024844390e+02 1.502943437449e+00 3.917154138692e+00 8.606030763819e+00
26 1 1 1.44721315 2.85275428 0.71961427 0.95004507 1.12171857 5.878587727123e-03 3.218820490768e+02 1.564313873365e+00 5.009630099943e+00 8.362059906557e+00
26 2 1 1.44721315 2.85275428 0.71961427 0.95004507 1.12171857 4.938521170279e-03 3.105392352136e+02 1.471454105198e+00 4.150150415944e+00 8.177884488199e+00
26 3 1 1.44721315 2.85275428 0.71961427 0.95004507 1.12171857 4.396736301167e-03 2.991549036880e+02 1.392758313058e+00 4.394935282480e+00 7.988490217191e+00
26 4 1 1.44721315 2.85275428 0.71961427 0.95004507 1.12171857 5.027070037467e-03 2.891303532188e+02 1.283492481210e+00 3.861434045939e+00 7.812701221422e+00
26 5 1 1.44721315 2.85275428 0.71961427 0.95004507 1.12171857 4.906899708049e-03 2.802003870894e+02 1.179796663585e+00 3.451497119497e+00 7.647636319265e+00
26 6 1 1.44721315 2.85275428 0.71961427 0.95004507 1.12171857 3.968607081190e-03 2.713964299141e+02 1.159734471189e+00 3.673879014195e+00 7.457217545889e+00
26 7 1 1.44721315 2.85275428 0.71961427 0.95004507 1.12171857 4.017935659221e-03 2.609092860563e+02 1.172220114163e+00 3.412059323275e+00 7.214937123897e+00
26 8 1 1.44721315 2.85275428 0.71961427 0.95004507 1.12171857 4.507530616685e-03 2.508520169389e+02 1.172909051432e+00 3.981802869288e+00 6.875325608956e+00
26 9 1 1.44721315 2.85275428 0.71961427 0.95004507 1.12171857 3.947201038507e-03 2.416531279246e+02 1.147608988938e+00 3.190321978509e+00 6.447821264237e+00
26 10 1 1.44721315 2.85275428 0.71961427 0.95004507 1.12171857 3.348049812595e-03 2.346139983329e+02 1.105025078327e+00 3.496590280941e+00 6.059154553194e+00
26 11 1 1.44721315 2.85275428 0.71961427 0.95004507 1.12171857 3.752337819799e-03 2.280221252161e+02 9.797932238141e-01 2.630771800751e+00 5.822545041366e+00
26 12 1 1.44721315 2.85275428 0.71961427 0.95004507 1.12171857 3.868883685897e-03 2.193637531573e+02 9.105364538742e-01 2.942993867853e+00 5.731447512648e+00
26 13 1 1.44721315 2.85275428 0.71961427 0.95004507 1.12171857 3.164173949967e-03 2.118839948401e+02 9.114121181636e-01 2.531389232647e+00 5.687972668003e+00
26 14 1 1.44721315 2.85275428 0.71961427 0.95004507 1.12171857 3.020218248688e-03 2.055601586346e+02 9.622157020861e-01 3.076380026222e+00 5.584768657657e+00
26 15 1 1.44721315 2.85275428 0.71961427 0.95004507 1.12171857 3.468058916169e-03 2.001138104611e+02 9.563390511195e-01 2.803642276568e+00 5.398124854980e+00
26 16 1 1.44721315 2.85275428 0.71961427 0.95004507 1.12171857 3.207009717030e-03 1.949745079869e+02 9.341920504166e-01 2.754231982634e+00 5.174752462404e+00
26 17 1 1.44721315 2.85275428 0.71961427 0.95004507 1.12171857 2.646909351797e-03 1.872710339056e+02 8.466061466294e-01 2.431373841142e+00 4.927057351886e+00
26 18 1 1.44721315 2.85275428 0.71961427 0.95004507 1.12171857 2.868434742282e-03 1.819522007364e+02 7.507267345160e-01 2.302712447805e+00 4.653422008428e+00
26 19 1 1.44721315 2.85275428 0.71961427 0.95004507 1.12171857 3.121797072562e-03 1.780852533649e+02 7.066029620408e-01 2.336351410791e+00 4.399232818959e+00
26 20 1 1.44721315 2.85275428 0.71961427 0.95004507 1.12171857 2.642335232598e-03 1.737924863554e+02 6.973723009678e-01 2.307668438860e+00 4.213314521357e+00
26 21 1 1.44721315 2.85275428 0.71961427 0.95004507 1.12171857 2.396685217282e-03 1.714133874513e+02 7.608834713961e-01 2.513022826322e+00 4.121973580293e+00
26 22 1 1.44721315 2.85275428 0.71961427 0.95004507 1.12171857 2.782744731903e-03 1.680311898286e+02 7.706086952547e-01 2.110552518947e+00 4.130733930162e+00
26 23 1 1.44721315 2.85275428 0.71961427 0.95004507 1.12171857 2.746496413789e-03 1.628357160087e+02 8.029880783958e-01 2.294344199728e+00 4.195222520450e+00
26 24 1 1.44721315 2.85275428 0.71961427 0.95004507 1.12171857 2.264988035596e-03 1.595337569573e+02 7.454961380259e-01 1.743184895982e+00 4.245419715879e+00
26 25 1 1.44721315 2.85275428 0.71961427 0.95004507 1.12171857 2.356633184826e-03 1.574004885108e+02 6.867826271866e-01 2.266570314545e+00 4.242994651379e+00
26 26 1 1.44721315 2.85275428 0.71961427 0.95004507 1.12171857 2.697763824213e-03 1.557130117784e+02 6.598868717971e-01 1.964977918723e+00 4.172871988323e+00
26 27 1 1.44721315 2.85275428 0.71961427 0.95004507 1.12171857 2.412884697409e-03 1.560974550573e+02 6.562981514960e-01 2.432033282881e+00 4.028346325648e+00
26 28 1 1.44721315 2.85275428 0.71961427 0.95004507 1.12171857 2.115032822631e-03 1.549897875739e+02 6.738071673225e-01 2.006492939211e+00 3.811617891601e+00
26 29 1 1.44721315 2.85275428 0.71961427 0.95004507 1.12171857 2.450933632961e-03 1.538034097941e+02 6.805087621397e-01 2.094828294572e+00 3.547786113961e+00
26 30 1 1.44721315 2.85275428 0.71961427 0.95004507 1.12171857 2.596744718112e-03 1.515909157178e+02 7.011151552518e-01 1.855859058804e+00 3.349268453470e+00
26 31 1 1.44721315 2.85275428 0.71961427 0.95004507 1.12171857 2.195680683326e-03 1.487537310086e+02 6.017436072312e-01 1.713611681061e+00 3.374442020360e+00
26 32 1 1.44721315 2.85275428 0.71961427 0.95004507 1.12171857 2.189362996806e-03 1.527643968906e+02 6.412710911427e-01 2.115442694861e+00 3.649263404648e+00
26 33 1 1.44721315 2.85275428 0.71961427 0.95004507 1.12171857 2.609888011179e-03 1.559224332950e+02 6.456816107772e-01 2.084857970657e+00 4.015790596644e+00
26 34 1 1.44721315 2.85275428 0.71961427 0.95004507 1.12171857 2.499369965826e-03 1.558742677819e+02 6.632438028449e-01 2.418076412553e+00 4.285644830963e+00
26 35 1 1.44721315 2.85275428 0.71961427 0.95004507 1.12171857 2.157542457621e-03 1.565998407152e+02 7.356086150640e-01 1.911057351847e+00 4.379780226187e+00
26 36 1 1.44721315 2.85275428 0.71961427 0.95004507 1.12171857 2.454144142126e-03 1.570143346382e+02 7.608962707359e-01 2.271811233237e+00 4.344843916116e+00
26 37 1 1.44721315 2.85275428 0.71961427 0.95004507 1.12171857 2.779191753384e-03 1.588500554925e+02 7.652413836070e-01 1.781481883649e+00 4.270459257235e+00
26 38 1 1.44721315 2.85275428 0.71961427 0.95004507 1.12171857 2.452397468791e-03 1.628844058529e+02 7.234507798742e-01 2.261830907547e+00 4.195951895293e+00
26 39 1 1.44721315 2.85275428 0.71961427 0.95004507 1.12171857 2.342797249235e-03 1.664890090942e+02 7.099901371317e-01 2.077577482585e+00 4.145408488220e+00
26 40 1 1.44721315 2.85275428 0.71961427 0.95004507 1.12171857 2.850187894721e-03 1.712679737925e+02 6.737676991946e-01 2.529050103731e+00 4.174525368479e+00
26 41 1 1.44721315 2.85275428 0.71961427 0.95004507 1.12171857 2.927211375202e-03 1.750372727425e+02 7.168117927480e-01 2.287490829792e+00 4.313846575647e+00
26 42 1 1.44721315 2.85275428 0.71961427 0.95004507 1.12171857 2.526679060032e-03 1.768579966457e+02 7.749539205090e-01 2.337741209724e+00 4.545401363627e+00
26 43 1 1.44721315 2.85275428 0.71961427 0.95004507 1.12171857 2.766215618436e-03 1.816321226335e+02 8.262183476591e-01 2.366376669814e+00 4.831648609220e+00
26 44 1 1.44721315 2.85275428 0.71961427 0.95004507 1.12171857 3.297027921397e-03 1.870322408181e+02 8.754010563854e-01 2.397535876863e+00 5.108067835434e+00
26 45 1 1.44721315 2.85275428 0.71961427 0.95004507 1.12171857 3.061017298894e-03 1.928068168656e+02 8.706740618380e-01 2.813953890214e+00 5.316444820522e+00
26 46 1 1.44721315 2.85275428 0.71961427 0.95004507 1.12171857 2.807680025837e-03 2.003231893707e+02 8.970464131153e-01 2.650828553960e+00 5.461314197619e+00
26 47 1 1.44721315 2.85275428 0.71961427 0.95004507 1.12171857 3.393898832580e-03 2.060848642451e+02 8.893873069103e-01 3.070709739710e+00 5.567973788344e+00
26 48 1 1.44721315 2.85275428 0.71961427 0.95004507 1.12171857 3.711600302719e-03 2.109919400831e+02 9.572986874185e-01 2.560530526245e+00 5.647257801681e+00
26 49 1 1.44721315 2.85275428 0.71961427 0.95004507 1.12171857 3.244400713484e-03 2.181589514306e+02 9.893733947035e-01 2.962162028184e+00 5.714967847125e+00
26 50 1 1.44721315 2.85275428 0.71961427 0.95004507 1.12171857 3.365626525597e-03 2.260280407339e+02 1.037634600841e+00 2.617862257531e+00 5.803131332032e+00
26 51 1 1.44721315 2.85275428 0.71961427 0.95004507 1.12171857 4.132207447917e-03 2.351048952444e+02 1.068525076452e+00 3.524475786087e+00 5.987330710873e+00
26 52 1 1.44721315 2.85275428 0.71961427 0.95004507 1.12171857 4.048431025966e-03 2.417917905402e+02 1.094480285659e+00 3.193601638574e+00 6.329827602182e+00
26 53 1 1.44721315 2.85275428 0.71961427 0.95004507 1.12171857 3.595755402514e-03 2.492714489812e+02 1.087181089657e+00 3.852758448641e+00 6.747903182337e+00
26 54 1 1.44721315 2.85275428 0.71961427 0.95004507 1.12171857 4.209054637059e-03 2.598427506847e+02 1.095005249147e+00 3.415754168548e+00 7.077276153717e+00
26 55 1 1.44721315 2.85275428 0.71961427 0.95004507 1.12171857 4.848163099976e-03 2.701939564349e+02 1.202580945454e+00 3.697543887563e+00 7.259431571835e+00
26 56 1 1.44721315 2.85275428 0.71961427 0.95004507 1.12171857 4.345321489563e-03 2.795437906029e+02 1.289864915915e+00 3.574404332476e+00 7.346819622370e+00
26 57 1 1.44721315 2.85275428 0.71961427 0.95004507 1.12171857 4.246950858210e-03 2.887909562173e+02 1.356741946730e+00 3.715470661283e+00 7.429967113983e+00
26 58 1 1.44721315 2.85275428 0.71961427 0.95004507 1.12171857 5.248890896090e-03 2.982918614469e+02 1.393699863996e+00 4.373654172437e+00 7.589029627790e+00
26 59 1 1.44721315 2.85275428 0.71961427 0.95004507 1.12171857 5.429948788346e-03 3.087607413871e+02 1.427668685955e+00 4.090491138567e+00 7.826379971253e+00
26 60 1 1.44721315 2.85275428 0.71961427 0.95004507 1.12171857 4.740093581673e-03 3.214254012120e+02 1.404179730464e+00 4.912690374183e+00 8.104149030954e+00
26 61 1 1.44721315 2.85275428 0.71961427 0.95004507 1.12171857 5.269110251650e-03 3.333769219970e+02 1.497818905550e+00 4.053731486551e+00 8.425778837120e+00
26 62 1 1.44721315 2.85275428 0.71961427 0.95004507 1.12171857 6.308809504154e-03 3.462068776564e+02 1.566667677678e+00 5.148415274342e+00 8.809172346444e+00
26 63 1 1.44721315 2.85275428 0.71961427 0.95004507 1.12171857 5.865200369333e-03 3.588569846985e+02 1.648656058174e+00 4.242881347884e+00 9.261220232155e+00
29 0 1 0.46326990 0.88248395 0.65339796 0.91489262 0.62205117 6.122157372490e-04 3.280844945031e+00 8.539419015860e-04 3.926604402233e-03 5.067499346409e-04
29 1 1 0.46326990 0.88248395 0.65339796 0.91489262 0.62205117 5.960749389636e-04 3.120990182584e+00 7.953742178480e-04 1.359631280814e-03 9.012596771367e-04
29 2 1 0.46326990 0.88248395 0.65339796 0.91489262 0.62205117 5.592444201798e-04 2.945508405162e+00 3.669790392987e-04 3.173253071677e-03 4.230230385405e-04
29 3 1 0.46326990 0.88248395 0.65339796 0.91489262 0.62205117 5.021360029601e-04 2.859118146429e+00 9.067147618128e-04 2.716470079664e-03 6.319785664690e-04
29 4 1 0.46326990 0.88248395 0.65339796 0.91489262 0.62205117 4.291720028308e-04 2.797385293521e+00 2.855713960247e-04 2.915553645040e-03 8.875020129117e-04
29 5 1 0.46326990 0.88248395 0.65339796 0.91489262 0.62205117 3.481620438679e-04 2.745956557342e+00 2.955766100481e-04 4.287474277643e-03 1.117778935503e-03
29 6 1 0.46326990 0.88248395 0.65339796 0.91489262 0.62205117 2.687647921119e-04 2.643257952455e+00 3.782793634174e-04 3.678654001251e-03 1.473007038701e-03
29 7 1 0.46326990 0.88248395 0.65339796 0.91489262 0.62205117 2.004649211091e-04 2.483959180380e+00 2.711109812160e-04 3.355516092934e-03 1.809432842265e-03
29 8 1 0.46326990 0.88248395 0.65339796 0.91489262 0.62205117 1.506139679849e-04 2.388749320227e+00 3.555398491417e-04 3.047285403036e-03 2.460536050011e-03
29 9 1 0.46326990 0.88248395 0.65339796 0.91489262 0.62205117 1.230396801831e-04 2.287653572418e+00 6.576772688792e-04 2.800702168361e-03 1.907970628669e-03
29 10 1 0.46326990 0.88248395 0.65339796 0.91489262 0.62205117 1.175460420051e-04 2.214135358352e+00 4.733596655604e-04 3.281223781524e-03 1.344569910926e-03
29 11 1 0.46326990 0.88248395 0.65339796 0.91489262 0.62205117 1.303672711294e-04 2.195625310611e+00 7.401523642876e-04 3.131594176415e-03 2.272012325953e-03
29 12 1 0.46326990 0.88248395 0.65339796 0.91489262 0.62205117 1.553823705314e-04 2.093015463494e+00 6.346098323726e-04 4.575498185946e-03 2.771422120040e-03
29 13 1 0.46326990 0.88248395 0.65339796 0.91489262 0.62205117 1.857137798082e-04 2.063495825057e+00 6.567491706642e-04 3.582715566896e-03 2.062982701495e-03
29 14 1 0.46326990 0.88248395 0.65339796 0.91489262 0.62205117 2.152687706974e-04 2.010210684450e+00 9.209129004045e-04 4.006662869672e-03 1.261246384573e-03
29 15 1 0.46326990 0.88248395 0.65339796 0.91489262 0.62205117 2.398427884633e-04 1.870609335224e+00 4.147581742836e-04 2.724270518529e-03 1.178791037119e-03
29 16 1 0.46326990 0.88248395 0.65339796 0.91489262 0.62205117 2.575615460991e-04 1.827624550181e+00 1.164070155113e-03 2.419311306549e-03 1.058577191234e-03
29 17 1 0.46326990 0.88248395 0.65339796 0.91489262 0.62205117 2.686406815235e-04 1.723861934605e+00 4.074341258840e-04 1.229895528032e-03 8.277606353356e-04
29 18 1 0.46326990 0.88248395 0.65339796 0.91489262 0.62205117 2.746284703033e-04 1.690952498970e+00 6.836840587326e-04 1.844962679375e-03 8.201808780824e-04
29 19 1 0.46326990 0.88248395 0.65339796 0.91489262 0.62205117 2.774190083405e-04 1.727122836828e+00 6.470740069729e-04 1.512297786591e-03 4.297290215478e-04
29 20 1 0.46326990 0.88248395 0.65339796 0.91489262 0.62205117 2.783538513244e-04 1.657100825411e+00 3.878652765983e-04 1.668068811224e-03 2.147775863411e-04
29 21 1 0.46326990 0.88248395 0.65339796 0.91489262 0.62205117 2.776703823766e-04 1.606578691433e+00 2.346310277587e-04 3.413763370463e-03 2.862301056296e-04
29 22 1 0.46326990 0.88248395 0.65339796 0.91489262 0.62205117 2.744305127902e-04 1.544903382840e+00 4.937094755588e-04 1.976411021670e-03 2.186893649311e-04
29 23 1 0.46326990 0.88248395 0.65339796 0.91489262 0.62205117 2.669137292128e-04 1.434347618769e+00 2.455747200081e-05 3.000096180909e-03 3.614006779848e-04
29 24 1 0.46326990 0.88248395 0.65339796 0.91489262 0.62205117 2.533263537235e-04 1.441845929266e+00 2.285412101128e-04 2.582508854214e-03 5.909260468852e-04
29 25 1 0.46326990 0.88248395 0.65339796 0.91489262 0.62205117 2.325975132028e-04 1.445905456446e+00 9.789144683866e-05 2.192530643364e-03 4.539881711513e-04
29 26 1 0.46326990 0.88248395 0.65339796 0.91489262 0.62205117 2.050184972008e-04 1.414829804531e+00 8.168787480154e-05 1.565321352794e-03 5.890856294277e-04
29 27 1 0.46326990 0.88248395 0.65339796 0.91489262 0.62205117 1.725338682920e-04 1.482013547107e+00 1.898261814761e-04 1.930884350406e-03 1.135302775493e-03
29 28 1 0.46326990 0.88248395 0.65339796 0.91489262 0.62205117 1.385917283834e-04 1.412200664644e+00 9.320280157979e-05 7.900205835776e-04 8.501619827201e-04
29 29 1 0.46326990 0.88248395 0.65339796 0.91489262 0.62205117 1.075789264363e-04 1.375124917077e+00 1.917870525377e-04 1.898555004449e-03 1.357242891758e-03
29 30 1 0.46326990 0.88248395 0.65339796 0.91489262 0.62205117 8.397448666951e-05 1.390603105300e+00 2.121837632751e-04 1.063962592649e-03 2.245097052591e-03
29 31 1 0.46326990 0.88248395 0.65339796 0.91489262 0.62205117 7.142576575101e-05 1.324553476732e+00 3.601032129506e-04 1.864460977332e-03 8.740455944307e-04
29 32 1 0.46326990 0.88248395 0.65339796 0.91489262 0.62205117 7.197138713434e-05 1.421390971116e+00 3.377933995465e-04 1.808362377842e-03 8.831540922843e-04
29 33 1 0.46326990 0.88248395 0.65339796 0.91489262 0.62205117 8.559984057683e-05 1.470317165756e+00 2.220911458392e-04 1.066176055677e-03 2.258578125208e-03
29 34 1 0.46326990 0.88248395 0.65339796 0.91489262 0.62205117 1.102520187372e-04 1.471649763172e+00 1.837601611859e-04 1.872836394223e-03 1.370518842998e-03
29 35 1 0.46326990 0.88248395 0.65339796 0.91489262 0.62205117 1.422690054655e-04 1.545750949226e+00 9.284785461715e-05 7.513095168886e-04 8.718407638926e-04
29 36 1 0.46326990 0.88248395 0.65339796 0.91489262 0.62205117 1.771780865388e-04 1.498877913021e+00 1.842671883209e-04 1.922923873821e-03 1.158893299425e-03
29 37 1 0.46326990 0.88248395 0.65339796 0.91489262 0.62205117 2.106259540339e-04 1.502351593184e+00 8.544564178567e-05 1.531682617584e-03 6.066941621684e-04
29 38 1 0.46326990 0.88248395 0.65339796 0.91489262 0.62205117 2.392295114499e-04 1.579940415764e+00 9.512616006863e-05 2.199454084417e-03 4.694809228677e-04
29 39 1 0.46326990 0.88248395 0.65339796 0.91489262 0.62205117 2.611330647102e-04 1.587396500053e+00 2.343685398022e-04 2.582507804898e-03 6.138122281616e-04
29 40 1 0.46326990 0.88248395 0.65339796 0.91489262 0.62205117 2.761344464637e-04 1.709686033337e+00 2.311372604028e-05 3.006872976138e-03 3.766362597040e-04
29 41 1 0.46326990 0.88248395 0.65339796 0.91489262 0.62205117 2.853561669861e-04 1.797301766766e+00 5.116903660894e-04 1.964423964502e-03 2.285988824305e-04
29 42 1 0.46326990 0.88248395 0.65339796 0.91489262 0.62205117 2.905636695863e-04 1.790210884272e+00 2.452535093829e-04 3.420605569548e-03 3.019740506587e-04
29 43 1 0.46326990 0.88248395 0.65339796 0.91489262 0.62205117 2.933378046738e-04 1.854800973899e+00 3.963694222798e-04 1.626935179237e-03 2.228911904338e-04
29 44 1 0.46326990 0.88248395 0.65339796 0.91489262 0.62205117 2.943615666704e-04 1.837851557143e+00 6.784500671074e-04 1.503509514582e-03 4.584419121565e-04
29 45 1 0.46326990 0.88248395 0.65339796 0.91489262 0.62205117 2.930620328257e-04 1.879116176271e+00 6.993137580941e-04 1.834298722202e-03 8.635501719000e-04
29 46 1 0.46326990 0.88248395 0.65339796 0.91489262 0.62205117 2.877558104509e-04 2.024128658408e+00 4.205221943661e-04 1.296687639731e-03 8.762010072837e-04
29 47 1 0.46326990 0.88248395 0.65339796 0.91489262 0.62205117 2.762999807181e-04 2.092837927940e+00 1.199447022717e-03 2.577415571803e-03 1.133701175810e-03
29 48 1 0.46326990 0.88248395 0.65339796 0.91489262 0.62205117 2.570886279955e-04 2.182181317043e+00 4.214925532427e-04 2.860802765538e-03 1.247454696234e-03
29 49 1 0.46326990 0.88248395 0.65339796 0.91489262 0.62205117 2.301048456456e-04 2.264598619884e+00 9.418219617973e-04 4.322437824858e-03 1.349753429972e-03
29 50 1 0.46326990 0.88248395 0.65339796 0.91489262 0.62205117 1.976828634982e-04 2.262190042725e+00 6.724618358213e-04 3.753059854344e-03 2.208490964484e-03
29 51 1 0.46326990 0.88248395 0.65339796 0.91489262 0.62205117 1.646800925364e-04 2.365956885493e+00 6.357620618079e-04 4.787091045132e-03 2.958740065162e-03
29 52 1 0.46326990 0.88248395 0.65339796 0.91489262 0.62205117 1.379020168185e-04 2.445397017583e+00 7.502667350471e-04 3.348645961870e-03 2.437480096039e-03
29 53 1 0.46326990 0.88248395 0.65339796 0.91489262 0.62205117 1.248311151277e-04 2.502450789009e+00 4.768371982114e-04 3.413421559117e-03 1.442585643308e-03
29 54 1 0.46326990 0.88248395 0.65339796 0.91489262 0.62205117 1.319277128387e-04 2.680305685138e+00 6.531019045560e-04 3.051162803592e-03 2.046155731756e-03
29 55 1 0.46326990 0.88248395 0.65339796 0.91489262 0.62205117 1.629303834260e-04 2.774368798059e+00 3.659418220722e-04 3.372082371328e-03 2.637379735891e-03
29 56 1 0.46326990 0.88248395 0.65339796 0.91489262 0.62205117 2.176314532586e-04 2.932613875745e+00 2.532997026464e-04 3.631209119601e-03 1.946924380467e-03
29 57 1 0.46326990 0.88248395 0.65339796 0.91489262 0.62205117 2.915134900575e-04 3.030593569898e+00 3.906557983402e-04 4.099761178817e-03 1.583750412762e-03
29 58 1 0.46326990 0.88248395 0.65339796 0.91489262 0.62205117 3.764195887931e-04 3.069882738203e+00 2.845037640441e-04 4.670689866808e-03 1.193550260081e-03
29 59 1 0.46326990 0.88248395 0.65339796 0.91489262 0.62205117 4.621475880039e-04 3.175571040148e+00 2.831114901741e-04 3.107767525201e-03 9.600392636078e-04
29 60 1 0.46326990 0.88248395 0.65339796 0.91489262 0.62205117 5.385863222535e-04 3.304159079911e+00 9.316116228346e-04 2.983329033943e-03 6.762471494459e-04
29 61 1 0.46326990 0.88248395 0.65339796 0.91489262 0.62205117 5.978346380380e-04 3.532827262685e+00 3.602265292762e-04 3.342573936549e-03 4.527233963127e-04
29 62 1 0.46326990 0.88248395 0.65339796 0.91489262 0.62205117 6.357228011212e-04 3.686190232854e+00 7.888645659893e-04 1.486671672891e-03 9.735283172457e-04
29 63 1 0.46326990 0.88248395 0.65339796 0.91489262 0.62205117 6.523089979730e-04 3.843540514506e+00 8.564759396929e-04 4.270640914668e-03 5.377262550067e-04
